solid LIGGGHTS_STL_EXPORT
  facet normal 0.992558 -0.120519 -0.0174596
    outer loop
      vertex 0.033983 -0.00837605 0.006
      vertex 0.035 0 0.006
      vertex 0.0347448 -0.00421878 0.0206139
    endloop
  endfacet
  facet normal 0.970794 -0.239279 0.0174592
    outer loop
      vertex 0.033983 -0.00837605 0.006
      vertex 0.0347448 -0.00421878 0.0206139
      vertex 0.0327256 -0.0124112 0.0206139
    endloop
  endfacet
  facet normal 0.934874 -0.354551 -0.0174597
    outer loop
      vertex 0.030991 -0.0162653 0.006
      vertex 0.033983 -0.00837605 0.006
      vertex 0.0327256 -0.0124112 0.0206139
    endloop
  endfacet
  facet normal 0.885321 -0.464653 0.0174595
    outer loop
      vertex 0.0288044 -0.0198823 0.0206139
      vertex 0.030991 -0.0162653 0.006
      vertex 0.0327256 -0.0124112 0.0206139
    endloop
  endfacet
  facet normal 0.822858 -0.567979 -0.0174596
    outer loop
      vertex 0.0261979 -0.0232093 0.006
      vertex 0.030991 -0.0162653 0.006
      vertex 0.0288044 -0.0198823 0.0206139
    endloop
  endfacet
  facet normal 0.748396 -0.663022 0.0174593
    outer loop
      vertex 0.0232093 -0.0261979 0.0206139
      vertex 0.0261979 -0.0232093 0.006
      vertex 0.0288044 -0.0198823 0.0206139
    endloop
  endfacet
  facet normal 0.663022 -0.748396 -0.0174593
    outer loop
      vertex 0.0198823 -0.0288044 0.006
      vertex 0.0261979 -0.0232093 0.006
      vertex 0.0232093 -0.0261979 0.0206139
    endloop
  endfacet
  facet normal 0.567979 -0.822858 0.0174596
    outer loop
      vertex 0.0162653 -0.030991 0.0206139
      vertex 0.0198823 -0.0288044 0.006
      vertex 0.0232093 -0.0261979 0.0206139
    endloop
  endfacet
  facet normal 0.464653 -0.885321 -0.0174595
    outer loop
      vertex 0.0124112 -0.0327256 0.006
      vertex 0.0198823 -0.0288044 0.006
      vertex 0.0162653 -0.030991 0.0206139
    endloop
  endfacet
  facet normal 0.354551 -0.934874 0.0174597
    outer loop
      vertex 0.00837605 -0.033983 0.0206139
      vertex 0.0124112 -0.0327256 0.006
      vertex 0.0162653 -0.030991 0.0206139
    endloop
  endfacet
  facet normal 0.239279 -0.970794 -0.0174592
    outer loop
      vertex 0.00421878 -0.0347448 0.006
      vertex 0.0124112 -0.0327256 0.006
      vertex 0.00837605 -0.033983 0.0206139
    endloop
  endfacet
  facet normal 0.120519 -0.992558 0.0174596
    outer loop
      vertex -2.53103e-18 -0.035 0.0206139
      vertex 0.00421878 -0.0347448 0.006
      vertex 0.00837605 -0.033983 0.0206139
    endloop
  endfacet
  facet normal 0 -0.999848 -0.0174595
    outer loop
      vertex -0.00421878 -0.0347448 0.006
      vertex 0.00421878 -0.0347448 0.006
      vertex -2.53103e-18 -0.035 0.0206139
    endloop
  endfacet
  facet normal -0.120519 -0.992558 0.0174596
    outer loop
      vertex -0.00837605 -0.033983 0.0206139
      vertex -0.00421878 -0.0347448 0.006
      vertex -2.53103e-18 -0.035 0.0206139
    endloop
  endfacet
  facet normal -0.239279 -0.970794 -0.0174592
    outer loop
      vertex -0.0124112 -0.0327256 0.006
      vertex -0.00421878 -0.0347448 0.006
      vertex -0.00837605 -0.033983 0.0206139
    endloop
  endfacet
  facet normal -0.354551 -0.934874 0.0174597
    outer loop
      vertex -0.0162653 -0.030991 0.0206139
      vertex -0.0124112 -0.0327256 0.006
      vertex -0.00837605 -0.033983 0.0206139
    endloop
  endfacet
  facet normal -0.464653 -0.885321 -0.0174595
    outer loop
      vertex -0.0198823 -0.0288044 0.006
      vertex -0.0124112 -0.0327256 0.006
      vertex -0.0162653 -0.030991 0.0206139
    endloop
  endfacet
  facet normal -0.567979 -0.822858 0.0174596
    outer loop
      vertex -0.0232093 -0.0261979 0.0206139
      vertex -0.0198823 -0.0288044 0.006
      vertex -0.0162653 -0.030991 0.0206139
    endloop
  endfacet
  facet normal -0.663022 -0.748396 -0.0174593
    outer loop
      vertex -0.0261979 -0.0232093 0.006
      vertex -0.0198823 -0.0288044 0.006
      vertex -0.0232093 -0.0261979 0.0206139
    endloop
  endfacet
  facet normal -0.748396 -0.663022 0.0174593
    outer loop
      vertex -0.0288044 -0.0198823 0.0206139
      vertex -0.0261979 -0.0232093 0.006
      vertex -0.0232093 -0.0261979 0.0206139
    endloop
  endfacet
  facet normal -0.822858 -0.567979 -0.0174596
    outer loop
      vertex -0.030991 -0.0162653 0.006
      vertex -0.0261979 -0.0232093 0.006
      vertex -0.0288044 -0.0198823 0.0206139
    endloop
  endfacet
  facet normal -0.885321 -0.464653 0.0174595
    outer loop
      vertex -0.0327256 -0.0124112 0.0206139
      vertex -0.030991 -0.0162653 0.006
      vertex -0.0288044 -0.0198823 0.0206139
    endloop
  endfacet
  facet normal -0.934874 -0.354551 -0.0174597
    outer loop
      vertex -0.033983 -0.00837605 0.006
      vertex -0.030991 -0.0162653 0.006
      vertex -0.0327256 -0.0124112 0.0206139
    endloop
  endfacet
  facet normal -0.970794 -0.239279 0.0174592
    outer loop
      vertex -0.0347448 -0.00421878 0.0206139
      vertex -0.033983 -0.00837605 0.006
      vertex -0.0327256 -0.0124112 0.0206139
    endloop
  endfacet
  facet normal -0.992558 -0.120519 -0.0174596
    outer loop
      vertex -0.035 -3.53725e-17 0.006
      vertex -0.033983 -0.00837605 0.006
      vertex -0.0347448 -0.00421878 0.0206139
    endloop
  endfacet
  facet normal -0.999848 6.51071e-18 0.0174595
    outer loop
      vertex -0.0347448 0.00421878 0.0206139
      vertex -0.035 -3.53725e-17 0.006
      vertex -0.0347448 -0.00421878 0.0206139
    endloop
  endfacet
  facet normal -0.992558 0.120519 -0.0174596
    outer loop
      vertex -0.033983 0.00837605 0.006
      vertex -0.035 -3.53725e-17 0.006
      vertex -0.0347448 0.00421878 0.0206139
    endloop
  endfacet
  facet normal -0.970794 0.239279 0.0174592
    outer loop
      vertex -0.0327256 0.0124112 0.0206139
      vertex -0.033983 0.00837605 0.006
      vertex -0.0347448 0.00421878 0.0206139
    endloop
  endfacet
  facet normal -0.934874 0.354551 -0.0174597
    outer loop
      vertex -0.030991 0.0162653 0.006
      vertex -0.033983 0.00837605 0.006
      vertex -0.0327256 0.0124112 0.0206139
    endloop
  endfacet
  facet normal -0.885321 0.464653 0.0174595
    outer loop
      vertex -0.0288044 0.0198823 0.0206139
      vertex -0.030991 0.0162653 0.006
      vertex -0.0327256 0.0124112 0.0206139
    endloop
  endfacet
  facet normal -0.822858 0.567979 -0.0174596
    outer loop
      vertex -0.0261979 0.0232093 0.006
      vertex -0.030991 0.0162653 0.006
      vertex -0.0288044 0.0198823 0.0206139
    endloop
  endfacet
  facet normal -0.748396 0.663022 0.0174593
    outer loop
      vertex -0.0232093 0.0261979 0.0206139
      vertex -0.0261979 0.0232093 0.006
      vertex -0.0288044 0.0198823 0.0206139
    endloop
  endfacet
  facet normal -0.663022 0.748396 -0.0174593
    outer loop
      vertex -0.0198823 0.0288044 0.006
      vertex -0.0261979 0.0232093 0.006
      vertex -0.0232093 0.0261979 0.0206139
    endloop
  endfacet
  facet normal -0.567979 0.822858 0.0174596
    outer loop
      vertex -0.0162653 0.030991 0.0206139
      vertex -0.0198823 0.0288044 0.006
      vertex -0.0232093 0.0261979 0.0206139
    endloop
  endfacet
  facet normal -0.464653 0.885321 -0.0174595
    outer loop
      vertex -0.0124112 0.0327256 0.006
      vertex -0.0198823 0.0288044 0.006
      vertex -0.0162653 0.030991 0.0206139
    endloop
  endfacet
  facet normal -0.354551 0.934874 0.0174597
    outer loop
      vertex -0.00837605 0.033983 0.0206139
      vertex -0.0124112 0.0327256 0.006
      vertex -0.0162653 0.030991 0.0206139
    endloop
  endfacet
  facet normal -0.239279 0.970794 -0.0174592
    outer loop
      vertex -0.00421878 0.0347448 0.006
      vertex -0.0124112 0.0327256 0.006
      vertex -0.00837605 0.033983 0.0206139
    endloop
  endfacet
  facet normal -0.120519 0.992558 0.0174596
    outer loop
      vertex -8.40255e-17 0.035 0.0206139
      vertex -0.00421878 0.0347448 0.006
      vertex -0.00837605 0.033983 0.0206139
    endloop
  endfacet
  facet normal 0 0.999848 -0.0174595
    outer loop
      vertex 0.00421878 0.0347448 0.006
      vertex -0.00421878 0.0347448 0.006
      vertex -8.40255e-17 0.035 0.0206139
    endloop
  endfacet
  facet normal 0.120519 0.992558 0.0174596
    outer loop
      vertex 0.00837605 0.033983 0.0206139
      vertex 0.00421878 0.0347448 0.006
      vertex -8.40255e-17 0.035 0.0206139
    endloop
  endfacet
  facet normal 0.239279 0.970794 -0.0174592
    outer loop
      vertex 0.0124112 0.0327256 0.006
      vertex 0.00421878 0.0347448 0.006
      vertex 0.00837605 0.033983 0.0206139
    endloop
  endfacet
  facet normal 0.354551 0.934874 0.0174597
    outer loop
      vertex 0.0162653 0.030991 0.0206139
      vertex 0.0124112 0.0327256 0.006
      vertex 0.00837605 0.033983 0.0206139
    endloop
  endfacet
  facet normal 0.464653 0.885321 -0.0174595
    outer loop
      vertex 0.0198823 0.0288044 0.006
      vertex 0.0124112 0.0327256 0.006
      vertex 0.0162653 0.030991 0.0206139
    endloop
  endfacet
  facet normal 0.567979 0.822858 0.0174596
    outer loop
      vertex 0.0232093 0.0261979 0.0206139
      vertex 0.0198823 0.0288044 0.006
      vertex 0.0162653 0.030991 0.0206139
    endloop
  endfacet
  facet normal 0.663022 0.748396 -0.0174593
    outer loop
      vertex 0.0261979 0.0232093 0.006
      vertex 0.0198823 0.0288044 0.006
      vertex 0.0232093 0.0261979 0.0206139
    endloop
  endfacet
  facet normal 0.748396 0.663022 0.0174593
    outer loop
      vertex 0.0288044 0.0198823 0.0206139
      vertex 0.0261979 0.0232093 0.006
      vertex 0.0232093 0.0261979 0.0206139
    endloop
  endfacet
  facet normal 0.822858 0.567979 -0.0174596
    outer loop
      vertex 0.030991 0.0162653 0.006
      vertex 0.0261979 0.0232093 0.006
      vertex 0.0288044 0.0198823 0.0206139
    endloop
  endfacet
  facet normal 0.885321 0.464653 0.0174595
    outer loop
      vertex 0.0327256 0.0124112 0.0206139
      vertex 0.030991 0.0162653 0.006
      vertex 0.0288044 0.0198823 0.0206139
    endloop
  endfacet
  facet normal 0.934874 0.354551 -0.0174597
    outer loop
      vertex 0.033983 0.00837605 0.006
      vertex 0.030991 0.0162653 0.006
      vertex 0.0327256 0.0124112 0.0206139
    endloop
  endfacet
  facet normal 0.970794 0.239279 0.0174592
    outer loop
      vertex 0.0347448 0.00421878 0.0206139
      vertex 0.033983 0.00837605 0.006
      vertex 0.0327256 0.0124112 0.0206139
    endloop
  endfacet
  facet normal 0.992558 0.120519 -0.0174596
    outer loop
      vertex 0.035 0 0.006
      vertex 0.033983 0.00837605 0.006
      vertex 0.0347448 0.00421878 0.0206139
    endloop
  endfacet
  facet normal 0.970794 0.239279 -0.0174592
    outer loop
      vertex 0.0347448 0.00421878 0.0206139
      vertex 0.0327256 0.0124112 0.0206139
      vertex 0.033983 0.00837605 0.0352277
    endloop
  endfacet
  facet normal 0.992558 0.120519 0.0174596
    outer loop
      vertex 0.035 4.44056e-17 0.0352277
      vertex 0.0347448 0.00421878 0.0206139
      vertex 0.033983 0.00837605 0.0352277
    endloop
  endfacet
  facet normal 0.999848 0 -0.0174595
    outer loop
      vertex 0.0347448 -0.00421878 0.0206139
      vertex 0.0347448 0.00421878 0.0206139
      vertex 0.035 4.44056e-17 0.0352277
    endloop
  endfacet
  facet normal 0.992558 -0.120519 0.0174596
    outer loop
      vertex 0.0347448 -0.00421878 0.0206139
      vertex 0.035 4.44056e-17 0.0352277
      vertex 0.033983 -0.00837605 0.0352277
    endloop
  endfacet
  facet normal 0.992558 -0.120519 -0.0174596
    outer loop
      vertex 0.033983 -0.00837605 0.0352277
      vertex 0.035 4.44056e-17 0.0352277
      vertex 0.0347448 -0.00421878 0.0498416
    endloop
  endfacet
  facet normal 0.970794 -0.239279 0.0174592
    outer loop
      vertex 0.033983 -0.00837605 0.0352277
      vertex 0.0347448 -0.00421878 0.0498416
      vertex 0.0327256 -0.0124112 0.0498416
    endloop
  endfacet
  facet normal 0.934874 -0.354551 -0.0174597
    outer loop
      vertex 0.030991 -0.0162653 0.0352277
      vertex 0.033983 -0.00837605 0.0352277
      vertex 0.0327256 -0.0124112 0.0498416
    endloop
  endfacet
  facet normal 0.934874 -0.354551 0.0174597
    outer loop
      vertex 0.0327256 -0.0124112 0.0206139
      vertex 0.033983 -0.00837605 0.0352277
      vertex 0.030991 -0.0162653 0.0352277
    endloop
  endfacet
  facet normal 0.885321 -0.464653 0.0174595
    outer loop
      vertex 0.030991 -0.0162653 0.0352277
      vertex 0.0327256 -0.0124112 0.0498416
      vertex 0.0288044 -0.0198823 0.0498416
    endloop
  endfacet
  facet normal 0.822858 -0.567979 -0.0174596
    outer loop
      vertex 0.0261979 -0.0232093 0.0352277
      vertex 0.030991 -0.0162653 0.0352277
      vertex 0.0288044 -0.0198823 0.0498416
    endloop
  endfacet
  facet normal 0.822858 -0.567979 0.0174596
    outer loop
      vertex 0.0261979 -0.0232093 0.0352277
      vertex 0.0288044 -0.0198823 0.0206139
      vertex 0.030991 -0.0162653 0.0352277
    endloop
  endfacet
  facet normal 0.748396 -0.663022 0.0174593
    outer loop
      vertex 0.0232093 -0.0261979 0.0498416
      vertex 0.0261979 -0.0232093 0.0352277
      vertex 0.0288044 -0.0198823 0.0498416
    endloop
  endfacet
  facet normal 0.663022 -0.748396 -0.0174593
    outer loop
      vertex 0.0198823 -0.0288044 0.0352277
      vertex 0.0261979 -0.0232093 0.0352277
      vertex 0.0232093 -0.0261979 0.0498416
    endloop
  endfacet
  facet normal 0.663022 -0.748396 0.0174593
    outer loop
      vertex 0.0198823 -0.0288044 0.0352277
      vertex 0.0232093 -0.0261979 0.0206139
      vertex 0.0261979 -0.0232093 0.0352277
    endloop
  endfacet
  facet normal 0.567979 -0.822858 0.0174596
    outer loop
      vertex 0.0162653 -0.030991 0.0498416
      vertex 0.0198823 -0.0288044 0.0352277
      vertex 0.0232093 -0.0261979 0.0498416
    endloop
  endfacet
  facet normal 0.464653 -0.885321 -0.0174595
    outer loop
      vertex 0.0124112 -0.0327256 0.0352277
      vertex 0.0198823 -0.0288044 0.0352277
      vertex 0.0162653 -0.030991 0.0498416
    endloop
  endfacet
  facet normal 0.464653 -0.885321 0.0174595
    outer loop
      vertex 0.0124112 -0.0327256 0.0352277
      vertex 0.0162653 -0.030991 0.0206139
      vertex 0.0198823 -0.0288044 0.0352277
    endloop
  endfacet
  facet normal 0.354551 -0.934874 0.0174597
    outer loop
      vertex 0.00837605 -0.033983 0.0498416
      vertex 0.0124112 -0.0327256 0.0352277
      vertex 0.0162653 -0.030991 0.0498416
    endloop
  endfacet
  facet normal 0.239279 -0.970794 -0.0174592
    outer loop
      vertex 0.00421878 -0.0347448 0.0352277
      vertex 0.0124112 -0.0327256 0.0352277
      vertex 0.00837605 -0.033983 0.0498416
    endloop
  endfacet
  facet normal 0.239279 -0.970794 0.0174592
    outer loop
      vertex 0.00421878 -0.0347448 0.0352277
      vertex 0.00837605 -0.033983 0.0206139
      vertex 0.0124112 -0.0327256 0.0352277
    endloop
  endfacet
  facet normal 0.120519 -0.992558 0.0174596
    outer loop
      vertex 6.49849e-19 -0.035 0.0498416
      vertex 0.00421878 -0.0347448 0.0352277
      vertex 0.00837605 -0.033983 0.0498416
    endloop
  endfacet
  facet normal 0 -0.999848 -0.0174595
    outer loop
      vertex -0.00421878 -0.0347448 0.0352277
      vertex 0.00421878 -0.0347448 0.0352277
      vertex 6.49849e-19 -0.035 0.0498416
    endloop
  endfacet
  facet normal 0 -0.999848 0.0174595
    outer loop
      vertex -0.00421878 -0.0347448 0.0352277
      vertex -2.53103e-18 -0.035 0.0206139
      vertex 0.00421878 -0.0347448 0.0352277
    endloop
  endfacet
  facet normal -0.120519 -0.992558 0.0174596
    outer loop
      vertex -0.00837605 -0.033983 0.0498416
      vertex -0.00421878 -0.0347448 0.0352277
      vertex 6.49849e-19 -0.035 0.0498416
    endloop
  endfacet
  facet normal -0.239279 -0.970794 -0.0174592
    outer loop
      vertex -0.0124112 -0.0327256 0.0352277
      vertex -0.00421878 -0.0347448 0.0352277
      vertex -0.00837605 -0.033983 0.0498416
    endloop
  endfacet
  facet normal -0.239279 -0.970794 0.0174592
    outer loop
      vertex -0.0124112 -0.0327256 0.0352277
      vertex -0.00837605 -0.033983 0.0206139
      vertex -0.00421878 -0.0347448 0.0352277
    endloop
  endfacet
  facet normal -0.354551 -0.934874 0.0174597
    outer loop
      vertex -0.0162653 -0.030991 0.0498416
      vertex -0.0124112 -0.0327256 0.0352277
      vertex -0.00837605 -0.033983 0.0498416
    endloop
  endfacet
  facet normal -0.464653 -0.885321 -0.0174595
    outer loop
      vertex -0.0198823 -0.0288044 0.0352277
      vertex -0.0124112 -0.0327256 0.0352277
      vertex -0.0162653 -0.030991 0.0498416
    endloop
  endfacet
  facet normal -0.464653 -0.885321 0.0174595
    outer loop
      vertex -0.0198823 -0.0288044 0.0352277
      vertex -0.0162653 -0.030991 0.0206139
      vertex -0.0124112 -0.0327256 0.0352277
    endloop
  endfacet
  facet normal -0.567979 -0.822858 0.0174596
    outer loop
      vertex -0.0232093 -0.0261979 0.0498416
      vertex -0.0198823 -0.0288044 0.0352277
      vertex -0.0162653 -0.030991 0.0498416
    endloop
  endfacet
  facet normal -0.663022 -0.748396 -0.0174593
    outer loop
      vertex -0.0261979 -0.0232093 0.0352277
      vertex -0.0198823 -0.0288044 0.0352277
      vertex -0.0232093 -0.0261979 0.0498416
    endloop
  endfacet
  facet normal -0.663022 -0.748396 0.0174593
    outer loop
      vertex -0.0261979 -0.0232093 0.0352277
      vertex -0.0232093 -0.0261979 0.0206139
      vertex -0.0198823 -0.0288044 0.0352277
    endloop
  endfacet
  facet normal -0.748396 -0.663022 0.0174593
    outer loop
      vertex -0.0288044 -0.0198823 0.0498416
      vertex -0.0261979 -0.0232093 0.0352277
      vertex -0.0232093 -0.0261979 0.0498416
    endloop
  endfacet
  facet normal -0.822858 -0.567979 -0.0174596
    outer loop
      vertex -0.030991 -0.0162653 0.0352277
      vertex -0.0261979 -0.0232093 0.0352277
      vertex -0.0288044 -0.0198823 0.0498416
    endloop
  endfacet
  facet normal -0.822858 -0.567979 0.0174596
    outer loop
      vertex -0.030991 -0.0162653 0.0352277
      vertex -0.0288044 -0.0198823 0.0206139
      vertex -0.0261979 -0.0232093 0.0352277
    endloop
  endfacet
  facet normal -0.885321 -0.464653 0.0174595
    outer loop
      vertex -0.0327256 -0.0124112 0.0498416
      vertex -0.030991 -0.0162653 0.0352277
      vertex -0.0288044 -0.0198823 0.0498416
    endloop
  endfacet
  facet normal -0.934874 -0.354551 -0.0174597
    outer loop
      vertex -0.033983 -0.00837605 0.0352277
      vertex -0.030991 -0.0162653 0.0352277
      vertex -0.0327256 -0.0124112 0.0498416
    endloop
  endfacet
  facet normal -0.934874 -0.354551 0.0174597
    outer loop
      vertex -0.033983 -0.00837605 0.0352277
      vertex -0.0327256 -0.0124112 0.0206139
      vertex -0.030991 -0.0162653 0.0352277
    endloop
  endfacet
  facet normal -0.970794 -0.239279 0.0174592
    outer loop
      vertex -0.0347448 -0.00421878 0.0498416
      vertex -0.033983 -0.00837605 0.0352277
      vertex -0.0327256 -0.0124112 0.0498416
    endloop
  endfacet
  facet normal -0.992558 -0.120519 -0.0174596
    outer loop
      vertex -0.035 -3.45628e-17 0.0352277
      vertex -0.033983 -0.00837605 0.0352277
      vertex -0.0347448 -0.00421878 0.0498416
    endloop
  endfacet
  facet normal -0.992558 -0.120519 0.0174596
    outer loop
      vertex -0.035 -3.45628e-17 0.0352277
      vertex -0.0347448 -0.00421878 0.0206139
      vertex -0.033983 -0.00837605 0.0352277
    endloop
  endfacet
  facet normal -0.999848 0 0.0174595
    outer loop
      vertex -0.0347448 0.00421878 0.0498416
      vertex -0.035 -3.45628e-17 0.0352277
      vertex -0.0347448 -0.00421878 0.0498416
    endloop
  endfacet
  facet normal -0.992558 0.120519 -0.0174596
    outer loop
      vertex -0.033983 0.00837605 0.0352277
      vertex -0.035 -3.45628e-17 0.0352277
      vertex -0.0347448 0.00421878 0.0498416
    endloop
  endfacet
  facet normal -0.992558 0.120519 0.0174596
    outer loop
      vertex -0.033983 0.00837605 0.0352277
      vertex -0.0347448 0.00421878 0.0206139
      vertex -0.035 -3.45628e-17 0.0352277
    endloop
  endfacet
  facet normal -0.970794 0.239279 0.0174592
    outer loop
      vertex -0.0327256 0.0124112 0.0498416
      vertex -0.033983 0.00837605 0.0352277
      vertex -0.0347448 0.00421878 0.0498416
    endloop
  endfacet
  facet normal -0.934874 0.354551 -0.0174597
    outer loop
      vertex -0.030991 0.0162653 0.0352277
      vertex -0.033983 0.00837605 0.0352277
      vertex -0.0327256 0.0124112 0.0498416
    endloop
  endfacet
  facet normal -0.934874 0.354551 0.0174597
    outer loop
      vertex -0.030991 0.0162653 0.0352277
      vertex -0.0327256 0.0124112 0.0206139
      vertex -0.033983 0.00837605 0.0352277
    endloop
  endfacet
  facet normal -0.885321 0.464653 0.0174595
    outer loop
      vertex -0.0288044 0.0198823 0.0498416
      vertex -0.030991 0.0162653 0.0352277
      vertex -0.0327256 0.0124112 0.0498416
    endloop
  endfacet
  facet normal -0.822858 0.567979 -0.0174596
    outer loop
      vertex -0.0261979 0.0232093 0.0352277
      vertex -0.030991 0.0162653 0.0352277
      vertex -0.0288044 0.0198823 0.0498416
    endloop
  endfacet
  facet normal -0.822858 0.567979 0.0174596
    outer loop
      vertex -0.0261979 0.0232093 0.0352277
      vertex -0.0288044 0.0198823 0.0206139
      vertex -0.030991 0.0162653 0.0352277
    endloop
  endfacet
  facet normal -0.748396 0.663022 0.0174593
    outer loop
      vertex -0.0232093 0.0261979 0.0498416
      vertex -0.0261979 0.0232093 0.0352277
      vertex -0.0288044 0.0198823 0.0498416
    endloop
  endfacet
  facet normal -0.663022 0.748396 -0.0174593
    outer loop
      vertex -0.0198823 0.0288044 0.0352277
      vertex -0.0261979 0.0232093 0.0352277
      vertex -0.0232093 0.0261979 0.0498416
    endloop
  endfacet
  facet normal -0.663022 0.748396 0.0174593
    outer loop
      vertex -0.0198823 0.0288044 0.0352277
      vertex -0.0232093 0.0261979 0.0206139
      vertex -0.0261979 0.0232093 0.0352277
    endloop
  endfacet
  facet normal -0.567979 0.822858 0.0174596
    outer loop
      vertex -0.0162653 0.030991 0.0498416
      vertex -0.0198823 0.0288044 0.0352277
      vertex -0.0232093 0.0261979 0.0498416
    endloop
  endfacet
  facet normal -0.464653 0.885321 -0.0174595
    outer loop
      vertex -0.0124112 0.0327256 0.0352277
      vertex -0.0198823 0.0288044 0.0352277
      vertex -0.0162653 0.030991 0.0498416
    endloop
  endfacet
  facet normal -0.464653 0.885321 0.0174595
    outer loop
      vertex -0.0124112 0.0327256 0.0352277
      vertex -0.0162653 0.030991 0.0206139
      vertex -0.0198823 0.0288044 0.0352277
    endloop
  endfacet
  facet normal -0.354551 0.934874 0.0174597
    outer loop
      vertex -0.00837605 0.033983 0.0498416
      vertex -0.0124112 0.0327256 0.0352277
      vertex -0.0162653 0.030991 0.0498416
    endloop
  endfacet
  facet normal -0.239279 0.970794 -0.0174592
    outer loop
      vertex -0.00421878 0.0347448 0.0352277
      vertex -0.0124112 0.0327256 0.0352277
      vertex -0.00837605 0.033983 0.0498416
    endloop
  endfacet
  facet normal -0.239279 0.970794 0.0174592
    outer loop
      vertex -0.00421878 0.0347448 0.0352277
      vertex -0.00837605 0.033983 0.0206139
      vertex -0.0124112 0.0327256 0.0352277
    endloop
  endfacet
  facet normal -0.120519 0.992558 0.0174596
    outer loop
      vertex -8.33513e-17 0.035 0.0498416
      vertex -0.00421878 0.0347448 0.0352277
      vertex -0.00837605 0.033983 0.0498416
    endloop
  endfacet
  facet normal 0 0.999848 -0.0174595
    outer loop
      vertex 0.00421878 0.0347448 0.0352277
      vertex -0.00421878 0.0347448 0.0352277
      vertex -8.33513e-17 0.035 0.0498416
    endloop
  endfacet
  facet normal 6.51071e-18 0.999848 0.0174595
    outer loop
      vertex 0.00421878 0.0347448 0.0352277
      vertex -8.40255e-17 0.035 0.0206139
      vertex -0.00421878 0.0347448 0.0352277
    endloop
  endfacet
  facet normal 0.120519 0.992558 0.0174596
    outer loop
      vertex 0.00837605 0.033983 0.0498416
      vertex 0.00421878 0.0347448 0.0352277
      vertex -8.33513e-17 0.035 0.0498416
    endloop
  endfacet
  facet normal 0.239279 0.970794 -0.0174592
    outer loop
      vertex 0.0124112 0.0327256 0.0352277
      vertex 0.00421878 0.0347448 0.0352277
      vertex 0.00837605 0.033983 0.0498416
    endloop
  endfacet
  facet normal 0.239279 0.970794 0.0174592
    outer loop
      vertex 0.0124112 0.0327256 0.0352277
      vertex 0.00837605 0.033983 0.0206139
      vertex 0.00421878 0.0347448 0.0352277
    endloop
  endfacet
  facet normal 0.354551 0.934874 0.0174597
    outer loop
      vertex 0.0162653 0.030991 0.0498416
      vertex 0.0124112 0.0327256 0.0352277
      vertex 0.00837605 0.033983 0.0498416
    endloop
  endfacet
  facet normal 0.464653 0.885321 -0.0174595
    outer loop
      vertex 0.0198823 0.0288044 0.0352277
      vertex 0.0124112 0.0327256 0.0352277
      vertex 0.0162653 0.030991 0.0498416
    endloop
  endfacet
  facet normal 0.464653 0.885321 0.0174595
    outer loop
      vertex 0.0198823 0.0288044 0.0352277
      vertex 0.0162653 0.030991 0.0206139
      vertex 0.0124112 0.0327256 0.0352277
    endloop
  endfacet
  facet normal 0.567979 0.822858 0.0174596
    outer loop
      vertex 0.0232093 0.0261979 0.0498416
      vertex 0.0198823 0.0288044 0.0352277
      vertex 0.0162653 0.030991 0.0498416
    endloop
  endfacet
  facet normal 0.663022 0.748396 -0.0174593
    outer loop
      vertex 0.0261979 0.0232093 0.0352277
      vertex 0.0198823 0.0288044 0.0352277
      vertex 0.0232093 0.0261979 0.0498416
    endloop
  endfacet
  facet normal 0.663022 0.748396 0.0174593
    outer loop
      vertex 0.0261979 0.0232093 0.0352277
      vertex 0.0232093 0.0261979 0.0206139
      vertex 0.0198823 0.0288044 0.0352277
    endloop
  endfacet
  facet normal 0.748396 0.663022 0.0174593
    outer loop
      vertex 0.0288044 0.0198823 0.0498416
      vertex 0.0261979 0.0232093 0.0352277
      vertex 0.0232093 0.0261979 0.0498416
    endloop
  endfacet
  facet normal 0.822858 0.567979 -0.0174596
    outer loop
      vertex 0.030991 0.0162653 0.0352277
      vertex 0.0261979 0.0232093 0.0352277
      vertex 0.0288044 0.0198823 0.0498416
    endloop
  endfacet
  facet normal 0.822858 0.567979 0.0174596
    outer loop
      vertex 0.030991 0.0162653 0.0352277
      vertex 0.0288044 0.0198823 0.0206139
      vertex 0.0261979 0.0232093 0.0352277
    endloop
  endfacet
  facet normal 0.885321 0.464653 0.0174595
    outer loop
      vertex 0.0327256 0.0124112 0.0498416
      vertex 0.030991 0.0162653 0.0352277
      vertex 0.0288044 0.0198823 0.0498416
    endloop
  endfacet
  facet normal 0.934874 0.354551 -0.0174597
    outer loop
      vertex 0.033983 0.00837605 0.0352277
      vertex 0.030991 0.0162653 0.0352277
      vertex 0.0327256 0.0124112 0.0498416
    endloop
  endfacet
  facet normal 0.970794 0.239279 0.0174592
    outer loop
      vertex 0.0347448 0.00421878 0.0498416
      vertex 0.033983 0.00837605 0.0352277
      vertex 0.0327256 0.0124112 0.0498416
    endloop
  endfacet
  facet normal 0.970794 0.239279 -0.0174592
    outer loop
      vertex 0.0347448 0.00421878 0.0498416
      vertex 0.0327256 0.0124112 0.0498416
      vertex 0.033983 0.00837605 0.0644555
    endloop
  endfacet
  facet normal 0.885321 0.464653 -0.0174595
    outer loop
      vertex 0.0327256 0.0124112 0.0498416
      vertex 0.0288044 0.0198823 0.0498416
      vertex 0.030991 0.0162653 0.0644555
    endloop
  endfacet
  facet normal 0.999848 0 -0.0174595
    outer loop
      vertex 0.0347448 -0.00421878 0.0498416
      vertex 0.0347448 0.00421878 0.0498416
      vertex 0.035 4.30028e-17 0.0644555
    endloop
  endfacet
  facet normal 0.748396 0.663022 -0.0174593
    outer loop
      vertex 0.0288044 0.0198823 0.0498416
      vertex 0.0232093 0.0261979 0.0498416
      vertex 0.0261979 0.0232093 0.0644555
    endloop
  endfacet
  facet normal 0.999848 0 0.0174595
    outer loop
      vertex 0.0347448 -0.00421878 0.0206139
      vertex 0.035 0 0.006
      vertex 0.0347448 0.00421878 0.0206139
    endloop
  endfacet
  facet normal 0.970794 -0.239279 -0.0174592
    outer loop
      vertex 0.0327256 -0.0124112 0.0206139
      vertex 0.0347448 -0.00421878 0.0206139
      vertex 0.033983 -0.00837605 0.0352277
    endloop
  endfacet
  facet normal 0.885321 -0.464653 -0.0174595
    outer loop
      vertex 0.0288044 -0.0198823 0.0206139
      vertex 0.0327256 -0.0124112 0.0206139
      vertex 0.030991 -0.0162653 0.0352277
    endloop
  endfacet
  facet normal 0.567979 0.822858 -0.0174596
    outer loop
      vertex 0.0232093 0.0261979 0.0498416
      vertex 0.0162653 0.030991 0.0498416
      vertex 0.0198823 0.0288044 0.0644555
    endloop
  endfacet
  facet normal 0.748396 -0.663022 -0.0174593
    outer loop
      vertex 0.0232093 -0.0261979 0.0206139
      vertex 0.0288044 -0.0198823 0.0206139
      vertex 0.0261979 -0.0232093 0.0352277
    endloop
  endfacet
  facet normal 0.567979 -0.822858 -0.0174596
    outer loop
      vertex 0.0162653 -0.030991 0.0206139
      vertex 0.0232093 -0.0261979 0.0206139
      vertex 0.0198823 -0.0288044 0.0352277
    endloop
  endfacet
  facet normal 0.354551 0.934874 -0.0174597
    outer loop
      vertex 0.0162653 0.030991 0.0498416
      vertex 0.00837605 0.033983 0.0498416
      vertex 0.0124112 0.0327256 0.0644555
    endloop
  endfacet
  facet normal 0.354551 -0.934874 -0.0174597
    outer loop
      vertex 0.00837605 -0.033983 0.0206139
      vertex 0.0162653 -0.030991 0.0206139
      vertex 0.0124112 -0.0327256 0.0352277
    endloop
  endfacet
  facet normal 0.120519 -0.992558 -0.0174596
    outer loop
      vertex -2.53103e-18 -0.035 0.0206139
      vertex 0.00837605 -0.033983 0.0206139
      vertex 0.00421878 -0.0347448 0.0352277
    endloop
  endfacet
  facet normal 0.120519 0.992558 -0.0174596
    outer loop
      vertex 0.00837605 0.033983 0.0498416
      vertex -8.33513e-17 0.035 0.0498416
      vertex 0.00421878 0.0347448 0.0644555
    endloop
  endfacet
  facet normal -0.120519 -0.992558 -0.0174596
    outer loop
      vertex -0.00837605 -0.033983 0.0206139
      vertex -2.53103e-18 -0.035 0.0206139
      vertex -0.00421878 -0.0347448 0.0352277
    endloop
  endfacet
  facet normal -0.354551 -0.934874 -0.0174597
    outer loop
      vertex -0.0162653 -0.030991 0.0206139
      vertex -0.00837605 -0.033983 0.0206139
      vertex -0.0124112 -0.0327256 0.0352277
    endloop
  endfacet
  facet normal -0.120519 0.992558 -0.0174596
    outer loop
      vertex -8.33513e-17 0.035 0.0498416
      vertex -0.00837605 0.033983 0.0498416
      vertex -0.00421878 0.0347448 0.0644555
    endloop
  endfacet
  facet normal -0.567979 -0.822858 -0.0174596
    outer loop
      vertex -0.0232093 -0.0261979 0.0206139
      vertex -0.0162653 -0.030991 0.0206139
      vertex -0.0198823 -0.0288044 0.0352277
    endloop
  endfacet
  facet normal -0.748396 -0.663022 -0.0174593
    outer loop
      vertex -0.0288044 -0.0198823 0.0206139
      vertex -0.0232093 -0.0261979 0.0206139
      vertex -0.0261979 -0.0232093 0.0352277
    endloop
  endfacet
  facet normal -0.354551 0.934874 -0.0174597
    outer loop
      vertex -0.00837605 0.033983 0.0498416
      vertex -0.0162653 0.030991 0.0498416
      vertex -0.0124112 0.0327256 0.0644555
    endloop
  endfacet
  facet normal -0.885321 -0.464653 -0.0174595
    outer loop
      vertex -0.0327256 -0.0124112 0.0206139
      vertex -0.0288044 -0.0198823 0.0206139
      vertex -0.030991 -0.0162653 0.0352277
    endloop
  endfacet
  facet normal -0.970794 -0.239279 -0.0174592
    outer loop
      vertex -0.0347448 -0.00421878 0.0206139
      vertex -0.0327256 -0.0124112 0.0206139
      vertex -0.033983 -0.00837605 0.0352277
    endloop
  endfacet
  facet normal -0.567979 0.822858 -0.0174596
    outer loop
      vertex -0.0162653 0.030991 0.0498416
      vertex -0.0232093 0.0261979 0.0498416
      vertex -0.0198823 0.0288044 0.0644555
    endloop
  endfacet
  facet normal -0.999848 -0 -0.0174595
    outer loop
      vertex -0.0347448 0.00421878 0.0206139
      vertex -0.0347448 -0.00421878 0.0206139
      vertex -0.035 -3.45628e-17 0.0352277
    endloop
  endfacet
  facet normal -0.970794 0.239279 -0.0174592
    outer loop
      vertex -0.0327256 0.0124112 0.0206139
      vertex -0.0347448 0.00421878 0.0206139
      vertex -0.033983 0.00837605 0.0352277
    endloop
  endfacet
  facet normal -0.748396 0.663022 -0.0174593
    outer loop
      vertex -0.0232093 0.0261979 0.0498416
      vertex -0.0288044 0.0198823 0.0498416
      vertex -0.0261979 0.0232093 0.0644555
    endloop
  endfacet
  facet normal -0.885321 0.464653 -0.0174595
    outer loop
      vertex -0.0288044 0.0198823 0.0206139
      vertex -0.0327256 0.0124112 0.0206139
      vertex -0.030991 0.0162653 0.0352277
    endloop
  endfacet
  facet normal -0.748396 0.663022 -0.0174593
    outer loop
      vertex -0.0232093 0.0261979 0.0206139
      vertex -0.0288044 0.0198823 0.0206139
      vertex -0.0261979 0.0232093 0.0352277
    endloop
  endfacet
  facet normal -0.885321 0.464653 -0.0174595
    outer loop
      vertex -0.0288044 0.0198823 0.0498416
      vertex -0.0327256 0.0124112 0.0498416
      vertex -0.030991 0.0162653 0.0644555
    endloop
  endfacet
  facet normal -0.567979 0.822858 -0.0174596
    outer loop
      vertex -0.0162653 0.030991 0.0206139
      vertex -0.0232093 0.0261979 0.0206139
      vertex -0.0198823 0.0288044 0.0352277
    endloop
  endfacet
  facet normal -0.354551 0.934874 -0.0174597
    outer loop
      vertex -0.00837605 0.033983 0.0206139
      vertex -0.0162653 0.030991 0.0206139
      vertex -0.0124112 0.0327256 0.0352277
    endloop
  endfacet
  facet normal -0.970794 0.239279 -0.0174592
    outer loop
      vertex -0.0327256 0.0124112 0.0498416
      vertex -0.0347448 0.00421878 0.0498416
      vertex -0.033983 0.00837605 0.0644555
    endloop
  endfacet
  facet normal -0.120519 0.992558 -0.0174596
    outer loop
      vertex -8.40255e-17 0.035 0.0206139
      vertex -0.00837605 0.033983 0.0206139
      vertex -0.00421878 0.0347448 0.0352277
    endloop
  endfacet
  facet normal 0.120519 0.992558 -0.0174596
    outer loop
      vertex 0.00837605 0.033983 0.0206139
      vertex -8.40255e-17 0.035 0.0206139
      vertex 0.00421878 0.0347448 0.0352277
    endloop
  endfacet
  facet normal -0.999848 -0 -0.0174595
    outer loop
      vertex -0.0347448 0.00421878 0.0498416
      vertex -0.0347448 -0.00421878 0.0498416
      vertex -0.035 -3.65297e-17 0.0644555
    endloop
  endfacet
  facet normal 0.354551 0.934874 -0.0174597
    outer loop
      vertex 0.0162653 0.030991 0.0206139
      vertex 0.00837605 0.033983 0.0206139
      vertex 0.0124112 0.0327256 0.0352277
    endloop
  endfacet
  facet normal 0.567979 0.822858 -0.0174596
    outer loop
      vertex 0.0232093 0.0261979 0.0206139
      vertex 0.0162653 0.030991 0.0206139
      vertex 0.0198823 0.0288044 0.0352277
    endloop
  endfacet
  facet normal -0.970794 -0.239279 -0.0174592
    outer loop
      vertex -0.0347448 -0.00421878 0.0498416
      vertex -0.0327256 -0.0124112 0.0498416
      vertex -0.033983 -0.00837605 0.0644555
    endloop
  endfacet
  facet normal 0.748396 0.663022 -0.0174593
    outer loop
      vertex 0.0288044 0.0198823 0.0206139
      vertex 0.0232093 0.0261979 0.0206139
      vertex 0.0261979 0.0232093 0.0352277
    endloop
  endfacet
  facet normal 0.885321 0.464653 -0.0174595
    outer loop
      vertex 0.0327256 0.0124112 0.0206139
      vertex 0.0288044 0.0198823 0.0206139
      vertex 0.030991 0.0162653 0.0352277
    endloop
  endfacet
  facet normal -0.885321 -0.464653 -0.0174595
    outer loop
      vertex -0.0327256 -0.0124112 0.0498416
      vertex -0.0288044 -0.0198823 0.0498416
      vertex -0.030991 -0.0162653 0.0644555
    endloop
  endfacet
  facet normal 0.934874 0.354551 0.0174597
    outer loop
      vertex 0.033983 0.00837605 0.0352277
      vertex 0.0327256 0.0124112 0.0206139
      vertex 0.030991 0.0162653 0.0352277
    endloop
  endfacet
  facet normal 0.992558 0.120519 -0.0174596
    outer loop
      vertex 0.035 4.44056e-17 0.0352277
      vertex 0.033983 0.00837605 0.0352277
      vertex 0.0347448 0.00421878 0.0498416
    endloop
  endfacet
  facet normal -0.748396 -0.663022 -0.0174593
    outer loop
      vertex -0.0288044 -0.0198823 0.0498416
      vertex -0.0232093 -0.0261979 0.0498416
      vertex -0.0261979 -0.0232093 0.0644555
    endloop
  endfacet
  facet normal 0.999848 0 0.0174595
    outer loop
      vertex 0.035 4.44056e-17 0.0352277
      vertex 0.0347448 0.00421878 0.0498416
      vertex 0.0347448 -0.00421878 0.0498416
    endloop
  endfacet
  facet normal 0.970794 -0.239279 -0.0174592
    outer loop
      vertex 0.0327256 -0.0124112 0.0498416
      vertex 0.0347448 -0.00421878 0.0498416
      vertex 0.033983 -0.00837605 0.0644555
    endloop
  endfacet
  facet normal -0.567979 -0.822858 -0.0174596
    outer loop
      vertex -0.0232093 -0.0261979 0.0498416
      vertex -0.0162653 -0.030991 0.0498416
      vertex -0.0198823 -0.0288044 0.0644555
    endloop
  endfacet
  facet normal 0.885321 -0.464653 -0.0174595
    outer loop
      vertex 0.0288044 -0.0198823 0.0498416
      vertex 0.0327256 -0.0124112 0.0498416
      vertex 0.030991 -0.0162653 0.0644555
    endloop
  endfacet
  facet normal 0.748396 -0.663022 -0.0174593
    outer loop
      vertex 0.0232093 -0.0261979 0.0498416
      vertex 0.0288044 -0.0198823 0.0498416
      vertex 0.0261979 -0.0232093 0.0644555
    endloop
  endfacet
  facet normal -0.354551 -0.934874 -0.0174597
    outer loop
      vertex -0.0162653 -0.030991 0.0498416
      vertex -0.00837605 -0.033983 0.0498416
      vertex -0.0124112 -0.0327256 0.0644555
    endloop
  endfacet
  facet normal 0.567979 -0.822858 -0.0174596
    outer loop
      vertex 0.0162653 -0.030991 0.0498416
      vertex 0.0232093 -0.0261979 0.0498416
      vertex 0.0198823 -0.0288044 0.0644555
    endloop
  endfacet
  facet normal 0.354551 -0.934874 -0.0174597
    outer loop
      vertex 0.00837605 -0.033983 0.0498416
      vertex 0.0162653 -0.030991 0.0498416
      vertex 0.0124112 -0.0327256 0.0644555
    endloop
  endfacet
  facet normal -0.120519 -0.992558 -0.0174596
    outer loop
      vertex -0.00837605 -0.033983 0.0498416
      vertex 6.49849e-19 -0.035 0.0498416
      vertex -0.00421878 -0.0347448 0.0644555
    endloop
  endfacet
  facet normal 0.120519 -0.992558 -0.0174596
    outer loop
      vertex 6.49849e-19 -0.035 0.0498416
      vertex 0.00837605 -0.033983 0.0498416
      vertex 0.00421878 -0.0347448 0.0644555
    endloop
  endfacet
  facet normal 0.992558 0.120519 -0.0174596
    outer loop
      vertex 0.035 4.30028e-17 0.0644555
      vertex 0.033983 0.00837605 0.0644555
      vertex 0.0347448 0.00421878 0.0790693
    endloop
  endfacet
  facet normal 0.999848 0 0.0174595
    outer loop
      vertex 0.035 4.30028e-17 0.0644555
      vertex 0.0347448 0.00421878 0.0790693
      vertex 0.0347448 -0.00421878 0.0790693
    endloop
  endfacet
  facet normal 0.970794 -0.239279 -0.0174592
    outer loop
      vertex 0.0327256 -0.0124112 0.0790693
      vertex 0.0347448 -0.00421878 0.0790693
      vertex 0.033983 -0.00837605 0.0936832
    endloop
  endfacet
  facet normal 0.885321 -0.464653 -0.0174595
    outer loop
      vertex 0.0288044 -0.0198823 0.0790693
      vertex 0.0327256 -0.0124112 0.0790693
      vertex 0.030991 -0.0162653 0.0936832
    endloop
  endfacet
  facet normal 0.748396 -0.663022 -0.0174593
    outer loop
      vertex 0.0232093 -0.0261979 0.0790693
      vertex 0.0288044 -0.0198823 0.0790693
      vertex 0.0261979 -0.0232093 0.0936832
    endloop
  endfacet
  facet normal 0.567979 -0.822858 -0.0174596
    outer loop
      vertex 0.0162653 -0.030991 0.0790693
      vertex 0.0232093 -0.0261979 0.0790693
      vertex 0.0198823 -0.0288044 0.0936832
    endloop
  endfacet
  facet normal 0.354551 -0.934874 -0.0174597
    outer loop
      vertex 0.00837605 -0.033983 0.0790693
      vertex 0.0162653 -0.030991 0.0790693
      vertex 0.0124112 -0.0327256 0.0936832
    endloop
  endfacet
  facet normal 0.120519 -0.992558 -0.0174596
    outer loop
      vertex -2.64879e-18 -0.035 0.0790693
      vertex 0.00837605 -0.033983 0.0790693
      vertex 0.00421878 -0.0347448 0.0936832
    endloop
  endfacet
  facet normal -0.120519 -0.992558 -0.0174596
    outer loop
      vertex -0.00837605 -0.033983 0.0790693
      vertex -2.64879e-18 -0.035 0.0790693
      vertex -0.00421878 -0.0347448 0.0936832
    endloop
  endfacet
  facet normal -0.354551 -0.934874 -0.0174597
    outer loop
      vertex -0.0162653 -0.030991 0.0790693
      vertex -0.00837605 -0.033983 0.0790693
      vertex -0.0124112 -0.0327256 0.0936832
    endloop
  endfacet
  facet normal -0.567979 -0.822858 -0.0174596
    outer loop
      vertex -0.0232093 -0.0261979 0.0790693
      vertex -0.0162653 -0.030991 0.0790693
      vertex -0.0198823 -0.0288044 0.0936832
    endloop
  endfacet
  facet normal -0.748396 -0.663022 -0.0174593
    outer loop
      vertex -0.0288044 -0.0198823 0.0790693
      vertex -0.0232093 -0.0261979 0.0790693
      vertex -0.0261979 -0.0232093 0.0936832
    endloop
  endfacet
  facet normal -0.885321 -0.464653 -0.0174595
    outer loop
      vertex -0.0327256 -0.0124112 0.0790693
      vertex -0.0288044 -0.0198823 0.0790693
      vertex -0.030991 -0.0162653 0.0936832
    endloop
  endfacet
  facet normal -0.970794 -0.239279 -0.0174592
    outer loop
      vertex -0.0347448 -0.00421878 0.0790693
      vertex -0.0327256 -0.0124112 0.0790693
      vertex -0.033983 -0.00837605 0.0936832
    endloop
  endfacet
  facet normal -0.999848 -0 -0.0174595
    outer loop
      vertex -0.0347448 0.00421878 0.0790693
      vertex -0.0347448 -0.00421878 0.0790693
      vertex -0.035 -3.83073e-17 0.0936832
    endloop
  endfacet
  facet normal -0.970794 0.239279 -0.0174592
    outer loop
      vertex -0.0327256 0.0124112 0.0790693
      vertex -0.0347448 0.00421878 0.0790693
      vertex -0.033983 0.00837605 0.0936832
    endloop
  endfacet
  facet normal -0.885321 0.464653 -0.0174595
    outer loop
      vertex -0.0288044 0.0198823 0.0790693
      vertex -0.0327256 0.0124112 0.0790693
      vertex -0.030991 0.0162653 0.0936832
    endloop
  endfacet
  facet normal -0.748396 0.663022 -0.0174593
    outer loop
      vertex -0.0232093 0.0261979 0.0790693
      vertex -0.0288044 0.0198823 0.0790693
      vertex -0.0261979 0.0232093 0.0936832
    endloop
  endfacet
  facet normal -0.567979 0.822858 -0.0174596
    outer loop
      vertex -0.0162653 0.030991 0.0790693
      vertex -0.0232093 0.0261979 0.0790693
      vertex -0.0198823 0.0288044 0.0936832
    endloop
  endfacet
  facet normal -0.354551 0.934874 -0.0174597
    outer loop
      vertex -0.00837605 0.033983 0.0790693
      vertex -0.0162653 0.030991 0.0790693
      vertex -0.0124112 0.0327256 0.0936832
    endloop
  endfacet
  facet normal -0.120519 0.992558 -0.0174596
    outer loop
      vertex -8.37831e-17 0.035 0.0790693
      vertex -0.00837605 0.033983 0.0790693
      vertex -0.00421878 0.0347448 0.0936832
    endloop
  endfacet
  facet normal 0.120519 0.992558 -0.0174596
    outer loop
      vertex 0.00837605 0.033983 0.0790693
      vertex -8.37831e-17 0.035 0.0790693
      vertex 0.00421878 0.0347448 0.0936832
    endloop
  endfacet
  facet normal 0.354551 0.934874 -0.0174597
    outer loop
      vertex 0.0162653 0.030991 0.0790693
      vertex 0.00837605 0.033983 0.0790693
      vertex 0.0124112 0.0327256 0.0936832
    endloop
  endfacet
  facet normal 0.567979 0.822858 -0.0174596
    outer loop
      vertex 0.0232093 0.0261979 0.0790693
      vertex 0.0162653 0.030991 0.0790693
      vertex 0.0198823 0.0288044 0.0936832
    endloop
  endfacet
  facet normal 0.748396 0.663022 -0.0174593
    outer loop
      vertex 0.0288044 0.0198823 0.0790693
      vertex 0.0232093 0.0261979 0.0790693
      vertex 0.0261979 0.0232093 0.0936832
    endloop
  endfacet
  facet normal 0.885321 0.464653 -0.0174595
    outer loop
      vertex 0.0327256 0.0124112 0.0790693
      vertex 0.0288044 0.0198823 0.0790693
      vertex 0.030991 0.0162653 0.0936832
    endloop
  endfacet
  facet normal 0.934874 0.354551 0.0174597
    outer loop
      vertex 0.0327256 0.0124112 0.0790693
      vertex 0.030991 0.0162653 0.0936832
      vertex 0.033983 0.00837605 0.0936832
    endloop
  endfacet
  facet normal 0.992558 0.120519 -0.0174595
    outer loop
      vertex 0.035 4.50997e-17 0.0936832
      vertex 0.033983 0.00837605 0.0936832
      vertex 0.0347448 0.00421878 0.108297
    endloop
  endfacet
  facet normal 0.999848 0 0.0174595
    outer loop
      vertex 0.035 4.50997e-17 0.0936832
      vertex 0.0347448 0.00421878 0.108297
      vertex 0.0347448 -0.00421878 0.108297
    endloop
  endfacet
  facet normal 0.970794 -0.239279 -0.0174593
    outer loop
      vertex 0.0327256 -0.0124112 0.108297
      vertex 0.0347448 -0.00421878 0.108297
      vertex 0.033983 -0.00837605 0.122911
    endloop
  endfacet
  facet normal 0.885321 -0.464653 -0.0174595
    outer loop
      vertex 0.0288044 -0.0198823 0.108297
      vertex 0.0327256 -0.0124112 0.108297
      vertex 0.030991 -0.0162653 0.122911
    endloop
  endfacet
  facet normal 0.748396 -0.663022 -0.0174594
    outer loop
      vertex 0.0232093 -0.0261979 0.108297
      vertex 0.0288044 -0.0198823 0.108297
      vertex 0.0261979 -0.0232093 0.122911
    endloop
  endfacet
  facet normal 0.567979 -0.822858 -0.0174597
    outer loop
      vertex 0.0162653 -0.030991 0.108297
      vertex 0.0232093 -0.0261979 0.108297
      vertex 0.0198823 -0.0288044 0.122911
    endloop
  endfacet
  facet normal 0.354551 -0.934874 -0.0174598
    outer loop
      vertex 0.00837605 -0.033983 0.108297
      vertex 0.0162653 -0.030991 0.108297
      vertex 0.0124112 -0.0327256 0.122911
    endloop
  endfacet
  facet normal 0.120519 -0.992558 -0.0174596
    outer loop
      vertex -4.04419e-18 -0.035 0.108297
      vertex 0.00837605 -0.033983 0.108297
      vertex 0.00421878 -0.0347448 0.122911
    endloop
  endfacet
  facet normal -0.120519 -0.992558 -0.0174596
    outer loop
      vertex -0.00837605 -0.033983 0.108297
      vertex -4.04419e-18 -0.035 0.108297
      vertex -0.00421878 -0.0347448 0.122911
    endloop
  endfacet
  facet normal -0.354551 -0.934874 -0.0174598
    outer loop
      vertex -0.0162653 -0.030991 0.108297
      vertex -0.00837605 -0.033983 0.108297
      vertex -0.0124112 -0.0327256 0.122911
    endloop
  endfacet
  facet normal -0.567979 -0.822858 -0.0174597
    outer loop
      vertex -0.0232093 -0.0261979 0.108297
      vertex -0.0162653 -0.030991 0.108297
      vertex -0.0198823 -0.0288044 0.122911
    endloop
  endfacet
  facet normal -0.748396 -0.663022 -0.0174594
    outer loop
      vertex -0.0288044 -0.0198823 0.108297
      vertex -0.0232093 -0.0261979 0.108297
      vertex -0.0261979 -0.0232093 0.122911
    endloop
  endfacet
  facet normal -0.885321 -0.464653 -0.0174595
    outer loop
      vertex -0.0327256 -0.0124112 0.108297
      vertex -0.0288044 -0.0198823 0.108297
      vertex -0.030991 -0.0162653 0.122911
    endloop
  endfacet
  facet normal -0.970794 -0.239279 -0.0174593
    outer loop
      vertex -0.0347448 -0.00421878 0.108297
      vertex -0.0327256 -0.0124112 0.108297
      vertex -0.033983 -0.00837605 0.122911
    endloop
  endfacet
  facet normal -0.999848 -0 -0.0174596
    outer loop
      vertex -0.0347448 0.00421878 0.108297
      vertex -0.0347448 -0.00421878 0.108297
      vertex -0.035 -3.60934e-17 0.122911
    endloop
  endfacet
  facet normal -0.970794 0.239279 -0.0174593
    outer loop
      vertex -0.0327256 0.0124112 0.108297
      vertex -0.0347448 0.00421878 0.108297
      vertex -0.033983 0.00837605 0.122911
    endloop
  endfacet
  facet normal -0.885321 0.464653 -0.0174595
    outer loop
      vertex -0.0288044 0.0198823 0.108297
      vertex -0.0327256 0.0124112 0.108297
      vertex -0.030991 0.0162653 0.122911
    endloop
  endfacet
  facet normal -0.748396 0.663022 -0.0174594
    outer loop
      vertex -0.0232093 0.0261979 0.108297
      vertex -0.0288044 0.0198823 0.108297
      vertex -0.0261979 0.0232093 0.122911
    endloop
  endfacet
  facet normal -0.567979 0.822858 -0.0174597
    outer loop
      vertex -0.0162653 0.030991 0.108297
      vertex -0.0232093 0.0261979 0.108297
      vertex -0.0198823 0.0288044 0.122911
    endloop
  endfacet
  facet normal -0.354551 0.934874 -0.0174598
    outer loop
      vertex -0.00837605 0.033983 0.108297
      vertex -0.0162653 0.030991 0.108297
      vertex -0.0124112 0.0327256 0.122911
    endloop
  endfacet
  facet normal -0.120519 0.992558 -0.0174596
    outer loop
      vertex -8.35189e-17 0.035 0.108297
      vertex -0.00837605 0.033983 0.108297
      vertex -0.00421878 0.0347448 0.122911
    endloop
  endfacet
  facet normal 0.120519 0.992558 -0.0174596
    outer loop
      vertex 0.00837605 0.033983 0.108297
      vertex -8.35189e-17 0.035 0.108297
      vertex 0.00421878 0.0347448 0.122911
    endloop
  endfacet
  facet normal 0.354551 0.934874 -0.0174598
    outer loop
      vertex 0.0162653 0.030991 0.108297
      vertex 0.00837605 0.033983 0.108297
      vertex 0.0124112 0.0327256 0.122911
    endloop
  endfacet
  facet normal 0.567979 0.822858 -0.0174597
    outer loop
      vertex 0.0232093 0.0261979 0.108297
      vertex 0.0162653 0.030991 0.108297
      vertex 0.0198823 0.0288044 0.122911
    endloop
  endfacet
  facet normal 0.748396 0.663022 -0.0174594
    outer loop
      vertex 0.0288044 0.0198823 0.108297
      vertex 0.0232093 0.0261979 0.108297
      vertex 0.0261979 0.0232093 0.122911
    endloop
  endfacet
  facet normal 0.885321 0.464653 -0.0174595
    outer loop
      vertex 0.0327256 0.0124112 0.108297
      vertex 0.0288044 0.0198823 0.108297
      vertex 0.030991 0.0162653 0.122911
    endloop
  endfacet
  facet normal 0.934874 0.354551 0.0174598
    outer loop
      vertex 0.0327256 0.0124112 0.108297
      vertex 0.030991 0.0162653 0.122911
      vertex 0.033983 0.00837605 0.122911
    endloop
  endfacet
  facet normal 0.822858 0.567979 0.0174597
    outer loop
      vertex 0.0288044 0.0198823 0.108297
      vertex 0.0261979 0.0232093 0.122911
      vertex 0.030991 0.0162653 0.122911
    endloop
  endfacet
  facet normal 0.663022 0.748396 0.0174594
    outer loop
      vertex 0.0261979 0.0232093 0.122911
      vertex 0.0232093 0.0261979 0.108297
      vertex 0.0198823 0.0288044 0.122911
    endloop
  endfacet
  facet normal 0.464653 0.885321 0.0174595
    outer loop
      vertex 0.0198823 0.0288044 0.122911
      vertex 0.0162653 0.030991 0.108297
      vertex 0.0124112 0.0327256 0.122911
    endloop
  endfacet
  facet normal 0.239279 0.970794 0.0174593
    outer loop
      vertex 0.0124112 0.0327256 0.122911
      vertex 0.00837605 0.033983 0.108297
      vertex 0.00421878 0.0347448 0.122911
    endloop
  endfacet
  facet normal 0 0.999848 0.0174596
    outer loop
      vertex 0.00421878 0.0347448 0.122911
      vertex -8.35189e-17 0.035 0.108297
      vertex -0.00421878 0.0347448 0.122911
    endloop
  endfacet
  facet normal -0.239279 0.970794 0.0174593
    outer loop
      vertex -0.00421878 0.0347448 0.122911
      vertex -0.00837605 0.033983 0.108297
      vertex -0.0124112 0.0327256 0.122911
    endloop
  endfacet
  facet normal -0.464653 0.885321 0.0174595
    outer loop
      vertex -0.0124112 0.0327256 0.122911
      vertex -0.0162653 0.030991 0.108297
      vertex -0.0198823 0.0288044 0.122911
    endloop
  endfacet
  facet normal -0.663022 0.748396 0.0174594
    outer loop
      vertex -0.0198823 0.0288044 0.122911
      vertex -0.0232093 0.0261979 0.108297
      vertex -0.0261979 0.0232093 0.122911
    endloop
  endfacet
  facet normal -0.822858 0.567979 0.0174597
    outer loop
      vertex -0.0261979 0.0232093 0.122911
      vertex -0.0288044 0.0198823 0.108297
      vertex -0.030991 0.0162653 0.122911
    endloop
  endfacet
  facet normal -0.934874 0.354551 0.0174598
    outer loop
      vertex -0.030991 0.0162653 0.122911
      vertex -0.0327256 0.0124112 0.108297
      vertex -0.033983 0.00837605 0.122911
    endloop
  endfacet
  facet normal -0.992558 0.120519 0.0174596
    outer loop
      vertex -0.033983 0.00837605 0.122911
      vertex -0.0347448 0.00421878 0.108297
      vertex -0.035 -3.60934e-17 0.122911
    endloop
  endfacet
  facet normal -0.992558 -0.120519 0.0174596
    outer loop
      vertex -0.035 -3.60934e-17 0.122911
      vertex -0.0347448 -0.00421878 0.108297
      vertex -0.033983 -0.00837605 0.122911
    endloop
  endfacet
  facet normal -0.934874 -0.354551 0.0174598
    outer loop
      vertex -0.033983 -0.00837605 0.122911
      vertex -0.0327256 -0.0124112 0.108297
      vertex -0.030991 -0.0162653 0.122911
    endloop
  endfacet
  facet normal -0.822858 -0.567979 0.0174597
    outer loop
      vertex -0.030991 -0.0162653 0.122911
      vertex -0.0288044 -0.0198823 0.108297
      vertex -0.0261979 -0.0232093 0.122911
    endloop
  endfacet
  facet normal -0.663022 -0.748396 0.0174594
    outer loop
      vertex -0.0261979 -0.0232093 0.122911
      vertex -0.0232093 -0.0261979 0.108297
      vertex -0.0198823 -0.0288044 0.122911
    endloop
  endfacet
  facet normal -0.464653 -0.885321 0.0174595
    outer loop
      vertex -0.0198823 -0.0288044 0.122911
      vertex -0.0162653 -0.030991 0.108297
      vertex -0.0124112 -0.0327256 0.122911
    endloop
  endfacet
  facet normal -0.239279 -0.970794 0.0174593
    outer loop
      vertex -0.0124112 -0.0327256 0.122911
      vertex -0.00837605 -0.033983 0.108297
      vertex -0.00421878 -0.0347448 0.122911
    endloop
  endfacet
  facet normal 0 -0.999848 0.0174596
    outer loop
      vertex -0.00421878 -0.0347448 0.122911
      vertex -4.04419e-18 -0.035 0.108297
      vertex 0.00421878 -0.0347448 0.122911
    endloop
  endfacet
  facet normal 0.239279 -0.970794 0.0174593
    outer loop
      vertex 0.00421878 -0.0347448 0.122911
      vertex 0.00837605 -0.033983 0.108297
      vertex 0.0124112 -0.0327256 0.122911
    endloop
  endfacet
  facet normal 0.464653 -0.885321 0.0174595
    outer loop
      vertex 0.0162653 -0.030991 0.108297
      vertex 0.0198823 -0.0288044 0.122911
      vertex 0.0124112 -0.0327256 0.122911
    endloop
  endfacet
  facet normal 0.663022 -0.748396 0.0174594
    outer loop
      vertex 0.0232093 -0.0261979 0.108297
      vertex 0.0261979 -0.0232093 0.122911
      vertex 0.0198823 -0.0288044 0.122911
    endloop
  endfacet
  facet normal 0.822858 -0.567979 0.0174597
    outer loop
      vertex 0.0288044 -0.0198823 0.108297
      vertex 0.030991 -0.0162653 0.122911
      vertex 0.0261979 -0.0232093 0.122911
    endloop
  endfacet
  facet normal 0.934874 -0.354551 0.0174598
    outer loop
      vertex 0.0327256 -0.0124112 0.108297
      vertex 0.033983 -0.00837605 0.122911
      vertex 0.030991 -0.0162653 0.122911
    endloop
  endfacet
  facet normal 0.992558 -0.120519 0.0174596
    outer loop
      vertex 0.0347448 -0.00421878 0.108297
      vertex 0.035 4.41405e-17 0.122911
      vertex 0.033983 -0.00837605 0.122911
    endloop
  endfacet
  facet normal 0.999848 0 -0.0174596
    outer loop
      vertex 0.0347448 -0.00421878 0.108297
      vertex 0.0347448 0.00421878 0.108297
      vertex 0.035 4.41405e-17 0.122911
    endloop
  endfacet
  facet normal 0.992558 0.120519 0.0174596
    outer loop
      vertex 0.0347448 0.00421878 0.108297
      vertex 0.033983 0.00837605 0.122911
      vertex 0.035 4.41405e-17 0.122911
    endloop
  endfacet
  facet normal 0.970794 0.239279 -0.0174593
    outer loop
      vertex 0.0347448 0.00421878 0.108297
      vertex 0.0327256 0.0124112 0.108297
      vertex 0.033983 0.00837605 0.122911
    endloop
  endfacet
  facet normal 0.970794 0.239279 0.0174592
    outer loop
      vertex 0.033983 0.00837605 0.0936832
      vertex 0.0327256 0.0124112 0.108297
      vertex 0.0347448 0.00421878 0.108297
    endloop
  endfacet
  facet normal 0.934874 0.354551 -0.0174597
    outer loop
      vertex 0.033983 0.00837605 0.0936832
      vertex 0.030991 0.0162653 0.0936832
      vertex 0.0327256 0.0124112 0.108297
    endloop
  endfacet
  facet normal 0.885321 0.464653 0.0174594
    outer loop
      vertex 0.030991 0.0162653 0.0936832
      vertex 0.0288044 0.0198823 0.108297
      vertex 0.0327256 0.0124112 0.108297
    endloop
  endfacet
  facet normal 0.822858 0.567979 0.0174596
    outer loop
      vertex 0.030991 0.0162653 0.0936832
      vertex 0.0288044 0.0198823 0.0790693
      vertex 0.0261979 0.0232093 0.0936832
    endloop
  endfacet
  facet normal 0.822858 0.567979 -0.0174596
    outer loop
      vertex 0.030991 0.0162653 0.0936832
      vertex 0.0261979 0.0232093 0.0936832
      vertex 0.0288044 0.0198823 0.108297
    endloop
  endfacet
  facet normal 0.748396 0.663022 0.0174593
    outer loop
      vertex 0.0288044 0.0198823 0.108297
      vertex 0.0261979 0.0232093 0.0936832
      vertex 0.0232093 0.0261979 0.108297
    endloop
  endfacet
  facet normal 0.663022 0.748396 0.0174593
    outer loop
      vertex 0.0261979 0.0232093 0.0936832
      vertex 0.0232093 0.0261979 0.0790693
      vertex 0.0198823 0.0288044 0.0936832
    endloop
  endfacet
  facet normal 0.663022 0.748396 -0.0174593
    outer loop
      vertex 0.0261979 0.0232093 0.0936832
      vertex 0.0198823 0.0288044 0.0936832
      vertex 0.0232093 0.0261979 0.108297
    endloop
  endfacet
  facet normal 0.567979 0.822858 0.0174596
    outer loop
      vertex 0.0232093 0.0261979 0.108297
      vertex 0.0198823 0.0288044 0.0936832
      vertex 0.0162653 0.030991 0.108297
    endloop
  endfacet
  facet normal 0.464653 0.885321 0.0174595
    outer loop
      vertex 0.0198823 0.0288044 0.0936832
      vertex 0.0162653 0.030991 0.0790693
      vertex 0.0124112 0.0327256 0.0936832
    endloop
  endfacet
  facet normal 0.464653 0.885321 -0.0174594
    outer loop
      vertex 0.0198823 0.0288044 0.0936832
      vertex 0.0124112 0.0327256 0.0936832
      vertex 0.0162653 0.030991 0.108297
    endloop
  endfacet
  facet normal 0.354551 0.934874 0.0174597
    outer loop
      vertex 0.0162653 0.030991 0.108297
      vertex 0.0124112 0.0327256 0.0936832
      vertex 0.00837605 0.033983 0.108297
    endloop
  endfacet
  facet normal 0.239279 0.970794 0.0174592
    outer loop
      vertex 0.0124112 0.0327256 0.0936832
      vertex 0.00837605 0.033983 0.0790693
      vertex 0.00421878 0.0347448 0.0936832
    endloop
  endfacet
  facet normal 0.239279 0.970794 -0.0174592
    outer loop
      vertex 0.0124112 0.0327256 0.0936832
      vertex 0.00421878 0.0347448 0.0936832
      vertex 0.00837605 0.033983 0.108297
    endloop
  endfacet
  facet normal 0.120519 0.992558 0.0174595
    outer loop
      vertex 0.00837605 0.033983 0.108297
      vertex 0.00421878 0.0347448 0.0936832
      vertex -8.35189e-17 0.035 0.108297
    endloop
  endfacet
  facet normal 6.51071e-18 0.999848 0.0174595
    outer loop
      vertex 0.00421878 0.0347448 0.0936832
      vertex -8.37831e-17 0.035 0.0790693
      vertex -0.00421878 0.0347448 0.0936832
    endloop
  endfacet
  facet normal 0 0.999848 -0.0174595
    outer loop
      vertex 0.00421878 0.0347448 0.0936832
      vertex -0.00421878 0.0347448 0.0936832
      vertex -8.35189e-17 0.035 0.108297
    endloop
  endfacet
  facet normal -0.120519 0.992558 0.0174595
    outer loop
      vertex -8.35189e-17 0.035 0.108297
      vertex -0.00421878 0.0347448 0.0936832
      vertex -0.00837605 0.033983 0.108297
    endloop
  endfacet
  facet normal -0.239279 0.970794 0.0174592
    outer loop
      vertex -0.00421878 0.0347448 0.0936832
      vertex -0.00837605 0.033983 0.0790693
      vertex -0.0124112 0.0327256 0.0936832
    endloop
  endfacet
  facet normal -0.239279 0.970794 -0.0174592
    outer loop
      vertex -0.00421878 0.0347448 0.0936832
      vertex -0.0124112 0.0327256 0.0936832
      vertex -0.00837605 0.033983 0.108297
    endloop
  endfacet
  facet normal -0.354551 0.934874 0.0174597
    outer loop
      vertex -0.00837605 0.033983 0.108297
      vertex -0.0124112 0.0327256 0.0936832
      vertex -0.0162653 0.030991 0.108297
    endloop
  endfacet
  facet normal -0.464653 0.885321 0.0174595
    outer loop
      vertex -0.0124112 0.0327256 0.0936832
      vertex -0.0162653 0.030991 0.0790693
      vertex -0.0198823 0.0288044 0.0936832
    endloop
  endfacet
  facet normal -0.464653 0.885321 -0.0174594
    outer loop
      vertex -0.0124112 0.0327256 0.0936832
      vertex -0.0198823 0.0288044 0.0936832
      vertex -0.0162653 0.030991 0.108297
    endloop
  endfacet
  facet normal -0.567979 0.822858 0.0174596
    outer loop
      vertex -0.0162653 0.030991 0.108297
      vertex -0.0198823 0.0288044 0.0936832
      vertex -0.0232093 0.0261979 0.108297
    endloop
  endfacet
  facet normal -0.663022 0.748396 0.0174593
    outer loop
      vertex -0.0198823 0.0288044 0.0936832
      vertex -0.0232093 0.0261979 0.0790693
      vertex -0.0261979 0.0232093 0.0936832
    endloop
  endfacet
  facet normal -0.663022 0.748396 -0.0174593
    outer loop
      vertex -0.0198823 0.0288044 0.0936832
      vertex -0.0261979 0.0232093 0.0936832
      vertex -0.0232093 0.0261979 0.108297
    endloop
  endfacet
  facet normal -0.748396 0.663022 0.0174593
    outer loop
      vertex -0.0232093 0.0261979 0.108297
      vertex -0.0261979 0.0232093 0.0936832
      vertex -0.0288044 0.0198823 0.108297
    endloop
  endfacet
  facet normal -0.822858 0.567979 0.0174596
    outer loop
      vertex -0.0261979 0.0232093 0.0936832
      vertex -0.0288044 0.0198823 0.0790693
      vertex -0.030991 0.0162653 0.0936832
    endloop
  endfacet
  facet normal -0.822858 0.567979 -0.0174596
    outer loop
      vertex -0.0261979 0.0232093 0.0936832
      vertex -0.030991 0.0162653 0.0936832
      vertex -0.0288044 0.0198823 0.108297
    endloop
  endfacet
  facet normal -0.885321 0.464653 0.0174594
    outer loop
      vertex -0.0288044 0.0198823 0.108297
      vertex -0.030991 0.0162653 0.0936832
      vertex -0.0327256 0.0124112 0.108297
    endloop
  endfacet
  facet normal -0.934874 0.354551 0.0174597
    outer loop
      vertex -0.030991 0.0162653 0.0936832
      vertex -0.0327256 0.0124112 0.0790693
      vertex -0.033983 0.00837605 0.0936832
    endloop
  endfacet
  facet normal -0.934874 0.354551 -0.0174597
    outer loop
      vertex -0.030991 0.0162653 0.0936832
      vertex -0.033983 0.00837605 0.0936832
      vertex -0.0327256 0.0124112 0.108297
    endloop
  endfacet
  facet normal -0.970794 0.239279 0.0174592
    outer loop
      vertex -0.0327256 0.0124112 0.108297
      vertex -0.033983 0.00837605 0.0936832
      vertex -0.0347448 0.00421878 0.108297
    endloop
  endfacet
  facet normal -0.992558 0.120519 0.0174596
    outer loop
      vertex -0.033983 0.00837605 0.0936832
      vertex -0.0347448 0.00421878 0.0790693
      vertex -0.035 -3.83073e-17 0.0936832
    endloop
  endfacet
  facet normal -0.992558 0.120519 -0.0174595
    outer loop
      vertex -0.033983 0.00837605 0.0936832
      vertex -0.035 -3.83073e-17 0.0936832
      vertex -0.0347448 0.00421878 0.108297
    endloop
  endfacet
  facet normal -0.999848 -6.51072e-18 0.0174595
    outer loop
      vertex -0.0347448 0.00421878 0.108297
      vertex -0.035 -3.83073e-17 0.0936832
      vertex -0.0347448 -0.00421878 0.108297
    endloop
  endfacet
  facet normal -0.992558 -0.120519 0.0174596
    outer loop
      vertex -0.035 -3.83073e-17 0.0936832
      vertex -0.0347448 -0.00421878 0.0790693
      vertex -0.033983 -0.00837605 0.0936832
    endloop
  endfacet
  facet normal -0.992558 -0.120519 -0.0174595
    outer loop
      vertex -0.035 -3.83073e-17 0.0936832
      vertex -0.033983 -0.00837605 0.0936832
      vertex -0.0347448 -0.00421878 0.108297
    endloop
  endfacet
  facet normal -0.970794 -0.239279 0.0174592
    outer loop
      vertex -0.0347448 -0.00421878 0.108297
      vertex -0.033983 -0.00837605 0.0936832
      vertex -0.0327256 -0.0124112 0.108297
    endloop
  endfacet
  facet normal -0.934874 -0.354551 0.0174597
    outer loop
      vertex -0.033983 -0.00837605 0.0936832
      vertex -0.0327256 -0.0124112 0.0790693
      vertex -0.030991 -0.0162653 0.0936832
    endloop
  endfacet
  facet normal -0.934874 -0.354551 -0.0174597
    outer loop
      vertex -0.033983 -0.00837605 0.0936832
      vertex -0.030991 -0.0162653 0.0936832
      vertex -0.0327256 -0.0124112 0.108297
    endloop
  endfacet
  facet normal -0.885321 -0.464653 0.0174594
    outer loop
      vertex -0.0327256 -0.0124112 0.108297
      vertex -0.030991 -0.0162653 0.0936832
      vertex -0.0288044 -0.0198823 0.108297
    endloop
  endfacet
  facet normal -0.822858 -0.567979 0.0174596
    outer loop
      vertex -0.030991 -0.0162653 0.0936832
      vertex -0.0288044 -0.0198823 0.0790693
      vertex -0.0261979 -0.0232093 0.0936832
    endloop
  endfacet
  facet normal -0.822858 -0.567979 -0.0174596
    outer loop
      vertex -0.030991 -0.0162653 0.0936832
      vertex -0.0261979 -0.0232093 0.0936832
      vertex -0.0288044 -0.0198823 0.108297
    endloop
  endfacet
  facet normal -0.748396 -0.663022 0.0174593
    outer loop
      vertex -0.0288044 -0.0198823 0.108297
      vertex -0.0261979 -0.0232093 0.0936832
      vertex -0.0232093 -0.0261979 0.108297
    endloop
  endfacet
  facet normal -0.663022 -0.748396 0.0174593
    outer loop
      vertex -0.0261979 -0.0232093 0.0936832
      vertex -0.0232093 -0.0261979 0.0790693
      vertex -0.0198823 -0.0288044 0.0936832
    endloop
  endfacet
  facet normal -0.663022 -0.748396 -0.0174593
    outer loop
      vertex -0.0261979 -0.0232093 0.0936832
      vertex -0.0198823 -0.0288044 0.0936832
      vertex -0.0232093 -0.0261979 0.108297
    endloop
  endfacet
  facet normal -0.567979 -0.822858 0.0174596
    outer loop
      vertex -0.0232093 -0.0261979 0.108297
      vertex -0.0198823 -0.0288044 0.0936832
      vertex -0.0162653 -0.030991 0.108297
    endloop
  endfacet
  facet normal -0.464653 -0.885321 0.0174595
    outer loop
      vertex -0.0198823 -0.0288044 0.0936832
      vertex -0.0162653 -0.030991 0.0790693
      vertex -0.0124112 -0.0327256 0.0936832
    endloop
  endfacet
  facet normal -0.464653 -0.885321 -0.0174594
    outer loop
      vertex -0.0198823 -0.0288044 0.0936832
      vertex -0.0124112 -0.0327256 0.0936832
      vertex -0.0162653 -0.030991 0.108297
    endloop
  endfacet
  facet normal -0.354551 -0.934874 0.0174597
    outer loop
      vertex -0.0162653 -0.030991 0.108297
      vertex -0.0124112 -0.0327256 0.0936832
      vertex -0.00837605 -0.033983 0.108297
    endloop
  endfacet
  facet normal 0.992558 -0.120519 -0.0174596
    outer loop
      vertex 0.033983 -0.00837605 0.0644555
      vertex 0.035 4.30028e-17 0.0644555
      vertex 0.0347448 -0.00421878 0.0790693
    endloop
  endfacet
  facet normal 0.970794 -0.239279 0.0174592
    outer loop
      vertex 0.033983 -0.00837605 0.0644555
      vertex 0.0347448 -0.00421878 0.0790693
      vertex 0.0327256 -0.0124112 0.0790693
    endloop
  endfacet
  facet normal 0.934874 -0.354551 -0.0174597
    outer loop
      vertex 0.030991 -0.0162653 0.0644555
      vertex 0.033983 -0.00837605 0.0644555
      vertex 0.0327256 -0.0124112 0.0790693
    endloop
  endfacet
  facet normal -0.239279 -0.970794 0.0174592
    outer loop
      vertex -0.0124112 -0.0327256 0.0936832
      vertex -0.00837605 -0.033983 0.0790693
      vertex -0.00421878 -0.0347448 0.0936832
    endloop
  endfacet
  facet normal 0.885321 -0.464653 0.0174595
    outer loop
      vertex 0.030991 -0.0162653 0.0644555
      vertex 0.0327256 -0.0124112 0.0790693
      vertex 0.0288044 -0.0198823 0.0790693
    endloop
  endfacet
  facet normal 0.822858 -0.567979 -0.0174596
    outer loop
      vertex 0.0261979 -0.0232093 0.0644555
      vertex 0.030991 -0.0162653 0.0644555
      vertex 0.0288044 -0.0198823 0.0790693
    endloop
  endfacet
  facet normal -0.239279 -0.970794 -0.0174592
    outer loop
      vertex -0.0124112 -0.0327256 0.0936832
      vertex -0.00421878 -0.0347448 0.0936832
      vertex -0.00837605 -0.033983 0.108297
    endloop
  endfacet
  facet normal 0.748396 -0.663022 0.0174593
    outer loop
      vertex 0.0261979 -0.0232093 0.0644555
      vertex 0.0288044 -0.0198823 0.0790693
      vertex 0.0232093 -0.0261979 0.0790693
    endloop
  endfacet
  facet normal 0.663022 -0.748396 -0.0174593
    outer loop
      vertex 0.0198823 -0.0288044 0.0644555
      vertex 0.0261979 -0.0232093 0.0644555
      vertex 0.0232093 -0.0261979 0.0790693
    endloop
  endfacet
  facet normal -0.120519 -0.992558 0.0174595
    outer loop
      vertex -0.00837605 -0.033983 0.108297
      vertex -0.00421878 -0.0347448 0.0936832
      vertex -4.04419e-18 -0.035 0.108297
    endloop
  endfacet
  facet normal 0.567979 -0.822858 0.0174596
    outer loop
      vertex 0.0162653 -0.030991 0.0790693
      vertex 0.0198823 -0.0288044 0.0644555
      vertex 0.0232093 -0.0261979 0.0790693
    endloop
  endfacet
  facet normal 0.464653 -0.885321 -0.0174595
    outer loop
      vertex 0.0124112 -0.0327256 0.0644555
      vertex 0.0198823 -0.0288044 0.0644555
      vertex 0.0162653 -0.030991 0.0790693
    endloop
  endfacet
  facet normal 0 -0.999848 0.0174595
    outer loop
      vertex -0.00421878 -0.0347448 0.0936832
      vertex -2.64879e-18 -0.035 0.0790693
      vertex 0.00421878 -0.0347448 0.0936832
    endloop
  endfacet
  facet normal 0.354551 -0.934874 0.0174597
    outer loop
      vertex 0.00837605 -0.033983 0.0790693
      vertex 0.0124112 -0.0327256 0.0644555
      vertex 0.0162653 -0.030991 0.0790693
    endloop
  endfacet
  facet normal 0.239279 -0.970794 -0.0174592
    outer loop
      vertex 0.00421878 -0.0347448 0.0644555
      vertex 0.0124112 -0.0327256 0.0644555
      vertex 0.00837605 -0.033983 0.0790693
    endloop
  endfacet
  facet normal 0 -0.999848 -0.0174595
    outer loop
      vertex -0.00421878 -0.0347448 0.0936832
      vertex 0.00421878 -0.0347448 0.0936832
      vertex -4.04419e-18 -0.035 0.108297
    endloop
  endfacet
  facet normal 0.120519 -0.992558 0.0174596
    outer loop
      vertex -2.64879e-18 -0.035 0.0790693
      vertex 0.00421878 -0.0347448 0.0644555
      vertex 0.00837605 -0.033983 0.0790693
    endloop
  endfacet
  facet normal 0 -0.999848 -0.0174595
    outer loop
      vertex -0.00421878 -0.0347448 0.0644555
      vertex 0.00421878 -0.0347448 0.0644555
      vertex -2.64879e-18 -0.035 0.0790693
    endloop
  endfacet
  facet normal 0.120519 -0.992558 0.0174595
    outer loop
      vertex -4.04419e-18 -0.035 0.108297
      vertex 0.00421878 -0.0347448 0.0936832
      vertex 0.00837605 -0.033983 0.108297
    endloop
  endfacet
  facet normal -0.120519 -0.992558 0.0174596
    outer loop
      vertex -0.00837605 -0.033983 0.0790693
      vertex -0.00421878 -0.0347448 0.0644555
      vertex -2.64879e-18 -0.035 0.0790693
    endloop
  endfacet
  facet normal -0.239279 -0.970794 -0.0174592
    outer loop
      vertex -0.0124112 -0.0327256 0.0644555
      vertex -0.00421878 -0.0347448 0.0644555
      vertex -0.00837605 -0.033983 0.0790693
    endloop
  endfacet
  facet normal 0.239279 -0.970794 0.0174592
    outer loop
      vertex 0.00421878 -0.0347448 0.0936832
      vertex 0.00837605 -0.033983 0.0790693
      vertex 0.0124112 -0.0327256 0.0936832
    endloop
  endfacet
  facet normal -0.354551 -0.934874 0.0174597
    outer loop
      vertex -0.0162653 -0.030991 0.0790693
      vertex -0.0124112 -0.0327256 0.0644555
      vertex -0.00837605 -0.033983 0.0790693
    endloop
  endfacet
  facet normal -0.464653 -0.885321 -0.0174595
    outer loop
      vertex -0.0198823 -0.0288044 0.0644555
      vertex -0.0124112 -0.0327256 0.0644555
      vertex -0.0162653 -0.030991 0.0790693
    endloop
  endfacet
  facet normal 0.239279 -0.970794 -0.0174592
    outer loop
      vertex 0.00421878 -0.0347448 0.0936832
      vertex 0.0124112 -0.0327256 0.0936832
      vertex 0.00837605 -0.033983 0.108297
    endloop
  endfacet
  facet normal -0.567979 -0.822858 0.0174596
    outer loop
      vertex -0.0232093 -0.0261979 0.0790693
      vertex -0.0198823 -0.0288044 0.0644555
      vertex -0.0162653 -0.030991 0.0790693
    endloop
  endfacet
  facet normal -0.663022 -0.748396 -0.0174593
    outer loop
      vertex -0.0261979 -0.0232093 0.0644555
      vertex -0.0198823 -0.0288044 0.0644555
      vertex -0.0232093 -0.0261979 0.0790693
    endloop
  endfacet
  facet normal 0.354551 -0.934874 0.0174597
    outer loop
      vertex 0.00837605 -0.033983 0.108297
      vertex 0.0124112 -0.0327256 0.0936832
      vertex 0.0162653 -0.030991 0.108297
    endloop
  endfacet
  facet normal -0.748396 -0.663022 0.0174593
    outer loop
      vertex -0.0288044 -0.0198823 0.0790693
      vertex -0.0261979 -0.0232093 0.0644555
      vertex -0.0232093 -0.0261979 0.0790693
    endloop
  endfacet
  facet normal -0.822858 -0.567979 -0.0174596
    outer loop
      vertex -0.030991 -0.0162653 0.0644555
      vertex -0.0261979 -0.0232093 0.0644555
      vertex -0.0288044 -0.0198823 0.0790693
    endloop
  endfacet
  facet normal 0.464653 -0.885321 0.0174595
    outer loop
      vertex 0.0124112 -0.0327256 0.0936832
      vertex 0.0162653 -0.030991 0.0790693
      vertex 0.0198823 -0.0288044 0.0936832
    endloop
  endfacet
  facet normal -0.885321 -0.464653 0.0174595
    outer loop
      vertex -0.0327256 -0.0124112 0.0790693
      vertex -0.030991 -0.0162653 0.0644555
      vertex -0.0288044 -0.0198823 0.0790693
    endloop
  endfacet
  facet normal -0.934874 -0.354551 -0.0174597
    outer loop
      vertex -0.033983 -0.00837605 0.0644555
      vertex -0.030991 -0.0162653 0.0644555
      vertex -0.0327256 -0.0124112 0.0790693
    endloop
  endfacet
  facet normal 0.464653 -0.885321 -0.0174594
    outer loop
      vertex 0.0124112 -0.0327256 0.0936832
      vertex 0.0198823 -0.0288044 0.0936832
      vertex 0.0162653 -0.030991 0.108297
    endloop
  endfacet
  facet normal -0.970794 -0.239279 0.0174592
    outer loop
      vertex -0.0347448 -0.00421878 0.0790693
      vertex -0.033983 -0.00837605 0.0644555
      vertex -0.0327256 -0.0124112 0.0790693
    endloop
  endfacet
  facet normal -0.992558 -0.120519 -0.0174596
    outer loop
      vertex -0.035 -3.65297e-17 0.0644555
      vertex -0.033983 -0.00837605 0.0644555
      vertex -0.0347448 -0.00421878 0.0790693
    endloop
  endfacet
  facet normal 0.567979 -0.822858 0.0174596
    outer loop
      vertex 0.0198823 -0.0288044 0.0936832
      vertex 0.0232093 -0.0261979 0.108297
      vertex 0.0162653 -0.030991 0.108297
    endloop
  endfacet
  facet normal -0.999848 6.51071e-18 0.0174595
    outer loop
      vertex -0.0347448 0.00421878 0.0790693
      vertex -0.035 -3.65297e-17 0.0644555
      vertex -0.0347448 -0.00421878 0.0790693
    endloop
  endfacet
  facet normal -0.992558 0.120519 -0.0174596
    outer loop
      vertex -0.033983 0.00837605 0.0644555
      vertex -0.035 -3.65297e-17 0.0644555
      vertex -0.0347448 0.00421878 0.0790693
    endloop
  endfacet
  facet normal 0.663022 -0.748396 0.0174593
    outer loop
      vertex 0.0232093 -0.0261979 0.0790693
      vertex 0.0261979 -0.0232093 0.0936832
      vertex 0.0198823 -0.0288044 0.0936832
    endloop
  endfacet
  facet normal -0.970794 0.239279 0.0174592
    outer loop
      vertex -0.0327256 0.0124112 0.0790693
      vertex -0.033983 0.00837605 0.0644555
      vertex -0.0347448 0.00421878 0.0790693
    endloop
  endfacet
  facet normal -0.934874 0.354551 -0.0174597
    outer loop
      vertex -0.030991 0.0162653 0.0644555
      vertex -0.033983 0.00837605 0.0644555
      vertex -0.0327256 0.0124112 0.0790693
    endloop
  endfacet
  facet normal 0.663022 -0.748396 -0.0174593
    outer loop
      vertex 0.0198823 -0.0288044 0.0936832
      vertex 0.0261979 -0.0232093 0.0936832
      vertex 0.0232093 -0.0261979 0.108297
    endloop
  endfacet
  facet normal -0.885321 0.464653 0.0174595
    outer loop
      vertex -0.0288044 0.0198823 0.0790693
      vertex -0.030991 0.0162653 0.0644555
      vertex -0.0327256 0.0124112 0.0790693
    endloop
  endfacet
  facet normal -0.822858 0.567979 -0.0174596
    outer loop
      vertex -0.0261979 0.0232093 0.0644555
      vertex -0.030991 0.0162653 0.0644555
      vertex -0.0288044 0.0198823 0.0790693
    endloop
  endfacet
  facet normal 0.748396 -0.663022 0.0174593
    outer loop
      vertex 0.0261979 -0.0232093 0.0936832
      vertex 0.0288044 -0.0198823 0.108297
      vertex 0.0232093 -0.0261979 0.108297
    endloop
  endfacet
  facet normal -0.748396 0.663022 0.0174593
    outer loop
      vertex -0.0232093 0.0261979 0.0790693
      vertex -0.0261979 0.0232093 0.0644555
      vertex -0.0288044 0.0198823 0.0790693
    endloop
  endfacet
  facet normal -0.663022 0.748396 -0.0174593
    outer loop
      vertex -0.0198823 0.0288044 0.0644555
      vertex -0.0261979 0.0232093 0.0644555
      vertex -0.0232093 0.0261979 0.0790693
    endloop
  endfacet
  facet normal 0.822858 -0.567979 0.0174596
    outer loop
      vertex 0.0288044 -0.0198823 0.0790693
      vertex 0.030991 -0.0162653 0.0936832
      vertex 0.0261979 -0.0232093 0.0936832
    endloop
  endfacet
  facet normal -0.567979 0.822858 0.0174596
    outer loop
      vertex -0.0162653 0.030991 0.0790693
      vertex -0.0198823 0.0288044 0.0644555
      vertex -0.0232093 0.0261979 0.0790693
    endloop
  endfacet
  facet normal -0.464653 0.885321 -0.0174595
    outer loop
      vertex -0.0124112 0.0327256 0.0644555
      vertex -0.0198823 0.0288044 0.0644555
      vertex -0.0162653 0.030991 0.0790693
    endloop
  endfacet
  facet normal 0.822858 -0.567979 -0.0174596
    outer loop
      vertex 0.0261979 -0.0232093 0.0936832
      vertex 0.030991 -0.0162653 0.0936832
      vertex 0.0288044 -0.0198823 0.108297
    endloop
  endfacet
  facet normal -0.354551 0.934874 0.0174597
    outer loop
      vertex -0.00837605 0.033983 0.0790693
      vertex -0.0124112 0.0327256 0.0644555
      vertex -0.0162653 0.030991 0.0790693
    endloop
  endfacet
  facet normal -0.239279 0.970794 -0.0174592
    outer loop
      vertex -0.00421878 0.0347448 0.0644555
      vertex -0.0124112 0.0327256 0.0644555
      vertex -0.00837605 0.033983 0.0790693
    endloop
  endfacet
  facet normal 0.885321 -0.464653 0.0174594
    outer loop
      vertex 0.030991 -0.0162653 0.0936832
      vertex 0.0327256 -0.0124112 0.108297
      vertex 0.0288044 -0.0198823 0.108297
    endloop
  endfacet
  facet normal -0.120519 0.992558 0.0174596
    outer loop
      vertex -8.37831e-17 0.035 0.0790693
      vertex -0.00421878 0.0347448 0.0644555
      vertex -0.00837605 0.033983 0.0790693
    endloop
  endfacet
  facet normal 0 0.999848 -0.0174595
    outer loop
      vertex 0.00421878 0.0347448 0.0644555
      vertex -0.00421878 0.0347448 0.0644555
      vertex -8.37831e-17 0.035 0.0790693
    endloop
  endfacet
  facet normal 0.934874 -0.354551 0.0174597
    outer loop
      vertex 0.0327256 -0.0124112 0.0790693
      vertex 0.033983 -0.00837605 0.0936832
      vertex 0.030991 -0.0162653 0.0936832
    endloop
  endfacet
  facet normal 0.120519 0.992558 0.0174596
    outer loop
      vertex 0.00837605 0.033983 0.0790693
      vertex 0.00421878 0.0347448 0.0644555
      vertex -8.37831e-17 0.035 0.0790693
    endloop
  endfacet
  facet normal 0.239279 0.970794 -0.0174592
    outer loop
      vertex 0.0124112 0.0327256 0.0644555
      vertex 0.00421878 0.0347448 0.0644555
      vertex 0.00837605 0.033983 0.0790693
    endloop
  endfacet
  facet normal 0.934874 -0.354551 -0.0174597
    outer loop
      vertex 0.030991 -0.0162653 0.0936832
      vertex 0.033983 -0.00837605 0.0936832
      vertex 0.0327256 -0.0124112 0.108297
    endloop
  endfacet
  facet normal 0.354551 0.934874 0.0174597
    outer loop
      vertex 0.0162653 0.030991 0.0790693
      vertex 0.0124112 0.0327256 0.0644555
      vertex 0.00837605 0.033983 0.0790693
    endloop
  endfacet
  facet normal 0.464653 0.885321 -0.0174595
    outer loop
      vertex 0.0198823 0.0288044 0.0644555
      vertex 0.0124112 0.0327256 0.0644555
      vertex 0.0162653 0.030991 0.0790693
    endloop
  endfacet
  facet normal 0.970794 -0.239279 0.0174592
    outer loop
      vertex 0.033983 -0.00837605 0.0936832
      vertex 0.0347448 -0.00421878 0.108297
      vertex 0.0327256 -0.0124112 0.108297
    endloop
  endfacet
  facet normal 0.567979 0.822858 0.0174596
    outer loop
      vertex 0.0232093 0.0261979 0.0790693
      vertex 0.0198823 0.0288044 0.0644555
      vertex 0.0162653 0.030991 0.0790693
    endloop
  endfacet
  facet normal 0.663022 0.748396 -0.0174593
    outer loop
      vertex 0.0261979 0.0232093 0.0644555
      vertex 0.0198823 0.0288044 0.0644555
      vertex 0.0232093 0.0261979 0.0790693
    endloop
  endfacet
  facet normal 0.992558 -0.120519 -0.0174595
    outer loop
      vertex 0.033983 -0.00837605 0.0936832
      vertex 0.035 4.50997e-17 0.0936832
      vertex 0.0347448 -0.00421878 0.108297
    endloop
  endfacet
  facet normal 0.748396 0.663022 0.0174593
    outer loop
      vertex 0.0288044 0.0198823 0.0790693
      vertex 0.0261979 0.0232093 0.0644555
      vertex 0.0232093 0.0261979 0.0790693
    endloop
  endfacet
  facet normal 0.822858 0.567979 -0.0174596
    outer loop
      vertex 0.030991 0.0162653 0.0644555
      vertex 0.0261979 0.0232093 0.0644555
      vertex 0.0288044 0.0198823 0.0790693
    endloop
  endfacet
  facet normal 0.992558 -0.120519 0.0174596
    outer loop
      vertex 0.0347448 -0.00421878 0.0790693
      vertex 0.035 4.50997e-17 0.0936832
      vertex 0.033983 -0.00837605 0.0936832
    endloop
  endfacet
  facet normal 0.885321 0.464653 0.0174595
    outer loop
      vertex 0.0327256 0.0124112 0.0790693
      vertex 0.030991 0.0162653 0.0644555
      vertex 0.0288044 0.0198823 0.0790693
    endloop
  endfacet
  facet normal 0.934874 0.354551 -0.0174597
    outer loop
      vertex 0.033983 0.00837605 0.0644555
      vertex 0.030991 0.0162653 0.0644555
      vertex 0.0327256 0.0124112 0.0790693
    endloop
  endfacet
  facet normal 0.970794 0.239279 0.0174592
    outer loop
      vertex 0.033983 0.00837605 0.0644555
      vertex 0.0327256 0.0124112 0.0790693
      vertex 0.0347448 0.00421878 0.0790693
    endloop
  endfacet
  facet normal 0.970794 0.239279 -0.0174592
    outer loop
      vertex 0.0347448 0.00421878 0.0790693
      vertex 0.0327256 0.0124112 0.0790693
      vertex 0.033983 0.00837605 0.0936832
    endloop
  endfacet
  facet normal 0.992558 0.120519 0.0174596
    outer loop
      vertex 0.0347448 0.00421878 0.0790693
      vertex 0.033983 0.00837605 0.0936832
      vertex 0.035 4.50997e-17 0.0936832
    endloop
  endfacet
  facet normal 0.999848 0 -0.0174595
    outer loop
      vertex 0.0347448 -0.00421878 0.0790693
      vertex 0.0347448 0.00421878 0.0790693
      vertex 0.035 4.50997e-17 0.0936832
    endloop
  endfacet
  facet normal 0.992558 0.120519 0.0174596
    outer loop
      vertex 0.0347448 0.00421878 0.0498416
      vertex 0.033983 0.00837605 0.0644555
      vertex 0.035 4.30028e-17 0.0644555
    endloop
  endfacet
  facet normal 0.934874 0.354551 0.0174597
    outer loop
      vertex 0.033983 0.00837605 0.0644555
      vertex 0.0327256 0.0124112 0.0498416
      vertex 0.030991 0.0162653 0.0644555
    endloop
  endfacet
  facet normal 0.992558 -0.120519 0.0174596
    outer loop
      vertex 0.0347448 -0.00421878 0.0498416
      vertex 0.035 4.30028e-17 0.0644555
      vertex 0.033983 -0.00837605 0.0644555
    endloop
  endfacet
  facet normal 0.934874 -0.354551 0.0174597
    outer loop
      vertex 0.0327256 -0.0124112 0.0498416
      vertex 0.033983 -0.00837605 0.0644555
      vertex 0.030991 -0.0162653 0.0644555
    endloop
  endfacet
  facet normal 0.822858 -0.567979 0.0174596
    outer loop
      vertex 0.0288044 -0.0198823 0.0498416
      vertex 0.030991 -0.0162653 0.0644555
      vertex 0.0261979 -0.0232093 0.0644555
    endloop
  endfacet
  facet normal 0.663022 -0.748396 0.0174593
    outer loop
      vertex 0.0198823 -0.0288044 0.0644555
      vertex 0.0232093 -0.0261979 0.0498416
      vertex 0.0261979 -0.0232093 0.0644555
    endloop
  endfacet
  facet normal 0.464653 -0.885321 0.0174595
    outer loop
      vertex 0.0124112 -0.0327256 0.0644555
      vertex 0.0162653 -0.030991 0.0498416
      vertex 0.0198823 -0.0288044 0.0644555
    endloop
  endfacet
  facet normal 0.822858 0.567979 0.0174596
    outer loop
      vertex 0.030991 0.0162653 0.0644555
      vertex 0.0288044 0.0198823 0.0498416
      vertex 0.0261979 0.0232093 0.0644555
    endloop
  endfacet
  facet normal 0.239279 -0.970794 0.0174592
    outer loop
      vertex 0.00421878 -0.0347448 0.0644555
      vertex 0.00837605 -0.033983 0.0498416
      vertex 0.0124112 -0.0327256 0.0644555
    endloop
  endfacet
  facet normal 0 -0.999848 0.0174595
    outer loop
      vertex -0.00421878 -0.0347448 0.0644555
      vertex 6.49849e-19 -0.035 0.0498416
      vertex 0.00421878 -0.0347448 0.0644555
    endloop
  endfacet
  facet normal 0.663022 0.748396 0.0174593
    outer loop
      vertex 0.0261979 0.0232093 0.0644555
      vertex 0.0232093 0.0261979 0.0498416
      vertex 0.0198823 0.0288044 0.0644555
    endloop
  endfacet
  facet normal -0.239279 -0.970794 0.0174592
    outer loop
      vertex -0.0124112 -0.0327256 0.0644555
      vertex -0.00837605 -0.033983 0.0498416
      vertex -0.00421878 -0.0347448 0.0644555
    endloop
  endfacet
  facet normal -0.464653 -0.885321 0.0174595
    outer loop
      vertex -0.0198823 -0.0288044 0.0644555
      vertex -0.0162653 -0.030991 0.0498416
      vertex -0.0124112 -0.0327256 0.0644555
    endloop
  endfacet
  facet normal 0.464653 0.885321 0.0174595
    outer loop
      vertex 0.0198823 0.0288044 0.0644555
      vertex 0.0162653 0.030991 0.0498416
      vertex 0.0124112 0.0327256 0.0644555
    endloop
  endfacet
  facet normal -0.663022 -0.748396 0.0174593
    outer loop
      vertex -0.0261979 -0.0232093 0.0644555
      vertex -0.0232093 -0.0261979 0.0498416
      vertex -0.0198823 -0.0288044 0.0644555
    endloop
  endfacet
  facet normal -0.822858 -0.567979 0.0174596
    outer loop
      vertex -0.030991 -0.0162653 0.0644555
      vertex -0.0288044 -0.0198823 0.0498416
      vertex -0.0261979 -0.0232093 0.0644555
    endloop
  endfacet
  facet normal 0.239279 0.970794 0.0174592
    outer loop
      vertex 0.0124112 0.0327256 0.0644555
      vertex 0.00837605 0.033983 0.0498416
      vertex 0.00421878 0.0347448 0.0644555
    endloop
  endfacet
  facet normal -0.934874 -0.354551 0.0174597
    outer loop
      vertex -0.033983 -0.00837605 0.0644555
      vertex -0.0327256 -0.0124112 0.0498416
      vertex -0.030991 -0.0162653 0.0644555
    endloop
  endfacet
  facet normal -0.992558 -0.120519 0.0174596
    outer loop
      vertex -0.035 -3.65297e-17 0.0644555
      vertex -0.0347448 -0.00421878 0.0498416
      vertex -0.033983 -0.00837605 0.0644555
    endloop
  endfacet
  facet normal 0 0.999848 0.0174595
    outer loop
      vertex 0.00421878 0.0347448 0.0644555
      vertex -8.33513e-17 0.035 0.0498416
      vertex -0.00421878 0.0347448 0.0644555
    endloop
  endfacet
  facet normal -0.992558 0.120519 0.0174596
    outer loop
      vertex -0.033983 0.00837605 0.0644555
      vertex -0.0347448 0.00421878 0.0498416
      vertex -0.035 -3.65297e-17 0.0644555
    endloop
  endfacet
  facet normal -0.934874 0.354551 0.0174597
    outer loop
      vertex -0.030991 0.0162653 0.0644555
      vertex -0.0327256 0.0124112 0.0498416
      vertex -0.033983 0.00837605 0.0644555
    endloop
  endfacet
  facet normal -0.239279 0.970794 0.0174592
    outer loop
      vertex -0.00421878 0.0347448 0.0644555
      vertex -0.00837605 0.033983 0.0498416
      vertex -0.0124112 0.0327256 0.0644555
    endloop
  endfacet
  facet normal -0.822858 0.567979 0.0174596
    outer loop
      vertex -0.0261979 0.0232093 0.0644555
      vertex -0.0288044 0.0198823 0.0498416
      vertex -0.030991 0.0162653 0.0644555
    endloop
  endfacet
  facet normal -0.663022 0.748396 0.0174593
    outer loop
      vertex -0.0198823 0.0288044 0.0644555
      vertex -0.0232093 0.0261979 0.0498416
      vertex -0.0261979 0.0232093 0.0644555
    endloop
  endfacet
  facet normal -0.464653 0.885321 0.0174595
    outer loop
      vertex -0.0124112 0.0327256 0.0644555
      vertex -0.0162653 0.030991 0.0498416
      vertex -0.0198823 0.0288044 0.0644555
    endloop
  endfacet
  facet normal 0.992558 0.120519 -0.0174595
    outer loop
      vertex 0.035 4.41405e-17 0.122911
      vertex 0.033983 0.00837605 0.122911
      vertex 0.0347448 0.00421878 0.137525
    endloop
  endfacet
  facet normal 0.999848 0 0.0174595
    outer loop
      vertex 0.035 4.41405e-17 0.122911
      vertex 0.0347448 0.00421878 0.137525
      vertex 0.0347448 -0.00421878 0.137525
    endloop
  endfacet
  facet normal 0.970794 -0.239279 -0.0174592
    outer loop
      vertex 0.0327256 -0.0124112 0.137525
      vertex 0.0347448 -0.00421878 0.137525
      vertex 0.033983 -0.00837605 0.152139
    endloop
  endfacet
  facet normal 0.885321 -0.464653 -0.0174594
    outer loop
      vertex 0.0288044 -0.0198823 0.137525
      vertex 0.0327256 -0.0124112 0.137525
      vertex 0.030991 -0.0162653 0.152139
    endloop
  endfacet
  facet normal 0.748396 -0.663022 -0.0174593
    outer loop
      vertex 0.0232093 -0.0261979 0.137525
      vertex 0.0288044 -0.0198823 0.137525
      vertex 0.0261979 -0.0232093 0.152139
    endloop
  endfacet
  facet normal 0.567979 -0.822858 -0.0174596
    outer loop
      vertex 0.0162653 -0.030991 0.137525
      vertex 0.0232093 -0.0261979 0.137525
      vertex 0.0198823 -0.0288044 0.152139
    endloop
  endfacet
  facet normal 0.354551 -0.934874 -0.0174597
    outer loop
      vertex 0.00837605 -0.033983 0.137525
      vertex 0.0162653 -0.030991 0.137525
      vertex 0.0124112 -0.0327256 0.152139
    endloop
  endfacet
  facet normal 0.120519 -0.992558 -0.0174595
    outer loop
      vertex -2.56889e-18 -0.035 0.137525
      vertex 0.00837605 -0.033983 0.137525
      vertex 0.00421878 -0.0347448 0.152139
    endloop
  endfacet
  facet normal -0.120519 -0.992558 -0.0174595
    outer loop
      vertex -0.00837605 -0.033983 0.137525
      vertex -2.56889e-18 -0.035 0.137525
      vertex -0.00421878 -0.0347448 0.152139
    endloop
  endfacet
  facet normal -0.354551 -0.934874 -0.0174597
    outer loop
      vertex -0.0162653 -0.030991 0.137525
      vertex -0.00837605 -0.033983 0.137525
      vertex -0.0124112 -0.0327256 0.152139
    endloop
  endfacet
  facet normal -0.567979 -0.822858 -0.0174596
    outer loop
      vertex -0.0232093 -0.0261979 0.137525
      vertex -0.0162653 -0.030991 0.137525
      vertex -0.0198823 -0.0288044 0.152139
    endloop
  endfacet
  facet normal -0.748396 -0.663022 -0.0174593
    outer loop
      vertex -0.0288044 -0.0198823 0.137525
      vertex -0.0232093 -0.0261979 0.137525
      vertex -0.0261979 -0.0232093 0.152139
    endloop
  endfacet
  facet normal -0.885321 -0.464653 -0.0174594
    outer loop
      vertex -0.0327256 -0.0124112 0.137525
      vertex -0.0288044 -0.0198823 0.137525
      vertex -0.030991 -0.0162653 0.152139
    endloop
  endfacet
  facet normal -0.970794 -0.239279 -0.0174592
    outer loop
      vertex -0.0347448 -0.00421878 0.137525
      vertex -0.0327256 -0.0124112 0.137525
      vertex -0.033983 -0.00837605 0.152139
    endloop
  endfacet
  facet normal -0.999848 -0 -0.0174595
    outer loop
      vertex -0.0347448 0.00421878 0.137525
      vertex -0.0347448 -0.00421878 0.137525
      vertex -0.035 -3.597e-17 0.152139
    endloop
  endfacet
  facet normal -0.970794 0.239279 -0.0174592
    outer loop
      vertex -0.0327256 0.0124112 0.137525
      vertex -0.0347448 0.00421878 0.137525
      vertex -0.033983 0.00837605 0.152139
    endloop
  endfacet
  facet normal -0.885321 0.464653 -0.0174594
    outer loop
      vertex -0.0288044 0.0198823 0.137525
      vertex -0.0327256 0.0124112 0.137525
      vertex -0.030991 0.0162653 0.152139
    endloop
  endfacet
  facet normal -0.748396 0.663022 -0.0174593
    outer loop
      vertex -0.0232093 0.0261979 0.137525
      vertex -0.0288044 0.0198823 0.137525
      vertex -0.0261979 0.0232093 0.152139
    endloop
  endfacet
  facet normal -0.567979 0.822858 -0.0174596
    outer loop
      vertex -0.0162653 0.030991 0.137525
      vertex -0.0232093 0.0261979 0.137525
      vertex -0.0198823 0.0288044 0.152139
    endloop
  endfacet
  facet normal -0.354551 0.934874 -0.0174597
    outer loop
      vertex -0.00837605 0.033983 0.137525
      vertex -0.0162653 0.030991 0.137525
      vertex -0.0124112 0.0327256 0.152139
    endloop
  endfacet
  facet normal -0.120519 0.992558 -0.0174595
    outer loop
      vertex -8.29016e-17 0.035 0.137525
      vertex -0.00837605 0.033983 0.137525
      vertex -0.00421878 0.0347448 0.152139
    endloop
  endfacet
  facet normal 0.120519 0.992558 -0.0174595
    outer loop
      vertex 0.00837605 0.033983 0.137525
      vertex -8.29016e-17 0.035 0.137525
      vertex 0.00421878 0.0347448 0.152139
    endloop
  endfacet
  facet normal 0.354551 0.934874 -0.0174597
    outer loop
      vertex 0.0162653 0.030991 0.137525
      vertex 0.00837605 0.033983 0.137525
      vertex 0.0124112 0.0327256 0.152139
    endloop
  endfacet
  facet normal 0.567979 0.822858 -0.0174596
    outer loop
      vertex 0.0232093 0.0261979 0.137525
      vertex 0.0162653 0.030991 0.137525
      vertex 0.0198823 0.0288044 0.152139
    endloop
  endfacet
  facet normal 0.748396 0.663022 -0.0174593
    outer loop
      vertex 0.0288044 0.0198823 0.137525
      vertex 0.0232093 0.0261979 0.137525
      vertex 0.0261979 0.0232093 0.152139
    endloop
  endfacet
  facet normal 0.885321 0.464653 -0.0174594
    outer loop
      vertex 0.0327256 0.0124112 0.137525
      vertex 0.0288044 0.0198823 0.137525
      vertex 0.030991 0.0162653 0.152139
    endloop
  endfacet
  facet normal 0.934874 0.354551 0.0174597
    outer loop
      vertex 0.0327256 0.0124112 0.137525
      vertex 0.030991 0.0162653 0.152139
      vertex 0.033983 0.00837605 0.152139
    endloop
  endfacet
  facet normal 0.992556 0.120518 -0.01757
    outer loop
      vertex 0.035 4.58196e-17 0.152139
      vertex 0.033983 0.00837605 0.152139
      vertex 0.0347448 0.00421879 0.166661
    endloop
  endfacet
  facet normal 0.999846 0 0.0175699
    outer loop
      vertex 0.035 4.58196e-17 0.152139
      vertex 0.0347448 0.00421879 0.166661
      vertex 0.0347448 -0.00421878 0.166661
    endloop
  endfacet
  facet normal 0.970791 -0.239279 -0.017626
    outer loop
      vertex 0.0327256 -0.0124112 0.166661
      vertex 0.0347448 -0.00421878 0.166661
      vertex 0.0339829 -0.00837609 0.181136
    endloop
  endfacet
  facet normal 0.885319 -0.46465 -0.0176272
    outer loop
      vertex 0.0288045 -0.0198822 0.16666
      vertex 0.0327256 -0.0124112 0.166661
      vertex 0.030991 -0.0162652 0.181135
    endloop
  endfacet
  facet normal 0.748404 -0.663009 -0.017629
    outer loop
      vertex 0.0232097 -0.0261975 0.166658
      vertex 0.0288045 -0.0198822 0.16666
      vertex 0.0261983 -0.0232088 0.181131
    endloop
  endfacet
  facet normal 0.56799 -0.822847 -0.0176319
    outer loop
      vertex 0.0162655 -0.0309909 0.166655
      vertex 0.0232097 -0.0261975 0.166658
      vertex 0.0198822 -0.0288045 0.181128
    endloop
  endfacet
  facet normal 0.354546 -0.934872 -0.0176306
    outer loop
      vertex 0.00837574 -0.033983 0.166657
      vertex 0.0162655 -0.0309909 0.166655
      vertex 0.012411 -0.0327256 0.18113
    endloop
  endfacet
  facet normal 0.120548 -0.992551 -0.0176237
    outer loop
      vertex 3.06924e-07 -0.035 0.166642
      vertex 0.00837574 -0.033983 0.166657
      vertex 0.00421827 -0.0347449 0.181125
    endloop
  endfacet
  facet normal -0.12055 -0.992551 -0.0176317
    outer loop
      vertex -0.00837668 -0.0339828 0.166656
      vertex 3.06924e-07 -0.035 0.166642
      vertex -0.00421861 -0.0347448 0.181123
    endloop
  endfacet
  facet normal -0.354569 -0.934864 -0.017627
    outer loop
      vertex -0.0162653 -0.030991 0.166661
      vertex -0.00837668 -0.0339828 0.166656
      vertex -0.0124111 -0.0327256 0.181131
    endloop
  endfacet
  facet normal -0.567977 -0.822856 -0.0176264
    outer loop
      vertex -0.0232093 -0.0261979 0.166661
      vertex -0.0162653 -0.030991 0.166661
      vertex -0.0198822 -0.0288045 0.181136
    endloop
  endfacet
  facet normal -0.748394 -0.66302 -0.0176264
    outer loop
      vertex -0.0288044 -0.0198823 0.166661
      vertex -0.0232093 -0.0261979 0.166661
      vertex -0.0261978 -0.0232094 0.181136
    endloop
  endfacet
  facet normal -0.885318 -0.464651 -0.0176257
    outer loop
      vertex -0.0327256 -0.0124112 0.166661
      vertex -0.0288044 -0.0198823 0.166661
      vertex -0.0309909 -0.0162654 0.181136
    endloop
  endfacet
  facet normal -0.970791 -0.239278 -0.0176262
    outer loop
      vertex -0.0347448 -0.00421879 0.166661
      vertex -0.0327256 -0.0124112 0.166661
      vertex -0.0339829 -0.00837612 0.181136
    endloop
  endfacet
  facet normal -0.999845 -0 -0.017626
    outer loop
      vertex -0.0347448 0.00421878 0.166661
      vertex -0.0347448 -0.00421879 0.166661
      vertex -0.035 -7.24287e-08 0.181136
    endloop
  endfacet
  facet normal -0.970791 0.239278 -0.0176257
    outer loop
      vertex -0.0327256 0.0124112 0.166661
      vertex -0.0347448 0.00421878 0.166661
      vertex -0.033983 0.00837598 0.181137
    endloop
  endfacet
  facet normal -0.885318 0.464652 -0.0176261
    outer loop
      vertex -0.0288044 0.0198823 0.166661
      vertex -0.0327256 0.0124112 0.166661
      vertex -0.030991 0.0162653 0.181137
    endloop
  endfacet
  facet normal -0.748394 0.663021 -0.0176265
    outer loop
      vertex -0.0232092 0.0261979 0.166661
      vertex -0.0288044 0.0198823 0.166661
      vertex -0.0261979 0.0232093 0.181137
    endloop
  endfacet
  facet normal -0.567972 0.822859 -0.0176264
    outer loop
      vertex -0.0162651 0.030991 0.166662
      vertex -0.0232092 0.0261979 0.166661
      vertex -0.0198822 0.0288045 0.181137
    endloop
  endfacet
  facet normal -0.354536 0.934876 -0.017625
    outer loop
      vertex -0.00837558 0.0339831 0.166664
      vertex -0.0162651 0.030991 0.166662
      vertex -0.0124109 0.0327257 0.181141
    endloop
  endfacet
  facet normal -0.120505 0.992556 -0.0176203
    outer loop
      vertex 2.41313e-08 0.035 0.166667
      vertex -0.00837558 0.0339831 0.166664
      vertex -0.0042187 0.0347448 0.181145
    endloop
  endfacet
  facet normal 0.120527 0.992554 -0.0176202
    outer loop
      vertex 0.00837605 0.033983 0.166671
      vertex 2.41313e-08 0.035 0.166667
      vertex 0.0042189 0.0347448 0.18115
    endloop
  endfacet
  facet normal 0.354557 0.934869 -0.0176199
    outer loop
      vertex 0.0162649 0.0309912 0.166678
      vertex 0.00837605 0.033983 0.166671
      vertex 0.0124102 0.0327259 0.181154
    endloop
  endfacet
  facet normal 0.567943 0.822879 -0.0176308
    outer loop
      vertex 0.0232092 0.026198 0.166664
      vertex 0.0162649 0.0309912 0.166678
      vertex 0.0198823 0.0288044 0.181144
    endloop
  endfacet
  facet normal 0.748389 0.663026 -0.0176266
    outer loop
      vertex 0.0288044 0.0198823 0.166661
      vertex 0.0232092 0.026198 0.166664
      vertex 0.0261979 0.0232092 0.181138
    endloop
  endfacet
  facet normal 0.885317 0.464653 -0.0176261
    outer loop
      vertex 0.0327256 0.0124112 0.166661
      vertex 0.0288044 0.0198823 0.166661
      vertex 0.030991 0.0162652 0.181137
    endloop
  endfacet
  facet normal 0.934872 0.354547 0.017626
    outer loop
      vertex 0.030991 0.0162652 0.181137
      vertex 0.033983 0.00837598 0.181137
      vertex 0.0327256 0.0124112 0.166661
    endloop
  endfacet
  facet normal 0.999845 0 -0.017626
    outer loop
      vertex 0.0347448 -0.00421878 0.166661
      vertex 0.0347448 0.00421879 0.166661
      vertex 0.035 -6.71389e-08 0.181136
    endloop
  endfacet
  facet normal 0.748396 -0.663022 0.0174593
    outer loop
      vertex 0.0261979 -0.0232093 0.122911
      vertex 0.0288044 -0.0198823 0.137525
      vertex 0.0232093 -0.0261979 0.137525
    endloop
  endfacet
  facet normal 0.663021 -0.748393 0.0176334
    outer loop
      vertex 0.0261983 -0.0232088 0.181131
      vertex 0.0198822 -0.0288045 0.181128
      vertex 0.0232097 -0.0261975 0.166658
    endloop
  endfacet
  facet normal -0.885321 -0.464653 0.0174594
    outer loop
      vertex -0.0327256 -0.0124112 0.137525
      vertex -0.030991 -0.0162653 0.122911
      vertex -0.0288044 -0.0198823 0.137525
    endloop
  endfacet
  facet normal 0.239258 -0.970796 0.0176334
    outer loop
      vertex 0.012411 -0.0327256 0.18113
      vertex 0.00421827 -0.0347449 0.181125
      vertex 0.00837574 -0.033983 0.166657
    endloop
  endfacet
  facet normal -8.28991e-06 -0.999845 0.017616
    outer loop
      vertex 0.00421827 -0.0347449 0.181125
      vertex -0.00421861 -0.0347448 0.181123
      vertex 3.06924e-07 -0.035 0.166642
    endloop
  endfacet
  facet normal -0.239259 -0.970796 0.0176319
    outer loop
      vertex -0.00421861 -0.0347448 0.181123
      vertex -0.0124111 -0.0327256 0.181131
      vertex -0.00837668 -0.0339828 0.166656
    endloop
  endfacet
  facet normal -0.934874 -0.354551 -0.0174597
    outer loop
      vertex -0.033983 -0.00837605 0.122911
      vertex -0.030991 -0.0162653 0.122911
      vertex -0.0327256 -0.0124112 0.137525
    endloop
  endfacet
  facet normal -0.663017 -0.748397 0.0176256
    outer loop
      vertex -0.0198822 -0.0288045 0.181136
      vertex -0.0261978 -0.0232094 0.181136
      vertex -0.0232093 -0.0261979 0.166661
    endloop
  endfacet
  facet normal -0.822855 -0.567978 0.0176258
    outer loop
      vertex -0.0261978 -0.0232094 0.181136
      vertex -0.0309909 -0.0162654 0.181136
      vertex -0.0288044 -0.0198823 0.166661
    endloop
  endfacet
  facet normal -0.93487 -0.354553 0.0176261
    outer loop
      vertex -0.0309909 -0.0162654 0.181136
      vertex -0.0339829 -0.00837612 0.181136
      vertex -0.0327256 -0.0124112 0.166661
    endloop
  endfacet
  facet normal 0.663022 -0.748396 -0.0174593
    outer loop
      vertex 0.0198823 -0.0288044 0.122911
      vertex 0.0261979 -0.0232093 0.122911
      vertex 0.0232093 -0.0261979 0.137525
    endloop
  endfacet
  facet normal -0.992554 -0.12052 0.0176258
    outer loop
      vertex -0.0339829 -0.00837612 0.181136
      vertex -0.035 -7.24287e-08 0.181136
      vertex -0.0347448 -0.00421879 0.166661
    endloop
  endfacet
  facet normal -0.992555 0.120516 0.0176259
    outer loop
      vertex -0.035 -7.24287e-08 0.181136
      vertex -0.033983 0.00837598 0.181137
      vertex -0.0347448 0.00421878 0.166661
    endloop
  endfacet
  facet normal -0.934872 0.354548 0.0176261
    outer loop
      vertex -0.033983 0.00837598 0.181137
      vertex -0.030991 0.0162653 0.181137
      vertex -0.0327256 0.0124112 0.166661
    endloop
  endfacet
  facet normal 0.567979 -0.822858 0.0174596
    outer loop
      vertex 0.0198823 -0.0288044 0.122911
      vertex 0.0232093 -0.0261979 0.137525
      vertex 0.0162653 -0.030991 0.137525
    endloop
  endfacet
  facet normal -0.822857 0.567975 0.0176255
    outer loop
      vertex -0.030991 0.0162653 0.181137
      vertex -0.0261979 0.0232093 0.181137
      vertex -0.0288044 0.0198823 0.166661
    endloop
  endfacet
  facet normal -0.66302 0.748394 0.0176257
    outer loop
      vertex -0.0261979 0.0232093 0.181137
      vertex -0.0198822 0.0288045 0.181137
      vertex -0.0232092 0.0261979 0.166661
    endloop
  endfacet
  facet normal -0.464654 0.885317 0.0176245
    outer loop
      vertex -0.0198822 0.0288045 0.181137
      vertex -0.0124109 0.0327257 0.181141
      vertex -0.0162651 0.030991 0.166662
    endloop
  endfacet
  facet normal 0.464653 -0.885321 -0.0174594
    outer loop
      vertex 0.0124112 -0.0327256 0.122911
      vertex 0.0198823 -0.0288044 0.122911
      vertex 0.0162653 -0.030991 0.137525
    endloop
  endfacet
  facet normal -0.239281 0.97079 0.0176223
    outer loop
      vertex -0.0124109 0.0327257 0.181141
      vertex -0.0042187 0.0347448 0.181145
      vertex -0.00837558 0.0339831 0.166664
    endloop
  endfacet
  facet normal 0.239258 0.970796 0.0176149
    outer loop
      vertex 0.0042189 0.0347448 0.18115
      vertex 0.0124102 0.0327259 0.181154
      vertex 0.00837605 0.033983 0.166671
    endloop
  endfacet
  facet normal 0.992558 -0.120519 -0.0174595
    outer loop
      vertex 0.033983 -0.00837605 0.122911
      vertex 0.035 4.41405e-17 0.122911
      vertex 0.0347448 -0.00421878 0.137525
    endloop
  endfacet
  facet normal 0.822859 0.567972 0.0176248
    outer loop
      vertex 0.0261979 0.0232092 0.181138
      vertex 0.030991 0.0162652 0.181137
      vertex 0.0288044 0.0198823 0.166661
    endloop
  endfacet
  facet normal 0.354551 -0.934874 0.0174597
    outer loop
      vertex 0.0124112 -0.0327256 0.122911
      vertex 0.0162653 -0.030991 0.137525
      vertex 0.00837605 -0.033983 0.137525
    endloop
  endfacet
  facet normal 0.663031 0.748385 0.0176237
    outer loop
      vertex 0.0198823 0.0288044 0.181144
      vertex 0.0261979 0.0232092 0.181138
      vertex 0.0232092 0.026198 0.166664
    endloop
  endfacet
  facet normal 0.970794 -0.239279 0.0174592
    outer loop
      vertex 0.033983 -0.00837605 0.122911
      vertex 0.0347448 -0.00421878 0.137525
      vertex 0.0327256 -0.0124112 0.137525
    endloop
  endfacet
  facet normal 0.464656 0.885316 0.017636
    outer loop
      vertex 0.0124102 0.0327259 0.181154
      vertex 0.0198823 0.0288044 0.181144
      vertex 0.0162649 0.0309912 0.166678
    endloop
  endfacet
  facet normal 0.934874 -0.354551 -0.0174597
    outer loop
      vertex 0.030991 -0.0162653 0.122911
      vertex 0.033983 -0.00837605 0.122911
      vertex 0.0327256 -0.0124112 0.137525
    endloop
  endfacet
  facet normal -8.28071e-06 0.999845 0.0176208
    outer loop
      vertex -0.0042187 0.0347448 0.181145
      vertex 0.0042189 0.0347448 0.18115
      vertex 2.41313e-08 0.035 0.166667
    endloop
  endfacet
  facet normal 0.885321 -0.464653 0.0174594
    outer loop
      vertex 0.030991 -0.0162653 0.122911
      vertex 0.0327256 -0.0124112 0.137525
      vertex 0.0288044 -0.0198823 0.137525
    endloop
  endfacet
  facet normal 0.822858 -0.567979 -0.0174596
    outer loop
      vertex 0.0261979 -0.0232093 0.122911
      vertex 0.030991 -0.0162653 0.122911
      vertex 0.0288044 -0.0198823 0.137525
    endloop
  endfacet
  facet normal 0.239279 -0.970794 -0.0174592
    outer loop
      vertex 0.00421878 -0.0347448 0.122911
      vertex 0.0124112 -0.0327256 0.122911
      vertex 0.00837605 -0.033983 0.137525
    endloop
  endfacet
  facet normal 0.120519 -0.992558 0.0174595
    outer loop
      vertex -2.56889e-18 -0.035 0.137525
      vertex 0.00421878 -0.0347448 0.122911
      vertex 0.00837605 -0.033983 0.137525
    endloop
  endfacet
  facet normal 0 -0.999848 -0.0174595
    outer loop
      vertex -0.00421878 -0.0347448 0.122911
      vertex 0.00421878 -0.0347448 0.122911
      vertex -2.56889e-18 -0.035 0.137525
    endloop
  endfacet
  facet normal -0.120519 -0.992558 0.0174595
    outer loop
      vertex -0.00837605 -0.033983 0.137525
      vertex -0.00421878 -0.0347448 0.122911
      vertex -2.56889e-18 -0.035 0.137525
    endloop
  endfacet
  facet normal -0.239279 -0.970794 -0.0174592
    outer loop
      vertex -0.0124112 -0.0327256 0.122911
      vertex -0.00421878 -0.0347448 0.122911
      vertex -0.00837605 -0.033983 0.137525
    endloop
  endfacet
  facet normal -0.354551 -0.934874 0.0174597
    outer loop
      vertex -0.0162653 -0.030991 0.137525
      vertex -0.0124112 -0.0327256 0.122911
      vertex -0.00837605 -0.033983 0.137525
    endloop
  endfacet
  facet normal -0.46464 -0.885324 0.0176292
    outer loop
      vertex -0.0124111 -0.0327256 0.181131
      vertex -0.0198822 -0.0288045 0.181136
      vertex -0.0162653 -0.030991 0.166661
    endloop
  endfacet
  facet normal -0.464653 -0.885321 -0.0174594
    outer loop
      vertex -0.0198823 -0.0288044 0.122911
      vertex -0.0124112 -0.0327256 0.122911
      vertex -0.0162653 -0.030991 0.137525
    endloop
  endfacet
  facet normal -0.970794 -0.239279 0.0174592
    outer loop
      vertex -0.0347448 -0.00421878 0.137525
      vertex -0.033983 -0.00837605 0.122911
      vertex -0.0327256 -0.0124112 0.137525
    endloop
  endfacet
  facet normal -0.992558 -0.120519 -0.0174595
    outer loop
      vertex -0.035 -3.60934e-17 0.122911
      vertex -0.033983 -0.00837605 0.122911
      vertex -0.0347448 -0.00421878 0.137525
    endloop
  endfacet
  facet normal 0.46465 -0.885319 0.0176283
    outer loop
      vertex 0.0198822 -0.0288045 0.181128
      vertex 0.012411 -0.0327256 0.18113
      vertex 0.0162655 -0.0309909 0.166655
    endloop
  endfacet
  facet normal -0.999848 -6.51072e-18 0.0174595
    outer loop
      vertex -0.0347448 0.00421878 0.137525
      vertex -0.035 -3.60934e-17 0.122911
      vertex -0.0347448 -0.00421878 0.137525
    endloop
  endfacet
  facet normal 0.822856 -0.567976 0.017627
    outer loop
      vertex 0.030991 -0.0162652 0.181135
      vertex 0.0261983 -0.0232088 0.181131
      vertex 0.0288045 -0.0198822 0.16666
    endloop
  endfacet
  facet normal -0.567979 -0.822858 0.0174596
    outer loop
      vertex -0.0232093 -0.0261979 0.137525
      vertex -0.0198823 -0.0288044 0.122911
      vertex -0.0162653 -0.030991 0.137525
    endloop
  endfacet
  facet normal 0.934871 -0.35455 0.0176261
    outer loop
      vertex 0.0339829 -0.00837609 0.181136
      vertex 0.030991 -0.0162652 0.181135
      vertex 0.0327256 -0.0124112 0.166661
    endloop
  endfacet
  facet normal -0.663022 -0.748396 -0.0174593
    outer loop
      vertex -0.0261979 -0.0232093 0.122911
      vertex -0.0198823 -0.0288044 0.122911
      vertex -0.0232093 -0.0261979 0.137525
    endloop
  endfacet
  facet normal 0.992554 -0.12052 0.017626
    outer loop
      vertex 0.035 -6.71389e-08 0.181136
      vertex 0.0339829 -0.00837609 0.181136
      vertex 0.0347448 -0.00421878 0.166661
    endloop
  endfacet
  facet normal -0.748396 -0.663022 0.0174593
    outer loop
      vertex -0.0288044 -0.0198823 0.137525
      vertex -0.0261979 -0.0232093 0.122911
      vertex -0.0232093 -0.0261979 0.137525
    endloop
  endfacet
  facet normal -0.822858 -0.567979 -0.0174596
    outer loop
      vertex -0.030991 -0.0162653 0.122911
      vertex -0.0261979 -0.0232093 0.122911
      vertex -0.0288044 -0.0198823 0.137525
    endloop
  endfacet
  facet normal 0.992555 0.120516 0.0176259
    outer loop
      vertex 0.033983 0.00837598 0.181137
      vertex 0.035 -6.71389e-08 0.181136
      vertex 0.0347448 0.00421879 0.166661
    endloop
  endfacet
  facet normal 0.970791 0.239278 -0.0176257
    outer loop
      vertex 0.0347448 0.00421879 0.166661
      vertex 0.0327256 0.0124112 0.166661
      vertex 0.033983 0.00837598 0.181137
    endloop
  endfacet
  facet normal 0.970792 0.239278 0.0175695
    outer loop
      vertex 0.033983 0.00837605 0.152139
      vertex 0.0327256 0.0124112 0.166661
      vertex 0.0347448 0.00421879 0.166661
    endloop
  endfacet
  facet normal 0.934872 0.35455 -0.0175703
    outer loop
      vertex 0.033983 0.00837605 0.152139
      vertex 0.030991 0.0162653 0.152139
      vertex 0.0327256 0.0124112 0.166661
    endloop
  endfacet
  facet normal 0.885319 0.464652 0.0175696
    outer loop
      vertex 0.030991 0.0162653 0.152139
      vertex 0.0288044 0.0198823 0.166661
      vertex 0.0327256 0.0124112 0.166661
    endloop
  endfacet
  facet normal 0.822858 0.567979 0.0174596
    outer loop
      vertex 0.0288044 0.0198823 0.137525
      vertex 0.0261979 0.0232093 0.152139
      vertex 0.030991 0.0162653 0.152139
    endloop
  endfacet
  facet normal 0.822856 0.567978 -0.0175693
    outer loop
      vertex 0.030991 0.0162653 0.152139
      vertex 0.0261979 0.0232093 0.152139
      vertex 0.0288044 0.0198823 0.166661
    endloop
  endfacet
  facet normal 0.748396 0.663019 0.0175681
    outer loop
      vertex 0.0261979 0.0232093 0.152139
      vertex 0.0232092 0.026198 0.166664
      vertex 0.0288044 0.0198823 0.166661
    endloop
  endfacet
  facet normal 0.663022 0.748396 0.0174593
    outer loop
      vertex 0.0232093 0.0261979 0.137525
      vertex 0.0198823 0.0288044 0.152139
      vertex 0.0261979 0.0232093 0.152139
    endloop
  endfacet
  facet normal 0.663021 0.748395 -0.0175665
    outer loop
      vertex 0.0261979 0.0232093 0.152139
      vertex 0.0198823 0.0288044 0.152139
      vertex 0.0232092 0.026198 0.166664
    endloop
  endfacet
  facet normal 0.567993 0.822846 0.0175591
    outer loop
      vertex 0.0198823 0.0288044 0.152139
      vertex 0.0162649 0.0309912 0.166678
      vertex 0.0232092 0.026198 0.166664
    endloop
  endfacet
  facet normal 0.464653 0.885321 0.0174594
    outer loop
      vertex 0.0198823 0.0288044 0.152139
      vertex 0.0162653 0.030991 0.137525
      vertex 0.0124112 0.0327256 0.152139
    endloop
  endfacet
  facet normal 0.464652 0.885319 -0.017549
    outer loop
      vertex 0.0198823 0.0288044 0.152139
      vertex 0.0124112 0.0327256 0.152139
      vertex 0.0162649 0.0309912 0.166678
    endloop
  endfacet
  facet normal 0.35453 0.93488 0.0175515
    outer loop
      vertex 0.0162649 0.0309912 0.166678
      vertex 0.0124112 0.0327256 0.152139
      vertex 0.00837605 0.033983 0.166671
    endloop
  endfacet
  facet normal 0.239279 0.970794 0.0174592
    outer loop
      vertex 0.0124112 0.0327256 0.152139
      vertex 0.00837605 0.033983 0.137525
      vertex 0.00421878 0.0347448 0.152139
    endloop
  endfacet
  facet normal 0.239279 0.970792 -0.0175573
    outer loop
      vertex 0.0124112 0.0327256 0.152139
      vertex 0.00421878 0.0347448 0.152139
      vertex 0.00837605 0.033983 0.166671
    endloop
  endfacet
  facet normal 0.120511 0.992557 0.0175598
    outer loop
      vertex 0.00837605 0.033983 0.166671
      vertex 0.00421878 0.0347448 0.152139
      vertex 2.41313e-08 0.035 0.166667
    endloop
  endfacet
  facet normal -6.51072e-18 0.999848 0.0174595
    outer loop
      vertex 0.00421878 0.0347448 0.152139
      vertex -8.29016e-17 0.035 0.137525
      vertex -0.00421878 0.0347448 0.152139
    endloop
  endfacet
  facet normal 0 0.999846 -0.0175622
    outer loop
      vertex 0.00421878 0.0347448 0.152139
      vertex -0.00421878 0.0347448 0.152139
      vertex 2.41313e-08 0.035 0.166667
    endloop
  endfacet
  facet normal -0.120516 0.992556 0.0175617
    outer loop
      vertex 2.41313e-08 0.035 0.166667
      vertex -0.00421878 0.0347448 0.152139
      vertex -0.00837558 0.0339831 0.166664
    endloop
  endfacet
  facet normal -0.239279 0.970794 0.0174592
    outer loop
      vertex -0.00421878 0.0347448 0.152139
      vertex -0.00837605 0.033983 0.137525
      vertex -0.0124112 0.0327256 0.152139
    endloop
  endfacet
  facet normal -0.239279 0.970792 -0.0175654
    outer loop
      vertex -0.00421878 0.0347448 0.152139
      vertex -0.0124112 0.0327256 0.152139
      vertex -0.00837558 0.0339831 0.166664
    endloop
  endfacet
  facet normal -0.354547 0.934873 0.0175684
    outer loop
      vertex -0.00837558 0.0339831 0.166664
      vertex -0.0124112 0.0327256 0.152139
      vertex -0.0162651 0.030991 0.166662
    endloop
  endfacet
  facet normal -0.464653 0.885321 0.0174594
    outer loop
      vertex -0.0124112 0.0327256 0.152139
      vertex -0.0162653 0.030991 0.137525
      vertex -0.0198823 0.0288044 0.152139
    endloop
  endfacet
  facet normal -0.464652 0.885319 -0.0175685
    outer loop
      vertex -0.0124112 0.0327256 0.152139
      vertex -0.0198823 0.0288044 0.152139
      vertex -0.0162651 0.030991 0.166662
    endloop
  endfacet
  facet normal -0.567975 0.822858 0.0175699
    outer loop
      vertex -0.0162651 0.030991 0.166662
      vertex -0.0198823 0.0288044 0.152139
      vertex -0.0232092 0.0261979 0.166661
    endloop
  endfacet
  facet normal -0.663022 0.748396 0.0174593
    outer loop
      vertex -0.0198823 0.0288044 0.152139
      vertex -0.0232093 0.0261979 0.137525
      vertex -0.0261979 0.0232093 0.152139
    endloop
  endfacet
  facet normal -0.663021 0.748395 -0.0175698
    outer loop
      vertex -0.0198823 0.0288044 0.152139
      vertex -0.0261979 0.0232093 0.152139
      vertex -0.0232092 0.0261979 0.166661
    endloop
  endfacet
  facet normal -0.748395 0.663021 0.0175697
    outer loop
      vertex -0.0232092 0.0261979 0.166661
      vertex -0.0261979 0.0232093 0.152139
      vertex -0.0288044 0.0198823 0.166661
    endloop
  endfacet
  facet normal -0.822858 0.567979 0.0174596
    outer loop
      vertex -0.0261979 0.0232093 0.152139
      vertex -0.0288044 0.0198823 0.137525
      vertex -0.030991 0.0162653 0.152139
    endloop
  endfacet
  facet normal -0.822856 0.567978 -0.0175697
    outer loop
      vertex -0.0261979 0.0232093 0.152139
      vertex -0.030991 0.0162653 0.152139
      vertex -0.0288044 0.0198823 0.166661
    endloop
  endfacet
  facet normal -0.885319 0.464653 0.0175698
    outer loop
      vertex -0.0288044 0.0198823 0.166661
      vertex -0.030991 0.0162653 0.152139
      vertex -0.0327256 0.0124112 0.166661
    endloop
  endfacet
  facet normal -0.934874 0.354551 0.0174597
    outer loop
      vertex -0.030991 0.0162653 0.152139
      vertex -0.0327256 0.0124112 0.137525
      vertex -0.033983 0.00837605 0.152139
    endloop
  endfacet
  facet normal -0.934872 0.35455 -0.0175704
    outer loop
      vertex -0.030991 0.0162653 0.152139
      vertex -0.033983 0.00837605 0.152139
      vertex -0.0327256 0.0124112 0.166661
    endloop
  endfacet
  facet normal -0.970792 0.239278 0.0175695
    outer loop
      vertex -0.0327256 0.0124112 0.166661
      vertex -0.033983 0.00837605 0.152139
      vertex -0.0347448 0.00421878 0.166661
    endloop
  endfacet
  facet normal -0.992558 0.120519 0.0174595
    outer loop
      vertex -0.033983 0.00837605 0.152139
      vertex -0.0347448 0.00421878 0.137525
      vertex -0.035 -3.597e-17 0.152139
    endloop
  endfacet
  facet normal -0.992556 0.120518 -0.01757
    outer loop
      vertex -0.033983 0.00837605 0.152139
      vertex -0.035 -3.597e-17 0.152139
      vertex -0.0347448 0.00421878 0.166661
    endloop
  endfacet
  facet normal -0.999846 0 0.0175699
    outer loop
      vertex -0.0347448 0.00421878 0.166661
      vertex -0.035 -3.597e-17 0.152139
      vertex -0.0347448 -0.00421879 0.166661
    endloop
  endfacet
  facet normal -0.992558 -0.120519 0.0174595
    outer loop
      vertex -0.035 -3.597e-17 0.152139
      vertex -0.0347448 -0.00421878 0.137525
      vertex -0.033983 -0.00837605 0.152139
    endloop
  endfacet
  facet normal -0.992556 -0.120518 -0.01757
    outer loop
      vertex -0.035 -3.597e-17 0.152139
      vertex -0.033983 -0.00837605 0.152139
      vertex -0.0347448 -0.00421879 0.166661
    endloop
  endfacet
  facet normal -0.970792 -0.239279 0.0175696
    outer loop
      vertex -0.0347448 -0.00421879 0.166661
      vertex -0.033983 -0.00837605 0.152139
      vertex -0.0327256 -0.0124112 0.166661
    endloop
  endfacet
  facet normal -0.934874 -0.354551 0.0174597
    outer loop
      vertex -0.033983 -0.00837605 0.152139
      vertex -0.0327256 -0.0124112 0.137525
      vertex -0.030991 -0.0162653 0.152139
    endloop
  endfacet
  facet normal -0.934872 -0.35455 -0.0175701
    outer loop
      vertex -0.033983 -0.00837605 0.152139
      vertex -0.030991 -0.0162653 0.152139
      vertex -0.0327256 -0.0124112 0.166661
    endloop
  endfacet
  facet normal -0.885319 -0.464652 0.0175699
    outer loop
      vertex -0.0327256 -0.0124112 0.166661
      vertex -0.030991 -0.0162653 0.152139
      vertex -0.0288044 -0.0198823 0.166661
    endloop
  endfacet
  facet normal -0.822858 -0.567979 0.0174596
    outer loop
      vertex -0.030991 -0.0162653 0.152139
      vertex -0.0288044 -0.0198823 0.137525
      vertex -0.0261979 -0.0232093 0.152139
    endloop
  endfacet
  facet normal -0.822856 -0.567978 -0.01757
    outer loop
      vertex -0.030991 -0.0162653 0.152139
      vertex -0.0261979 -0.0232093 0.152139
      vertex -0.0288044 -0.0198823 0.166661
    endloop
  endfacet
  facet normal -0.748395 -0.663021 0.0175697
    outer loop
      vertex -0.0288044 -0.0198823 0.166661
      vertex -0.0261979 -0.0232093 0.152139
      vertex -0.0232093 -0.0261979 0.166661
    endloop
  endfacet
  facet normal -0.663022 -0.748396 0.0174593
    outer loop
      vertex -0.0261979 -0.0232093 0.152139
      vertex -0.0232093 -0.0261979 0.137525
      vertex -0.0198823 -0.0288044 0.152139
    endloop
  endfacet
  facet normal -0.663021 -0.748395 -0.0175697
    outer loop
      vertex -0.0261979 -0.0232093 0.152139
      vertex -0.0198823 -0.0288044 0.152139
      vertex -0.0232093 -0.0261979 0.166661
    endloop
  endfacet
  facet normal -0.567978 -0.822856 0.01757
    outer loop
      vertex -0.0232093 -0.0261979 0.166661
      vertex -0.0198823 -0.0288044 0.152139
      vertex -0.0162653 -0.030991 0.166661
    endloop
  endfacet
  facet normal -0.464653 -0.885321 0.0174594
    outer loop
      vertex -0.0198823 -0.0288044 0.152139
      vertex -0.0162653 -0.030991 0.137525
      vertex -0.0124112 -0.0327256 0.152139
    endloop
  endfacet
  facet normal -0.464652 -0.885319 -0.0175699
    outer loop
      vertex -0.0198823 -0.0288044 0.152139
      vertex -0.0124112 -0.0327256 0.152139
      vertex -0.0162653 -0.030991 0.166661
    endloop
  endfacet
  facet normal -0.354549 -0.934872 0.0175703
    outer loop
      vertex -0.0162653 -0.030991 0.166661
      vertex -0.0124112 -0.0327256 0.152139
      vertex -0.00837668 -0.0339828 0.166656
    endloop
  endfacet
  facet normal -0.239279 -0.970794 0.0174592
    outer loop
      vertex -0.0124112 -0.0327256 0.152139
      vertex -0.00837605 -0.033983 0.137525
      vertex -0.00421878 -0.0347448 0.152139
    endloop
  endfacet
  facet normal -0.239278 -0.970792 -0.0175761
    outer loop
      vertex -0.0124112 -0.0327256 0.152139
      vertex -0.00421878 -0.0347448 0.152139
      vertex -0.00837668 -0.0339828 0.166656
    endloop
  endfacet
  facet normal -0.120495 -0.992558 0.0175881
    outer loop
      vertex -0.00837668 -0.0339828 0.166656
      vertex -0.00421878 -0.0347448 0.152139
      vertex 3.06924e-07 -0.035 0.166642
    endloop
  endfacet
  facet normal 0 -0.999848 0.0174595
    outer loop
      vertex -0.00421878 -0.0347448 0.152139
      vertex -2.56889e-18 -0.035 0.137525
      vertex 0.00421878 -0.0347448 0.152139
    endloop
  endfacet
  facet normal 0 -0.999845 -0.0175923
    outer loop
      vertex -0.00421878 -0.0347448 0.152139
      vertex 0.00421878 -0.0347448 0.152139
      vertex 3.06924e-07 -0.035 0.166642
    endloop
  endfacet
  facet normal 0.120488 -0.992559 0.0175809
    outer loop
      vertex 0.00421878 -0.0347448 0.152139
      vertex 0.00837574 -0.033983 0.166657
      vertex 3.06924e-07 -0.035 0.166642
    endloop
  endfacet
  facet normal 0.239279 -0.970794 0.0174592
    outer loop
      vertex 0.00837605 -0.033983 0.137525
      vertex 0.0124112 -0.0327256 0.152139
      vertex 0.00421878 -0.0347448 0.152139
    endloop
  endfacet
  facet normal 0.239279 -0.970792 -0.0175748
    outer loop
      vertex 0.00421878 -0.0347448 0.152139
      vertex 0.0124112 -0.0327256 0.152139
      vertex 0.00837574 -0.033983 0.166657
    endloop
  endfacet
  facet normal 0.354551 -0.934871 0.0175779
    outer loop
      vertex 0.0124112 -0.0327256 0.152139
      vertex 0.0162655 -0.0309909 0.166655
      vertex 0.00837574 -0.033983 0.166657
    endloop
  endfacet
  facet normal 0.464653 -0.885321 0.0174594
    outer loop
      vertex 0.0162653 -0.030991 0.137525
      vertex 0.0198823 -0.0288044 0.152139
      vertex 0.0124112 -0.0327256 0.152139
    endloop
  endfacet
  facet normal 0.464652 -0.885319 -0.0175767
    outer loop
      vertex 0.0124112 -0.0327256 0.152139
      vertex 0.0198823 -0.0288044 0.152139
      vertex 0.0162655 -0.0309909 0.166655
    endloop
  endfacet
  facet normal 0.567982 -0.822853 0.0175758
    outer loop
      vertex 0.0198823 -0.0288044 0.152139
      vertex 0.0232097 -0.0261975 0.166658
      vertex 0.0162655 -0.0309909 0.166655
    endloop
  endfacet
  facet normal 0.663022 -0.748396 0.0174593
    outer loop
      vertex 0.0232093 -0.0261979 0.137525
      vertex 0.0261979 -0.0232093 0.152139
      vertex 0.0198823 -0.0288044 0.152139
    endloop
  endfacet
  facet normal 0.663021 -0.748395 -0.0175736
    outer loop
      vertex 0.0198823 -0.0288044 0.152139
      vertex 0.0261979 -0.0232093 0.152139
      vertex 0.0232097 -0.0261975 0.166658
    endloop
  endfacet
  facet normal 0.748397 -0.663018 0.0175697
    outer loop
      vertex 0.0261979 -0.0232093 0.152139
      vertex 0.0288045 -0.0198822 0.16666
      vertex 0.0232097 -0.0261975 0.166658
    endloop
  endfacet
  facet normal 0.822858 -0.567979 0.0174596
    outer loop
      vertex 0.0288044 -0.0198823 0.137525
      vertex 0.030991 -0.0162653 0.152139
      vertex 0.0261979 -0.0232093 0.152139
    endloop
  endfacet
  facet normal 0.822856 -0.567978 -0.0175703
    outer loop
      vertex 0.0261979 -0.0232093 0.152139
      vertex 0.030991 -0.0162653 0.152139
      vertex 0.0288045 -0.0198822 0.16666
    endloop
  endfacet
  facet normal 0.88532 -0.464651 0.01757
    outer loop
      vertex 0.030991 -0.0162653 0.152139
      vertex 0.0327256 -0.0124112 0.166661
      vertex 0.0288045 -0.0198822 0.16666
    endloop
  endfacet
  facet normal 0.934874 -0.354551 0.0174597
    outer loop
      vertex 0.0327256 -0.0124112 0.137525
      vertex 0.033983 -0.00837605 0.152139
      vertex 0.030991 -0.0162653 0.152139
    endloop
  endfacet
  facet normal 0.934872 -0.35455 -0.0175699
    outer loop
      vertex 0.030991 -0.0162653 0.152139
      vertex 0.033983 -0.00837605 0.152139
      vertex 0.0327256 -0.0124112 0.166661
    endloop
  endfacet
  facet normal 0.970792 -0.239279 0.0175697
    outer loop
      vertex 0.033983 -0.00837605 0.152139
      vertex 0.0347448 -0.00421878 0.166661
      vertex 0.0327256 -0.0124112 0.166661
    endloop
  endfacet
  facet normal 0.992556 -0.120518 -0.01757
    outer loop
      vertex 0.033983 -0.00837605 0.152139
      vertex 0.035 4.58196e-17 0.152139
      vertex 0.0347448 -0.00421878 0.166661
    endloop
  endfacet
  facet normal 0.992558 -0.120519 0.0174595
    outer loop
      vertex 0.0347448 -0.00421878 0.137525
      vertex 0.035 4.58196e-17 0.152139
      vertex 0.033983 -0.00837605 0.152139
    endloop
  endfacet
  facet normal 0.999848 0 -0.0174595
    outer loop
      vertex 0.0347448 -0.00421878 0.137525
      vertex 0.0347448 0.00421878 0.137525
      vertex 0.035 4.58196e-17 0.152139
    endloop
  endfacet
  facet normal 0.992558 0.120519 0.0174595
    outer loop
      vertex 0.0347448 0.00421878 0.137525
      vertex 0.033983 0.00837605 0.152139
      vertex 0.035 4.58196e-17 0.152139
    endloop
  endfacet
  facet normal 0.970794 0.239279 -0.0174592
    outer loop
      vertex 0.0347448 0.00421878 0.137525
      vertex 0.0327256 0.0124112 0.137525
      vertex 0.033983 0.00837605 0.152139
    endloop
  endfacet
  facet normal 0.970794 0.239279 0.0174592
    outer loop
      vertex 0.033983 0.00837605 0.122911
      vertex 0.0327256 0.0124112 0.137525
      vertex 0.0347448 0.00421878 0.137525
    endloop
  endfacet
  facet normal 0.934874 0.354551 -0.0174597
    outer loop
      vertex 0.033983 0.00837605 0.122911
      vertex 0.030991 0.0162653 0.122911
      vertex 0.0327256 0.0124112 0.137525
    endloop
  endfacet
  facet normal 0.885321 0.464653 0.0174594
    outer loop
      vertex 0.030991 0.0162653 0.122911
      vertex 0.0288044 0.0198823 0.137525
      vertex 0.0327256 0.0124112 0.137525
    endloop
  endfacet
  facet normal 0.822858 0.567979 -0.0174596
    outer loop
      vertex 0.030991 0.0162653 0.122911
      vertex 0.0261979 0.0232093 0.122911
      vertex 0.0288044 0.0198823 0.137525
    endloop
  endfacet
  facet normal 0.748396 0.663022 0.0174593
    outer loop
      vertex 0.0261979 0.0232093 0.122911
      vertex 0.0232093 0.0261979 0.137525
      vertex 0.0288044 0.0198823 0.137525
    endloop
  endfacet
  facet normal 0.663022 0.748396 -0.0174593
    outer loop
      vertex 0.0261979 0.0232093 0.122911
      vertex 0.0198823 0.0288044 0.122911
      vertex 0.0232093 0.0261979 0.137525
    endloop
  endfacet
  facet normal 0.567979 0.822858 0.0174596
    outer loop
      vertex 0.0232093 0.0261979 0.137525
      vertex 0.0198823 0.0288044 0.122911
      vertex 0.0162653 0.030991 0.137525
    endloop
  endfacet
  facet normal 0.464653 0.885321 -0.0174594
    outer loop
      vertex 0.0198823 0.0288044 0.122911
      vertex 0.0124112 0.0327256 0.122911
      vertex 0.0162653 0.030991 0.137525
    endloop
  endfacet
  facet normal 0.354551 0.934874 0.0174597
    outer loop
      vertex 0.0162653 0.030991 0.137525
      vertex 0.0124112 0.0327256 0.122911
      vertex 0.00837605 0.033983 0.137525
    endloop
  endfacet
  facet normal 0.239279 0.970794 -0.0174592
    outer loop
      vertex 0.0124112 0.0327256 0.122911
      vertex 0.00421878 0.0347448 0.122911
      vertex 0.00837605 0.033983 0.137525
    endloop
  endfacet
  facet normal 0.120519 0.992558 0.0174595
    outer loop
      vertex 0.00837605 0.033983 0.137525
      vertex 0.00421878 0.0347448 0.122911
      vertex -8.29016e-17 0.035 0.137525
    endloop
  endfacet
  facet normal 0 0.999848 -0.0174595
    outer loop
      vertex 0.00421878 0.0347448 0.122911
      vertex -0.00421878 0.0347448 0.122911
      vertex -8.29016e-17 0.035 0.137525
    endloop
  endfacet
  facet normal -0.120519 0.992558 0.0174595
    outer loop
      vertex -8.29016e-17 0.035 0.137525
      vertex -0.00421878 0.0347448 0.122911
      vertex -0.00837605 0.033983 0.137525
    endloop
  endfacet
  facet normal -0.239279 0.970794 -0.0174592
    outer loop
      vertex -0.00421878 0.0347448 0.122911
      vertex -0.0124112 0.0327256 0.122911
      vertex -0.00837605 0.033983 0.137525
    endloop
  endfacet
  facet normal -0.354551 0.934874 0.0174597
    outer loop
      vertex -0.00837605 0.033983 0.137525
      vertex -0.0124112 0.0327256 0.122911
      vertex -0.0162653 0.030991 0.137525
    endloop
  endfacet
  facet normal -0.464653 0.885321 -0.0174594
    outer loop
      vertex -0.0124112 0.0327256 0.122911
      vertex -0.0198823 0.0288044 0.122911
      vertex -0.0162653 0.030991 0.137525
    endloop
  endfacet
  facet normal -0.567979 0.822858 0.0174596
    outer loop
      vertex -0.0162653 0.030991 0.137525
      vertex -0.0198823 0.0288044 0.122911
      vertex -0.0232093 0.0261979 0.137525
    endloop
  endfacet
  facet normal -0.663022 0.748396 -0.0174593
    outer loop
      vertex -0.0198823 0.0288044 0.122911
      vertex -0.0261979 0.0232093 0.122911
      vertex -0.0232093 0.0261979 0.137525
    endloop
  endfacet
  facet normal -0.748396 0.663022 0.0174593
    outer loop
      vertex -0.0232093 0.0261979 0.137525
      vertex -0.0261979 0.0232093 0.122911
      vertex -0.0288044 0.0198823 0.137525
    endloop
  endfacet
  facet normal -0.822858 0.567979 -0.0174596
    outer loop
      vertex -0.0261979 0.0232093 0.122911
      vertex -0.030991 0.0162653 0.122911
      vertex -0.0288044 0.0198823 0.137525
    endloop
  endfacet
  facet normal -0.885321 0.464653 0.0174594
    outer loop
      vertex -0.0288044 0.0198823 0.137525
      vertex -0.030991 0.0162653 0.122911
      vertex -0.0327256 0.0124112 0.137525
    endloop
  endfacet
  facet normal -0.934874 0.354551 -0.0174597
    outer loop
      vertex -0.030991 0.0162653 0.122911
      vertex -0.033983 0.00837605 0.122911
      vertex -0.0327256 0.0124112 0.137525
    endloop
  endfacet
  facet normal -0.970794 0.239279 0.0174592
    outer loop
      vertex -0.0327256 0.0124112 0.137525
      vertex -0.033983 0.00837605 0.122911
      vertex -0.0347448 0.00421878 0.137525
    endloop
  endfacet
  facet normal -0.992558 0.120519 -0.0174595
    outer loop
      vertex -0.033983 0.00837605 0.122911
      vertex -0.035 -3.60934e-17 0.122911
      vertex -0.0347448 0.00421878 0.137525
    endloop
  endfacet
  facet normal 0.999845 -4.94888e-06 0.0176264
    outer loop
      vertex 0.0347448 0.00421862 0.195612
      vertex 0.0347448 -0.00421894 0.195612
      vertex 0.035 -6.71389e-08 0.181136
    endloop
  endfacet
  facet normal 0.934872 0.354544 0.0176822
    outer loop
      vertex 0.0309911 0.0162651 0.210042
      vertex 0.033983 0.00837583 0.210042
      vertex 0.0327256 0.012411 0.195612
    endloop
  endfacet
  facet normal 0.999844 -4.5304e-06 -0.0176822
    outer loop
      vertex 0.035 -2.22799e-07 0.210042
      vertex 0.0347448 -0.00421894 0.195612
      vertex 0.0347448 0.00421862 0.195612
    endloop
  endfacet
  facet normal 0.97079 0.239278 0.0176778
    outer loop
      vertex 0.0327256 0.0124112 0.224475
      vertex 0.0347448 0.00421878 0.224475
      vertex 0.033983 0.00837583 0.210042
    endloop
  endfacet
  facet normal 0.992553 -0.120524 -0.0176774
    outer loop
      vertex 0.0347448 -0.00421878 0.224475
      vertex 0.0339829 -0.00837628 0.210042
      vertex 0.035 -2.22799e-07 0.210042
    endloop
  endfacet
  facet normal 0.992558 0.120519 0.0174595
    outer loop
      vertex 0.033983 0.00837605 0.239089
      vertex 0.035 -4.41405e-17 0.239089
      vertex 0.0347448 0.00421878 0.224475
    endloop
  endfacet
  facet normal 0.970794 -0.239279 -0.0174592
    outer loop
      vertex 0.033983 -0.00837605 0.239089
      vertex 0.0327256 -0.0124112 0.224475
      vertex 0.0347448 -0.00421878 0.224475
    endloop
  endfacet
  facet normal 0.464644 -0.885322 -0.0176327
    outer loop
      vertex 0.0198822 -0.0288045 0.181128
      vertex 0.0162649 -0.0309912 0.195599
      vertex 0.012411 -0.0327256 0.18113
    endloop
  endfacet
  facet normal 0.934874 -0.354551 -0.0174598
    outer loop
      vertex 0.0327256 -0.0124112 0.253703
      vertex 0.030991 -0.0162653 0.239089
      vertex 0.033983 -0.00837605 0.239089
    endloop
  endfacet
  facet normal 0.663022 -0.748396 -0.0174594
    outer loop
      vertex 0.0261979 -0.0232093 0.239089
      vertex 0.0232093 -0.0261979 0.253703
      vertex 0.0198823 -0.0288044 0.239089
    endloop
  endfacet
  facet normal 0.748396 -0.663022 -0.0174593
    outer loop
      vertex 0.0261979 -0.0232093 0.239089
      vertex 0.0232093 -0.0261979 0.224475
      vertex 0.0288044 -0.0198823 0.224475
    endloop
  endfacet
  facet normal 0.822854 -0.567978 -0.0176745
    outer loop
      vertex 0.0288044 -0.0198823 0.224475
      vertex 0.0261975 -0.0232097 0.210036
      vertex 0.0309908 -0.0162656 0.210041
    endloop
  endfacet
  facet normal 0.88532 -0.464647 -0.0176807
    outer loop
      vertex 0.0309908 -0.0162656 0.210041
      vertex 0.0288044 -0.0198823 0.195609
      vertex 0.0327255 -0.0124113 0.195611
    endloop
  endfacet
  facet normal 0.822842 -0.567994 0.0176835
    outer loop
      vertex 0.0309908 -0.0162656 0.210041
      vertex 0.0261975 -0.0232097 0.210036
      vertex 0.0288044 -0.0198823 0.195609
    endloop
  endfacet
  facet normal 0.567973 -0.822857 -0.017712
    outer loop
      vertex 0.0198813 -0.0288051 0.210008
      vertex 0.0162649 -0.0309912 0.195599
      vertex 0.0232095 -0.0261977 0.1956
    endloop
  endfacet
  facet normal 0.748393 -0.66302 0.0176707
    outer loop
      vertex 0.0288044 -0.0198823 0.224475
      vertex 0.0232093 -0.0261979 0.224475
      vertex 0.0261975 -0.0232097 0.210036
    endloop
  endfacet
  facet normal 0.464613 -0.885338 -0.017639
    outer loop
      vertex 0.0198813 -0.0288051 0.210008
      vertex 0.0162653 -0.030991 0.224475
      vertex 0.012412 -0.0327252 0.210026
    endloop
  endfacet
  facet normal 0.354551 -0.934874 -0.0174597
    outer loop
      vertex 0.0162653 -0.030991 0.224475
      vertex 0.0124112 -0.0327256 0.239089
      vertex 0.00837605 -0.033983 0.224475
    endloop
  endfacet
  facet normal 0.239279 -0.970794 -0.0174593
    outer loop
      vertex 0.0124112 -0.0327256 0.239089
      vertex 0.00837605 -0.033983 0.253703
      vertex 0.00421878 -0.0347448 0.239089
    endloop
  endfacet
  facet normal 0.239279 -0.970791 -0.0176269
    outer loop
      vertex 0.00837598 -0.033983 0.195604
      vertex 0.00421827 -0.0347449 0.181125
      vertex 0.012411 -0.0327256 0.18113
    endloop
  endfacet
  facet normal -0.120519 -0.992558 -0.0174595
    outer loop
      vertex -8.29016e-17 -0.035 0.224475
      vertex -0.00421878 -0.0347448 0.239089
      vertex -0.00837605 -0.033983 0.224475
    endloop
  endfacet
  facet normal 4.79897e-06 -0.999844 -0.0176762
    outer loop
      vertex 0.00421926 -0.0347447 0.210038
      vertex -8.29016e-17 -0.035 0.224475
      vertex -0.0042185 -0.0347448 0.210041
    endloop
  endfacet
  facet normal 0.120508 -0.992555 -0.0176783
    outer loop
      vertex 0.00837598 -0.033983 0.195604
      vertex 0.00421926 -0.0347447 0.210038
      vertex -5.13881e-07 -0.035 0.195604
    endloop
  endfacet
  facet normal -0.354548 -0.934871 -0.0176794
    outer loop
      vertex -0.00837542 -0.0339831 0.195606
      vertex -0.012411 -0.0327257 0.210042
      vertex -0.0162651 -0.0309911 0.195611
    endloop
  endfacet
  facet normal -0.464645 -0.885321 -0.0176777
    outer loop
      vertex -0.012411 -0.0327257 0.210042
      vertex -0.0162653 -0.030991 0.224475
      vertex -0.0198821 -0.0288046 0.210042
    endloop
  endfacet
  facet normal -0.464653 -0.885321 0.0174594
    outer loop
      vertex -0.0124112 -0.0327256 0.239089
      vertex -0.0198823 -0.0288044 0.239089
      vertex -0.0162653 -0.030991 0.224475
    endloop
  endfacet
  facet normal -0.464653 -0.885321 -0.0174595
    outer loop
      vertex -0.0124112 -0.0327256 0.239089
      vertex -0.0162653 -0.030991 0.253703
      vertex -0.0198823 -0.0288044 0.239089
    endloop
  endfacet
  facet normal -1.19048e-06 -0.999845 -0.0176176
    outer loop
      vertex -5.13881e-07 -0.035 0.195604
      vertex -0.00421861 -0.0347448 0.181123
      vertex 0.00421827 -0.0347449 0.181125
    endloop
  endfacet
  facet normal -0.748396 -0.663022 -0.0174593
    outer loop
      vertex -0.0232093 -0.0261979 0.224475
      vertex -0.0261979 -0.0232093 0.239089
      vertex -0.0288044 -0.0198823 0.224475
    endloop
  endfacet
  facet normal -0.748393 -0.663019 0.017678
    outer loop
      vertex -0.0232093 -0.0261979 0.224475
      vertex -0.0288044 -0.0198823 0.224475
      vertex -0.0261977 -0.0232095 0.210042
    endloop
  endfacet
  facet normal -0.748391 -0.663023 -0.0176821
    outer loop
      vertex -0.0232092 -0.026198 0.195612
      vertex -0.0261977 -0.0232095 0.210042
      vertex -0.0288043 -0.0198824 0.195612
    endloop
  endfacet
  facet normal -0.934868 -0.354555 0.0176824
    outer loop
      vertex -0.0309909 -0.0162655 0.210042
      vertex -0.0339829 -0.00837626 0.210042
      vertex -0.0327255 -0.0124113 0.195612
    endloop
  endfacet
  facet normal -0.934868 -0.354555 -0.0176777
    outer loop
      vertex -0.0309909 -0.0162655 0.210042
      vertex -0.0327256 -0.0124112 0.224475
      vertex -0.0339829 -0.00837626 0.210042
    endloop
  endfacet
  facet normal -0.934874 -0.354551 0.0174597
    outer loop
      vertex -0.030991 -0.0162653 0.239089
      vertex -0.033983 -0.00837605 0.239089
      vertex -0.0327256 -0.0124112 0.224475
    endloop
  endfacet
  facet normal -0.934874 -0.354551 -0.0174598
    outer loop
      vertex -0.030991 -0.0162653 0.239089
      vertex -0.0327256 -0.0124112 0.253703
      vertex -0.033983 -0.00837605 0.239089
    endloop
  endfacet
  facet normal -0.239291 -0.970788 -0.0176231
    outer loop
      vertex -0.00837542 -0.0339831 0.195606
      vertex -0.0124111 -0.0327256 0.181131
      vertex -0.00421861 -0.0347448 0.181123
    endloop
  endfacet
  facet normal -0.999848 0 -0.0174595
    outer loop
      vertex -0.0347448 -0.00421878 0.224475
      vertex -0.035 3.60934e-17 0.239089
      vertex -0.0347448 0.00421878 0.224475
    endloop
  endfacet
  facet normal -0.999844 0 0.0176776
    outer loop
      vertex -0.0347448 -0.00421878 0.224475
      vertex -0.0347448 0.00421878 0.224475
      vertex -0.035 -2.18235e-07 0.210042
    endloop
  endfacet
  facet normal -0.999844 -4.73996e-06 -0.0176823
    outer loop
      vertex -0.0347448 -0.00421895 0.195612
      vertex -0.035 -2.18235e-07 0.210042
      vertex -0.0347448 0.00421862 0.195612
    endloop
  endfacet
  facet normal -0.934872 0.354544 0.0176824
    outer loop
      vertex -0.033983 0.00837584 0.210042
      vertex -0.0309911 0.0162651 0.210042
      vertex -0.0327256 0.012411 0.195612
    endloop
  endfacet
  facet normal -0.934872 0.354544 -0.0176776
    outer loop
      vertex -0.033983 0.00837584 0.210042
      vertex -0.0327256 0.0124112 0.224475
      vertex -0.0309911 0.0162651 0.210042
    endloop
  endfacet
  facet normal -0.934874 0.354551 0.0174597
    outer loop
      vertex -0.033983 0.00837605 0.239089
      vertex -0.030991 0.0162653 0.239089
      vertex -0.0327256 0.0124112 0.224475
    endloop
  endfacet
  facet normal -0.934874 0.354551 -0.0174598
    outer loop
      vertex -0.033983 0.00837605 0.239089
      vertex -0.0327256 0.0124112 0.253703
      vertex -0.030991 0.0162653 0.239089
    endloop
  endfacet
  facet normal 0.663029 -0.748386 -0.0176363
    outer loop
      vertex 0.0261983 -0.0232088 0.181131
      vertex 0.0232095 -0.0261977 0.1956
      vertex 0.0198822 -0.0288045 0.181128
    endloop
  endfacet
  facet normal -0.748396 0.663022 -0.0174593
    outer loop
      vertex -0.0288044 0.0198823 0.224475
      vertex -0.0261979 0.0232093 0.239089
      vertex -0.0232093 0.0261979 0.224475
    endloop
  endfacet
  facet normal -0.748393 0.663019 0.0176778
    outer loop
      vertex -0.0288044 0.0198823 0.224475
      vertex -0.0232093 0.0261979 0.224475
      vertex -0.026198 0.0232091 0.210042
    endloop
  endfacet
  facet normal -0.748397 0.663016 -0.0176823
    outer loop
      vertex -0.0288045 0.0198821 0.195612
      vertex -0.026198 0.0232091 0.210042
      vertex -0.0232094 0.0261978 0.195612
    endloop
  endfacet
  facet normal -0.464656 0.885315 0.0176827
    outer loop
      vertex -0.0198824 0.0288043 0.210042
      vertex -0.0124114 0.0327255 0.210042
      vertex -0.0162655 0.0309909 0.195612
    endloop
  endfacet
  facet normal -0.464656 0.885315 -0.0176774
    outer loop
      vertex -0.0198824 0.0288043 0.210042
      vertex -0.0162653 0.030991 0.224475
      vertex -0.0124114 0.0327255 0.210042
    endloop
  endfacet
  facet normal -0.464653 0.885321 0.0174594
    outer loop
      vertex -0.0198823 0.0288044 0.239089
      vertex -0.0124112 0.0327256 0.239089
      vertex -0.0162653 0.030991 0.224475
    endloop
  endfacet
  facet normal -0.464653 0.885321 -0.0174595
    outer loop
      vertex -0.0198823 0.0288044 0.239089
      vertex -0.0162653 0.030991 0.253703
      vertex -0.0124112 0.0327256 0.239089
    endloop
  endfacet
  facet normal 0.992555 0.120516 -0.0176264
    outer loop
      vertex 0.033983 0.00837598 0.181137
      vertex 0.0347448 0.00421862 0.195612
      vertex 0.035 -6.71389e-08 0.181136
    endloop
  endfacet
  facet normal -0.120519 0.992558 -0.0174595
    outer loop
      vertex -0.00837605 0.033983 0.224475
      vertex -0.00421878 0.0347448 0.239089
      vertex -2.56889e-18 0.035 0.224475
    endloop
  endfacet
  facet normal -0.120518 0.992553 0.0176899
    outer loop
      vertex -0.00837605 0.033983 0.224475
      vertex -2.56889e-18 0.035 0.224475
      vertex -0.00422019 0.0347446 0.210052
    endloop
  endfacet
  facet normal -0.120508 0.992555 -0.0176865
    outer loop
      vertex -0.00837612 0.0339829 0.195623
      vertex -0.00422019 0.0347446 0.210052
      vertex 2.53601e-07 0.035 0.195626
    endloop
  endfacet
  facet normal -5.59965e-05 0.999844 0.0176827
    outer loop
      vertex -0.00422019 0.0347446 0.210052
      vertex 0.00421978 0.0347447 0.210075
      vertex 2.53601e-07 0.035 0.195626
    endloop
  endfacet
  facet normal 0.354515 0.934883 -0.0177064
    outer loop
      vertex 0.0124114 0.0327255 0.210042
      vertex 0.016266 0.0309906 0.195618
      vertex 0.00837504 0.0339832 0.195633
    endloop
  endfacet
  facet normal 4.424e-05 0.999843 -0.0177145
    outer loop
      vertex -0.00422019 0.0347446 0.210052
      vertex -2.56889e-18 0.035 0.224475
      vertex 0.00421978 0.0347447 0.210075
    endloop
  endfacet
  facet normal 0.120518 0.992553 0.0177192
    outer loop
      vertex -2.56889e-18 0.035 0.224475
      vertex 0.00837605 0.033983 0.224475
      vertex 0.00421978 0.0347447 0.210075
    endloop
  endfacet
  facet normal 0.464656 0.885315 -0.0176774
    outer loop
      vertex 0.0162653 0.030991 0.224475
      vertex 0.0198824 0.0288043 0.210042
      vertex 0.0124114 0.0327255 0.210042
    endloop
  endfacet
  facet normal 0.239279 0.970794 0.0174592
    outer loop
      vertex 0.00421878 0.0347448 0.239089
      vertex 0.0124112 0.0327256 0.239089
      vertex 0.00837605 0.033983 0.224475
    endloop
  endfacet
  facet normal 0.567979 0.822858 -0.0174596
    outer loop
      vertex 0.0198823 0.0288044 0.239089
      vertex 0.0232093 0.0261979 0.224475
      vertex 0.0162653 0.030991 0.224475
    endloop
  endfacet
  facet normal 0.992554 -0.12052 -0.0176262
    outer loop
      vertex 0.035 -6.71389e-08 0.181136
      vertex 0.0347448 -0.00421894 0.195612
      vertex 0.0339829 -0.00837609 0.181136
    endloop
  endfacet
  facet normal 0.663022 0.748396 -0.0174594
    outer loop
      vertex 0.0232093 0.0261979 0.253703
      vertex 0.0261979 0.0232093 0.239089
      vertex 0.0198823 0.0288044 0.239089
    endloop
  endfacet
  facet normal 0.239279 0.970794 -0.0174593
    outer loop
      vertex 0.00421878 0.0347448 0.239089
      vertex 0.00837605 0.033983 0.253703
      vertex 0.0124112 0.0327256 0.239089
    endloop
  endfacet
  facet normal 0.120519 0.992558 -0.0174595
    outer loop
      vertex -2.56889e-18 0.035 0.224475
      vertex 0.00421878 0.0347448 0.239089
      vertex 0.00837605 0.033983 0.224475
    endloop
  endfacet
  facet normal -0 0.999848 0.0174595
    outer loop
      vertex -0.00421878 0.0347448 0.239089
      vertex 0.00421878 0.0347448 0.239089
      vertex -2.56889e-18 0.035 0.224475
    endloop
  endfacet
  facet normal 0 0.999848 -0.0174596
    outer loop
      vertex -0.00421878 0.0347448 0.239089
      vertex -4.04419e-18 0.035 0.253703
      vertex 0.00421878 0.0347448 0.239089
    endloop
  endfacet
  facet normal 0.934872 -0.354547 -0.0176255
    outer loop
      vertex 0.0339829 -0.00837609 0.181136
      vertex 0.0327255 -0.0124113 0.195611
      vertex 0.030991 -0.0162652 0.181135
    endloop
  endfacet
  facet normal 0.992558 0.120519 -0.0174596
    outer loop
      vertex 0.0347448 0.00421878 0.253703
      vertex 0.035 -4.41405e-17 0.239089
      vertex 0.033983 0.00837605 0.239089
    endloop
  endfacet
  facet normal 0.822867 -0.567961 -0.017624
    outer loop
      vertex 0.030991 -0.0162652 0.181135
      vertex 0.0288044 -0.0198823 0.195609
      vertex 0.0261983 -0.0232088 0.181131
    endloop
  endfacet
  facet normal 0.934874 0.354551 -0.0174598
    outer loop
      vertex 0.0327256 0.0124112 0.253703
      vertex 0.033983 0.00837605 0.239089
      vertex 0.030991 0.0162653 0.239089
    endloop
  endfacet
  facet normal 0.970794 0.239279 -0.0174592
    outer loop
      vertex 0.033983 0.00837605 0.239089
      vertex 0.0347448 0.00421878 0.224475
      vertex 0.0327256 0.0124112 0.224475
    endloop
  endfacet
  facet normal 0.934874 0.354551 0.0174597
    outer loop
      vertex 0.030991 0.0162653 0.239089
      vertex 0.033983 0.00837605 0.239089
      vertex 0.0327256 0.0124112 0.224475
    endloop
  endfacet
  facet normal 0.885321 0.464653 -0.0174594
    outer loop
      vertex 0.030991 0.0162653 0.239089
      vertex 0.0327256 0.0124112 0.224475
      vertex 0.0288044 0.0198823 0.224475
    endloop
  endfacet
  facet normal 0.934872 0.354544 -0.0176776
    outer loop
      vertex 0.0327256 0.0124112 0.224475
      vertex 0.033983 0.00837583 0.210042
      vertex 0.0309911 0.0162651 0.210042
    endloop
  endfacet
  facet normal 0.885317 0.464651 0.0176776
    outer loop
      vertex 0.0288044 0.0198823 0.224475
      vertex 0.0327256 0.0124112 0.224475
      vertex 0.0309911 0.0162651 0.210042
    endloop
  endfacet
  facet normal 0.822859 0.567971 -0.0176775
    outer loop
      vertex 0.0288044 0.0198823 0.224475
      vertex 0.0309911 0.0162651 0.210042
      vertex 0.026198 0.0232091 0.210042
    endloop
  endfacet
  facet normal 0.748397 0.663016 -0.0176823
    outer loop
      vertex 0.026198 0.0232091 0.210042
      vertex 0.0288045 0.0198821 0.195612
      vertex 0.0232095 0.0261977 0.195613
    endloop
  endfacet
  facet normal 0.822859 0.567971 0.0176826
    outer loop
      vertex 0.026198 0.0232091 0.210042
      vertex 0.0309911 0.0162651 0.210042
      vertex 0.0288045 0.0198821 0.195612
    endloop
  endfacet
  facet normal 0.88532 0.464646 -0.0176821
    outer loop
      vertex 0.0309911 0.0162651 0.210042
      vertex 0.0327256 0.012411 0.195612
      vertex 0.0288045 0.0198821 0.195612
    endloop
  endfacet
  facet normal 0.885321 0.464646 0.0176267
    outer loop
      vertex 0.0288045 0.0198821 0.195612
      vertex 0.0327256 0.012411 0.195612
      vertex 0.030991 0.0162652 0.181137
    endloop
  endfacet
  facet normal 0.748399 0.663014 0.0176276
    outer loop
      vertex 0.0232095 0.0261977 0.195613
      vertex 0.0288045 0.0198821 0.195612
      vertex 0.0261979 0.0232092 0.181138
    endloop
  endfacet
  facet normal 0.354576 0.934861 0.0176382
    outer loop
      vertex 0.00837504 0.0339832 0.195633
      vertex 0.016266 0.0309906 0.195618
      vertex 0.0124102 0.0327259 0.181154
    endloop
  endfacet
  facet normal 0.567997 0.822842 0.0176299
    outer loop
      vertex 0.016266 0.0309906 0.195618
      vertex 0.0232095 0.0261977 0.195613
      vertex 0.0198823 0.0288044 0.181144
    endloop
  endfacet
  facet normal 0.464656 0.885315 0.0176892
    outer loop
      vertex 0.0124114 0.0327255 0.210042
      vertex 0.0198824 0.0288043 0.210042
      vertex 0.016266 0.0309906 0.195618
    endloop
  endfacet
  facet normal 0.567979 0.822853 -0.0176842
    outer loop
      vertex 0.0198824 0.0288043 0.210042
      vertex 0.0232095 0.0261977 0.195613
      vertex 0.016266 0.0309906 0.195618
    endloop
  endfacet
  facet normal 0.663024 0.748389 0.017683
    outer loop
      vertex 0.0198824 0.0288043 0.210042
      vertex 0.026198 0.0232091 0.210042
      vertex 0.0232095 0.0261977 0.195613
    endloop
  endfacet
  facet normal 0.567977 0.822855 0.017678
    outer loop
      vertex 0.0162653 0.030991 0.224475
      vertex 0.0232093 0.0261979 0.224475
      vertex 0.0198824 0.0288043 0.210042
    endloop
  endfacet
  facet normal 0.663024 0.748389 -0.0176771
    outer loop
      vertex 0.0232093 0.0261979 0.224475
      vertex 0.026198 0.0232091 0.210042
      vertex 0.0198824 0.0288043 0.210042
    endloop
  endfacet
  facet normal 0.748393 0.663019 0.0176778
    outer loop
      vertex 0.0232093 0.0261979 0.224475
      vertex 0.0288044 0.0198823 0.224475
      vertex 0.026198 0.0232091 0.210042
    endloop
  endfacet
  facet normal 0.663022 0.748396 0.0174593
    outer loop
      vertex 0.0198823 0.0288044 0.239089
      vertex 0.0261979 0.0232093 0.239089
      vertex 0.0232093 0.0261979 0.224475
    endloop
  endfacet
  facet normal 0.748396 0.663022 -0.0174593
    outer loop
      vertex 0.0261979 0.0232093 0.239089
      vertex 0.0288044 0.0198823 0.224475
      vertex 0.0232093 0.0261979 0.224475
    endloop
  endfacet
  facet normal 0.822858 0.567979 0.0174596
    outer loop
      vertex 0.0261979 0.0232093 0.239089
      vertex 0.030991 0.0162653 0.239089
      vertex 0.0288044 0.0198823 0.224475
    endloop
  endfacet
  facet normal -0.464659 -0.885314 -0.0176235
    outer loop
      vertex -0.0162651 -0.0309911 0.195611
      vertex -0.0198822 -0.0288045 0.181136
      vertex -0.0124111 -0.0327256 0.181131
    endloop
  endfacet
  facet normal 0.822858 0.567979 -0.0174597
    outer loop
      vertex 0.0288044 0.0198823 0.253703
      vertex 0.030991 0.0162653 0.239089
      vertex 0.0261979 0.0232093 0.239089
    endloop
  endfacet
  facet normal -0.663018 -0.748396 -0.0176266
    outer loop
      vertex -0.0232092 -0.026198 0.195612
      vertex -0.0261978 -0.0232094 0.181136
      vertex -0.0198822 -0.0288045 0.181136
    endloop
  endfacet
  facet normal -0.822855 -0.567978 -0.0176265
    outer loop
      vertex -0.0288043 -0.0198824 0.195612
      vertex -0.0309909 -0.0162654 0.181136
      vertex -0.0261978 -0.0232094 0.181136
    endloop
  endfacet
  facet normal 0.464653 0.885321 -0.0174595
    outer loop
      vertex 0.0162653 0.030991 0.253703
      vertex 0.0198823 0.0288044 0.239089
      vertex 0.0124112 0.0327256 0.239089
    endloop
  endfacet
  facet normal 0.464653 0.885321 0.0174594
    outer loop
      vertex 0.0124112 0.0327256 0.239089
      vertex 0.0198823 0.0288044 0.239089
      vertex 0.0162653 0.030991 0.224475
    endloop
  endfacet
  facet normal 0.354551 0.934874 -0.0174597
    outer loop
      vertex 0.0124112 0.0327256 0.239089
      vertex 0.0162653 0.030991 0.224475
      vertex 0.00837605 0.033983 0.224475
    endloop
  endfacet
  facet normal 0.354549 0.93487 0.0176778
    outer loop
      vertex 0.00837605 0.033983 0.224475
      vertex 0.0162653 0.030991 0.224475
      vertex 0.0124114 0.0327255 0.210042
    endloop
  endfacet
  facet normal 0.239226 0.970803 -0.0176948
    outer loop
      vertex 0.00837605 0.033983 0.224475
      vertex 0.0124114 0.0327255 0.210042
      vertex 0.00421978 0.0347447 0.210075
    endloop
  endfacet
  facet normal 0.239364 0.970769 0.0176844
    outer loop
      vertex 0.00421978 0.0347447 0.210075
      vertex 0.0124114 0.0327255 0.210042
      vertex 0.00837504 0.0339832 0.195633
    endloop
  endfacet
  facet normal 0.120522 0.992554 -0.0176572
    outer loop
      vertex 0.00421978 0.0347447 0.210075
      vertex 0.00837504 0.0339832 0.195633
      vertex 2.53601e-07 0.035 0.195626
    endloop
  endfacet
  facet normal 0.120492 0.992558 0.0176157
    outer loop
      vertex 2.53601e-07 0.035 0.195626
      vertex 0.00837504 0.0339832 0.195633
      vertex 0.0042189 0.0347448 0.18115
    endloop
  endfacet
  facet normal -0.120522 0.992554 0.0176224
    outer loop
      vertex -0.00837612 0.0339829 0.195623
      vertex 2.53601e-07 0.035 0.195626
      vertex -0.0042187 0.0347448 0.181145
    endloop
  endfacet
  facet normal -0.354573 0.934862 0.0176252
    outer loop
      vertex -0.0162655 0.0309909 0.195612
      vertex -0.00837612 0.0339829 0.195623
      vertex -0.0124109 0.0327257 0.181141
    endloop
  endfacet
  facet normal -0.354532 0.934876 -0.0176891
    outer loop
      vertex -0.0162655 0.0309909 0.195612
      vertex -0.0124114 0.0327255 0.210042
      vertex -0.00837612 0.0339829 0.195623
    endloop
  endfacet
  facet normal -0.239321 0.970779 0.0176844
    outer loop
      vertex -0.0124114 0.0327255 0.210042
      vertex -0.00422019 0.0347446 0.210052
      vertex -0.00837612 0.0339829 0.195623
    endloop
  endfacet
  facet normal -0.239281 0.970789 -0.0176784
    outer loop
      vertex -0.0124114 0.0327255 0.210042
      vertex -0.00837605 0.033983 0.224475
      vertex -0.00422019 0.0347446 0.210052
    endloop
  endfacet
  facet normal -0.354549 0.93487 0.0176778
    outer loop
      vertex -0.0162653 0.030991 0.224475
      vertex -0.00837605 0.033983 0.224475
      vertex -0.0124114 0.0327255 0.210042
    endloop
  endfacet
  facet normal -0.354551 0.934874 -0.0174597
    outer loop
      vertex -0.0162653 0.030991 0.224475
      vertex -0.0124112 0.0327256 0.239089
      vertex -0.00837605 0.033983 0.224475
    endloop
  endfacet
  facet normal -0.239279 0.970794 0.0174592
    outer loop
      vertex -0.0124112 0.0327256 0.239089
      vertex -0.00421878 0.0347448 0.239089
      vertex -0.00837605 0.033983 0.224475
    endloop
  endfacet
  facet normal -0.239279 0.970794 -0.0174593
    outer loop
      vertex -0.0124112 0.0327256 0.239089
      vertex -0.00837605 0.033983 0.253703
      vertex -0.00421878 0.0347448 0.239089
    endloop
  endfacet
  facet normal -0.992554 -0.12052 -0.0176262
    outer loop
      vertex -0.0347448 -0.00421895 0.195612
      vertex -0.035 -7.24287e-08 0.181136
      vertex -0.0339829 -0.00837612 0.181136
    endloop
  endfacet
  facet normal -0.992555 0.120516 -0.0176263
    outer loop
      vertex -0.0347448 0.00421862 0.195612
      vertex -0.033983 0.00837598 0.181137
      vertex -0.035 -7.24287e-08 0.181136
    endloop
  endfacet
  facet normal -0.663022 0.748396 -0.0174594
    outer loop
      vertex -0.0261979 0.0232093 0.239089
      vertex -0.0232093 0.0261979 0.253703
      vertex -0.0198823 0.0288044 0.239089
    endloop
  endfacet
  facet normal -0.663022 0.748396 0.0174593
    outer loop
      vertex -0.0261979 0.0232093 0.239089
      vertex -0.0198823 0.0288044 0.239089
      vertex -0.0232093 0.0261979 0.224475
    endloop
  endfacet
  facet normal -0.567979 0.822858 -0.0174596
    outer loop
      vertex -0.0232093 0.0261979 0.224475
      vertex -0.0198823 0.0288044 0.239089
      vertex -0.0162653 0.030991 0.224475
    endloop
  endfacet
  facet normal -0.567977 0.822855 0.017678
    outer loop
      vertex -0.0232093 0.0261979 0.224475
      vertex -0.0162653 0.030991 0.224475
      vertex -0.0198824 0.0288043 0.210042
    endloop
  endfacet
  facet normal -0.663024 0.748389 -0.0176771
    outer loop
      vertex -0.026198 0.0232091 0.210042
      vertex -0.0232093 0.0261979 0.224475
      vertex -0.0198824 0.0288043 0.210042
    endloop
  endfacet
  facet normal -0.663024 0.748389 0.0176821
    outer loop
      vertex -0.026198 0.0232091 0.210042
      vertex -0.0198824 0.0288043 0.210042
      vertex -0.0232094 0.0261978 0.195612
    endloop
  endfacet
  facet normal -0.567979 0.822853 -0.0176825
    outer loop
      vertex -0.0232094 0.0261978 0.195612
      vertex -0.0198824 0.0288043 0.210042
      vertex -0.0162655 0.0309909 0.195612
    endloop
  endfacet
  facet normal -0.567981 0.822853 0.0176271
    outer loop
      vertex -0.0232094 0.0261978 0.195612
      vertex -0.0162655 0.0309909 0.195612
      vertex -0.0198822 0.0288045 0.181137
    endloop
  endfacet
  facet normal -0.748397 0.663016 0.0176268
    outer loop
      vertex -0.0288045 0.0198821 0.195612
      vertex -0.0232094 0.0261978 0.195612
      vertex -0.0261979 0.0232093 0.181137
    endloop
  endfacet
  facet normal -0.88532 0.464647 0.0176264
    outer loop
      vertex -0.0327256 0.012411 0.195612
      vertex -0.0288045 0.0198821 0.195612
      vertex -0.030991 0.0162653 0.181137
    endloop
  endfacet
  facet normal -0.88532 0.464647 -0.017682
    outer loop
      vertex -0.0327256 0.012411 0.195612
      vertex -0.0309911 0.0162651 0.210042
      vertex -0.0288045 0.0198821 0.195612
    endloop
  endfacet
  facet normal -0.822859 0.567971 0.0176823
    outer loop
      vertex -0.0309911 0.0162651 0.210042
      vertex -0.026198 0.0232091 0.210042
      vertex -0.0288045 0.0198821 0.195612
    endloop
  endfacet
  facet normal -0.822859 0.567971 -0.0176775
    outer loop
      vertex -0.0309911 0.0162651 0.210042
      vertex -0.0288044 0.0198823 0.224475
      vertex -0.026198 0.0232091 0.210042
    endloop
  endfacet
  facet normal -0.885317 0.464651 0.0176776
    outer loop
      vertex -0.0327256 0.0124112 0.224475
      vertex -0.0288044 0.0198823 0.224475
      vertex -0.0309911 0.0162651 0.210042
    endloop
  endfacet
  facet normal -0.885321 0.464653 -0.0174594
    outer loop
      vertex -0.0327256 0.0124112 0.224475
      vertex -0.030991 0.0162653 0.239089
      vertex -0.0288044 0.0198823 0.224475
    endloop
  endfacet
  facet normal -0.822858 0.567979 0.0174596
    outer loop
      vertex -0.030991 0.0162653 0.239089
      vertex -0.0261979 0.0232093 0.239089
      vertex -0.0288044 0.0198823 0.224475
    endloop
  endfacet
  facet normal -0.822858 0.567979 -0.0174597
    outer loop
      vertex -0.030991 0.0162653 0.239089
      vertex -0.0288044 0.0198823 0.253703
      vertex -0.0261979 0.0232093 0.239089
    endloop
  endfacet
  facet normal -0.822857 0.567976 -0.0176265
    outer loop
      vertex -0.0288045 0.0198821 0.195612
      vertex -0.0261979 0.0232093 0.181137
      vertex -0.030991 0.0162653 0.181137
    endloop
  endfacet
  facet normal -0.663018 0.748396 -0.017627
    outer loop
      vertex -0.0232094 0.0261978 0.195612
      vertex -0.0198822 0.0288045 0.181137
      vertex -0.0261979 0.0232093 0.181137
    endloop
  endfacet
  facet normal -0.992558 0.120519 -0.0174596
    outer loop
      vertex -0.035 3.60934e-17 0.239089
      vertex -0.0347448 0.00421878 0.253703
      vertex -0.033983 0.00837605 0.239089
    endloop
  endfacet
  facet normal -0.992558 0.120519 0.0174595
    outer loop
      vertex -0.035 3.60934e-17 0.239089
      vertex -0.033983 0.00837605 0.239089
      vertex -0.0347448 0.00421878 0.224475
    endloop
  endfacet
  facet normal -0.970794 0.239279 -0.0174592
    outer loop
      vertex -0.0347448 0.00421878 0.224475
      vertex -0.033983 0.00837605 0.239089
      vertex -0.0327256 0.0124112 0.224475
    endloop
  endfacet
  facet normal -0.97079 0.239278 0.0176779
    outer loop
      vertex -0.0347448 0.00421878 0.224475
      vertex -0.0327256 0.0124112 0.224475
      vertex -0.033983 0.00837584 0.210042
    endloop
  endfacet
  facet normal -0.992555 0.120511 -0.0176774
    outer loop
      vertex -0.035 -2.18235e-07 0.210042
      vertex -0.0347448 0.00421878 0.224475
      vertex -0.033983 0.00837584 0.210042
    endloop
  endfacet
  facet normal -0.992554 0.120511 0.0176821
    outer loop
      vertex -0.035 -2.18235e-07 0.210042
      vertex -0.033983 0.00837584 0.210042
      vertex -0.0347448 0.00421862 0.195612
    endloop
  endfacet
  facet normal -0.970791 0.239273 -0.0176824
    outer loop
      vertex -0.0347448 0.00421862 0.195612
      vertex -0.033983 0.00837584 0.210042
      vertex -0.0327256 0.012411 0.195612
    endloop
  endfacet
  facet normal -0.970792 0.239273 0.0176263
    outer loop
      vertex -0.0347448 0.00421862 0.195612
      vertex -0.0327256 0.012411 0.195612
      vertex -0.033983 0.00837598 0.181137
    endloop
  endfacet
  facet normal -0.999845 -4.73997e-06 0.0176264
    outer loop
      vertex -0.0347448 -0.00421895 0.195612
      vertex -0.0347448 0.00421862 0.195612
      vertex -0.035 -7.24287e-08 0.181136
    endloop
  endfacet
  facet normal -0.97079 -0.239283 0.0176266
    outer loop
      vertex -0.0327255 -0.0124113 0.195612
      vertex -0.0347448 -0.00421895 0.195612
      vertex -0.0339829 -0.00837612 0.181136
    endloop
  endfacet
  facet normal -0.970789 -0.239283 -0.0176821
    outer loop
      vertex -0.0327255 -0.0124113 0.195612
      vertex -0.0339829 -0.00837626 0.210042
      vertex -0.0347448 -0.00421895 0.195612
    endloop
  endfacet
  facet normal -0.992553 -0.120524 0.0176823
    outer loop
      vertex -0.0339829 -0.00837626 0.210042
      vertex -0.035 -2.18235e-07 0.210042
      vertex -0.0347448 -0.00421895 0.195612
    endloop
  endfacet
  facet normal -0.992553 -0.120524 -0.0176776
    outer loop
      vertex -0.0339829 -0.00837626 0.210042
      vertex -0.0347448 -0.00421878 0.224475
      vertex -0.035 -2.18235e-07 0.210042
    endloop
  endfacet
  facet normal -0.97079 -0.239278 0.0176775
    outer loop
      vertex -0.0327256 -0.0124112 0.224475
      vertex -0.0347448 -0.00421878 0.224475
      vertex -0.0339829 -0.00837626 0.210042
    endloop
  endfacet
  facet normal -0.970794 -0.239279 -0.0174592
    outer loop
      vertex -0.0327256 -0.0124112 0.224475
      vertex -0.033983 -0.00837605 0.239089
      vertex -0.0347448 -0.00421878 0.224475
    endloop
  endfacet
  facet normal -0.992558 -0.120519 0.0174595
    outer loop
      vertex -0.033983 -0.00837605 0.239089
      vertex -0.035 3.60934e-17 0.239089
      vertex -0.0347448 -0.00421878 0.224475
    endloop
  endfacet
  facet normal -0.992558 -0.120519 -0.0174596
    outer loop
      vertex -0.033983 -0.00837605 0.239089
      vertex -0.0347448 -0.00421878 0.253703
      vertex -0.035 3.60934e-17 0.239089
    endloop
  endfacet
  facet normal 0.822856 0.567977 -0.0176277
    outer loop
      vertex 0.0261979 0.0232092 0.181138
      vertex 0.0288045 0.0198821 0.195612
      vertex 0.030991 0.0162652 0.181137
    endloop
  endfacet
  facet normal -0.464641 0.885324 -0.0176301
    outer loop
      vertex -0.0162655 0.0309909 0.195612
      vertex -0.0124109 0.0327257 0.181141
      vertex -0.0198822 0.0288045 0.181137
    endloop
  endfacet
  facet normal -0.822858 -0.567979 -0.0174597
    outer loop
      vertex -0.0261979 -0.0232093 0.239089
      vertex -0.0288044 -0.0198823 0.253703
      vertex -0.030991 -0.0162653 0.239089
    endloop
  endfacet
  facet normal -0.822858 -0.567979 0.0174596
    outer loop
      vertex -0.0261979 -0.0232093 0.239089
      vertex -0.030991 -0.0162653 0.239089
      vertex -0.0288044 -0.0198823 0.224475
    endloop
  endfacet
  facet normal -0.885321 -0.464653 -0.0174594
    outer loop
      vertex -0.0288044 -0.0198823 0.224475
      vertex -0.030991 -0.0162653 0.239089
      vertex -0.0327256 -0.0124112 0.224475
    endloop
  endfacet
  facet normal -0.885317 -0.464651 0.0176776
    outer loop
      vertex -0.0288044 -0.0198823 0.224475
      vertex -0.0327256 -0.0124112 0.224475
      vertex -0.0309909 -0.0162655 0.210042
    endloop
  endfacet
  facet normal -0.822852 -0.567981 -0.0176775
    outer loop
      vertex -0.0261977 -0.0232095 0.210042
      vertex -0.0288044 -0.0198823 0.224475
      vertex -0.0309909 -0.0162655 0.210042
    endloop
  endfacet
  facet normal -0.822852 -0.567981 0.0176825
    outer loop
      vertex -0.0261977 -0.0232095 0.210042
      vertex -0.0309909 -0.0162655 0.210042
      vertex -0.0288043 -0.0198824 0.195612
    endloop
  endfacet
  facet normal -0.885315 -0.464655 -0.017682
    outer loop
      vertex -0.0288043 -0.0198824 0.195612
      vertex -0.0309909 -0.0162655 0.210042
      vertex -0.0327255 -0.0124113 0.195612
    endloop
  endfacet
  facet normal -0.885316 -0.464655 0.0176259
    outer loop
      vertex -0.0288043 -0.0198824 0.195612
      vertex -0.0327255 -0.0124113 0.195612
      vertex -0.0309909 -0.0162654 0.181136
    endloop
  endfacet
  facet normal -0.748391 -0.663024 0.0176264
    outer loop
      vertex -0.0232092 -0.026198 0.195612
      vertex -0.0288043 -0.0198824 0.195612
      vertex -0.0261978 -0.0232094 0.181136
    endloop
  endfacet
  facet normal -0.354527 -0.93488 0.0176256
    outer loop
      vertex -0.00837542 -0.0339831 0.195606
      vertex -0.0162651 -0.0309911 0.195611
      vertex -0.0124111 -0.0327256 0.181131
    endloop
  endfacet
  facet normal -0.567969 -0.822861 0.0176268
    outer loop
      vertex -0.0162651 -0.0309911 0.195611
      vertex -0.0232092 -0.026198 0.195612
      vertex -0.0198822 -0.0288045 0.181136
    endloop
  endfacet
  facet normal -0.464645 -0.885321 0.0176814
    outer loop
      vertex -0.012411 -0.0327257 0.210042
      vertex -0.0198821 -0.0288046 0.210042
      vertex -0.0162651 -0.0309911 0.195611
    endloop
  endfacet
  facet normal -0.567971 -0.822859 -0.0176817
    outer loop
      vertex -0.0162651 -0.0309911 0.195611
      vertex -0.0198821 -0.0288046 0.210042
      vertex -0.0232092 -0.026198 0.195612
    endloop
  endfacet
  facet normal -0.663014 -0.748398 0.0176826
    outer loop
      vertex -0.0198821 -0.0288046 0.210042
      vertex -0.0261977 -0.0232095 0.210042
      vertex -0.0232092 -0.026198 0.195612
    endloop
  endfacet
  facet normal -0.663014 -0.748398 -0.0176772
    outer loop
      vertex -0.0198821 -0.0288046 0.210042
      vertex -0.0232093 -0.0261979 0.224475
      vertex -0.0261977 -0.0232095 0.210042
    endloop
  endfacet
  facet normal -0.567977 -0.822855 0.0176777
    outer loop
      vertex -0.0162653 -0.030991 0.224475
      vertex -0.0232093 -0.0261979 0.224475
      vertex -0.0198821 -0.0288046 0.210042
    endloop
  endfacet
  facet normal -0.567979 -0.822858 -0.0174596
    outer loop
      vertex -0.0162653 -0.030991 0.224475
      vertex -0.0198823 -0.0288044 0.239089
      vertex -0.0232093 -0.0261979 0.224475
    endloop
  endfacet
  facet normal -0.663022 -0.748396 0.0174593
    outer loop
      vertex -0.0198823 -0.0288044 0.239089
      vertex -0.0261979 -0.0232093 0.239089
      vertex -0.0232093 -0.0261979 0.224475
    endloop
  endfacet
  facet normal -0.663022 -0.748396 -0.0174594
    outer loop
      vertex -0.0198823 -0.0288044 0.239089
      vertex -0.0232093 -0.0261979 0.253703
      vertex -0.0261979 -0.0232093 0.239089
    endloop
  endfacet
  facet normal -0.934872 0.354548 -0.0176267
    outer loop
      vertex -0.0327256 0.012411 0.195612
      vertex -0.030991 0.0162653 0.181137
      vertex -0.033983 0.00837598 0.181137
    endloop
  endfacet
  facet normal -0.93487 -0.354553 -0.0176265
    outer loop
      vertex -0.0327255 -0.0124113 0.195612
      vertex -0.0339829 -0.00837612 0.181136
      vertex -0.0309909 -0.0162654 0.181136
    endloop
  endfacet
  facet normal -0.239279 -0.970794 -0.0174593
    outer loop
      vertex -0.00421878 -0.0347448 0.239089
      vertex -0.00837605 -0.033983 0.253703
      vertex -0.0124112 -0.0327256 0.239089
    endloop
  endfacet
  facet normal -0.239279 -0.970794 0.0174592
    outer loop
      vertex -0.00421878 -0.0347448 0.239089
      vertex -0.0124112 -0.0327256 0.239089
      vertex -0.00837605 -0.033983 0.224475
    endloop
  endfacet
  facet normal -0.354551 -0.934874 -0.0174597
    outer loop
      vertex -0.00837605 -0.033983 0.224475
      vertex -0.0124112 -0.0327256 0.239089
      vertex -0.0162653 -0.030991 0.224475
    endloop
  endfacet
  facet normal -0.354549 -0.93487 0.0176775
    outer loop
      vertex -0.00837605 -0.033983 0.224475
      vertex -0.0162653 -0.030991 0.224475
      vertex -0.012411 -0.0327257 0.210042
    endloop
  endfacet
  facet normal -0.120518 -0.992554 0.0176766
    outer loop
      vertex -8.29016e-17 -0.035 0.224475
      vertex -0.00837605 -0.033983 0.224475
      vertex -0.0042185 -0.0347448 0.210041
    endloop
  endfacet
  facet normal -0.239272 -0.970792 -0.0176774
    outer loop
      vertex -0.0042185 -0.0347448 0.210041
      vertex -0.00837605 -0.033983 0.224475
      vertex -0.012411 -0.0327257 0.210042
    endloop
  endfacet
  facet normal -0.23927 -0.970792 0.0176755
    outer loop
      vertex -0.0042185 -0.0347448 0.210041
      vertex -0.012411 -0.0327257 0.210042
      vertex -0.00837542 -0.0339831 0.195606
    endloop
  endfacet
  facet normal 1.65305e-05 -0.999844 0.0176765
    outer loop
      vertex 0.00421926 -0.0347447 0.210038
      vertex -0.0042185 -0.0347448 0.210041
      vertex -5.13881e-07 -0.035 0.195604
    endloop
  endfacet
  facet normal -0.120519 -0.992554 -0.0176692
    outer loop
      vertex -5.13881e-07 -0.035 0.195604
      vertex -0.0042185 -0.0347448 0.210041
      vertex -0.00837542 -0.0339831 0.195606
    endloop
  endfacet
  facet normal -0.120513 -0.992555 0.0176134
    outer loop
      vertex -5.13881e-07 -0.035 0.195604
      vertex -0.00837542 -0.0339831 0.195606
      vertex -0.00421861 -0.0347448 0.181123
    endloop
  endfacet
  facet normal 0.120511 -0.992556 0.0176235
    outer loop
      vertex 0.00837598 -0.033983 0.195604
      vertex -5.13881e-07 -0.035 0.195604
      vertex 0.00421827 -0.0347449 0.181125
    endloop
  endfacet
  facet normal 0.567973 -0.822858 0.0176349
    outer loop
      vertex 0.0232095 -0.0261977 0.1956
      vertex 0.0162649 -0.0309912 0.195599
      vertex 0.0198822 -0.0288045 0.181128
    endloop
  endfacet
  facet normal 0.35455 -0.934871 0.0176295
    outer loop
      vertex 0.0162649 -0.0309912 0.195599
      vertex 0.00837598 -0.033983 0.195604
      vertex 0.012411 -0.0327256 0.18113
    endloop
  endfacet
  facet normal 0.464681 -0.885302 0.0176888
    outer loop
      vertex 0.0198813 -0.0288051 0.210008
      vertex 0.012412 -0.0327252 0.210026
      vertex 0.0162649 -0.0309912 0.195599
    endloop
  endfacet
  facet normal 0.354533 -0.934876 -0.0176861
    outer loop
      vertex 0.0162649 -0.0309912 0.195599
      vertex 0.012412 -0.0327252 0.210026
      vertex 0.00837598 -0.033983 0.195604
    endloop
  endfacet
  facet normal 0.239322 -0.970779 0.0176854
    outer loop
      vertex 0.012412 -0.0327252 0.210026
      vertex 0.00421926 -0.0347447 0.210038
      vertex 0.00837598 -0.033983 0.195604
    endloop
  endfacet
  facet normal 0.354549 -0.934871 0.0176587
    outer loop
      vertex 0.0162653 -0.030991 0.224475
      vertex 0.00837605 -0.033983 0.224475
      vertex 0.012412 -0.0327252 0.210026
    endloop
  endfacet
  facet normal 0.239273 -0.970792 -0.0176677
    outer loop
      vertex 0.012412 -0.0327252 0.210026
      vertex 0.00837605 -0.033983 0.224475
      vertex 0.00421926 -0.0347447 0.210038
    endloop
  endfacet
  facet normal 0.120518 -0.992554 0.0176734
    outer loop
      vertex 0.00837605 -0.033983 0.224475
      vertex -8.29016e-17 -0.035 0.224475
      vertex 0.00421926 -0.0347447 0.210038
    endloop
  endfacet
  facet normal 0.239279 -0.970794 0.0174592
    outer loop
      vertex 0.0124112 -0.0327256 0.239089
      vertex 0.00421878 -0.0347448 0.239089
      vertex 0.00837605 -0.033983 0.224475
    endloop
  endfacet
  facet normal 0.120519 -0.992558 -0.0174595
    outer loop
      vertex 0.00837605 -0.033983 0.224475
      vertex 0.00421878 -0.0347448 0.239089
      vertex -8.29016e-17 -0.035 0.224475
    endloop
  endfacet
  facet normal 0 -0.999848 0.0174595
    outer loop
      vertex 0.00421878 -0.0347448 0.239089
      vertex -0.00421878 -0.0347448 0.239089
      vertex -8.29016e-17 -0.035 0.224475
    endloop
  endfacet
  facet normal -6.51068e-18 -0.999848 -0.0174596
    outer loop
      vertex 0.00421878 -0.0347448 0.239089
      vertex -8.35189e-17 -0.035 0.253703
      vertex -0.00421878 -0.0347448 0.239089
    endloop
  endfacet
  facet normal 0.934872 0.354548 -0.0176266
    outer loop
      vertex 0.030991 0.0162652 0.181137
      vertex 0.0327256 0.012411 0.195612
      vertex 0.033983 0.00837598 0.181137
    endloop
  endfacet
  facet normal -0.239265 0.970794 -0.0176204
    outer loop
      vertex -0.00837612 0.0339829 0.195623
      vertex -0.0042187 0.0347448 0.181145
      vertex -0.0124109 0.0327257 0.181141
    endloop
  endfacet
  facet normal 1.30215e-05 0.999845 -0.0176223
    outer loop
      vertex -0.0042187 0.0347448 0.181145
      vertex 2.53601e-07 0.035 0.195626
      vertex 0.0042189 0.0347448 0.18115
    endloop
  endfacet
  facet normal 0.464653 -0.885321 -0.0174595
    outer loop
      vertex 0.0198823 -0.0288044 0.239089
      vertex 0.0162653 -0.030991 0.253703
      vertex 0.0124112 -0.0327256 0.239089
    endloop
  endfacet
  facet normal 0.464653 -0.885321 0.0174594
    outer loop
      vertex 0.0198823 -0.0288044 0.239089
      vertex 0.0124112 -0.0327256 0.239089
      vertex 0.0162653 -0.030991 0.224475
    endloop
  endfacet
  facet normal 0.663022 -0.748396 0.0174593
    outer loop
      vertex 0.0261979 -0.0232093 0.239089
      vertex 0.0198823 -0.0288044 0.239089
      vertex 0.0232093 -0.0261979 0.224475
    endloop
  endfacet
  facet normal 0.567979 -0.822858 -0.0174596
    outer loop
      vertex 0.0232093 -0.0261979 0.224475
      vertex 0.0198823 -0.0288044 0.239089
      vertex 0.0162653 -0.030991 0.224475
    endloop
  endfacet
  facet normal 0.567977 -0.822855 0.0176368
    outer loop
      vertex 0.0232093 -0.0261979 0.224475
      vertex 0.0162653 -0.030991 0.224475
      vertex 0.0198813 -0.0288051 0.210008
    endloop
  endfacet
  facet normal 0.663046 -0.74837 -0.0176554
    outer loop
      vertex 0.0232093 -0.0261979 0.224475
      vertex 0.0198813 -0.0288051 0.210008
      vertex 0.0261975 -0.0232097 0.210036
    endloop
  endfacet
  facet normal 0.662958 -0.748448 0.0176944
    outer loop
      vertex 0.0261975 -0.0232097 0.210036
      vertex 0.0198813 -0.0288051 0.210008
      vertex 0.0232095 -0.0261977 0.1956
    endloop
  endfacet
  facet normal 0.748409 -0.663001 -0.0176783
    outer loop
      vertex 0.0261975 -0.0232097 0.210036
      vertex 0.0232095 -0.0261977 0.1956
      vertex 0.0288044 -0.0198823 0.195609
    endloop
  endfacet
  facet normal 0.748385 -0.66303 0.0176279
    outer loop
      vertex 0.0288044 -0.0198823 0.195609
      vertex 0.0232095 -0.0261977 0.1956
      vertex 0.0261983 -0.0232088 0.181131
    endloop
  endfacet
  facet normal 0.885316 -0.464656 0.0176272
    outer loop
      vertex 0.0327255 -0.0124113 0.195611
      vertex 0.0288044 -0.0198823 0.195609
      vertex 0.030991 -0.0162652 0.181135
    endloop
  endfacet
  facet normal 0.97079 -0.239284 0.0176265
    outer loop
      vertex 0.0347448 -0.00421894 0.195612
      vertex 0.0327255 -0.0124113 0.195611
      vertex 0.0339829 -0.00837609 0.181136
    endloop
  endfacet
  facet normal 0.992553 -0.120524 0.017682
    outer loop
      vertex 0.035 -2.22799e-07 0.210042
      vertex 0.0339829 -0.00837628 0.210042
      vertex 0.0347448 -0.00421894 0.195612
    endloop
  endfacet
  facet normal 0.970789 -0.239281 -0.0176822
    outer loop
      vertex 0.0339829 -0.00837628 0.210042
      vertex 0.0327255 -0.0124113 0.195611
      vertex 0.0347448 -0.00421894 0.195612
    endloop
  endfacet
  facet normal 0.934867 -0.354559 0.0176817
    outer loop
      vertex 0.0339829 -0.00837628 0.210042
      vertex 0.0309908 -0.0162656 0.210041
      vertex 0.0327255 -0.0124113 0.195611
    endloop
  endfacet
  facet normal 0.97079 -0.239278 0.0176777
    outer loop
      vertex 0.0347448 -0.00421878 0.224475
      vertex 0.0327256 -0.0124112 0.224475
      vertex 0.0339829 -0.00837628 0.210042
    endloop
  endfacet
  facet normal 0.934868 -0.354555 -0.0176772
    outer loop
      vertex 0.0327256 -0.0124112 0.224475
      vertex 0.0309908 -0.0162656 0.210041
      vertex 0.0339829 -0.00837628 0.210042
    endloop
  endfacet
  facet normal 0.885317 -0.464651 0.0176766
    outer loop
      vertex 0.0327256 -0.0124112 0.224475
      vertex 0.0288044 -0.0198823 0.224475
      vertex 0.0309908 -0.0162656 0.210041
    endloop
  endfacet
  facet normal 0.934874 -0.354551 0.0174597
    outer loop
      vertex 0.033983 -0.00837605 0.239089
      vertex 0.030991 -0.0162653 0.239089
      vertex 0.0327256 -0.0124112 0.224475
    endloop
  endfacet
  facet normal 0.885321 -0.464653 -0.0174594
    outer loop
      vertex 0.030991 -0.0162653 0.239089
      vertex 0.0288044 -0.0198823 0.224475
      vertex 0.0327256 -0.0124112 0.224475
    endloop
  endfacet
  facet normal 0.822858 -0.567979 0.0174596
    outer loop
      vertex 0.030991 -0.0162653 0.239089
      vertex 0.0261979 -0.0232093 0.239089
      vertex 0.0288044 -0.0198823 0.224475
    endloop
  endfacet
  facet normal 0.464621 0.885334 -0.0176387
    outer loop
      vertex 0.0124102 0.0327259 0.181154
      vertex 0.016266 0.0309906 0.195618
      vertex 0.0198823 0.0288044 0.181144
    endloop
  endfacet
  facet normal 0.822858 -0.567979 -0.0174597
    outer loop
      vertex 0.0288044 -0.0198823 0.253703
      vertex 0.0261979 -0.0232093 0.239089
      vertex 0.030991 -0.0162653 0.239089
    endloop
  endfacet
  facet normal 0.663013 0.748401 -0.0176312
    outer loop
      vertex 0.0198823 0.0288044 0.181144
      vertex 0.0232095 0.0261977 0.195613
      vertex 0.0261979 0.0232092 0.181138
    endloop
  endfacet
  facet normal 0.239274 0.970792 -0.0176138
    outer loop
      vertex 0.0042189 0.0347448 0.18115
      vertex 0.00837504 0.0339832 0.195633
      vertex 0.0124102 0.0327259 0.181154
    endloop
  endfacet
  facet normal 0.992558 -0.120519 -0.0174596
    outer loop
      vertex 0.0347448 -0.00421878 0.253703
      vertex 0.033983 -0.00837605 0.239089
      vertex 0.035 -4.41405e-17 0.239089
    endloop
  endfacet
  facet normal 0.992558 -0.120519 0.0174595
    outer loop
      vertex 0.035 -4.41405e-17 0.239089
      vertex 0.033983 -0.00837605 0.239089
      vertex 0.0347448 -0.00421878 0.224475
    endloop
  endfacet
  facet normal 0.999848 0 -0.0174595
    outer loop
      vertex 0.035 -4.41405e-17 0.239089
      vertex 0.0347448 -0.00421878 0.224475
      vertex 0.0347448 0.00421878 0.224475
    endloop
  endfacet
  facet normal 0.999844 0 0.0176776
    outer loop
      vertex 0.0347448 0.00421878 0.224475
      vertex 0.0347448 -0.00421878 0.224475
      vertex 0.035 -2.22799e-07 0.210042
    endloop
  endfacet
  facet normal 0.992555 0.120511 -0.0176774
    outer loop
      vertex 0.0347448 0.00421878 0.224475
      vertex 0.035 -2.22799e-07 0.210042
      vertex 0.033983 0.00837583 0.210042
    endloop
  endfacet
  facet normal 0.992554 0.120511 0.0176821
    outer loop
      vertex 0.033983 0.00837583 0.210042
      vertex 0.035 -2.22799e-07 0.210042
      vertex 0.0347448 0.00421862 0.195612
    endloop
  endfacet
  facet normal 0.970791 0.239273 -0.0176825
    outer loop
      vertex 0.033983 0.00837583 0.210042
      vertex 0.0347448 0.00421862 0.195612
      vertex 0.0327256 0.012411 0.195612
    endloop
  endfacet
  facet normal 0.970792 0.239274 0.0176263
    outer loop
      vertex 0.0327256 0.012411 0.195612
      vertex 0.0347448 0.00421862 0.195612
      vertex 0.033983 0.00837598 0.181137
    endloop
  endfacet
  facet normal 0.992558 -0.120519 0.0174595
    outer loop
      vertex 0.035 -4.50997e-17 0.268317
      vertex 0.033983 -0.00837605 0.268317
      vertex 0.0347448 -0.00421878 0.253703
    endloop
  endfacet
  facet normal 0.885321 -0.464653 -0.0174594
    outer loop
      vertex 0.030991 -0.0162653 0.268317
      vertex 0.0288044 -0.0198823 0.253703
      vertex 0.0327256 -0.0124112 0.253703
    endloop
  endfacet
  facet normal 0.970794 -0.239279 0.0174592
    outer loop
      vertex 0.0347448 -0.00421878 0.282931
      vertex 0.0327256 -0.0124112 0.282931
      vertex 0.033983 -0.00837605 0.268317
    endloop
  endfacet
  facet normal 0.822858 -0.567979 -0.0174596
    outer loop
      vertex 0.030991 -0.0162653 0.268317
      vertex 0.0288044 -0.0198823 0.282931
      vertex 0.0261979 -0.0232093 0.268317
    endloop
  endfacet
  facet normal 0.822858 -0.567979 0.0174597
    outer loop
      vertex 0.030991 -0.0162653 0.297544
      vertex 0.0261979 -0.0232093 0.297544
      vertex 0.0288044 -0.0198823 0.282931
    endloop
  endfacet
  facet normal 0.970794 -0.239279 -0.0174593
    outer loop
      vertex 0.033983 -0.00837605 0.297544
      vertex 0.0327256 -0.0124112 0.282931
      vertex 0.0347448 -0.00421878 0.282931
    endloop
  endfacet
  facet normal 0.885321 -0.464653 0.0174594
    outer loop
      vertex 0.0327256 -0.0124112 0.312158
      vertex 0.0288044 -0.0198823 0.312158
      vertex 0.030991 -0.0162653 0.297544
    endloop
  endfacet
  facet normal 0.992558 -0.120519 -0.0174595
    outer loop
      vertex 0.0347448 -0.00421878 0.312158
      vertex 0.033983 -0.00837605 0.297544
      vertex 0.035 -4.30028e-17 0.297544
    endloop
  endfacet
  facet normal 0.567979 -0.822858 0.0174596
    outer loop
      vertex 0.0232093 -0.0261979 0.312158
      vertex 0.0162653 -0.030991 0.312158
      vertex 0.0198823 -0.0288044 0.297544
    endloop
  endfacet
  facet normal 0.567979 -0.822858 -0.0174597
    outer loop
      vertex 0.0232093 -0.0261979 0.282931
      vertex 0.0198823 -0.0288044 0.297544
      vertex 0.0162653 -0.030991 0.282931
    endloop
  endfacet
  facet normal 0.567979 -0.822858 0.0174596
    outer loop
      vertex 0.0232093 -0.0261979 0.282931
      vertex 0.0162653 -0.030991 0.282931
      vertex 0.0198823 -0.0288044 0.268317
    endloop
  endfacet
  facet normal 0.567979 -0.822858 -0.0174596
    outer loop
      vertex 0.0232093 -0.0261979 0.253703
      vertex 0.0198823 -0.0288044 0.268317
      vertex 0.0162653 -0.030991 0.253703
    endloop
  endfacet
  facet normal 0.239279 -0.970794 0.0174592
    outer loop
      vertex 0.0124112 -0.0327256 0.268317
      vertex 0.00421878 -0.0347448 0.268317
      vertex 0.00837605 -0.033983 0.253703
    endloop
  endfacet
  facet normal 0.239279 -0.970794 -0.0174592
    outer loop
      vertex 0.0124112 -0.0327256 0.268317
      vertex 0.00837605 -0.033983 0.282931
      vertex 0.00421878 -0.0347448 0.268317
    endloop
  endfacet
  facet normal 0.239279 -0.970794 0.0174593
    outer loop
      vertex 0.0124112 -0.0327256 0.297544
      vertex 0.00421878 -0.0347448 0.297544
      vertex 0.00837605 -0.033983 0.282931
    endloop
  endfacet
  facet normal 0.239279 -0.970794 -0.0174592
    outer loop
      vertex 0.0124112 -0.0327256 0.297544
      vertex 0.00837605 -0.033983 0.312158
      vertex 0.00421878 -0.0347448 0.297544
    endloop
  endfacet
  facet normal -0.120519 -0.992558 0.0174595
    outer loop
      vertex -8.33513e-17 -0.035 0.312158
      vertex -0.00837605 -0.033983 0.312158
      vertex -0.00421878 -0.0347448 0.297544
    endloop
  endfacet
  facet normal -0.120519 -0.992558 -0.0174596
    outer loop
      vertex -8.37831e-17 -0.035 0.282931
      vertex -0.00421878 -0.0347448 0.297544
      vertex -0.00837605 -0.033983 0.282931
    endloop
  endfacet
  facet normal -0.120519 -0.992558 0.0174595
    outer loop
      vertex -8.37831e-17 -0.035 0.282931
      vertex -0.00837605 -0.033983 0.282931
      vertex -0.00421878 -0.0347448 0.268317
    endloop
  endfacet
  facet normal -0.120519 -0.992558 -0.0174595
    outer loop
      vertex -8.35189e-17 -0.035 0.253703
      vertex -0.00421878 -0.0347448 0.268317
      vertex -0.00837605 -0.033983 0.253703
    endloop
  endfacet
  facet normal -0.464653 -0.885321 0.0174594
    outer loop
      vertex -0.0124112 -0.0327256 0.268317
      vertex -0.0198823 -0.0288044 0.268317
      vertex -0.0162653 -0.030991 0.253703
    endloop
  endfacet
  facet normal -0.464653 -0.885321 -0.0174594
    outer loop
      vertex -0.0124112 -0.0327256 0.268317
      vertex -0.0162653 -0.030991 0.282931
      vertex -0.0198823 -0.0288044 0.268317
    endloop
  endfacet
  facet normal -0.464653 -0.885321 0.0174595
    outer loop
      vertex -0.0124112 -0.0327256 0.297544
      vertex -0.0198823 -0.0288044 0.297544
      vertex -0.0162653 -0.030991 0.282931
    endloop
  endfacet
  facet normal -0.464653 -0.885321 -0.0174594
    outer loop
      vertex -0.0124112 -0.0327256 0.297544
      vertex -0.0162653 -0.030991 0.312158
      vertex -0.0198823 -0.0288044 0.297544
    endloop
  endfacet
  facet normal -0.748396 -0.663022 0.0174593
    outer loop
      vertex -0.0232093 -0.0261979 0.312158
      vertex -0.0288044 -0.0198823 0.312158
      vertex -0.0261979 -0.0232093 0.297544
    endloop
  endfacet
  facet normal -0.748396 -0.663022 -0.0174594
    outer loop
      vertex -0.0232093 -0.0261979 0.282931
      vertex -0.0261979 -0.0232093 0.297544
      vertex -0.0288044 -0.0198823 0.282931
    endloop
  endfacet
  facet normal -0.748396 -0.663022 0.0174593
    outer loop
      vertex -0.0232093 -0.0261979 0.282931
      vertex -0.0288044 -0.0198823 0.282931
      vertex -0.0261979 -0.0232093 0.268317
    endloop
  endfacet
  facet normal -0.748396 -0.663022 -0.0174593
    outer loop
      vertex -0.0232093 -0.0261979 0.253703
      vertex -0.0261979 -0.0232093 0.268317
      vertex -0.0288044 -0.0198823 0.253703
    endloop
  endfacet
  facet normal -0.934874 -0.354551 0.0174597
    outer loop
      vertex -0.030991 -0.0162653 0.268317
      vertex -0.033983 -0.00837605 0.268317
      vertex -0.0327256 -0.0124112 0.253703
    endloop
  endfacet
  facet normal -0.934874 -0.354551 -0.0174597
    outer loop
      vertex -0.030991 -0.0162653 0.268317
      vertex -0.0327256 -0.0124112 0.282931
      vertex -0.033983 -0.00837605 0.268317
    endloop
  endfacet
  facet normal -0.934874 -0.354551 0.0174598
    outer loop
      vertex -0.030991 -0.0162653 0.297544
      vertex -0.033983 -0.00837605 0.297544
      vertex -0.0327256 -0.0124112 0.282931
    endloop
  endfacet
  facet normal -0.934874 -0.354551 -0.0174597
    outer loop
      vertex -0.030991 -0.0162653 0.297544
      vertex -0.0327256 -0.0124112 0.312158
      vertex -0.033983 -0.00837605 0.297544
    endloop
  endfacet
  facet normal -0.999848 0 0.0174595
    outer loop
      vertex -0.0347448 -0.00421878 0.312158
      vertex -0.0347448 0.00421878 0.312158
      vertex -0.035 3.65297e-17 0.297544
    endloop
  endfacet
  facet normal -0.999848 6.51068e-18 -0.0174596
    outer loop
      vertex -0.0347448 -0.00421878 0.282931
      vertex -0.035 3.65297e-17 0.297544
      vertex -0.0347448 0.00421878 0.282931
    endloop
  endfacet
  facet normal -0.999848 0 0.0174595
    outer loop
      vertex -0.0347448 -0.00421878 0.282931
      vertex -0.0347448 0.00421878 0.282931
      vertex -0.035 3.83073e-17 0.268317
    endloop
  endfacet
  facet normal -0.999848 -6.51072e-18 -0.0174595
    outer loop
      vertex -0.0347448 -0.00421878 0.253703
      vertex -0.035 3.83073e-17 0.268317
      vertex -0.0347448 0.00421878 0.253703
    endloop
  endfacet
  facet normal -0.934874 0.354551 0.0174597
    outer loop
      vertex -0.033983 0.00837605 0.268317
      vertex -0.030991 0.0162653 0.268317
      vertex -0.0327256 0.0124112 0.253703
    endloop
  endfacet
  facet normal -0.934874 0.354551 -0.0174597
    outer loop
      vertex -0.033983 0.00837605 0.268317
      vertex -0.0327256 0.0124112 0.282931
      vertex -0.030991 0.0162653 0.268317
    endloop
  endfacet
  facet normal -0.934874 0.354551 0.0174598
    outer loop
      vertex -0.033983 0.00837605 0.297544
      vertex -0.030991 0.0162653 0.297544
      vertex -0.0327256 0.0124112 0.282931
    endloop
  endfacet
  facet normal -0.934874 0.354551 -0.0174597
    outer loop
      vertex -0.033983 0.00837605 0.297544
      vertex -0.0327256 0.0124112 0.312158
      vertex -0.030991 0.0162653 0.297544
    endloop
  endfacet
  facet normal -0.748396 0.663022 0.0174593
    outer loop
      vertex -0.0288044 0.0198823 0.312158
      vertex -0.0232093 0.0261979 0.312158
      vertex -0.0261979 0.0232093 0.297544
    endloop
  endfacet
  facet normal -0.748396 0.663022 -0.0174594
    outer loop
      vertex -0.0288044 0.0198823 0.282931
      vertex -0.0261979 0.0232093 0.297544
      vertex -0.0232093 0.0261979 0.282931
    endloop
  endfacet
  facet normal -0.748396 0.663022 0.0174593
    outer loop
      vertex -0.0288044 0.0198823 0.282931
      vertex -0.0232093 0.0261979 0.282931
      vertex -0.0261979 0.0232093 0.268317
    endloop
  endfacet
  facet normal -0.748396 0.663022 -0.0174593
    outer loop
      vertex -0.0288044 0.0198823 0.253703
      vertex -0.0261979 0.0232093 0.268317
      vertex -0.0232093 0.0261979 0.253703
    endloop
  endfacet
  facet normal -0.464653 0.885321 0.0174594
    outer loop
      vertex -0.0198823 0.0288044 0.268317
      vertex -0.0124112 0.0327256 0.268317
      vertex -0.0162653 0.030991 0.253703
    endloop
  endfacet
  facet normal -0.464653 0.885321 -0.0174594
    outer loop
      vertex -0.0198823 0.0288044 0.268317
      vertex -0.0162653 0.030991 0.282931
      vertex -0.0124112 0.0327256 0.268317
    endloop
  endfacet
  facet normal -0.464653 0.885321 0.0174595
    outer loop
      vertex -0.0198823 0.0288044 0.297544
      vertex -0.0124112 0.0327256 0.297544
      vertex -0.0162653 0.030991 0.282931
    endloop
  endfacet
  facet normal -0.464653 0.885321 -0.0174594
    outer loop
      vertex -0.0198823 0.0288044 0.297544
      vertex -0.0162653 0.030991 0.312158
      vertex -0.0124112 0.0327256 0.297544
    endloop
  endfacet
  facet normal -0.120519 0.992558 0.0174595
    outer loop
      vertex -0.00837605 0.033983 0.312158
      vertex 6.49849e-19 0.035 0.312158
      vertex -0.00421878 0.0347448 0.297544
    endloop
  endfacet
  facet normal -0.120519 0.992558 -0.0174596
    outer loop
      vertex -0.00837605 0.033983 0.282931
      vertex -0.00421878 0.0347448 0.297544
      vertex -2.64879e-18 0.035 0.282931
    endloop
  endfacet
  facet normal -0.120519 0.992558 0.0174595
    outer loop
      vertex -0.00837605 0.033983 0.282931
      vertex -2.64879e-18 0.035 0.282931
      vertex -0.00421878 0.0347448 0.268317
    endloop
  endfacet
  facet normal -0.120519 0.992558 -0.0174595
    outer loop
      vertex -0.00837605 0.033983 0.253703
      vertex -0.00421878 0.0347448 0.268317
      vertex -4.04419e-18 0.035 0.253703
    endloop
  endfacet
  facet normal 0.464653 0.885321 0.0174594
    outer loop
      vertex 0.0124112 0.0327256 0.268317
      vertex 0.0198823 0.0288044 0.268317
      vertex 0.0162653 0.030991 0.253703
    endloop
  endfacet
  facet normal 0.748396 0.663022 -0.0174593
    outer loop
      vertex 0.0261979 0.0232093 0.268317
      vertex 0.0288044 0.0198823 0.253703
      vertex 0.0232093 0.0261979 0.253703
    endloop
  endfacet
  facet normal 0.567979 0.822858 0.0174596
    outer loop
      vertex 0.0162653 0.030991 0.282931
      vertex 0.0232093 0.0261979 0.282931
      vertex 0.0198823 0.0288044 0.268317
    endloop
  endfacet
  facet normal 0.822858 0.567979 -0.0174596
    outer loop
      vertex 0.0288044 0.0198823 0.282931
      vertex 0.030991 0.0162653 0.268317
      vertex 0.0261979 0.0232093 0.268317
    endloop
  endfacet
  facet normal 0.663022 0.748396 0.0174594
    outer loop
      vertex 0.0198823 0.0288044 0.297544
      vertex 0.0261979 0.0232093 0.297544
      vertex 0.0232093 0.0261979 0.282931
    endloop
  endfacet
  facet normal 0.885321 0.464653 -0.0174595
    outer loop
      vertex 0.030991 0.0162653 0.297544
      vertex 0.0327256 0.0124112 0.282931
      vertex 0.0288044 0.0198823 0.282931
    endloop
  endfacet
  facet normal 0.748396 0.663022 0.0174593
    outer loop
      vertex 0.0232093 0.0261979 0.312158
      vertex 0.0288044 0.0198823 0.312158
      vertex 0.0261979 0.0232093 0.297544
    endloop
  endfacet
  facet normal 0.934874 0.354551 -0.0174597
    outer loop
      vertex 0.0327256 0.0124112 0.312158
      vertex 0.033983 0.00837605 0.297544
      vertex 0.030991 0.0162653 0.297544
    endloop
  endfacet
  facet normal 0.663022 0.748396 -0.0174593
    outer loop
      vertex 0.0198823 0.0288044 0.297544
      vertex 0.0232093 0.0261979 0.312158
      vertex 0.0261979 0.0232093 0.297544
    endloop
  endfacet
  facet normal 0.567979 0.822858 0.0174596
    outer loop
      vertex 0.0162653 0.030991 0.312158
      vertex 0.0232093 0.0261979 0.312158
      vertex 0.0198823 0.0288044 0.297544
    endloop
  endfacet
  facet normal 0.354551 0.934874 0.0174597
    outer loop
      vertex 0.00837605 0.033983 0.312158
      vertex 0.0162653 0.030991 0.312158
      vertex 0.0124112 0.0327256 0.297544
    endloop
  endfacet
  facet normal 0.239279 0.970794 -0.0174592
    outer loop
      vertex 0.00421878 0.0347448 0.297544
      vertex 0.00837605 0.033983 0.312158
      vertex 0.0124112 0.0327256 0.297544
    endloop
  endfacet
  facet normal 0.239279 0.970794 0.0174593
    outer loop
      vertex 0.00421878 0.0347448 0.297544
      vertex 0.0124112 0.0327256 0.297544
      vertex 0.00837605 0.033983 0.282931
    endloop
  endfacet
  facet normal 0.464653 0.885321 -0.0174594
    outer loop
      vertex 0.0124112 0.0327256 0.268317
      vertex 0.0162653 0.030991 0.282931
      vertex 0.0198823 0.0288044 0.268317
    endloop
  endfacet
  facet normal 0.567979 0.822858 -0.0174597
    outer loop
      vertex 0.0162653 0.030991 0.282931
      vertex 0.0198823 0.0288044 0.297544
      vertex 0.0232093 0.0261979 0.282931
    endloop
  endfacet
  facet normal 0.464653 0.885321 -0.0174594
    outer loop
      vertex 0.0124112 0.0327256 0.297544
      vertex 0.0162653 0.030991 0.312158
      vertex 0.0198823 0.0288044 0.297544
    endloop
  endfacet
  facet normal 0.464653 0.885321 0.0174595
    outer loop
      vertex 0.0124112 0.0327256 0.297544
      vertex 0.0198823 0.0288044 0.297544
      vertex 0.0162653 0.030991 0.282931
    endloop
  endfacet
  facet normal 0.354551 0.934874 -0.0174598
    outer loop
      vertex 0.00837605 0.033983 0.282931
      vertex 0.0124112 0.0327256 0.297544
      vertex 0.0162653 0.030991 0.282931
    endloop
  endfacet
  facet normal 0.354551 0.934874 0.0174597
    outer loop
      vertex 0.00837605 0.033983 0.282931
      vertex 0.0162653 0.030991 0.282931
      vertex 0.0124112 0.0327256 0.268317
    endloop
  endfacet
  facet normal 0.239279 0.970794 -0.0174592
    outer loop
      vertex 0.00421878 0.0347448 0.268317
      vertex 0.00837605 0.033983 0.282931
      vertex 0.0124112 0.0327256 0.268317
    endloop
  endfacet
  facet normal 0.354551 0.934874 -0.0174597
    outer loop
      vertex 0.00837605 0.033983 0.253703
      vertex 0.0124112 0.0327256 0.268317
      vertex 0.0162653 0.030991 0.253703
    endloop
  endfacet
  facet normal 0.239279 0.970794 0.0174592
    outer loop
      vertex 0.00421878 0.0347448 0.268317
      vertex 0.0124112 0.0327256 0.268317
      vertex 0.00837605 0.033983 0.253703
    endloop
  endfacet
  facet normal 0.120519 0.992558 -0.0174595
    outer loop
      vertex -4.04419e-18 0.035 0.253703
      vertex 0.00421878 0.0347448 0.268317
      vertex 0.00837605 0.033983 0.253703
    endloop
  endfacet
  facet normal -0 0.999848 0.0174595
    outer loop
      vertex -0.00421878 0.0347448 0.268317
      vertex 0.00421878 0.0347448 0.268317
      vertex -4.04419e-18 0.035 0.253703
    endloop
  endfacet
  facet normal 0 0.999848 -0.0174595
    outer loop
      vertex -0.00421878 0.0347448 0.268317
      vertex -2.64879e-18 0.035 0.282931
      vertex 0.00421878 0.0347448 0.268317
    endloop
  endfacet
  facet normal 0.120519 0.992558 0.0174595
    outer loop
      vertex -2.64879e-18 0.035 0.282931
      vertex 0.00837605 0.033983 0.282931
      vertex 0.00421878 0.0347448 0.268317
    endloop
  endfacet
  facet normal 0.120519 0.992558 -0.0174596
    outer loop
      vertex -2.64879e-18 0.035 0.282931
      vertex 0.00421878 0.0347448 0.297544
      vertex 0.00837605 0.033983 0.282931
    endloop
  endfacet
  facet normal -0 0.999848 0.0174596
    outer loop
      vertex -0.00421878 0.0347448 0.297544
      vertex 0.00421878 0.0347448 0.297544
      vertex -2.64879e-18 0.035 0.282931
    endloop
  endfacet
  facet normal 0 0.999848 -0.0174595
    outer loop
      vertex -0.00421878 0.0347448 0.297544
      vertex 6.49849e-19 0.035 0.312158
      vertex 0.00421878 0.0347448 0.297544
    endloop
  endfacet
  facet normal 0.120519 0.992558 0.0174595
    outer loop
      vertex 6.49849e-19 0.035 0.312158
      vertex 0.00837605 0.033983 0.312158
      vertex 0.00421878 0.0347448 0.297544
    endloop
  endfacet
  facet normal 0.992558 -0.120519 0.0174596
    outer loop
      vertex 0.035 -4.30028e-17 0.297544
      vertex 0.033983 -0.00837605 0.297544
      vertex 0.0347448 -0.00421878 0.282931
    endloop
  endfacet
  facet normal 0.999848 0 -0.0174596
    outer loop
      vertex 0.035 -4.30028e-17 0.297544
      vertex 0.0347448 -0.00421878 0.282931
      vertex 0.0347448 0.00421878 0.282931
    endloop
  endfacet
  facet normal 0.992558 -0.120519 -0.0174595
    outer loop
      vertex 0.0347448 -0.00421878 0.282931
      vertex 0.033983 -0.00837605 0.268317
      vertex 0.035 -4.50997e-17 0.268317
    endloop
  endfacet
  facet normal 0.999848 0 0.0174595
    outer loop
      vertex 0.0347448 0.00421878 0.282931
      vertex 0.0347448 -0.00421878 0.282931
      vertex 0.035 -4.50997e-17 0.268317
    endloop
  endfacet
  facet normal 0.992558 0.120519 -0.0174595
    outer loop
      vertex 0.0347448 0.00421878 0.282931
      vertex 0.035 -4.50997e-17 0.268317
      vertex 0.033983 0.00837605 0.268317
    endloop
  endfacet
  facet normal 0.999848 0 -0.0174595
    outer loop
      vertex 0.035 -4.50997e-17 0.268317
      vertex 0.0347448 -0.00421878 0.253703
      vertex 0.0347448 0.00421878 0.253703
    endloop
  endfacet
  facet normal 0.992558 0.120519 0.0174595
    outer loop
      vertex 0.033983 0.00837605 0.268317
      vertex 0.035 -4.50997e-17 0.268317
      vertex 0.0347448 0.00421878 0.253703
    endloop
  endfacet
  facet normal 0.970794 0.239279 -0.0174592
    outer loop
      vertex 0.033983 0.00837605 0.268317
      vertex 0.0347448 0.00421878 0.253703
      vertex 0.0327256 0.0124112 0.253703
    endloop
  endfacet
  facet normal 0.822858 0.567979 0.0174596
    outer loop
      vertex 0.0261979 0.0232093 0.268317
      vertex 0.030991 0.0162653 0.268317
      vertex 0.0288044 0.0198823 0.253703
    endloop
  endfacet
  facet normal 0.885321 0.464653 -0.0174594
    outer loop
      vertex 0.030991 0.0162653 0.268317
      vertex 0.0327256 0.0124112 0.253703
      vertex 0.0288044 0.0198823 0.253703
    endloop
  endfacet
  facet normal 0.934874 0.354551 0.0174597
    outer loop
      vertex 0.030991 0.0162653 0.268317
      vertex 0.033983 0.00837605 0.268317
      vertex 0.0327256 0.0124112 0.253703
    endloop
  endfacet
  facet normal 0.885321 0.464653 0.0174594
    outer loop
      vertex 0.0288044 0.0198823 0.282931
      vertex 0.0327256 0.0124112 0.282931
      vertex 0.030991 0.0162653 0.268317
    endloop
  endfacet
  facet normal 0.934874 0.354551 -0.0174597
    outer loop
      vertex 0.0327256 0.0124112 0.282931
      vertex 0.033983 0.00837605 0.268317
      vertex 0.030991 0.0162653 0.268317
    endloop
  endfacet
  facet normal 0.970794 0.239279 0.0174592
    outer loop
      vertex 0.0327256 0.0124112 0.282931
      vertex 0.0347448 0.00421878 0.282931
      vertex 0.033983 0.00837605 0.268317
    endloop
  endfacet
  facet normal 0.934874 0.354551 0.0174598
    outer loop
      vertex 0.030991 0.0162653 0.297544
      vertex 0.033983 0.00837605 0.297544
      vertex 0.0327256 0.0124112 0.282931
    endloop
  endfacet
  facet normal 0.970794 0.239279 -0.0174593
    outer loop
      vertex 0.033983 0.00837605 0.297544
      vertex 0.0347448 0.00421878 0.282931
      vertex 0.0327256 0.0124112 0.282931
    endloop
  endfacet
  facet normal 0.992558 0.120519 0.0174596
    outer loop
      vertex 0.033983 0.00837605 0.297544
      vertex 0.035 -4.30028e-17 0.297544
      vertex 0.0347448 0.00421878 0.282931
    endloop
  endfacet
  facet normal 0.999848 0 0.0174595
    outer loop
      vertex 0.0347448 0.00421878 0.312158
      vertex 0.0347448 -0.00421878 0.312158
      vertex 0.035 -4.30028e-17 0.297544
    endloop
  endfacet
  facet normal 0.992558 0.120519 -0.0174595
    outer loop
      vertex 0.0347448 0.00421878 0.312158
      vertex 0.035 -4.30028e-17 0.297544
      vertex 0.033983 0.00837605 0.297544
    endloop
  endfacet
  facet normal 0.970794 0.239279 0.0174592
    outer loop
      vertex 0.0327256 0.0124112 0.312158
      vertex 0.0347448 0.00421878 0.312158
      vertex 0.033983 0.00837605 0.297544
    endloop
  endfacet
  facet normal 0.885321 0.464653 0.0174594
    outer loop
      vertex 0.0288044 0.0198823 0.312158
      vertex 0.0327256 0.0124112 0.312158
      vertex 0.030991 0.0162653 0.297544
    endloop
  endfacet
  facet normal 0.822858 0.567979 -0.0174596
    outer loop
      vertex 0.0288044 0.0198823 0.312158
      vertex 0.030991 0.0162653 0.297544
      vertex 0.0261979 0.0232093 0.297544
    endloop
  endfacet
  facet normal 0.822858 0.567979 0.0174597
    outer loop
      vertex 0.0261979 0.0232093 0.297544
      vertex 0.030991 0.0162653 0.297544
      vertex 0.0288044 0.0198823 0.282931
    endloop
  endfacet
  facet normal 0.748396 0.663022 -0.0174594
    outer loop
      vertex 0.0261979 0.0232093 0.297544
      vertex 0.0288044 0.0198823 0.282931
      vertex 0.0232093 0.0261979 0.282931
    endloop
  endfacet
  facet normal 0.748396 0.663022 0.0174593
    outer loop
      vertex 0.0232093 0.0261979 0.282931
      vertex 0.0288044 0.0198823 0.282931
      vertex 0.0261979 0.0232093 0.268317
    endloop
  endfacet
  facet normal 0.663022 0.748396 -0.0174593
    outer loop
      vertex 0.0232093 0.0261979 0.282931
      vertex 0.0261979 0.0232093 0.268317
      vertex 0.0198823 0.0288044 0.268317
    endloop
  endfacet
  facet normal 0.663022 0.748396 0.0174593
    outer loop
      vertex 0.0198823 0.0288044 0.268317
      vertex 0.0261979 0.0232093 0.268317
      vertex 0.0232093 0.0261979 0.253703
    endloop
  endfacet
  facet normal 0.567979 0.822858 -0.0174596
    outer loop
      vertex 0.0198823 0.0288044 0.268317
      vertex 0.0232093 0.0261979 0.253703
      vertex 0.0162653 0.030991 0.253703
    endloop
  endfacet
  facet normal -0.354551 0.934874 -0.0174597
    outer loop
      vertex -0.0162653 0.030991 0.253703
      vertex -0.0124112 0.0327256 0.268317
      vertex -0.00837605 0.033983 0.253703
    endloop
  endfacet
  facet normal -0.239279 0.970794 0.0174592
    outer loop
      vertex -0.0124112 0.0327256 0.268317
      vertex -0.00421878 0.0347448 0.268317
      vertex -0.00837605 0.033983 0.253703
    endloop
  endfacet
  facet normal -0.239279 0.970794 -0.0174592
    outer loop
      vertex -0.0124112 0.0327256 0.268317
      vertex -0.00837605 0.033983 0.282931
      vertex -0.00421878 0.0347448 0.268317
    endloop
  endfacet
  facet normal -0.354551 0.934874 0.0174597
    outer loop
      vertex -0.0162653 0.030991 0.282931
      vertex -0.00837605 0.033983 0.282931
      vertex -0.0124112 0.0327256 0.268317
    endloop
  endfacet
  facet normal -0.354551 0.934874 -0.0174598
    outer loop
      vertex -0.0162653 0.030991 0.282931
      vertex -0.0124112 0.0327256 0.297544
      vertex -0.00837605 0.033983 0.282931
    endloop
  endfacet
  facet normal -0.239279 0.970794 0.0174593
    outer loop
      vertex -0.0124112 0.0327256 0.297544
      vertex -0.00421878 0.0347448 0.297544
      vertex -0.00837605 0.033983 0.282931
    endloop
  endfacet
  facet normal -0.239279 0.970794 -0.0174592
    outer loop
      vertex -0.0124112 0.0327256 0.297544
      vertex -0.00837605 0.033983 0.312158
      vertex -0.00421878 0.0347448 0.297544
    endloop
  endfacet
  facet normal -0.354551 0.934874 0.0174597
    outer loop
      vertex -0.0162653 0.030991 0.312158
      vertex -0.00837605 0.033983 0.312158
      vertex -0.0124112 0.0327256 0.297544
    endloop
  endfacet
  facet normal -0.567979 0.822858 0.0174596
    outer loop
      vertex -0.0232093 0.0261979 0.312158
      vertex -0.0162653 0.030991 0.312158
      vertex -0.0198823 0.0288044 0.297544
    endloop
  endfacet
  facet normal -0.663022 0.748396 -0.0174593
    outer loop
      vertex -0.0261979 0.0232093 0.297544
      vertex -0.0232093 0.0261979 0.312158
      vertex -0.0198823 0.0288044 0.297544
    endloop
  endfacet
  facet normal -0.663022 0.748396 0.0174594
    outer loop
      vertex -0.0261979 0.0232093 0.297544
      vertex -0.0198823 0.0288044 0.297544
      vertex -0.0232093 0.0261979 0.282931
    endloop
  endfacet
  facet normal -0.567979 0.822858 -0.0174597
    outer loop
      vertex -0.0232093 0.0261979 0.282931
      vertex -0.0198823 0.0288044 0.297544
      vertex -0.0162653 0.030991 0.282931
    endloop
  endfacet
  facet normal -0.567979 0.822858 0.0174596
    outer loop
      vertex -0.0232093 0.0261979 0.282931
      vertex -0.0162653 0.030991 0.282931
      vertex -0.0198823 0.0288044 0.268317
    endloop
  endfacet
  facet normal -0.663022 0.748396 -0.0174593
    outer loop
      vertex -0.0261979 0.0232093 0.268317
      vertex -0.0232093 0.0261979 0.282931
      vertex -0.0198823 0.0288044 0.268317
    endloop
  endfacet
  facet normal -0.663022 0.748396 0.0174593
    outer loop
      vertex -0.0261979 0.0232093 0.268317
      vertex -0.0198823 0.0288044 0.268317
      vertex -0.0232093 0.0261979 0.253703
    endloop
  endfacet
  facet normal -0.567979 0.822858 -0.0174596
    outer loop
      vertex -0.0232093 0.0261979 0.253703
      vertex -0.0198823 0.0288044 0.268317
      vertex -0.0162653 0.030991 0.253703
    endloop
  endfacet
  facet normal -0.885321 0.464653 -0.0174594
    outer loop
      vertex -0.0327256 0.0124112 0.253703
      vertex -0.030991 0.0162653 0.268317
      vertex -0.0288044 0.0198823 0.253703
    endloop
  endfacet
  facet normal -0.822858 0.567979 0.0174596
    outer loop
      vertex -0.030991 0.0162653 0.268317
      vertex -0.0261979 0.0232093 0.268317
      vertex -0.0288044 0.0198823 0.253703
    endloop
  endfacet
  facet normal -0.822858 0.567979 -0.0174596
    outer loop
      vertex -0.030991 0.0162653 0.268317
      vertex -0.0288044 0.0198823 0.282931
      vertex -0.0261979 0.0232093 0.268317
    endloop
  endfacet
  facet normal -0.885321 0.464653 0.0174594
    outer loop
      vertex -0.0327256 0.0124112 0.282931
      vertex -0.0288044 0.0198823 0.282931
      vertex -0.030991 0.0162653 0.268317
    endloop
  endfacet
  facet normal -0.885321 0.464653 -0.0174595
    outer loop
      vertex -0.0327256 0.0124112 0.282931
      vertex -0.030991 0.0162653 0.297544
      vertex -0.0288044 0.0198823 0.282931
    endloop
  endfacet
  facet normal -0.822858 0.567979 0.0174597
    outer loop
      vertex -0.030991 0.0162653 0.297544
      vertex -0.0261979 0.0232093 0.297544
      vertex -0.0288044 0.0198823 0.282931
    endloop
  endfacet
  facet normal -0.822858 0.567979 -0.0174596
    outer loop
      vertex -0.030991 0.0162653 0.297544
      vertex -0.0288044 0.0198823 0.312158
      vertex -0.0261979 0.0232093 0.297544
    endloop
  endfacet
  facet normal -0.885321 0.464653 0.0174594
    outer loop
      vertex -0.0327256 0.0124112 0.312158
      vertex -0.0288044 0.0198823 0.312158
      vertex -0.030991 0.0162653 0.297544
    endloop
  endfacet
  facet normal -0.970794 0.239279 0.0174592
    outer loop
      vertex -0.0347448 0.00421878 0.312158
      vertex -0.0327256 0.0124112 0.312158
      vertex -0.033983 0.00837605 0.297544
    endloop
  endfacet
  facet normal -0.992558 0.120519 -0.0174595
    outer loop
      vertex -0.035 3.65297e-17 0.297544
      vertex -0.0347448 0.00421878 0.312158
      vertex -0.033983 0.00837605 0.297544
    endloop
  endfacet
  facet normal -0.992558 0.120519 0.0174596
    outer loop
      vertex -0.035 3.65297e-17 0.297544
      vertex -0.033983 0.00837605 0.297544
      vertex -0.0347448 0.00421878 0.282931
    endloop
  endfacet
  facet normal -0.970794 0.239279 -0.0174593
    outer loop
      vertex -0.0347448 0.00421878 0.282931
      vertex -0.033983 0.00837605 0.297544
      vertex -0.0327256 0.0124112 0.282931
    endloop
  endfacet
  facet normal -0.970794 0.239279 0.0174592
    outer loop
      vertex -0.0347448 0.00421878 0.282931
      vertex -0.0327256 0.0124112 0.282931
      vertex -0.033983 0.00837605 0.268317
    endloop
  endfacet
  facet normal -0.992558 0.120519 -0.0174595
    outer loop
      vertex -0.035 3.83073e-17 0.268317
      vertex -0.0347448 0.00421878 0.282931
      vertex -0.033983 0.00837605 0.268317
    endloop
  endfacet
  facet normal -0.992558 0.120519 0.0174595
    outer loop
      vertex -0.035 3.83073e-17 0.268317
      vertex -0.033983 0.00837605 0.268317
      vertex -0.0347448 0.00421878 0.253703
    endloop
  endfacet
  facet normal -0.970794 0.239279 -0.0174592
    outer loop
      vertex -0.0347448 0.00421878 0.253703
      vertex -0.033983 0.00837605 0.268317
      vertex -0.0327256 0.0124112 0.253703
    endloop
  endfacet
  facet normal -0.970794 -0.239279 -0.0174592
    outer loop
      vertex -0.0327256 -0.0124112 0.253703
      vertex -0.033983 -0.00837605 0.268317
      vertex -0.0347448 -0.00421878 0.253703
    endloop
  endfacet
  facet normal -0.992558 -0.120519 0.0174595
    outer loop
      vertex -0.033983 -0.00837605 0.268317
      vertex -0.035 3.83073e-17 0.268317
      vertex -0.0347448 -0.00421878 0.253703
    endloop
  endfacet
  facet normal -0.992558 -0.120519 -0.0174595
    outer loop
      vertex -0.033983 -0.00837605 0.268317
      vertex -0.0347448 -0.00421878 0.282931
      vertex -0.035 3.83073e-17 0.268317
    endloop
  endfacet
  facet normal -0.970794 -0.239279 0.0174592
    outer loop
      vertex -0.0327256 -0.0124112 0.282931
      vertex -0.0347448 -0.00421878 0.282931
      vertex -0.033983 -0.00837605 0.268317
    endloop
  endfacet
  facet normal -0.970794 -0.239279 -0.0174593
    outer loop
      vertex -0.0327256 -0.0124112 0.282931
      vertex -0.033983 -0.00837605 0.297544
      vertex -0.0347448 -0.00421878 0.282931
    endloop
  endfacet
  facet normal -0.992558 -0.120519 0.0174596
    outer loop
      vertex -0.033983 -0.00837605 0.297544
      vertex -0.035 3.65297e-17 0.297544
      vertex -0.0347448 -0.00421878 0.282931
    endloop
  endfacet
  facet normal -0.992558 -0.120519 -0.0174595
    outer loop
      vertex -0.033983 -0.00837605 0.297544
      vertex -0.0347448 -0.00421878 0.312158
      vertex -0.035 3.65297e-17 0.297544
    endloop
  endfacet
  facet normal -0.970794 -0.239279 0.0174592
    outer loop
      vertex -0.0327256 -0.0124112 0.312158
      vertex -0.0347448 -0.00421878 0.312158
      vertex -0.033983 -0.00837605 0.297544
    endloop
  endfacet
  facet normal -0.885321 -0.464653 0.0174594
    outer loop
      vertex -0.0288044 -0.0198823 0.312158
      vertex -0.0327256 -0.0124112 0.312158
      vertex -0.030991 -0.0162653 0.297544
    endloop
  endfacet
  facet normal -0.822858 -0.567979 -0.0174596
    outer loop
      vertex -0.0261979 -0.0232093 0.297544
      vertex -0.0288044 -0.0198823 0.312158
      vertex -0.030991 -0.0162653 0.297544
    endloop
  endfacet
  facet normal -0.822858 -0.567979 0.0174597
    outer loop
      vertex -0.0261979 -0.0232093 0.297544
      vertex -0.030991 -0.0162653 0.297544
      vertex -0.0288044 -0.0198823 0.282931
    endloop
  endfacet
  facet normal -0.885321 -0.464653 -0.0174595
    outer loop
      vertex -0.0288044 -0.0198823 0.282931
      vertex -0.030991 -0.0162653 0.297544
      vertex -0.0327256 -0.0124112 0.282931
    endloop
  endfacet
  facet normal -0.885321 -0.464653 0.0174594
    outer loop
      vertex -0.0288044 -0.0198823 0.282931
      vertex -0.0327256 -0.0124112 0.282931
      vertex -0.030991 -0.0162653 0.268317
    endloop
  endfacet
  facet normal -0.822858 -0.567979 -0.0174596
    outer loop
      vertex -0.0261979 -0.0232093 0.268317
      vertex -0.0288044 -0.0198823 0.282931
      vertex -0.030991 -0.0162653 0.268317
    endloop
  endfacet
  facet normal -0.822858 -0.567979 0.0174596
    outer loop
      vertex -0.0261979 -0.0232093 0.268317
      vertex -0.030991 -0.0162653 0.268317
      vertex -0.0288044 -0.0198823 0.253703
    endloop
  endfacet
  facet normal -0.885321 -0.464653 -0.0174594
    outer loop
      vertex -0.0288044 -0.0198823 0.253703
      vertex -0.030991 -0.0162653 0.268317
      vertex -0.0327256 -0.0124112 0.253703
    endloop
  endfacet
  facet normal -0.567979 -0.822858 -0.0174596
    outer loop
      vertex -0.0162653 -0.030991 0.253703
      vertex -0.0198823 -0.0288044 0.268317
      vertex -0.0232093 -0.0261979 0.253703
    endloop
  endfacet
  facet normal -0.663022 -0.748396 0.0174593
    outer loop
      vertex -0.0198823 -0.0288044 0.268317
      vertex -0.0261979 -0.0232093 0.268317
      vertex -0.0232093 -0.0261979 0.253703
    endloop
  endfacet
  facet normal -0.663022 -0.748396 -0.0174593
    outer loop
      vertex -0.0198823 -0.0288044 0.268317
      vertex -0.0232093 -0.0261979 0.282931
      vertex -0.0261979 -0.0232093 0.268317
    endloop
  endfacet
  facet normal -0.567979 -0.822858 0.0174596
    outer loop
      vertex -0.0162653 -0.030991 0.282931
      vertex -0.0232093 -0.0261979 0.282931
      vertex -0.0198823 -0.0288044 0.268317
    endloop
  endfacet
  facet normal -0.567979 -0.822858 -0.0174597
    outer loop
      vertex -0.0162653 -0.030991 0.282931
      vertex -0.0198823 -0.0288044 0.297544
      vertex -0.0232093 -0.0261979 0.282931
    endloop
  endfacet
  facet normal -0.663022 -0.748396 0.0174594
    outer loop
      vertex -0.0198823 -0.0288044 0.297544
      vertex -0.0261979 -0.0232093 0.297544
      vertex -0.0232093 -0.0261979 0.282931
    endloop
  endfacet
  facet normal -0.663022 -0.748396 -0.0174593
    outer loop
      vertex -0.0198823 -0.0288044 0.297544
      vertex -0.0232093 -0.0261979 0.312158
      vertex -0.0261979 -0.0232093 0.297544
    endloop
  endfacet
  facet normal -0.567979 -0.822858 0.0174596
    outer loop
      vertex -0.0162653 -0.030991 0.312158
      vertex -0.0232093 -0.0261979 0.312158
      vertex -0.0198823 -0.0288044 0.297544
    endloop
  endfacet
  facet normal -0.354551 -0.934874 0.0174597
    outer loop
      vertex -0.00837605 -0.033983 0.312158
      vertex -0.0162653 -0.030991 0.312158
      vertex -0.0124112 -0.0327256 0.297544
    endloop
  endfacet
  facet normal -0.239279 -0.970794 -0.0174592
    outer loop
      vertex -0.00421878 -0.0347448 0.297544
      vertex -0.00837605 -0.033983 0.312158
      vertex -0.0124112 -0.0327256 0.297544
    endloop
  endfacet
  facet normal -0.239279 -0.970794 0.0174593
    outer loop
      vertex -0.00421878 -0.0347448 0.297544
      vertex -0.0124112 -0.0327256 0.297544
      vertex -0.00837605 -0.033983 0.282931
    endloop
  endfacet
  facet normal -0.354551 -0.934874 -0.0174598
    outer loop
      vertex -0.00837605 -0.033983 0.282931
      vertex -0.0124112 -0.0327256 0.297544
      vertex -0.0162653 -0.030991 0.282931
    endloop
  endfacet
  facet normal -0.354551 -0.934874 0.0174597
    outer loop
      vertex -0.00837605 -0.033983 0.282931
      vertex -0.0162653 -0.030991 0.282931
      vertex -0.0124112 -0.0327256 0.268317
    endloop
  endfacet
  facet normal -0.239279 -0.970794 -0.0174592
    outer loop
      vertex -0.00421878 -0.0347448 0.268317
      vertex -0.00837605 -0.033983 0.282931
      vertex -0.0124112 -0.0327256 0.268317
    endloop
  endfacet
  facet normal -0.239279 -0.970794 0.0174592
    outer loop
      vertex -0.00421878 -0.0347448 0.268317
      vertex -0.0124112 -0.0327256 0.268317
      vertex -0.00837605 -0.033983 0.253703
    endloop
  endfacet
  facet normal -0.354551 -0.934874 -0.0174597
    outer loop
      vertex -0.00837605 -0.033983 0.253703
      vertex -0.0124112 -0.0327256 0.268317
      vertex -0.0162653 -0.030991 0.253703
    endloop
  endfacet
  facet normal 0.120519 -0.992558 -0.0174595
    outer loop
      vertex 0.00837605 -0.033983 0.253703
      vertex 0.00421878 -0.0347448 0.268317
      vertex -8.35189e-17 -0.035 0.253703
    endloop
  endfacet
  facet normal 0 -0.999848 0.0174595
    outer loop
      vertex 0.00421878 -0.0347448 0.268317
      vertex -0.00421878 -0.0347448 0.268317
      vertex -8.35189e-17 -0.035 0.253703
    endloop
  endfacet
  facet normal 0 -0.999848 -0.0174595
    outer loop
      vertex 0.00421878 -0.0347448 0.268317
      vertex -8.37831e-17 -0.035 0.282931
      vertex -0.00421878 -0.0347448 0.268317
    endloop
  endfacet
  facet normal 0.120519 -0.992558 0.0174595
    outer loop
      vertex 0.00837605 -0.033983 0.282931
      vertex -8.37831e-17 -0.035 0.282931
      vertex 0.00421878 -0.0347448 0.268317
    endloop
  endfacet
  facet normal 0.120519 -0.992558 -0.0174596
    outer loop
      vertex 0.00837605 -0.033983 0.282931
      vertex 0.00421878 -0.0347448 0.297544
      vertex -8.37831e-17 -0.035 0.282931
    endloop
  endfacet
  facet normal 0 -0.999848 0.0174596
    outer loop
      vertex 0.00421878 -0.0347448 0.297544
      vertex -0.00421878 -0.0347448 0.297544
      vertex -8.37831e-17 -0.035 0.282931
    endloop
  endfacet
  facet normal -6.51072e-18 -0.999848 -0.0174595
    outer loop
      vertex 0.00421878 -0.0347448 0.297544
      vertex -8.33513e-17 -0.035 0.312158
      vertex -0.00421878 -0.0347448 0.297544
    endloop
  endfacet
  facet normal 0.120519 -0.992558 0.0174595
    outer loop
      vertex 0.00837605 -0.033983 0.312158
      vertex -8.33513e-17 -0.035 0.312158
      vertex 0.00421878 -0.0347448 0.297544
    endloop
  endfacet
  facet normal 0.354551 -0.934874 0.0174597
    outer loop
      vertex 0.0162653 -0.030991 0.312158
      vertex 0.00837605 -0.033983 0.312158
      vertex 0.0124112 -0.0327256 0.297544
    endloop
  endfacet
  facet normal 0.464653 -0.885321 -0.0174594
    outer loop
      vertex 0.0198823 -0.0288044 0.297544
      vertex 0.0162653 -0.030991 0.312158
      vertex 0.0124112 -0.0327256 0.297544
    endloop
  endfacet
  facet normal 0.464653 -0.885321 0.0174595
    outer loop
      vertex 0.0198823 -0.0288044 0.297544
      vertex 0.0124112 -0.0327256 0.297544
      vertex 0.0162653 -0.030991 0.282931
    endloop
  endfacet
  facet normal 0.354551 -0.934874 -0.0174598
    outer loop
      vertex 0.0162653 -0.030991 0.282931
      vertex 0.0124112 -0.0327256 0.297544
      vertex 0.00837605 -0.033983 0.282931
    endloop
  endfacet
  facet normal 0.354551 -0.934874 0.0174597
    outer loop
      vertex 0.0162653 -0.030991 0.282931
      vertex 0.00837605 -0.033983 0.282931
      vertex 0.0124112 -0.0327256 0.268317
    endloop
  endfacet
  facet normal 0.464653 -0.885321 -0.0174594
    outer loop
      vertex 0.0198823 -0.0288044 0.268317
      vertex 0.0162653 -0.030991 0.282931
      vertex 0.0124112 -0.0327256 0.268317
    endloop
  endfacet
  facet normal 0.464653 -0.885321 0.0174594
    outer loop
      vertex 0.0198823 -0.0288044 0.268317
      vertex 0.0124112 -0.0327256 0.268317
      vertex 0.0162653 -0.030991 0.253703
    endloop
  endfacet
  facet normal 0.354551 -0.934874 -0.0174597
    outer loop
      vertex 0.0162653 -0.030991 0.253703
      vertex 0.0124112 -0.0327256 0.268317
      vertex 0.00837605 -0.033983 0.253703
    endloop
  endfacet
  facet normal 0.822858 -0.567979 0.0174596
    outer loop
      vertex 0.030991 -0.0162653 0.268317
      vertex 0.0261979 -0.0232093 0.268317
      vertex 0.0288044 -0.0198823 0.253703
    endloop
  endfacet
  facet normal 0.748396 -0.663022 -0.0174593
    outer loop
      vertex 0.0288044 -0.0198823 0.253703
      vertex 0.0261979 -0.0232093 0.268317
      vertex 0.0232093 -0.0261979 0.253703
    endloop
  endfacet
  facet normal 0.663022 -0.748396 0.0174593
    outer loop
      vertex 0.0261979 -0.0232093 0.268317
      vertex 0.0198823 -0.0288044 0.268317
      vertex 0.0232093 -0.0261979 0.253703
    endloop
  endfacet
  facet normal 0.663022 -0.748396 -0.0174593
    outer loop
      vertex 0.0261979 -0.0232093 0.268317
      vertex 0.0232093 -0.0261979 0.282931
      vertex 0.0198823 -0.0288044 0.268317
    endloop
  endfacet
  facet normal 0.748396 -0.663022 0.0174593
    outer loop
      vertex 0.0288044 -0.0198823 0.282931
      vertex 0.0232093 -0.0261979 0.282931
      vertex 0.0261979 -0.0232093 0.268317
    endloop
  endfacet
  facet normal 0.748396 -0.663022 -0.0174594
    outer loop
      vertex 0.0288044 -0.0198823 0.282931
      vertex 0.0261979 -0.0232093 0.297544
      vertex 0.0232093 -0.0261979 0.282931
    endloop
  endfacet
  facet normal 0.663022 -0.748396 0.0174594
    outer loop
      vertex 0.0261979 -0.0232093 0.297544
      vertex 0.0198823 -0.0288044 0.297544
      vertex 0.0232093 -0.0261979 0.282931
    endloop
  endfacet
  facet normal 0.663022 -0.748396 -0.0174593
    outer loop
      vertex 0.0261979 -0.0232093 0.297544
      vertex 0.0232093 -0.0261979 0.312158
      vertex 0.0198823 -0.0288044 0.297544
    endloop
  endfacet
  facet normal 0.822858 -0.567979 -0.0174596
    outer loop
      vertex 0.030991 -0.0162653 0.297544
      vertex 0.0288044 -0.0198823 0.312158
      vertex 0.0261979 -0.0232093 0.297544
    endloop
  endfacet
  facet normal 0.748396 -0.663022 0.0174593
    outer loop
      vertex 0.0288044 -0.0198823 0.312158
      vertex 0.0232093 -0.0261979 0.312158
      vertex 0.0261979 -0.0232093 0.297544
    endloop
  endfacet
  facet normal 0.970794 -0.239279 0.0174592
    outer loop
      vertex 0.0347448 -0.00421878 0.312158
      vertex 0.0327256 -0.0124112 0.312158
      vertex 0.033983 -0.00837605 0.297544
    endloop
  endfacet
  facet normal 0.934874 -0.354551 -0.0174597
    outer loop
      vertex 0.033983 -0.00837605 0.297544
      vertex 0.0327256 -0.0124112 0.312158
      vertex 0.030991 -0.0162653 0.297544
    endloop
  endfacet
  facet normal 0.934874 -0.354551 0.0174598
    outer loop
      vertex 0.033983 -0.00837605 0.297544
      vertex 0.030991 -0.0162653 0.297544
      vertex 0.0327256 -0.0124112 0.282931
    endloop
  endfacet
  facet normal 0.885321 -0.464653 -0.0174595
    outer loop
      vertex 0.0327256 -0.0124112 0.282931
      vertex 0.030991 -0.0162653 0.297544
      vertex 0.0288044 -0.0198823 0.282931
    endloop
  endfacet
  facet normal 0.885321 -0.464653 0.0174594
    outer loop
      vertex 0.0327256 -0.0124112 0.282931
      vertex 0.0288044 -0.0198823 0.282931
      vertex 0.030991 -0.0162653 0.268317
    endloop
  endfacet
  facet normal 0.934874 -0.354551 -0.0174597
    outer loop
      vertex 0.0327256 -0.0124112 0.282931
      vertex 0.030991 -0.0162653 0.268317
      vertex 0.033983 -0.00837605 0.268317
    endloop
  endfacet
  facet normal 0.934874 -0.354551 0.0174597
    outer loop
      vertex 0.033983 -0.00837605 0.268317
      vertex 0.030991 -0.0162653 0.268317
      vertex 0.0327256 -0.0124112 0.253703
    endloop
  endfacet
  facet normal 0.970794 -0.239279 -0.0174592
    outer loop
      vertex 0.033983 -0.00837605 0.268317
      vertex 0.0327256 -0.0124112 0.253703
      vertex 0.0347448 -0.00421878 0.253703
    endloop
  endfacet
  facet normal 0.999848 0 0.0174596
    outer loop
      vertex 0.0347448 0.00421878 0.253703
      vertex 0.0347448 -0.00421878 0.253703
      vertex 0.035 -4.41405e-17 0.239089
    endloop
  endfacet
  facet normal -0.120519 -0.992558 0.0174596
    outer loop
      vertex -8.35189e-17 -0.035 0.253703
      vertex -0.00837605 -0.033983 0.253703
      vertex -0.00421878 -0.0347448 0.239089
    endloop
  endfacet
  facet normal -0.748396 -0.663022 0.0174594
    outer loop
      vertex -0.0232093 -0.0261979 0.253703
      vertex -0.0288044 -0.0198823 0.253703
      vertex -0.0261979 -0.0232093 0.239089
    endloop
  endfacet
  facet normal -0.999848 0 0.0174596
    outer loop
      vertex -0.0347448 -0.00421878 0.253703
      vertex -0.0347448 0.00421878 0.253703
      vertex -0.035 3.60934e-17 0.239089
    endloop
  endfacet
  facet normal -0.748396 0.663022 0.0174594
    outer loop
      vertex -0.0288044 0.0198823 0.253703
      vertex -0.0232093 0.0261979 0.253703
      vertex -0.0261979 0.0232093 0.239089
    endloop
  endfacet
  facet normal -0.120519 0.992558 0.0174596
    outer loop
      vertex -0.00837605 0.033983 0.253703
      vertex -4.04419e-18 0.035 0.253703
      vertex -0.00421878 0.0347448 0.239089
    endloop
  endfacet
  facet normal 0.354551 0.934874 0.0174598
    outer loop
      vertex 0.00837605 0.033983 0.253703
      vertex 0.0162653 0.030991 0.253703
      vertex 0.0124112 0.0327256 0.239089
    endloop
  endfacet
  facet normal 0.120519 0.992558 0.0174596
    outer loop
      vertex -4.04419e-18 0.035 0.253703
      vertex 0.00837605 0.033983 0.253703
      vertex 0.00421878 0.0347448 0.239089
    endloop
  endfacet
  facet normal 0.970794 0.239279 0.0174593
    outer loop
      vertex 0.0327256 0.0124112 0.253703
      vertex 0.0347448 0.00421878 0.253703
      vertex 0.033983 0.00837605 0.239089
    endloop
  endfacet
  facet normal 0.748396 0.663022 0.0174594
    outer loop
      vertex 0.0232093 0.0261979 0.253703
      vertex 0.0288044 0.0198823 0.253703
      vertex 0.0261979 0.0232093 0.239089
    endloop
  endfacet
  facet normal 0.885321 0.464653 0.0174595
    outer loop
      vertex 0.0288044 0.0198823 0.253703
      vertex 0.0327256 0.0124112 0.253703
      vertex 0.030991 0.0162653 0.239089
    endloop
  endfacet
  facet normal 0.567979 0.822858 0.0174597
    outer loop
      vertex 0.0162653 0.030991 0.253703
      vertex 0.0232093 0.0261979 0.253703
      vertex 0.0198823 0.0288044 0.239089
    endloop
  endfacet
  facet normal -0.354551 0.934874 0.0174598
    outer loop
      vertex -0.0162653 0.030991 0.253703
      vertex -0.00837605 0.033983 0.253703
      vertex -0.0124112 0.0327256 0.239089
    endloop
  endfacet
  facet normal -0.567979 0.822858 0.0174597
    outer loop
      vertex -0.0232093 0.0261979 0.253703
      vertex -0.0162653 0.030991 0.253703
      vertex -0.0198823 0.0288044 0.239089
    endloop
  endfacet
  facet normal -0.885321 0.464653 0.0174595
    outer loop
      vertex -0.0327256 0.0124112 0.253703
      vertex -0.0288044 0.0198823 0.253703
      vertex -0.030991 0.0162653 0.239089
    endloop
  endfacet
  facet normal -0.970794 0.239279 0.0174593
    outer loop
      vertex -0.0347448 0.00421878 0.253703
      vertex -0.0327256 0.0124112 0.253703
      vertex -0.033983 0.00837605 0.239089
    endloop
  endfacet
  facet normal -0.970794 -0.239279 0.0174593
    outer loop
      vertex -0.0327256 -0.0124112 0.253703
      vertex -0.0347448 -0.00421878 0.253703
      vertex -0.033983 -0.00837605 0.239089
    endloop
  endfacet
  facet normal -0.885321 -0.464653 0.0174595
    outer loop
      vertex -0.0288044 -0.0198823 0.253703
      vertex -0.0327256 -0.0124112 0.253703
      vertex -0.030991 -0.0162653 0.239089
    endloop
  endfacet
  facet normal -0.567979 -0.822858 0.0174597
    outer loop
      vertex -0.0162653 -0.030991 0.253703
      vertex -0.0232093 -0.0261979 0.253703
      vertex -0.0198823 -0.0288044 0.239089
    endloop
  endfacet
  facet normal -0.354551 -0.934874 0.0174598
    outer loop
      vertex -0.00837605 -0.033983 0.253703
      vertex -0.0162653 -0.030991 0.253703
      vertex -0.0124112 -0.0327256 0.239089
    endloop
  endfacet
  facet normal 0.120519 -0.992558 0.0174596
    outer loop
      vertex 0.00837605 -0.033983 0.253703
      vertex -8.35189e-17 -0.035 0.253703
      vertex 0.00421878 -0.0347448 0.239089
    endloop
  endfacet
  facet normal 0.354551 -0.934874 0.0174598
    outer loop
      vertex 0.0162653 -0.030991 0.253703
      vertex 0.00837605 -0.033983 0.253703
      vertex 0.0124112 -0.0327256 0.239089
    endloop
  endfacet
  facet normal 0.567979 -0.822858 0.0174597
    outer loop
      vertex 0.0232093 -0.0261979 0.253703
      vertex 0.0162653 -0.030991 0.253703
      vertex 0.0198823 -0.0288044 0.239089
    endloop
  endfacet
  facet normal 0.885321 -0.464653 0.0174595
    outer loop
      vertex 0.0327256 -0.0124112 0.253703
      vertex 0.0288044 -0.0198823 0.253703
      vertex 0.030991 -0.0162653 0.239089
    endloop
  endfacet
  facet normal 0.748396 -0.663022 0.0174594
    outer loop
      vertex 0.0288044 -0.0198823 0.253703
      vertex 0.0232093 -0.0261979 0.253703
      vertex 0.0261979 -0.0232093 0.239089
    endloop
  endfacet
  facet normal 0.970794 -0.239279 0.0174593
    outer loop
      vertex 0.0347448 -0.00421878 0.253703
      vertex 0.0327256 -0.0124112 0.253703
      vertex 0.033983 -0.00837605 0.239089
    endloop
  endfacet
  facet normal 0.934874 -0.354551 0.0174597
    outer loop
      vertex 0.033983 -0.00837605 0.326772
      vertex 0.030991 -0.0162653 0.326772
      vertex 0.0327256 -0.0124112 0.312158
    endloop
  endfacet
  facet normal 0.999848 0 -0.0174595
    outer loop
      vertex 0.035 -4.44056e-17 0.326772
      vertex 0.0347448 -0.00421878 0.312158
      vertex 0.0347448 0.00421878 0.312158
    endloop
  endfacet
  facet normal 0.970794 -0.239279 0.0174593
    outer loop
      vertex 0.0347448 -0.00421878 0.341386
      vertex 0.0327256 -0.0124112 0.341386
      vertex 0.033983 -0.00837605 0.326772
    endloop
  endfacet
  facet normal 0.992558 0.120519 -0.0174596
    outer loop
      vertex 0.0347448 0.00421878 0.341386
      vertex 0.035 -4.44056e-17 0.326772
      vertex 0.033983 0.00837605 0.326772
    endloop
  endfacet
  facet normal 0.992558 -0.120519 0.0174595
    outer loop
      vertex 0.035 0 0.356
      vertex 0.033983 -0.00837605 0.356
      vertex 0.0347448 -0.00421878 0.341386
    endloop
  endfacet
  facet normal 0.970794 0.239279 0.0174593
    outer loop
      vertex 0.0327256 0.0124112 0.341386
      vertex 0.0347448 0.00421878 0.341386
      vertex 0.033983 0.00837605 0.326772
    endloop
  endfacet
  facet normal 0.885321 0.464653 0.0174595
    outer loop
      vertex 0.0288044 0.0198823 0.341386
      vertex 0.0327256 0.0124112 0.341386
      vertex 0.030991 0.0162653 0.326772
    endloop
  endfacet
  facet normal 0.748396 0.663022 0.0174594
    outer loop
      vertex 0.0232093 0.0261979 0.341386
      vertex 0.0288044 0.0198823 0.341386
      vertex 0.0261979 0.0232093 0.326772
    endloop
  endfacet
  facet normal 0.567979 0.822858 0.0174597
    outer loop
      vertex 0.0162653 0.030991 0.341386
      vertex 0.0232093 0.0261979 0.341386
      vertex 0.0198823 0.0288044 0.326772
    endloop
  endfacet
  facet normal 0.354551 0.934874 0.0174598
    outer loop
      vertex 0.00837605 0.033983 0.341386
      vertex 0.0162653 0.030991 0.341386
      vertex 0.0124112 0.0327256 0.326772
    endloop
  endfacet
  facet normal 0.120519 0.992558 0.0174596
    outer loop
      vertex -2.53103e-18 0.035 0.341386
      vertex 0.00837605 0.033983 0.341386
      vertex 0.00421878 0.0347448 0.326772
    endloop
  endfacet
  facet normal -0.120519 0.992558 0.0174596
    outer loop
      vertex -0.00837605 0.033983 0.341386
      vertex -2.53103e-18 0.035 0.341386
      vertex -0.00421878 0.0347448 0.326772
    endloop
  endfacet
  facet normal -0.354551 0.934874 0.0174598
    outer loop
      vertex -0.0162653 0.030991 0.341386
      vertex -0.00837605 0.033983 0.341386
      vertex -0.0124112 0.0327256 0.326772
    endloop
  endfacet
  facet normal -0.567979 0.822858 0.0174597
    outer loop
      vertex -0.0232093 0.0261979 0.341386
      vertex -0.0162653 0.030991 0.341386
      vertex -0.0198823 0.0288044 0.326772
    endloop
  endfacet
  facet normal -0.748396 0.663022 0.0174594
    outer loop
      vertex -0.0288044 0.0198823 0.341386
      vertex -0.0232093 0.0261979 0.341386
      vertex -0.0261979 0.0232093 0.326772
    endloop
  endfacet
  facet normal -0.885321 0.464653 0.0174595
    outer loop
      vertex -0.0327256 0.0124112 0.341386
      vertex -0.0288044 0.0198823 0.341386
      vertex -0.030991 0.0162653 0.326772
    endloop
  endfacet
  facet normal -0.970794 0.239279 0.0174593
    outer loop
      vertex -0.0347448 0.00421878 0.341386
      vertex -0.0327256 0.0124112 0.341386
      vertex -0.033983 0.00837605 0.326772
    endloop
  endfacet
  facet normal -0.999848 0 0.0174596
    outer loop
      vertex -0.0347448 -0.00421878 0.341386
      vertex -0.0347448 0.00421878 0.341386
      vertex -0.035 3.45628e-17 0.326772
    endloop
  endfacet
  facet normal -0.970794 -0.239279 0.0174593
    outer loop
      vertex -0.0327256 -0.0124112 0.341386
      vertex -0.0347448 -0.00421878 0.341386
      vertex -0.033983 -0.00837605 0.326772
    endloop
  endfacet
  facet normal -0.885321 -0.464653 0.0174595
    outer loop
      vertex -0.0288044 -0.0198823 0.341386
      vertex -0.0327256 -0.0124112 0.341386
      vertex -0.030991 -0.0162653 0.326772
    endloop
  endfacet
  facet normal -0.748396 -0.663022 0.0174594
    outer loop
      vertex -0.0232093 -0.0261979 0.341386
      vertex -0.0288044 -0.0198823 0.341386
      vertex -0.0261979 -0.0232093 0.326772
    endloop
  endfacet
  facet normal -0.567979 -0.822858 0.0174597
    outer loop
      vertex -0.0162653 -0.030991 0.341386
      vertex -0.0232093 -0.0261979 0.341386
      vertex -0.0198823 -0.0288044 0.326772
    endloop
  endfacet
  facet normal -0.354551 -0.934874 0.0174598
    outer loop
      vertex -0.00837605 -0.033983 0.341386
      vertex -0.0162653 -0.030991 0.341386
      vertex -0.0124112 -0.0327256 0.326772
    endloop
  endfacet
  facet normal -0.120519 -0.992558 0.0174596
    outer loop
      vertex -8.40255e-17 -0.035 0.341386
      vertex -0.00837605 -0.033983 0.341386
      vertex -0.00421878 -0.0347448 0.326772
    endloop
  endfacet
  facet normal 0.120519 -0.992558 0.0174596
    outer loop
      vertex 0.00837605 -0.033983 0.341386
      vertex -8.40255e-17 -0.035 0.341386
      vertex 0.00421878 -0.0347448 0.326772
    endloop
  endfacet
  facet normal 0.354551 -0.934874 0.0174598
    outer loop
      vertex 0.0162653 -0.030991 0.341386
      vertex 0.00837605 -0.033983 0.341386
      vertex 0.0124112 -0.0327256 0.326772
    endloop
  endfacet
  facet normal 0.567979 -0.822858 0.0174597
    outer loop
      vertex 0.0232093 -0.0261979 0.341386
      vertex 0.0162653 -0.030991 0.341386
      vertex 0.0198823 -0.0288044 0.326772
    endloop
  endfacet
  facet normal 0.748396 -0.663022 0.0174594
    outer loop
      vertex 0.0288044 -0.0198823 0.341386
      vertex 0.0232093 -0.0261979 0.341386
      vertex 0.0261979 -0.0232093 0.326772
    endloop
  endfacet
  facet normal 0.663022 -0.748396 -0.0174594
    outer loop
      vertex 0.0261979 -0.0232093 0.326772
      vertex 0.0232093 -0.0261979 0.341386
      vertex 0.0198823 -0.0288044 0.326772
    endloop
  endfacet
  facet normal 0.663022 -0.748396 0.0174593
    outer loop
      vertex 0.0261979 -0.0232093 0.326772
      vertex 0.0198823 -0.0288044 0.326772
      vertex 0.0232093 -0.0261979 0.312158
    endloop
  endfacet
  facet normal -6.51068e-18 -0.999848 -0.0174596
    outer loop
      vertex 0.00421878 -0.0347448 0.326772
      vertex -8.40255e-17 -0.035 0.341386
      vertex -0.00421878 -0.0347448 0.326772
    endloop
  endfacet
  facet normal 0 -0.999848 0.0174595
    outer loop
      vertex 0.00421878 -0.0347448 0.326772
      vertex -0.00421878 -0.0347448 0.326772
      vertex -8.33513e-17 -0.035 0.312158
    endloop
  endfacet
  facet normal -0.663022 -0.748396 -0.0174594
    outer loop
      vertex -0.0198823 -0.0288044 0.326772
      vertex -0.0232093 -0.0261979 0.341386
      vertex -0.0261979 -0.0232093 0.326772
    endloop
  endfacet
  facet normal -0.663022 -0.748396 0.0174593
    outer loop
      vertex -0.0198823 -0.0288044 0.326772
      vertex -0.0261979 -0.0232093 0.326772
      vertex -0.0232093 -0.0261979 0.312158
    endloop
  endfacet
  facet normal -0.992558 -0.120519 -0.0174596
    outer loop
      vertex -0.033983 -0.00837605 0.326772
      vertex -0.0347448 -0.00421878 0.341386
      vertex -0.035 3.45628e-17 0.326772
    endloop
  endfacet
  facet normal -0.992558 -0.120519 0.0174595
    outer loop
      vertex -0.033983 -0.00837605 0.326772
      vertex -0.035 3.45628e-17 0.326772
      vertex -0.0347448 -0.00421878 0.312158
    endloop
  endfacet
  facet normal -0.822858 0.567979 -0.0174597
    outer loop
      vertex -0.030991 0.0162653 0.326772
      vertex -0.0288044 0.0198823 0.341386
      vertex -0.0261979 0.0232093 0.326772
    endloop
  endfacet
  facet normal -0.822858 0.567979 0.0174596
    outer loop
      vertex -0.030991 0.0162653 0.326772
      vertex -0.0261979 0.0232093 0.326772
      vertex -0.0288044 0.0198823 0.312158
    endloop
  endfacet
  facet normal -0.239279 0.970794 -0.0174593
    outer loop
      vertex -0.0124112 0.0327256 0.326772
      vertex -0.00837605 0.033983 0.341386
      vertex -0.00421878 0.0347448 0.326772
    endloop
  endfacet
  facet normal -0.239279 0.970794 0.0174592
    outer loop
      vertex -0.0124112 0.0327256 0.326772
      vertex -0.00421878 0.0347448 0.326772
      vertex -0.00837605 0.033983 0.312158
    endloop
  endfacet
  facet normal -0.120519 0.992558 -0.0174595
    outer loop
      vertex -0.00837605 0.033983 0.312158
      vertex -0.00421878 0.0347448 0.326772
      vertex 6.49849e-19 0.035 0.312158
    endloop
  endfacet
  facet normal 0 0.999848 -0.0174596
    outer loop
      vertex -0.00421878 0.0347448 0.326772
      vertex -2.53103e-18 0.035 0.341386
      vertex 0.00421878 0.0347448 0.326772
    endloop
  endfacet
  facet normal -0 0.999848 0.0174595
    outer loop
      vertex -0.00421878 0.0347448 0.326772
      vertex 0.00421878 0.0347448 0.326772
      vertex 6.49849e-19 0.035 0.312158
    endloop
  endfacet
  facet normal 0.120519 0.992558 -0.0174595
    outer loop
      vertex 6.49849e-19 0.035 0.312158
      vertex 0.00421878 0.0347448 0.326772
      vertex 0.00837605 0.033983 0.312158
    endloop
  endfacet
  facet normal 0.239279 0.970794 -0.0174593
    outer loop
      vertex 0.00421878 0.0347448 0.326772
      vertex 0.00837605 0.033983 0.341386
      vertex 0.0124112 0.0327256 0.326772
    endloop
  endfacet
  facet normal 0.239279 0.970794 0.0174592
    outer loop
      vertex 0.00421878 0.0347448 0.326772
      vertex 0.0124112 0.0327256 0.326772
      vertex 0.00837605 0.033983 0.312158
    endloop
  endfacet
  facet normal 0.354551 0.934874 -0.0174597
    outer loop
      vertex 0.00837605 0.033983 0.312158
      vertex 0.0124112 0.0327256 0.326772
      vertex 0.0162653 0.030991 0.312158
    endloop
  endfacet
  facet normal 0.464653 0.885321 -0.0174595
    outer loop
      vertex 0.0124112 0.0327256 0.326772
      vertex 0.0162653 0.030991 0.341386
      vertex 0.0198823 0.0288044 0.326772
    endloop
  endfacet
  facet normal 0.464653 0.885321 0.0174594
    outer loop
      vertex 0.0124112 0.0327256 0.326772
      vertex 0.0198823 0.0288044 0.326772
      vertex 0.0162653 0.030991 0.312158
    endloop
  endfacet
  facet normal 0.567979 0.822858 -0.0174596
    outer loop
      vertex 0.0162653 0.030991 0.312158
      vertex 0.0198823 0.0288044 0.326772
      vertex 0.0232093 0.0261979 0.312158
    endloop
  endfacet
  facet normal 0.663022 0.748396 -0.0174594
    outer loop
      vertex 0.0198823 0.0288044 0.326772
      vertex 0.0232093 0.0261979 0.341386
      vertex 0.0261979 0.0232093 0.326772
    endloop
  endfacet
  facet normal 0.663022 0.748396 0.0174593
    outer loop
      vertex 0.0198823 0.0288044 0.326772
      vertex 0.0261979 0.0232093 0.326772
      vertex 0.0232093 0.0261979 0.312158
    endloop
  endfacet
  facet normal 0.748396 0.663022 -0.0174593
    outer loop
      vertex 0.0232093 0.0261979 0.312158
      vertex 0.0261979 0.0232093 0.326772
      vertex 0.0288044 0.0198823 0.312158
    endloop
  endfacet
  facet normal 0.822858 0.567979 -0.0174597
    outer loop
      vertex 0.0261979 0.0232093 0.326772
      vertex 0.0288044 0.0198823 0.341386
      vertex 0.030991 0.0162653 0.326772
    endloop
  endfacet
  facet normal 0.822858 0.567979 0.0174596
    outer loop
      vertex 0.0261979 0.0232093 0.326772
      vertex 0.030991 0.0162653 0.326772
      vertex 0.0288044 0.0198823 0.312158
    endloop
  endfacet
  facet normal 0.992558 0.120519 0.0174595
    outer loop
      vertex 0.033983 0.00837605 0.326772
      vertex 0.035 -4.44056e-17 0.326772
      vertex 0.0347448 0.00421878 0.312158
    endloop
  endfacet
  facet normal 0.970794 0.239279 -0.0174592
    outer loop
      vertex 0.033983 0.00837605 0.326772
      vertex 0.0347448 0.00421878 0.312158
      vertex 0.0327256 0.0124112 0.312158
    endloop
  endfacet
  facet normal 0.934874 0.354551 -0.0174598
    outer loop
      vertex 0.0327256 0.0124112 0.341386
      vertex 0.033983 0.00837605 0.326772
      vertex 0.030991 0.0162653 0.326772
    endloop
  endfacet
  facet normal 0.934874 0.354551 0.0174597
    outer loop
      vertex 0.030991 0.0162653 0.326772
      vertex 0.033983 0.00837605 0.326772
      vertex 0.0327256 0.0124112 0.312158
    endloop
  endfacet
  facet normal 0.885321 0.464653 -0.0174594
    outer loop
      vertex 0.030991 0.0162653 0.326772
      vertex 0.0327256 0.0124112 0.312158
      vertex 0.0288044 0.0198823 0.312158
    endloop
  endfacet
  facet normal -0.354551 0.934874 -0.0174597
    outer loop
      vertex -0.0162653 0.030991 0.312158
      vertex -0.0124112 0.0327256 0.326772
      vertex -0.00837605 0.033983 0.312158
    endloop
  endfacet
  facet normal -0.464653 0.885321 -0.0174595
    outer loop
      vertex -0.0198823 0.0288044 0.326772
      vertex -0.0162653 0.030991 0.341386
      vertex -0.0124112 0.0327256 0.326772
    endloop
  endfacet
  facet normal -0.464653 0.885321 0.0174594
    outer loop
      vertex -0.0198823 0.0288044 0.326772
      vertex -0.0124112 0.0327256 0.326772
      vertex -0.0162653 0.030991 0.312158
    endloop
  endfacet
  facet normal -0.748396 0.663022 -0.0174593
    outer loop
      vertex -0.0288044 0.0198823 0.312158
      vertex -0.0261979 0.0232093 0.326772
      vertex -0.0232093 0.0261979 0.312158
    endloop
  endfacet
  facet normal -0.663022 0.748396 -0.0174594
    outer loop
      vertex -0.0261979 0.0232093 0.326772
      vertex -0.0232093 0.0261979 0.341386
      vertex -0.0198823 0.0288044 0.326772
    endloop
  endfacet
  facet normal -0.663022 0.748396 0.0174593
    outer loop
      vertex -0.0261979 0.0232093 0.326772
      vertex -0.0198823 0.0288044 0.326772
      vertex -0.0232093 0.0261979 0.312158
    endloop
  endfacet
  facet normal -0.567979 0.822858 -0.0174596
    outer loop
      vertex -0.0232093 0.0261979 0.312158
      vertex -0.0198823 0.0288044 0.326772
      vertex -0.0162653 0.030991 0.312158
    endloop
  endfacet
  facet normal -0.885321 0.464653 -0.0174594
    outer loop
      vertex -0.0327256 0.0124112 0.312158
      vertex -0.030991 0.0162653 0.326772
      vertex -0.0288044 0.0198823 0.312158
    endloop
  endfacet
  facet normal -0.934874 0.354551 -0.0174598
    outer loop
      vertex -0.033983 0.00837605 0.326772
      vertex -0.0327256 0.0124112 0.341386
      vertex -0.030991 0.0162653 0.326772
    endloop
  endfacet
  facet normal -0.934874 0.354551 0.0174597
    outer loop
      vertex -0.033983 0.00837605 0.326772
      vertex -0.030991 0.0162653 0.326772
      vertex -0.0327256 0.0124112 0.312158
    endloop
  endfacet
  facet normal -0.999848 -6.51072e-18 -0.0174595
    outer loop
      vertex -0.0347448 -0.00421878 0.312158
      vertex -0.035 3.45628e-17 0.326772
      vertex -0.0347448 0.00421878 0.312158
    endloop
  endfacet
  facet normal -0.992558 0.120519 -0.0174596
    outer loop
      vertex -0.035 3.45628e-17 0.326772
      vertex -0.0347448 0.00421878 0.341386
      vertex -0.033983 0.00837605 0.326772
    endloop
  endfacet
  facet normal -0.992558 0.120519 0.0174595
    outer loop
      vertex -0.035 3.45628e-17 0.326772
      vertex -0.033983 0.00837605 0.326772
      vertex -0.0347448 0.00421878 0.312158
    endloop
  endfacet
  facet normal -0.970794 0.239279 -0.0174592
    outer loop
      vertex -0.0347448 0.00421878 0.312158
      vertex -0.033983 0.00837605 0.326772
      vertex -0.0327256 0.0124112 0.312158
    endloop
  endfacet
  facet normal -0.970794 -0.239279 -0.0174592
    outer loop
      vertex -0.0327256 -0.0124112 0.312158
      vertex -0.033983 -0.00837605 0.326772
      vertex -0.0347448 -0.00421878 0.312158
    endloop
  endfacet
  facet normal -0.934874 -0.354551 -0.0174598
    outer loop
      vertex -0.030991 -0.0162653 0.326772
      vertex -0.0327256 -0.0124112 0.341386
      vertex -0.033983 -0.00837605 0.326772
    endloop
  endfacet
  facet normal -0.934874 -0.354551 0.0174597
    outer loop
      vertex -0.030991 -0.0162653 0.326772
      vertex -0.033983 -0.00837605 0.326772
      vertex -0.0327256 -0.0124112 0.312158
    endloop
  endfacet
  facet normal -0.748396 -0.663022 -0.0174593
    outer loop
      vertex -0.0232093 -0.0261979 0.312158
      vertex -0.0261979 -0.0232093 0.326772
      vertex -0.0288044 -0.0198823 0.312158
    endloop
  endfacet
  facet normal -0.822858 -0.567979 -0.0174597
    outer loop
      vertex -0.0261979 -0.0232093 0.326772
      vertex -0.0288044 -0.0198823 0.341386
      vertex -0.030991 -0.0162653 0.326772
    endloop
  endfacet
  facet normal -0.822858 -0.567979 0.0174596
    outer loop
      vertex -0.0261979 -0.0232093 0.326772
      vertex -0.030991 -0.0162653 0.326772
      vertex -0.0288044 -0.0198823 0.312158
    endloop
  endfacet
  facet normal -0.885321 -0.464653 -0.0174594
    outer loop
      vertex -0.0288044 -0.0198823 0.312158
      vertex -0.030991 -0.0162653 0.326772
      vertex -0.0327256 -0.0124112 0.312158
    endloop
  endfacet
  facet normal -0.567979 -0.822858 -0.0174596
    outer loop
      vertex -0.0162653 -0.030991 0.312158
      vertex -0.0198823 -0.0288044 0.326772
      vertex -0.0232093 -0.0261979 0.312158
    endloop
  endfacet
  facet normal -0.464653 -0.885321 -0.0174595
    outer loop
      vertex -0.0124112 -0.0327256 0.326772
      vertex -0.0162653 -0.030991 0.341386
      vertex -0.0198823 -0.0288044 0.326772
    endloop
  endfacet
  facet normal -0.464653 -0.885321 0.0174594
    outer loop
      vertex -0.0124112 -0.0327256 0.326772
      vertex -0.0198823 -0.0288044 0.326772
      vertex -0.0162653 -0.030991 0.312158
    endloop
  endfacet
  facet normal -0.120519 -0.992558 -0.0174595
    outer loop
      vertex -8.33513e-17 -0.035 0.312158
      vertex -0.00421878 -0.0347448 0.326772
      vertex -0.00837605 -0.033983 0.312158
    endloop
  endfacet
  facet normal -0.239279 -0.970794 -0.0174593
    outer loop
      vertex -0.00421878 -0.0347448 0.326772
      vertex -0.00837605 -0.033983 0.341386
      vertex -0.0124112 -0.0327256 0.326772
    endloop
  endfacet
  facet normal -0.239279 -0.970794 0.0174592
    outer loop
      vertex -0.00421878 -0.0347448 0.326772
      vertex -0.0124112 -0.0327256 0.326772
      vertex -0.00837605 -0.033983 0.312158
    endloop
  endfacet
  facet normal -0.354551 -0.934874 -0.0174597
    outer loop
      vertex -0.00837605 -0.033983 0.312158
      vertex -0.0124112 -0.0327256 0.326772
      vertex -0.0162653 -0.030991 0.312158
    endloop
  endfacet
  facet normal 0.120519 -0.992558 -0.0174595
    outer loop
      vertex 0.00837605 -0.033983 0.312158
      vertex 0.00421878 -0.0347448 0.326772
      vertex -8.33513e-17 -0.035 0.312158
    endloop
  endfacet
  facet normal 0.239279 -0.970794 -0.0174593
    outer loop
      vertex 0.0124112 -0.0327256 0.326772
      vertex 0.00837605 -0.033983 0.341386
      vertex 0.00421878 -0.0347448 0.326772
    endloop
  endfacet
  facet normal 0.239279 -0.970794 0.0174592
    outer loop
      vertex 0.0124112 -0.0327256 0.326772
      vertex 0.00421878 -0.0347448 0.326772
      vertex 0.00837605 -0.033983 0.312158
    endloop
  endfacet
  facet normal 0.567979 -0.822858 -0.0174596
    outer loop
      vertex 0.0232093 -0.0261979 0.312158
      vertex 0.0198823 -0.0288044 0.326772
      vertex 0.0162653 -0.030991 0.312158
    endloop
  endfacet
  facet normal 0.464653 -0.885321 -0.0174595
    outer loop
      vertex 0.0198823 -0.0288044 0.326772
      vertex 0.0162653 -0.030991 0.341386
      vertex 0.0124112 -0.0327256 0.326772
    endloop
  endfacet
  facet normal 0.464653 -0.885321 0.0174594
    outer loop
      vertex 0.0198823 -0.0288044 0.326772
      vertex 0.0124112 -0.0327256 0.326772
      vertex 0.0162653 -0.030991 0.312158
    endloop
  endfacet
  facet normal 0.354551 -0.934874 -0.0174597
    outer loop
      vertex 0.0162653 -0.030991 0.312158
      vertex 0.0124112 -0.0327256 0.326772
      vertex 0.00837605 -0.033983 0.312158
    endloop
  endfacet
  facet normal 0.748396 -0.663022 -0.0174593
    outer loop
      vertex 0.0288044 -0.0198823 0.312158
      vertex 0.0261979 -0.0232093 0.326772
      vertex 0.0232093 -0.0261979 0.312158
    endloop
  endfacet
  facet normal 0.885321 -0.464653 -0.0174594
    outer loop
      vertex 0.0327256 -0.0124112 0.312158
      vertex 0.030991 -0.0162653 0.326772
      vertex 0.0288044 -0.0198823 0.312158
    endloop
  endfacet
  facet normal 0.822858 -0.567979 0.0174596
    outer loop
      vertex 0.030991 -0.0162653 0.326772
      vertex 0.0261979 -0.0232093 0.326772
      vertex 0.0288044 -0.0198823 0.312158
    endloop
  endfacet
  facet normal 0.822858 -0.567979 -0.0174597
    outer loop
      vertex 0.030991 -0.0162653 0.326772
      vertex 0.0288044 -0.0198823 0.341386
      vertex 0.0261979 -0.0232093 0.326772
    endloop
  endfacet
  facet normal 0.934874 -0.354551 -0.0174598
    outer loop
      vertex 0.033983 -0.00837605 0.326772
      vertex 0.0327256 -0.0124112 0.341386
      vertex 0.030991 -0.0162653 0.326772
    endloop
  endfacet
  facet normal 0.885321 -0.464653 0.0174595
    outer loop
      vertex 0.0327256 -0.0124112 0.341386
      vertex 0.0288044 -0.0198823 0.341386
      vertex 0.030991 -0.0162653 0.326772
    endloop
  endfacet
  facet normal 0.970794 -0.239279 -0.0174592
    outer loop
      vertex 0.0347448 -0.00421878 0.341386
      vertex 0.033983 -0.00837605 0.356
      vertex 0.0327256 -0.0124112 0.341386
    endloop
  endfacet
  facet normal 0.934874 -0.354551 0.0174597
    outer loop
      vertex 0.033983 -0.00837605 0.356
      vertex 0.030991 -0.0162653 0.356
      vertex 0.0327256 -0.0124112 0.341386
    endloop
  endfacet
  facet normal 0.885321 -0.464653 -0.0174594
    outer loop
      vertex 0.0327256 -0.0124112 0.341386
      vertex 0.030991 -0.0162653 0.356
      vertex 0.0288044 -0.0198823 0.341386
    endloop
  endfacet
  facet normal 0.822858 -0.567979 0.0174596
    outer loop
      vertex 0.030991 -0.0162653 0.356
      vertex 0.0261979 -0.0232093 0.356
      vertex 0.0288044 -0.0198823 0.341386
    endloop
  endfacet
  facet normal 0.748396 -0.663022 -0.0174593
    outer loop
      vertex 0.0288044 -0.0198823 0.341386
      vertex 0.0261979 -0.0232093 0.356
      vertex 0.0232093 -0.0261979 0.341386
    endloop
  endfacet
  facet normal 0.663022 -0.748396 0.0174593
    outer loop
      vertex 0.0261979 -0.0232093 0.356
      vertex 0.0198823 -0.0288044 0.356
      vertex 0.0232093 -0.0261979 0.341386
    endloop
  endfacet
  facet normal 0.567979 -0.822858 -0.0174596
    outer loop
      vertex 0.0232093 -0.0261979 0.341386
      vertex 0.0198823 -0.0288044 0.356
      vertex 0.0162653 -0.030991 0.341386
    endloop
  endfacet
  facet normal 0.464653 -0.885321 0.0174594
    outer loop
      vertex 0.0198823 -0.0288044 0.356
      vertex 0.0124112 -0.0327256 0.356
      vertex 0.0162653 -0.030991 0.341386
    endloop
  endfacet
  facet normal 0.354551 -0.934874 -0.0174597
    outer loop
      vertex 0.0162653 -0.030991 0.341386
      vertex 0.0124112 -0.0327256 0.356
      vertex 0.00837605 -0.033983 0.341386
    endloop
  endfacet
  facet normal 0.239279 -0.970794 0.0174592
    outer loop
      vertex 0.0124112 -0.0327256 0.356
      vertex 0.00421878 -0.0347448 0.356
      vertex 0.00837605 -0.033983 0.341386
    endloop
  endfacet
  facet normal 0.120519 -0.992558 -0.0174595
    outer loop
      vertex 0.00837605 -0.033983 0.341386
      vertex 0.00421878 -0.0347448 0.356
      vertex -8.40255e-17 -0.035 0.341386
    endloop
  endfacet
  facet normal 0 -0.999848 0.0174595
    outer loop
      vertex 0.00421878 -0.0347448 0.356
      vertex -0.00421878 -0.0347448 0.356
      vertex -8.40255e-17 -0.035 0.341386
    endloop
  endfacet
  facet normal -0.120519 -0.992558 -0.0174595
    outer loop
      vertex -8.40255e-17 -0.035 0.341386
      vertex -0.00421878 -0.0347448 0.356
      vertex -0.00837605 -0.033983 0.341386
    endloop
  endfacet
  facet normal -0.239279 -0.970794 0.0174592
    outer loop
      vertex -0.00421878 -0.0347448 0.356
      vertex -0.0124112 -0.0327256 0.356
      vertex -0.00837605 -0.033983 0.341386
    endloop
  endfacet
  facet normal -0.354551 -0.934874 -0.0174597
    outer loop
      vertex -0.00837605 -0.033983 0.341386
      vertex -0.0124112 -0.0327256 0.356
      vertex -0.0162653 -0.030991 0.341386
    endloop
  endfacet
  facet normal -0.464653 -0.885321 0.0174594
    outer loop
      vertex -0.0124112 -0.0327256 0.356
      vertex -0.0198823 -0.0288044 0.356
      vertex -0.0162653 -0.030991 0.341386
    endloop
  endfacet
  facet normal -0.567979 -0.822858 -0.0174596
    outer loop
      vertex -0.0162653 -0.030991 0.341386
      vertex -0.0198823 -0.0288044 0.356
      vertex -0.0232093 -0.0261979 0.341386
    endloop
  endfacet
  facet normal -0.663022 -0.748396 0.0174593
    outer loop
      vertex -0.0198823 -0.0288044 0.356
      vertex -0.0261979 -0.0232093 0.356
      vertex -0.0232093 -0.0261979 0.341386
    endloop
  endfacet
  facet normal -0.748396 -0.663022 -0.0174593
    outer loop
      vertex -0.0232093 -0.0261979 0.341386
      vertex -0.0261979 -0.0232093 0.356
      vertex -0.0288044 -0.0198823 0.341386
    endloop
  endfacet
  facet normal -0.822858 -0.567979 0.0174596
    outer loop
      vertex -0.0261979 -0.0232093 0.356
      vertex -0.030991 -0.0162653 0.356
      vertex -0.0288044 -0.0198823 0.341386
    endloop
  endfacet
  facet normal -0.885321 -0.464653 -0.0174594
    outer loop
      vertex -0.0288044 -0.0198823 0.341386
      vertex -0.030991 -0.0162653 0.356
      vertex -0.0327256 -0.0124112 0.341386
    endloop
  endfacet
  facet normal -0.934874 -0.354551 0.0174597
    outer loop
      vertex -0.030991 -0.0162653 0.356
      vertex -0.033983 -0.00837605 0.356
      vertex -0.0327256 -0.0124112 0.341386
    endloop
  endfacet
  facet normal -0.970794 -0.239279 -0.0174592
    outer loop
      vertex -0.0327256 -0.0124112 0.341386
      vertex -0.033983 -0.00837605 0.356
      vertex -0.0347448 -0.00421878 0.341386
    endloop
  endfacet
  facet normal -0.992558 -0.120519 0.0174595
    outer loop
      vertex -0.033983 -0.00837605 0.356
      vertex -0.035 3.53725e-17 0.356
      vertex -0.0347448 -0.00421878 0.341386
    endloop
  endfacet
  facet normal -0.999848 0 -0.0174595
    outer loop
      vertex -0.0347448 -0.00421878 0.341386
      vertex -0.035 3.53725e-17 0.356
      vertex -0.0347448 0.00421878 0.341386
    endloop
  endfacet
  facet normal -0.992558 0.120519 0.0174595
    outer loop
      vertex -0.035 3.53725e-17 0.356
      vertex -0.033983 0.00837605 0.356
      vertex -0.0347448 0.00421878 0.341386
    endloop
  endfacet
  facet normal -0.970794 0.239279 -0.0174592
    outer loop
      vertex -0.0347448 0.00421878 0.341386
      vertex -0.033983 0.00837605 0.356
      vertex -0.0327256 0.0124112 0.341386
    endloop
  endfacet
  facet normal -0.934874 0.354551 0.0174597
    outer loop
      vertex -0.033983 0.00837605 0.356
      vertex -0.030991 0.0162653 0.356
      vertex -0.0327256 0.0124112 0.341386
    endloop
  endfacet
  facet normal -0.885321 0.464653 -0.0174594
    outer loop
      vertex -0.0327256 0.0124112 0.341386
      vertex -0.030991 0.0162653 0.356
      vertex -0.0288044 0.0198823 0.341386
    endloop
  endfacet
  facet normal -0.822858 0.567979 0.0174596
    outer loop
      vertex -0.030991 0.0162653 0.356
      vertex -0.0261979 0.0232093 0.356
      vertex -0.0288044 0.0198823 0.341386
    endloop
  endfacet
  facet normal -0.748396 0.663022 -0.0174593
    outer loop
      vertex -0.0288044 0.0198823 0.341386
      vertex -0.0261979 0.0232093 0.356
      vertex -0.0232093 0.0261979 0.341386
    endloop
  endfacet
  facet normal -0.663022 0.748396 0.0174593
    outer loop
      vertex -0.0261979 0.0232093 0.356
      vertex -0.0198823 0.0288044 0.356
      vertex -0.0232093 0.0261979 0.341386
    endloop
  endfacet
  facet normal -0.567979 0.822858 -0.0174596
    outer loop
      vertex -0.0232093 0.0261979 0.341386
      vertex -0.0198823 0.0288044 0.356
      vertex -0.0162653 0.030991 0.341386
    endloop
  endfacet
  facet normal -0.464653 0.885321 0.0174594
    outer loop
      vertex -0.0198823 0.0288044 0.356
      vertex -0.0124112 0.0327256 0.356
      vertex -0.0162653 0.030991 0.341386
    endloop
  endfacet
  facet normal -0.354551 0.934874 -0.0174597
    outer loop
      vertex -0.0162653 0.030991 0.341386
      vertex -0.0124112 0.0327256 0.356
      vertex -0.00837605 0.033983 0.341386
    endloop
  endfacet
  facet normal -0.239279 0.970794 0.0174592
    outer loop
      vertex -0.0124112 0.0327256 0.356
      vertex -0.00421878 0.0347448 0.356
      vertex -0.00837605 0.033983 0.341386
    endloop
  endfacet
  facet normal -0.120519 0.992558 -0.0174595
    outer loop
      vertex -0.00837605 0.033983 0.341386
      vertex -0.00421878 0.0347448 0.356
      vertex -2.53103e-18 0.035 0.341386
    endloop
  endfacet
  facet normal -0 0.999848 0.0174595
    outer loop
      vertex -0.00421878 0.0347448 0.356
      vertex 0.00421878 0.0347448 0.356
      vertex -2.53103e-18 0.035 0.341386
    endloop
  endfacet
  facet normal 0.120519 0.992558 -0.0174595
    outer loop
      vertex -2.53103e-18 0.035 0.341386
      vertex 0.00421878 0.0347448 0.356
      vertex 0.00837605 0.033983 0.341386
    endloop
  endfacet
  facet normal 0.239279 0.970794 0.0174592
    outer loop
      vertex 0.00421878 0.0347448 0.356
      vertex 0.0124112 0.0327256 0.356
      vertex 0.00837605 0.033983 0.341386
    endloop
  endfacet
  facet normal 0.354551 0.934874 -0.0174597
    outer loop
      vertex 0.00837605 0.033983 0.341386
      vertex 0.0124112 0.0327256 0.356
      vertex 0.0162653 0.030991 0.341386
    endloop
  endfacet
  facet normal 0.464653 0.885321 0.0174594
    outer loop
      vertex 0.0124112 0.0327256 0.356
      vertex 0.0198823 0.0288044 0.356
      vertex 0.0162653 0.030991 0.341386
    endloop
  endfacet
  facet normal 0.567979 0.822858 -0.0174596
    outer loop
      vertex 0.0162653 0.030991 0.341386
      vertex 0.0198823 0.0288044 0.356
      vertex 0.0232093 0.0261979 0.341386
    endloop
  endfacet
  facet normal 0.663022 0.748396 0.0174593
    outer loop
      vertex 0.0198823 0.0288044 0.356
      vertex 0.0261979 0.0232093 0.356
      vertex 0.0232093 0.0261979 0.341386
    endloop
  endfacet
  facet normal 0.748396 0.663022 -0.0174593
    outer loop
      vertex 0.0232093 0.0261979 0.341386
      vertex 0.0261979 0.0232093 0.356
      vertex 0.0288044 0.0198823 0.341386
    endloop
  endfacet
  facet normal 0.822858 0.567979 0.0174596
    outer loop
      vertex 0.0261979 0.0232093 0.356
      vertex 0.030991 0.0162653 0.356
      vertex 0.0288044 0.0198823 0.341386
    endloop
  endfacet
  facet normal 0.885321 0.464653 -0.0174594
    outer loop
      vertex 0.0288044 0.0198823 0.341386
      vertex 0.030991 0.0162653 0.356
      vertex 0.0327256 0.0124112 0.341386
    endloop
  endfacet
  facet normal 0.934874 0.354551 0.0174597
    outer loop
      vertex 0.030991 0.0162653 0.356
      vertex 0.033983 0.00837605 0.356
      vertex 0.0327256 0.0124112 0.341386
    endloop
  endfacet
  facet normal 0.970794 0.239279 -0.0174592
    outer loop
      vertex 0.033983 0.00837605 0.356
      vertex 0.0347448 0.00421878 0.341386
      vertex 0.0327256 0.0124112 0.341386
    endloop
  endfacet
  facet normal 0.992558 0.120519 0.0174595
    outer loop
      vertex 0.033983 0.00837605 0.356
      vertex 0.035 0 0.356
      vertex 0.0347448 0.00421878 0.341386
    endloop
  endfacet
  facet normal 0.999848 0 -0.0174595
    outer loop
      vertex 0.0347448 0.00421878 0.341386
      vertex 0.035 0 0.356
      vertex 0.0347448 -0.00421878 0.341386
    endloop
  endfacet
  facet normal 0.999848 0 0.0174596
    outer loop
      vertex 0.0347448 0.00421878 0.341386
      vertex 0.0347448 -0.00421878 0.341386
      vertex 0.035 -4.44056e-17 0.326772
    endloop
  endfacet
  facet normal 0.992558 -0.120519 -0.0174596
    outer loop
      vertex 0.035 -4.44056e-17 0.326772
      vertex 0.0347448 -0.00421878 0.341386
      vertex 0.033983 -0.00837605 0.326772
    endloop
  endfacet
  facet normal 0.992558 -0.120519 0.0174595
    outer loop
      vertex 0.035 -4.44056e-17 0.326772
      vertex 0.033983 -0.00837605 0.326772
      vertex 0.0347448 -0.00421878 0.312158
    endloop
  endfacet
  facet normal 0.970794 -0.239279 -0.0174592
    outer loop
      vertex 0.0347448 -0.00421878 0.312158
      vertex 0.033983 -0.00837605 0.326772
      vertex 0.0327256 -0.0124112 0.312158
    endloop
  endfacet
endsolid LIGGGHTS_STL_EXPORT
