solid "파셋<stl unit=uM>"
   facet normal -0.955230557522882 0.294649440817654 -0.0267635760011231
      outer loop
         vertex -46.9846315681934 17.1010065823793 0
         vertex -48.453863710165 12.33786996454 0
         vertex -48.0630844831467 13.7818679213524 1.94999994710088
      endloop
   endfacet
   facet normal -0.970182114187196 0.241893796464106 0.0152989066094458
      outer loop
         vertex -48.0630844831467 13.7818679213524 1.94999994710088
         vertex -48.453863710165 12.33786996454 0
         vertex -48.9073805510998 10.395584627986 1.94999994710088
      endloop
   endfacet
   facet normal -0.97024520116712 0.241909523528671 0.0101996097133989
      outer loop
         vertex -48.0630844831467 13.7818679213524 1.94999994710088
         vertex -48.9073805510998 10.395584627986 1.94999994710088
         vertex -49.0086227655411 9.90730710327625 3.89999989420176
      endloop
   endfacet
   facet normal -0.98477897687314 0.173642914339862 -0.00764885666293232
      outer loop
         vertex -49.0086227655411 9.90730710327625 3.89999989420176
         vertex -48.9073805510998 10.395584627986 1.94999994710088
         vertex -49.513403326273 6.95865508168936 1.94999994710088
      endloop
   endfacet
   facet normal -0.988368186141638 0.148972864844479 0.0305845412441732
      outer loop
         vertex -49.0086227655411 9.90730710327625 3.89999989420176
         vertex -49.513403326273 6.95865508168936 1.94999994710088
         vertex -49.7515387833118 4.97839227318764 3.89999989420176
      endloop
   endfacet
   facet normal -0.994405496309486 0.104516221839934 -0.0152992902381254
      outer loop
         vertex -49.7515387833118 4.97839227318764 3.89999989420176
         vertex -49.513403326273 6.95865508168936 1.94999994710088
         vertex -49.8782023787498 3.48782376386225 1.94999994710088
      endloop
   endfacet
   facet normal -0.998399156625686 0.0498281800877046 0.0267633428081244
      outer loop
         vertex -49.7515387833118 4.97839227318764 3.89999989420176
         vertex -49.8782023787498 3.48782376386225 1.94999994710088
         vertex -50.0000007450581 -6.12323384933553E-15 3.89999989420176
      endloop
   endfacet
   facet normal -0.999390818240649 0.034899748083409 0
      outer loop
         vertex -50.0000007450581 -6.12323384933553E-15 3.89999989420176
         vertex -49.8782023787498 3.48782376386225 1.94999994710088
         vertex -50.0000007450581 -6.12323384933553E-15 1.94999994710088
      endloop
   endfacet
   facet normal -0.999390818240649 -0.034899748083409 0
      outer loop
         vertex -50.0000007450581 -6.12323384933553E-15 3.89999989420176
         vertex -50.0000007450581 -6.12323384933553E-15 1.94999994710088
         vertex -49.8782023787498 -3.48782376386225 1.94999994710088
      endloop
   endfacet
   facet normal -0.999309600686464 -0.0348969139608123 0.0127486223519111
      outer loop
         vertex -49.8782023787498 -3.48782376386225 1.94999994710088
         vertex -50.0000007450581 -6.12323384933553E-15 1.94999994710088
         vertex -49.9378442764282 -2.49229418113828 0
      endloop
   endfacet
   facet normal -0.99482388669165 -0.0995465620069979 -0.0203940300163085
      outer loop
         vertex -49.8782023787498 -3.48782376386225 1.94999994710088
         vertex -49.9378442764282 -2.49229418113828 0
         vertex -49.4415424764156 -7.45211308822036 0
      endloop
   endfacet
   facet normal -0.968875809547231 0.246705826059288 0.0203936525076596
      outer loop
         vertex -49.0086227655411 9.90730710327625 3.89999989420176
         vertex -47.7786399424076 14.7377587854862 3.89999989420176
         vertex -48.0630844831467 13.7818679213524 1.94999994710088
      endloop
   endfacet
   facet normal -0.950979267022489 0.308991721969879 -0.0127494881253569
      outer loop
         vertex -48.0630844831467 13.7818679213524 1.94999994710088
         vertex -47.7786399424076 14.7377587854862 3.89999989420176
         vertex -46.9846315681934 17.1010065823793 1.94999994710088
      endloop
   endfacet
   facet normal -0.951056568699876 0.309016833089749 -2.95804385471454E-08
      outer loop
         vertex -48.0630844831467 13.7818679213524 1.94999994710088
         vertex -46.9846315681934 17.1010065823793 1.94999994710088
         vertex -46.9846315681934 17.1010065823793 0
      endloop
   endfacet
   facet normal -0.927184002003434 0.3746062284972 0
      outer loop
         vertex -46.9846315681934 17.1010065823793 0
         vertex -46.9846315681934 17.1010065823793 1.94999994710088
         vertex -45.6772744655609 20.3368328511715 1.94999994710088
      endloop
   endfacet
   facet normal -0.921145982230947 0.38829592150258 -0.0267648419432309
      outer loop
         vertex -46.9846315681934 17.1010065823793 0
         vertex -45.6772744655609 20.3368328511715 1.94999994710088
         vertex -45.0484417378902 21.6941870748997 0
      endloop
   endfacet
   facet normal -0.898688625630528 0.438320344950093 0.0152980183403945
      outer loop
         vertex -45.0484417378902 21.6941870748997 0
         vertex -45.6772744655609 20.3368328511715 1.94999994710088
         vertex -44.1473796963692 23.4735775738955 1.94999994710088
      endloop
   endfacet
   facet normal -0.877810773053431 0.478030143436437 -0.0305847785258876
      outer loop
         vertex -45.0484417378902 21.6941870748997 0
         vertex -44.1473796963692 23.4735775738955 1.94999994710088
         vertex -42.6645427942276 26.0717608034611 0
      endloop
   endfacet
   facet normal -0.866000188513247 0.499985161360046 0.00764930812487508
      outer loop
         vertex -42.6645427942276 26.0717608034611 0
         vertex -44.1473796963692 23.4735775738955 1.94999994710088
         vertex -42.4024052917957 26.4959633350372 1.94999994710088
      endloop
   endfacet
   facet normal -0.828994188568573 0.559164208540714 -0.0101991767594388
      outer loop
         vertex -42.6645427942276 26.0717608034611 0
         vertex -42.4024052917957 26.4959633350372 1.94999994710088
         vertex -40.4508486390114 29.3892621994019 1.94999994710088
      endloop
   endfacet
   facet normal -0.82894029151987 0.559127820560096 -0.0152994565482009
      outer loop
         vertex -40.4508486390114 29.3892621994019 1.94999994710088
         vertex -42.4024052917957 26.4959633350372 1.94999994710088
         vertex -41.31193831563 28.1660035252571 3.89999989420176
      endloop
   endfacet
   facet normal -0.79684673020571 0.603588448852966 0.0267632765508977
      outer loop
         vertex -40.4508486390114 29.3892621994019 1.94999994710088
         vertex -41.31193831563 28.1660035252571 3.89999989420176
         vertex -38.3022204041481 32.1393795311451 3.89999989420176
      endloop
   endfacet
   facet normal -0.93921555360684 0.341846747023383 0.0318582079302814
      outer loop
         vertex -47.7786399424076 14.7377587854862 3.89999989420176
         vertex -46.0738092660904 19.4217395037413 3.89999989420176
         vertex -46.9846315681934 17.1010065823793 1.94999994710088
      endloop
   endfacet
   facet normal -0.927108673650956 0.374575745536785 -0.0127482585762949
      outer loop
         vertex -46.9846315681934 17.1010065823793 1.94999994710088
         vertex -46.0738092660904 19.4217395037413 3.89999989420176
         vertex -45.6772744655609 20.3368328511715 1.94999994710088
      endloop
   endfacet
   facet normal -0.900781406948524 0.433793611066558 0.0203950948434525
      outer loop
         vertex -46.0738092660904 19.4217395037413 3.89999989420176
         vertex -43.9110770821571 23.9126980304718 3.89999989420176
         vertex -45.6772744655609 20.3368328511715 1.94999994710088
      endloop
   endfacet
   facet normal -0.898747066189865 0.438348819828143 0.0101991749854905
      outer loop
         vertex -45.6772744655609 20.3368328511715 1.94999994710088
         vertex -43.9110770821571 23.9126980304718 3.89999989420176
         vertex -44.1473796963692 23.4735775738955 1.94999994710088
      endloop
   endfacet
   facet normal -0.866000162516132 0.499985210565673 -0.00764903507855605
      outer loop
         vertex -44.1473796963692 23.4735775738955 1.94999994710088
         vertex -43.9110770821571 23.9126980304718 3.89999989420176
         vertex -42.4024052917957 26.4959633350372 1.94999994710088
      endloop
   endfacet
   facet normal -0.852891851270834 0.521190994142157 0.0305849253868376
      outer loop
         vertex -42.4024052917957 26.4959633350372 1.94999994710088
         vertex -43.9110770821571 23.9126980304718 3.89999989420176
         vertex -41.31193831563 28.1660035252571 3.89999989420176
      endloop
   endfacet
   facet normal -0.542352039106201 0.839724926773961 -0.0267640249553551
      outer loop
         vertex -25.000000372529 43.3012694120407 0
         vertex -29.1871838271618 40.5968986451626 0
         vertex -27.9596447944641 41.4518788456917 1.94999994710088
      endloop
   endfacet
   facet normal -0.587716605851934 0.808922207949385 0.0152987807414513
      outer loop
         vertex -27.9596447944641 41.4518788456917 1.94999994710088
         vertex -29.1871838271618 40.5968986451626 0
         vertex -30.7830739766359 39.4005365669727 1.94999994710088
      endloop
   endfacet
   facet normal -0.587754881649514 0.80897479248085 0.0101972656987657
      outer loop
         vertex -27.9596447944641 41.4518788456917 1.94999994710088
         vertex -30.7830739766359 39.4005365669727 1.94999994710088
         vertex -31.1744902282953 39.0915758907795 3.89999989420176
      endloop
   endfacet
   facet normal -0.642768667429626 0.766022129516781 -0.00765096473128324
      outer loop
         vertex -31.1744902282953 39.0915758907795 3.89999989420176
         vertex -30.7830739766359 39.4005365669727 1.94999994710088
         vertex -33.4565304219723 37.1572412550449 1.94999994710088
      endloop
   endfacet
   facet normal -0.661376600535233 0.749430185304806 0.0305841399823855
      outer loop
         vertex -31.1744902282953 39.0915758907795 3.89999989420176
         vertex -33.4565304219723 37.1572412550449 1.94999994710088
         vertex -34.9118411540985 35.7933416962624 3.89999989420176
      endloop
   endfacet
   facet normal -0.694577196687279 0.719255485852232 -0.0152991474766037
      outer loop
         vertex -34.9118411540985 35.7933416962624 3.89999989420176
         vertex -33.4565304219723 37.1572412550449 1.94999994710088
         vertex -35.9669886529446 34.7329191863537 1.94999994710088
      endloop
   endfacet
   facet normal -0.732789460786147 0.67992890246881 0.0267636647024968
      outer loop
         vertex -34.9118411540985 35.7933416962624 3.89999989420176
         vertex -35.9669886529446 34.7329191863537 1.94999994710088
         vertex -38.3022204041481 32.1393795311451 3.89999989420176
      endloop
   endfacet
   facet normal -0.743145065136475 0.669130340190388 0
      outer loop
         vertex -38.3022204041481 32.1393795311451 3.89999989420176
         vertex -35.9669886529446 34.7329191863537 1.94999994710088
         vertex -38.3022204041481 32.1393795311451 1.94999994710088
      endloop
   endfacet
   facet normal -0.78801059469729 0.615661678720402 0
      outer loop
         vertex -38.3022204041481 32.1393795311451 3.89999989420176
         vertex -38.3022204041481 32.1393795311451 1.94999994710088
         vertex -40.4508486390114 29.3892621994019 1.94999994710088
      endloop
   endfacet
   facet normal -0.78794654307867 0.61561164211734 0.0127495623440984
      outer loop
         vertex -40.4508486390114 29.3892621994019 1.94999994710088
         vertex -38.3022204041481 32.1393795311451 1.94999994710088
         vertex -39.8566238582134 30.1902201026678 0
      endloop
   endfacet
   facet normal -0.826066850812984 0.563203036237703 -0.0203935764531755
      outer loop
         vertex -40.4508486390114 29.3892621994019 1.94999994710088
         vertex -39.8566238582134 30.1902201026678 0
         vertex -42.6645427942276 26.0717608034611 0
      endloop
   endfacet
   facet normal -0.583621934527556 0.811769387646117 0.0203935974992558
      outer loop
         vertex -31.1744902282953 39.0915758907795 3.89999989420176
         vertex -27.1273124963045 42.0012958347797 3.89999989420176
         vertex -27.9596447944641 41.4518788456917 1.94999994710088
      endloop
   endfacet
   facet normal -0.529876100869838 0.847979228257053 -0.0127493596526021
      outer loop
         vertex -27.9596447944641 41.4518788456917 1.94999994710088
         vertex -27.1273124963045 42.0012958347797 3.89999989420176
         vertex -25.000000372529 43.3012694120407 1.94999994710088
      endloop
   endfacet
   facet normal -0.529919155834671 0.848048163891338 -7.47503581922119E-09
      outer loop
         vertex -27.9596447944641 41.4518788456917 1.94999994710088
         vertex -25.000000372529 43.3012694120407 1.94999994710088
         vertex -25.000000372529 43.3012694120407 0
      endloop
   endfacet
   facet normal -0.46947132331427 0.882947720188205 0
      outer loop
         vertex -25.000000372529 43.3012694120407 0
         vertex -25.000000372529 43.3012694120407 1.94999994710088
         vertex -21.9185575842857 44.9397005140781 1.94999994710088
      endloop
   endfacet
   facet normal -0.456047040569476 0.889553153599378 -0.0267634771512289
      outer loop
         vertex -25.000000372529 43.3012694120407 0
         vertex -21.9185575842857 44.9397005140781 1.94999994710088
         vertex -20.5643549561501 45.5752909183502 0
      endloop
   endfacet
   facet normal -0.406689380048053 0.913438389667528 0.0152989031542957
      outer loop
         vertex -20.5643549561501 45.5752909183502 0
         vertex -21.9185575842857 44.9397005140781 1.94999994710088
         vertex -18.730329349637 46.3591925799847 1.94999994710088
      endloop
   endfacet
   facet normal -0.365170111958525 0.930438256576706 -0.0305849641277776
      outer loop
         vertex -20.5643549561501 45.5752909183502 0
         vertex -18.730329349637 46.3591925799847 1.94999994710088
         vertex -15.9243326634169 47.3963655531406 0
      endloop
   endfacet
   facet normal -0.342009807787744 0.939665244727146 0.00764978619719231
      outer loop
         vertex -15.9243326634169 47.3963655531406 0
         vertex -18.730329349637 46.3591925799847 1.94999994710088
         vertex -15.4508501291275 47.5528240203857 1.94999994710088
      endloop
   endfacet
   facet normal -0.27562368323577 0.961211516762156 -0.0101982980611594
      outer loop
         vertex -15.9243326634169 47.3963655531406 0
         vertex -15.4508501291275 47.5528240203857 1.94999994710088
         vertex -12.0960948988795 48.5147871077061 1.94999994710088
      endloop
   endfacet
   facet normal -0.275605772132093 0.9611489918109 -0.0152994741204789
      outer loop
         vertex -12.0960948988795 48.5147871077061 1.94999994710088
         vertex -15.4508501291275 47.5528240203857 1.94999994710088
         vertex -13.5420234873891 48.1312125921249 3.89999989420176
      endloop
   endfacet
   facet normal -0.222441253367912 0.974578672554778 0.026763777787864
      outer loop
         vertex -12.0960948988795 48.5147871077061 1.94999994710088
         vertex -13.5420234873891 48.1312125921249 3.89999989420176
         vertex -8.68240930140018 49.2403879761696 3.89999989420176
      endloop
   endfacet
   facet normal -0.499746258218468 0.865585795656645 0.0318576168928765
      outer loop
         vertex -27.1273124963045 42.0012958347797 3.89999989420176
         vertex -22.8105336427689 44.4935895502567 3.89999989420176
         vertex -25.000000372529 43.3012694120407 1.94999994710088
      endloop
   endfacet
   facet normal -0.469433147575767 0.882875958145224 -0.0127499994611784
      outer loop
         vertex -25.000000372529 43.3012694120407 1.94999994710088
         vertex -22.8105336427689 44.4935895502567 3.89999989420176
         vertex -21.9185575842857 44.9397005140781 1.94999994710088
      endloop
   endfacet
   facet normal -0.411201625577295 0.91131627452153 0.0203929133472668
      outer loop
         vertex -22.8105336427689 44.4935895502567 3.89999989420176
         vertex -18.2670503854752 46.543687582016 3.89999989420176
         vertex -21.9185575842857 44.9397005140781 1.94999994710088
      endloop
   endfacet
   facet normal -0.40671581024723 0.913497805479302 0.0101984841736111
      outer loop
         vertex -21.9185575842857 44.9397005140781 1.94999994710088
         vertex -18.2670503854752 46.543687582016 3.89999989420176
         vertex -18.730329349637 46.3591925799847 1.94999994710088
      endloop
   endfacet
   facet normal -0.34200978077088 0.939665252380137 -0.0076500540147337
      outer loop
         vertex -18.730329349637 46.3591925799847 1.94999994710088
         vertex -18.2670503854752 46.543687582016 3.89999989420176
         vertex -15.4508501291275 47.5528240203857 1.94999994710088
      endloop
   endfacet
   facet normal -0.318337765596645 0.947483889114621 0.0305834409961963
      outer loop
         vertex -15.4508501291275 47.5528240203857 1.94999994710088
         vertex -18.2670503854752 46.543687582016 3.89999989420176
         vertex -13.5420234873891 48.1312125921249 3.89999989420176
      endloop
   endfacet
   facet normal 0.124299216055288 0.991883776794976 -0.0267633745812458
      outer loop
         vertex 8.68240930140018 49.2403879761696 0
         vertex 3.7365045864135 49.8601906001568 0
         vertex 5.22642303258181 49.7260950505733 1.94999994710088
      endloop
   endfacet
   facet normal 0.0697486373183131 0.997447272664365 0.0152992106547298
      outer loop
         vertex 5.22642303258181 49.7260950505733 1.94999994710088
         vertex 3.7365045864135 49.8601906001568 0
         vertex 1.74497487023473 49.9695427715778 1.94999994710088
      endloop
   endfacet
   facet normal 0.0697531758490988 0.997512138637547 0.0101993984975413
      outer loop
         vertex 5.22642303258181 49.7260950505733 1.94999994710088
         vertex 1.74497487023473 49.9695427715778 1.94999994710088
         vertex 1.2465346371755 49.9844588339329 3.89999989420176
      endloop
   endfacet
   facet normal -4.32630672400526E-11 0.999970745673229 -0.00764903900669452
      outer loop
         vertex 1.2465346371755 49.9844588339329 3.89999989420176
         vertex 1.74497487023473 49.9695427715778 1.94999994710088
         vertex -1.74497487023473 49.9695427715778 1.94999994710088
      endloop
   endfacet
   facet normal -0.0249188278488583 0.999221506360983 0.0305848531846648
      outer loop
         vertex 1.2465346371755 49.9844588339329 3.89999989420176
         vertex -1.74497487023473 49.9695427715778 1.94999994710088
         vertex -3.7365045864135 49.8601906001568 3.89999989420176
      endloop
   endfacet
   facet normal -0.0697486340517026 0.997447272892998 -0.0152992106411519
      outer loop
         vertex -3.7365045864135 49.8601906001568 3.89999989420176
         vertex -1.74497487023473 49.9695427715778 1.94999994710088
         vertex -5.22642303258181 49.7260950505733 1.94999994710088
      endloop
   endfacet
   facet normal -0.124299230856346 0.991883775996172 0.0267633354441433
      outer loop
         vertex -3.7365045864135 49.8601906001568 3.89999989420176
         vertex -5.22642303258181 49.7260950505733 1.94999994710088
         vertex -8.68240930140018 49.2403879761696 3.89999989420176
      endloop
   endfacet
   facet normal -0.139173070193243 0.990268073065565 0
      outer loop
         vertex -8.68240930140018 49.2403879761696 3.89999989420176
         vertex -5.22642303258181 49.7260950505733 1.94999994710088
         vertex -8.68240930140018 49.2403879761696 1.94999994710088
      endloop
   endfacet
   facet normal -0.207911580434017 0.978147624196588 0
      outer loop
         vertex -8.68240930140018 49.2403879761696 3.89999989420176
         vertex -8.68240930140018 49.2403879761696 1.94999994710088
         vertex -12.0960948988795 48.5147871077061 1.94999994710088
      endloop
   endfacet
   facet normal -0.207894684887675 0.978068122752564 0.0127494019753531
      outer loop
         vertex -12.0960948988795 48.5147871077061 1.94999994710088
         vertex -8.68240930140018 49.2403879761696 1.94999994710088
         vertex -11.126047000289 48.746395856142 0
      endloop
   endfacet
   facet normal -0.270784514878259 0.962423936927659 -0.0203939238699285
      outer loop
         vertex -12.0960948988795 48.5147871077061 1.94999994710088
         vertex -11.126047000289 48.746395856142 0
         vertex -15.9243326634169 47.3963655531406 0
      endloop
   endfacet
   facet normal 0.0747146376793479 0.996996394554679 0.0203939246201971
      outer loop
         vertex 1.2465346371755 49.9844588339329 3.89999989420176
         vertex 6.21718540787697 49.6119596064091 3.89999989420176
         vertex 5.22642303258181 49.7260950505733 1.94999994710088
      endloop
   endfacet
   facet normal 0.139161751620332 0.990187592085594 -0.0127490927400678
      outer loop
         vertex 5.22642303258181 49.7260950505733 1.94999994710088
         vertex 6.21718540787697 49.6119596064091 3.89999989420176
         vertex 8.68240930140018 49.2403879761696 1.94999994710088
      endloop
   endfacet
   facet normal 0.139173063795336 0.990268073964731 -1.66191846259274E-08
      outer loop
         vertex 5.22642303258181 49.7260950505733 1.94999994710088
         vertex 8.68240930140018 49.2403879761696 1.94999994710088
         vertex 8.68240930140018 49.2403879761696 0
      endloop
   endfacet
   facet normal 0.207911580434017 0.978147624196588 0
      outer loop
         vertex 8.68240930140018 49.2403879761696 0
         vertex 8.68240930140018 49.2403879761696 1.94999994710088
         vertex 12.0960948988795 48.5147871077061 1.94999994710088
      endloop
   endfacet
   facet normal 0.222441254676814 0.974578672607852 -0.0267637649765942
      outer loop
         vertex 8.68240930140018 49.2403879761696 0
         vertex 12.0960948988795 48.5147871077061 1.94999994710088
         vertex 13.5420234873891 48.1312125921249 0
      endloop
   endfacet
   facet normal 0.27560577209675 0.961148991687644 0.0152994825004202
      outer loop
         vertex 13.5420234873891 48.1312125921249 0
         vertex 12.0960948988795 48.5147871077061 1.94999994710088
         vertex 15.4508501291275 47.5528240203857 1.94999994710088
      endloop
   endfacet
   facet normal 0.318337738886996 0.947483898319492 -0.0305834338427359
      outer loop
         vertex 13.5420234873891 48.1312125921249 0
         vertex 15.4508501291275 47.5528240203857 1.94999994710088
         vertex 18.2670503854752 46.543687582016 0
      endloop
   endfacet
   facet normal 0.342009807101824 0.939665242842593 0.00765004834915076
      outer loop
         vertex 18.2670503854752 46.543687582016 0
         vertex 15.4508501291275 47.5528240203857 1.94999994710088
         vertex 18.730329349637 46.3591925799847 1.94999994710088
      endloop
   endfacet
   facet normal 0.406715834965198 0.913497794059666 -0.0101985212990223
      outer loop
         vertex 18.2670503854752 46.543687582016 0
         vertex 18.730329349637 46.3591925799847 1.94999994710088
         vertex 21.9185575842857 44.9397005140781 1.94999994710088
      endloop
   endfacet
   facet normal 0.40668933304424 0.913438410637028 -0.0152989006445623
      outer loop
         vertex 21.9185575842857 44.9397005140781 1.94999994710088
         vertex 18.730329349637 46.3591925799847 1.94999994710088
         vertex 20.5643549561501 45.5752909183502 3.89999989420176
      endloop
   endfacet
   facet normal 0.456047041183302 0.889553154796692 0.0267634268958314
      outer loop
         vertex 21.9185575842857 44.9397005140781 1.94999994710088
         vertex 20.5643549561501 45.5752909183502 3.89999989420176
         vertex 25.000000372529 43.3012694120407 3.89999989420176
      endloop
   endfacet
   facet normal 0.173559847891092 0.984307904436633 0.031857941923258
      outer loop
         vertex 6.21718540787697 49.6119596064091 3.89999989420176
         vertex 11.126047000289 48.746395856142 3.89999989420176
         vertex 8.68240930140018 49.2403879761696 1.94999994710088
      endloop
   endfacet
   facet normal 0.207894672733396 0.97806812517579 -0.0127494142684922
      outer loop
         vertex 8.68240930140018 49.2403879761696 1.94999994710088
         vertex 11.126047000289 48.746395856142 3.89999989420176
         vertex 12.0960948988795 48.5147871077061 1.94999994710088
      endloop
   endfacet
   facet normal 0.270784530442654 0.96242393264208 0.0203939194542132
      outer loop
         vertex 11.126047000289 48.746395856142 3.89999989420176
         vertex 15.9243326634169 47.3963655531406 3.89999989420176
         vertex 12.0960948988795 48.5147871077061 1.94999994710088
      endloop
   endfacet
   facet normal 0.275623683214827 0.96121151668912 0.0101983055109652
      outer loop
         vertex 12.0960948988795 48.5147871077061 1.94999994710088
         vertex 15.9243326634169 47.3963655531406 3.89999989420176
         vertex 15.4508501291275 47.5528240203857 1.94999994710088
      endloop
   endfacet
   facet normal 0.342009781489695 0.939665254355068 -0.00764977929065365
      outer loop
         vertex 15.4508501291275 47.5528240203857 1.94999994710088
         vertex 15.9243326634169 47.3963655531406 3.89999989420176
         vertex 18.730329349637 46.3591925799847 1.94999994710088
      endloop
   endfacet
   facet normal 0.365170111812902 0.930438256205664 0.0305849771540965
      outer loop
         vertex 18.730329349637 46.3591925799847 1.94999994710088
         vertex 15.9243326634169 47.3963655531406 3.89999989420176
         vertex 20.5643549561501 45.5752909183502 3.89999989420176
      endloop
   endfacet
   facet normal 0.732789518008903 0.679928840654097 -0.0267636683407934
      outer loop
         vertex 38.3022204041481 32.1393795311451 0
         vertex 34.9118411540985 35.7933416962624 0
         vertex 35.9669886529446 34.7329191863537 1.94999994710088
      endloop
   endfacet
   facet normal 0.694577135724465 0.719255544050449 0.0152991791116544
      outer loop
         vertex 35.9669886529446 34.7329191863537 1.94999994710088
         vertex 34.9118411540985 35.7933416962624 0
         vertex 33.4565304219723 37.1572412550449 1.94999994710088
      endloop
   endfacet
   facet normal 0.69462234057181 0.719302299489991 0.0101983296157887
      outer loop
         vertex 35.9669886529446 34.7329191863537 1.94999994710088
         vertex 33.4565304219723 37.1572412550449 1.94999994710088
         vertex 33.0842919647694 37.4890603125095 3.89999989420176
      endloop
   endfacet
   facet normal 0.642768637028222 0.766022164319862 -0.00765003422195759
      outer loop
         vertex 33.0842919647694 37.4890603125095 3.89999989420176
         vertex 33.4565304219723 37.1572412550449 1.94999994710088
         vertex 30.7830739766359 39.4005365669727 1.94999994710088
      endloop
   endfacet
   facet normal 0.623197894406878 0.78146592409997 0.0305842096091068
      outer loop
         vertex 33.0842919647694 37.4890603125095 3.89999989420176
         vertex 30.7830739766359 39.4005365669727 1.94999994710088
         vertex 29.1871838271618 40.5968986451626 3.89999989420176
      endloop
   endfacet
   facet normal 0.587716644818247 0.808922179543167 -0.0152987857921529
      outer loop
         vertex 29.1871838271618 40.5968986451626 3.89999989420176
         vertex 30.7830739766359 39.4005365669727 1.94999994710088
         vertex 27.9596447944641 41.4518788456917 1.94999994710088
      endloop
   endfacet
   facet normal 0.542352038646567 0.839724926062309 0.0267640565976416
      outer loop
         vertex 29.1871838271618 40.5968986451626 3.89999989420176
         vertex 27.9596447944641 41.4518788456917 1.94999994710088
         vertex 25.000000372529 43.3012694120407 3.89999989420176
      endloop
   endfacet
   facet normal 0.529919155834671 0.848048163891338 0
      outer loop
         vertex 25.000000372529 43.3012694120407 3.89999989420176
         vertex 27.9596447944641 41.4518788456917 1.94999994710088
         vertex 25.000000372529 43.3012694120407 1.94999994710088
      endloop
   endfacet
   facet normal 0.46947132331427 0.882947720188205 0
      outer loop
         vertex 25.000000372529 43.3012694120407 3.89999989420176
         vertex 25.000000372529 43.3012694120407 1.94999994710088
         vertex 21.9185575842857 44.9397005140781 1.94999994710088
      endloop
   endfacet
   facet normal 0.469433149066424 0.882875957394153 0.0127499965858183
      outer loop
         vertex 21.9185575842857 44.9397005140781 1.94999994710088
         vertex 25.000000372529 43.3012694120407 1.94999994710088
         vertex 22.8105336427689 44.4935895502567 0
      endloop
   endfacet
   facet normal 0.411201647928846 0.911316264453 -0.0203929125931124
      outer loop
         vertex 21.9185575842857 44.9397005140781 1.94999994710088
         vertex 22.8105336427689 44.4935895502567 0
         vertex 18.2670503854752 46.543687582016 0
      endloop
   endfacet
   facet normal 0.698091476570281 0.715718118983846 0.020392756021441
      outer loop
         vertex 33.0842919647694 37.4890603125095 3.89999989420176
         vertex 36.6525948047638 34.0086370706558 3.89999989420176
         vertex 35.9669886529446 34.7329191863537 1.94999994710088
      endloop
   endfacet
   facet normal 0.743084623172192 0.669075978184171 -0.0127506165315814
      outer loop
         vertex 35.9669886529446 34.7329191863537 1.94999994710088
         vertex 36.6525948047638 34.0086370706558 3.89999989420176
         vertex 38.3022204041481 32.1393795311451 1.94999994710088
      endloop
   endfacet
   facet normal 0.743145091823583 0.669130310551328 -4.65211041637165E-08
      outer loop
         vertex 35.9669886529446 34.7329191863537 1.94999994710088
         vertex 38.3022204041481 32.1393795311451 1.94999994710088
         vertex 38.3022204041481 32.1393795311451 0
      endloop
   endfacet
   facet normal 0.78801059469729 0.615661678720402 0
      outer loop
         vertex 38.3022204041481 32.1393795311451 0
         vertex 38.3022204041481 32.1393795311451 1.94999994710088
         vertex 40.4508486390114 29.3892621994019 1.94999994710088
      endloop
   endfacet
   facet normal 0.796846757920248 0.603588410241284 -0.0267633221852156
      outer loop
         vertex 38.3022204041481 32.1393795311451 0
         vertex 40.4508486390114 29.3892621994019 1.94999994710088
         vertex 41.31193831563 28.1660035252571 0
      endloop
   endfacet
   facet normal 0.828940310273961 0.559127793006024 0.0152994474123338
      outer loop
         vertex 41.31193831563 28.1660035252571 0
         vertex 40.4508486390114 29.3892621994019 1.94999994710088
         vertex 42.4024052917957 26.4959633350372 1.94999994710088
      endloop
   endfacet
   facet normal 0.852891851999658 0.521190994587532 -0.0305848974732965
      outer loop
         vertex 41.31193831563 28.1660035252571 0
         vertex 42.4024052917957 26.4959633350372 1.94999994710088
         vertex 43.9110770821571 23.9126980304718 0
      endloop
   endfacet
   facet normal 0.866000175426327 0.499985188217052 0.00764903426126409
      outer loop
         vertex 43.9110770821571 23.9126980304718 0
         vertex 42.4024052917957 26.4959633350372 1.94999994710088
         vertex 44.1473796963692 23.4735775738955 1.94999994710088
      endloop
   endfacet
   facet normal 0.898747043288378 0.438348867531817 -0.0101991428057151
      outer loop
         vertex 43.9110770821571 23.9126980304718 0
         vertex 44.1473796963692 23.4735775738955 1.94999994710088
         vertex 45.6772744655609 20.3368328511715 1.94999994710088
      endloop
   endfacet
   facet normal 0.898688614165053 0.438320368429168 -0.0152980191598484
      outer loop
         vertex 45.6772744655609 20.3368328511715 1.94999994710088
         vertex 44.1473796963692 23.4735775738955 1.94999994710088
         vertex 45.0484417378902 21.6941870748997 3.89999989420176
      endloop
   endfacet
   facet normal 0.921145959350363 0.388295971462241 0.026764904608346
      outer loop
         vertex 45.6772744655609 20.3368328511715 1.94999994710088
         vertex 45.0484417378902 21.6941870748997 3.89999989420176
         vertex 46.9846315681934 17.1010065823793 3.89999989420176
      endloop
   endfacet
   facet normal 0.76565596367239 0.642460966486232 0.0318567392317649
      outer loop
         vertex 36.6525948047638 34.0086370706558 3.89999989420176
         vertex 39.8566238582134 30.1902201026678 3.89999989420176
         vertex 38.3022204041481 32.1393795311451 1.94999994710088
      endloop
   endfacet
   facet normal 0.787946572337211 0.615611605371986 -0.0127495283585885
      outer loop
         vertex 38.3022204041481 32.1393795311451 1.94999994710088
         vertex 39.8566238582134 30.1902201026678 3.89999989420176
         vertex 40.4508486390114 29.3892621994019 1.94999994710088
      endloop
   endfacet
   facet normal 0.826066878323996 0.563202995389753 0.0203935901708718
      outer loop
         vertex 39.8566238582134 30.1902201026678 3.89999989420176
         vertex 42.6645427942276 26.0717608034611 3.89999989420176
         vertex 40.4508486390114 29.3892621994019 1.94999994710088
      endloop
   endfacet
   facet normal 0.828994216583785 0.559164167832587 0.0101991314693058
      outer loop
         vertex 40.4508486390114 29.3892621994019 1.94999994710088
         vertex 42.6645427942276 26.0717608034611 3.89999989420176
         vertex 42.4024052917957 26.4959633350372 1.94999994710088
      endloop
   endfacet
   facet normal 0.866000173637245 0.499985187184125 -0.00764930432900791
      outer loop
         vertex 42.4024052917957 26.4959633350372 1.94999994710088
         vertex 42.6645427942276 26.0717608034611 3.89999989420176
         vertex 44.1473796963692 23.4735775738955 1.94999994710088
      endloop
   endfacet
   facet normal 0.87781078580912 0.478030120580491 0.0305847696570969
      outer loop
         vertex 44.1473796963692 23.4735775738955 1.94999994710088
         vertex 42.6645427942276 26.0717608034611 3.89999989420176
         vertex 45.0484417378902 21.6941870748997 3.89999989420176
      endloop
   endfacet
   facet normal 0.998399156625686 0.0498281800877046 -0.0267633428081244
      outer loop
         vertex 50.0000007450581 0 0
         vertex 49.7515387833118 4.97839227318764 0
         vertex 49.8782023787498 3.48782376386225 1.94999994710088
      endloop
   endfacet
   facet normal 0.994405495464292 0.104516229201681 0.0152992948817346
      outer loop
         vertex 49.8782023787498 3.48782376386225 1.94999994710088
         vertex 49.7515387833118 4.97839227318764 0
         vertex 49.513403326273 6.95865508168936 1.94999994710088
      endloop
   endfacet
   facet normal 0.994470181259451 0.104523025682059 0.0101978276148315
      outer loop
         vertex 49.8782023787498 3.48782376386225 1.94999994710088
         vertex 49.513403326273 6.95865508168936 1.94999994710088
         vertex 49.4415424764156 7.45211308822036 3.89999989420176
      endloop
   endfacet
   facet normal 0.984778962840292 0.173642922375391 -0.00765048077783748
      outer loop
         vertex 49.4415424764156 7.45211308822036 3.89999989420176
         vertex 49.513403326273 6.95865508168936 1.94999994710088
         vertex 48.9073805510998 10.395584627986 1.94999994710088
      endloop
   endfacet
   facet normal 0.979713883311723 0.198053767600584 0.0305845056438216
      outer loop
         vertex 49.4415424764156 7.45211308822036 3.89999989420176
         vertex 48.9073805510998 10.395584627986 1.94999994710088
         vertex 48.453863710165 12.33786996454 3.89999989420176
      endloop
   endfacet
   facet normal 0.970182110759293 0.241893810510594 -0.015298901898778
      outer loop
         vertex 48.453863710165 12.33786996454 3.89999989420176
         vertex 48.9073805510998 10.395584627986 1.94999994710088
         vertex 48.0630844831467 13.7818679213524 1.94999994710088
      endloop
   endfacet
   facet normal 0.955230570176869 0.294649403501832 0.0267635351848199
      outer loop
         vertex 48.453863710165 12.33786996454 3.89999989420176
         vertex 48.0630844831467 13.7818679213524 1.94999994710088
         vertex 46.9846315681934 17.1010065823793 3.89999989420176
      endloop
   endfacet
   facet normal 0.951056565632929 0.309016842528848 0
      outer loop
         vertex 46.9846315681934 17.1010065823793 3.89999989420176
         vertex 48.0630844831467 13.7818679213524 1.94999994710088
         vertex 46.9846315681934 17.1010065823793 1.94999994710088
      endloop
   endfacet
   facet normal 0.927184002003434 0.3746062284972 0
      outer loop
         vertex 46.9846315681934 17.1010065823793 3.89999989420176
         vertex 46.9846315681934 17.1010065823793 1.94999994710088
         vertex 45.6772744655609 20.3368328511715 1.94999994710088
      endloop
   endfacet
   facet normal 0.927108673882109 0.374575745630176 0.0127482390216987
      outer loop
         vertex 45.6772744655609 20.3368328511715 1.94999994710088
         vertex 46.9846315681934 17.1010065823793 1.94999994710088
         vertex 46.0738092660904 19.4217395037413 0
      endloop
   endfacet
   facet normal 0.900781406845865 0.43379361101712 -0.0203951004290637
      outer loop
         vertex 45.6772744655609 20.3368328511715 1.94999994710088
         vertex 46.0738092660904 19.4217395037413 0
         vertex 43.9110770821571 23.9126980304718 0
      endloop
   endfacet
   facet normal 0.994823887751639 0.0995465472119046 0.0203940505271341
      outer loop
         vertex 49.4415424764156 7.45211308822036 3.89999989420176
         vertex 49.9378442764282 2.49229418113828 3.89999989420176
         vertex 49.8782023787498 3.48782376386225 1.94999994710088
      endloop
   endfacet
   facet normal 0.999309600686464 0.0348969139608123 -0.0127486223519111
      outer loop
         vertex 49.8782023787498 3.48782376386225 1.94999994710088
         vertex 49.9378442764282 2.49229418113828 3.89999989420176
         vertex 50.0000007450581 0 1.94999994710088
      endloop
   endfacet
   facet normal 0.999390818240649 0.034899748083409 -6.30530780180418E-10
      outer loop
         vertex 49.8782023787498 3.48782376386225 1.94999994710088
         vertex 50.0000007450581 0 1.94999994710088
         vertex 50.0000007450581 0 0
      endloop
   endfacet
   facet normal 0.999390818240649 -0.034899748083409 0
      outer loop
         vertex 50.0000007450581 0 0
         vertex 50.0000007450581 0 1.94999994710088
         vertex 49.8782023787498 -3.48782376386225 1.94999994710088
      endloop
   endfacet
   facet normal 0.998399156625686 -0.0498281800877046 -0.0267633428081244
      outer loop
         vertex 50.0000007450581 0 0
         vertex 49.8782023787498 -3.48782376386225 1.94999994710088
         vertex 49.7515387833118 -4.97839227318764 0
      endloop
   endfacet
   facet normal 0.994405496309486 -0.104516221839934 0.0152992902381254
      outer loop
         vertex 49.7515387833118 -4.97839227318764 0
         vertex 49.8782023787498 -3.48782376386225 1.94999994710088
         vertex 49.513403326273 -6.95865508168936 1.94999994710088
      endloop
   endfacet
   facet normal 0.988368183693277 -0.148972873459422 -0.0305845784031037
      outer loop
         vertex 49.7515387833118 -4.97839227318764 0
         vertex 49.513403326273 -6.95865508168936 1.94999994710088
         vertex 49.0086227655411 -9.90730710327625 0
      endloop
   endfacet
   facet normal 0.98477897687314 -0.173642914339862 0.00764885666293232
      outer loop
         vertex 49.0086227655411 -9.90730710327625 0
         vertex 49.513403326273 -6.95865508168936 1.94999994710088
         vertex 48.9073805510998 -10.395584627986 1.94999994710088
      endloop
   endfacet
   facet normal 0.970245201299348 -0.241909523521599 -0.0101995973028608
      outer loop
         vertex 49.0086227655411 -9.90730710327625 0
         vertex 48.9073805510998 -10.395584627986 1.94999994710088
         vertex 48.0630844831467 -13.7818679213524 1.94999994710088
      endloop
   endfacet
   facet normal 0.970182114187196 -0.241893796464106 -0.0152989066094458
      outer loop
         vertex 48.0630844831467 -13.7818679213524 1.94999994710088
         vertex 48.9073805510998 -10.395584627986 1.94999994710088
         vertex 48.453863710165 -12.33786996454 3.89999989420176
      endloop
   endfacet
   facet normal 0.955230561407809 -0.29464943059926 0.026763549840291
      outer loop
         vertex 48.0630844831467 -13.7818679213524 1.94999994710088
         vertex 48.453863710165 -12.33786996454 3.89999989420176
         vertex 46.9846315681934 -17.1010065823793 3.89999989420176
      endloop
   endfacet
   facet normal 0.999492375348744 0 0.0318589331228514
      outer loop
         vertex 49.9378442764282 2.49229418113828 3.89999989420176
         vertex 49.9378442764282 -2.49229418113828 3.89999989420176
         vertex 50.0000007450581 0 1.94999994710088
      endloop
   endfacet
   facet normal 0.99930960080451 -0.0348969102396443 -0.0127486232847396
      outer loop
         vertex 50.0000007450581 0 1.94999994710088
         vertex 49.9378442764282 -2.49229418113828 3.89999989420176
         vertex 49.8782023787498 -3.48782376386225 1.94999994710088
      endloop
   endfacet
   facet normal 0.994823887665258 -0.0995465531675696 0.0203940256702357
      outer loop
         vertex 49.9378442764282 -2.49229418113828 3.89999989420176
         vertex 49.4415424764156 -7.45211308822036 3.89999989420176
         vertex 49.8782023787498 -3.48782376386225 1.94999994710088
      endloop
   endfacet
   facet normal 0.994470181259451 -0.104523025682059 0.0101978276148315
      outer loop
         vertex 49.8782023787498 -3.48782376386225 1.94999994710088
         vertex 49.4415424764156 -7.45211308822036 3.89999989420176
         vertex 49.513403326273 -6.95865508168936 1.94999994710088
      endloop
   endfacet
   facet normal 0.98477896464448 -0.173642912183622 -0.00765047986314015
      outer loop
         vertex 49.513403326273 -6.95865508168936 1.94999994710088
         vertex 49.4415424764156 -7.45211308822036 3.89999989420176
         vertex 48.9073805510998 -10.395584627986 1.94999994710088
      endloop
   endfacet
   facet normal 0.979713882590876 -0.198053770306663 0.0305845112111732
      outer loop
         vertex 48.9073805510998 -10.395584627986 1.94999994710088
         vertex 49.4415424764156 -7.45211308822036 3.89999989420176
         vertex 48.453863710165 -12.33786996454 3.89999989420176
      endloop
   endfacet
   facet normal 0.796846757920248 -0.603588410241284 -0.0267633221852156
      outer loop
         vertex 38.3022204041481 -32.1393795311451 0
         vertex 41.31193831563 -28.1660035252571 0
         vertex 40.4508486390114 -29.3892621994019 1.94999994710088
      endloop
   endfacet
   facet normal 0.82894029151987 -0.559127820560096 0.0152994565482009
      outer loop
         vertex 40.4508486390114 -29.3892621994019 1.94999994710088
         vertex 41.31193831563 -28.1660035252571 0
         vertex 42.4024052917957 -26.4959633350372 1.94999994710088
      endloop
   endfacet
   facet normal 0.828994216583785 -0.559164167832587 0.0101991314693058
      outer loop
         vertex 40.4508486390114 -29.3892621994019 1.94999994710088
         vertex 42.4024052917957 -26.4959633350372 1.94999994710088
         vertex 42.6645427942276 -26.0717608034611 3.89999989420176
      endloop
   endfacet
   facet normal 0.866000188513247 -0.499985161360046 -0.00764930812487508
      outer loop
         vertex 42.6645427942276 -26.0717608034611 3.89999989420176
         vertex 42.4024052917957 -26.4959633350372 1.94999994710088
         vertex 44.1473796963692 -23.4735775738955 1.94999994710088
      endloop
   endfacet
   facet normal 0.877810773553507 -0.478030143708764 0.0305847599168599
      outer loop
         vertex 42.6645427942276 -26.0717608034611 3.89999989420176
         vertex 44.1473796963692 -23.4735775738955 1.94999994710088
         vertex 45.0484417378902 -21.6941870748997 3.89999989420176
      endloop
   endfacet
   facet normal 0.898688625630528 -0.438320344950093 -0.0152980183403945
      outer loop
         vertex 45.0484417378902 -21.6941870748997 3.89999989420176
         vertex 44.1473796963692 -23.4735775738955 1.94999994710088
         vertex 45.6772744655609 -20.3368328511715 1.94999994710088
      endloop
   endfacet
   facet normal 0.92114595870745 -0.38829597119123 0.0267649306666971
      outer loop
         vertex 45.0484417378902 -21.6941870748997 3.89999989420176
         vertex 45.6772744655609 -20.3368328511715 1.94999994710088
         vertex 46.9846315681934 -17.1010065823793 3.89999989420176
      endloop
   endfacet
   facet normal 0.927184002003434 -0.3746062284972 0
      outer loop
         vertex 46.9846315681934 -17.1010065823793 3.89999989420176
         vertex 45.6772744655609 -20.3368328511715 1.94999994710088
         vertex 46.9846315681934 -17.1010065823793 1.94999994710088
      endloop
   endfacet
   facet normal 0.951056565632929 -0.309016842528848 0
      outer loop
         vertex 46.9846315681934 -17.1010065823793 3.89999989420176
         vertex 46.9846315681934 -17.1010065823793 1.94999994710088
         vertex 48.0630844831467 -13.7818679213524 1.94999994710088
      endloop
   endfacet
   facet normal 0.950979267022489 -0.308991721969879 0.0127494881253569
      outer loop
         vertex 48.0630844831467 -13.7818679213524 1.94999994710088
         vertex 46.9846315681934 -17.1010065823793 1.94999994710088
         vertex 47.7786399424076 -14.7377587854862 0
      endloop
   endfacet
   facet normal 0.968875809878465 -0.24670582614363 -0.0203936357508256
      outer loop
         vertex 48.0630844831467 -13.7818679213524 1.94999994710088
         vertex 47.7786399424076 -14.7377587854862 0
         vertex 49.0086227655411 -9.90730710327625 0
      endloop
   endfacet
   facet normal 0.826066879485017 -0.563202996181324 0.0203935212816617
      outer loop
         vertex 42.6645427942276 -26.0717608034611 3.89999989420176
         vertex 39.8566238582134 -30.1902201026678 3.89999989420176
         vertex 40.4508486390114 -29.3892621994019 1.94999994710088
      endloop
   endfacet
   facet normal 0.78794654307867 -0.61561164211734 -0.0127495623440984
      outer loop
         vertex 40.4508486390114 -29.3892621994019 1.94999994710088
         vertex 39.8566238582134 -30.1902201026678 3.89999989420176
         vertex 38.3022204041481 -32.1393795311451 1.94999994710088
      endloop
   endfacet
   facet normal 0.788010594697289 -0.615661678720401 -5.09329252691525E-08
      outer loop
         vertex 40.4508486390114 -29.3892621994019 1.94999994710088
         vertex 38.3022204041481 -32.1393795311451 1.94999994710088
         vertex 38.3022204041481 -32.1393795311451 0
      endloop
   endfacet
   facet normal 0.743145065136475 -0.669130340190388 0
      outer loop
         vertex 38.3022204041481 -32.1393795311451 0
         vertex 38.3022204041481 -32.1393795311451 1.94999994710088
         vertex 35.9669886529446 -34.7329191863537 1.94999994710088
      endloop
   endfacet
   facet normal 0.732789518008903 -0.679928840654097 -0.0267636683407934
      outer loop
         vertex 38.3022204041481 -32.1393795311451 0
         vertex 35.9669886529446 -34.7329191863537 1.94999994710088
         vertex 34.9118411540985 -35.7933416962624 0
      endloop
   endfacet
   facet normal 0.694577196687279 -0.719255485852232 0.0152991474766037
      outer loop
         vertex 34.9118411540985 -35.7933416962624 0
         vertex 35.9669886529446 -34.7329191863537 1.94999994710088
         vertex 33.4565304219723 -37.1572412550449 1.94999994710088
      endloop
   endfacet
   facet normal 0.661376566701376 -0.749430214506637 -0.03058415607527
      outer loop
         vertex 34.9118411540985 -35.7933416962624 0
         vertex 33.4565304219723 -37.1572412550449 1.94999994710088
         vertex 31.1744902282953 -39.0915758907795 0
      endloop
   endfacet
   facet normal 0.642768667429626 -0.766022129516781 0.00765096473128324
      outer loop
         vertex 31.1744902282953 -39.0915758907795 0
         vertex 33.4565304219723 -37.1572412550449 1.94999994710088
         vertex 30.7830739766359 -39.4005365669727 1.94999994710088
      endloop
   endfacet
   facet normal 0.587754853576693 -0.808974813446591 -0.0101972205082315
      outer loop
         vertex 31.1744902282953 -39.0915758907795 0
         vertex 30.7830739766359 -39.4005365669727 1.94999994710088
         vertex 27.9596447944641 -41.4518788456917 1.94999994710088
      endloop
   endfacet
   facet normal 0.587716605851934 -0.808922207949385 -0.0152987807414513
      outer loop
         vertex 27.9596447944641 -41.4518788456917 1.94999994710088
         vertex 30.7830739766359 -39.4005365669727 1.94999994710088
         vertex 29.1871838271618 -40.5968986451626 3.89999989420176
      endloop
   endfacet
   facet normal 0.542352080853946 -0.839724899126082 0.0267640464258934
      outer loop
         vertex 27.9596447944641 -41.4518788456917 1.94999994710088
         vertex 29.1871838271618 -40.5968986451626 3.89999989420176
         vertex 25.000000372529 -43.3012694120407 3.89999989420176
      endloop
   endfacet
   facet normal 0.765655963308931 -0.642460966181254 0.0318567541178041
      outer loop
         vertex 39.8566238582134 -30.1902201026678 3.89999989420176
         vertex 36.6525948047638 -34.0086370706558 3.89999989420176
         vertex 38.3022204041481 -32.1393795311451 1.94999994710088
      endloop
   endfacet
   facet normal 0.743084649582285 -0.669075948295682 -0.0127506457643165
      outer loop
         vertex 38.3022204041481 -32.1393795311451 1.94999994710088
         vertex 36.6525948047638 -34.0086370706558 3.89999989420176
         vertex 35.9669886529446 -34.7329191863537 1.94999994710088
      endloop
   endfacet
   facet normal 0.698091505635 -0.715718089177797 0.020392807161903
      outer loop
         vertex 36.6525948047638 -34.0086370706558 3.89999989420176
         vertex 33.0842919647694 -37.4890603125095 3.89999989420176
         vertex 35.9669886529446 -34.7329191863537 1.94999994710088
      endloop
   endfacet
   facet normal 0.69462234057181 -0.719302299489991 0.0101983296157887
      outer loop
         vertex 35.9669886529446 -34.7329191863537 1.94999994710088
         vertex 33.0842919647694 -37.4890603125095 3.89999989420176
         vertex 33.4565304219723 -37.1572412550449 1.94999994710088
      endloop
   endfacet
   facet normal 0.642768607696412 -0.7660221889682 -0.00765003061323048
      outer loop
         vertex 33.4565304219723 -37.1572412550449 1.94999994710088
         vertex 33.0842919647694 -37.4890603125095 3.89999989420176
         vertex 30.7830739766359 -39.4005365669727 1.94999994710088
      endloop
   endfacet
   facet normal 0.62319785773821 -0.781465952860794 0.0305842219105893
      outer loop
         vertex 30.7830739766359 -39.4005365669727 1.94999994710088
         vertex 33.0842919647694 -37.4890603125095 3.89999989420176
         vertex 29.1871838271618 -40.5968986451626 3.89999989420176
      endloop
   endfacet
   facet normal 0.222441254676814 -0.974578672607852 -0.0267637649765942
      outer loop
         vertex 8.68240930140018 -49.2403879761696 0
         vertex 13.5420234873891 -48.1312125921249 0
         vertex 12.0960948988795 -48.5147871077061 1.94999994710088
      endloop
   endfacet
   facet normal 0.275605772132093 -0.9611489918109 0.0152994741204789
      outer loop
         vertex 12.0960948988795 -48.5147871077061 1.94999994710088
         vertex 13.5420234873891 -48.1312125921249 0
         vertex 15.4508501291275 -47.5528240203857 1.94999994710088
      endloop
   endfacet
   facet normal 0.275623683214827 -0.96121151668912 0.0101983055109652
      outer loop
         vertex 12.0960948988795 -48.5147871077061 1.94999994710088
         vertex 15.4508501291275 -47.5528240203857 1.94999994710088
         vertex 15.9243326634169 -47.3963655531406 3.89999989420176
      endloop
   endfacet
   facet normal 0.342009807787744 -0.939665244727146 -0.00764978619719231
      outer loop
         vertex 15.9243326634169 -47.3963655531406 3.89999989420176
         vertex 15.4508501291275 -47.5528240203857 1.94999994710088
         vertex 18.730329349637 -46.3591925799847 1.94999994710088
      endloop
   endfacet
   facet normal 0.365170163198867 -0.930438235264818 0.0305850006801236
      outer loop
         vertex 15.9243326634169 -47.3963655531406 3.89999989420176
         vertex 18.730329349637 -46.3591925799847 1.94999994710088
         vertex 20.5643549561501 -45.5752909183502 3.89999989420176
      endloop
   endfacet
   facet normal 0.406689380048053 -0.913438389667528 -0.0152989031542957
      outer loop
         vertex 20.5643549561501 -45.5752909183502 3.89999989420176
         vertex 18.730329349637 -46.3591925799847 1.94999994710088
         vertex 21.9185575842857 -44.9397005140781 1.94999994710088
      endloop
   endfacet
   facet normal 0.456047040857149 -0.889553155633539 0.0267634046386257
      outer loop
         vertex 20.5643549561501 -45.5752909183502 3.89999989420176
         vertex 21.9185575842857 -44.9397005140781 1.94999994710088
         vertex 25.000000372529 -43.3012694120407 3.89999989420176
      endloop
   endfacet
   facet normal 0.46947132331427 -0.882947720188205 0
      outer loop
         vertex 25.000000372529 -43.3012694120407 3.89999989420176
         vertex 21.9185575842857 -44.9397005140781 1.94999994710088
         vertex 25.000000372529 -43.3012694120407 1.94999994710088
      endloop
   endfacet
   facet normal 0.529919155834671 -0.848048163891338 0
      outer loop
         vertex 25.000000372529 -43.3012694120407 3.89999989420176
         vertex 25.000000372529 -43.3012694120407 1.94999994710088
         vertex 27.9596447944641 -41.4518788456917 1.94999994710088
      endloop
   endfacet
   facet normal 0.529876100869838 -0.847979228257053 0.0127493596526021
      outer loop
         vertex 27.9596447944641 -41.4518788456917 1.94999994710088
         vertex 25.000000372529 -43.3012694120407 1.94999994710088
         vertex 27.1273124963045 -42.0012958347797 0
      endloop
   endfacet
   facet normal 0.583621945968192 -0.811769380258648 -0.0203935641512873
      outer loop
         vertex 27.9596447944641 -41.4518788456917 1.94999994710088
         vertex 27.1273124963045 -42.0012958347797 0
         vertex 31.1744902282953 -39.0915758907795 0
      endloop
   endfacet
   facet normal 0.270784502722702 -0.962423940043256 0.0203939382374972
      outer loop
         vertex 15.9243326634169 -47.3963655531406 3.89999989420176
         vertex 11.126047000289 -48.746395856142 3.89999989420176
         vertex 12.0960948988795 -48.5147871077061 1.94999994710088
      endloop
   endfacet
   facet normal 0.207894684887675 -0.978068122752564 -0.0127494019753531
      outer loop
         vertex 12.0960948988795 -48.5147871077061 1.94999994710088
         vertex 11.126047000289 -48.746395856142 3.89999989420176
         vertex 8.68240930140018 -49.2403879761696 1.94999994710088
      endloop
   endfacet
   facet normal 0.207911580434017 -0.978147624196588 1.35106681159674E-08
      outer loop
         vertex 12.0960948988795 -48.5147871077061 1.94999994710088
         vertex 8.68240930140018 -49.2403879761696 1.94999994710088
         vertex 8.68240930140018 -49.2403879761696 0
      endloop
   endfacet
   facet normal 0.139173070193243 -0.990268073065565 0
      outer loop
         vertex 8.68240930140018 -49.2403879761696 0
         vertex 8.68240930140018 -49.2403879761696 1.94999994710088
         vertex 5.22642303258181 -49.7260950505733 1.94999994710088
      endloop
   endfacet
   facet normal 0.124299216055288 -0.991883776794976 -0.0267633745812458
      outer loop
         vertex 8.68240930140018 -49.2403879761696 0
         vertex 5.22642303258181 -49.7260950505733 1.94999994710088
         vertex 3.7365045864135 -49.8601906001568 0
      endloop
   endfacet
   facet normal 0.0697486340517026 -0.997447272892998 0.0152992106411519
      outer loop
         vertex 3.7365045864135 -49.8601906001568 0
         vertex 5.22642303258181 -49.7260950505733 1.94999994710088
         vertex 1.74497487023473 -49.9695427715778 1.94999994710088
      endloop
   endfacet
   facet normal 0.0249188282276448 -0.999221506464296 -0.0305848495007624
      outer loop
         vertex 3.7365045864135 -49.8601906001568 0
         vertex 1.74497487023473 -49.9695427715778 1.94999994710088
         vertex -1.2465346371755 -49.9844588339329 0
      endloop
   endfacet
   facet normal 4.32630672400526E-11 -0.999970745673229 0.00764903900669452
      outer loop
         vertex -1.2465346371755 -49.9844588339329 0
         vertex 1.74497487023473 -49.9695427715778 1.94999994710088
         vertex -1.74497487023473 -49.9695427715778 1.94999994710088
      endloop
   endfacet
   facet normal -0.0697531799930557 -0.997512138293963 -0.0101994037600891
      outer loop
         vertex -1.2465346371755 -49.9844588339329 0
         vertex -1.74497487023473 -49.9695427715778 1.94999994710088
         vertex -5.22642303258181 -49.7260950505733 1.94999994710088
      endloop
   endfacet
   facet normal -0.0697486373183131 -0.997447272664365 -0.0152992106547298
      outer loop
         vertex -5.22642303258181 -49.7260950505733 1.94999994710088
         vertex -1.74497487023473 -49.9695427715778 1.94999994710088
         vertex -3.7365045864135 -49.8601906001568 3.89999989420176
      endloop
   endfacet
   facet normal -0.124299238154635 -0.991883774780911 0.0267633465872238
      outer loop
         vertex -5.22642303258181 -49.7260950505733 1.94999994710088
         vertex -3.7365045864135 -49.8601906001568 3.89999989420176
         vertex -8.68240930140018 -49.2403879761696 3.89999989420176
      endloop
   endfacet
   facet normal 0.173559847952887 -0.984307904787086 0.0318579307587296
      outer loop
         vertex 11.126047000289 -48.746395856142 3.89999989420176
         vertex 6.21718540787697 -49.6119596064091 3.89999989420176
         vertex 8.68240930140018 -49.2403879761696 1.94999994710088
      endloop
   endfacet
   facet normal 0.139161759827019 -0.990187590874574 -0.0127490972172016
      outer loop
         vertex 8.68240930140018 -49.2403879761696 1.94999994710088
         vertex 6.21718540787697 -49.6119596064091 3.89999989420176
         vertex 5.22642303258181 -49.7260950505733 1.94999994710088
      endloop
   endfacet
   facet normal 0.0747146376651571 -0.996996394365317 0.0203939339295492
      outer loop
         vertex 6.21718540787697 -49.6119596064091 3.89999989420176
         vertex 1.2465346371755 -49.9844588339329 3.89999989420176
         vertex 5.22642303258181 -49.7260950505733 1.94999994710088
      endloop
   endfacet
   facet normal 0.0697531758490988 -0.997512138637547 0.0101993984975413
      outer loop
         vertex 5.22642303258181 -49.7260950505733 1.94999994710088
         vertex 1.2465346371755 -49.9844588339329 3.89999989420176
         vertex 1.74497487023473 -49.9695427715778 1.94999994710088
      endloop
   endfacet
   facet normal 0 -0.999970745673229 -0.00764903900669452
      outer loop
         vertex 1.74497487023473 -49.9695427715778 1.94999994710088
         vertex 1.2465346371755 -49.9844588339329 3.89999989420176
         vertex -1.74497487023473 -49.9695427715778 1.94999994710088
      endloop
   endfacet
   facet normal -0.0249188263647367 -0.99922150645375 0.0305848513630847
      outer loop
         vertex -1.74497487023473 -49.9695427715778 1.94999994710088
         vertex 1.2465346371755 -49.9844588339329 3.89999989420176
         vertex -3.7365045864135 -49.8601906001568 3.89999989420176
      endloop
   endfacet
   facet normal -0.456047040569476 -0.889553153599378 -0.0267634771512289
      outer loop
         vertex -25.000000372529 -43.3012694120407 0
         vertex -20.5643549561501 -45.5752909183502 0
         vertex -21.9185575842857 -44.9397005140781 1.94999994710088
      endloop
   endfacet
   facet normal -0.40668933304424 -0.913438410637028 0.0152989006445623
      outer loop
         vertex -21.9185575842857 -44.9397005140781 1.94999994710088
         vertex -20.5643549561501 -45.5752909183502 0
         vertex -18.730329349637 -46.3591925799847 1.94999994710088
      endloop
   endfacet
   facet normal -0.40671581024723 -0.913497805479302 0.0101984841736111
      outer loop
         vertex -21.9185575842857 -44.9397005140781 1.94999994710088
         vertex -18.730329349637 -46.3591925799847 1.94999994710088
         vertex -18.2670503854752 -46.543687582016 3.89999989420176
      endloop
   endfacet
   facet normal -0.342009807101824 -0.939665242842593 -0.00765004834915076
      outer loop
         vertex -18.2670503854752 -46.543687582016 3.89999989420176
         vertex -18.730329349637 -46.3591925799847 1.94999994710088
         vertex -15.4508501291275 -47.5528240203857 1.94999994710088
      endloop
   endfacet
   facet normal -0.318337765505973 -0.947483888844749 0.0305834503007109
      outer loop
         vertex -18.2670503854752 -46.543687582016 3.89999989420176
         vertex -15.4508501291275 -47.5528240203857 1.94999994710088
         vertex -13.5420234873891 -48.1312125921249 3.89999989420176
      endloop
   endfacet
   facet normal -0.27560577209675 -0.961148991687644 -0.0152994825004202
      outer loop
         vertex -13.5420234873891 -48.1312125921249 3.89999989420176
         vertex -15.4508501291275 -47.5528240203857 1.94999994710088
         vertex -12.0960948988795 -48.5147871077061 1.94999994710088
      endloop
   endfacet
   facet normal -0.222441254554835 -0.974578672073427 0.0267637854510144
      outer loop
         vertex -13.5420234873891 -48.1312125921249 3.89999989420176
         vertex -12.0960948988795 -48.5147871077061 1.94999994710088
         vertex -8.68240930140018 -49.2403879761696 3.89999989420176
      endloop
   endfacet
   facet normal -0.207911580434017 -0.978147624196588 0
      outer loop
         vertex -8.68240930140018 -49.2403879761696 3.89999989420176
         vertex -12.0960948988795 -48.5147871077061 1.94999994710088
         vertex -8.68240930140018 -49.2403879761696 1.94999994710088
      endloop
   endfacet
   facet normal -0.139173070193243 -0.990268073065565 0
      outer loop
         vertex -8.68240930140018 -49.2403879761696 3.89999989420176
         vertex -8.68240930140018 -49.2403879761696 1.94999994710088
         vertex -5.22642303258181 -49.7260950505733 1.94999994710088
      endloop
   endfacet
   facet normal -0.139161751620332 -0.990187592085594 0.0127490927400678
      outer loop
         vertex -5.22642303258181 -49.7260950505733 1.94999994710088
         vertex -8.68240930140018 -49.2403879761696 1.94999994710088
         vertex -6.21718540787697 -49.6119596064091 0
      endloop
   endfacet
   facet normal -0.0747146450741464 -0.996996393810321 -0.0203939339181966
      outer loop
         vertex -5.22642303258181 -49.7260950505733 1.94999994710088
         vertex -6.21718540787697 -49.6119596064091 0
         vertex -1.2465346371755 -49.9844588339329 0
      endloop
   endfacet
   facet normal -0.411201625639772 -0.911316274659995 0.0203929058997847
      outer loop
         vertex -18.2670503854752 -46.543687582016 3.89999989420176
         vertex -22.8105336427689 -44.4935895502567 3.89999989420176
         vertex -21.9185575842857 -44.9397005140781 1.94999994710088
      endloop
   endfacet
   facet normal -0.469433149066424 -0.882875957394153 -0.0127499965858183
      outer loop
         vertex -21.9185575842857 -44.9397005140781 1.94999994710088
         vertex -22.8105336427689 -44.4935895502567 3.89999989420176
         vertex -25.000000372529 -43.3012694120407 1.94999994710088
      endloop
   endfacet
   facet normal -0.46947132331427 -0.882947720188205 -1.26348324100541E-08
      outer loop
         vertex -21.9185575842857 -44.9397005140781 1.94999994710088
         vertex -25.000000372529 -43.3012694120407 1.94999994710088
         vertex -25.000000372529 -43.3012694120407 0
      endloop
   endfacet
   facet normal -0.529919155834671 -0.848048163891338 0
      outer loop
         vertex -25.000000372529 -43.3012694120407 0
         vertex -25.000000372529 -43.3012694120407 1.94999994710088
         vertex -27.9596447944641 -41.4518788456917 1.94999994710088
      endloop
   endfacet
   facet normal -0.542352039106201 -0.839724926773961 -0.0267640249553551
      outer loop
         vertex -25.000000372529 -43.3012694120407 0
         vertex -27.9596447944641 -41.4518788456917 1.94999994710088
         vertex -29.1871838271618 -40.5968986451626 0
      endloop
   endfacet
   facet normal -0.587716644818247 -0.808922179543167 0.0152987857921529
      outer loop
         vertex -29.1871838271618 -40.5968986451626 0
         vertex -27.9596447944641 -41.4518788456917 1.94999994710088
         vertex -30.7830739766359 -39.4005365669727 1.94999994710088
      endloop
   endfacet
   facet normal -0.623197923008787 -0.781465900361006 -0.0305842333645231
      outer loop
         vertex -29.1871838271618 -40.5968986451626 0
         vertex -30.7830739766359 -39.4005365669727 1.94999994710088
         vertex -33.0842919647694 -37.4890603125095 0
      endloop
   endfacet
   facet normal -0.642768637028222 -0.766022164319862 0.00765003422195759
      outer loop
         vertex -33.0842919647694 -37.4890603125095 0
         vertex -30.7830739766359 -39.4005365669727 1.94999994710088
         vertex -33.4565304219723 -37.1572412550449 1.94999994710088
      endloop
   endfacet
   facet normal -0.694622400452751 -0.719302240171459 -0.0101984348592966
      outer loop
         vertex -33.0842919647694 -37.4890603125095 0
         vertex -33.4565304219723 -37.1572412550449 1.94999994710088
         vertex -35.9669886529446 -34.7329191863537 1.94999994710088
      endloop
   endfacet
   facet normal -0.694577135724465 -0.719255544050449 -0.0152991791116544
      outer loop
         vertex -35.9669886529446 -34.7329191863537 1.94999994710088
         vertex -33.4565304219723 -37.1572412550449 1.94999994710088
         vertex -34.9118411540985 -35.7933416962624 3.89999989420176
      endloop
   endfacet
   facet normal -0.732789518081964 -0.679928840721887 0.0267636646181715
      outer loop
         vertex -35.9669886529446 -34.7329191863537 1.94999994710088
         vertex -34.9118411540985 -35.7933416962624 3.89999989420176
         vertex -38.3022204041481 -32.1393795311451 3.89999989420176
      endloop
   endfacet
   facet normal -0.499746257625375 -0.865585794629377 0.0318576541079708
      outer loop
         vertex -22.8105336427689 -44.4935895502567 3.89999989420176
         vertex -27.1273124963045 -42.0012958347797 3.89999989420176
         vertex -25.000000372529 -43.3012694120407 1.94999994710088
      endloop
   endfacet
   facet normal -0.529876084775811 -0.847979238283971 -0.0127493616308347
      outer loop
         vertex -25.000000372529 -43.3012694120407 1.94999994710088
         vertex -27.1273124963045 -42.0012958347797 3.89999989420176
         vertex -27.9596447944641 -41.4518788456917 1.94999994710088
      endloop
   endfacet
   facet normal -0.583621946079039 -0.811769380412827 0.0203935548419354
      outer loop
         vertex -27.1273124963045 -42.0012958347797 3.89999989420176
         vertex -31.1744902282953 -39.0915758907795 3.89999989420176
         vertex -27.9596447944641 -41.4518788456917 1.94999994710088
      endloop
   endfacet
   facet normal -0.587754881649514 -0.80897479248085 0.0101972656987657
      outer loop
         vertex -27.9596447944641 -41.4518788456917 1.94999994710088
         vertex -31.1744902282953 -39.0915758907795 3.89999989420176
         vertex -30.7830739766359 -39.4005365669727 1.94999994710088
      endloop
   endfacet
   facet normal -0.642768632487372 -0.766022158908286 -0.00765095757426239
      outer loop
         vertex -30.7830739766359 -39.4005365669727 1.94999994710088
         vertex -31.1744902282953 -39.0915758907795 3.89999989420176
         vertex -33.4565304219723 -37.1572412550449 1.94999994710088
      endloop
   endfacet
   facet normal -0.661376600346849 -0.749430185091341 0.0305841492868998
      outer loop
         vertex -33.4565304219723 -37.1572412550449 1.94999994710088
         vertex -31.1744902282953 -39.0915758907795 3.89999989420176
         vertex -34.9118411540985 -35.7933416962624 3.89999989420176
      endloop
   endfacet
   facet normal -0.921145982230947 -0.38829592150258 -0.0267648419432309
      outer loop
         vertex -46.9846315681934 -17.1010065823793 0
         vertex -45.0484417378902 -21.6941870748997 0
         vertex -45.6772744655609 -20.3368328511715 1.94999994710088
      endloop
   endfacet
   facet normal -0.898688614165053 -0.438320368429168 0.0152980191598484
      outer loop
         vertex -45.6772744655609 -20.3368328511715 1.94999994710088
         vertex -45.0484417378902 -21.6941870748997 0
         vertex -44.1473796963692 -23.4735775738955 1.94999994710088
      endloop
   endfacet
   facet normal -0.898747066189865 -0.438348819828143 0.0101991749854905
      outer loop
         vertex -45.6772744655609 -20.3368328511715 1.94999994710088
         vertex -44.1473796963692 -23.4735775738955 1.94999994710088
         vertex -43.9110770821571 -23.9126980304718 3.89999989420176
      endloop
   endfacet
   facet normal -0.866000175426327 -0.499985188217052 -0.00764903426126409
      outer loop
         vertex -43.9110770821571 -23.9126980304718 3.89999989420176
         vertex -44.1473796963692 -23.4735775738955 1.94999994710088
         vertex -42.4024052917957 -26.4959633350372 1.94999994710088
      endloop
   endfacet
   facet normal -0.852891860499145 -0.521190976600425 0.0305849669707563
      outer loop
         vertex -43.9110770821571 -23.9126980304718 3.89999989420176
         vertex -42.4024052917957 -26.4959633350372 1.94999994710088
         vertex -41.31193831563 -28.1660035252571 3.89999989420176
      endloop
   endfacet
   facet normal -0.828940310273961 -0.559127793006024 -0.0152994474123338
      outer loop
         vertex -41.31193831563 -28.1660035252571 3.89999989420176
         vertex -42.4024052917957 -26.4959633350372 1.94999994710088
         vertex -40.4508486390114 -29.3892621994019 1.94999994710088
      endloop
   endfacet
   facet normal -0.796846708924588 -0.603588477881932 0.0267632554863076
      outer loop
         vertex -41.31193831563 -28.1660035252571 3.89999989420176
         vertex -40.4508486390114 -29.3892621994019 1.94999994710088
         vertex -38.3022204041481 -32.1393795311451 3.89999989420176
      endloop
   endfacet
   facet normal -0.78801059469729 -0.615661678720402 0
      outer loop
         vertex -38.3022204041481 -32.1393795311451 3.89999989420176
         vertex -40.4508486390114 -29.3892621994019 1.94999994710088
         vertex -38.3022204041481 -32.1393795311451 1.94999994710088
      endloop
   endfacet
   facet normal -0.743145065136475 -0.669130340190388 0
      outer loop
         vertex -38.3022204041481 -32.1393795311451 3.89999989420176
         vertex -38.3022204041481 -32.1393795311451 1.94999994710088
         vertex -35.9669886529446 -34.7329191863537 1.94999994710088
      endloop
   endfacet
   facet normal -0.743084623172192 -0.669075978184171 0.0127506165315814
      outer loop
         vertex -35.9669886529446 -34.7329191863537 1.94999994710088
         vertex -38.3022204041481 -32.1393795311451 1.94999994710088
         vertex -36.6525948047638 -34.0086370706558 0
      endloop
   endfacet
   facet normal -0.6980915057941 -0.715718089340914 -0.0203927959906798
      outer loop
         vertex -35.9669886529446 -34.7329191863537 1.94999994710088
         vertex -36.6525948047638 -34.0086370706558 0
         vertex -33.0842919647694 -37.4890603125095 0
      endloop
   endfacet
   facet normal -0.900781405859788 -0.433793611640478 0.0203951307221609
      outer loop
         vertex -43.9110770821571 -23.9126980304718 3.89999989420176
         vertex -46.0738092660904 -19.4217395037413 3.89999989420176
         vertex -45.6772744655609 -20.3368328511715 1.94999994710088
      endloop
   endfacet
   facet normal -0.927108673882109 -0.374575745630176 -0.0127482390216987
      outer loop
         vertex -45.6772744655609 -20.3368328511715 1.94999994710088
         vertex -46.0738092660904 -19.4217395037413 3.89999989420176
         vertex -46.9846315681934 -17.1010065823793 1.94999994710088
      endloop
   endfacet
   facet normal -0.927184010367742 -0.374606207794785 2.83436783352012E-08
      outer loop
         vertex -45.6772744655609 -20.3368328511715 1.94999994710088
         vertex -46.9846315681934 -17.1010065823793 1.94999994710088
         vertex -46.9846315681934 -17.1010065823793 0
      endloop
   endfacet
   facet normal -0.951056565632929 -0.309016842528848 0
      outer loop
         vertex -46.9846315681934 -17.1010065823793 0
         vertex -46.9846315681934 -17.1010065823793 1.94999994710088
         vertex -48.0630844831467 -13.7818679213524 1.94999994710088
      endloop
   endfacet
   facet normal -0.955230557522882 -0.294649440817654 -0.0267635760011231
      outer loop
         vertex -46.9846315681934 -17.1010065823793 0
         vertex -48.0630844831467 -13.7818679213524 1.94999994710088
         vertex -48.453863710165 -12.33786996454 0
      endloop
   endfacet
   facet normal -0.970182110759293 -0.241893810510594 0.015298901898778
      outer loop
         vertex -48.453863710165 -12.33786996454 0
         vertex -48.0630844831467 -13.7818679213524 1.94999994710088
         vertex -48.9073805510998 -10.395584627986 1.94999994710088
      endloop
   endfacet
   facet normal -0.979713885258988 -0.198053755944874 -0.0305845187450462
      outer loop
         vertex -48.453863710165 -12.33786996454 0
         vertex -48.9073805510998 -10.395584627986 1.94999994710088
         vertex -49.4415424764156 -7.45211308822036 0
      endloop
   endfacet
   facet normal -0.984778962840292 -0.173642922375391 0.00765048077783748
      outer loop
         vertex -49.4415424764156 -7.45211308822036 0
         vertex -48.9073805510998 -10.395584627986 1.94999994710088
         vertex -49.513403326273 -6.95865508168936 1.94999994710088
      endloop
   endfacet
   facet normal -0.994470181344456 -0.104523025690993 -0.0101978192338
      outer loop
         vertex -49.4415424764156 -7.45211308822036 0
         vertex -49.513403326273 -6.95865508168936 1.94999994710088
         vertex -49.8782023787498 -3.48782376386225 1.94999994710088
      endloop
   endfacet
   facet normal -0.994405495464292 -0.104516229201681 -0.0152992948817346
      outer loop
         vertex -49.8782023787498 -3.48782376386225 1.94999994710088
         vertex -49.513403326273 -6.95865508168936 1.94999994710088
         vertex -49.7515387833118 -4.97839227318764 3.89999989420176
      endloop
   endfacet
   facet normal -0.998399156860785 -0.0498281763741475 0.0267633409517814
      outer loop
         vertex -49.8782023787498 -3.48782376386225 1.94999994710088
         vertex -49.7515387833118 -4.97839227318764 3.89999989420176
         vertex -50.0000007450581 -6.12323384933553E-15 3.89999989420176
      endloop
   endfacet
   facet normal -0.939215557375696 -0.341846740287145 0.0318581691017177
      outer loop
         vertex -46.0738092660904 -19.4217395037413 3.89999989420176
         vertex -47.7786399424076 -14.7377587854862 3.89999989420176
         vertex -46.9846315681934 -17.1010065823793 1.94999994710088
      endloop
   endfacet
   facet normal -0.950979260971947 -0.308991739370652 -0.0127495177143411
      outer loop
         vertex -46.9846315681934 -17.1010065823793 1.94999994710088
         vertex -47.7786399424076 -14.7377587854862 3.89999989420176
         vertex -48.0630844831467 -13.7818679213524 1.94999994710088
      endloop
   endfacet
   facet normal -0.968875809952073 -0.246705826162373 0.0203936320270847
      outer loop
         vertex -47.7786399424076 -14.7377587854862 3.89999989420176
         vertex -49.0086227655411 -9.90730710327625 3.89999989420176
         vertex -48.0630844831467 -13.7818679213524 1.94999994710088
      endloop
   endfacet
   facet normal -0.97024520116712 -0.241909523528671 0.0101996097133989
      outer loop
         vertex -48.0630844831467 -13.7818679213524 1.94999994710088
         vertex -49.0086227655411 -9.90730710327625 3.89999989420176
         vertex -48.9073805510998 -10.395584627986 1.94999994710088
      endloop
   endfacet
   facet normal -0.984778976883663 -0.173642914341717 -0.00764885526603022
      outer loop
         vertex -48.9073805510998 -10.395584627986 1.94999994710088
         vertex -49.0086227655411 -9.90730710327625 3.89999989420176
         vertex -49.513403326273 -6.95865508168936 1.94999994710088
      endloop
   endfacet
   facet normal -0.98836818403111 -0.148972873510343 0.0305845672376866
      outer loop
         vertex -49.513403326273 -6.95865508168936 1.94999994710088
         vertex -49.0086227655411 -9.90730710327625 3.89999989420176
         vertex -49.7515387833118 -4.97839227318764 3.89999989420176
      endloop
   endfacet
   facet normal 0.988368183693277 0.148972873459422 -0.0305845784031037
      outer loop
         vertex 49.7515387833118 4.97839227318764 0
         vertex 49.0086227655411 9.90730710327625 0
         vertex 49.513403326273 6.95865508168936 1.94999994710088
      endloop
   endfacet
   facet normal 0.984778975002311 0.173642924519881 0.00764886642458154
      outer loop
         vertex 49.513403326273 6.95865508168936 1.94999994710088
         vertex 49.0086227655411 9.90730710327625 0
         vertex 48.9073805510998 10.395584627986 1.94999994710088
      endloop
   endfacet
   facet normal 0.969013564681001 0.246740905633413 -0.0114733147530508
      outer loop
         vertex 49.0086227655411 9.90730710327625 0
         vertex 47.7786399424076 14.7377587854862 0
         vertex 48.9073805510998 10.395584627986 1.94999994710088
      endloop
   endfacet
   facet normal 0.97004033422813 0.241858470670536 -0.0229397065257651
      outer loop
         vertex 48.9073805510998 10.395584627986 1.94999994710088
         vertex 47.7786399424076 14.7377587854862 0
         vertex 48.0630844831467 13.7818679213524 1.94999994710088
      endloop
   endfacet
   facet normal 0.950979267022489 0.308991721969879 0.0127494881253569
      outer loop
         vertex 48.0630844831467 13.7818679213524 1.94999994710088
         vertex 47.7786399424076 14.7377587854862 0
         vertex 46.9846315681934 17.1010065823793 1.94999994710088
      endloop
   endfacet
   facet normal 0.939215556706894 0.34184674004372 -0.0318581914307742
      outer loop
         vertex 46.9846315681934 17.1010065823793 1.94999994710088
         vertex 47.7786399424076 14.7377587854862 0
         vertex 46.0738092660904 19.4217395037413 0
      endloop
   endfacet
   facet normal 0.661376566701376 0.749430214506637 -0.03058415607527
      outer loop
         vertex 34.9118411540985 35.7933416962624 0
         vertex 31.1744902282953 39.0915758907795 0
         vertex 33.4565304219723 37.1572412550449 1.94999994710088
      endloop
   endfacet
   facet normal 0.642768632253788 0.766022158629911 0.00765100506893412
      outer loop
         vertex 33.4565304219723 37.1572412550449 1.94999994710088
         vertex 31.1744902282953 39.0915758907795 0
         vertex 30.7830739766359 39.4005365669727 1.94999994710088
      endloop
   endfacet
   facet normal 0.583704904004822 0.811884841581192 -0.0114712271098151
      outer loop
         vertex 31.1744902282953 39.0915758907795 0
         vertex 27.1273124963045 42.0012958347797 0
         vertex 30.7830739766359 39.4005365669727 1.94999994710088
      endloop
   endfacet
   facet normal 0.587630741728566 0.808803965919632 -0.022940272191289
      outer loop
         vertex 30.7830739766359 39.4005365669727 1.94999994710088
         vertex 27.1273124963045 42.0012958347797 0
         vertex 27.9596447944641 41.4518788456917 1.94999994710088
      endloop
   endfacet
   facet normal 0.529876100869838 0.847979228257053 0.0127493596526021
      outer loop
         vertex 27.9596447944641 41.4518788456917 1.94999994710088
         vertex 27.1273124963045 42.0012958347797 0
         vertex 25.000000372529 43.3012694120407 1.94999994710088
      endloop
   endfacet
   facet normal 0.499746235562619 0.865585808034698 -0.0318576359748985
      outer loop
         vertex 25.000000372529 43.3012694120407 1.94999994710088
         vertex 27.1273124963045 42.0012958347797 0
         vertex 22.8105336427689 44.4935895502567 0
      endloop
   endfacet
   facet normal 0.0249188282276448 0.999221506464296 -0.0305848495007624
      outer loop
         vertex 3.7365045864135 49.8601906001568 0
         vertex -1.2465346371755 49.9844588339329 0
         vertex 1.74497487023473 49.9695427715778 1.94999994710088
      endloop
   endfacet
   facet normal 0 0.999970745669667 0.00764903947232857
      outer loop
         vertex 1.74497487023473 49.9695427715778 1.94999994710088
         vertex -1.2465346371755 49.9844588339329 0
         vertex -1.74497487023473 49.9695427715778 1.94999994710088
      endloop
   endfacet
   facet normal -0.0747252563764847 0.997138156014475 -0.0114731808806829
      outer loop
         vertex -1.2465346371755 49.9844588339329 0
         vertex -6.21718540787697 49.6119596064091 0
         vertex -1.74497487023473 49.9695427715778 1.94999994710088
      endloop
   endfacet
   facet normal -0.0697384437214688 0.997301509448639 -0.0229401115684623
      outer loop
         vertex -1.74497487023473 49.9695427715778 1.94999994710088
         vertex -6.21718540787697 49.6119596064091 0
         vertex -5.22642303258181 49.7260950505733 1.94999994710088
      endloop
   endfacet
   facet normal -0.139161751620332 0.990187592085594 0.0127490927400678
      outer loop
         vertex -5.22642303258181 49.7260950505733 1.94999994710088
         vertex -6.21718540787697 49.6119596064091 0
         vertex -8.68240930140018 49.2403879761696 1.94999994710088
      endloop
   endfacet
   facet normal -0.17355983774965 0.984307906526234 -0.0318579326111557
      outer loop
         vertex -8.68240930140018 49.2403879761696 1.94999994710088
         vertex -6.21718540787697 49.6119596064091 0
         vertex -11.126047000289 48.746395856142 0
      endloop
   endfacet
   facet normal -0.623197923008787 0.781465900361006 -0.0305842333645231
      outer loop
         vertex -29.1871838271618 40.5968986451626 0
         vertex -33.0842919647694 37.4890603125095 0
         vertex -30.7830739766359 39.4005365669727 1.94999994710088
      endloop
   endfacet
   facet normal -0.642768642556239 0.766022159478465 0.00765005453311095
      outer loop
         vertex -30.7830739766359 39.4005365669727 1.94999994710088
         vertex -33.0842919647694 37.4890603125095 0
         vertex -33.4565304219723 37.1572412550449 1.94999994710088
      endloop
   endfacet
   facet normal -0.698190759232748 0.715819846470193 -0.0114721890408341
      outer loop
         vertex -33.0842919647694 37.4890603125095 0
         vertex -36.6525948047638 34.0086370706558 0
         vertex -33.4565304219723 37.1572412550449 1.94999994710088
      endloop
   endfacet
   facet normal -0.694475662555445 0.719150436189813 -0.0229391422284531
      outer loop
         vertex -33.4565304219723 37.1572412550449 1.94999994710088
         vertex -36.6525948047638 34.0086370706558 0
         vertex -35.9669886529446 34.7329191863537 1.94999994710088
      endloop
   endfacet
   facet normal -0.743084623172192 0.669075978184171 0.0127506165315814
      outer loop
         vertex -35.9669886529446 34.7329191863537 1.94999994710088
         vertex -36.6525948047638 34.0086370706558 0
         vertex -38.3022204041481 32.1393795311451 1.94999994710088
      endloop
   endfacet
   facet normal -0.765655934170893 0.642461001336206 -0.0318567454548731
      outer loop
         vertex -38.3022204041481 32.1393795311451 1.94999994710088
         vertex -36.6525948047638 34.0086370706558 0
         vertex -39.8566238582134 30.1902201026678 0
      endloop
   endfacet
   facet normal -0.979713885258988 0.198053755944874 -0.0305845187450462
      outer loop
         vertex -48.453863710165 12.33786996454 0
         vertex -49.4415424764156 7.45211308822036 0
         vertex -48.9073805510998 10.395584627986 1.94999994710088
      endloop
   endfacet
   facet normal -0.984778962798193 0.173642922367967 0.007650486365446
      outer loop
         vertex -48.9073805510998 10.395584627986 1.94999994710088
         vertex -49.4415424764156 7.45211308822036 0
         vertex -49.513403326273 6.95865508168936 1.94999994710088
      endloop
   endfacet
   facet normal -0.994965357866382 0.0995607061461325 -0.0114718105592287
      outer loop
         vertex -49.4415424764156 7.45211308822036 0
         vertex -49.9378442764282 2.49229418113828 0
         vertex -49.513403326273 6.95865508168936 1.94999994710088
      endloop
   endfacet
   facet normal -0.994260166767637 0.104500946739434 -0.0229406388261598
      outer loop
         vertex -49.513403326273 6.95865508168936 1.94999994710088
         vertex -49.9378442764282 2.49229418113828 0
         vertex -49.8782023787498 3.48782376386225 1.94999994710088
      endloop
   endfacet
   facet normal -0.999309600686464 0.0348969139608123 0.0127486223519111
      outer loop
         vertex -49.8782023787498 3.48782376386225 1.94999994710088
         vertex -49.9378442764282 2.49229418113828 0
         vertex -50.0000007450581 -6.12323384933553E-15 1.94999994710088
      endloop
   endfacet
   facet normal -0.999492375409242 0 -0.031858931224875
      outer loop
         vertex -50.0000007450581 -6.12323384933553E-15 1.94999994710088
         vertex -49.9378442764282 2.49229418113828 0
         vertex -49.9378442764282 -2.49229418113828 0
      endloop
   endfacet
   facet normal -0.877810773053431 -0.478030143436437 -0.0305847785258876
      outer loop
         vertex -45.0484417378902 -21.6941870748997 0
         vertex -42.6645427942276 -26.0717608034611 0
         vertex -44.1473796963692 -23.4735775738955 1.94999994710088
      endloop
   endfacet
   facet normal -0.866000160557391 -0.499985209434794 0.00764933075616762
      outer loop
         vertex -44.1473796963692 -23.4735775738955 1.94999994710088
         vertex -42.6645427942276 -26.0717608034611 0
         vertex -42.4024052917957 -26.4959633350372 1.94999994710088
      endloop
   endfacet
   facet normal -0.828994188623694 -0.559164208577893 -0.0101991702408591
      outer loop
         vertex -42.4024052917957 -26.4959633350372 1.94999994710088
         vertex -42.6645427942276 -26.0717608034611 0
         vertex -40.4508486390114 -29.3892621994019 1.94999994710088
      endloop
   endfacet
   facet normal -0.826066850812984 -0.563203036237703 -0.0203935764531755
      outer loop
         vertex -40.4508486390114 -29.3892621994019 1.94999994710088
         vertex -42.6645427942276 -26.0717608034611 0
         vertex -39.8566238582134 -30.1902201026678 0
      endloop
   endfacet
   facet normal -0.78794654307867 -0.61561164211734 0.0127495623440984
      outer loop
         vertex -40.4508486390114 -29.3892621994019 1.94999994710088
         vertex -39.8566238582134 -30.1902201026678 0
         vertex -38.3022204041481 -32.1393795311451 1.94999994710088
      endloop
   endfacet
   facet normal -0.765655934170893 -0.642461001336206 -0.0318567454548731
      outer loop
         vertex -38.3022204041481 -32.1393795311451 1.94999994710088
         vertex -39.8566238582134 -30.1902201026678 0
         vertex -36.6525948047638 -34.0086370706558 0
      endloop
   endfacet
   facet normal -0.365170111958525 -0.930438256576706 -0.0305849641277776
      outer loop
         vertex -20.5643549561501 -45.5752909183502 0
         vertex -15.9243326634169 -47.3963655531406 0
         vertex -18.730329349637 -46.3591925799847 1.94999994710088
      endloop
   endfacet
   facet normal -0.342009781364209 -0.939665254010297 0.00764982725095927
      outer loop
         vertex -18.730329349637 -46.3591925799847 1.94999994710088
         vertex -15.9243326634169 -47.3963655531406 0
         vertex -15.4508501291275 -47.5528240203857 1.94999994710088
      endloop
   endfacet
   facet normal -0.270823008419438 -0.962560796203821 -0.0114722152224556
      outer loop
         vertex -15.9243326634169 -47.3963655531406 0
         vertex -11.126047000289 -48.746395856142 0
         vertex -15.4508501291275 -47.5528240203857 1.94999994710088
      endloop
   endfacet
   facet normal -0.275565472253327 -0.961008538371578 -0.0229403504490205
      outer loop
         vertex -15.4508501291275 -47.5528240203857 1.94999994710088
         vertex -11.126047000289 -48.746395856142 0
         vertex -12.0960948988795 -48.5147871077061 1.94999994710088
      endloop
   endfacet
   facet normal -0.207894684887675 -0.978068122752564 0.0127494019753531
      outer loop
         vertex -12.0960948988795 -48.5147871077061 1.94999994710088
         vertex -11.126047000289 -48.746395856142 0
         vertex -8.68240930140018 -49.2403879761696 1.94999994710088
      endloop
   endfacet
   facet normal -0.17355983774965 -0.984307906526234 -0.0318579326111557
      outer loop
         vertex -8.68240930140018 -49.2403879761696 1.94999994710088
         vertex -11.126047000289 -48.746395856142 0
         vertex -6.21718540787697 -49.6119596064091 0
      endloop
   endfacet
   facet normal 0.318337738886996 -0.947483898319492 -0.0305834338427359
      outer loop
         vertex 13.5420234873891 -48.1312125921249 0
         vertex 18.2670503854752 -46.543687582016 0
         vertex 15.4508501291275 -47.5528240203857 1.94999994710088
      endloop
   endfacet
   facet normal 0.342009754567862 -0.939665262269157 0.0076500107887428
      outer loop
         vertex 15.4508501291275 -47.5528240203857 1.94999994710088
         vertex 18.2670503854752 -46.543687582016 0
         vertex 18.730329349637 -46.3591925799847 1.94999994710088
      endloop
   endfacet
   facet normal 0.41126006723602 -0.911445853477938 -0.0114722828982759
      outer loop
         vertex 18.2670503854752 -46.543687582016 0
         vertex 22.8105336427689 -44.4935895502567 0
         vertex 18.730329349637 -46.3591925799847 1.94999994710088
      endloop
   endfacet
   facet normal 0.406629948949413 -0.913304923036219 -0.0229390970878171
      outer loop
         vertex 18.730329349637 -46.3591925799847 1.94999994710088
         vertex 22.8105336427689 -44.4935895502567 0
         vertex 21.9185575842857 -44.9397005140781 1.94999994710088
      endloop
   endfacet
   facet normal 0.469433149066424 -0.882875957394153 0.0127499965858183
      outer loop
         vertex 21.9185575842857 -44.9397005140781 1.94999994710088
         vertex 22.8105336427689 -44.4935895502567 0
         vertex 25.000000372529 -43.3012694120407 1.94999994710088
      endloop
   endfacet
   facet normal 0.499746235562619 -0.865585808034698 -0.0318576359748985
      outer loop
         vertex 25.000000372529 -43.3012694120407 1.94999994710088
         vertex 22.8105336427689 -44.4935895502567 0
         vertex 27.1273124963045 -42.0012958347797 0
      endloop
   endfacet
   facet normal 0.852891851999658 -0.521190994587532 -0.0305848974732965
      outer loop
         vertex 41.31193831563 -28.1660035252571 0
         vertex 43.9110770821571 -23.9126980304718 0
         vertex 42.4024052917957 -26.4959633350372 1.94999994710088
      endloop
   endfacet
   facet normal 0.866000162522301 -0.499985210569235 0.00764903414728798
      outer loop
         vertex 42.4024052917957 -26.4959633350372 1.94999994710088
         vertex 43.9110770821571 -23.9126980304718 0
         vertex 44.1473796963692 -23.4735775738955 1.94999994710088
      endloop
   endfacet
   facet normal 0.900909530354173 -0.433855259271023 -0.011473104196198
      outer loop
         vertex 43.9110770821571 -23.9126980304718 0
         vertex 46.0738092660904 -19.4217395037413 0
         vertex 44.1473796963692 -23.4735775738955 1.94999994710088
      endloop
   endfacet
   facet normal 0.898557235594717 -0.438256287860105 -0.022941676300147
      outer loop
         vertex 44.1473796963692 -23.4735775738955 1.94999994710088
         vertex 46.0738092660904 -19.4217395037413 0
         vertex 45.6772744655609 -20.3368328511715 1.94999994710088
      endloop
   endfacet
   facet normal 0.927108673882109 -0.374575745630176 0.0127482390216987
      outer loop
         vertex 45.6772744655609 -20.3368328511715 1.94999994710088
         vertex 46.0738092660904 -19.4217395037413 0
         vertex 46.9846315681934 -17.1010065823793 1.94999994710088
      endloop
   endfacet
   facet normal 0.939215556706894 -0.34184674004372 -0.0318581914307742
      outer loop
         vertex 46.9846315681934 -17.1010065823793 1.94999994710088
         vertex 46.0738092660904 -19.4217395037413 0
         vertex 47.7786399424076 -14.7377587854862 0
      endloop
   endfacet
   facet normal 0 0 1
      outer loop
         vertex 48.453863710165 12.33786996454 3.89999989420176
         vertex 46.9846315681934 17.1010065823793 3.89999989420176
         vertex 46.5517230331898 15.5172413215041 3.89999989420176
      endloop
   endfacet
   facet normal 0 0 1
      outer loop
         vertex 46.5517230331898 15.5172413215041 3.89999989420176
         vertex 46.9846315681934 17.1010065823793 3.89999989420176
         vertex 43.1034490466118 15.5172413215041 3.89999989420176
      endloop
   endfacet
   facet normal 0 0 1
      outer loop
         vertex 46.5517230331898 15.5172413215041 3.89999989420176
         vertex 43.1034490466118 15.5172413215041 3.89999989420176
         vertex 46.5517230331898 12.068965472281 3.89999989420176
      endloop
   endfacet
   facet normal 0 0 1
      outer loop
         vertex 46.5517230331898 12.068965472281 3.89999989420176
         vertex 43.1034490466118 15.5172413215041 3.89999989420176
         vertex 43.1034490466118 12.068965472281 3.89999989420176
      endloop
   endfacet
   facet normal 0 0 1
      outer loop
         vertex 46.5517230331898 12.068965472281 3.89999989420176
         vertex 43.1034490466118 12.068965472281 3.89999989420176
         vertex 46.5517230331898 8.62068962305784 3.89999989420176
      endloop
   endfacet
   facet normal 0 0 1
      outer loop
         vertex 46.5517230331898 8.62068962305784 3.89999989420176
         vertex 43.1034490466118 12.068965472281 3.89999989420176
         vertex 43.1034490466118 8.62068962305784 3.89999989420176
      endloop
   endfacet
   facet normal 0 0 1
      outer loop
         vertex 46.5517230331898 8.62068962305784 3.89999989420176
         vertex 43.1034490466118 8.62068962305784 3.89999989420176
         vertex 46.5517230331898 5.17241377383471 3.89999989420176
      endloop
   endfacet
   facet normal 0 0 1
      outer loop
         vertex 46.5517230331898 5.17241377383471 3.89999989420176
         vertex 43.1034490466118 8.62068962305784 3.89999989420176
         vertex 43.1034490466118 5.17241377383471 3.89999989420176
      endloop
   endfacet
   facet normal 0 0 1
      outer loop
         vertex 46.5517230331898 5.17241377383471 3.89999989420176
         vertex 43.1034490466118 5.17241377383471 3.89999989420176
         vertex 46.5517230331898 1.72413792461157 3.89999989420176
      endloop
   endfacet
   facet normal 0 0 1
      outer loop
         vertex 46.5517230331898 1.72413792461157 3.89999989420176
         vertex 43.1034490466118 5.17241377383471 3.89999989420176
         vertex 43.1034490466118 1.72413792461157 3.89999989420176
      endloop
   endfacet
   facet normal 0 0 1
      outer loop
         vertex 46.5517230331898 1.72413792461157 3.89999989420176
         vertex 43.1034490466118 1.72413792461157 3.89999989420176
         vertex 46.5517230331898 -1.72413792461157 3.89999989420176
      endloop
   endfacet
   facet normal 0 0 1
      outer loop
         vertex 46.5517230331898 -1.72413792461157 3.89999989420176
         vertex 43.1034490466118 1.72413792461157 3.89999989420176
         vertex 43.1034490466118 -1.72413792461157 3.89999989420176
      endloop
   endfacet
   facet normal 0 0 1
      outer loop
         vertex 46.5517230331898 -1.72413792461157 3.89999989420176
         vertex 43.1034490466118 -1.72413792461157 3.89999989420176
         vertex 46.5517230331898 -5.17241377383471 3.89999989420176
      endloop
   endfacet
   facet normal 0 0 1
      outer loop
         vertex 46.5517230331898 -5.17241377383471 3.89999989420176
         vertex 43.1034490466118 -1.72413792461157 3.89999989420176
         vertex 43.1034490466118 -5.17241377383471 3.89999989420176
      endloop
   endfacet
   facet normal 0 0 1
      outer loop
         vertex 46.5517230331898 -5.17241377383471 3.89999989420176
         vertex 43.1034490466118 -5.17241377383471 3.89999989420176
         vertex 46.5517230331898 -8.62068962305784 3.89999989420176
      endloop
   endfacet
   facet normal 0 0 1
      outer loop
         vertex 46.5517230331898 -8.62068962305784 3.89999989420176
         vertex 43.1034490466118 -5.17241377383471 3.89999989420176
         vertex 43.1034490466118 -8.62068962305784 3.89999989420176
      endloop
   endfacet
   facet normal 0 0 1
      outer loop
         vertex 46.5517230331898 -8.62068962305784 3.89999989420176
         vertex 43.1034490466118 -8.62068962305784 3.89999989420176
         vertex 46.5517230331898 -12.068965472281 3.89999989420176
      endloop
   endfacet
   facet normal 0 0 1
      outer loop
         vertex 46.5517230331898 -12.068965472281 3.89999989420176
         vertex 43.1034490466118 -8.62068962305784 3.89999989420176
         vertex 43.1034490466118 -12.068965472281 3.89999989420176
      endloop
   endfacet
   facet normal 0 0 1
      outer loop
         vertex 46.5517230331898 -12.068965472281 3.89999989420176
         vertex 43.1034490466118 -12.068965472281 3.89999989420176
         vertex 46.5517230331898 -15.5172413215041 3.89999989420176
      endloop
   endfacet
   facet normal 0 0 1
      outer loop
         vertex 46.5517230331898 -15.5172413215041 3.89999989420176
         vertex 43.1034490466118 -12.068965472281 3.89999989420176
         vertex 43.1034490466118 -15.5172413215041 3.89999989420176
      endloop
   endfacet
   facet normal 0 0 1
      outer loop
         vertex 46.5517230331898 -15.5172413215041 3.89999989420176
         vertex 43.1034490466118 -15.5172413215041 3.89999989420176
         vertex 46.9846315681934 -17.1010065823793 3.89999989420176
      endloop
   endfacet
   facet normal 0 0 1
      outer loop
         vertex 46.9846315681934 -17.1010065823793 3.89999989420176
         vertex 43.1034490466118 -15.5172413215041 3.89999989420176
         vertex 43.1034490466118 -18.9655181020498 3.89999989420176
      endloop
   endfacet
   facet normal 0 0 1
      outer loop
         vertex 46.9846315681934 -17.1010065823793 3.89999989420176
         vertex 43.1034490466118 -18.9655181020498 3.89999989420176
         vertex 45.0484417378902 -21.6941870748997 3.89999989420176
      endloop
   endfacet
   facet normal 0 0 1
      outer loop
         vertex 45.0484417378902 -21.6941870748997 3.89999989420176
         vertex 43.1034490466118 -18.9655181020498 3.89999989420176
         vertex 43.1034490466118 -22.413793951273 3.89999989420176
      endloop
   endfacet
   facet normal 0 0 1
      outer loop
         vertex 45.0484417378902 -21.6941870748997 3.89999989420176
         vertex 43.1034490466118 -22.413793951273 3.89999989420176
         vertex 42.6645427942276 -26.0717608034611 3.89999989420176
      endloop
   endfacet
   facet normal 0 0 1
      outer loop
         vertex 42.6645427942276 -26.0717608034611 3.89999989420176
         vertex 43.1034490466118 -22.413793951273 3.89999989420176
         vertex 39.6551713347435 -22.413793951273 3.89999989420176
      endloop
   endfacet
   facet normal 0 0 1
      outer loop
         vertex 42.6645427942276 -26.0717608034611 3.89999989420176
         vertex 39.6551713347435 -22.413793951273 3.89999989420176
         vertex 39.6551713347435 -25.8620698004961 3.89999989420176
      endloop
   endfacet
   facet normal 0 0 1
      outer loop
         vertex 39.6551713347435 -25.8620698004961 3.89999989420176
         vertex 39.6551713347435 -22.413793951273 3.89999989420176
         vertex 36.2068973481655 -22.413793951273 3.89999989420176
      endloop
   endfacet
   facet normal 0 0 1
      outer loop
         vertex 39.6551713347435 -25.8620698004961 3.89999989420176
         vertex 36.2068973481655 -22.413793951273 3.89999989420176
         vertex 36.2068973481655 -25.8620698004961 3.89999989420176
      endloop
   endfacet
   facet normal 0 0 1
      outer loop
         vertex 36.2068973481655 -25.8620698004961 3.89999989420176
         vertex 36.2068973481655 -22.413793951273 3.89999989420176
         vertex 32.7586196362972 -22.413793951273 3.89999989420176
      endloop
   endfacet
   facet normal 0 0 1
      outer loop
         vertex 36.2068973481655 -25.8620698004961 3.89999989420176
         vertex 32.7586196362972 -22.413793951273 3.89999989420176
         vertex 32.7586196362972 -25.8620698004961 3.89999989420176
      endloop
   endfacet
   facet normal 0 0 1
      outer loop
         vertex 32.7586196362972 -25.8620698004961 3.89999989420176
         vertex 32.7586196362972 -22.413793951273 3.89999989420176
         vertex 29.3103456497192 -22.413793951273 3.89999989420176
      endloop
   endfacet
   facet normal 0 0 1
      outer loop
         vertex 32.7586196362972 -25.8620698004961 3.89999989420176
         vertex 29.3103456497192 -22.413793951273 3.89999989420176
         vertex 29.3103456497192 -25.8620698004961 3.89999989420176
      endloop
   endfacet
   facet normal 0 0 1
      outer loop
         vertex 29.3103456497192 -25.8620698004961 3.89999989420176
         vertex 29.3103456497192 -22.413793951273 3.89999989420176
         vertex 25.8620698004961 -22.413793951273 3.89999989420176
      endloop
   endfacet
   facet normal 0 0 1
      outer loop
         vertex 29.3103456497192 -25.8620698004961 3.89999989420176
         vertex 25.8620698004961 -22.413793951273 3.89999989420176
         vertex 25.8620698004961 -25.8620698004961 3.89999989420176
      endloop
   endfacet
   facet normal 0 0 1
      outer loop
         vertex 25.8620698004961 -25.8620698004961 3.89999989420176
         vertex 25.8620698004961 -22.413793951273 3.89999989420176
         vertex 22.413793951273 -22.413793951273 3.89999989420176
      endloop
   endfacet
   facet normal 0 0 1
      outer loop
         vertex 25.8620698004961 -25.8620698004961 3.89999989420176
         vertex 22.413793951273 -22.413793951273 3.89999989420176
         vertex 22.413793951273 -25.8620698004961 3.89999989420176
      endloop
   endfacet
   facet normal 0 0 1
      outer loop
         vertex 22.413793951273 -25.8620698004961 3.89999989420176
         vertex 22.413793951273 -22.413793951273 3.89999989420176
         vertex 18.9655181020498 -22.413793951273 3.89999989420176
      endloop
   endfacet
   facet normal 0 0 1
      outer loop
         vertex 22.413793951273 -25.8620698004961 3.89999989420176
         vertex 18.9655181020498 -22.413793951273 3.89999989420176
         vertex 18.9655181020498 -25.8620698004961 3.89999989420176
      endloop
   endfacet
   facet normal 0 0 1
      outer loop
         vertex 18.9655181020498 -25.8620698004961 3.89999989420176
         vertex 18.9655181020498 -22.413793951273 3.89999989420176
         vertex 15.5172413215041 -22.413793951273 3.89999989420176
      endloop
   endfacet
   facet normal 0 0 1
      outer loop
         vertex 18.9655181020498 -25.8620698004961 3.89999989420176
         vertex 15.5172413215041 -22.413793951273 3.89999989420176
         vertex 15.5172413215041 -25.8620698004961 3.89999989420176
      endloop
   endfacet
   facet normal 0 0 1
      outer loop
         vertex 15.5172413215041 -25.8620698004961 3.89999989420176
         vertex 15.5172413215041 -22.413793951273 3.89999989420176
         vertex 12.068965472281 -22.413793951273 3.89999989420176
      endloop
   endfacet
   facet normal 0 0 1
      outer loop
         vertex 15.5172413215041 -25.8620698004961 3.89999989420176
         vertex 12.068965472281 -22.413793951273 3.89999989420176
         vertex 12.068965472281 -25.8620698004961 3.89999989420176
      endloop
   endfacet
   facet normal 0 0 1
      outer loop
         vertex 12.068965472281 -25.8620698004961 3.89999989420176
         vertex 12.068965472281 -22.413793951273 3.89999989420176
         vertex 8.62068962305784 -22.413793951273 3.89999989420176
      endloop
   endfacet
   facet normal 0 0 1
      outer loop
         vertex 12.068965472281 -25.8620698004961 3.89999989420176
         vertex 8.62068962305784 -22.413793951273 3.89999989420176
         vertex 8.62068962305784 -25.8620698004961 3.89999989420176
      endloop
   endfacet
   facet normal 0 0 1
      outer loop
         vertex 8.62068962305784 -25.8620698004961 3.89999989420176
         vertex 8.62068962305784 -22.413793951273 3.89999989420176
         vertex 5.17241377383471 -22.413793951273 3.89999989420176
      endloop
   endfacet
   facet normal 0 0 1
      outer loop
         vertex 8.62068962305784 -25.8620698004961 3.89999989420176
         vertex 5.17241377383471 -22.413793951273 3.89999989420176
         vertex 5.17241377383471 -25.8620698004961 3.89999989420176
      endloop
   endfacet
   facet normal 0 0 1
      outer loop
         vertex 5.17241377383471 -25.8620698004961 3.89999989420176
         vertex 5.17241377383471 -22.413793951273 3.89999989420176
         vertex 1.72413792461157 -22.413793951273 3.89999989420176
      endloop
   endfacet
   facet normal 0 0 1
      outer loop
         vertex 5.17241377383471 -25.8620698004961 3.89999989420176
         vertex 1.72413792461157 -22.413793951273 3.89999989420176
         vertex 1.72413792461157 -25.8620698004961 3.89999989420176
      endloop
   endfacet
   facet normal 0 0 1
      outer loop
         vertex 1.72413792461157 -25.8620698004961 3.89999989420176
         vertex 1.72413792461157 -22.413793951273 3.89999989420176
         vertex -1.72413792461157 -22.413793951273 3.89999989420176
      endloop
   endfacet
   facet normal 0 0 1
      outer loop
         vertex 1.72413792461157 -25.8620698004961 3.89999989420176
         vertex -1.72413792461157 -22.413793951273 3.89999989420176
         vertex -1.72413792461157 -25.8620698004961 3.89999989420176
      endloop
   endfacet
   facet normal 0 0 1
      outer loop
         vertex -1.72413792461157 -25.8620698004961 3.89999989420176
         vertex -1.72413792461157 -22.413793951273 3.89999989420176
         vertex -5.17241377383471 -22.413793951273 3.89999989420176
      endloop
   endfacet
   facet normal 0 0 1
      outer loop
         vertex -1.72413792461157 -25.8620698004961 3.89999989420176
         vertex -5.17241377383471 -22.413793951273 3.89999989420176
         vertex -5.17241377383471 -25.8620698004961 3.89999989420176
      endloop
   endfacet
   facet normal 0 0 1
      outer loop
         vertex -5.17241377383471 -25.8620698004961 3.89999989420176
         vertex -5.17241377383471 -22.413793951273 3.89999989420176
         vertex -8.62068962305784 -22.413793951273 3.89999989420176
      endloop
   endfacet
   facet normal 0 0 1
      outer loop
         vertex -5.17241377383471 -25.8620698004961 3.89999989420176
         vertex -8.62068962305784 -22.413793951273 3.89999989420176
         vertex -8.62068962305784 -25.8620698004961 3.89999989420176
      endloop
   endfacet
   facet normal 0 0 1
      outer loop
         vertex -8.62068962305784 -25.8620698004961 3.89999989420176
         vertex -8.62068962305784 -22.413793951273 3.89999989420176
         vertex -12.068965472281 -22.413793951273 3.89999989420176
      endloop
   endfacet
   facet normal 0 0 1
      outer loop
         vertex -8.62068962305784 -25.8620698004961 3.89999989420176
         vertex -12.068965472281 -22.413793951273 3.89999989420176
         vertex -12.068965472281 -25.8620698004961 3.89999989420176
      endloop
   endfacet
   facet normal 0 0 1
      outer loop
         vertex -12.068965472281 -25.8620698004961 3.89999989420176
         vertex -12.068965472281 -22.413793951273 3.89999989420176
         vertex -15.5172413215041 -22.413793951273 3.89999989420176
      endloop
   endfacet
   facet normal 0 0 1
      outer loop
         vertex -12.068965472281 -25.8620698004961 3.89999989420176
         vertex -15.5172413215041 -22.413793951273 3.89999989420176
         vertex -15.5172413215041 -25.8620698004961 3.89999989420176
      endloop
   endfacet
   facet normal 0 0 1
      outer loop
         vertex -15.5172413215041 -25.8620698004961 3.89999989420176
         vertex -15.5172413215041 -22.413793951273 3.89999989420176
         vertex -18.9655181020498 -22.413793951273 3.89999989420176
      endloop
   endfacet
   facet normal 0 0 1
      outer loop
         vertex -15.5172413215041 -25.8620698004961 3.89999989420176
         vertex -18.9655181020498 -22.413793951273 3.89999989420176
         vertex -18.9655181020498 -25.8620698004961 3.89999989420176
      endloop
   endfacet
   facet normal 0 0 1
      outer loop
         vertex -18.9655181020498 -25.8620698004961 3.89999989420176
         vertex -18.9655181020498 -22.413793951273 3.89999989420176
         vertex -22.413793951273 -22.413793951273 3.89999989420176
      endloop
   endfacet
   facet normal 0 0 1
      outer loop
         vertex -18.9655181020498 -25.8620698004961 3.89999989420176
         vertex -22.413793951273 -22.413793951273 3.89999989420176
         vertex -22.413793951273 -25.8620698004961 3.89999989420176
      endloop
   endfacet
   facet normal 0 0 1
      outer loop
         vertex -22.413793951273 -25.8620698004961 3.89999989420176
         vertex -22.413793951273 -22.413793951273 3.89999989420176
         vertex -25.8620698004961 -22.413793951273 3.89999989420176
      endloop
   endfacet
   facet normal 0 0 1
      outer loop
         vertex -22.413793951273 -25.8620698004961 3.89999989420176
         vertex -25.8620698004961 -22.413793951273 3.89999989420176
         vertex -25.8620698004961 -25.8620698004961 3.89999989420176
      endloop
   endfacet
   facet normal 0 0 1
      outer loop
         vertex -25.8620698004961 -25.8620698004961 3.89999989420176
         vertex -25.8620698004961 -22.413793951273 3.89999989420176
         vertex -29.3103456497192 -22.413793951273 3.89999989420176
      endloop
   endfacet
   facet normal 0 0 1
      outer loop
         vertex -25.8620698004961 -25.8620698004961 3.89999989420176
         vertex -29.3103456497192 -22.413793951273 3.89999989420176
         vertex -29.3103456497192 -25.8620698004961 3.89999989420176
      endloop
   endfacet
   facet normal 0 0 1
      outer loop
         vertex -29.3103456497192 -25.8620698004961 3.89999989420176
         vertex -29.3103456497192 -22.413793951273 3.89999989420176
         vertex -32.7586196362972 -22.413793951273 3.89999989420176
      endloop
   endfacet
   facet normal 0 0 1
      outer loop
         vertex -29.3103456497192 -25.8620698004961 3.89999989420176
         vertex -32.7586196362972 -22.413793951273 3.89999989420176
         vertex -32.7586196362972 -25.8620698004961 3.89999989420176
      endloop
   endfacet
   facet normal 0 0 1
      outer loop
         vertex -32.7586196362972 -25.8620698004961 3.89999989420176
         vertex -32.7586196362972 -22.413793951273 3.89999989420176
         vertex -36.2068973481655 -22.413793951273 3.89999989420176
      endloop
   endfacet
   facet normal 0 0 1
      outer loop
         vertex -32.7586196362972 -25.8620698004961 3.89999989420176
         vertex -36.2068973481655 -22.413793951273 3.89999989420176
         vertex -36.2068973481655 -25.8620698004961 3.89999989420176
      endloop
   endfacet
   facet normal 0 0 1
      outer loop
         vertex -36.2068973481655 -25.8620698004961 3.89999989420176
         vertex -36.2068973481655 -22.413793951273 3.89999989420176
         vertex -39.6551713347435 -22.413793951273 3.89999989420176
      endloop
   endfacet
   facet normal 0 0 1
      outer loop
         vertex -36.2068973481655 -25.8620698004961 3.89999989420176
         vertex -39.6551713347435 -22.413793951273 3.89999989420176
         vertex -39.6551713347435 -25.8620698004961 3.89999989420176
      endloop
   endfacet
   facet normal 0 0 1
      outer loop
         vertex -39.6551713347435 -25.8620698004961 3.89999989420176
         vertex -39.6551713347435 -22.413793951273 3.89999989420176
         vertex -43.1034490466118 -22.413793951273 3.89999989420176
      endloop
   endfacet
   facet normal 0 0 1
      outer loop
         vertex -39.6551713347435 -25.8620698004961 3.89999989420176
         vertex -43.1034490466118 -22.413793951273 3.89999989420176
         vertex -43.9110770821571 -23.9126980304718 3.89999989420176
      endloop
   endfacet
   facet normal 0 0 1
      outer loop
         vertex -43.9110770821571 -23.9126980304718 3.89999989420176
         vertex -43.1034490466118 -22.413793951273 3.89999989420176
         vertex -46.0738092660904 -19.4217395037413 3.89999989420176
      endloop
   endfacet
   facet normal 0 0 1
      outer loop
         vertex -18.9655181020498 -22.413793951273 3.89999989420176
         vertex -15.5172413215041 -22.413793951273 3.89999989420176
         vertex -18.9655181020498 -18.9655181020498 3.89999989420176
      endloop
   endfacet
   facet normal 0 0 1
      outer loop
         vertex -18.9655181020498 -18.9655181020498 3.89999989420176
         vertex -15.5172413215041 -22.413793951273 3.89999989420176
         vertex -15.5172413215041 -18.9655181020498 3.89999989420176
      endloop
   endfacet
   facet normal 0 0 1
      outer loop
         vertex -18.9655181020498 -18.9655181020498 3.89999989420176
         vertex -15.5172413215041 -18.9655181020498 3.89999989420176
         vertex -18.9655181020498 -15.5172413215041 3.89999989420176
      endloop
   endfacet
   facet normal 0 0 1
      outer loop
         vertex -18.9655181020498 -15.5172413215041 3.89999989420176
         vertex -15.5172413215041 -18.9655181020498 3.89999989420176
         vertex -15.5172413215041 -15.5172413215041 3.89999989420176
      endloop
   endfacet
   facet normal 0 0 1
      outer loop
         vertex -18.9655181020498 -15.5172413215041 3.89999989420176
         vertex -15.5172413215041 -15.5172413215041 3.89999989420176
         vertex -18.9655181020498 -12.068965472281 3.89999989420176
      endloop
   endfacet
   facet normal 0 0 1
      outer loop
         vertex -18.9655181020498 -12.068965472281 3.89999989420176
         vertex -15.5172413215041 -15.5172413215041 3.89999989420176
         vertex -15.5172413215041 -12.068965472281 3.89999989420176
      endloop
   endfacet
   facet normal 0 0 1
      outer loop
         vertex -18.9655181020498 -12.068965472281 3.89999989420176
         vertex -15.5172413215041 -12.068965472281 3.89999989420176
         vertex -18.9655181020498 -8.62068962305784 3.89999989420176
      endloop
   endfacet
   facet normal 0 0 1
      outer loop
         vertex -18.9655181020498 -8.62068962305784 3.89999989420176
         vertex -15.5172413215041 -12.068965472281 3.89999989420176
         vertex -15.5172413215041 -8.62068962305784 3.89999989420176
      endloop
   endfacet
   facet normal 0 0 1
      outer loop
         vertex -18.9655181020498 -8.62068962305784 3.89999989420176
         vertex -15.5172413215041 -8.62068962305784 3.89999989420176
         vertex -18.9655181020498 -5.17241377383471 3.89999989420176
      endloop
   endfacet
   facet normal 0 0 1
      outer loop
         vertex -18.9655181020498 -5.17241377383471 3.89999989420176
         vertex -15.5172413215041 -8.62068962305784 3.89999989420176
         vertex -15.5172413215041 -5.17241377383471 3.89999989420176
      endloop
   endfacet
   facet normal 0 0 1
      outer loop
         vertex -18.9655181020498 -5.17241377383471 3.89999989420176
         vertex -15.5172413215041 -5.17241377383471 3.89999989420176
         vertex -18.9655181020498 -1.72413792461157 3.89999989420176
      endloop
   endfacet
   facet normal 0 0 1
      outer loop
         vertex -18.9655181020498 -1.72413792461157 3.89999989420176
         vertex -15.5172413215041 -5.17241377383471 3.89999989420176
         vertex -15.5172413215041 -1.72413792461157 3.89999989420176
      endloop
   endfacet
   facet normal 0 0 1
      outer loop
         vertex -18.9655181020498 -1.72413792461157 3.89999989420176
         vertex -15.5172413215041 -1.72413792461157 3.89999989420176
         vertex -18.9655181020498 1.72413792461157 3.89999989420176
      endloop
   endfacet
   facet normal 0 0 1
      outer loop
         vertex -18.9655181020498 1.72413792461157 3.89999989420176
         vertex -15.5172413215041 -1.72413792461157 3.89999989420176
         vertex -15.5172413215041 1.72413792461157 3.89999989420176
      endloop
   endfacet
   facet normal 0 0 1
      outer loop
         vertex -18.9655181020498 1.72413792461157 3.89999989420176
         vertex -15.5172413215041 1.72413792461157 3.89999989420176
         vertex -18.9655181020498 5.17241377383471 3.89999989420176
      endloop
   endfacet
   facet normal 0 0 1
      outer loop
         vertex -18.9655181020498 5.17241377383471 3.89999989420176
         vertex -15.5172413215041 1.72413792461157 3.89999989420176
         vertex -15.5172413215041 5.17241377383471 3.89999989420176
      endloop
   endfacet
   facet normal 0 0 1
      outer loop
         vertex -18.9655181020498 5.17241377383471 3.89999989420176
         vertex -15.5172413215041 5.17241377383471 3.89999989420176
         vertex -18.9655181020498 8.62068962305784 3.89999989420176
      endloop
   endfacet
   facet normal 0 0 1
      outer loop
         vertex -18.9655181020498 8.62068962305784 3.89999989420176
         vertex -15.5172413215041 5.17241377383471 3.89999989420176
         vertex -15.5172413215041 8.62068962305784 3.89999989420176
      endloop
   endfacet
   facet normal 0 0 1
      outer loop
         vertex -18.9655181020498 8.62068962305784 3.89999989420176
         vertex -15.5172413215041 8.62068962305784 3.89999989420176
         vertex -18.9655181020498 12.068965472281 3.89999989420176
      endloop
   endfacet
   facet normal 0 0 1
      outer loop
         vertex -18.9655181020498 12.068965472281 3.89999989420176
         vertex -15.5172413215041 8.62068962305784 3.89999989420176
         vertex -15.5172413215041 12.068965472281 3.89999989420176
      endloop
   endfacet
   facet normal 0 0 1
      outer loop
         vertex -18.9655181020498 12.068965472281 3.89999989420176
         vertex -15.5172413215041 12.068965472281 3.89999989420176
         vertex -18.9655181020498 15.5172413215041 3.89999989420176
      endloop
   endfacet
   facet normal 0 0 1
      outer loop
         vertex -18.9655181020498 15.5172413215041 3.89999989420176
         vertex -15.5172413215041 12.068965472281 3.89999989420176
         vertex -15.5172413215041 15.5172413215041 3.89999989420176
      endloop
   endfacet
   facet normal 0 0 1
      outer loop
         vertex -18.9655181020498 15.5172413215041 3.89999989420176
         vertex -15.5172413215041 15.5172413215041 3.89999989420176
         vertex -18.9655181020498 18.9655181020498 3.89999989420176
      endloop
   endfacet
   facet normal 0 0 1
      outer loop
         vertex -18.9655181020498 18.9655181020498 3.89999989420176
         vertex -15.5172413215041 15.5172413215041 3.89999989420176
         vertex -15.5172413215041 18.9655181020498 3.89999989420176
      endloop
   endfacet
   facet normal 0 0 1
      outer loop
         vertex -18.9655181020498 18.9655181020498 3.89999989420176
         vertex -15.5172413215041 18.9655181020498 3.89999989420176
         vertex -18.9655181020498 22.413793951273 3.89999989420176
      endloop
   endfacet
   facet normal 0 0 1
      outer loop
         vertex -18.9655181020498 22.413793951273 3.89999989420176
         vertex -15.5172413215041 18.9655181020498 3.89999989420176
         vertex -15.5172413215041 22.413793951273 3.89999989420176
      endloop
   endfacet
   facet normal 0 0 1
      outer loop
         vertex -18.9655181020498 22.413793951273 3.89999989420176
         vertex -15.5172413215041 22.413793951273 3.89999989420176
         vertex -18.9655181020498 25.8620698004961 3.89999989420176
      endloop
   endfacet
   facet normal 0 0 1
      outer loop
         vertex -18.9655181020498 25.8620698004961 3.89999989420176
         vertex -15.5172413215041 22.413793951273 3.89999989420176
         vertex -15.5172413215041 25.8620698004961 3.89999989420176
      endloop
   endfacet
   facet normal 0 0 1
      outer loop
         vertex -18.9655181020498 25.8620698004961 3.89999989420176
         vertex -15.5172413215041 25.8620698004961 3.89999989420176
         vertex -18.9655181020498 29.3103456497192 3.89999989420176
      endloop
   endfacet
   facet normal 0 0 1
      outer loop
         vertex -18.9655181020498 29.3103456497192 3.89999989420176
         vertex -15.5172413215041 25.8620698004961 3.89999989420176
         vertex -15.5172413215041 29.3103456497192 3.89999989420176
      endloop
   endfacet
   facet normal 0 0 1
      outer loop
         vertex -18.9655181020498 29.3103456497192 3.89999989420176
         vertex -15.5172413215041 29.3103456497192 3.89999989420176
         vertex -18.9655181020498 32.7586196362972 3.89999989420176
      endloop
   endfacet
   facet normal 0 0 1
      outer loop
         vertex -18.9655181020498 32.7586196362972 3.89999989420176
         vertex -15.5172413215041 29.3103456497192 3.89999989420176
         vertex -15.5172413215041 32.7586196362972 3.89999989420176
      endloop
   endfacet
   facet normal 0 0 1
      outer loop
         vertex -18.9655181020498 32.7586196362972 3.89999989420176
         vertex -15.5172413215041 32.7586196362972 3.89999989420176
         vertex -18.9655181020498 36.2068973481655 3.89999989420176
      endloop
   endfacet
   facet normal 0 0 1
      outer loop
         vertex -18.9655181020498 36.2068973481655 3.89999989420176
         vertex -15.5172413215041 32.7586196362972 3.89999989420176
         vertex -15.5172413215041 36.2068973481655 3.89999989420176
      endloop
   endfacet
   facet normal 0 0 1
      outer loop
         vertex -18.9655181020498 36.2068973481655 3.89999989420176
         vertex -15.5172413215041 36.2068973481655 3.89999989420176
         vertex -18.9655181020498 39.6551713347435 3.89999989420176
      endloop
   endfacet
   facet normal 0 0 1
      outer loop
         vertex -18.9655181020498 39.6551713347435 3.89999989420176
         vertex -15.5172413215041 36.2068973481655 3.89999989420176
         vertex -15.5172413215041 39.6551713347435 3.89999989420176
      endloop
   endfacet
   facet normal 0 0 1
      outer loop
         vertex -18.9655181020498 39.6551713347435 3.89999989420176
         vertex -15.5172413215041 39.6551713347435 3.89999989420176
         vertex -18.9655181020498 43.1034490466118 3.89999989420176
      endloop
   endfacet
   facet normal 0 0 1
      outer loop
         vertex -18.9655181020498 43.1034490466118 3.89999989420176
         vertex -15.5172413215041 39.6551713347435 3.89999989420176
         vertex -15.5172413215041 43.1034490466118 3.89999989420176
      endloop
   endfacet
   facet normal 0 0 1
      outer loop
         vertex -18.9655181020498 43.1034490466118 3.89999989420176
         vertex -15.5172413215041 43.1034490466118 3.89999989420176
         vertex -18.2670503854752 46.543687582016 3.89999989420176
      endloop
   endfacet
   facet normal 0 0 1
      outer loop
         vertex -18.2670503854752 46.543687582016 3.89999989420176
         vertex -15.5172413215041 43.1034490466118 3.89999989420176
         vertex -15.5172413215041 46.5517230331898 3.89999989420176
      endloop
   endfacet
   facet normal 0 0 1
      outer loop
         vertex -18.2670503854752 46.543687582016 3.89999989420176
         vertex -15.5172413215041 46.5517230331898 3.89999989420176
         vertex -13.5420234873891 48.1312125921249 3.89999989420176
      endloop
   endfacet
   facet normal 0 0 1
      outer loop
         vertex -13.5420234873891 48.1312125921249 3.89999989420176
         vertex -15.5172413215041 46.5517230331898 3.89999989420176
         vertex -12.068965472281 46.5517230331898 3.89999989420176
      endloop
   endfacet
   facet normal 0 0 1
      outer loop
         vertex -13.5420234873891 48.1312125921249 3.89999989420176
         vertex -12.068965472281 46.5517230331898 3.89999989420176
         vertex -8.68240930140018 49.2403879761696 3.89999989420176
      endloop
   endfacet
   facet normal 0 0 1
      outer loop
         vertex -8.68240930140018 49.2403879761696 3.89999989420176
         vertex -12.068965472281 46.5517230331898 3.89999989420176
         vertex -8.62068962305784 46.5517230331898 3.89999989420176
      endloop
   endfacet
   facet normal 0 0 1
      outer loop
         vertex -8.68240930140018 49.2403879761696 3.89999989420176
         vertex -8.62068962305784 46.5517230331898 3.89999989420176
         vertex -5.17241377383471 46.5517230331898 3.89999989420176
      endloop
   endfacet
   facet normal 0 0 1
      outer loop
         vertex -5.17241377383471 46.5517230331898 3.89999989420176
         vertex -8.62068962305784 46.5517230331898 3.89999989420176
         vertex -5.17241377383471 43.1034490466118 3.89999989420176
      endloop
   endfacet
   facet normal 0 0 1
      outer loop
         vertex -5.17241377383471 46.5517230331898 3.89999989420176
         vertex -5.17241377383471 43.1034490466118 3.89999989420176
         vertex -1.72413792461157 43.1034490466118 3.89999989420176
      endloop
   endfacet
   facet normal 0 0 1
      outer loop
         vertex -1.72413792461157 43.1034490466118 3.89999989420176
         vertex -5.17241377383471 43.1034490466118 3.89999989420176
         vertex -1.72413792461157 39.6551713347435 3.89999989420176
      endloop
   endfacet
   facet normal 0 0 1
      outer loop
         vertex -1.72413792461157 43.1034490466118 3.89999989420176
         vertex -1.72413792461157 39.6551713347435 3.89999989420176
         vertex 1.72413792461157 39.6551713347435 3.89999989420176
      endloop
   endfacet
   facet normal 0 0 1
      outer loop
         vertex 1.72413792461157 39.6551713347435 3.89999989420176
         vertex -1.72413792461157 39.6551713347435 3.89999989420176
         vertex 1.72413792461157 36.2068973481655 3.89999989420176
      endloop
   endfacet
   facet normal 0 0 1
      outer loop
         vertex 1.72413792461157 39.6551713347435 3.89999989420176
         vertex 1.72413792461157 36.2068973481655 3.89999989420176
         vertex 5.17241377383471 36.2068973481655 3.89999989420176
      endloop
   endfacet
   facet normal 0 0 1
      outer loop
         vertex 5.17241377383471 36.2068973481655 3.89999989420176
         vertex 1.72413792461157 36.2068973481655 3.89999989420176
         vertex 5.17241377383471 32.7586196362972 3.89999989420176
      endloop
   endfacet
   facet normal 0 0 1
      outer loop
         vertex 5.17241377383471 36.2068973481655 3.89999989420176
         vertex 5.17241377383471 32.7586196362972 3.89999989420176
         vertex 8.62068962305784 32.7586196362972 3.89999989420176
      endloop
   endfacet
   facet normal 0 0 1
      outer loop
         vertex 8.62068962305784 32.7586196362972 3.89999989420176
         vertex 5.17241377383471 32.7586196362972 3.89999989420176
         vertex 8.62068962305784 29.3103456497192 3.89999989420176
      endloop
   endfacet
   facet normal 0 0 1
      outer loop
         vertex 8.62068962305784 32.7586196362972 3.89999989420176
         vertex 8.62068962305784 29.3103456497192 3.89999989420176
         vertex 12.068965472281 29.3103456497192 3.89999989420176
      endloop
   endfacet
   facet normal 0 0 1
      outer loop
         vertex 12.068965472281 29.3103456497192 3.89999989420176
         vertex 8.62068962305784 29.3103456497192 3.89999989420176
         vertex 12.068965472281 25.8620698004961 3.89999989420176
      endloop
   endfacet
   facet normal 0 0 1
      outer loop
         vertex 12.068965472281 29.3103456497192 3.89999989420176
         vertex 12.068965472281 25.8620698004961 3.89999989420176
         vertex 15.5172413215041 25.8620698004961 3.89999989420176
      endloop
   endfacet
   facet normal 0 0 1
      outer loop
         vertex 15.5172413215041 25.8620698004961 3.89999989420176
         vertex 12.068965472281 25.8620698004961 3.89999989420176
         vertex 15.5172413215041 22.413793951273 3.89999989420176
      endloop
   endfacet
   facet normal 0 0 1
      outer loop
         vertex 15.5172413215041 25.8620698004961 3.89999989420176
         vertex 15.5172413215041 22.413793951273 3.89999989420176
         vertex 18.9655181020498 22.413793951273 3.89999989420176
      endloop
   endfacet
   facet normal 0 0 1
      outer loop
         vertex 18.9655181020498 22.413793951273 3.89999989420176
         vertex 15.5172413215041 22.413793951273 3.89999989420176
         vertex 18.9655181020498 18.9655181020498 3.89999989420176
      endloop
   endfacet
   facet normal 0 0 1
      outer loop
         vertex 18.9655181020498 22.413793951273 3.89999989420176
         vertex 18.9655181020498 18.9655181020498 3.89999989420176
         vertex 22.413793951273 18.9655181020498 3.89999989420176
      endloop
   endfacet
   facet normal 0 0 1
      outer loop
         vertex 22.413793951273 18.9655181020498 3.89999989420176
         vertex 18.9655181020498 18.9655181020498 3.89999989420176
         vertex 22.413793951273 15.5172413215041 3.89999989420176
      endloop
   endfacet
   facet normal 0 0 1
      outer loop
         vertex 22.413793951273 18.9655181020498 3.89999989420176
         vertex 22.413793951273 15.5172413215041 3.89999989420176
         vertex 25.8620698004961 15.5172413215041 3.89999989420176
      endloop
   endfacet
   facet normal 0 0 1
      outer loop
         vertex 25.8620698004961 15.5172413215041 3.89999989420176
         vertex 22.413793951273 15.5172413215041 3.89999989420176
         vertex 25.8620698004961 12.068965472281 3.89999989420176
      endloop
   endfacet
   facet normal 0 0 1
      outer loop
         vertex 25.8620698004961 15.5172413215041 3.89999989420176
         vertex 25.8620698004961 12.068965472281 3.89999989420176
         vertex 29.3103456497192 12.068965472281 3.89999989420176
      endloop
   endfacet
   facet normal 0 0 1
      outer loop
         vertex 29.3103456497192 12.068965472281 3.89999989420176
         vertex 25.8620698004961 12.068965472281 3.89999989420176
         vertex 29.3103456497192 8.62068962305784 3.89999989420176
      endloop
   endfacet
   facet normal 0 0 1
      outer loop
         vertex 29.3103456497192 12.068965472281 3.89999989420176
         vertex 29.3103456497192 8.62068962305784 3.89999989420176
         vertex 32.7586196362972 8.62068962305784 3.89999989420176
      endloop
   endfacet
   facet normal 0 0 1
      outer loop
         vertex 32.7586196362972 8.62068962305784 3.89999989420176
         vertex 29.3103456497192 8.62068962305784 3.89999989420176
         vertex 32.7586196362972 5.17241377383471 3.89999989420176
      endloop
   endfacet
   facet normal 0 0 1
      outer loop
         vertex 32.7586196362972 8.62068962305784 3.89999989420176
         vertex 32.7586196362972 5.17241377383471 3.89999989420176
         vertex 36.2068973481655 5.17241377383471 3.89999989420176
      endloop
   endfacet
   facet normal 0 0 1
      outer loop
         vertex 36.2068973481655 5.17241377383471 3.89999989420176
         vertex 32.7586196362972 5.17241377383471 3.89999989420176
         vertex 36.2068973481655 1.72413792461157 3.89999989420176
      endloop
   endfacet
   facet normal 0 0 1
      outer loop
         vertex 36.2068973481655 5.17241377383471 3.89999989420176
         vertex 36.2068973481655 1.72413792461157 3.89999989420176
         vertex 39.6551713347435 1.72413792461157 3.89999989420176
      endloop
   endfacet
   facet normal 0 0 1
      outer loop
         vertex 39.6551713347435 1.72413792461157 3.89999989420176
         vertex 36.2068973481655 1.72413792461157 3.89999989420176
         vertex 39.6551713347435 -1.72413792461157 3.89999989420176
      endloop
   endfacet
   facet normal 0 0 1
      outer loop
         vertex 39.6551713347435 1.72413792461157 3.89999989420176
         vertex 39.6551713347435 -1.72413792461157 3.89999989420176
         vertex 43.1034490466118 -1.72413792461157 3.89999989420176
      endloop
   endfacet
   facet normal 0 0 1
      outer loop
         vertex 43.1034490466118 -1.72413792461157 3.89999989420176
         vertex 39.6551713347435 -1.72413792461157 3.89999989420176
         vertex 43.1034490466118 -5.17241377383471 3.89999989420176
      endloop
   endfacet
   facet normal 0 0 1
      outer loop
         vertex -32.7586196362972 -22.413793951273 3.89999989420176
         vertex -29.3103456497192 -22.413793951273 3.89999989420176
         vertex -32.7586196362972 -18.9655181020498 3.89999989420176
      endloop
   endfacet
   facet normal 0 0 1
      outer loop
         vertex -32.7586196362972 -18.9655181020498 3.89999989420176
         vertex -29.3103456497192 -22.413793951273 3.89999989420176
         vertex -29.3103456497192 -18.9655181020498 3.89999989420176
      endloop
   endfacet
   facet normal 0 0 1
      outer loop
         vertex -32.7586196362972 -18.9655181020498 3.89999989420176
         vertex -29.3103456497192 -18.9655181020498 3.89999989420176
         vertex -32.7586196362972 -15.5172413215041 3.89999989420176
      endloop
   endfacet
   facet normal 0 0 1
      outer loop
         vertex -32.7586196362972 -15.5172413215041 3.89999989420176
         vertex -29.3103456497192 -18.9655181020498 3.89999989420176
         vertex -29.3103456497192 -15.5172413215041 3.89999989420176
      endloop
   endfacet
   facet normal 0 0 1
      outer loop
         vertex -32.7586196362972 -15.5172413215041 3.89999989420176
         vertex -29.3103456497192 -15.5172413215041 3.89999989420176
         vertex -32.7586196362972 -12.068965472281 3.89999989420176
      endloop
   endfacet
   facet normal 0 0 1
      outer loop
         vertex -32.7586196362972 -12.068965472281 3.89999989420176
         vertex -29.3103456497192 -15.5172413215041 3.89999989420176
         vertex -29.3103456497192 -12.068965472281 3.89999989420176
      endloop
   endfacet
   facet normal 0 0 1
      outer loop
         vertex -32.7586196362972 -12.068965472281 3.89999989420176
         vertex -29.3103456497192 -12.068965472281 3.89999989420176
         vertex -32.7586196362972 -8.62068962305784 3.89999989420176
      endloop
   endfacet
   facet normal 0 0 1
      outer loop
         vertex -32.7586196362972 -8.62068962305784 3.89999989420176
         vertex -29.3103456497192 -12.068965472281 3.89999989420176
         vertex -29.3103456497192 -8.62068962305784 3.89999989420176
      endloop
   endfacet
   facet normal 0 0 1
      outer loop
         vertex -32.7586196362972 -8.62068962305784 3.89999989420176
         vertex -29.3103456497192 -8.62068962305784 3.89999989420176
         vertex -32.7586196362972 -5.17241377383471 3.89999989420176
      endloop
   endfacet
   facet normal 0 0 1
      outer loop
         vertex -32.7586196362972 -5.17241377383471 3.89999989420176
         vertex -29.3103456497192 -8.62068962305784 3.89999989420176
         vertex -29.3103456497192 -5.17241377383471 3.89999989420176
      endloop
   endfacet
   facet normal 0 0 1
      outer loop
         vertex -32.7586196362972 -5.17241377383471 3.89999989420176
         vertex -29.3103456497192 -5.17241377383471 3.89999989420176
         vertex -32.7586196362972 -1.72413792461157 3.89999989420176
      endloop
   endfacet
   facet normal 0 0 1
      outer loop
         vertex -32.7586196362972 -1.72413792461157 3.89999989420176
         vertex -29.3103456497192 -5.17241377383471 3.89999989420176
         vertex -29.3103456497192 -1.72413792461157 3.89999989420176
      endloop
   endfacet
   facet normal 0 0 1
      outer loop
         vertex -32.7586196362972 -1.72413792461157 3.89999989420176
         vertex -29.3103456497192 -1.72413792461157 3.89999989420176
         vertex -32.7586196362972 1.72413792461157 3.89999989420176
      endloop
   endfacet
   facet normal 0 0 1
      outer loop
         vertex -32.7586196362972 1.72413792461157 3.89999989420176
         vertex -29.3103456497192 -1.72413792461157 3.89999989420176
         vertex -29.3103456497192 1.72413792461157 3.89999989420176
      endloop
   endfacet
   facet normal 0 0 1
      outer loop
         vertex -32.7586196362972 1.72413792461157 3.89999989420176
         vertex -29.3103456497192 1.72413792461157 3.89999989420176
         vertex -32.7586196362972 5.17241377383471 3.89999989420176
      endloop
   endfacet
   facet normal 0 0 1
      outer loop
         vertex -32.7586196362972 5.17241377383471 3.89999989420176
         vertex -29.3103456497192 1.72413792461157 3.89999989420176
         vertex -29.3103456497192 5.17241377383471 3.89999989420176
      endloop
   endfacet
   facet normal 0 0 1
      outer loop
         vertex -32.7586196362972 5.17241377383471 3.89999989420176
         vertex -29.3103456497192 5.17241377383471 3.89999989420176
         vertex -32.7586196362972 8.62068962305784 3.89999989420176
      endloop
   endfacet
   facet normal 0 0 1
      outer loop
         vertex -32.7586196362972 8.62068962305784 3.89999989420176
         vertex -29.3103456497192 5.17241377383471 3.89999989420176
         vertex -29.3103456497192 8.62068962305784 3.89999989420176
      endloop
   endfacet
   facet normal 0 0 1
      outer loop
         vertex -32.7586196362972 8.62068962305784 3.89999989420176
         vertex -29.3103456497192 8.62068962305784 3.89999989420176
         vertex -32.7586196362972 12.068965472281 3.89999989420176
      endloop
   endfacet
   facet normal 0 0 1
      outer loop
         vertex -32.7586196362972 12.068965472281 3.89999989420176
         vertex -29.3103456497192 8.62068962305784 3.89999989420176
         vertex -29.3103456497192 12.068965472281 3.89999989420176
      endloop
   endfacet
   facet normal 0 0 1
      outer loop
         vertex -32.7586196362972 12.068965472281 3.89999989420176
         vertex -29.3103456497192 12.068965472281 3.89999989420176
         vertex -32.7586196362972 15.5172413215041 3.89999989420176
      endloop
   endfacet
   facet normal 0 0 1
      outer loop
         vertex -32.7586196362972 15.5172413215041 3.89999989420176
         vertex -29.3103456497192 12.068965472281 3.89999989420176
         vertex -29.3103456497192 15.5172413215041 3.89999989420176
      endloop
   endfacet
   facet normal 0 0 1
      outer loop
         vertex -32.7586196362972 15.5172413215041 3.89999989420176
         vertex -29.3103456497192 15.5172413215041 3.89999989420176
         vertex -32.7586196362972 18.9655181020498 3.89999989420176
      endloop
   endfacet
   facet normal 0 0 1
      outer loop
         vertex -32.7586196362972 18.9655181020498 3.89999989420176
         vertex -29.3103456497192 15.5172413215041 3.89999989420176
         vertex -29.3103456497192 18.9655181020498 3.89999989420176
      endloop
   endfacet
   facet normal 0 0 1
      outer loop
         vertex -32.7586196362972 18.9655181020498 3.89999989420176
         vertex -29.3103456497192 18.9655181020498 3.89999989420176
         vertex -32.7586196362972 22.413793951273 3.89999989420176
      endloop
   endfacet
   facet normal 0 0 1
      outer loop
         vertex -32.7586196362972 22.413793951273 3.89999989420176
         vertex -29.3103456497192 18.9655181020498 3.89999989420176
         vertex -29.3103456497192 22.413793951273 3.89999989420176
      endloop
   endfacet
   facet normal 0 0 1
      outer loop
         vertex -32.7586196362972 22.413793951273 3.89999989420176
         vertex -29.3103456497192 22.413793951273 3.89999989420176
         vertex -32.7586196362972 25.8620698004961 3.89999989420176
      endloop
   endfacet
   facet normal 0 0 1
      outer loop
         vertex -32.7586196362972 25.8620698004961 3.89999989420176
         vertex -29.3103456497192 22.413793951273 3.89999989420176
         vertex -29.3103456497192 25.8620698004961 3.89999989420176
      endloop
   endfacet
   facet normal 0 0 1
      outer loop
         vertex -32.7586196362972 25.8620698004961 3.89999989420176
         vertex -29.3103456497192 25.8620698004961 3.89999989420176
         vertex -32.7586196362972 29.3103456497192 3.89999989420176
      endloop
   endfacet
   facet normal 0 0 1
      outer loop
         vertex -32.7586196362972 29.3103456497192 3.89999989420176
         vertex -29.3103456497192 25.8620698004961 3.89999989420176
         vertex -29.3103456497192 29.3103456497192 3.89999989420176
      endloop
   endfacet
   facet normal 0 0 1
      outer loop
         vertex -32.7586196362972 29.3103456497192 3.89999989420176
         vertex -29.3103456497192 29.3103456497192 3.89999989420176
         vertex -32.7586196362972 32.7586196362972 3.89999989420176
      endloop
   endfacet
   facet normal 0 0 1
      outer loop
         vertex -32.7586196362972 32.7586196362972 3.89999989420176
         vertex -29.3103456497192 29.3103456497192 3.89999989420176
         vertex -29.3103456497192 32.7586196362972 3.89999989420176
      endloop
   endfacet
   facet normal 0 0 1
      outer loop
         vertex -32.7586196362972 32.7586196362972 3.89999989420176
         vertex -29.3103456497192 32.7586196362972 3.89999989420176
         vertex -32.7586196362972 36.2068973481655 3.89999989420176
      endloop
   endfacet
   facet normal 0 0 1
      outer loop
         vertex -32.7586196362972 36.2068973481655 3.89999989420176
         vertex -29.3103456497192 32.7586196362972 3.89999989420176
         vertex -29.3103456497192 36.2068973481655 3.89999989420176
      endloop
   endfacet
   facet normal 0 0 1
      outer loop
         vertex -32.7586196362972 36.2068973481655 3.89999989420176
         vertex -29.3103456497192 36.2068973481655 3.89999989420176
         vertex -31.1744902282953 39.0915758907795 3.89999989420176
      endloop
   endfacet
   facet normal 0 0 1
      outer loop
         vertex -31.1744902282953 39.0915758907795 3.89999989420176
         vertex -29.3103456497192 36.2068973481655 3.89999989420176
         vertex -29.3103456497192 39.6551713347435 3.89999989420176
      endloop
   endfacet
   facet normal 0 0 1
      outer loop
         vertex -31.1744902282953 39.0915758907795 3.89999989420176
         vertex -29.3103456497192 39.6551713347435 3.89999989420176
         vertex -27.1273124963045 42.0012958347797 3.89999989420176
      endloop
   endfacet
   facet normal 0 0 1
      outer loop
         vertex -27.1273124963045 42.0012958347797 3.89999989420176
         vertex -29.3103456497192 39.6551713347435 3.89999989420176
         vertex -25.8620698004961 39.6551713347435 3.89999989420176
      endloop
   endfacet
   facet normal 0 0 1
      outer loop
         vertex -27.1273124963045 42.0012958347797 3.89999989420176
         vertex -25.8620698004961 39.6551713347435 3.89999989420176
         vertex -22.413793951273 43.1034490466118 3.89999989420176
      endloop
   endfacet
   facet normal 0 0 1
      outer loop
         vertex -22.413793951273 43.1034490466118 3.89999989420176
         vertex -25.8620698004961 39.6551713347435 3.89999989420176
         vertex -22.413793951273 39.6551713347435 3.89999989420176
      endloop
   endfacet
   facet normal 0 0 1
      outer loop
         vertex -22.413793951273 43.1034490466118 3.89999989420176
         vertex -22.413793951273 39.6551713347435 3.89999989420176
         vertex -18.9655181020498 39.6551713347435 3.89999989420176
      endloop
   endfacet
   facet normal 0 0 1
      outer loop
         vertex -18.9655181020498 39.6551713347435 3.89999989420176
         vertex -22.413793951273 39.6551713347435 3.89999989420176
         vertex -18.9655181020498 36.2068973481655 3.89999989420176
      endloop
   endfacet
   facet normal 0 0 1
      outer loop
         vertex -31.1744902282953 39.0915758907795 3.89999989420176
         vertex -34.9118411540985 35.7933416962624 3.89999989420176
         vertex -32.7586196362972 36.2068973481655 3.89999989420176
      endloop
   endfacet
   facet normal 0 0 1
      outer loop
         vertex -32.7586196362972 36.2068973481655 3.89999989420176
         vertex -34.9118411540985 35.7933416962624 3.89999989420176
         vertex -32.7586196362972 32.7586196362972 3.89999989420176
      endloop
   endfacet
   facet normal 0 0 1
      outer loop
         vertex -32.7586196362972 32.7586196362972 3.89999989420176
         vertex -34.9118411540985 35.7933416962624 3.89999989420176
         vertex -36.2068973481655 32.7586196362972 3.89999989420176
      endloop
   endfacet
   facet normal 0 0 1
      outer loop
         vertex -36.2068973481655 32.7586196362972 3.89999989420176
         vertex -34.9118411540985 35.7933416962624 3.89999989420176
         vertex -38.3022204041481 32.1393795311451 3.89999989420176
      endloop
   endfacet
   facet normal 0 0 1
      outer loop
         vertex -36.2068973481655 32.7586196362972 3.89999989420176
         vertex -38.3022204041481 32.1393795311451 3.89999989420176
         vertex -36.2068973481655 29.3103456497192 3.89999989420176
      endloop
   endfacet
   facet normal 0 0 1
      outer loop
         vertex -36.2068973481655 29.3103456497192 3.89999989420176
         vertex -38.3022204041481 32.1393795311451 3.89999989420176
         vertex -39.6551713347435 29.3103456497192 3.89999989420176
      endloop
   endfacet
   facet normal 0 0 1
      outer loop
         vertex -36.2068973481655 29.3103456497192 3.89999989420176
         vertex -39.6551713347435 29.3103456497192 3.89999989420176
         vertex -36.2068973481655 25.8620698004961 3.89999989420176
      endloop
   endfacet
   facet normal 0 0 1
      outer loop
         vertex -36.2068973481655 25.8620698004961 3.89999989420176
         vertex -39.6551713347435 29.3103456497192 3.89999989420176
         vertex -39.6551713347435 25.8620698004961 3.89999989420176
      endloop
   endfacet
   facet normal 0 0 1
      outer loop
         vertex -36.2068973481655 25.8620698004961 3.89999989420176
         vertex -39.6551713347435 25.8620698004961 3.89999989420176
         vertex -36.2068973481655 22.413793951273 3.89999989420176
      endloop
   endfacet
   facet normal 0 0 1
      outer loop
         vertex -36.2068973481655 22.413793951273 3.89999989420176
         vertex -39.6551713347435 25.8620698004961 3.89999989420176
         vertex -39.6551713347435 22.413793951273 3.89999989420176
      endloop
   endfacet
   facet normal 0 0 1
      outer loop
         vertex -36.2068973481655 22.413793951273 3.89999989420176
         vertex -39.6551713347435 22.413793951273 3.89999989420176
         vertex -36.2068973481655 18.9655181020498 3.89999989420176
      endloop
   endfacet
   facet normal 0 0 1
      outer loop
         vertex -36.2068973481655 18.9655181020498 3.89999989420176
         vertex -39.6551713347435 22.413793951273 3.89999989420176
         vertex -39.6551713347435 18.9655181020498 3.89999989420176
      endloop
   endfacet
   facet normal 0 0 1
      outer loop
         vertex -36.2068973481655 18.9655181020498 3.89999989420176
         vertex -39.6551713347435 18.9655181020498 3.89999989420176
         vertex -36.2068973481655 15.5172413215041 3.89999989420176
      endloop
   endfacet
   facet normal 0 0 1
      outer loop
         vertex -36.2068973481655 15.5172413215041 3.89999989420176
         vertex -39.6551713347435 18.9655181020498 3.89999989420176
         vertex -39.6551713347435 15.5172413215041 3.89999989420176
      endloop
   endfacet
   facet normal 0 0 1
      outer loop
         vertex -36.2068973481655 15.5172413215041 3.89999989420176
         vertex -39.6551713347435 15.5172413215041 3.89999989420176
         vertex -36.2068973481655 12.068965472281 3.89999989420176
      endloop
   endfacet
   facet normal 0 0 1
      outer loop
         vertex -36.2068973481655 12.068965472281 3.89999989420176
         vertex -39.6551713347435 15.5172413215041 3.89999989420176
         vertex -39.6551713347435 12.068965472281 3.89999989420176
      endloop
   endfacet
   facet normal 0 0 1
      outer loop
         vertex -36.2068973481655 12.068965472281 3.89999989420176
         vertex -39.6551713347435 12.068965472281 3.89999989420176
         vertex -36.2068973481655 8.62068962305784 3.89999989420176
      endloop
   endfacet
   facet normal 0 0 1
      outer loop
         vertex -36.2068973481655 8.62068962305784 3.89999989420176
         vertex -39.6551713347435 12.068965472281 3.89999989420176
         vertex -39.6551713347435 8.62068962305784 3.89999989420176
      endloop
   endfacet
   facet normal 0 0 1
      outer loop
         vertex -36.2068973481655 8.62068962305784 3.89999989420176
         vertex -39.6551713347435 8.62068962305784 3.89999989420176
         vertex -36.2068973481655 5.17241377383471 3.89999989420176
      endloop
   endfacet
   facet normal 0 0 1
      outer loop
         vertex -36.2068973481655 5.17241377383471 3.89999989420176
         vertex -39.6551713347435 8.62068962305784 3.89999989420176
         vertex -39.6551713347435 5.17241377383471 3.89999989420176
      endloop
   endfacet
   facet normal 0 0 1
      outer loop
         vertex -36.2068973481655 5.17241377383471 3.89999989420176
         vertex -39.6551713347435 5.17241377383471 3.89999989420176
         vertex -36.2068973481655 1.72413792461157 3.89999989420176
      endloop
   endfacet
   facet normal 0 0 1
      outer loop
         vertex -36.2068973481655 1.72413792461157 3.89999989420176
         vertex -39.6551713347435 5.17241377383471 3.89999989420176
         vertex -39.6551713347435 1.72413792461157 3.89999989420176
      endloop
   endfacet
   facet normal 0 0 1
      outer loop
         vertex -36.2068973481655 1.72413792461157 3.89999989420176
         vertex -39.6551713347435 1.72413792461157 3.89999989420176
         vertex -36.2068973481655 -1.72413792461157 3.89999989420176
      endloop
   endfacet
   facet normal 0 0 1
      outer loop
         vertex -36.2068973481655 -1.72413792461157 3.89999989420176
         vertex -39.6551713347435 1.72413792461157 3.89999989420176
         vertex -39.6551713347435 -1.72413792461157 3.89999989420176
      endloop
   endfacet
   facet normal 0 0 1
      outer loop
         vertex -36.2068973481655 -1.72413792461157 3.89999989420176
         vertex -39.6551713347435 -1.72413792461157 3.89999989420176
         vertex -36.2068973481655 -5.17241377383471 3.89999989420176
      endloop
   endfacet
   facet normal 0 0 1
      outer loop
         vertex -36.2068973481655 -5.17241377383471 3.89999989420176
         vertex -39.6551713347435 -1.72413792461157 3.89999989420176
         vertex -39.6551713347435 -5.17241377383471 3.89999989420176
      endloop
   endfacet
   facet normal 0 0 1
      outer loop
         vertex -36.2068973481655 -5.17241377383471 3.89999989420176
         vertex -39.6551713347435 -5.17241377383471 3.89999989420176
         vertex -36.2068973481655 -8.62068962305784 3.89999989420176
      endloop
   endfacet
   facet normal 0 0 1
      outer loop
         vertex -36.2068973481655 -8.62068962305784 3.89999989420176
         vertex -39.6551713347435 -5.17241377383471 3.89999989420176
         vertex -39.6551713347435 -8.62068962305784 3.89999989420176
      endloop
   endfacet
   facet normal 0 0 1
      outer loop
         vertex -36.2068973481655 -8.62068962305784 3.89999989420176
         vertex -39.6551713347435 -8.62068962305784 3.89999989420176
         vertex -36.2068973481655 -12.068965472281 3.89999989420176
      endloop
   endfacet
   facet normal 0 0 1
      outer loop
         vertex -36.2068973481655 -12.068965472281 3.89999989420176
         vertex -39.6551713347435 -8.62068962305784 3.89999989420176
         vertex -39.6551713347435 -12.068965472281 3.89999989420176
      endloop
   endfacet
   facet normal 0 0 1
      outer loop
         vertex -36.2068973481655 -12.068965472281 3.89999989420176
         vertex -39.6551713347435 -12.068965472281 3.89999989420176
         vertex -36.2068973481655 -15.5172413215041 3.89999989420176
      endloop
   endfacet
   facet normal 0 0 1
      outer loop
         vertex -36.2068973481655 -15.5172413215041 3.89999989420176
         vertex -39.6551713347435 -12.068965472281 3.89999989420176
         vertex -39.6551713347435 -15.5172413215041 3.89999989420176
      endloop
   endfacet
   facet normal 0 0 1
      outer loop
         vertex -36.2068973481655 -15.5172413215041 3.89999989420176
         vertex -39.6551713347435 -15.5172413215041 3.89999989420176
         vertex -36.2068973481655 -18.9655181020498 3.89999989420176
      endloop
   endfacet
   facet normal 0 0 1
      outer loop
         vertex -36.2068973481655 -18.9655181020498 3.89999989420176
         vertex -39.6551713347435 -15.5172413215041 3.89999989420176
         vertex -39.6551713347435 -18.9655181020498 3.89999989420176
      endloop
   endfacet
   facet normal 0 0 1
      outer loop
         vertex -36.2068973481655 -18.9655181020498 3.89999989420176
         vertex -39.6551713347435 -18.9655181020498 3.89999989420176
         vertex -36.2068973481655 -22.413793951273 3.89999989420176
      endloop
   endfacet
   facet normal 0 0 1
      outer loop
         vertex -36.2068973481655 -22.413793951273 3.89999989420176
         vertex -39.6551713347435 -18.9655181020498 3.89999989420176
         vertex -39.6551713347435 -22.413793951273 3.89999989420176
      endloop
   endfacet
   facet normal 0 0 1
      outer loop
         vertex -38.3022204041481 32.1393795311451 3.89999989420176
         vertex -41.31193831563 28.1660035252571 3.89999989420176
         vertex -39.6551713347435 29.3103456497192 3.89999989420176
      endloop
   endfacet
   facet normal 0 0 1
      outer loop
         vertex -39.6551713347435 29.3103456497192 3.89999989420176
         vertex -41.31193831563 28.1660035252571 3.89999989420176
         vertex -39.6551713347435 25.8620698004961 3.89999989420176
      endloop
   endfacet
   facet normal 0 0 1
      outer loop
         vertex -39.6551713347435 -5.17241377383471 3.89999989420176
         vertex -39.6551713347435 -1.72413792461157 3.89999989420176
         vertex -43.1034490466118 -1.72413792461157 3.89999989420176
      endloop
   endfacet
   facet normal 0 0 1
      outer loop
         vertex -43.1034490466118 -1.72413792461157 3.89999989420176
         vertex -39.6551713347435 -1.72413792461157 3.89999989420176
         vertex -43.1034490466118 1.72413792461157 3.89999989420176
      endloop
   endfacet
   facet normal 0 0 1
      outer loop
         vertex -43.1034490466118 -1.72413792461157 3.89999989420176
         vertex -43.1034490466118 1.72413792461157 3.89999989420176
         vertex -46.5517230331898 1.72413792461157 3.89999989420176
      endloop
   endfacet
   facet normal 0 0 1
      outer loop
         vertex -46.5517230331898 1.72413792461157 3.89999989420176
         vertex -43.1034490466118 1.72413792461157 3.89999989420176
         vertex -46.5517230331898 5.17241377383471 3.89999989420176
      endloop
   endfacet
   facet normal 0 0 1
      outer loop
         vertex -46.5517230331898 1.72413792461157 3.89999989420176
         vertex -46.5517230331898 5.17241377383471 3.89999989420176
         vertex -49.7515387833118 4.97839227318764 3.89999989420176
      endloop
   endfacet
   facet normal 0 0 1
      outer loop
         vertex -49.7515387833118 4.97839227318764 3.89999989420176
         vertex -46.5517230331898 5.17241377383471 3.89999989420176
         vertex -46.5517230331898 8.62068962305784 3.89999989420176
      endloop
   endfacet
   facet normal 0 0 1
      outer loop
         vertex -49.7515387833118 4.97839227318764 3.89999989420176
         vertex -46.5517230331898 8.62068962305784 3.89999989420176
         vertex -49.0086227655411 9.90730710327625 3.89999989420176
      endloop
   endfacet
   facet normal 0 0 1
      outer loop
         vertex -49.0086227655411 9.90730710327625 3.89999989420176
         vertex -46.5517230331898 8.62068962305784 3.89999989420176
         vertex -46.5517230331898 12.068965472281 3.89999989420176
      endloop
   endfacet
   facet normal 0 0 1
      outer loop
         vertex -49.0086227655411 9.90730710327625 3.89999989420176
         vertex -46.5517230331898 12.068965472281 3.89999989420176
         vertex -47.7786399424076 14.7377587854862 3.89999989420176
      endloop
   endfacet
   facet normal 0 0 1
      outer loop
         vertex -47.7786399424076 14.7377587854862 3.89999989420176
         vertex -46.5517230331898 12.068965472281 3.89999989420176
         vertex -46.5517230331898 15.5172413215041 3.89999989420176
      endloop
   endfacet
   facet normal 0 0 1
      outer loop
         vertex -47.7786399424076 14.7377587854862 3.89999989420176
         vertex -46.5517230331898 15.5172413215041 3.89999989420176
         vertex -46.0738092660904 19.4217395037413 3.89999989420176
      endloop
   endfacet
   facet normal 0 0 1
      outer loop
         vertex -46.0738092660904 19.4217395037413 3.89999989420176
         vertex -46.5517230331898 15.5172413215041 3.89999989420176
         vertex -43.1034490466118 18.9655181020498 3.89999989420176
      endloop
   endfacet
   facet normal 0 0 1
      outer loop
         vertex -46.0738092660904 19.4217395037413 3.89999989420176
         vertex -43.1034490466118 18.9655181020498 3.89999989420176
         vertex -43.1034490466118 22.413793951273 3.89999989420176
      endloop
   endfacet
   facet normal 0 0 1
      outer loop
         vertex -43.1034490466118 22.413793951273 3.89999989420176
         vertex -43.1034490466118 18.9655181020498 3.89999989420176
         vertex -39.6551713347435 18.9655181020498 3.89999989420176
      endloop
   endfacet
   facet normal 0 0 1
      outer loop
         vertex -43.1034490466118 22.413793951273 3.89999989420176
         vertex -39.6551713347435 18.9655181020498 3.89999989420176
         vertex -39.6551713347435 22.413793951273 3.89999989420176
      endloop
   endfacet
   facet normal 0 0 1
      outer loop
         vertex 39.8566238582134 -30.1902201026678 3.89999989420176
         vertex 42.6645427942276 -26.0717608034611 3.89999989420176
         vertex 39.6551713347435 -29.3103456497192 3.89999989420176
      endloop
   endfacet
   facet normal 0 0 1
      outer loop
         vertex 39.6551713347435 -29.3103456497192 3.89999989420176
         vertex 42.6645427942276 -26.0717608034611 3.89999989420176
         vertex 39.6551713347435 -25.8620698004961 3.89999989420176
      endloop
   endfacet
   facet normal 0 0 1
      outer loop
         vertex 39.6551713347435 -29.3103456497192 3.89999989420176
         vertex 39.6551713347435 -25.8620698004961 3.89999989420176
         vertex 36.2068973481655 -25.8620698004961 3.89999989420176
      endloop
   endfacet
   facet normal 0 0 1
      outer loop
         vertex 46.5517230331898 -12.068965472281 3.89999989420176
         vertex 46.5517230331898 -15.5172413215041 3.89999989420176
         vertex 48.453863710165 -12.33786996454 3.89999989420176
      endloop
   endfacet
   facet normal 0 0 1
      outer loop
         vertex 48.453863710165 -12.33786996454 3.89999989420176
         vertex 46.5517230331898 -15.5172413215041 3.89999989420176
         vertex 46.9846315681934 -17.1010065823793 3.89999989420176
      endloop
   endfacet
   facet normal 0 0 1
      outer loop
         vertex -49.0086227655411 -9.90730710327625 3.89999989420176
         vertex -47.7786399424076 -14.7377587854862 3.89999989420176
         vertex -46.5517230331898 -12.068965472281 3.89999989420176
      endloop
   endfacet
   facet normal 0 0 1
      outer loop
         vertex -46.5517230331898 -12.068965472281 3.89999989420176
         vertex -47.7786399424076 -14.7377587854862 3.89999989420176
         vertex -46.5517230331898 -15.5172413215041 3.89999989420176
      endloop
   endfacet
   facet normal 0 0 1
      outer loop
         vertex -46.5517230331898 -12.068965472281 3.89999989420176
         vertex -46.5517230331898 -15.5172413215041 3.89999989420176
         vertex -43.1034490466118 -15.5172413215041 3.89999989420176
      endloop
   endfacet
   facet normal 0 0 1
      outer loop
         vertex -43.1034490466118 -15.5172413215041 3.89999989420176
         vertex -46.5517230331898 -15.5172413215041 3.89999989420176
         vertex -43.1034490466118 -18.9655181020498 3.89999989420176
      endloop
   endfacet
   facet normal 0 0 1
      outer loop
         vertex -43.1034490466118 -15.5172413215041 3.89999989420176
         vertex -43.1034490466118 -18.9655181020498 3.89999989420176
         vertex -39.6551713347435 -18.9655181020498 3.89999989420176
      endloop
   endfacet
   facet normal 0 0 1
      outer loop
         vertex -39.6551713347435 -18.9655181020498 3.89999989420176
         vertex -43.1034490466118 -18.9655181020498 3.89999989420176
         vertex -39.6551713347435 -22.413793951273 3.89999989420176
      endloop
   endfacet
   facet normal 0 0 1
      outer loop
         vertex -49.7515387833118 -4.97839227318764 3.89999989420176
         vertex -49.0086227655411 -9.90730710327625 3.89999989420176
         vertex -46.5517230331898 -8.62068962305784 3.89999989420176
      endloop
   endfacet
   facet normal 0 0 1
      outer loop
         vertex -46.5517230331898 -8.62068962305784 3.89999989420176
         vertex -49.0086227655411 -9.90730710327625 3.89999989420176
         vertex -46.5517230331898 -12.068965472281 3.89999989420176
      endloop
   endfacet
   facet normal 0 0 1
      outer loop
         vertex -46.5517230331898 -8.62068962305784 3.89999989420176
         vertex -46.5517230331898 -12.068965472281 3.89999989420176
         vertex -43.1034490466118 -12.068965472281 3.89999989420176
      endloop
   endfacet
   facet normal 0 0 1
      outer loop
         vertex -43.1034490466118 -12.068965472281 3.89999989420176
         vertex -46.5517230331898 -12.068965472281 3.89999989420176
         vertex -43.1034490466118 -15.5172413215041 3.89999989420176
      endloop
   endfacet
   facet normal 0 0 1
      outer loop
         vertex -43.1034490466118 -12.068965472281 3.89999989420176
         vertex -43.1034490466118 -15.5172413215041 3.89999989420176
         vertex -39.6551713347435 -15.5172413215041 3.89999989420176
      endloop
   endfacet
   facet normal 0 0 1
      outer loop
         vertex -39.6551713347435 -15.5172413215041 3.89999989420176
         vertex -43.1034490466118 -15.5172413215041 3.89999989420176
         vertex -39.6551713347435 -18.9655181020498 3.89999989420176
      endloop
   endfacet
   facet normal 0 0 1
      outer loop
         vertex 46.5517230331898 -5.17241377383471 3.89999989420176
         vertex 46.5517230331898 -8.62068962305784 3.89999989420176
         vertex 49.4415424764156 -7.45211308822036 3.89999989420176
      endloop
   endfacet
   facet normal 0 0 1
      outer loop
         vertex 49.4415424764156 -7.45211308822036 3.89999989420176
         vertex 46.5517230331898 -8.62068962305784 3.89999989420176
         vertex 48.453863710165 -12.33786996454 3.89999989420176
      endloop
   endfacet
   facet normal 0 0 1
      outer loop
         vertex 46.5517230331898 -1.72413792461157 3.89999989420176
         vertex 46.5517230331898 -5.17241377383471 3.89999989420176
         vertex 49.9378442764282 -2.49229418113828 3.89999989420176
      endloop
   endfacet
   facet normal 0 0 1
      outer loop
         vertex 49.9378442764282 -2.49229418113828 3.89999989420176
         vertex 46.5517230331898 -5.17241377383471 3.89999989420176
         vertex 49.4415424764156 -7.45211308822036 3.89999989420176
      endloop
   endfacet
   facet normal 0 0 1
      outer loop
         vertex -50.0000007450581 -6.12323384933553E-15 3.89999989420176
         vertex -49.7515387833118 -4.97839227318764 3.89999989420176
         vertex -46.5517230331898 -1.72413792461157 3.89999989420176
      endloop
   endfacet
   facet normal 0 0 1
      outer loop
         vertex -46.5517230331898 -1.72413792461157 3.89999989420176
         vertex -49.7515387833118 -4.97839227318764 3.89999989420176
         vertex -46.5517230331898 -5.17241377383471 3.89999989420176
      endloop
   endfacet
   facet normal 0 0 1
      outer loop
         vertex -46.5517230331898 -1.72413792461157 3.89999989420176
         vertex -46.5517230331898 -5.17241377383471 3.89999989420176
         vertex -43.1034490466118 -5.17241377383471 3.89999989420176
      endloop
   endfacet
   facet normal 0 0 1
      outer loop
         vertex -43.1034490466118 -5.17241377383471 3.89999989420176
         vertex -46.5517230331898 -5.17241377383471 3.89999989420176
         vertex -43.1034490466118 -8.62068962305784 3.89999989420176
      endloop
   endfacet
   facet normal 0 0 1
      outer loop
         vertex -43.1034490466118 -5.17241377383471 3.89999989420176
         vertex -43.1034490466118 -8.62068962305784 3.89999989420176
         vertex -39.6551713347435 -8.62068962305784 3.89999989420176
      endloop
   endfacet
   facet normal 0 0 1
      outer loop
         vertex -39.6551713347435 -8.62068962305784 3.89999989420176
         vertex -43.1034490466118 -8.62068962305784 3.89999989420176
         vertex -39.6551713347435 -12.068965472281 3.89999989420176
      endloop
   endfacet
   facet normal 0 0 1
      outer loop
         vertex -49.7515387833118 4.97839227318764 3.89999989420176
         vertex -50.0000007450581 -6.12323384933553E-15 3.89999989420176
         vertex -46.5517230331898 1.72413792461157 3.89999989420176
      endloop
   endfacet
   facet normal 0 0 1
      outer loop
         vertex -46.5517230331898 1.72413792461157 3.89999989420176
         vertex -50.0000007450581 -6.12323384933553E-15 3.89999989420176
         vertex -46.5517230331898 -1.72413792461157 3.89999989420176
      endloop
   endfacet
   facet normal 0 0 1
      outer loop
         vertex -46.5517230331898 1.72413792461157 3.89999989420176
         vertex -46.5517230331898 -1.72413792461157 3.89999989420176
         vertex -43.1034490466118 -1.72413792461157 3.89999989420176
      endloop
   endfacet
   facet normal 0 0 1
      outer loop
         vertex -43.1034490466118 -1.72413792461157 3.89999989420176
         vertex -46.5517230331898 -1.72413792461157 3.89999989420176
         vertex -43.1034490466118 -5.17241377383471 3.89999989420176
      endloop
   endfacet
   facet normal 0 0 1
      outer loop
         vertex -43.1034490466118 -1.72413792461157 3.89999989420176
         vertex -43.1034490466118 -5.17241377383471 3.89999989420176
         vertex -39.6551713347435 -5.17241377383471 3.89999989420176
      endloop
   endfacet
   facet normal 0 0 1
      outer loop
         vertex -39.6551713347435 -5.17241377383471 3.89999989420176
         vertex -43.1034490466118 -5.17241377383471 3.89999989420176
         vertex -39.6551713347435 -8.62068962305784 3.89999989420176
      endloop
   endfacet
   facet normal 0 0 1
      outer loop
         vertex 46.5517230331898 5.17241377383471 3.89999989420176
         vertex 46.5517230331898 1.72413792461157 3.89999989420176
         vertex 49.9378442764282 2.49229418113828 3.89999989420176
      endloop
   endfacet
   facet normal 0 0 1
      outer loop
         vertex 49.9378442764282 2.49229418113828 3.89999989420176
         vertex 46.5517230331898 1.72413792461157 3.89999989420176
         vertex 46.5517230331898 -1.72413792461157 3.89999989420176
      endloop
   endfacet
   facet normal 0 0 1
      outer loop
         vertex 49.9378442764282 2.49229418113828 3.89999989420176
         vertex 46.5517230331898 -1.72413792461157 3.89999989420176
         vertex 49.9378442764282 -2.49229418113828 3.89999989420176
      endloop
   endfacet
   facet normal 0 0 1
      outer loop
         vertex 46.5517230331898 8.62068962305784 3.89999989420176
         vertex 46.5517230331898 5.17241377383471 3.89999989420176
         vertex 49.4415424764156 7.45211308822036 3.89999989420176
      endloop
   endfacet
   facet normal 0 0 1
      outer loop
         vertex 49.4415424764156 7.45211308822036 3.89999989420176
         vertex 46.5517230331898 5.17241377383471 3.89999989420176
         vertex 49.9378442764282 2.49229418113828 3.89999989420176
      endloop
   endfacet
   facet normal 0 0 1
      outer loop
         vertex 46.5517230331898 15.5172413215041 3.89999989420176
         vertex 46.5517230331898 12.068965472281 3.89999989420176
         vertex 48.453863710165 12.33786996454 3.89999989420176
      endloop
   endfacet
   facet normal 0 0 1
      outer loop
         vertex 48.453863710165 12.33786996454 3.89999989420176
         vertex 46.5517230331898 12.068965472281 3.89999989420176
         vertex 46.5517230331898 8.62068962305784 3.89999989420176
      endloop
   endfacet
   facet normal 0 0 1
      outer loop
         vertex 48.453863710165 12.33786996454 3.89999989420176
         vertex 46.5517230331898 8.62068962305784 3.89999989420176
         vertex 49.4415424764156 7.45211308822036 3.89999989420176
      endloop
   endfacet
   facet normal 0 0 1
      outer loop
         vertex -46.0738092660904 19.4217395037413 3.89999989420176
         vertex -43.1034490466118 22.413793951273 3.89999989420176
         vertex -43.9110770821571 23.9126980304718 3.89999989420176
      endloop
   endfacet
   facet normal 0 0 1
      outer loop
         vertex -43.9110770821571 23.9126980304718 3.89999989420176
         vertex -43.1034490466118 22.413793951273 3.89999989420176
         vertex -39.6551713347435 25.8620698004961 3.89999989420176
      endloop
   endfacet
   facet normal 0 0 1
      outer loop
         vertex -43.9110770821571 23.9126980304718 3.89999989420176
         vertex -39.6551713347435 25.8620698004961 3.89999989420176
         vertex -41.31193831563 28.1660035252571 3.89999989420176
      endloop
   endfacet
   facet normal 0 0 1
      outer loop
         vertex 42.6645427942276 26.0717608034611 3.89999989420176
         vertex 39.8566238582134 30.1902201026678 3.89999989420176
         vertex 39.6551713347435 29.3103456497192 3.89999989420176
      endloop
   endfacet
   facet normal 0 0 1
      outer loop
         vertex 39.6551713347435 29.3103456497192 3.89999989420176
         vertex 39.8566238582134 30.1902201026678 3.89999989420176
         vertex 36.2068973481655 29.3103456497192 3.89999989420176
      endloop
   endfacet
   facet normal 0 0 1
      outer loop
         vertex 39.6551713347435 29.3103456497192 3.89999989420176
         vertex 36.2068973481655 29.3103456497192 3.89999989420176
         vertex 39.6551713347435 25.8620698004961 3.89999989420176
      endloop
   endfacet
   facet normal 0 0 1
      outer loop
         vertex 39.6551713347435 25.8620698004961 3.89999989420176
         vertex 36.2068973481655 29.3103456497192 3.89999989420176
         vertex 36.2068973481655 25.8620698004961 3.89999989420176
      endloop
   endfacet
   facet normal 0 0 1
      outer loop
         vertex 39.6551713347435 25.8620698004961 3.89999989420176
         vertex 36.2068973481655 25.8620698004961 3.89999989420176
         vertex 39.6551713347435 22.413793951273 3.89999989420176
      endloop
   endfacet
   facet normal 0 0 1
      outer loop
         vertex 39.6551713347435 22.413793951273 3.89999989420176
         vertex 36.2068973481655 25.8620698004961 3.89999989420176
         vertex 36.2068973481655 22.413793951273 3.89999989420176
      endloop
   endfacet
   facet normal 0 0 1
      outer loop
         vertex 39.6551713347435 22.413793951273 3.89999989420176
         vertex 36.2068973481655 22.413793951273 3.89999989420176
         vertex 39.6551713347435 18.9655181020498 3.89999989420176
      endloop
   endfacet
   facet normal 0 0 1
      outer loop
         vertex 39.6551713347435 18.9655181020498 3.89999989420176
         vertex 36.2068973481655 22.413793951273 3.89999989420176
         vertex 36.2068973481655 18.9655181020498 3.89999989420176
      endloop
   endfacet
   facet normal 0 0 1
      outer loop
         vertex 39.6551713347435 18.9655181020498 3.89999989420176
         vertex 36.2068973481655 18.9655181020498 3.89999989420176
         vertex 39.6551713347435 15.5172413215041 3.89999989420176
      endloop
   endfacet
   facet normal 0 0 1
      outer loop
         vertex 39.6551713347435 15.5172413215041 3.89999989420176
         vertex 36.2068973481655 18.9655181020498 3.89999989420176
         vertex 36.2068973481655 15.5172413215041 3.89999989420176
      endloop
   endfacet
   facet normal 0 0 1
      outer loop
         vertex 39.6551713347435 15.5172413215041 3.89999989420176
         vertex 36.2068973481655 15.5172413215041 3.89999989420176
         vertex 39.6551713347435 12.068965472281 3.89999989420176
      endloop
   endfacet
   facet normal 0 0 1
      outer loop
         vertex 39.6551713347435 12.068965472281 3.89999989420176
         vertex 36.2068973481655 15.5172413215041 3.89999989420176
         vertex 36.2068973481655 12.068965472281 3.89999989420176
      endloop
   endfacet
   facet normal 0 0 1
      outer loop
         vertex 39.6551713347435 12.068965472281 3.89999989420176
         vertex 36.2068973481655 12.068965472281 3.89999989420176
         vertex 39.6551713347435 8.62068962305784 3.89999989420176
      endloop
   endfacet
   facet normal 0 0 1
      outer loop
         vertex 39.6551713347435 8.62068962305784 3.89999989420176
         vertex 36.2068973481655 12.068965472281 3.89999989420176
         vertex 36.2068973481655 8.62068962305784 3.89999989420176
      endloop
   endfacet
   facet normal 0 0 1
      outer loop
         vertex 39.6551713347435 8.62068962305784 3.89999989420176
         vertex 36.2068973481655 8.62068962305784 3.89999989420176
         vertex 39.6551713347435 5.17241377383471 3.89999989420176
      endloop
   endfacet
   facet normal 0 0 1
      outer loop
         vertex 39.6551713347435 5.17241377383471 3.89999989420176
         vertex 36.2068973481655 8.62068962305784 3.89999989420176
         vertex 36.2068973481655 5.17241377383471 3.89999989420176
      endloop
   endfacet
   facet normal 0 0 1
      outer loop
         vertex 39.6551713347435 5.17241377383471 3.89999989420176
         vertex 36.2068973481655 5.17241377383471 3.89999989420176
         vertex 39.6551713347435 1.72413792461157 3.89999989420176
      endloop
   endfacet
   facet normal 0 0 1
      outer loop
         vertex 39.6551713347435 5.17241377383471 3.89999989420176
         vertex 39.6551713347435 1.72413792461157 3.89999989420176
         vertex 43.1034490466118 1.72413792461157 3.89999989420176
      endloop
   endfacet
   facet normal 0 0 1
      outer loop
         vertex 43.1034490466118 1.72413792461157 3.89999989420176
         vertex 39.6551713347435 1.72413792461157 3.89999989420176
         vertex 43.1034490466118 -1.72413792461157 3.89999989420176
      endloop
   endfacet
   facet normal 0 0 1
      outer loop
         vertex 36.2068973481655 1.72413792461157 3.89999989420176
         vertex 32.7586196362972 1.72413792461157 3.89999989420176
         vertex 36.2068973481655 -1.72413792461157 3.89999989420176
      endloop
   endfacet
   facet normal 0 0 1
      outer loop
         vertex 36.2068973481655 -1.72413792461157 3.89999989420176
         vertex 32.7586196362972 1.72413792461157 3.89999989420176
         vertex 32.7586196362972 -1.72413792461157 3.89999989420176
      endloop
   endfacet
   facet normal 0 0 1
      outer loop
         vertex 36.2068973481655 -1.72413792461157 3.89999989420176
         vertex 32.7586196362972 -1.72413792461157 3.89999989420176
         vertex 36.2068973481655 -5.17241377383471 3.89999989420176
      endloop
   endfacet
   facet normal 0 0 1
      outer loop
         vertex 36.2068973481655 -5.17241377383471 3.89999989420176
         vertex 32.7586196362972 -1.72413792461157 3.89999989420176
         vertex 32.7586196362972 -5.17241377383471 3.89999989420176
      endloop
   endfacet
   facet normal 0 0 1
      outer loop
         vertex 36.2068973481655 -5.17241377383471 3.89999989420176
         vertex 32.7586196362972 -5.17241377383471 3.89999989420176
         vertex 36.2068973481655 -8.62068962305784 3.89999989420176
      endloop
   endfacet
   facet normal 0 0 1
      outer loop
         vertex 36.2068973481655 -8.62068962305784 3.89999989420176
         vertex 32.7586196362972 -5.17241377383471 3.89999989420176
         vertex 32.7586196362972 -8.62068962305784 3.89999989420176
      endloop
   endfacet
   facet normal 0 0 1
      outer loop
         vertex 36.2068973481655 -8.62068962305784 3.89999989420176
         vertex 32.7586196362972 -8.62068962305784 3.89999989420176
         vertex 36.2068973481655 -12.068965472281 3.89999989420176
      endloop
   endfacet
   facet normal 0 0 1
      outer loop
         vertex 36.2068973481655 -12.068965472281 3.89999989420176
         vertex 32.7586196362972 -8.62068962305784 3.89999989420176
         vertex 32.7586196362972 -12.068965472281 3.89999989420176
      endloop
   endfacet
   facet normal 0 0 1
      outer loop
         vertex 36.2068973481655 -12.068965472281 3.89999989420176
         vertex 32.7586196362972 -12.068965472281 3.89999989420176
         vertex 36.2068973481655 -15.5172413215041 3.89999989420176
      endloop
   endfacet
   facet normal 0 0 1
      outer loop
         vertex 36.2068973481655 -15.5172413215041 3.89999989420176
         vertex 32.7586196362972 -12.068965472281 3.89999989420176
         vertex 32.7586196362972 -15.5172413215041 3.89999989420176
      endloop
   endfacet
   facet normal 0 0 1
      outer loop
         vertex 36.2068973481655 -15.5172413215041 3.89999989420176
         vertex 32.7586196362972 -15.5172413215041 3.89999989420176
         vertex 36.2068973481655 -18.9655181020498 3.89999989420176
      endloop
   endfacet
   facet normal 0 0 1
      outer loop
         vertex 36.2068973481655 -18.9655181020498 3.89999989420176
         vertex 32.7586196362972 -15.5172413215041 3.89999989420176
         vertex 32.7586196362972 -18.9655181020498 3.89999989420176
      endloop
   endfacet
   facet normal 0 0 1
      outer loop
         vertex 36.2068973481655 -18.9655181020498 3.89999989420176
         vertex 32.7586196362972 -18.9655181020498 3.89999989420176
         vertex 36.2068973481655 -22.413793951273 3.89999989420176
      endloop
   endfacet
   facet normal 0 0 1
      outer loop
         vertex 36.2068973481655 -22.413793951273 3.89999989420176
         vertex 32.7586196362972 -18.9655181020498 3.89999989420176
         vertex 32.7586196362972 -22.413793951273 3.89999989420176
      endloop
   endfacet
   facet normal 0 0 1
      outer loop
         vertex 32.7586196362972 5.17241377383471 3.89999989420176
         vertex 29.3103456497192 5.17241377383471 3.89999989420176
         vertex 32.7586196362972 1.72413792461157 3.89999989420176
      endloop
   endfacet
   facet normal 0 0 1
      outer loop
         vertex 32.7586196362972 1.72413792461157 3.89999989420176
         vertex 29.3103456497192 5.17241377383471 3.89999989420176
         vertex 29.3103456497192 1.72413792461157 3.89999989420176
      endloop
   endfacet
   facet normal 0 0 1
      outer loop
         vertex 32.7586196362972 1.72413792461157 3.89999989420176
         vertex 29.3103456497192 1.72413792461157 3.89999989420176
         vertex 32.7586196362972 -1.72413792461157 3.89999989420176
      endloop
   endfacet
   facet normal 0 0 1
      outer loop
         vertex 32.7586196362972 -1.72413792461157 3.89999989420176
         vertex 29.3103456497192 1.72413792461157 3.89999989420176
         vertex 29.3103456497192 -1.72413792461157 3.89999989420176
      endloop
   endfacet
   facet normal 0 0 1
      outer loop
         vertex 32.7586196362972 -1.72413792461157 3.89999989420176
         vertex 29.3103456497192 -1.72413792461157 3.89999989420176
         vertex 32.7586196362972 -5.17241377383471 3.89999989420176
      endloop
   endfacet
   facet normal 0 0 1
      outer loop
         vertex 32.7586196362972 -5.17241377383471 3.89999989420176
         vertex 29.3103456497192 -1.72413792461157 3.89999989420176
         vertex 29.3103456497192 -5.17241377383471 3.89999989420176
      endloop
   endfacet
   facet normal 0 0 1
      outer loop
         vertex 32.7586196362972 -5.17241377383471 3.89999989420176
         vertex 29.3103456497192 -5.17241377383471 3.89999989420176
         vertex 32.7586196362972 -8.62068962305784 3.89999989420176
      endloop
   endfacet
   facet normal 0 0 1
      outer loop
         vertex 32.7586196362972 -8.62068962305784 3.89999989420176
         vertex 29.3103456497192 -5.17241377383471 3.89999989420176
         vertex 29.3103456497192 -8.62068962305784 3.89999989420176
      endloop
   endfacet
   facet normal 0 0 1
      outer loop
         vertex 32.7586196362972 -8.62068962305784 3.89999989420176
         vertex 29.3103456497192 -8.62068962305784 3.89999989420176
         vertex 32.7586196362972 -12.068965472281 3.89999989420176
      endloop
   endfacet
   facet normal 0 0 1
      outer loop
         vertex 32.7586196362972 -12.068965472281 3.89999989420176
         vertex 29.3103456497192 -8.62068962305784 3.89999989420176
         vertex 29.3103456497192 -12.068965472281 3.89999989420176
      endloop
   endfacet
   facet normal 0 0 1
      outer loop
         vertex 32.7586196362972 -12.068965472281 3.89999989420176
         vertex 29.3103456497192 -12.068965472281 3.89999989420176
         vertex 32.7586196362972 -15.5172413215041 3.89999989420176
      endloop
   endfacet
   facet normal 0 0 1
      outer loop
         vertex 32.7586196362972 -15.5172413215041 3.89999989420176
         vertex 29.3103456497192 -12.068965472281 3.89999989420176
         vertex 29.3103456497192 -15.5172413215041 3.89999989420176
      endloop
   endfacet
   facet normal 0 0 1
      outer loop
         vertex 32.7586196362972 -15.5172413215041 3.89999989420176
         vertex 29.3103456497192 -15.5172413215041 3.89999989420176
         vertex 32.7586196362972 -18.9655181020498 3.89999989420176
      endloop
   endfacet
   facet normal 0 0 1
      outer loop
         vertex 32.7586196362972 -18.9655181020498 3.89999989420176
         vertex 29.3103456497192 -15.5172413215041 3.89999989420176
         vertex 29.3103456497192 -18.9655181020498 3.89999989420176
      endloop
   endfacet
   facet normal 0 0 1
      outer loop
         vertex 32.7586196362972 -18.9655181020498 3.89999989420176
         vertex 29.3103456497192 -18.9655181020498 3.89999989420176
         vertex 32.7586196362972 -22.413793951273 3.89999989420176
      endloop
   endfacet
   facet normal 0 0 1
      outer loop
         vertex 32.7586196362972 -22.413793951273 3.89999989420176
         vertex 29.3103456497192 -18.9655181020498 3.89999989420176
         vertex 29.3103456497192 -22.413793951273 3.89999989420176
      endloop
   endfacet
   facet normal 0 0 1
      outer loop
         vertex 32.7586196362972 1.72413792461157 3.89999989420176
         vertex 36.2068973481655 1.72413792461157 3.89999989420176
         vertex 32.7586196362972 5.17241377383471 3.89999989420176
      endloop
   endfacet
   facet normal 0 0 1
      outer loop
         vertex 29.3103456497192 8.62068962305784 3.89999989420176
         vertex 25.8620698004961 8.62068962305784 3.89999989420176
         vertex 29.3103456497192 5.17241377383471 3.89999989420176
      endloop
   endfacet
   facet normal 0 0 1
      outer loop
         vertex 29.3103456497192 5.17241377383471 3.89999989420176
         vertex 25.8620698004961 8.62068962305784 3.89999989420176
         vertex 25.8620698004961 5.17241377383471 3.89999989420176
      endloop
   endfacet
   facet normal 0 0 1
      outer loop
         vertex 29.3103456497192 5.17241377383471 3.89999989420176
         vertex 25.8620698004961 5.17241377383471 3.89999989420176
         vertex 29.3103456497192 1.72413792461157 3.89999989420176
      endloop
   endfacet
   facet normal 0 0 1
      outer loop
         vertex 29.3103456497192 1.72413792461157 3.89999989420176
         vertex 25.8620698004961 5.17241377383471 3.89999989420176
         vertex 25.8620698004961 1.72413792461157 3.89999989420176
      endloop
   endfacet
   facet normal 0 0 1
      outer loop
         vertex 29.3103456497192 1.72413792461157 3.89999989420176
         vertex 25.8620698004961 1.72413792461157 3.89999989420176
         vertex 29.3103456497192 -1.72413792461157 3.89999989420176
      endloop
   endfacet
   facet normal 0 0 1
      outer loop
         vertex 29.3103456497192 -1.72413792461157 3.89999989420176
         vertex 25.8620698004961 1.72413792461157 3.89999989420176
         vertex 25.8620698004961 -1.72413792461157 3.89999989420176
      endloop
   endfacet
   facet normal 0 0 1
      outer loop
         vertex 29.3103456497192 -1.72413792461157 3.89999989420176
         vertex 25.8620698004961 -1.72413792461157 3.89999989420176
         vertex 29.3103456497192 -5.17241377383471 3.89999989420176
      endloop
   endfacet
   facet normal 0 0 1
      outer loop
         vertex 29.3103456497192 -5.17241377383471 3.89999989420176
         vertex 25.8620698004961 -1.72413792461157 3.89999989420176
         vertex 25.8620698004961 -5.17241377383471 3.89999989420176
      endloop
   endfacet
   facet normal 0 0 1
      outer loop
         vertex 29.3103456497192 -5.17241377383471 3.89999989420176
         vertex 25.8620698004961 -5.17241377383471 3.89999989420176
         vertex 29.3103456497192 -8.62068962305784 3.89999989420176
      endloop
   endfacet
   facet normal 0 0 1
      outer loop
         vertex 29.3103456497192 -8.62068962305784 3.89999989420176
         vertex 25.8620698004961 -5.17241377383471 3.89999989420176
         vertex 25.8620698004961 -8.62068962305784 3.89999989420176
      endloop
   endfacet
   facet normal 0 0 1
      outer loop
         vertex 29.3103456497192 -8.62068962305784 3.89999989420176
         vertex 25.8620698004961 -8.62068962305784 3.89999989420176
         vertex 29.3103456497192 -12.068965472281 3.89999989420176
      endloop
   endfacet
   facet normal 0 0 1
      outer loop
         vertex 29.3103456497192 -12.068965472281 3.89999989420176
         vertex 25.8620698004961 -8.62068962305784 3.89999989420176
         vertex 25.8620698004961 -12.068965472281 3.89999989420176
      endloop
   endfacet
   facet normal 0 0 1
      outer loop
         vertex 29.3103456497192 -12.068965472281 3.89999989420176
         vertex 25.8620698004961 -12.068965472281 3.89999989420176
         vertex 29.3103456497192 -15.5172413215041 3.89999989420176
      endloop
   endfacet
   facet normal 0 0 1
      outer loop
         vertex 29.3103456497192 -15.5172413215041 3.89999989420176
         vertex 25.8620698004961 -12.068965472281 3.89999989420176
         vertex 25.8620698004961 -15.5172413215041 3.89999989420176
      endloop
   endfacet
   facet normal 0 0 1
      outer loop
         vertex 29.3103456497192 -15.5172413215041 3.89999989420176
         vertex 25.8620698004961 -15.5172413215041 3.89999989420176
         vertex 29.3103456497192 -18.9655181020498 3.89999989420176
      endloop
   endfacet
   facet normal 0 0 1
      outer loop
         vertex 29.3103456497192 -18.9655181020498 3.89999989420176
         vertex 25.8620698004961 -15.5172413215041 3.89999989420176
         vertex 25.8620698004961 -18.9655181020498 3.89999989420176
      endloop
   endfacet
   facet normal 0 0 1
      outer loop
         vertex 29.3103456497192 -18.9655181020498 3.89999989420176
         vertex 25.8620698004961 -18.9655181020498 3.89999989420176
         vertex 29.3103456497192 -22.413793951273 3.89999989420176
      endloop
   endfacet
   facet normal 0 0 1
      outer loop
         vertex 29.3103456497192 -22.413793951273 3.89999989420176
         vertex 25.8620698004961 -18.9655181020498 3.89999989420176
         vertex 25.8620698004961 -22.413793951273 3.89999989420176
      endloop
   endfacet
   facet normal 0 0 1
      outer loop
         vertex 25.8620698004961 12.068965472281 3.89999989420176
         vertex 22.413793951273 12.068965472281 3.89999989420176
         vertex 25.8620698004961 8.62068962305784 3.89999989420176
      endloop
   endfacet
   facet normal 0 0 1
      outer loop
         vertex 25.8620698004961 8.62068962305784 3.89999989420176
         vertex 22.413793951273 12.068965472281 3.89999989420176
         vertex 22.413793951273 8.62068962305784 3.89999989420176
      endloop
   endfacet
   facet normal 0 0 1
      outer loop
         vertex 25.8620698004961 8.62068962305784 3.89999989420176
         vertex 22.413793951273 8.62068962305784 3.89999989420176
         vertex 25.8620698004961 5.17241377383471 3.89999989420176
      endloop
   endfacet
   facet normal 0 0 1
      outer loop
         vertex 25.8620698004961 5.17241377383471 3.89999989420176
         vertex 22.413793951273 8.62068962305784 3.89999989420176
         vertex 22.413793951273 5.17241377383471 3.89999989420176
      endloop
   endfacet
   facet normal 0 0 1
      outer loop
         vertex 25.8620698004961 5.17241377383471 3.89999989420176
         vertex 22.413793951273 5.17241377383471 3.89999989420176
         vertex 25.8620698004961 1.72413792461157 3.89999989420176
      endloop
   endfacet
   facet normal 0 0 1
      outer loop
         vertex 25.8620698004961 1.72413792461157 3.89999989420176
         vertex 22.413793951273 5.17241377383471 3.89999989420176
         vertex 22.413793951273 1.72413792461157 3.89999989420176
      endloop
   endfacet
   facet normal 0 0 1
      outer loop
         vertex 25.8620698004961 1.72413792461157 3.89999989420176
         vertex 22.413793951273 1.72413792461157 3.89999989420176
         vertex 25.8620698004961 -1.72413792461157 3.89999989420176
      endloop
   endfacet
   facet normal 0 0 1
      outer loop
         vertex 25.8620698004961 -1.72413792461157 3.89999989420176
         vertex 22.413793951273 1.72413792461157 3.89999989420176
         vertex 22.413793951273 -1.72413792461157 3.89999989420176
      endloop
   endfacet
   facet normal 0 0 1
      outer loop
         vertex 25.8620698004961 -1.72413792461157 3.89999989420176
         vertex 22.413793951273 -1.72413792461157 3.89999989420176
         vertex 25.8620698004961 -5.17241377383471 3.89999989420176
      endloop
   endfacet
   facet normal 0 0 1
      outer loop
         vertex 25.8620698004961 -5.17241377383471 3.89999989420176
         vertex 22.413793951273 -1.72413792461157 3.89999989420176
         vertex 22.413793951273 -5.17241377383471 3.89999989420176
      endloop
   endfacet
   facet normal 0 0 1
      outer loop
         vertex 25.8620698004961 -5.17241377383471 3.89999989420176
         vertex 22.413793951273 -5.17241377383471 3.89999989420176
         vertex 25.8620698004961 -8.62068962305784 3.89999989420176
      endloop
   endfacet
   facet normal 0 0 1
      outer loop
         vertex 25.8620698004961 -8.62068962305784 3.89999989420176
         vertex 22.413793951273 -5.17241377383471 3.89999989420176
         vertex 22.413793951273 -8.62068962305784 3.89999989420176
      endloop
   endfacet
   facet normal 0 0 1
      outer loop
         vertex 25.8620698004961 -8.62068962305784 3.89999989420176
         vertex 22.413793951273 -8.62068962305784 3.89999989420176
         vertex 25.8620698004961 -12.068965472281 3.89999989420176
      endloop
   endfacet
   facet normal 0 0 1
      outer loop
         vertex 25.8620698004961 -12.068965472281 3.89999989420176
         vertex 22.413793951273 -8.62068962305784 3.89999989420176
         vertex 22.413793951273 -12.068965472281 3.89999989420176
      endloop
   endfacet
   facet normal 0 0 1
      outer loop
         vertex 25.8620698004961 -12.068965472281 3.89999989420176
         vertex 22.413793951273 -12.068965472281 3.89999989420176
         vertex 25.8620698004961 -15.5172413215041 3.89999989420176
      endloop
   endfacet
   facet normal 0 0 1
      outer loop
         vertex 25.8620698004961 -15.5172413215041 3.89999989420176
         vertex 22.413793951273 -12.068965472281 3.89999989420176
         vertex 22.413793951273 -15.5172413215041 3.89999989420176
      endloop
   endfacet
   facet normal 0 0 1
      outer loop
         vertex 25.8620698004961 -15.5172413215041 3.89999989420176
         vertex 22.413793951273 -15.5172413215041 3.89999989420176
         vertex 25.8620698004961 -18.9655181020498 3.89999989420176
      endloop
   endfacet
   facet normal 0 0 1
      outer loop
         vertex 25.8620698004961 -18.9655181020498 3.89999989420176
         vertex 22.413793951273 -15.5172413215041 3.89999989420176
         vertex 22.413793951273 -18.9655181020498 3.89999989420176
      endloop
   endfacet
   facet normal 0 0 1
      outer loop
         vertex 25.8620698004961 -18.9655181020498 3.89999989420176
         vertex 22.413793951273 -18.9655181020498 3.89999989420176
         vertex 25.8620698004961 -22.413793951273 3.89999989420176
      endloop
   endfacet
   facet normal 0 0 1
      outer loop
         vertex 25.8620698004961 -22.413793951273 3.89999989420176
         vertex 22.413793951273 -18.9655181020498 3.89999989420176
         vertex 22.413793951273 -22.413793951273 3.89999989420176
      endloop
   endfacet
   facet normal 0 0 1
      outer loop
         vertex 22.413793951273 15.5172413215041 3.89999989420176
         vertex 18.9655181020498 15.5172413215041 3.89999989420176
         vertex 22.413793951273 12.068965472281 3.89999989420176
      endloop
   endfacet
   facet normal 0 0 1
      outer loop
         vertex 22.413793951273 12.068965472281 3.89999989420176
         vertex 18.9655181020498 15.5172413215041 3.89999989420176
         vertex 18.9655181020498 12.068965472281 3.89999989420176
      endloop
   endfacet
   facet normal 0 0 1
      outer loop
         vertex 22.413793951273 12.068965472281 3.89999989420176
         vertex 18.9655181020498 12.068965472281 3.89999989420176
         vertex 22.413793951273 8.62068962305784 3.89999989420176
      endloop
   endfacet
   facet normal 0 0 1
      outer loop
         vertex 22.413793951273 8.62068962305784 3.89999989420176
         vertex 18.9655181020498 12.068965472281 3.89999989420176
         vertex 18.9655181020498 8.62068962305784 3.89999989420176
      endloop
   endfacet
   facet normal 0 0 1
      outer loop
         vertex 22.413793951273 8.62068962305784 3.89999989420176
         vertex 18.9655181020498 8.62068962305784 3.89999989420176
         vertex 22.413793951273 5.17241377383471 3.89999989420176
      endloop
   endfacet
   facet normal 0 0 1
      outer loop
         vertex 22.413793951273 5.17241377383471 3.89999989420176
         vertex 18.9655181020498 8.62068962305784 3.89999989420176
         vertex 18.9655181020498 5.17241377383471 3.89999989420176
      endloop
   endfacet
   facet normal 0 0 1
      outer loop
         vertex 22.413793951273 5.17241377383471 3.89999989420176
         vertex 18.9655181020498 5.17241377383471 3.89999989420176
         vertex 22.413793951273 1.72413792461157 3.89999989420176
      endloop
   endfacet
   facet normal 0 0 1
      outer loop
         vertex 22.413793951273 1.72413792461157 3.89999989420176
         vertex 18.9655181020498 5.17241377383471 3.89999989420176
         vertex 18.9655181020498 1.72413792461157 3.89999989420176
      endloop
   endfacet
   facet normal 0 0 1
      outer loop
         vertex 22.413793951273 1.72413792461157 3.89999989420176
         vertex 18.9655181020498 1.72413792461157 3.89999989420176
         vertex 22.413793951273 -1.72413792461157 3.89999989420176
      endloop
   endfacet
   facet normal 0 0 1
      outer loop
         vertex 22.413793951273 -1.72413792461157 3.89999989420176
         vertex 18.9655181020498 1.72413792461157 3.89999989420176
         vertex 18.9655181020498 -1.72413792461157 3.89999989420176
      endloop
   endfacet
   facet normal 0 0 1
      outer loop
         vertex 22.413793951273 -1.72413792461157 3.89999989420176
         vertex 18.9655181020498 -1.72413792461157 3.89999989420176
         vertex 22.413793951273 -5.17241377383471 3.89999989420176
      endloop
   endfacet
   facet normal 0 0 1
      outer loop
         vertex 22.413793951273 -5.17241377383471 3.89999989420176
         vertex 18.9655181020498 -1.72413792461157 3.89999989420176
         vertex 18.9655181020498 -5.17241377383471 3.89999989420176
      endloop
   endfacet
   facet normal 0 0 1
      outer loop
         vertex 22.413793951273 -5.17241377383471 3.89999989420176
         vertex 18.9655181020498 -5.17241377383471 3.89999989420176
         vertex 22.413793951273 -8.62068962305784 3.89999989420176
      endloop
   endfacet
   facet normal 0 0 1
      outer loop
         vertex 22.413793951273 -8.62068962305784 3.89999989420176
         vertex 18.9655181020498 -5.17241377383471 3.89999989420176
         vertex 18.9655181020498 -8.62068962305784 3.89999989420176
      endloop
   endfacet
   facet normal 0 0 1
      outer loop
         vertex 22.413793951273 -8.62068962305784 3.89999989420176
         vertex 18.9655181020498 -8.62068962305784 3.89999989420176
         vertex 22.413793951273 -12.068965472281 3.89999989420176
      endloop
   endfacet
   facet normal 0 0 1
      outer loop
         vertex 22.413793951273 -12.068965472281 3.89999989420176
         vertex 18.9655181020498 -8.62068962305784 3.89999989420176
         vertex 18.9655181020498 -12.068965472281 3.89999989420176
      endloop
   endfacet
   facet normal 0 0 1
      outer loop
         vertex 22.413793951273 -12.068965472281 3.89999989420176
         vertex 18.9655181020498 -12.068965472281 3.89999989420176
         vertex 22.413793951273 -15.5172413215041 3.89999989420176
      endloop
   endfacet
   facet normal 0 0 1
      outer loop
         vertex 22.413793951273 -15.5172413215041 3.89999989420176
         vertex 18.9655181020498 -12.068965472281 3.89999989420176
         vertex 18.9655181020498 -15.5172413215041 3.89999989420176
      endloop
   endfacet
   facet normal 0 0 1
      outer loop
         vertex 22.413793951273 -15.5172413215041 3.89999989420176
         vertex 18.9655181020498 -15.5172413215041 3.89999989420176
         vertex 22.413793951273 -18.9655181020498 3.89999989420176
      endloop
   endfacet
   facet normal 0 0 1
      outer loop
         vertex 22.413793951273 -18.9655181020498 3.89999989420176
         vertex 18.9655181020498 -15.5172413215041 3.89999989420176
         vertex 18.9655181020498 -18.9655181020498 3.89999989420176
      endloop
   endfacet
   facet normal 0 0 1
      outer loop
         vertex 22.413793951273 -18.9655181020498 3.89999989420176
         vertex 18.9655181020498 -18.9655181020498 3.89999989420176
         vertex 22.413793951273 -22.413793951273 3.89999989420176
      endloop
   endfacet
   facet normal 0 0 1
      outer loop
         vertex 22.413793951273 -22.413793951273 3.89999989420176
         vertex 18.9655181020498 -18.9655181020498 3.89999989420176
         vertex 18.9655181020498 -22.413793951273 3.89999989420176
      endloop
   endfacet
   facet normal 0 0 1
      outer loop
         vertex 18.9655181020498 18.9655181020498 3.89999989420176
         vertex 15.5172413215041 18.9655181020498 3.89999989420176
         vertex 18.9655181020498 15.5172413215041 3.89999989420176
      endloop
   endfacet
   facet normal 0 0 1
      outer loop
         vertex 18.9655181020498 15.5172413215041 3.89999989420176
         vertex 15.5172413215041 18.9655181020498 3.89999989420176
         vertex 15.5172413215041 15.5172413215041 3.89999989420176
      endloop
   endfacet
   facet normal 0 0 1
      outer loop
         vertex 18.9655181020498 15.5172413215041 3.89999989420176
         vertex 15.5172413215041 15.5172413215041 3.89999989420176
         vertex 18.9655181020498 12.068965472281 3.89999989420176
      endloop
   endfacet
   facet normal 0 0 1
      outer loop
         vertex 18.9655181020498 12.068965472281 3.89999989420176
         vertex 15.5172413215041 15.5172413215041 3.89999989420176
         vertex 15.5172413215041 12.068965472281 3.89999989420176
      endloop
   endfacet
   facet normal 0 0 1
      outer loop
         vertex 18.9655181020498 12.068965472281 3.89999989420176
         vertex 15.5172413215041 12.068965472281 3.89999989420176
         vertex 18.9655181020498 8.62068962305784 3.89999989420176
      endloop
   endfacet
   facet normal 0 0 1
      outer loop
         vertex 18.9655181020498 8.62068962305784 3.89999989420176
         vertex 15.5172413215041 12.068965472281 3.89999989420176
         vertex 15.5172413215041 8.62068962305784 3.89999989420176
      endloop
   endfacet
   facet normal 0 0 1
      outer loop
         vertex 18.9655181020498 8.62068962305784 3.89999989420176
         vertex 15.5172413215041 8.62068962305784 3.89999989420176
         vertex 18.9655181020498 5.17241377383471 3.89999989420176
      endloop
   endfacet
   facet normal 0 0 1
      outer loop
         vertex 18.9655181020498 5.17241377383471 3.89999989420176
         vertex 15.5172413215041 8.62068962305784 3.89999989420176
         vertex 15.5172413215041 5.17241377383471 3.89999989420176
      endloop
   endfacet
   facet normal 0 0 1
      outer loop
         vertex 18.9655181020498 5.17241377383471 3.89999989420176
         vertex 15.5172413215041 5.17241377383471 3.89999989420176
         vertex 18.9655181020498 1.72413792461157 3.89999989420176
      endloop
   endfacet
   facet normal 0 0 1
      outer loop
         vertex 18.9655181020498 1.72413792461157 3.89999989420176
         vertex 15.5172413215041 5.17241377383471 3.89999989420176
         vertex 15.5172413215041 1.72413792461157 3.89999989420176
      endloop
   endfacet
   facet normal 0 0 1
      outer loop
         vertex 18.9655181020498 1.72413792461157 3.89999989420176
         vertex 15.5172413215041 1.72413792461157 3.89999989420176
         vertex 18.9655181020498 -1.72413792461157 3.89999989420176
      endloop
   endfacet
   facet normal 0 0 1
      outer loop
         vertex 18.9655181020498 -1.72413792461157 3.89999989420176
         vertex 15.5172413215041 1.72413792461157 3.89999989420176
         vertex 15.5172413215041 -1.72413792461157 3.89999989420176
      endloop
   endfacet
   facet normal 0 0 1
      outer loop
         vertex 18.9655181020498 -1.72413792461157 3.89999989420176
         vertex 15.5172413215041 -1.72413792461157 3.89999989420176
         vertex 18.9655181020498 -5.17241377383471 3.89999989420176
      endloop
   endfacet
   facet normal 0 0 1
      outer loop
         vertex 18.9655181020498 -5.17241377383471 3.89999989420176
         vertex 15.5172413215041 -1.72413792461157 3.89999989420176
         vertex 15.5172413215041 -5.17241377383471 3.89999989420176
      endloop
   endfacet
   facet normal 0 0 1
      outer loop
         vertex 18.9655181020498 -5.17241377383471 3.89999989420176
         vertex 15.5172413215041 -5.17241377383471 3.89999989420176
         vertex 18.9655181020498 -8.62068962305784 3.89999989420176
      endloop
   endfacet
   facet normal 0 0 1
      outer loop
         vertex 18.9655181020498 -8.62068962305784 3.89999989420176
         vertex 15.5172413215041 -5.17241377383471 3.89999989420176
         vertex 15.5172413215041 -8.62068962305784 3.89999989420176
      endloop
   endfacet
   facet normal 0 0 1
      outer loop
         vertex 18.9655181020498 -8.62068962305784 3.89999989420176
         vertex 15.5172413215041 -8.62068962305784 3.89999989420176
         vertex 18.9655181020498 -12.068965472281 3.89999989420176
      endloop
   endfacet
   facet normal 0 0 1
      outer loop
         vertex 18.9655181020498 -12.068965472281 3.89999989420176
         vertex 15.5172413215041 -8.62068962305784 3.89999989420176
         vertex 15.5172413215041 -12.068965472281 3.89999989420176
      endloop
   endfacet
   facet normal 0 0 1
      outer loop
         vertex 18.9655181020498 -12.068965472281 3.89999989420176
         vertex 15.5172413215041 -12.068965472281 3.89999989420176
         vertex 18.9655181020498 -15.5172413215041 3.89999989420176
      endloop
   endfacet
   facet normal 0 0 1
      outer loop
         vertex 18.9655181020498 -15.5172413215041 3.89999989420176
         vertex 15.5172413215041 -12.068965472281 3.89999989420176
         vertex 15.5172413215041 -15.5172413215041 3.89999989420176
      endloop
   endfacet
   facet normal 0 0 1
      outer loop
         vertex 18.9655181020498 -15.5172413215041 3.89999989420176
         vertex 15.5172413215041 -15.5172413215041 3.89999989420176
         vertex 18.9655181020498 -18.9655181020498 3.89999989420176
      endloop
   endfacet
   facet normal 0 0 1
      outer loop
         vertex 18.9655181020498 -18.9655181020498 3.89999989420176
         vertex 15.5172413215041 -15.5172413215041 3.89999989420176
         vertex 15.5172413215041 -18.9655181020498 3.89999989420176
      endloop
   endfacet
   facet normal 0 0 1
      outer loop
         vertex 18.9655181020498 -18.9655181020498 3.89999989420176
         vertex 15.5172413215041 -18.9655181020498 3.89999989420176
         vertex 18.9655181020498 -22.413793951273 3.89999989420176
      endloop
   endfacet
   facet normal 0 0 1
      outer loop
         vertex 18.9655181020498 -22.413793951273 3.89999989420176
         vertex 15.5172413215041 -18.9655181020498 3.89999989420176
         vertex 15.5172413215041 -22.413793951273 3.89999989420176
      endloop
   endfacet
   facet normal 0 0 1
      outer loop
         vertex 15.5172413215041 22.413793951273 3.89999989420176
         vertex 12.068965472281 22.413793951273 3.89999989420176
         vertex 15.5172413215041 18.9655181020498 3.89999989420176
      endloop
   endfacet
   facet normal 0 0 1
      outer loop
         vertex 15.5172413215041 18.9655181020498 3.89999989420176
         vertex 12.068965472281 22.413793951273 3.89999989420176
         vertex 12.068965472281 18.9655181020498 3.89999989420176
      endloop
   endfacet
   facet normal 0 0 1
      outer loop
         vertex 15.5172413215041 18.9655181020498 3.89999989420176
         vertex 12.068965472281 18.9655181020498 3.89999989420176
         vertex 15.5172413215041 15.5172413215041 3.89999989420176
      endloop
   endfacet
   facet normal 0 0 1
      outer loop
         vertex 15.5172413215041 15.5172413215041 3.89999989420176
         vertex 12.068965472281 18.9655181020498 3.89999989420176
         vertex 12.068965472281 15.5172413215041 3.89999989420176
      endloop
   endfacet
   facet normal 0 0 1
      outer loop
         vertex 15.5172413215041 15.5172413215041 3.89999989420176
         vertex 12.068965472281 15.5172413215041 3.89999989420176
         vertex 15.5172413215041 12.068965472281 3.89999989420176
      endloop
   endfacet
   facet normal 0 0 1
      outer loop
         vertex 15.5172413215041 12.068965472281 3.89999989420176
         vertex 12.068965472281 15.5172413215041 3.89999989420176
         vertex 12.068965472281 12.068965472281 3.89999989420176
      endloop
   endfacet
   facet normal 0 0 1
      outer loop
         vertex 15.5172413215041 12.068965472281 3.89999989420176
         vertex 12.068965472281 12.068965472281 3.89999989420176
         vertex 15.5172413215041 8.62068962305784 3.89999989420176
      endloop
   endfacet
   facet normal 0 0 1
      outer loop
         vertex 15.5172413215041 8.62068962305784 3.89999989420176
         vertex 12.068965472281 12.068965472281 3.89999989420176
         vertex 12.068965472281 8.62068962305784 3.89999989420176
      endloop
   endfacet
   facet normal 0 0 1
      outer loop
         vertex 15.5172413215041 8.62068962305784 3.89999989420176
         vertex 12.068965472281 8.62068962305784 3.89999989420176
         vertex 15.5172413215041 5.17241377383471 3.89999989420176
      endloop
   endfacet
   facet normal 0 0 1
      outer loop
         vertex 15.5172413215041 5.17241377383471 3.89999989420176
         vertex 12.068965472281 8.62068962305784 3.89999989420176
         vertex 12.068965472281 5.17241377383471 3.89999989420176
      endloop
   endfacet
   facet normal 0 0 1
      outer loop
         vertex 15.5172413215041 5.17241377383471 3.89999989420176
         vertex 12.068965472281 5.17241377383471 3.89999989420176
         vertex 15.5172413215041 1.72413792461157 3.89999989420176
      endloop
   endfacet
   facet normal 0 0 1
      outer loop
         vertex 15.5172413215041 1.72413792461157 3.89999989420176
         vertex 12.068965472281 5.17241377383471 3.89999989420176
         vertex 12.068965472281 1.72413792461157 3.89999989420176
      endloop
   endfacet
   facet normal 0 0 1
      outer loop
         vertex 15.5172413215041 1.72413792461157 3.89999989420176
         vertex 12.068965472281 1.72413792461157 3.89999989420176
         vertex 15.5172413215041 -1.72413792461157 3.89999989420176
      endloop
   endfacet
   facet normal 0 0 1
      outer loop
         vertex 15.5172413215041 -1.72413792461157 3.89999989420176
         vertex 12.068965472281 1.72413792461157 3.89999989420176
         vertex 12.068965472281 -1.72413792461157 3.89999989420176
      endloop
   endfacet
   facet normal 0 0 1
      outer loop
         vertex 15.5172413215041 -1.72413792461157 3.89999989420176
         vertex 12.068965472281 -1.72413792461157 3.89999989420176
         vertex 15.5172413215041 -5.17241377383471 3.89999989420176
      endloop
   endfacet
   facet normal 0 0 1
      outer loop
         vertex 15.5172413215041 -5.17241377383471 3.89999989420176
         vertex 12.068965472281 -1.72413792461157 3.89999989420176
         vertex 12.068965472281 -5.17241377383471 3.89999989420176
      endloop
   endfacet
   facet normal 0 0 1
      outer loop
         vertex 15.5172413215041 -5.17241377383471 3.89999989420176
         vertex 12.068965472281 -5.17241377383471 3.89999989420176
         vertex 15.5172413215041 -8.62068962305784 3.89999989420176
      endloop
   endfacet
   facet normal 0 0 1
      outer loop
         vertex 15.5172413215041 -8.62068962305784 3.89999989420176
         vertex 12.068965472281 -5.17241377383471 3.89999989420176
         vertex 12.068965472281 -8.62068962305784 3.89999989420176
      endloop
   endfacet
   facet normal 0 0 1
      outer loop
         vertex 15.5172413215041 -8.62068962305784 3.89999989420176
         vertex 12.068965472281 -8.62068962305784 3.89999989420176
         vertex 15.5172413215041 -12.068965472281 3.89999989420176
      endloop
   endfacet
   facet normal 0 0 1
      outer loop
         vertex 15.5172413215041 -12.068965472281 3.89999989420176
         vertex 12.068965472281 -8.62068962305784 3.89999989420176
         vertex 12.068965472281 -12.068965472281 3.89999989420176
      endloop
   endfacet
   facet normal 0 0 1
      outer loop
         vertex 15.5172413215041 -12.068965472281 3.89999989420176
         vertex 12.068965472281 -12.068965472281 3.89999989420176
         vertex 15.5172413215041 -15.5172413215041 3.89999989420176
      endloop
   endfacet
   facet normal 0 0 1
      outer loop
         vertex 15.5172413215041 -15.5172413215041 3.89999989420176
         vertex 12.068965472281 -12.068965472281 3.89999989420176
         vertex 12.068965472281 -15.5172413215041 3.89999989420176
      endloop
   endfacet
   facet normal 0 0 1
      outer loop
         vertex 15.5172413215041 -15.5172413215041 3.89999989420176
         vertex 12.068965472281 -15.5172413215041 3.89999989420176
         vertex 15.5172413215041 -18.9655181020498 3.89999989420176
      endloop
   endfacet
   facet normal 0 0 1
      outer loop
         vertex 15.5172413215041 -18.9655181020498 3.89999989420176
         vertex 12.068965472281 -15.5172413215041 3.89999989420176
         vertex 12.068965472281 -18.9655181020498 3.89999989420176
      endloop
   endfacet
   facet normal 0 0 1
      outer loop
         vertex 15.5172413215041 -18.9655181020498 3.89999989420176
         vertex 12.068965472281 -18.9655181020498 3.89999989420176
         vertex 15.5172413215041 -22.413793951273 3.89999989420176
      endloop
   endfacet
   facet normal 0 0 1
      outer loop
         vertex 15.5172413215041 -22.413793951273 3.89999989420176
         vertex 12.068965472281 -18.9655181020498 3.89999989420176
         vertex 12.068965472281 -22.413793951273 3.89999989420176
      endloop
   endfacet
   facet normal 0 0 1
      outer loop
         vertex 12.068965472281 25.8620698004961 3.89999989420176
         vertex 8.62068962305784 25.8620698004961 3.89999989420176
         vertex 12.068965472281 22.413793951273 3.89999989420176
      endloop
   endfacet
   facet normal 0 0 1
      outer loop
         vertex 12.068965472281 22.413793951273 3.89999989420176
         vertex 8.62068962305784 25.8620698004961 3.89999989420176
         vertex 8.62068962305784 22.413793951273 3.89999989420176
      endloop
   endfacet
   facet normal 0 0 1
      outer loop
         vertex 12.068965472281 22.413793951273 3.89999989420176
         vertex 8.62068962305784 22.413793951273 3.89999989420176
         vertex 12.068965472281 18.9655181020498 3.89999989420176
      endloop
   endfacet
   facet normal 0 0 1
      outer loop
         vertex 12.068965472281 18.9655181020498 3.89999989420176
         vertex 8.62068962305784 22.413793951273 3.89999989420176
         vertex 8.62068962305784 18.9655181020498 3.89999989420176
      endloop
   endfacet
   facet normal 0 0 1
      outer loop
         vertex 12.068965472281 18.9655181020498 3.89999989420176
         vertex 8.62068962305784 18.9655181020498 3.89999989420176
         vertex 12.068965472281 15.5172413215041 3.89999989420176
      endloop
   endfacet
   facet normal 0 0 1
      outer loop
         vertex 12.068965472281 15.5172413215041 3.89999989420176
         vertex 8.62068962305784 18.9655181020498 3.89999989420176
         vertex 8.62068962305784 15.5172413215041 3.89999989420176
      endloop
   endfacet
   facet normal 0 0 1
      outer loop
         vertex 12.068965472281 15.5172413215041 3.89999989420176
         vertex 8.62068962305784 15.5172413215041 3.89999989420176
         vertex 12.068965472281 12.068965472281 3.89999989420176
      endloop
   endfacet
   facet normal 0 0 1
      outer loop
         vertex 12.068965472281 12.068965472281 3.89999989420176
         vertex 8.62068962305784 15.5172413215041 3.89999989420176
         vertex 8.62068962305784 12.068965472281 3.89999989420176
      endloop
   endfacet
   facet normal 0 0 1
      outer loop
         vertex 12.068965472281 12.068965472281 3.89999989420176
         vertex 8.62068962305784 12.068965472281 3.89999989420176
         vertex 12.068965472281 8.62068962305784 3.89999989420176
      endloop
   endfacet
   facet normal 0 0 1
      outer loop
         vertex 12.068965472281 8.62068962305784 3.89999989420176
         vertex 8.62068962305784 12.068965472281 3.89999989420176
         vertex 8.62068962305784 8.62068962305784 3.89999989420176
      endloop
   endfacet
   facet normal 0 0 1
      outer loop
         vertex 12.068965472281 8.62068962305784 3.89999989420176
         vertex 8.62068962305784 8.62068962305784 3.89999989420176
         vertex 12.068965472281 5.17241377383471 3.89999989420176
      endloop
   endfacet
   facet normal 0 0 1
      outer loop
         vertex 12.068965472281 5.17241377383471 3.89999989420176
         vertex 8.62068962305784 8.62068962305784 3.89999989420176
         vertex 8.62068962305784 5.17241377383471 3.89999989420176
      endloop
   endfacet
   facet normal 0 0 1
      outer loop
         vertex 12.068965472281 5.17241377383471 3.89999989420176
         vertex 8.62068962305784 5.17241377383471 3.89999989420176
         vertex 12.068965472281 1.72413792461157 3.89999989420176
      endloop
   endfacet
   facet normal 0 0 1
      outer loop
         vertex 12.068965472281 1.72413792461157 3.89999989420176
         vertex 8.62068962305784 5.17241377383471 3.89999989420176
         vertex 8.62068962305784 1.72413792461157 3.89999989420176
      endloop
   endfacet
   facet normal 0 0 1
      outer loop
         vertex 12.068965472281 1.72413792461157 3.89999989420176
         vertex 8.62068962305784 1.72413792461157 3.89999989420176
         vertex 12.068965472281 -1.72413792461157 3.89999989420176
      endloop
   endfacet
   facet normal 0 0 1
      outer loop
         vertex 12.068965472281 -1.72413792461157 3.89999989420176
         vertex 8.62068962305784 1.72413792461157 3.89999989420176
         vertex 8.62068962305784 -1.72413792461157 3.89999989420176
      endloop
   endfacet
   facet normal 0 0 1
      outer loop
         vertex 12.068965472281 -1.72413792461157 3.89999989420176
         vertex 8.62068962305784 -1.72413792461157 3.89999989420176
         vertex 12.068965472281 -5.17241377383471 3.89999989420176
      endloop
   endfacet
   facet normal 0 0 1
      outer loop
         vertex 12.068965472281 -5.17241377383471 3.89999989420176
         vertex 8.62068962305784 -1.72413792461157 3.89999989420176
         vertex 8.62068962305784 -5.17241377383471 3.89999989420176
      endloop
   endfacet
   facet normal 0 0 1
      outer loop
         vertex 12.068965472281 -5.17241377383471 3.89999989420176
         vertex 8.62068962305784 -5.17241377383471 3.89999989420176
         vertex 12.068965472281 -8.62068962305784 3.89999989420176
      endloop
   endfacet
   facet normal 0 0 1
      outer loop
         vertex 12.068965472281 -8.62068962305784 3.89999989420176
         vertex 8.62068962305784 -5.17241377383471 3.89999989420176
         vertex 8.62068962305784 -8.62068962305784 3.89999989420176
      endloop
   endfacet
   facet normal 0 0 1
      outer loop
         vertex 12.068965472281 -8.62068962305784 3.89999989420176
         vertex 8.62068962305784 -8.62068962305784 3.89999989420176
         vertex 12.068965472281 -12.068965472281 3.89999989420176
      endloop
   endfacet
   facet normal 0 0 1
      outer loop
         vertex 12.068965472281 -12.068965472281 3.89999989420176
         vertex 8.62068962305784 -8.62068962305784 3.89999989420176
         vertex 8.62068962305784 -12.068965472281 3.89999989420176
      endloop
   endfacet
   facet normal 0 0 1
      outer loop
         vertex 12.068965472281 -12.068965472281 3.89999989420176
         vertex 8.62068962305784 -12.068965472281 3.89999989420176
         vertex 12.068965472281 -15.5172413215041 3.89999989420176
      endloop
   endfacet
   facet normal 0 0 1
      outer loop
         vertex 12.068965472281 -15.5172413215041 3.89999989420176
         vertex 8.62068962305784 -12.068965472281 3.89999989420176
         vertex 8.62068962305784 -15.5172413215041 3.89999989420176
      endloop
   endfacet
   facet normal 0 0 1
      outer loop
         vertex 12.068965472281 -15.5172413215041 3.89999989420176
         vertex 8.62068962305784 -15.5172413215041 3.89999989420176
         vertex 12.068965472281 -18.9655181020498 3.89999989420176
      endloop
   endfacet
   facet normal 0 0 1
      outer loop
         vertex 12.068965472281 -18.9655181020498 3.89999989420176
         vertex 8.62068962305784 -15.5172413215041 3.89999989420176
         vertex 8.62068962305784 -18.9655181020498 3.89999989420176
      endloop
   endfacet
   facet normal 0 0 1
      outer loop
         vertex 12.068965472281 -18.9655181020498 3.89999989420176
         vertex 8.62068962305784 -18.9655181020498 3.89999989420176
         vertex 12.068965472281 -22.413793951273 3.89999989420176
      endloop
   endfacet
   facet normal 0 0 1
      outer loop
         vertex 12.068965472281 -22.413793951273 3.89999989420176
         vertex 8.62068962305784 -18.9655181020498 3.89999989420176
         vertex 8.62068962305784 -22.413793951273 3.89999989420176
      endloop
   endfacet
   facet normal 0 0 1
      outer loop
         vertex 8.62068962305784 29.3103456497192 3.89999989420176
         vertex 5.17241377383471 29.3103456497192 3.89999989420176
         vertex 8.62068962305784 25.8620698004961 3.89999989420176
      endloop
   endfacet
   facet normal 0 0 1
      outer loop
         vertex 8.62068962305784 25.8620698004961 3.89999989420176
         vertex 5.17241377383471 29.3103456497192 3.89999989420176
         vertex 5.17241377383471 25.8620698004961 3.89999989420176
      endloop
   endfacet
   facet normal 0 0 1
      outer loop
         vertex 8.62068962305784 25.8620698004961 3.89999989420176
         vertex 5.17241377383471 25.8620698004961 3.89999989420176
         vertex 8.62068962305784 22.413793951273 3.89999989420176
      endloop
   endfacet
   facet normal 0 0 1
      outer loop
         vertex 8.62068962305784 22.413793951273 3.89999989420176
         vertex 5.17241377383471 25.8620698004961 3.89999989420176
         vertex 5.17241377383471 22.413793951273 3.89999989420176
      endloop
   endfacet
   facet normal 0 0 1
      outer loop
         vertex 8.62068962305784 22.413793951273 3.89999989420176
         vertex 5.17241377383471 22.413793951273 3.89999989420176
         vertex 8.62068962305784 18.9655181020498 3.89999989420176
      endloop
   endfacet
   facet normal 0 0 1
      outer loop
         vertex 8.62068962305784 18.9655181020498 3.89999989420176
         vertex 5.17241377383471 22.413793951273 3.89999989420176
         vertex 5.17241377383471 18.9655181020498 3.89999989420176
      endloop
   endfacet
   facet normal 0 0 1
      outer loop
         vertex 8.62068962305784 18.9655181020498 3.89999989420176
         vertex 5.17241377383471 18.9655181020498 3.89999989420176
         vertex 8.62068962305784 15.5172413215041 3.89999989420176
      endloop
   endfacet
   facet normal 0 0 1
      outer loop
         vertex 8.62068962305784 15.5172413215041 3.89999989420176
         vertex 5.17241377383471 18.9655181020498 3.89999989420176
         vertex 5.17241377383471 15.5172413215041 3.89999989420176
      endloop
   endfacet
   facet normal 0 0 1
      outer loop
         vertex 8.62068962305784 15.5172413215041 3.89999989420176
         vertex 5.17241377383471 15.5172413215041 3.89999989420176
         vertex 8.62068962305784 12.068965472281 3.89999989420176
      endloop
   endfacet
   facet normal 0 0 1
      outer loop
         vertex 8.62068962305784 12.068965472281 3.89999989420176
         vertex 5.17241377383471 15.5172413215041 3.89999989420176
         vertex 5.17241377383471 12.068965472281 3.89999989420176
      endloop
   endfacet
   facet normal 0 0 1
      outer loop
         vertex 8.62068962305784 12.068965472281 3.89999989420176
         vertex 5.17241377383471 12.068965472281 3.89999989420176
         vertex 8.62068962305784 8.62068962305784 3.89999989420176
      endloop
   endfacet
   facet normal 0 0 1
      outer loop
         vertex 8.62068962305784 8.62068962305784 3.89999989420176
         vertex 5.17241377383471 12.068965472281 3.89999989420176
         vertex 5.17241377383471 8.62068962305784 3.89999989420176
      endloop
   endfacet
   facet normal 0 0 1
      outer loop
         vertex 8.62068962305784 8.62068962305784 3.89999989420176
         vertex 5.17241377383471 8.62068962305784 3.89999989420176
         vertex 8.62068962305784 5.17241377383471 3.89999989420176
      endloop
   endfacet
   facet normal 0 0 1
      outer loop
         vertex 8.62068962305784 5.17241377383471 3.89999989420176
         vertex 5.17241377383471 8.62068962305784 3.89999989420176
         vertex 5.17241377383471 5.17241377383471 3.89999989420176
      endloop
   endfacet
   facet normal 0 0 1
      outer loop
         vertex 8.62068962305784 5.17241377383471 3.89999989420176
         vertex 5.17241377383471 5.17241377383471 3.89999989420176
         vertex 8.62068962305784 1.72413792461157 3.89999989420176
      endloop
   endfacet
   facet normal 0 0 1
      outer loop
         vertex 8.62068962305784 1.72413792461157 3.89999989420176
         vertex 5.17241377383471 5.17241377383471 3.89999989420176
         vertex 5.17241377383471 1.72413792461157 3.89999989420176
      endloop
   endfacet
   facet normal 0 0 1
      outer loop
         vertex 8.62068962305784 1.72413792461157 3.89999989420176
         vertex 5.17241377383471 1.72413792461157 3.89999989420176
         vertex 8.62068962305784 -1.72413792461157 3.89999989420176
      endloop
   endfacet
   facet normal 0 0 1
      outer loop
         vertex 8.62068962305784 -1.72413792461157 3.89999989420176
         vertex 5.17241377383471 1.72413792461157 3.89999989420176
         vertex 5.17241377383471 -1.72413792461157 3.89999989420176
      endloop
   endfacet
   facet normal 0 0 1
      outer loop
         vertex 8.62068962305784 -1.72413792461157 3.89999989420176
         vertex 5.17241377383471 -1.72413792461157 3.89999989420176
         vertex 8.62068962305784 -5.17241377383471 3.89999989420176
      endloop
   endfacet
   facet normal 0 0 1
      outer loop
         vertex 8.62068962305784 -5.17241377383471 3.89999989420176
         vertex 5.17241377383471 -1.72413792461157 3.89999989420176
         vertex 5.17241377383471 -5.17241377383471 3.89999989420176
      endloop
   endfacet
   facet normal 0 0 1
      outer loop
         vertex 8.62068962305784 -5.17241377383471 3.89999989420176
         vertex 5.17241377383471 -5.17241377383471 3.89999989420176
         vertex 8.62068962305784 -8.62068962305784 3.89999989420176
      endloop
   endfacet
   facet normal 0 0 1
      outer loop
         vertex 8.62068962305784 -8.62068962305784 3.89999989420176
         vertex 5.17241377383471 -5.17241377383471 3.89999989420176
         vertex 5.17241377383471 -8.62068962305784 3.89999989420176
      endloop
   endfacet
   facet normal 0 0 1
      outer loop
         vertex 8.62068962305784 -8.62068962305784 3.89999989420176
         vertex 5.17241377383471 -8.62068962305784 3.89999989420176
         vertex 8.62068962305784 -12.068965472281 3.89999989420176
      endloop
   endfacet
   facet normal 0 0 1
      outer loop
         vertex 8.62068962305784 -12.068965472281 3.89999989420176
         vertex 5.17241377383471 -8.62068962305784 3.89999989420176
         vertex 5.17241377383471 -12.068965472281 3.89999989420176
      endloop
   endfacet
   facet normal 0 0 1
      outer loop
         vertex 8.62068962305784 -12.068965472281 3.89999989420176
         vertex 5.17241377383471 -12.068965472281 3.89999989420176
         vertex 8.62068962305784 -15.5172413215041 3.89999989420176
      endloop
   endfacet
   facet normal 0 0 1
      outer loop
         vertex 8.62068962305784 -15.5172413215041 3.89999989420176
         vertex 5.17241377383471 -12.068965472281 3.89999989420176
         vertex 5.17241377383471 -15.5172413215041 3.89999989420176
      endloop
   endfacet
   facet normal 0 0 1
      outer loop
         vertex 8.62068962305784 -15.5172413215041 3.89999989420176
         vertex 5.17241377383471 -15.5172413215041 3.89999989420176
         vertex 8.62068962305784 -18.9655181020498 3.89999989420176
      endloop
   endfacet
   facet normal 0 0 1
      outer loop
         vertex 8.62068962305784 -18.9655181020498 3.89999989420176
         vertex 5.17241377383471 -15.5172413215041 3.89999989420176
         vertex 5.17241377383471 -18.9655181020498 3.89999989420176
      endloop
   endfacet
   facet normal 0 0 1
      outer loop
         vertex 8.62068962305784 -18.9655181020498 3.89999989420176
         vertex 5.17241377383471 -18.9655181020498 3.89999989420176
         vertex 8.62068962305784 -22.413793951273 3.89999989420176
      endloop
   endfacet
   facet normal 0 0 1
      outer loop
         vertex 8.62068962305784 -22.413793951273 3.89999989420176
         vertex 5.17241377383471 -18.9655181020498 3.89999989420176
         vertex 5.17241377383471 -22.413793951273 3.89999989420176
      endloop
   endfacet
   facet normal 0 0 1
      outer loop
         vertex 5.17241377383471 32.7586196362972 3.89999989420176
         vertex 1.72413792461157 32.7586196362972 3.89999989420176
         vertex 5.17241377383471 29.3103456497192 3.89999989420176
      endloop
   endfacet
   facet normal 0 0 1
      outer loop
         vertex 5.17241377383471 29.3103456497192 3.89999989420176
         vertex 1.72413792461157 32.7586196362972 3.89999989420176
         vertex 1.72413792461157 29.3103456497192 3.89999989420176
      endloop
   endfacet
   facet normal 0 0 1
      outer loop
         vertex 5.17241377383471 29.3103456497192 3.89999989420176
         vertex 1.72413792461157 29.3103456497192 3.89999989420176
         vertex 5.17241377383471 25.8620698004961 3.89999989420176
      endloop
   endfacet
   facet normal 0 0 1
      outer loop
         vertex 5.17241377383471 25.8620698004961 3.89999989420176
         vertex 1.72413792461157 29.3103456497192 3.89999989420176
         vertex 1.72413792461157 25.8620698004961 3.89999989420176
      endloop
   endfacet
   facet normal 0 0 1
      outer loop
         vertex 5.17241377383471 25.8620698004961 3.89999989420176
         vertex 1.72413792461157 25.8620698004961 3.89999989420176
         vertex 5.17241377383471 22.413793951273 3.89999989420176
      endloop
   endfacet
   facet normal 0 0 1
      outer loop
         vertex 5.17241377383471 22.413793951273 3.89999989420176
         vertex 1.72413792461157 25.8620698004961 3.89999989420176
         vertex 1.72413792461157 22.413793951273 3.89999989420176
      endloop
   endfacet
   facet normal 0 0 1
      outer loop
         vertex 5.17241377383471 22.413793951273 3.89999989420176
         vertex 1.72413792461157 22.413793951273 3.89999989420176
         vertex 5.17241377383471 18.9655181020498 3.89999989420176
      endloop
   endfacet
   facet normal 0 0 1
      outer loop
         vertex 5.17241377383471 18.9655181020498 3.89999989420176
         vertex 1.72413792461157 22.413793951273 3.89999989420176
         vertex 1.72413792461157 18.9655181020498 3.89999989420176
      endloop
   endfacet
   facet normal 0 0 1
      outer loop
         vertex 5.17241377383471 18.9655181020498 3.89999989420176
         vertex 1.72413792461157 18.9655181020498 3.89999989420176
         vertex 5.17241377383471 15.5172413215041 3.89999989420176
      endloop
   endfacet
   facet normal 0 0 1
      outer loop
         vertex 5.17241377383471 15.5172413215041 3.89999989420176
         vertex 1.72413792461157 18.9655181020498 3.89999989420176
         vertex 1.72413792461157 15.5172413215041 3.89999989420176
      endloop
   endfacet
   facet normal 0 0 1
      outer loop
         vertex 5.17241377383471 15.5172413215041 3.89999989420176
         vertex 1.72413792461157 15.5172413215041 3.89999989420176
         vertex 5.17241377383471 12.068965472281 3.89999989420176
      endloop
   endfacet
   facet normal 0 0 1
      outer loop
         vertex 5.17241377383471 12.068965472281 3.89999989420176
         vertex 1.72413792461157 15.5172413215041 3.89999989420176
         vertex 1.72413792461157 12.068965472281 3.89999989420176
      endloop
   endfacet
   facet normal 0 0 1
      outer loop
         vertex 5.17241377383471 12.068965472281 3.89999989420176
         vertex 1.72413792461157 12.068965472281 3.89999989420176
         vertex 5.17241377383471 8.62068962305784 3.89999989420176
      endloop
   endfacet
   facet normal 0 0 1
      outer loop
         vertex 5.17241377383471 8.62068962305784 3.89999989420176
         vertex 1.72413792461157 12.068965472281 3.89999989420176
         vertex 1.72413792461157 8.62068962305784 3.89999989420176
      endloop
   endfacet
   facet normal 0 0 1
      outer loop
         vertex 5.17241377383471 8.62068962305784 3.89999989420176
         vertex 1.72413792461157 8.62068962305784 3.89999989420176
         vertex 5.17241377383471 5.17241377383471 3.89999989420176
      endloop
   endfacet
   facet normal 0 0 1
      outer loop
         vertex 5.17241377383471 5.17241377383471 3.89999989420176
         vertex 1.72413792461157 8.62068962305784 3.89999989420176
         vertex 1.72413792461157 5.17241377383471 3.89999989420176
      endloop
   endfacet
   facet normal 0 0 1
      outer loop
         vertex 5.17241377383471 5.17241377383471 3.89999989420176
         vertex 1.72413792461157 5.17241377383471 3.89999989420176
         vertex 5.17241377383471 1.72413792461157 3.89999989420176
      endloop
   endfacet
   facet normal 0 0 1
      outer loop
         vertex 5.17241377383471 1.72413792461157 3.89999989420176
         vertex 1.72413792461157 5.17241377383471 3.89999989420176
         vertex 1.72413792461157 1.72413792461157 3.89999989420176
      endloop
   endfacet
   facet normal 0 0 1
      outer loop
         vertex 5.17241377383471 1.72413792461157 3.89999989420176
         vertex 1.72413792461157 1.72413792461157 3.89999989420176
         vertex 5.17241377383471 -1.72413792461157 3.89999989420176
      endloop
   endfacet
   facet normal 0 0 1
      outer loop
         vertex 5.17241377383471 -1.72413792461157 3.89999989420176
         vertex 1.72413792461157 1.72413792461157 3.89999989420176
         vertex 1.72413792461157 -1.72413792461157 3.89999989420176
      endloop
   endfacet
   facet normal 0 0 1
      outer loop
         vertex 5.17241377383471 -1.72413792461157 3.89999989420176
         vertex 1.72413792461157 -1.72413792461157 3.89999989420176
         vertex 5.17241377383471 -5.17241377383471 3.89999989420176
      endloop
   endfacet
   facet normal 0 0 1
      outer loop
         vertex 5.17241377383471 -5.17241377383471 3.89999989420176
         vertex 1.72413792461157 -1.72413792461157 3.89999989420176
         vertex 1.72413792461157 -5.17241377383471 3.89999989420176
      endloop
   endfacet
   facet normal 0 0 1
      outer loop
         vertex 5.17241377383471 -5.17241377383471 3.89999989420176
         vertex 1.72413792461157 -5.17241377383471 3.89999989420176
         vertex 5.17241377383471 -8.62068962305784 3.89999989420176
      endloop
   endfacet
   facet normal 0 0 1
      outer loop
         vertex 5.17241377383471 -8.62068962305784 3.89999989420176
         vertex 1.72413792461157 -5.17241377383471 3.89999989420176
         vertex 1.72413792461157 -8.62068962305784 3.89999989420176
      endloop
   endfacet
   facet normal 0 0 1
      outer loop
         vertex 5.17241377383471 -8.62068962305784 3.89999989420176
         vertex 1.72413792461157 -8.62068962305784 3.89999989420176
         vertex 5.17241377383471 -12.068965472281 3.89999989420176
      endloop
   endfacet
   facet normal 0 0 1
      outer loop
         vertex 5.17241377383471 -12.068965472281 3.89999989420176
         vertex 1.72413792461157 -8.62068962305784 3.89999989420176
         vertex 1.72413792461157 -12.068965472281 3.89999989420176
      endloop
   endfacet
   facet normal 0 0 1
      outer loop
         vertex 5.17241377383471 -12.068965472281 3.89999989420176
         vertex 1.72413792461157 -12.068965472281 3.89999989420176
         vertex 5.17241377383471 -15.5172413215041 3.89999989420176
      endloop
   endfacet
   facet normal 0 0 1
      outer loop
         vertex 5.17241377383471 -15.5172413215041 3.89999989420176
         vertex 1.72413792461157 -12.068965472281 3.89999989420176
         vertex 1.72413792461157 -15.5172413215041 3.89999989420176
      endloop
   endfacet
   facet normal 0 0 1
      outer loop
         vertex 5.17241377383471 -15.5172413215041 3.89999989420176
         vertex 1.72413792461157 -15.5172413215041 3.89999989420176
         vertex 5.17241377383471 -18.9655181020498 3.89999989420176
      endloop
   endfacet
   facet normal 0 0 1
      outer loop
         vertex 5.17241377383471 -18.9655181020498 3.89999989420176
         vertex 1.72413792461157 -15.5172413215041 3.89999989420176
         vertex 1.72413792461157 -18.9655181020498 3.89999989420176
      endloop
   endfacet
   facet normal 0 0 1
      outer loop
         vertex 5.17241377383471 -18.9655181020498 3.89999989420176
         vertex 1.72413792461157 -18.9655181020498 3.89999989420176
         vertex 5.17241377383471 -22.413793951273 3.89999989420176
      endloop
   endfacet
   facet normal 0 0 1
      outer loop
         vertex 5.17241377383471 -22.413793951273 3.89999989420176
         vertex 1.72413792461157 -18.9655181020498 3.89999989420176
         vertex 1.72413792461157 -22.413793951273 3.89999989420176
      endloop
   endfacet
   facet normal 0 0 1
      outer loop
         vertex 1.72413792461157 36.2068973481655 3.89999989420176
         vertex -1.72413792461157 36.2068973481655 3.89999989420176
         vertex 1.72413792461157 32.7586196362972 3.89999989420176
      endloop
   endfacet
   facet normal 0 0 1
      outer loop
         vertex 1.72413792461157 32.7586196362972 3.89999989420176
         vertex -1.72413792461157 36.2068973481655 3.89999989420176
         vertex -1.72413792461157 32.7586196362972 3.89999989420176
      endloop
   endfacet
   facet normal 0 0 1
      outer loop
         vertex 1.72413792461157 32.7586196362972 3.89999989420176
         vertex -1.72413792461157 32.7586196362972 3.89999989420176
         vertex 1.72413792461157 29.3103456497192 3.89999989420176
      endloop
   endfacet
   facet normal 0 0 1
      outer loop
         vertex 1.72413792461157 29.3103456497192 3.89999989420176
         vertex -1.72413792461157 32.7586196362972 3.89999989420176
         vertex -1.72413792461157 29.3103456497192 3.89999989420176
      endloop
   endfacet
   facet normal 0 0 1
      outer loop
         vertex 1.72413792461157 29.3103456497192 3.89999989420176
         vertex -1.72413792461157 29.3103456497192 3.89999989420176
         vertex 1.72413792461157 25.8620698004961 3.89999989420176
      endloop
   endfacet
   facet normal 0 0 1
      outer loop
         vertex 1.72413792461157 25.8620698004961 3.89999989420176
         vertex -1.72413792461157 29.3103456497192 3.89999989420176
         vertex -1.72413792461157 25.8620698004961 3.89999989420176
      endloop
   endfacet
   facet normal 0 0 1
      outer loop
         vertex 1.72413792461157 25.8620698004961 3.89999989420176
         vertex -1.72413792461157 25.8620698004961 3.89999989420176
         vertex 1.72413792461157 22.413793951273 3.89999989420176
      endloop
   endfacet
   facet normal 0 0 1
      outer loop
         vertex 1.72413792461157 22.413793951273 3.89999989420176
         vertex -1.72413792461157 25.8620698004961 3.89999989420176
         vertex -1.72413792461157 22.413793951273 3.89999989420176
      endloop
   endfacet
   facet normal 0 0 1
      outer loop
         vertex 1.72413792461157 22.413793951273 3.89999989420176
         vertex -1.72413792461157 22.413793951273 3.89999989420176
         vertex 1.72413792461157 18.9655181020498 3.89999989420176
      endloop
   endfacet
   facet normal 0 0 1
      outer loop
         vertex 1.72413792461157 18.9655181020498 3.89999989420176
         vertex -1.72413792461157 22.413793951273 3.89999989420176
         vertex -1.72413792461157 18.9655181020498 3.89999989420176
      endloop
   endfacet
   facet normal 0 0 1
      outer loop
         vertex 1.72413792461157 18.9655181020498 3.89999989420176
         vertex -1.72413792461157 18.9655181020498 3.89999989420176
         vertex 1.72413792461157 15.5172413215041 3.89999989420176
      endloop
   endfacet
   facet normal 0 0 1
      outer loop
         vertex 1.72413792461157 15.5172413215041 3.89999989420176
         vertex -1.72413792461157 18.9655181020498 3.89999989420176
         vertex -1.72413792461157 15.5172413215041 3.89999989420176
      endloop
   endfacet
   facet normal 0 0 1
      outer loop
         vertex 1.72413792461157 15.5172413215041 3.89999989420176
         vertex -1.72413792461157 15.5172413215041 3.89999989420176
         vertex 1.72413792461157 12.068965472281 3.89999989420176
      endloop
   endfacet
   facet normal 0 0 1
      outer loop
         vertex 1.72413792461157 12.068965472281 3.89999989420176
         vertex -1.72413792461157 15.5172413215041 3.89999989420176
         vertex -1.72413792461157 12.068965472281 3.89999989420176
      endloop
   endfacet
   facet normal 0 0 1
      outer loop
         vertex 1.72413792461157 12.068965472281 3.89999989420176
         vertex -1.72413792461157 12.068965472281 3.89999989420176
         vertex 1.72413792461157 8.62068962305784 3.89999989420176
      endloop
   endfacet
   facet normal 0 0 1
      outer loop
         vertex 1.72413792461157 8.62068962305784 3.89999989420176
         vertex -1.72413792461157 12.068965472281 3.89999989420176
         vertex -1.72413792461157 8.62068962305784 3.89999989420176
      endloop
   endfacet
   facet normal 0 0 1
      outer loop
         vertex 1.72413792461157 8.62068962305784 3.89999989420176
         vertex -1.72413792461157 8.62068962305784 3.89999989420176
         vertex 1.72413792461157 5.17241377383471 3.89999989420176
      endloop
   endfacet
   facet normal 0 0 1
      outer loop
         vertex 1.72413792461157 5.17241377383471 3.89999989420176
         vertex -1.72413792461157 8.62068962305784 3.89999989420176
         vertex -1.72413792461157 5.17241377383471 3.89999989420176
      endloop
   endfacet
   facet normal 0 0 1
      outer loop
         vertex 1.72413792461157 5.17241377383471 3.89999989420176
         vertex -1.72413792461157 5.17241377383471 3.89999989420176
         vertex 1.72413792461157 1.72413792461157 3.89999989420176
      endloop
   endfacet
   facet normal 0 0 1
      outer loop
         vertex 1.72413792461157 1.72413792461157 3.89999989420176
         vertex -1.72413792461157 5.17241377383471 3.89999989420176
         vertex -1.72413792461157 1.72413792461157 3.89999989420176
      endloop
   endfacet
   facet normal 0 0 1
      outer loop
         vertex 1.72413792461157 1.72413792461157 3.89999989420176
         vertex -1.72413792461157 1.72413792461157 3.89999989420176
         vertex 1.72413792461157 -1.72413792461157 3.89999989420176
      endloop
   endfacet
   facet normal 0 0 1
      outer loop
         vertex 1.72413792461157 -1.72413792461157 3.89999989420176
         vertex -1.72413792461157 1.72413792461157 3.89999989420176
         vertex -1.72413792461157 -1.72413792461157 3.89999989420176
      endloop
   endfacet
   facet normal 0 0 1
      outer loop
         vertex 1.72413792461157 -1.72413792461157 3.89999989420176
         vertex -1.72413792461157 -1.72413792461157 3.89999989420176
         vertex 1.72413792461157 -5.17241377383471 3.89999989420176
      endloop
   endfacet
   facet normal 0 0 1
      outer loop
         vertex 1.72413792461157 -5.17241377383471 3.89999989420176
         vertex -1.72413792461157 -1.72413792461157 3.89999989420176
         vertex -1.72413792461157 -5.17241377383471 3.89999989420176
      endloop
   endfacet
   facet normal 0 0 1
      outer loop
         vertex 1.72413792461157 -5.17241377383471 3.89999989420176
         vertex -1.72413792461157 -5.17241377383471 3.89999989420176
         vertex 1.72413792461157 -8.62068962305784 3.89999989420176
      endloop
   endfacet
   facet normal 0 0 1
      outer loop
         vertex 1.72413792461157 -8.62068962305784 3.89999989420176
         vertex -1.72413792461157 -5.17241377383471 3.89999989420176
         vertex -1.72413792461157 -8.62068962305784 3.89999989420176
      endloop
   endfacet
   facet normal 0 0 1
      outer loop
         vertex 1.72413792461157 -8.62068962305784 3.89999989420176
         vertex -1.72413792461157 -8.62068962305784 3.89999989420176
         vertex 1.72413792461157 -12.068965472281 3.89999989420176
      endloop
   endfacet
   facet normal 0 0 1
      outer loop
         vertex 1.72413792461157 -12.068965472281 3.89999989420176
         vertex -1.72413792461157 -8.62068962305784 3.89999989420176
         vertex -1.72413792461157 -12.068965472281 3.89999989420176
      endloop
   endfacet
   facet normal 0 0 1
      outer loop
         vertex 1.72413792461157 -12.068965472281 3.89999989420176
         vertex -1.72413792461157 -12.068965472281 3.89999989420176
         vertex 1.72413792461157 -15.5172413215041 3.89999989420176
      endloop
   endfacet
   facet normal 0 0 1
      outer loop
         vertex 1.72413792461157 -15.5172413215041 3.89999989420176
         vertex -1.72413792461157 -12.068965472281 3.89999989420176
         vertex -1.72413792461157 -15.5172413215041 3.89999989420176
      endloop
   endfacet
   facet normal 0 0 1
      outer loop
         vertex 1.72413792461157 -15.5172413215041 3.89999989420176
         vertex -1.72413792461157 -15.5172413215041 3.89999989420176
         vertex 1.72413792461157 -18.9655181020498 3.89999989420176
      endloop
   endfacet
   facet normal 0 0 1
      outer loop
         vertex 1.72413792461157 -18.9655181020498 3.89999989420176
         vertex -1.72413792461157 -15.5172413215041 3.89999989420176
         vertex -1.72413792461157 -18.9655181020498 3.89999989420176
      endloop
   endfacet
   facet normal 0 0 1
      outer loop
         vertex 1.72413792461157 -18.9655181020498 3.89999989420176
         vertex -1.72413792461157 -18.9655181020498 3.89999989420176
         vertex 1.72413792461157 -22.413793951273 3.89999989420176
      endloop
   endfacet
   facet normal 0 0 1
      outer loop
         vertex 1.72413792461157 -22.413793951273 3.89999989420176
         vertex -1.72413792461157 -18.9655181020498 3.89999989420176
         vertex -1.72413792461157 -22.413793951273 3.89999989420176
      endloop
   endfacet
   facet normal 0 0 1
      outer loop
         vertex -1.72413792461157 39.6551713347435 3.89999989420176
         vertex -5.17241377383471 39.6551713347435 3.89999989420176
         vertex -1.72413792461157 36.2068973481655 3.89999989420176
      endloop
   endfacet
   facet normal 0 0 1
      outer loop
         vertex -1.72413792461157 36.2068973481655 3.89999989420176
         vertex -5.17241377383471 39.6551713347435 3.89999989420176
         vertex -5.17241377383471 36.2068973481655 3.89999989420176
      endloop
   endfacet
   facet normal 0 0 1
      outer loop
         vertex -1.72413792461157 36.2068973481655 3.89999989420176
         vertex -5.17241377383471 36.2068973481655 3.89999989420176
         vertex -1.72413792461157 32.7586196362972 3.89999989420176
      endloop
   endfacet
   facet normal 0 0 1
      outer loop
         vertex -1.72413792461157 32.7586196362972 3.89999989420176
         vertex -5.17241377383471 36.2068973481655 3.89999989420176
         vertex -5.17241377383471 32.7586196362972 3.89999989420176
      endloop
   endfacet
   facet normal 0 0 1
      outer loop
         vertex -1.72413792461157 32.7586196362972 3.89999989420176
         vertex -5.17241377383471 32.7586196362972 3.89999989420176
         vertex -1.72413792461157 29.3103456497192 3.89999989420176
      endloop
   endfacet
   facet normal 0 0 1
      outer loop
         vertex -1.72413792461157 29.3103456497192 3.89999989420176
         vertex -5.17241377383471 32.7586196362972 3.89999989420176
         vertex -5.17241377383471 29.3103456497192 3.89999989420176
      endloop
   endfacet
   facet normal 0 0 1
      outer loop
         vertex -1.72413792461157 29.3103456497192 3.89999989420176
         vertex -5.17241377383471 29.3103456497192 3.89999989420176
         vertex -1.72413792461157 25.8620698004961 3.89999989420176
      endloop
   endfacet
   facet normal 0 0 1
      outer loop
         vertex -1.72413792461157 25.8620698004961 3.89999989420176
         vertex -5.17241377383471 29.3103456497192 3.89999989420176
         vertex -5.17241377383471 25.8620698004961 3.89999989420176
      endloop
   endfacet
   facet normal 0 0 1
      outer loop
         vertex -1.72413792461157 25.8620698004961 3.89999989420176
         vertex -5.17241377383471 25.8620698004961 3.89999989420176
         vertex -1.72413792461157 22.413793951273 3.89999989420176
      endloop
   endfacet
   facet normal 0 0 1
      outer loop
         vertex -1.72413792461157 22.413793951273 3.89999989420176
         vertex -5.17241377383471 25.8620698004961 3.89999989420176
         vertex -5.17241377383471 22.413793951273 3.89999989420176
      endloop
   endfacet
   facet normal 0 0 1
      outer loop
         vertex -1.72413792461157 22.413793951273 3.89999989420176
         vertex -5.17241377383471 22.413793951273 3.89999989420176
         vertex -1.72413792461157 18.9655181020498 3.89999989420176
      endloop
   endfacet
   facet normal 0 0 1
      outer loop
         vertex -1.72413792461157 18.9655181020498 3.89999989420176
         vertex -5.17241377383471 22.413793951273 3.89999989420176
         vertex -5.17241377383471 18.9655181020498 3.89999989420176
      endloop
   endfacet
   facet normal 0 0 1
      outer loop
         vertex -1.72413792461157 18.9655181020498 3.89999989420176
         vertex -5.17241377383471 18.9655181020498 3.89999989420176
         vertex -1.72413792461157 15.5172413215041 3.89999989420176
      endloop
   endfacet
   facet normal 0 0 1
      outer loop
         vertex -1.72413792461157 15.5172413215041 3.89999989420176
         vertex -5.17241377383471 18.9655181020498 3.89999989420176
         vertex -5.17241377383471 15.5172413215041 3.89999989420176
      endloop
   endfacet
   facet normal 0 0 1
      outer loop
         vertex -1.72413792461157 15.5172413215041 3.89999989420176
         vertex -5.17241377383471 15.5172413215041 3.89999989420176
         vertex -1.72413792461157 12.068965472281 3.89999989420176
      endloop
   endfacet
   facet normal 0 0 1
      outer loop
         vertex -1.72413792461157 12.068965472281 3.89999989420176
         vertex -5.17241377383471 15.5172413215041 3.89999989420176
         vertex -5.17241377383471 12.068965472281 3.89999989420176
      endloop
   endfacet
   facet normal 0 0 1
      outer loop
         vertex -1.72413792461157 12.068965472281 3.89999989420176
         vertex -5.17241377383471 12.068965472281 3.89999989420176
         vertex -1.72413792461157 8.62068962305784 3.89999989420176
      endloop
   endfacet
   facet normal 0 0 1
      outer loop
         vertex -1.72413792461157 8.62068962305784 3.89999989420176
         vertex -5.17241377383471 12.068965472281 3.89999989420176
         vertex -5.17241377383471 8.62068962305784 3.89999989420176
      endloop
   endfacet
   facet normal 0 0 1
      outer loop
         vertex -1.72413792461157 8.62068962305784 3.89999989420176
         vertex -5.17241377383471 8.62068962305784 3.89999989420176
         vertex -1.72413792461157 5.17241377383471 3.89999989420176
      endloop
   endfacet
   facet normal 0 0 1
      outer loop
         vertex -1.72413792461157 5.17241377383471 3.89999989420176
         vertex -5.17241377383471 8.62068962305784 3.89999989420176
         vertex -5.17241377383471 5.17241377383471 3.89999989420176
      endloop
   endfacet
   facet normal 0 0 1
      outer loop
         vertex -1.72413792461157 5.17241377383471 3.89999989420176
         vertex -5.17241377383471 5.17241377383471 3.89999989420176
         vertex -1.72413792461157 1.72413792461157 3.89999989420176
      endloop
   endfacet
   facet normal 0 0 1
      outer loop
         vertex -1.72413792461157 1.72413792461157 3.89999989420176
         vertex -5.17241377383471 5.17241377383471 3.89999989420176
         vertex -5.17241377383471 1.72413792461157 3.89999989420176
      endloop
   endfacet
   facet normal 0 0 1
      outer loop
         vertex -1.72413792461157 1.72413792461157 3.89999989420176
         vertex -5.17241377383471 1.72413792461157 3.89999989420176
         vertex -1.72413792461157 -1.72413792461157 3.89999989420176
      endloop
   endfacet
   facet normal 0 0 1
      outer loop
         vertex -1.72413792461157 -1.72413792461157 3.89999989420176
         vertex -5.17241377383471 1.72413792461157 3.89999989420176
         vertex -5.17241377383471 -1.72413792461157 3.89999989420176
      endloop
   endfacet
   facet normal 0 0 1
      outer loop
         vertex -1.72413792461157 -1.72413792461157 3.89999989420176
         vertex -5.17241377383471 -1.72413792461157 3.89999989420176
         vertex -1.72413792461157 -5.17241377383471 3.89999989420176
      endloop
   endfacet
   facet normal 0 0 1
      outer loop
         vertex -1.72413792461157 -5.17241377383471 3.89999989420176
         vertex -5.17241377383471 -1.72413792461157 3.89999989420176
         vertex -5.17241377383471 -5.17241377383471 3.89999989420176
      endloop
   endfacet
   facet normal 0 0 1
      outer loop
         vertex -1.72413792461157 -5.17241377383471 3.89999989420176
         vertex -5.17241377383471 -5.17241377383471 3.89999989420176
         vertex -1.72413792461157 -8.62068962305784 3.89999989420176
      endloop
   endfacet
   facet normal 0 0 1
      outer loop
         vertex -1.72413792461157 -8.62068962305784 3.89999989420176
         vertex -5.17241377383471 -5.17241377383471 3.89999989420176
         vertex -5.17241377383471 -8.62068962305784 3.89999989420176
      endloop
   endfacet
   facet normal 0 0 1
      outer loop
         vertex -1.72413792461157 -8.62068962305784 3.89999989420176
         vertex -5.17241377383471 -8.62068962305784 3.89999989420176
         vertex -1.72413792461157 -12.068965472281 3.89999989420176
      endloop
   endfacet
   facet normal 0 0 1
      outer loop
         vertex -1.72413792461157 -12.068965472281 3.89999989420176
         vertex -5.17241377383471 -8.62068962305784 3.89999989420176
         vertex -5.17241377383471 -12.068965472281 3.89999989420176
      endloop
   endfacet
   facet normal 0 0 1
      outer loop
         vertex -1.72413792461157 -12.068965472281 3.89999989420176
         vertex -5.17241377383471 -12.068965472281 3.89999989420176
         vertex -1.72413792461157 -15.5172413215041 3.89999989420176
      endloop
   endfacet
   facet normal 0 0 1
      outer loop
         vertex -1.72413792461157 -15.5172413215041 3.89999989420176
         vertex -5.17241377383471 -12.068965472281 3.89999989420176
         vertex -5.17241377383471 -15.5172413215041 3.89999989420176
      endloop
   endfacet
   facet normal 0 0 1
      outer loop
         vertex -1.72413792461157 -15.5172413215041 3.89999989420176
         vertex -5.17241377383471 -15.5172413215041 3.89999989420176
         vertex -1.72413792461157 -18.9655181020498 3.89999989420176
      endloop
   endfacet
   facet normal 0 0 1
      outer loop
         vertex -1.72413792461157 -18.9655181020498 3.89999989420176
         vertex -5.17241377383471 -15.5172413215041 3.89999989420176
         vertex -5.17241377383471 -18.9655181020498 3.89999989420176
      endloop
   endfacet
   facet normal 0 0 1
      outer loop
         vertex -1.72413792461157 -18.9655181020498 3.89999989420176
         vertex -5.17241377383471 -18.9655181020498 3.89999989420176
         vertex -1.72413792461157 -22.413793951273 3.89999989420176
      endloop
   endfacet
   facet normal 0 0 1
      outer loop
         vertex -1.72413792461157 -22.413793951273 3.89999989420176
         vertex -5.17241377383471 -18.9655181020498 3.89999989420176
         vertex -5.17241377383471 -22.413793951273 3.89999989420176
      endloop
   endfacet
   facet normal 0 0 1
      outer loop
         vertex -5.17241377383471 43.1034490466118 3.89999989420176
         vertex -8.62068962305784 43.1034490466118 3.89999989420176
         vertex -5.17241377383471 39.6551713347435 3.89999989420176
      endloop
   endfacet
   facet normal 0 0 1
      outer loop
         vertex -5.17241377383471 39.6551713347435 3.89999989420176
         vertex -8.62068962305784 43.1034490466118 3.89999989420176
         vertex -8.62068962305784 39.6551713347435 3.89999989420176
      endloop
   endfacet
   facet normal 0 0 1
      outer loop
         vertex -5.17241377383471 39.6551713347435 3.89999989420176
         vertex -8.62068962305784 39.6551713347435 3.89999989420176
         vertex -5.17241377383471 36.2068973481655 3.89999989420176
      endloop
   endfacet
   facet normal 0 0 1
      outer loop
         vertex -5.17241377383471 36.2068973481655 3.89999989420176
         vertex -8.62068962305784 39.6551713347435 3.89999989420176
         vertex -8.62068962305784 36.2068973481655 3.89999989420176
      endloop
   endfacet
   facet normal 0 0 1
      outer loop
         vertex -5.17241377383471 36.2068973481655 3.89999989420176
         vertex -8.62068962305784 36.2068973481655 3.89999989420176
         vertex -5.17241377383471 32.7586196362972 3.89999989420176
      endloop
   endfacet
   facet normal 0 0 1
      outer loop
         vertex -5.17241377383471 32.7586196362972 3.89999989420176
         vertex -8.62068962305784 36.2068973481655 3.89999989420176
         vertex -8.62068962305784 32.7586196362972 3.89999989420176
      endloop
   endfacet
   facet normal 0 0 1
      outer loop
         vertex -5.17241377383471 32.7586196362972 3.89999989420176
         vertex -8.62068962305784 32.7586196362972 3.89999989420176
         vertex -5.17241377383471 29.3103456497192 3.89999989420176
      endloop
   endfacet
   facet normal 0 0 1
      outer loop
         vertex -5.17241377383471 29.3103456497192 3.89999989420176
         vertex -8.62068962305784 32.7586196362972 3.89999989420176
         vertex -8.62068962305784 29.3103456497192 3.89999989420176
      endloop
   endfacet
   facet normal 0 0 1
      outer loop
         vertex -5.17241377383471 29.3103456497192 3.89999989420176
         vertex -8.62068962305784 29.3103456497192 3.89999989420176
         vertex -5.17241377383471 25.8620698004961 3.89999989420176
      endloop
   endfacet
   facet normal 0 0 1
      outer loop
         vertex -5.17241377383471 25.8620698004961 3.89999989420176
         vertex -8.62068962305784 29.3103456497192 3.89999989420176
         vertex -8.62068962305784 25.8620698004961 3.89999989420176
      endloop
   endfacet
   facet normal 0 0 1
      outer loop
         vertex -5.17241377383471 25.8620698004961 3.89999989420176
         vertex -8.62068962305784 25.8620698004961 3.89999989420176
         vertex -5.17241377383471 22.413793951273 3.89999989420176
      endloop
   endfacet
   facet normal 0 0 1
      outer loop
         vertex -5.17241377383471 22.413793951273 3.89999989420176
         vertex -8.62068962305784 25.8620698004961 3.89999989420176
         vertex -8.62068962305784 22.413793951273 3.89999989420176
      endloop
   endfacet
   facet normal 0 0 1
      outer loop
         vertex -5.17241377383471 22.413793951273 3.89999989420176
         vertex -8.62068962305784 22.413793951273 3.89999989420176
         vertex -5.17241377383471 18.9655181020498 3.89999989420176
      endloop
   endfacet
   facet normal 0 0 1
      outer loop
         vertex -5.17241377383471 18.9655181020498 3.89999989420176
         vertex -8.62068962305784 22.413793951273 3.89999989420176
         vertex -8.62068962305784 18.9655181020498 3.89999989420176
      endloop
   endfacet
   facet normal 0 0 1
      outer loop
         vertex -5.17241377383471 18.9655181020498 3.89999989420176
         vertex -8.62068962305784 18.9655181020498 3.89999989420176
         vertex -5.17241377383471 15.5172413215041 3.89999989420176
      endloop
   endfacet
   facet normal 0 0 1
      outer loop
         vertex -5.17241377383471 15.5172413215041 3.89999989420176
         vertex -8.62068962305784 18.9655181020498 3.89999989420176
         vertex -8.62068962305784 15.5172413215041 3.89999989420176
      endloop
   endfacet
   facet normal 0 0 1
      outer loop
         vertex -5.17241377383471 15.5172413215041 3.89999989420176
         vertex -8.62068962305784 15.5172413215041 3.89999989420176
         vertex -5.17241377383471 12.068965472281 3.89999989420176
      endloop
   endfacet
   facet normal 0 0 1
      outer loop
         vertex -5.17241377383471 12.068965472281 3.89999989420176
         vertex -8.62068962305784 15.5172413215041 3.89999989420176
         vertex -8.62068962305784 12.068965472281 3.89999989420176
      endloop
   endfacet
   facet normal 0 0 1
      outer loop
         vertex -5.17241377383471 12.068965472281 3.89999989420176
         vertex -8.62068962305784 12.068965472281 3.89999989420176
         vertex -5.17241377383471 8.62068962305784 3.89999989420176
      endloop
   endfacet
   facet normal 0 0 1
      outer loop
         vertex -5.17241377383471 8.62068962305784 3.89999989420176
         vertex -8.62068962305784 12.068965472281 3.89999989420176
         vertex -8.62068962305784 8.62068962305784 3.89999989420176
      endloop
   endfacet
   facet normal 0 0 1
      outer loop
         vertex -5.17241377383471 8.62068962305784 3.89999989420176
         vertex -8.62068962305784 8.62068962305784 3.89999989420176
         vertex -5.17241377383471 5.17241377383471 3.89999989420176
      endloop
   endfacet
   facet normal 0 0 1
      outer loop
         vertex -5.17241377383471 5.17241377383471 3.89999989420176
         vertex -8.62068962305784 8.62068962305784 3.89999989420176
         vertex -8.62068962305784 5.17241377383471 3.89999989420176
      endloop
   endfacet
   facet normal 0 0 1
      outer loop
         vertex -5.17241377383471 5.17241377383471 3.89999989420176
         vertex -8.62068962305784 5.17241377383471 3.89999989420176
         vertex -5.17241377383471 1.72413792461157 3.89999989420176
      endloop
   endfacet
   facet normal 0 0 1
      outer loop
         vertex -5.17241377383471 1.72413792461157 3.89999989420176
         vertex -8.62068962305784 5.17241377383471 3.89999989420176
         vertex -8.62068962305784 1.72413792461157 3.89999989420176
      endloop
   endfacet
   facet normal 0 0 1
      outer loop
         vertex -5.17241377383471 1.72413792461157 3.89999989420176
         vertex -8.62068962305784 1.72413792461157 3.89999989420176
         vertex -5.17241377383471 -1.72413792461157 3.89999989420176
      endloop
   endfacet
   facet normal 0 0 1
      outer loop
         vertex -5.17241377383471 -1.72413792461157 3.89999989420176
         vertex -8.62068962305784 1.72413792461157 3.89999989420176
         vertex -8.62068962305784 -1.72413792461157 3.89999989420176
      endloop
   endfacet
   facet normal 0 0 1
      outer loop
         vertex -5.17241377383471 -1.72413792461157 3.89999989420176
         vertex -8.62068962305784 -1.72413792461157 3.89999989420176
         vertex -5.17241377383471 -5.17241377383471 3.89999989420176
      endloop
   endfacet
   facet normal 0 0 1
      outer loop
         vertex -5.17241377383471 -5.17241377383471 3.89999989420176
         vertex -8.62068962305784 -1.72413792461157 3.89999989420176
         vertex -8.62068962305784 -5.17241377383471 3.89999989420176
      endloop
   endfacet
   facet normal 0 0 1
      outer loop
         vertex -5.17241377383471 -5.17241377383471 3.89999989420176
         vertex -8.62068962305784 -5.17241377383471 3.89999989420176
         vertex -5.17241377383471 -8.62068962305784 3.89999989420176
      endloop
   endfacet
   facet normal 0 0 1
      outer loop
         vertex -5.17241377383471 -8.62068962305784 3.89999989420176
         vertex -8.62068962305784 -5.17241377383471 3.89999989420176
         vertex -8.62068962305784 -8.62068962305784 3.89999989420176
      endloop
   endfacet
   facet normal 0 0 1
      outer loop
         vertex -5.17241377383471 -8.62068962305784 3.89999989420176
         vertex -8.62068962305784 -8.62068962305784 3.89999989420176
         vertex -5.17241377383471 -12.068965472281 3.89999989420176
      endloop
   endfacet
   facet normal 0 0 1
      outer loop
         vertex -5.17241377383471 -12.068965472281 3.89999989420176
         vertex -8.62068962305784 -8.62068962305784 3.89999989420176
         vertex -8.62068962305784 -12.068965472281 3.89999989420176
      endloop
   endfacet
   facet normal 0 0 1
      outer loop
         vertex -5.17241377383471 -12.068965472281 3.89999989420176
         vertex -8.62068962305784 -12.068965472281 3.89999989420176
         vertex -5.17241377383471 -15.5172413215041 3.89999989420176
      endloop
   endfacet
   facet normal 0 0 1
      outer loop
         vertex -5.17241377383471 -15.5172413215041 3.89999989420176
         vertex -8.62068962305784 -12.068965472281 3.89999989420176
         vertex -8.62068962305784 -15.5172413215041 3.89999989420176
      endloop
   endfacet
   facet normal 0 0 1
      outer loop
         vertex -5.17241377383471 -15.5172413215041 3.89999989420176
         vertex -8.62068962305784 -15.5172413215041 3.89999989420176
         vertex -5.17241377383471 -18.9655181020498 3.89999989420176
      endloop
   endfacet
   facet normal 0 0 1
      outer loop
         vertex -5.17241377383471 -18.9655181020498 3.89999989420176
         vertex -8.62068962305784 -15.5172413215041 3.89999989420176
         vertex -8.62068962305784 -18.9655181020498 3.89999989420176
      endloop
   endfacet
   facet normal 0 0 1
      outer loop
         vertex -5.17241377383471 -18.9655181020498 3.89999989420176
         vertex -8.62068962305784 -18.9655181020498 3.89999989420176
         vertex -5.17241377383471 -22.413793951273 3.89999989420176
      endloop
   endfacet
   facet normal 0 0 1
      outer loop
         vertex -5.17241377383471 -22.413793951273 3.89999989420176
         vertex -8.62068962305784 -18.9655181020498 3.89999989420176
         vertex -8.62068962305784 -22.413793951273 3.89999989420176
      endloop
   endfacet
   facet normal 0 0 1
      outer loop
         vertex -8.62068962305784 46.5517230331898 3.89999989420176
         vertex -12.068965472281 46.5517230331898 3.89999989420176
         vertex -8.62068962305784 43.1034490466118 3.89999989420176
      endloop
   endfacet
   facet normal 0 0 1
      outer loop
         vertex -8.62068962305784 43.1034490466118 3.89999989420176
         vertex -12.068965472281 46.5517230331898 3.89999989420176
         vertex -12.068965472281 43.1034490466118 3.89999989420176
      endloop
   endfacet
   facet normal 0 0 1
      outer loop
         vertex -8.62068962305784 43.1034490466118 3.89999989420176
         vertex -12.068965472281 43.1034490466118 3.89999989420176
         vertex -8.62068962305784 39.6551713347435 3.89999989420176
      endloop
   endfacet
   facet normal 0 0 1
      outer loop
         vertex -8.62068962305784 39.6551713347435 3.89999989420176
         vertex -12.068965472281 43.1034490466118 3.89999989420176
         vertex -12.068965472281 39.6551713347435 3.89999989420176
      endloop
   endfacet
   facet normal 0 0 1
      outer loop
         vertex -8.62068962305784 39.6551713347435 3.89999989420176
         vertex -12.068965472281 39.6551713347435 3.89999989420176
         vertex -8.62068962305784 36.2068973481655 3.89999989420176
      endloop
   endfacet
   facet normal 0 0 1
      outer loop
         vertex -8.62068962305784 36.2068973481655 3.89999989420176
         vertex -12.068965472281 39.6551713347435 3.89999989420176
         vertex -12.068965472281 36.2068973481655 3.89999989420176
      endloop
   endfacet
   facet normal 0 0 1
      outer loop
         vertex -8.62068962305784 36.2068973481655 3.89999989420176
         vertex -12.068965472281 36.2068973481655 3.89999989420176
         vertex -8.62068962305784 32.7586196362972 3.89999989420176
      endloop
   endfacet
   facet normal 0 0 1
      outer loop
         vertex -8.62068962305784 32.7586196362972 3.89999989420176
         vertex -12.068965472281 36.2068973481655 3.89999989420176
         vertex -12.068965472281 32.7586196362972 3.89999989420176
      endloop
   endfacet
   facet normal 0 0 1
      outer loop
         vertex -8.62068962305784 32.7586196362972 3.89999989420176
         vertex -12.068965472281 32.7586196362972 3.89999989420176
         vertex -8.62068962305784 29.3103456497192 3.89999989420176
      endloop
   endfacet
   facet normal 0 0 1
      outer loop
         vertex -8.62068962305784 29.3103456497192 3.89999989420176
         vertex -12.068965472281 32.7586196362972 3.89999989420176
         vertex -12.068965472281 29.3103456497192 3.89999989420176
      endloop
   endfacet
   facet normal 0 0 1
      outer loop
         vertex -8.62068962305784 29.3103456497192 3.89999989420176
         vertex -12.068965472281 29.3103456497192 3.89999989420176
         vertex -8.62068962305784 25.8620698004961 3.89999989420176
      endloop
   endfacet
   facet normal 0 0 1
      outer loop
         vertex -8.62068962305784 25.8620698004961 3.89999989420176
         vertex -12.068965472281 29.3103456497192 3.89999989420176
         vertex -12.068965472281 25.8620698004961 3.89999989420176
      endloop
   endfacet
   facet normal 0 0 1
      outer loop
         vertex -8.62068962305784 25.8620698004961 3.89999989420176
         vertex -12.068965472281 25.8620698004961 3.89999989420176
         vertex -8.62068962305784 22.413793951273 3.89999989420176
      endloop
   endfacet
   facet normal 0 0 1
      outer loop
         vertex -8.62068962305784 22.413793951273 3.89999989420176
         vertex -12.068965472281 25.8620698004961 3.89999989420176
         vertex -12.068965472281 22.413793951273 3.89999989420176
      endloop
   endfacet
   facet normal 0 0 1
      outer loop
         vertex -8.62068962305784 22.413793951273 3.89999989420176
         vertex -12.068965472281 22.413793951273 3.89999989420176
         vertex -8.62068962305784 18.9655181020498 3.89999989420176
      endloop
   endfacet
   facet normal 0 0 1
      outer loop
         vertex -8.62068962305784 18.9655181020498 3.89999989420176
         vertex -12.068965472281 22.413793951273 3.89999989420176
         vertex -12.068965472281 18.9655181020498 3.89999989420176
      endloop
   endfacet
   facet normal 0 0 1
      outer loop
         vertex -8.62068962305784 18.9655181020498 3.89999989420176
         vertex -12.068965472281 18.9655181020498 3.89999989420176
         vertex -8.62068962305784 15.5172413215041 3.89999989420176
      endloop
   endfacet
   facet normal 0 0 1
      outer loop
         vertex -8.62068962305784 15.5172413215041 3.89999989420176
         vertex -12.068965472281 18.9655181020498 3.89999989420176
         vertex -12.068965472281 15.5172413215041 3.89999989420176
      endloop
   endfacet
   facet normal 0 0 1
      outer loop
         vertex -8.62068962305784 15.5172413215041 3.89999989420176
         vertex -12.068965472281 15.5172413215041 3.89999989420176
         vertex -8.62068962305784 12.068965472281 3.89999989420176
      endloop
   endfacet
   facet normal 0 0 1
      outer loop
         vertex -8.62068962305784 12.068965472281 3.89999989420176
         vertex -12.068965472281 15.5172413215041 3.89999989420176
         vertex -12.068965472281 12.068965472281 3.89999989420176
      endloop
   endfacet
   facet normal 0 0 1
      outer loop
         vertex -8.62068962305784 12.068965472281 3.89999989420176
         vertex -12.068965472281 12.068965472281 3.89999989420176
         vertex -8.62068962305784 8.62068962305784 3.89999989420176
      endloop
   endfacet
   facet normal 0 0 1
      outer loop
         vertex -8.62068962305784 8.62068962305784 3.89999989420176
         vertex -12.068965472281 12.068965472281 3.89999989420176
         vertex -12.068965472281 8.62068962305784 3.89999989420176
      endloop
   endfacet
   facet normal 0 0 1
      outer loop
         vertex -8.62068962305784 8.62068962305784 3.89999989420176
         vertex -12.068965472281 8.62068962305784 3.89999989420176
         vertex -8.62068962305784 5.17241377383471 3.89999989420176
      endloop
   endfacet
   facet normal 0 0 1
      outer loop
         vertex -8.62068962305784 5.17241377383471 3.89999989420176
         vertex -12.068965472281 8.62068962305784 3.89999989420176
         vertex -12.068965472281 5.17241377383471 3.89999989420176
      endloop
   endfacet
   facet normal 0 0 1
      outer loop
         vertex -8.62068962305784 5.17241377383471 3.89999989420176
         vertex -12.068965472281 5.17241377383471 3.89999989420176
         vertex -8.62068962305784 1.72413792461157 3.89999989420176
      endloop
   endfacet
   facet normal 0 0 1
      outer loop
         vertex -8.62068962305784 1.72413792461157 3.89999989420176
         vertex -12.068965472281 5.17241377383471 3.89999989420176
         vertex -12.068965472281 1.72413792461157 3.89999989420176
      endloop
   endfacet
   facet normal 0 0 1
      outer loop
         vertex -8.62068962305784 1.72413792461157 3.89999989420176
         vertex -12.068965472281 1.72413792461157 3.89999989420176
         vertex -8.62068962305784 -1.72413792461157 3.89999989420176
      endloop
   endfacet
   facet normal 0 0 1
      outer loop
         vertex -8.62068962305784 -1.72413792461157 3.89999989420176
         vertex -12.068965472281 1.72413792461157 3.89999989420176
         vertex -12.068965472281 -1.72413792461157 3.89999989420176
      endloop
   endfacet
   facet normal 0 0 1
      outer loop
         vertex -8.62068962305784 -1.72413792461157 3.89999989420176
         vertex -12.068965472281 -1.72413792461157 3.89999989420176
         vertex -8.62068962305784 -5.17241377383471 3.89999989420176
      endloop
   endfacet
   facet normal 0 0 1
      outer loop
         vertex -8.62068962305784 -5.17241377383471 3.89999989420176
         vertex -12.068965472281 -1.72413792461157 3.89999989420176
         vertex -12.068965472281 -5.17241377383471 3.89999989420176
      endloop
   endfacet
   facet normal 0 0 1
      outer loop
         vertex -8.62068962305784 -5.17241377383471 3.89999989420176
         vertex -12.068965472281 -5.17241377383471 3.89999989420176
         vertex -8.62068962305784 -8.62068962305784 3.89999989420176
      endloop
   endfacet
   facet normal 0 0 1
      outer loop
         vertex -8.62068962305784 -8.62068962305784 3.89999989420176
         vertex -12.068965472281 -5.17241377383471 3.89999989420176
         vertex -12.068965472281 -8.62068962305784 3.89999989420176
      endloop
   endfacet
   facet normal 0 0 1
      outer loop
         vertex -8.62068962305784 -8.62068962305784 3.89999989420176
         vertex -12.068965472281 -8.62068962305784 3.89999989420176
         vertex -8.62068962305784 -12.068965472281 3.89999989420176
      endloop
   endfacet
   facet normal 0 0 1
      outer loop
         vertex -8.62068962305784 -12.068965472281 3.89999989420176
         vertex -12.068965472281 -8.62068962305784 3.89999989420176
         vertex -12.068965472281 -12.068965472281 3.89999989420176
      endloop
   endfacet
   facet normal 0 0 1
      outer loop
         vertex -8.62068962305784 -12.068965472281 3.89999989420176
         vertex -12.068965472281 -12.068965472281 3.89999989420176
         vertex -8.62068962305784 -15.5172413215041 3.89999989420176
      endloop
   endfacet
   facet normal 0 0 1
      outer loop
         vertex -8.62068962305784 -15.5172413215041 3.89999989420176
         vertex -12.068965472281 -12.068965472281 3.89999989420176
         vertex -12.068965472281 -15.5172413215041 3.89999989420176
      endloop
   endfacet
   facet normal 0 0 1
      outer loop
         vertex -8.62068962305784 -15.5172413215041 3.89999989420176
         vertex -12.068965472281 -15.5172413215041 3.89999989420176
         vertex -8.62068962305784 -18.9655181020498 3.89999989420176
      endloop
   endfacet
   facet normal 0 0 1
      outer loop
         vertex -8.62068962305784 -18.9655181020498 3.89999989420176
         vertex -12.068965472281 -15.5172413215041 3.89999989420176
         vertex -12.068965472281 -18.9655181020498 3.89999989420176
      endloop
   endfacet
   facet normal 0 0 1
      outer loop
         vertex -8.62068962305784 -18.9655181020498 3.89999989420176
         vertex -12.068965472281 -18.9655181020498 3.89999989420176
         vertex -8.62068962305784 -22.413793951273 3.89999989420176
      endloop
   endfacet
   facet normal 0 0 1
      outer loop
         vertex -8.62068962305784 -22.413793951273 3.89999989420176
         vertex -12.068965472281 -18.9655181020498 3.89999989420176
         vertex -12.068965472281 -22.413793951273 3.89999989420176
      endloop
   endfacet
   facet normal 0 0 1
      outer loop
         vertex -12.068965472281 46.5517230331898 3.89999989420176
         vertex -15.5172413215041 46.5517230331898 3.89999989420176
         vertex -12.068965472281 43.1034490466118 3.89999989420176
      endloop
   endfacet
   facet normal 0 0 1
      outer loop
         vertex -12.068965472281 43.1034490466118 3.89999989420176
         vertex -15.5172413215041 46.5517230331898 3.89999989420176
         vertex -15.5172413215041 43.1034490466118 3.89999989420176
      endloop
   endfacet
   facet normal 0 0 1
      outer loop
         vertex -12.068965472281 43.1034490466118 3.89999989420176
         vertex -15.5172413215041 43.1034490466118 3.89999989420176
         vertex -12.068965472281 39.6551713347435 3.89999989420176
      endloop
   endfacet
   facet normal 0 0 1
      outer loop
         vertex -12.068965472281 39.6551713347435 3.89999989420176
         vertex -15.5172413215041 43.1034490466118 3.89999989420176
         vertex -15.5172413215041 39.6551713347435 3.89999989420176
      endloop
   endfacet
   facet normal 0 0 1
      outer loop
         vertex -12.068965472281 39.6551713347435 3.89999989420176
         vertex -15.5172413215041 39.6551713347435 3.89999989420176
         vertex -12.068965472281 36.2068973481655 3.89999989420176
      endloop
   endfacet
   facet normal 0 0 1
      outer loop
         vertex -12.068965472281 36.2068973481655 3.89999989420176
         vertex -15.5172413215041 39.6551713347435 3.89999989420176
         vertex -15.5172413215041 36.2068973481655 3.89999989420176
      endloop
   endfacet
   facet normal 0 0 1
      outer loop
         vertex -12.068965472281 36.2068973481655 3.89999989420176
         vertex -15.5172413215041 36.2068973481655 3.89999989420176
         vertex -12.068965472281 32.7586196362972 3.89999989420176
      endloop
   endfacet
   facet normal 0 0 1
      outer loop
         vertex -12.068965472281 32.7586196362972 3.89999989420176
         vertex -15.5172413215041 36.2068973481655 3.89999989420176
         vertex -15.5172413215041 32.7586196362972 3.89999989420176
      endloop
   endfacet
   facet normal 0 0 1
      outer loop
         vertex -12.068965472281 32.7586196362972 3.89999989420176
         vertex -15.5172413215041 32.7586196362972 3.89999989420176
         vertex -12.068965472281 29.3103456497192 3.89999989420176
      endloop
   endfacet
   facet normal 0 0 1
      outer loop
         vertex -12.068965472281 29.3103456497192 3.89999989420176
         vertex -15.5172413215041 32.7586196362972 3.89999989420176
         vertex -15.5172413215041 29.3103456497192 3.89999989420176
      endloop
   endfacet
   facet normal 0 0 1
      outer loop
         vertex -12.068965472281 29.3103456497192 3.89999989420176
         vertex -15.5172413215041 29.3103456497192 3.89999989420176
         vertex -12.068965472281 25.8620698004961 3.89999989420176
      endloop
   endfacet
   facet normal 0 0 1
      outer loop
         vertex -12.068965472281 25.8620698004961 3.89999989420176
         vertex -15.5172413215041 29.3103456497192 3.89999989420176
         vertex -15.5172413215041 25.8620698004961 3.89999989420176
      endloop
   endfacet
   facet normal 0 0 1
      outer loop
         vertex -12.068965472281 25.8620698004961 3.89999989420176
         vertex -15.5172413215041 25.8620698004961 3.89999989420176
         vertex -12.068965472281 22.413793951273 3.89999989420176
      endloop
   endfacet
   facet normal 0 0 1
      outer loop
         vertex -12.068965472281 22.413793951273 3.89999989420176
         vertex -15.5172413215041 25.8620698004961 3.89999989420176
         vertex -15.5172413215041 22.413793951273 3.89999989420176
      endloop
   endfacet
   facet normal 0 0 1
      outer loop
         vertex -12.068965472281 22.413793951273 3.89999989420176
         vertex -15.5172413215041 22.413793951273 3.89999989420176
         vertex -12.068965472281 18.9655181020498 3.89999989420176
      endloop
   endfacet
   facet normal 0 0 1
      outer loop
         vertex -12.068965472281 18.9655181020498 3.89999989420176
         vertex -15.5172413215041 22.413793951273 3.89999989420176
         vertex -15.5172413215041 18.9655181020498 3.89999989420176
      endloop
   endfacet
   facet normal 0 0 1
      outer loop
         vertex -12.068965472281 18.9655181020498 3.89999989420176
         vertex -15.5172413215041 18.9655181020498 3.89999989420176
         vertex -12.068965472281 15.5172413215041 3.89999989420176
      endloop
   endfacet
   facet normal 0 0 1
      outer loop
         vertex -12.068965472281 15.5172413215041 3.89999989420176
         vertex -15.5172413215041 18.9655181020498 3.89999989420176
         vertex -15.5172413215041 15.5172413215041 3.89999989420176
      endloop
   endfacet
   facet normal 0 0 1
      outer loop
         vertex -12.068965472281 15.5172413215041 3.89999989420176
         vertex -15.5172413215041 15.5172413215041 3.89999989420176
         vertex -12.068965472281 12.068965472281 3.89999989420176
      endloop
   endfacet
   facet normal 0 0 1
      outer loop
         vertex -12.068965472281 12.068965472281 3.89999989420176
         vertex -15.5172413215041 15.5172413215041 3.89999989420176
         vertex -15.5172413215041 12.068965472281 3.89999989420176
      endloop
   endfacet
   facet normal 0 0 1
      outer loop
         vertex -12.068965472281 12.068965472281 3.89999989420176
         vertex -15.5172413215041 12.068965472281 3.89999989420176
         vertex -12.068965472281 8.62068962305784 3.89999989420176
      endloop
   endfacet
   facet normal 0 0 1
      outer loop
         vertex -12.068965472281 8.62068962305784 3.89999989420176
         vertex -15.5172413215041 12.068965472281 3.89999989420176
         vertex -15.5172413215041 8.62068962305784 3.89999989420176
      endloop
   endfacet
   facet normal 0 0 1
      outer loop
         vertex -12.068965472281 8.62068962305784 3.89999989420176
         vertex -15.5172413215041 8.62068962305784 3.89999989420176
         vertex -12.068965472281 5.17241377383471 3.89999989420176
      endloop
   endfacet
   facet normal 0 0 1
      outer loop
         vertex -12.068965472281 5.17241377383471 3.89999989420176
         vertex -15.5172413215041 8.62068962305784 3.89999989420176
         vertex -15.5172413215041 5.17241377383471 3.89999989420176
      endloop
   endfacet
   facet normal 0 0 1
      outer loop
         vertex -12.068965472281 5.17241377383471 3.89999989420176
         vertex -15.5172413215041 5.17241377383471 3.89999989420176
         vertex -12.068965472281 1.72413792461157 3.89999989420176
      endloop
   endfacet
   facet normal 0 0 1
      outer loop
         vertex -12.068965472281 1.72413792461157 3.89999989420176
         vertex -15.5172413215041 5.17241377383471 3.89999989420176
         vertex -15.5172413215041 1.72413792461157 3.89999989420176
      endloop
   endfacet
   facet normal 0 0 1
      outer loop
         vertex -12.068965472281 1.72413792461157 3.89999989420176
         vertex -15.5172413215041 1.72413792461157 3.89999989420176
         vertex -12.068965472281 -1.72413792461157 3.89999989420176
      endloop
   endfacet
   facet normal 0 0 1
      outer loop
         vertex -12.068965472281 -1.72413792461157 3.89999989420176
         vertex -15.5172413215041 1.72413792461157 3.89999989420176
         vertex -15.5172413215041 -1.72413792461157 3.89999989420176
      endloop
   endfacet
   facet normal 0 0 1
      outer loop
         vertex -12.068965472281 -1.72413792461157 3.89999989420176
         vertex -15.5172413215041 -1.72413792461157 3.89999989420176
         vertex -12.068965472281 -5.17241377383471 3.89999989420176
      endloop
   endfacet
   facet normal 0 0 1
      outer loop
         vertex -12.068965472281 -5.17241377383471 3.89999989420176
         vertex -15.5172413215041 -1.72413792461157 3.89999989420176
         vertex -15.5172413215041 -5.17241377383471 3.89999989420176
      endloop
   endfacet
   facet normal 0 0 1
      outer loop
         vertex -12.068965472281 -5.17241377383471 3.89999989420176
         vertex -15.5172413215041 -5.17241377383471 3.89999989420176
         vertex -12.068965472281 -8.62068962305784 3.89999989420176
      endloop
   endfacet
   facet normal 0 0 1
      outer loop
         vertex -12.068965472281 -8.62068962305784 3.89999989420176
         vertex -15.5172413215041 -5.17241377383471 3.89999989420176
         vertex -15.5172413215041 -8.62068962305784 3.89999989420176
      endloop
   endfacet
   facet normal 0 0 1
      outer loop
         vertex -12.068965472281 -8.62068962305784 3.89999989420176
         vertex -15.5172413215041 -8.62068962305784 3.89999989420176
         vertex -12.068965472281 -12.068965472281 3.89999989420176
      endloop
   endfacet
   facet normal 0 0 1
      outer loop
         vertex -12.068965472281 -12.068965472281 3.89999989420176
         vertex -15.5172413215041 -8.62068962305784 3.89999989420176
         vertex -15.5172413215041 -12.068965472281 3.89999989420176
      endloop
   endfacet
   facet normal 0 0 1
      outer loop
         vertex -12.068965472281 -12.068965472281 3.89999989420176
         vertex -15.5172413215041 -12.068965472281 3.89999989420176
         vertex -12.068965472281 -15.5172413215041 3.89999989420176
      endloop
   endfacet
   facet normal 0 0 1
      outer loop
         vertex -12.068965472281 -15.5172413215041 3.89999989420176
         vertex -15.5172413215041 -12.068965472281 3.89999989420176
         vertex -15.5172413215041 -15.5172413215041 3.89999989420176
      endloop
   endfacet
   facet normal 0 0 1
      outer loop
         vertex -12.068965472281 -15.5172413215041 3.89999989420176
         vertex -15.5172413215041 -15.5172413215041 3.89999989420176
         vertex -12.068965472281 -18.9655181020498 3.89999989420176
      endloop
   endfacet
   facet normal 0 0 1
      outer loop
         vertex -12.068965472281 -18.9655181020498 3.89999989420176
         vertex -15.5172413215041 -15.5172413215041 3.89999989420176
         vertex -15.5172413215041 -18.9655181020498 3.89999989420176
      endloop
   endfacet
   facet normal 0 0 1
      outer loop
         vertex -12.068965472281 -18.9655181020498 3.89999989420176
         vertex -15.5172413215041 -18.9655181020498 3.89999989420176
         vertex -12.068965472281 -22.413793951273 3.89999989420176
      endloop
   endfacet
   facet normal 0 0 1
      outer loop
         vertex -12.068965472281 -22.413793951273 3.89999989420176
         vertex -15.5172413215041 -18.9655181020498 3.89999989420176
         vertex -15.5172413215041 -22.413793951273 3.89999989420176
      endloop
   endfacet
   facet normal 0 0 1
      outer loop
         vertex -18.9655181020498 36.2068973481655 3.89999989420176
         vertex -22.413793951273 36.2068973481655 3.89999989420176
         vertex -18.9655181020498 32.7586196362972 3.89999989420176
      endloop
   endfacet
   facet normal 0 0 1
      outer loop
         vertex -18.9655181020498 32.7586196362972 3.89999989420176
         vertex -22.413793951273 36.2068973481655 3.89999989420176
         vertex -22.413793951273 32.7586196362972 3.89999989420176
      endloop
   endfacet
   facet normal 0 0 1
      outer loop
         vertex -18.9655181020498 32.7586196362972 3.89999989420176
         vertex -22.413793951273 32.7586196362972 3.89999989420176
         vertex -18.9655181020498 29.3103456497192 3.89999989420176
      endloop
   endfacet
   facet normal 0 0 1
      outer loop
         vertex -18.9655181020498 29.3103456497192 3.89999989420176
         vertex -22.413793951273 32.7586196362972 3.89999989420176
         vertex -22.413793951273 29.3103456497192 3.89999989420176
      endloop
   endfacet
   facet normal 0 0 1
      outer loop
         vertex -18.9655181020498 29.3103456497192 3.89999989420176
         vertex -22.413793951273 29.3103456497192 3.89999989420176
         vertex -18.9655181020498 25.8620698004961 3.89999989420176
      endloop
   endfacet
   facet normal 0 0 1
      outer loop
         vertex -18.9655181020498 25.8620698004961 3.89999989420176
         vertex -22.413793951273 29.3103456497192 3.89999989420176
         vertex -22.413793951273 25.8620698004961 3.89999989420176
      endloop
   endfacet
   facet normal 0 0 1
      outer loop
         vertex -18.9655181020498 25.8620698004961 3.89999989420176
         vertex -22.413793951273 25.8620698004961 3.89999989420176
         vertex -18.9655181020498 22.413793951273 3.89999989420176
      endloop
   endfacet
   facet normal 0 0 1
      outer loop
         vertex -18.9655181020498 22.413793951273 3.89999989420176
         vertex -22.413793951273 25.8620698004961 3.89999989420176
         vertex -22.413793951273 22.413793951273 3.89999989420176
      endloop
   endfacet
   facet normal 0 0 1
      outer loop
         vertex -18.9655181020498 22.413793951273 3.89999989420176
         vertex -22.413793951273 22.413793951273 3.89999989420176
         vertex -18.9655181020498 18.9655181020498 3.89999989420176
      endloop
   endfacet
   facet normal 0 0 1
      outer loop
         vertex -18.9655181020498 18.9655181020498 3.89999989420176
         vertex -22.413793951273 22.413793951273 3.89999989420176
         vertex -22.413793951273 18.9655181020498 3.89999989420176
      endloop
   endfacet
   facet normal 0 0 1
      outer loop
         vertex -18.9655181020498 18.9655181020498 3.89999989420176
         vertex -22.413793951273 18.9655181020498 3.89999989420176
         vertex -18.9655181020498 15.5172413215041 3.89999989420176
      endloop
   endfacet
   facet normal 0 0 1
      outer loop
         vertex -18.9655181020498 15.5172413215041 3.89999989420176
         vertex -22.413793951273 18.9655181020498 3.89999989420176
         vertex -22.413793951273 15.5172413215041 3.89999989420176
      endloop
   endfacet
   facet normal 0 0 1
      outer loop
         vertex -18.9655181020498 15.5172413215041 3.89999989420176
         vertex -22.413793951273 15.5172413215041 3.89999989420176
         vertex -18.9655181020498 12.068965472281 3.89999989420176
      endloop
   endfacet
   facet normal 0 0 1
      outer loop
         vertex -18.9655181020498 12.068965472281 3.89999989420176
         vertex -22.413793951273 15.5172413215041 3.89999989420176
         vertex -22.413793951273 12.068965472281 3.89999989420176
      endloop
   endfacet
   facet normal 0 0 1
      outer loop
         vertex -18.9655181020498 12.068965472281 3.89999989420176
         vertex -22.413793951273 12.068965472281 3.89999989420176
         vertex -18.9655181020498 8.62068962305784 3.89999989420176
      endloop
   endfacet
   facet normal 0 0 1
      outer loop
         vertex -18.9655181020498 8.62068962305784 3.89999989420176
         vertex -22.413793951273 12.068965472281 3.89999989420176
         vertex -22.413793951273 8.62068962305784 3.89999989420176
      endloop
   endfacet
   facet normal 0 0 1
      outer loop
         vertex -18.9655181020498 8.62068962305784 3.89999989420176
         vertex -22.413793951273 8.62068962305784 3.89999989420176
         vertex -18.9655181020498 5.17241377383471 3.89999989420176
      endloop
   endfacet
   facet normal 0 0 1
      outer loop
         vertex -18.9655181020498 5.17241377383471 3.89999989420176
         vertex -22.413793951273 8.62068962305784 3.89999989420176
         vertex -22.413793951273 5.17241377383471 3.89999989420176
      endloop
   endfacet
   facet normal 0 0 1
      outer loop
         vertex -18.9655181020498 5.17241377383471 3.89999989420176
         vertex -22.413793951273 5.17241377383471 3.89999989420176
         vertex -18.9655181020498 1.72413792461157 3.89999989420176
      endloop
   endfacet
   facet normal 0 0 1
      outer loop
         vertex -18.9655181020498 1.72413792461157 3.89999989420176
         vertex -22.413793951273 5.17241377383471 3.89999989420176
         vertex -22.413793951273 1.72413792461157 3.89999989420176
      endloop
   endfacet
   facet normal 0 0 1
      outer loop
         vertex -18.9655181020498 1.72413792461157 3.89999989420176
         vertex -22.413793951273 1.72413792461157 3.89999989420176
         vertex -18.9655181020498 -1.72413792461157 3.89999989420176
      endloop
   endfacet
   facet normal 0 0 1
      outer loop
         vertex -18.9655181020498 -1.72413792461157 3.89999989420176
         vertex -22.413793951273 1.72413792461157 3.89999989420176
         vertex -22.413793951273 -1.72413792461157 3.89999989420176
      endloop
   endfacet
   facet normal 0 0 1
      outer loop
         vertex -18.9655181020498 -1.72413792461157 3.89999989420176
         vertex -22.413793951273 -1.72413792461157 3.89999989420176
         vertex -18.9655181020498 -5.17241377383471 3.89999989420176
      endloop
   endfacet
   facet normal 0 0 1
      outer loop
         vertex -18.9655181020498 -5.17241377383471 3.89999989420176
         vertex -22.413793951273 -1.72413792461157 3.89999989420176
         vertex -22.413793951273 -5.17241377383471 3.89999989420176
      endloop
   endfacet
   facet normal 0 0 1
      outer loop
         vertex -18.9655181020498 -5.17241377383471 3.89999989420176
         vertex -22.413793951273 -5.17241377383471 3.89999989420176
         vertex -18.9655181020498 -8.62068962305784 3.89999989420176
      endloop
   endfacet
   facet normal 0 0 1
      outer loop
         vertex -18.9655181020498 -8.62068962305784 3.89999989420176
         vertex -22.413793951273 -5.17241377383471 3.89999989420176
         vertex -22.413793951273 -8.62068962305784 3.89999989420176
      endloop
   endfacet
   facet normal 0 0 1
      outer loop
         vertex -18.9655181020498 -8.62068962305784 3.89999989420176
         vertex -22.413793951273 -8.62068962305784 3.89999989420176
         vertex -18.9655181020498 -12.068965472281 3.89999989420176
      endloop
   endfacet
   facet normal 0 0 1
      outer loop
         vertex -18.9655181020498 -12.068965472281 3.89999989420176
         vertex -22.413793951273 -8.62068962305784 3.89999989420176
         vertex -22.413793951273 -12.068965472281 3.89999989420176
      endloop
   endfacet
   facet normal 0 0 1
      outer loop
         vertex -18.9655181020498 -12.068965472281 3.89999989420176
         vertex -22.413793951273 -12.068965472281 3.89999989420176
         vertex -18.9655181020498 -15.5172413215041 3.89999989420176
      endloop
   endfacet
   facet normal 0 0 1
      outer loop
         vertex -18.9655181020498 -15.5172413215041 3.89999989420176
         vertex -22.413793951273 -12.068965472281 3.89999989420176
         vertex -22.413793951273 -15.5172413215041 3.89999989420176
      endloop
   endfacet
   facet normal 0 0 1
      outer loop
         vertex -18.9655181020498 -15.5172413215041 3.89999989420176
         vertex -22.413793951273 -15.5172413215041 3.89999989420176
         vertex -18.9655181020498 -18.9655181020498 3.89999989420176
      endloop
   endfacet
   facet normal 0 0 1
      outer loop
         vertex -18.9655181020498 -18.9655181020498 3.89999989420176
         vertex -22.413793951273 -15.5172413215041 3.89999989420176
         vertex -22.413793951273 -18.9655181020498 3.89999989420176
      endloop
   endfacet
   facet normal 0 0 1
      outer loop
         vertex -18.9655181020498 -18.9655181020498 3.89999989420176
         vertex -22.413793951273 -18.9655181020498 3.89999989420176
         vertex -18.9655181020498 -22.413793951273 3.89999989420176
      endloop
   endfacet
   facet normal 0 0 1
      outer loop
         vertex -18.9655181020498 -22.413793951273 3.89999989420176
         vertex -22.413793951273 -18.9655181020498 3.89999989420176
         vertex -22.413793951273 -22.413793951273 3.89999989420176
      endloop
   endfacet
   facet normal 0 0 1
      outer loop
         vertex -22.413793951273 39.6551713347435 3.89999989420176
         vertex -25.8620698004961 39.6551713347435 3.89999989420176
         vertex -22.413793951273 36.2068973481655 3.89999989420176
      endloop
   endfacet
   facet normal 0 0 1
      outer loop
         vertex -22.413793951273 36.2068973481655 3.89999989420176
         vertex -25.8620698004961 39.6551713347435 3.89999989420176
         vertex -25.8620698004961 36.2068973481655 3.89999989420176
      endloop
   endfacet
   facet normal 0 0 1
      outer loop
         vertex -22.413793951273 36.2068973481655 3.89999989420176
         vertex -25.8620698004961 36.2068973481655 3.89999989420176
         vertex -22.413793951273 32.7586196362972 3.89999989420176
      endloop
   endfacet
   facet normal 0 0 1
      outer loop
         vertex -22.413793951273 32.7586196362972 3.89999989420176
         vertex -25.8620698004961 36.2068973481655 3.89999989420176
         vertex -25.8620698004961 32.7586196362972 3.89999989420176
      endloop
   endfacet
   facet normal 0 0 1
      outer loop
         vertex -22.413793951273 32.7586196362972 3.89999989420176
         vertex -25.8620698004961 32.7586196362972 3.89999989420176
         vertex -22.413793951273 29.3103456497192 3.89999989420176
      endloop
   endfacet
   facet normal 0 0 1
      outer loop
         vertex -22.413793951273 29.3103456497192 3.89999989420176
         vertex -25.8620698004961 32.7586196362972 3.89999989420176
         vertex -25.8620698004961 29.3103456497192 3.89999989420176
      endloop
   endfacet
   facet normal 0 0 1
      outer loop
         vertex -22.413793951273 29.3103456497192 3.89999989420176
         vertex -25.8620698004961 29.3103456497192 3.89999989420176
         vertex -22.413793951273 25.8620698004961 3.89999989420176
      endloop
   endfacet
   facet normal 0 0 1
      outer loop
         vertex -22.413793951273 25.8620698004961 3.89999989420176
         vertex -25.8620698004961 29.3103456497192 3.89999989420176
         vertex -25.8620698004961 25.8620698004961 3.89999989420176
      endloop
   endfacet
   facet normal 0 0 1
      outer loop
         vertex -22.413793951273 25.8620698004961 3.89999989420176
         vertex -25.8620698004961 25.8620698004961 3.89999989420176
         vertex -22.413793951273 22.413793951273 3.89999989420176
      endloop
   endfacet
   facet normal 0 0 1
      outer loop
         vertex -22.413793951273 22.413793951273 3.89999989420176
         vertex -25.8620698004961 25.8620698004961 3.89999989420176
         vertex -25.8620698004961 22.413793951273 3.89999989420176
      endloop
   endfacet
   facet normal 0 0 1
      outer loop
         vertex -22.413793951273 22.413793951273 3.89999989420176
         vertex -25.8620698004961 22.413793951273 3.89999989420176
         vertex -22.413793951273 18.9655181020498 3.89999989420176
      endloop
   endfacet
   facet normal 0 0 1
      outer loop
         vertex -22.413793951273 18.9655181020498 3.89999989420176
         vertex -25.8620698004961 22.413793951273 3.89999989420176
         vertex -25.8620698004961 18.9655181020498 3.89999989420176
      endloop
   endfacet
   facet normal 0 0 1
      outer loop
         vertex -22.413793951273 18.9655181020498 3.89999989420176
         vertex -25.8620698004961 18.9655181020498 3.89999989420176
         vertex -22.413793951273 15.5172413215041 3.89999989420176
      endloop
   endfacet
   facet normal 0 0 1
      outer loop
         vertex -22.413793951273 15.5172413215041 3.89999989420176
         vertex -25.8620698004961 18.9655181020498 3.89999989420176
         vertex -25.8620698004961 15.5172413215041 3.89999989420176
      endloop
   endfacet
   facet normal 0 0 1
      outer loop
         vertex -22.413793951273 15.5172413215041 3.89999989420176
         vertex -25.8620698004961 15.5172413215041 3.89999989420176
         vertex -22.413793951273 12.068965472281 3.89999989420176
      endloop
   endfacet
   facet normal 0 0 1
      outer loop
         vertex -22.413793951273 12.068965472281 3.89999989420176
         vertex -25.8620698004961 15.5172413215041 3.89999989420176
         vertex -25.8620698004961 12.068965472281 3.89999989420176
      endloop
   endfacet
   facet normal 0 0 1
      outer loop
         vertex -22.413793951273 12.068965472281 3.89999989420176
         vertex -25.8620698004961 12.068965472281 3.89999989420176
         vertex -22.413793951273 8.62068962305784 3.89999989420176
      endloop
   endfacet
   facet normal 0 0 1
      outer loop
         vertex -22.413793951273 8.62068962305784 3.89999989420176
         vertex -25.8620698004961 12.068965472281 3.89999989420176
         vertex -25.8620698004961 8.62068962305784 3.89999989420176
      endloop
   endfacet
   facet normal 0 0 1
      outer loop
         vertex -22.413793951273 8.62068962305784 3.89999989420176
         vertex -25.8620698004961 8.62068962305784 3.89999989420176
         vertex -22.413793951273 5.17241377383471 3.89999989420176
      endloop
   endfacet
   facet normal 0 0 1
      outer loop
         vertex -22.413793951273 5.17241377383471 3.89999989420176
         vertex -25.8620698004961 8.62068962305784 3.89999989420176
         vertex -25.8620698004961 5.17241377383471 3.89999989420176
      endloop
   endfacet
   facet normal 0 0 1
      outer loop
         vertex -22.413793951273 5.17241377383471 3.89999989420176
         vertex -25.8620698004961 5.17241377383471 3.89999989420176
         vertex -22.413793951273 1.72413792461157 3.89999989420176
      endloop
   endfacet
   facet normal 0 0 1
      outer loop
         vertex -22.413793951273 1.72413792461157 3.89999989420176
         vertex -25.8620698004961 5.17241377383471 3.89999989420176
         vertex -25.8620698004961 1.72413792461157 3.89999989420176
      endloop
   endfacet
   facet normal 0 0 1
      outer loop
         vertex -22.413793951273 1.72413792461157 3.89999989420176
         vertex -25.8620698004961 1.72413792461157 3.89999989420176
         vertex -22.413793951273 -1.72413792461157 3.89999989420176
      endloop
   endfacet
   facet normal 0 0 1
      outer loop
         vertex -22.413793951273 -1.72413792461157 3.89999989420176
         vertex -25.8620698004961 1.72413792461157 3.89999989420176
         vertex -25.8620698004961 -1.72413792461157 3.89999989420176
      endloop
   endfacet
   facet normal 0 0 1
      outer loop
         vertex -22.413793951273 -1.72413792461157 3.89999989420176
         vertex -25.8620698004961 -1.72413792461157 3.89999989420176
         vertex -22.413793951273 -5.17241377383471 3.89999989420176
      endloop
   endfacet
   facet normal 0 0 1
      outer loop
         vertex -22.413793951273 -5.17241377383471 3.89999989420176
         vertex -25.8620698004961 -1.72413792461157 3.89999989420176
         vertex -25.8620698004961 -5.17241377383471 3.89999989420176
      endloop
   endfacet
   facet normal 0 0 1
      outer loop
         vertex -22.413793951273 -5.17241377383471 3.89999989420176
         vertex -25.8620698004961 -5.17241377383471 3.89999989420176
         vertex -22.413793951273 -8.62068962305784 3.89999989420176
      endloop
   endfacet
   facet normal 0 0 1
      outer loop
         vertex -22.413793951273 -8.62068962305784 3.89999989420176
         vertex -25.8620698004961 -5.17241377383471 3.89999989420176
         vertex -25.8620698004961 -8.62068962305784 3.89999989420176
      endloop
   endfacet
   facet normal 0 0 1
      outer loop
         vertex -22.413793951273 -8.62068962305784 3.89999989420176
         vertex -25.8620698004961 -8.62068962305784 3.89999989420176
         vertex -22.413793951273 -12.068965472281 3.89999989420176
      endloop
   endfacet
   facet normal 0 0 1
      outer loop
         vertex -22.413793951273 -12.068965472281 3.89999989420176
         vertex -25.8620698004961 -8.62068962305784 3.89999989420176
         vertex -25.8620698004961 -12.068965472281 3.89999989420176
      endloop
   endfacet
   facet normal 0 0 1
      outer loop
         vertex -22.413793951273 -12.068965472281 3.89999989420176
         vertex -25.8620698004961 -12.068965472281 3.89999989420176
         vertex -22.413793951273 -15.5172413215041 3.89999989420176
      endloop
   endfacet
   facet normal 0 0 1
      outer loop
         vertex -22.413793951273 -15.5172413215041 3.89999989420176
         vertex -25.8620698004961 -12.068965472281 3.89999989420176
         vertex -25.8620698004961 -15.5172413215041 3.89999989420176
      endloop
   endfacet
   facet normal 0 0 1
      outer loop
         vertex -22.413793951273 -15.5172413215041 3.89999989420176
         vertex -25.8620698004961 -15.5172413215041 3.89999989420176
         vertex -22.413793951273 -18.9655181020498 3.89999989420176
      endloop
   endfacet
   facet normal 0 0 1
      outer loop
         vertex -22.413793951273 -18.9655181020498 3.89999989420176
         vertex -25.8620698004961 -15.5172413215041 3.89999989420176
         vertex -25.8620698004961 -18.9655181020498 3.89999989420176
      endloop
   endfacet
   facet normal 0 0 1
      outer loop
         vertex -22.413793951273 -18.9655181020498 3.89999989420176
         vertex -25.8620698004961 -18.9655181020498 3.89999989420176
         vertex -22.413793951273 -22.413793951273 3.89999989420176
      endloop
   endfacet
   facet normal 0 0 1
      outer loop
         vertex -22.413793951273 -22.413793951273 3.89999989420176
         vertex -25.8620698004961 -18.9655181020498 3.89999989420176
         vertex -25.8620698004961 -22.413793951273 3.89999989420176
      endloop
   endfacet
   facet normal 0 0 1
      outer loop
         vertex -25.8620698004961 39.6551713347435 3.89999989420176
         vertex -29.3103456497192 39.6551713347435 3.89999989420176
         vertex -25.8620698004961 36.2068973481655 3.89999989420176
      endloop
   endfacet
   facet normal 0 0 1
      outer loop
         vertex -25.8620698004961 36.2068973481655 3.89999989420176
         vertex -29.3103456497192 39.6551713347435 3.89999989420176
         vertex -29.3103456497192 36.2068973481655 3.89999989420176
      endloop
   endfacet
   facet normal 0 0 1
      outer loop
         vertex -25.8620698004961 36.2068973481655 3.89999989420176
         vertex -29.3103456497192 36.2068973481655 3.89999989420176
         vertex -25.8620698004961 32.7586196362972 3.89999989420176
      endloop
   endfacet
   facet normal 0 0 1
      outer loop
         vertex -25.8620698004961 32.7586196362972 3.89999989420176
         vertex -29.3103456497192 36.2068973481655 3.89999989420176
         vertex -29.3103456497192 32.7586196362972 3.89999989420176
      endloop
   endfacet
   facet normal 0 0 1
      outer loop
         vertex -25.8620698004961 32.7586196362972 3.89999989420176
         vertex -29.3103456497192 32.7586196362972 3.89999989420176
         vertex -25.8620698004961 29.3103456497192 3.89999989420176
      endloop
   endfacet
   facet normal 0 0 1
      outer loop
         vertex -25.8620698004961 29.3103456497192 3.89999989420176
         vertex -29.3103456497192 32.7586196362972 3.89999989420176
         vertex -29.3103456497192 29.3103456497192 3.89999989420176
      endloop
   endfacet
   facet normal 0 0 1
      outer loop
         vertex -25.8620698004961 29.3103456497192 3.89999989420176
         vertex -29.3103456497192 29.3103456497192 3.89999989420176
         vertex -25.8620698004961 25.8620698004961 3.89999989420176
      endloop
   endfacet
   facet normal 0 0 1
      outer loop
         vertex -25.8620698004961 25.8620698004961 3.89999989420176
         vertex -29.3103456497192 29.3103456497192 3.89999989420176
         vertex -29.3103456497192 25.8620698004961 3.89999989420176
      endloop
   endfacet
   facet normal 0 0 1
      outer loop
         vertex -25.8620698004961 25.8620698004961 3.89999989420176
         vertex -29.3103456497192 25.8620698004961 3.89999989420176
         vertex -25.8620698004961 22.413793951273 3.89999989420176
      endloop
   endfacet
   facet normal 0 0 1
      outer loop
         vertex -25.8620698004961 22.413793951273 3.89999989420176
         vertex -29.3103456497192 25.8620698004961 3.89999989420176
         vertex -29.3103456497192 22.413793951273 3.89999989420176
      endloop
   endfacet
   facet normal 0 0 1
      outer loop
         vertex -25.8620698004961 22.413793951273 3.89999989420176
         vertex -29.3103456497192 22.413793951273 3.89999989420176
         vertex -25.8620698004961 18.9655181020498 3.89999989420176
      endloop
   endfacet
   facet normal 0 0 1
      outer loop
         vertex -25.8620698004961 18.9655181020498 3.89999989420176
         vertex -29.3103456497192 22.413793951273 3.89999989420176
         vertex -29.3103456497192 18.9655181020498 3.89999989420176
      endloop
   endfacet
   facet normal 0 0 1
      outer loop
         vertex -25.8620698004961 18.9655181020498 3.89999989420176
         vertex -29.3103456497192 18.9655181020498 3.89999989420176
         vertex -25.8620698004961 15.5172413215041 3.89999989420176
      endloop
   endfacet
   facet normal 0 0 1
      outer loop
         vertex -25.8620698004961 15.5172413215041 3.89999989420176
         vertex -29.3103456497192 18.9655181020498 3.89999989420176
         vertex -29.3103456497192 15.5172413215041 3.89999989420176
      endloop
   endfacet
   facet normal 0 0 1
      outer loop
         vertex -25.8620698004961 15.5172413215041 3.89999989420176
         vertex -29.3103456497192 15.5172413215041 3.89999989420176
         vertex -25.8620698004961 12.068965472281 3.89999989420176
      endloop
   endfacet
   facet normal 0 0 1
      outer loop
         vertex -25.8620698004961 12.068965472281 3.89999989420176
         vertex -29.3103456497192 15.5172413215041 3.89999989420176
         vertex -29.3103456497192 12.068965472281 3.89999989420176
      endloop
   endfacet
   facet normal 0 0 1
      outer loop
         vertex -25.8620698004961 12.068965472281 3.89999989420176
         vertex -29.3103456497192 12.068965472281 3.89999989420176
         vertex -25.8620698004961 8.62068962305784 3.89999989420176
      endloop
   endfacet
   facet normal 0 0 1
      outer loop
         vertex -25.8620698004961 8.62068962305784 3.89999989420176
         vertex -29.3103456497192 12.068965472281 3.89999989420176
         vertex -29.3103456497192 8.62068962305784 3.89999989420176
      endloop
   endfacet
   facet normal 0 0 1
      outer loop
         vertex -25.8620698004961 8.62068962305784 3.89999989420176
         vertex -29.3103456497192 8.62068962305784 3.89999989420176
         vertex -25.8620698004961 5.17241377383471 3.89999989420176
      endloop
   endfacet
   facet normal 0 0 1
      outer loop
         vertex -25.8620698004961 5.17241377383471 3.89999989420176
         vertex -29.3103456497192 8.62068962305784 3.89999989420176
         vertex -29.3103456497192 5.17241377383471 3.89999989420176
      endloop
   endfacet
   facet normal 0 0 1
      outer loop
         vertex -25.8620698004961 5.17241377383471 3.89999989420176
         vertex -29.3103456497192 5.17241377383471 3.89999989420176
         vertex -25.8620698004961 1.72413792461157 3.89999989420176
      endloop
   endfacet
   facet normal 0 0 1
      outer loop
         vertex -25.8620698004961 1.72413792461157 3.89999989420176
         vertex -29.3103456497192 5.17241377383471 3.89999989420176
         vertex -29.3103456497192 1.72413792461157 3.89999989420176
      endloop
   endfacet
   facet normal 0 0 1
      outer loop
         vertex -25.8620698004961 1.72413792461157 3.89999989420176
         vertex -29.3103456497192 1.72413792461157 3.89999989420176
         vertex -25.8620698004961 -1.72413792461157 3.89999989420176
      endloop
   endfacet
   facet normal 0 0 1
      outer loop
         vertex -25.8620698004961 -1.72413792461157 3.89999989420176
         vertex -29.3103456497192 1.72413792461157 3.89999989420176
         vertex -29.3103456497192 -1.72413792461157 3.89999989420176
      endloop
   endfacet
   facet normal 0 0 1
      outer loop
         vertex -25.8620698004961 -1.72413792461157 3.89999989420176
         vertex -29.3103456497192 -1.72413792461157 3.89999989420176
         vertex -25.8620698004961 -5.17241377383471 3.89999989420176
      endloop
   endfacet
   facet normal 0 0 1
      outer loop
         vertex -25.8620698004961 -5.17241377383471 3.89999989420176
         vertex -29.3103456497192 -1.72413792461157 3.89999989420176
         vertex -29.3103456497192 -5.17241377383471 3.89999989420176
      endloop
   endfacet
   facet normal 0 0 1
      outer loop
         vertex -25.8620698004961 -5.17241377383471 3.89999989420176
         vertex -29.3103456497192 -5.17241377383471 3.89999989420176
         vertex -25.8620698004961 -8.62068962305784 3.89999989420176
      endloop
   endfacet
   facet normal 0 0 1
      outer loop
         vertex -25.8620698004961 -8.62068962305784 3.89999989420176
         vertex -29.3103456497192 -5.17241377383471 3.89999989420176
         vertex -29.3103456497192 -8.62068962305784 3.89999989420176
      endloop
   endfacet
   facet normal 0 0 1
      outer loop
         vertex -25.8620698004961 -8.62068962305784 3.89999989420176
         vertex -29.3103456497192 -8.62068962305784 3.89999989420176
         vertex -25.8620698004961 -12.068965472281 3.89999989420176
      endloop
   endfacet
   facet normal 0 0 1
      outer loop
         vertex -25.8620698004961 -12.068965472281 3.89999989420176
         vertex -29.3103456497192 -8.62068962305784 3.89999989420176
         vertex -29.3103456497192 -12.068965472281 3.89999989420176
      endloop
   endfacet
   facet normal 0 0 1
      outer loop
         vertex -25.8620698004961 -12.068965472281 3.89999989420176
         vertex -29.3103456497192 -12.068965472281 3.89999989420176
         vertex -25.8620698004961 -15.5172413215041 3.89999989420176
      endloop
   endfacet
   facet normal 0 0 1
      outer loop
         vertex -25.8620698004961 -15.5172413215041 3.89999989420176
         vertex -29.3103456497192 -12.068965472281 3.89999989420176
         vertex -29.3103456497192 -15.5172413215041 3.89999989420176
      endloop
   endfacet
   facet normal 0 0 1
      outer loop
         vertex -25.8620698004961 -15.5172413215041 3.89999989420176
         vertex -29.3103456497192 -15.5172413215041 3.89999989420176
         vertex -25.8620698004961 -18.9655181020498 3.89999989420176
      endloop
   endfacet
   facet normal 0 0 1
      outer loop
         vertex -25.8620698004961 -18.9655181020498 3.89999989420176
         vertex -29.3103456497192 -15.5172413215041 3.89999989420176
         vertex -29.3103456497192 -18.9655181020498 3.89999989420176
      endloop
   endfacet
   facet normal 0 0 1
      outer loop
         vertex -25.8620698004961 -18.9655181020498 3.89999989420176
         vertex -29.3103456497192 -18.9655181020498 3.89999989420176
         vertex -25.8620698004961 -22.413793951273 3.89999989420176
      endloop
   endfacet
   facet normal 0 0 1
      outer loop
         vertex -25.8620698004961 -22.413793951273 3.89999989420176
         vertex -29.3103456497192 -18.9655181020498 3.89999989420176
         vertex -29.3103456497192 -22.413793951273 3.89999989420176
      endloop
   endfacet
   facet normal 0 0 1
      outer loop
         vertex -32.7586196362972 32.7586196362972 3.89999989420176
         vertex -36.2068973481655 32.7586196362972 3.89999989420176
         vertex -32.7586196362972 29.3103456497192 3.89999989420176
      endloop
   endfacet
   facet normal 0 0 1
      outer loop
         vertex -32.7586196362972 29.3103456497192 3.89999989420176
         vertex -36.2068973481655 32.7586196362972 3.89999989420176
         vertex -36.2068973481655 29.3103456497192 3.89999989420176
      endloop
   endfacet
   facet normal 0 0 1
      outer loop
         vertex -32.7586196362972 29.3103456497192 3.89999989420176
         vertex -36.2068973481655 29.3103456497192 3.89999989420176
         vertex -32.7586196362972 25.8620698004961 3.89999989420176
      endloop
   endfacet
   facet normal 0 0 1
      outer loop
         vertex -32.7586196362972 25.8620698004961 3.89999989420176
         vertex -36.2068973481655 29.3103456497192 3.89999989420176
         vertex -36.2068973481655 25.8620698004961 3.89999989420176
      endloop
   endfacet
   facet normal 0 0 1
      outer loop
         vertex -32.7586196362972 25.8620698004961 3.89999989420176
         vertex -36.2068973481655 25.8620698004961 3.89999989420176
         vertex -32.7586196362972 22.413793951273 3.89999989420176
      endloop
   endfacet
   facet normal 0 0 1
      outer loop
         vertex -32.7586196362972 22.413793951273 3.89999989420176
         vertex -36.2068973481655 25.8620698004961 3.89999989420176
         vertex -36.2068973481655 22.413793951273 3.89999989420176
      endloop
   endfacet
   facet normal 0 0 1
      outer loop
         vertex -32.7586196362972 22.413793951273 3.89999989420176
         vertex -36.2068973481655 22.413793951273 3.89999989420176
         vertex -32.7586196362972 18.9655181020498 3.89999989420176
      endloop
   endfacet
   facet normal 0 0 1
      outer loop
         vertex -32.7586196362972 18.9655181020498 3.89999989420176
         vertex -36.2068973481655 22.413793951273 3.89999989420176
         vertex -36.2068973481655 18.9655181020498 3.89999989420176
      endloop
   endfacet
   facet normal 0 0 1
      outer loop
         vertex -32.7586196362972 18.9655181020498 3.89999989420176
         vertex -36.2068973481655 18.9655181020498 3.89999989420176
         vertex -32.7586196362972 15.5172413215041 3.89999989420176
      endloop
   endfacet
   facet normal 0 0 1
      outer loop
         vertex -32.7586196362972 15.5172413215041 3.89999989420176
         vertex -36.2068973481655 18.9655181020498 3.89999989420176
         vertex -36.2068973481655 15.5172413215041 3.89999989420176
      endloop
   endfacet
   facet normal 0 0 1
      outer loop
         vertex -32.7586196362972 15.5172413215041 3.89999989420176
         vertex -36.2068973481655 15.5172413215041 3.89999989420176
         vertex -32.7586196362972 12.068965472281 3.89999989420176
      endloop
   endfacet
   facet normal 0 0 1
      outer loop
         vertex -32.7586196362972 12.068965472281 3.89999989420176
         vertex -36.2068973481655 15.5172413215041 3.89999989420176
         vertex -36.2068973481655 12.068965472281 3.89999989420176
      endloop
   endfacet
   facet normal 0 0 1
      outer loop
         vertex -32.7586196362972 12.068965472281 3.89999989420176
         vertex -36.2068973481655 12.068965472281 3.89999989420176
         vertex -32.7586196362972 8.62068962305784 3.89999989420176
      endloop
   endfacet
   facet normal 0 0 1
      outer loop
         vertex -32.7586196362972 8.62068962305784 3.89999989420176
         vertex -36.2068973481655 12.068965472281 3.89999989420176
         vertex -36.2068973481655 8.62068962305784 3.89999989420176
      endloop
   endfacet
   facet normal 0 0 1
      outer loop
         vertex -32.7586196362972 8.62068962305784 3.89999989420176
         vertex -36.2068973481655 8.62068962305784 3.89999989420176
         vertex -32.7586196362972 5.17241377383471 3.89999989420176
      endloop
   endfacet
   facet normal 0 0 1
      outer loop
         vertex -32.7586196362972 5.17241377383471 3.89999989420176
         vertex -36.2068973481655 8.62068962305784 3.89999989420176
         vertex -36.2068973481655 5.17241377383471 3.89999989420176
      endloop
   endfacet
   facet normal 0 0 1
      outer loop
         vertex -32.7586196362972 5.17241377383471 3.89999989420176
         vertex -36.2068973481655 5.17241377383471 3.89999989420176
         vertex -32.7586196362972 1.72413792461157 3.89999989420176
      endloop
   endfacet
   facet normal 0 0 1
      outer loop
         vertex -32.7586196362972 1.72413792461157 3.89999989420176
         vertex -36.2068973481655 5.17241377383471 3.89999989420176
         vertex -36.2068973481655 1.72413792461157 3.89999989420176
      endloop
   endfacet
   facet normal 0 0 1
      outer loop
         vertex -32.7586196362972 1.72413792461157 3.89999989420176
         vertex -36.2068973481655 1.72413792461157 3.89999989420176
         vertex -32.7586196362972 -1.72413792461157 3.89999989420176
      endloop
   endfacet
   facet normal 0 0 1
      outer loop
         vertex -32.7586196362972 -1.72413792461157 3.89999989420176
         vertex -36.2068973481655 1.72413792461157 3.89999989420176
         vertex -36.2068973481655 -1.72413792461157 3.89999989420176
      endloop
   endfacet
   facet normal 0 0 1
      outer loop
         vertex -32.7586196362972 -1.72413792461157 3.89999989420176
         vertex -36.2068973481655 -1.72413792461157 3.89999989420176
         vertex -32.7586196362972 -5.17241377383471 3.89999989420176
      endloop
   endfacet
   facet normal 0 0 1
      outer loop
         vertex -32.7586196362972 -5.17241377383471 3.89999989420176
         vertex -36.2068973481655 -1.72413792461157 3.89999989420176
         vertex -36.2068973481655 -5.17241377383471 3.89999989420176
      endloop
   endfacet
   facet normal 0 0 1
      outer loop
         vertex -32.7586196362972 -5.17241377383471 3.89999989420176
         vertex -36.2068973481655 -5.17241377383471 3.89999989420176
         vertex -32.7586196362972 -8.62068962305784 3.89999989420176
      endloop
   endfacet
   facet normal 0 0 1
      outer loop
         vertex -32.7586196362972 -8.62068962305784 3.89999989420176
         vertex -36.2068973481655 -5.17241377383471 3.89999989420176
         vertex -36.2068973481655 -8.62068962305784 3.89999989420176
      endloop
   endfacet
   facet normal 0 0 1
      outer loop
         vertex -32.7586196362972 -8.62068962305784 3.89999989420176
         vertex -36.2068973481655 -8.62068962305784 3.89999989420176
         vertex -32.7586196362972 -12.068965472281 3.89999989420176
      endloop
   endfacet
   facet normal 0 0 1
      outer loop
         vertex -32.7586196362972 -12.068965472281 3.89999989420176
         vertex -36.2068973481655 -8.62068962305784 3.89999989420176
         vertex -36.2068973481655 -12.068965472281 3.89999989420176
      endloop
   endfacet
   facet normal 0 0 1
      outer loop
         vertex -32.7586196362972 -12.068965472281 3.89999989420176
         vertex -36.2068973481655 -12.068965472281 3.89999989420176
         vertex -32.7586196362972 -15.5172413215041 3.89999989420176
      endloop
   endfacet
   facet normal 0 0 1
      outer loop
         vertex -32.7586196362972 -15.5172413215041 3.89999989420176
         vertex -36.2068973481655 -12.068965472281 3.89999989420176
         vertex -36.2068973481655 -15.5172413215041 3.89999989420176
      endloop
   endfacet
   facet normal 0 0 1
      outer loop
         vertex -32.7586196362972 -15.5172413215041 3.89999989420176
         vertex -36.2068973481655 -15.5172413215041 3.89999989420176
         vertex -32.7586196362972 -18.9655181020498 3.89999989420176
      endloop
   endfacet
   facet normal 0 0 1
      outer loop
         vertex -32.7586196362972 -18.9655181020498 3.89999989420176
         vertex -36.2068973481655 -15.5172413215041 3.89999989420176
         vertex -36.2068973481655 -18.9655181020498 3.89999989420176
      endloop
   endfacet
   facet normal 0 0 1
      outer loop
         vertex -32.7586196362972 -18.9655181020498 3.89999989420176
         vertex -36.2068973481655 -18.9655181020498 3.89999989420176
         vertex -32.7586196362972 -22.413793951273 3.89999989420176
      endloop
   endfacet
   facet normal 0 0 1
      outer loop
         vertex -32.7586196362972 -22.413793951273 3.89999989420176
         vertex -36.2068973481655 -18.9655181020498 3.89999989420176
         vertex -36.2068973481655 -22.413793951273 3.89999989420176
      endloop
   endfacet
   facet normal 0 0 1
      outer loop
         vertex -39.6551713347435 -1.72413792461157 3.89999989420176
         vertex -39.6551713347435 1.72413792461157 3.89999989420176
         vertex -43.1034490466118 1.72413792461157 3.89999989420176
      endloop
   endfacet
   facet normal 0 0 1
      outer loop
         vertex -43.1034490466118 1.72413792461157 3.89999989420176
         vertex -39.6551713347435 1.72413792461157 3.89999989420176
         vertex -43.1034490466118 5.17241377383471 3.89999989420176
      endloop
   endfacet
   facet normal 0 0 1
      outer loop
         vertex -43.1034490466118 1.72413792461157 3.89999989420176
         vertex -43.1034490466118 5.17241377383471 3.89999989420176
         vertex -46.5517230331898 5.17241377383471 3.89999989420176
      endloop
   endfacet
   facet normal 0 0 1
      outer loop
         vertex -46.5517230331898 5.17241377383471 3.89999989420176
         vertex -43.1034490466118 5.17241377383471 3.89999989420176
         vertex -46.5517230331898 8.62068962305784 3.89999989420176
      endloop
   endfacet
   facet normal 0 0 1
      outer loop
         vertex 36.2068973481655 1.72413792461157 3.89999989420176
         vertex 36.2068973481655 -1.72413792461157 3.89999989420176
         vertex 39.6551713347435 -1.72413792461157 3.89999989420176
      endloop
   endfacet
   facet normal 0 0 1
      outer loop
         vertex 39.6551713347435 -1.72413792461157 3.89999989420176
         vertex 36.2068973481655 -1.72413792461157 3.89999989420176
         vertex 39.6551713347435 -5.17241377383471 3.89999989420176
      endloop
   endfacet
   facet normal 0 0 1
      outer loop
         vertex 39.6551713347435 -1.72413792461157 3.89999989420176
         vertex 39.6551713347435 -5.17241377383471 3.89999989420176
         vertex 43.1034490466118 -5.17241377383471 3.89999989420176
      endloop
   endfacet
   facet normal 0 0 1
      outer loop
         vertex 43.1034490466118 -5.17241377383471 3.89999989420176
         vertex 39.6551713347435 -5.17241377383471 3.89999989420176
         vertex 43.1034490466118 -8.62068962305784 3.89999989420176
      endloop
   endfacet
   facet normal 0 0 1
      outer loop
         vertex 36.2068973481655 -1.72413792461157 3.89999989420176
         vertex 36.2068973481655 -5.17241377383471 3.89999989420176
         vertex 39.6551713347435 -5.17241377383471 3.89999989420176
      endloop
   endfacet
   facet normal 0 0 1
      outer loop
         vertex 39.6551713347435 -5.17241377383471 3.89999989420176
         vertex 36.2068973481655 -5.17241377383471 3.89999989420176
         vertex 39.6551713347435 -8.62068962305784 3.89999989420176
      endloop
   endfacet
   facet normal 0 0 1
      outer loop
         vertex 39.6551713347435 -5.17241377383471 3.89999989420176
         vertex 39.6551713347435 -8.62068962305784 3.89999989420176
         vertex 43.1034490466118 -8.62068962305784 3.89999989420176
      endloop
   endfacet
   facet normal 0 0 1
      outer loop
         vertex 43.1034490466118 -8.62068962305784 3.89999989420176
         vertex 39.6551713347435 -8.62068962305784 3.89999989420176
         vertex 43.1034490466118 -12.068965472281 3.89999989420176
      endloop
   endfacet
   facet normal 0 0 1
      outer loop
         vertex 48.453863710165 -12.33786996454 3.89999989420176
         vertex 46.5517230331898 -8.62068962305784 3.89999989420176
         vertex 46.5517230331898 -12.068965472281 3.89999989420176
      endloop
   endfacet
   facet normal 0 0 1
      outer loop
         vertex 39.6551713347435 -8.62068962305784 3.89999989420176
         vertex 36.2068973481655 -8.62068962305784 3.89999989420176
         vertex 39.6551713347435 -12.068965472281 3.89999989420176
      endloop
   endfacet
   facet normal 0 0 1
      outer loop
         vertex 39.6551713347435 -12.068965472281 3.89999989420176
         vertex 36.2068973481655 -8.62068962305784 3.89999989420176
         vertex 36.2068973481655 -12.068965472281 3.89999989420176
      endloop
   endfacet
   facet normal 0 0 1
      outer loop
         vertex 39.6551713347435 -12.068965472281 3.89999989420176
         vertex 36.2068973481655 -12.068965472281 3.89999989420176
         vertex 39.6551713347435 -15.5172413215041 3.89999989420176
      endloop
   endfacet
   facet normal 0 0 1
      outer loop
         vertex 39.6551713347435 -15.5172413215041 3.89999989420176
         vertex 36.2068973481655 -12.068965472281 3.89999989420176
         vertex 36.2068973481655 -15.5172413215041 3.89999989420176
      endloop
   endfacet
   facet normal 0 0 1
      outer loop
         vertex 39.6551713347435 -15.5172413215041 3.89999989420176
         vertex 36.2068973481655 -15.5172413215041 3.89999989420176
         vertex 39.6551713347435 -18.9655181020498 3.89999989420176
      endloop
   endfacet
   facet normal 0 0 1
      outer loop
         vertex 39.6551713347435 -18.9655181020498 3.89999989420176
         vertex 36.2068973481655 -15.5172413215041 3.89999989420176
         vertex 36.2068973481655 -18.9655181020498 3.89999989420176
      endloop
   endfacet
   facet normal 0 0 1
      outer loop
         vertex 39.6551713347435 -18.9655181020498 3.89999989420176
         vertex 36.2068973481655 -18.9655181020498 3.89999989420176
         vertex 39.6551713347435 -22.413793951273 3.89999989420176
      endloop
   endfacet
   facet normal 0 0 1
      outer loop
         vertex 39.6551713347435 -22.413793951273 3.89999989420176
         vertex 36.2068973481655 -18.9655181020498 3.89999989420176
         vertex 36.2068973481655 -22.413793951273 3.89999989420176
      endloop
   endfacet
   facet normal 0 0 1
      outer loop
         vertex 36.2068973481655 -8.62068962305784 3.89999989420176
         vertex 39.6551713347435 -8.62068962305784 3.89999989420176
         vertex 36.2068973481655 -5.17241377383471 3.89999989420176
      endloop
   endfacet
   facet normal 0 0 1
      outer loop
         vertex -39.6551713347435 -12.068965472281 3.89999989420176
         vertex -43.1034490466118 -8.62068962305784 3.89999989420176
         vertex -43.1034490466118 -12.068965472281 3.89999989420176
      endloop
   endfacet
   facet normal 0 0 1
      outer loop
         vertex -43.1034490466118 -12.068965472281 3.89999989420176
         vertex -43.1034490466118 -8.62068962305784 3.89999989420176
         vertex -46.5517230331898 -8.62068962305784 3.89999989420176
      endloop
   endfacet
   facet normal 0 0 1
      outer loop
         vertex -43.1034490466118 -8.62068962305784 3.89999989420176
         vertex -46.5517230331898 -5.17241377383471 3.89999989420176
         vertex -46.5517230331898 -8.62068962305784 3.89999989420176
      endloop
   endfacet
   facet normal 0 0 1
      outer loop
         vertex -46.5517230331898 -8.62068962305784 3.89999989420176
         vertex -46.5517230331898 -5.17241377383471 3.89999989420176
         vertex -49.7515387833118 -4.97839227318764 3.89999989420176
      endloop
   endfacet
   facet normal 0 0 1
      outer loop
         vertex -39.6551713347435 -12.068965472281 3.89999989420176
         vertex -43.1034490466118 -12.068965472281 3.89999989420176
         vertex -39.6551713347435 -15.5172413215041 3.89999989420176
      endloop
   endfacet
   facet normal 0 0 1
      outer loop
         vertex 43.1034490466118 -15.5172413215041 3.89999989420176
         vertex 43.1034490466118 -12.068965472281 3.89999989420176
         vertex 39.6551713347435 -12.068965472281 3.89999989420176
      endloop
   endfacet
   facet normal 0 0 1
      outer loop
         vertex 39.6551713347435 -12.068965472281 3.89999989420176
         vertex 43.1034490466118 -12.068965472281 3.89999989420176
         vertex 39.6551713347435 -8.62068962305784 3.89999989420176
      endloop
   endfacet
   facet normal 0 0 1
      outer loop
         vertex 43.1034490466118 -18.9655181020498 3.89999989420176
         vertex 43.1034490466118 -15.5172413215041 3.89999989420176
         vertex 39.6551713347435 -15.5172413215041 3.89999989420176
      endloop
   endfacet
   facet normal 0 0 1
      outer loop
         vertex 39.6551713347435 -15.5172413215041 3.89999989420176
         vertex 43.1034490466118 -15.5172413215041 3.89999989420176
         vertex 39.6551713347435 -12.068965472281 3.89999989420176
      endloop
   endfacet
   facet normal 0 0 1
      outer loop
         vertex 39.6551713347435 -22.413793951273 3.89999989420176
         vertex 43.1034490466118 -22.413793951273 3.89999989420176
         vertex 39.6551713347435 -18.9655181020498 3.89999989420176
      endloop
   endfacet
   facet normal 0 0 1
      outer loop
         vertex 39.6551713347435 -18.9655181020498 3.89999989420176
         vertex 43.1034490466118 -22.413793951273 3.89999989420176
         vertex 43.1034490466118 -18.9655181020498 3.89999989420176
      endloop
   endfacet
   facet normal 0 0 1
      outer loop
         vertex 39.6551713347435 -18.9655181020498 3.89999989420176
         vertex 43.1034490466118 -18.9655181020498 3.89999989420176
         vertex 39.6551713347435 -15.5172413215041 3.89999989420176
      endloop
   endfacet
   facet normal 0 0 1
      outer loop
         vertex -46.0738092660904 -19.4217395037413 3.89999989420176
         vertex -43.1034490466118 -22.413793951273 3.89999989420176
         vertex -43.1034490466118 -18.9655181020498 3.89999989420176
      endloop
   endfacet
   facet normal 0 0 1
      outer loop
         vertex -43.1034490466118 -18.9655181020498 3.89999989420176
         vertex -43.1034490466118 -22.413793951273 3.89999989420176
         vertex -39.6551713347435 -22.413793951273 3.89999989420176
      endloop
   endfacet
   facet normal 0 0 1
      outer loop
         vertex -36.2068973481655 -25.8620698004961 3.89999989420176
         vertex -39.6551713347435 -25.8620698004961 3.89999989420176
         vertex -36.2068973481655 -29.3103456497192 3.89999989420176
      endloop
   endfacet
   facet normal 0 0 1
      outer loop
         vertex -36.2068973481655 -29.3103456497192 3.89999989420176
         vertex -39.6551713347435 -25.8620698004961 3.89999989420176
         vertex -39.6551713347435 -29.3103456497192 3.89999989420176
      endloop
   endfacet
   facet normal 0 0 1
      outer loop
         vertex -36.2068973481655 -29.3103456497192 3.89999989420176
         vertex -39.6551713347435 -29.3103456497192 3.89999989420176
         vertex -38.3022204041481 -32.1393795311451 3.89999989420176
      endloop
   endfacet
   facet normal 0 0 1
      outer loop
         vertex -38.3022204041481 -32.1393795311451 3.89999989420176
         vertex -39.6551713347435 -29.3103456497192 3.89999989420176
         vertex -41.31193831563 -28.1660035252571 3.89999989420176
      endloop
   endfacet
   facet normal 0 0 1
      outer loop
         vertex -32.7586196362972 -25.8620698004961 3.89999989420176
         vertex -36.2068973481655 -25.8620698004961 3.89999989420176
         vertex -32.7586196362972 -29.3103456497192 3.89999989420176
      endloop
   endfacet
   facet normal 0 0 1
      outer loop
         vertex -32.7586196362972 -29.3103456497192 3.89999989420176
         vertex -36.2068973481655 -25.8620698004961 3.89999989420176
         vertex -36.2068973481655 -29.3103456497192 3.89999989420176
      endloop
   endfacet
   facet normal 0 0 1
      outer loop
         vertex -32.7586196362972 -29.3103456497192 3.89999989420176
         vertex -36.2068973481655 -29.3103456497192 3.89999989420176
         vertex -32.7586196362972 -32.7586196362972 3.89999989420176
      endloop
   endfacet
   facet normal 0 0 1
      outer loop
         vertex -32.7586196362972 -32.7586196362972 3.89999989420176
         vertex -36.2068973481655 -29.3103456497192 3.89999989420176
         vertex -36.2068973481655 -32.7586196362972 3.89999989420176
      endloop
   endfacet
   facet normal 0 0 1
      outer loop
         vertex -32.7586196362972 -32.7586196362972 3.89999989420176
         vertex -36.2068973481655 -32.7586196362972 3.89999989420176
         vertex -34.9118411540985 -35.7933416962624 3.89999989420176
      endloop
   endfacet
   facet normal 0 0 1
      outer loop
         vertex -34.9118411540985 -35.7933416962624 3.89999989420176
         vertex -36.2068973481655 -32.7586196362972 3.89999989420176
         vertex -38.3022204041481 -32.1393795311451 3.89999989420176
      endloop
   endfacet
   facet normal 0 0 1
      outer loop
         vertex -29.3103456497192 -25.8620698004961 3.89999989420176
         vertex -32.7586196362972 -25.8620698004961 3.89999989420176
         vertex -29.3103456497192 -29.3103456497192 3.89999989420176
      endloop
   endfacet
   facet normal 0 0 1
      outer loop
         vertex -29.3103456497192 -29.3103456497192 3.89999989420176
         vertex -32.7586196362972 -25.8620698004961 3.89999989420176
         vertex -32.7586196362972 -29.3103456497192 3.89999989420176
      endloop
   endfacet
   facet normal 0 0 1
      outer loop
         vertex -29.3103456497192 -29.3103456497192 3.89999989420176
         vertex -32.7586196362972 -29.3103456497192 3.89999989420176
         vertex -29.3103456497192 -32.7586196362972 3.89999989420176
      endloop
   endfacet
   facet normal 0 0 1
      outer loop
         vertex -29.3103456497192 -32.7586196362972 3.89999989420176
         vertex -32.7586196362972 -29.3103456497192 3.89999989420176
         vertex -32.7586196362972 -32.7586196362972 3.89999989420176
      endloop
   endfacet
   facet normal 0 0 1
      outer loop
         vertex -29.3103456497192 -32.7586196362972 3.89999989420176
         vertex -32.7586196362972 -32.7586196362972 3.89999989420176
         vertex -29.3103456497192 -36.2068973481655 3.89999989420176
      endloop
   endfacet
   facet normal 0 0 1
      outer loop
         vertex -29.3103456497192 -36.2068973481655 3.89999989420176
         vertex -32.7586196362972 -32.7586196362972 3.89999989420176
         vertex -32.7586196362972 -36.2068973481655 3.89999989420176
      endloop
   endfacet
   facet normal 0 0 1
      outer loop
         vertex -29.3103456497192 -36.2068973481655 3.89999989420176
         vertex -32.7586196362972 -36.2068973481655 3.89999989420176
         vertex -31.1744902282953 -39.0915758907795 3.89999989420176
      endloop
   endfacet
   facet normal 0 0 1
      outer loop
         vertex -31.1744902282953 -39.0915758907795 3.89999989420176
         vertex -32.7586196362972 -36.2068973481655 3.89999989420176
         vertex -34.9118411540985 -35.7933416962624 3.89999989420176
      endloop
   endfacet
   facet normal 0 0 1
      outer loop
         vertex -25.8620698004961 -25.8620698004961 3.89999989420176
         vertex -29.3103456497192 -25.8620698004961 3.89999989420176
         vertex -25.8620698004961 -29.3103456497192 3.89999989420176
      endloop
   endfacet
   facet normal 0 0 1
      outer loop
         vertex -25.8620698004961 -29.3103456497192 3.89999989420176
         vertex -29.3103456497192 -25.8620698004961 3.89999989420176
         vertex -29.3103456497192 -29.3103456497192 3.89999989420176
      endloop
   endfacet
   facet normal 0 0 1
      outer loop
         vertex -25.8620698004961 -29.3103456497192 3.89999989420176
         vertex -29.3103456497192 -29.3103456497192 3.89999989420176
         vertex -25.8620698004961 -32.7586196362972 3.89999989420176
      endloop
   endfacet
   facet normal 0 0 1
      outer loop
         vertex -25.8620698004961 -32.7586196362972 3.89999989420176
         vertex -29.3103456497192 -29.3103456497192 3.89999989420176
         vertex -29.3103456497192 -32.7586196362972 3.89999989420176
      endloop
   endfacet
   facet normal 0 0 1
      outer loop
         vertex -25.8620698004961 -32.7586196362972 3.89999989420176
         vertex -29.3103456497192 -32.7586196362972 3.89999989420176
         vertex -25.8620698004961 -36.2068973481655 3.89999989420176
      endloop
   endfacet
   facet normal 0 0 1
      outer loop
         vertex -25.8620698004961 -36.2068973481655 3.89999989420176
         vertex -29.3103456497192 -32.7586196362972 3.89999989420176
         vertex -29.3103456497192 -36.2068973481655 3.89999989420176
      endloop
   endfacet
   facet normal 0 0 1
      outer loop
         vertex -25.8620698004961 -36.2068973481655 3.89999989420176
         vertex -29.3103456497192 -36.2068973481655 3.89999989420176
         vertex -25.8620698004961 -39.6551713347435 3.89999989420176
      endloop
   endfacet
   facet normal 0 0 1
      outer loop
         vertex -25.8620698004961 -39.6551713347435 3.89999989420176
         vertex -29.3103456497192 -36.2068973481655 3.89999989420176
         vertex -29.3103456497192 -39.6551713347435 3.89999989420176
      endloop
   endfacet
   facet normal 0 0 1
      outer loop
         vertex -25.8620698004961 -39.6551713347435 3.89999989420176
         vertex -29.3103456497192 -39.6551713347435 3.89999989420176
         vertex -27.1273124963045 -42.0012958347797 3.89999989420176
      endloop
   endfacet
   facet normal 0 0 1
      outer loop
         vertex -27.1273124963045 -42.0012958347797 3.89999989420176
         vertex -29.3103456497192 -39.6551713347435 3.89999989420176
         vertex -31.1744902282953 -39.0915758907795 3.89999989420176
      endloop
   endfacet
   facet normal 0 0 1
      outer loop
         vertex -22.413793951273 -25.8620698004961 3.89999989420176
         vertex -25.8620698004961 -25.8620698004961 3.89999989420176
         vertex -22.413793951273 -29.3103456497192 3.89999989420176
      endloop
   endfacet
   facet normal 0 0 1
      outer loop
         vertex -22.413793951273 -29.3103456497192 3.89999989420176
         vertex -25.8620698004961 -25.8620698004961 3.89999989420176
         vertex -25.8620698004961 -29.3103456497192 3.89999989420176
      endloop
   endfacet
   facet normal 0 0 1
      outer loop
         vertex -22.413793951273 -29.3103456497192 3.89999989420176
         vertex -25.8620698004961 -29.3103456497192 3.89999989420176
         vertex -22.413793951273 -32.7586196362972 3.89999989420176
      endloop
   endfacet
   facet normal 0 0 1
      outer loop
         vertex -22.413793951273 -32.7586196362972 3.89999989420176
         vertex -25.8620698004961 -29.3103456497192 3.89999989420176
         vertex -25.8620698004961 -32.7586196362972 3.89999989420176
      endloop
   endfacet
   facet normal 0 0 1
      outer loop
         vertex -22.413793951273 -32.7586196362972 3.89999989420176
         vertex -25.8620698004961 -32.7586196362972 3.89999989420176
         vertex -22.413793951273 -36.2068973481655 3.89999989420176
      endloop
   endfacet
   facet normal 0 0 1
      outer loop
         vertex -22.413793951273 -36.2068973481655 3.89999989420176
         vertex -25.8620698004961 -32.7586196362972 3.89999989420176
         vertex -25.8620698004961 -36.2068973481655 3.89999989420176
      endloop
   endfacet
   facet normal 0 0 1
      outer loop
         vertex -22.413793951273 -36.2068973481655 3.89999989420176
         vertex -25.8620698004961 -36.2068973481655 3.89999989420176
         vertex -22.413793951273 -39.6551713347435 3.89999989420176
      endloop
   endfacet
   facet normal 0 0 1
      outer loop
         vertex -22.413793951273 -39.6551713347435 3.89999989420176
         vertex -25.8620698004961 -36.2068973481655 3.89999989420176
         vertex -25.8620698004961 -39.6551713347435 3.89999989420176
      endloop
   endfacet
   facet normal 0 0 1
      outer loop
         vertex -22.413793951273 -39.6551713347435 3.89999989420176
         vertex -25.8620698004961 -39.6551713347435 3.89999989420176
         vertex -22.413793951273 -43.1034490466118 3.89999989420176
      endloop
   endfacet
   facet normal 0 0 1
      outer loop
         vertex -22.413793951273 -43.1034490466118 3.89999989420176
         vertex -25.8620698004961 -39.6551713347435 3.89999989420176
         vertex -27.1273124963045 -42.0012958347797 3.89999989420176
      endloop
   endfacet
   facet normal 0 0 1
      outer loop
         vertex -22.413793951273 -43.1034490466118 3.89999989420176
         vertex -27.1273124963045 -42.0012958347797 3.89999989420176
         vertex -22.8105336427689 -44.4935895502567 3.89999989420176
      endloop
   endfacet
   facet normal 0 0 1
      outer loop
         vertex -18.9655181020498 -25.8620698004961 3.89999989420176
         vertex -22.413793951273 -25.8620698004961 3.89999989420176
         vertex -18.9655181020498 -29.3103456497192 3.89999989420176
      endloop
   endfacet
   facet normal 0 0 1
      outer loop
         vertex -18.9655181020498 -29.3103456497192 3.89999989420176
         vertex -22.413793951273 -25.8620698004961 3.89999989420176
         vertex -22.413793951273 -29.3103456497192 3.89999989420176
      endloop
   endfacet
   facet normal 0 0 1
      outer loop
         vertex -18.9655181020498 -29.3103456497192 3.89999989420176
         vertex -22.413793951273 -29.3103456497192 3.89999989420176
         vertex -18.9655181020498 -32.7586196362972 3.89999989420176
      endloop
   endfacet
   facet normal 0 0 1
      outer loop
         vertex -18.9655181020498 -32.7586196362972 3.89999989420176
         vertex -22.413793951273 -29.3103456497192 3.89999989420176
         vertex -22.413793951273 -32.7586196362972 3.89999989420176
      endloop
   endfacet
   facet normal 0 0 1
      outer loop
         vertex -18.9655181020498 -32.7586196362972 3.89999989420176
         vertex -22.413793951273 -32.7586196362972 3.89999989420176
         vertex -18.9655181020498 -36.2068973481655 3.89999989420176
      endloop
   endfacet
   facet normal 0 0 1
      outer loop
         vertex -18.9655181020498 -36.2068973481655 3.89999989420176
         vertex -22.413793951273 -32.7586196362972 3.89999989420176
         vertex -22.413793951273 -36.2068973481655 3.89999989420176
      endloop
   endfacet
   facet normal 0 0 1
      outer loop
         vertex -18.9655181020498 -36.2068973481655 3.89999989420176
         vertex -22.413793951273 -36.2068973481655 3.89999989420176
         vertex -18.9655181020498 -39.6551713347435 3.89999989420176
      endloop
   endfacet
   facet normal 0 0 1
      outer loop
         vertex -18.9655181020498 -39.6551713347435 3.89999989420176
         vertex -22.413793951273 -36.2068973481655 3.89999989420176
         vertex -22.413793951273 -39.6551713347435 3.89999989420176
      endloop
   endfacet
   facet normal 0 0 1
      outer loop
         vertex -18.9655181020498 -39.6551713347435 3.89999989420176
         vertex -22.413793951273 -39.6551713347435 3.89999989420176
         vertex -18.9655181020498 -43.1034490466118 3.89999989420176
      endloop
   endfacet
   facet normal 0 0 1
      outer loop
         vertex -18.9655181020498 -43.1034490466118 3.89999989420176
         vertex -22.413793951273 -39.6551713347435 3.89999989420176
         vertex -22.413793951273 -43.1034490466118 3.89999989420176
      endloop
   endfacet
   facet normal 0 0 1
      outer loop
         vertex -18.9655181020498 -43.1034490466118 3.89999989420176
         vertex -22.413793951273 -43.1034490466118 3.89999989420176
         vertex -22.8105336427689 -44.4935895502567 3.89999989420176
      endloop
   endfacet
   facet normal 0 0 1
      outer loop
         vertex -15.5172413215041 -25.8620698004961 3.89999989420176
         vertex -18.9655181020498 -25.8620698004961 3.89999989420176
         vertex -15.5172413215041 -29.3103456497192 3.89999989420176
      endloop
   endfacet
   facet normal 0 0 1
      outer loop
         vertex -15.5172413215041 -29.3103456497192 3.89999989420176
         vertex -18.9655181020498 -25.8620698004961 3.89999989420176
         vertex -18.9655181020498 -29.3103456497192 3.89999989420176
      endloop
   endfacet
   facet normal 0 0 1
      outer loop
         vertex -15.5172413215041 -29.3103456497192 3.89999989420176
         vertex -18.9655181020498 -29.3103456497192 3.89999989420176
         vertex -15.5172413215041 -32.7586196362972 3.89999989420176
      endloop
   endfacet
   facet normal 0 0 1
      outer loop
         vertex -15.5172413215041 -32.7586196362972 3.89999989420176
         vertex -18.9655181020498 -29.3103456497192 3.89999989420176
         vertex -18.9655181020498 -32.7586196362972 3.89999989420176
      endloop
   endfacet
   facet normal 0 0 1
      outer loop
         vertex -15.5172413215041 -32.7586196362972 3.89999989420176
         vertex -18.9655181020498 -32.7586196362972 3.89999989420176
         vertex -15.5172413215041 -36.2068973481655 3.89999989420176
      endloop
   endfacet
   facet normal 0 0 1
      outer loop
         vertex -15.5172413215041 -36.2068973481655 3.89999989420176
         vertex -18.9655181020498 -32.7586196362972 3.89999989420176
         vertex -18.9655181020498 -36.2068973481655 3.89999989420176
      endloop
   endfacet
   facet normal 0 0 1
      outer loop
         vertex -15.5172413215041 -36.2068973481655 3.89999989420176
         vertex -18.9655181020498 -36.2068973481655 3.89999989420176
         vertex -15.5172413215041 -39.6551713347435 3.89999989420176
      endloop
   endfacet
   facet normal 0 0 1
      outer loop
         vertex -15.5172413215041 -39.6551713347435 3.89999989420176
         vertex -18.9655181020498 -36.2068973481655 3.89999989420176
         vertex -18.9655181020498 -39.6551713347435 3.89999989420176
      endloop
   endfacet
   facet normal 0 0 1
      outer loop
         vertex -15.5172413215041 -39.6551713347435 3.89999989420176
         vertex -18.9655181020498 -39.6551713347435 3.89999989420176
         vertex -15.5172413215041 -43.1034490466118 3.89999989420176
      endloop
   endfacet
   facet normal 0 0 1
      outer loop
         vertex -15.5172413215041 -43.1034490466118 3.89999989420176
         vertex -18.9655181020498 -39.6551713347435 3.89999989420176
         vertex -18.9655181020498 -43.1034490466118 3.89999989420176
      endloop
   endfacet
   facet normal 0 0 1
      outer loop
         vertex -15.5172413215041 -43.1034490466118 3.89999989420176
         vertex -18.9655181020498 -43.1034490466118 3.89999989420176
         vertex -18.2670503854752 -46.543687582016 3.89999989420176
      endloop
   endfacet
   facet normal 0 0 1
      outer loop
         vertex -18.2670503854752 -46.543687582016 3.89999989420176
         vertex -18.9655181020498 -43.1034490466118 3.89999989420176
         vertex -22.8105336427689 -44.4935895502567 3.89999989420176
      endloop
   endfacet
   facet normal 0 0 1
      outer loop
         vertex -12.068965472281 -25.8620698004961 3.89999989420176
         vertex -15.5172413215041 -25.8620698004961 3.89999989420176
         vertex -12.068965472281 -29.3103456497192 3.89999989420176
      endloop
   endfacet
   facet normal 0 0 1
      outer loop
         vertex -12.068965472281 -29.3103456497192 3.89999989420176
         vertex -15.5172413215041 -25.8620698004961 3.89999989420176
         vertex -15.5172413215041 -29.3103456497192 3.89999989420176
      endloop
   endfacet
   facet normal 0 0 1
      outer loop
         vertex -12.068965472281 -29.3103456497192 3.89999989420176
         vertex -15.5172413215041 -29.3103456497192 3.89999989420176
         vertex -12.068965472281 -32.7586196362972 3.89999989420176
      endloop
   endfacet
   facet normal 0 0 1
      outer loop
         vertex -12.068965472281 -32.7586196362972 3.89999989420176
         vertex -15.5172413215041 -29.3103456497192 3.89999989420176
         vertex -15.5172413215041 -32.7586196362972 3.89999989420176
      endloop
   endfacet
   facet normal 0 0 1
      outer loop
         vertex -12.068965472281 -32.7586196362972 3.89999989420176
         vertex -15.5172413215041 -32.7586196362972 3.89999989420176
         vertex -12.068965472281 -36.2068973481655 3.89999989420176
      endloop
   endfacet
   facet normal 0 0 1
      outer loop
         vertex -12.068965472281 -36.2068973481655 3.89999989420176
         vertex -15.5172413215041 -32.7586196362972 3.89999989420176
         vertex -15.5172413215041 -36.2068973481655 3.89999989420176
      endloop
   endfacet
   facet normal 0 0 1
      outer loop
         vertex -12.068965472281 -36.2068973481655 3.89999989420176
         vertex -15.5172413215041 -36.2068973481655 3.89999989420176
         vertex -12.068965472281 -39.6551713347435 3.89999989420176
      endloop
   endfacet
   facet normal 0 0 1
      outer loop
         vertex -12.068965472281 -39.6551713347435 3.89999989420176
         vertex -15.5172413215041 -36.2068973481655 3.89999989420176
         vertex -15.5172413215041 -39.6551713347435 3.89999989420176
      endloop
   endfacet
   facet normal 0 0 1
      outer loop
         vertex -12.068965472281 -39.6551713347435 3.89999989420176
         vertex -15.5172413215041 -39.6551713347435 3.89999989420176
         vertex -12.068965472281 -43.1034490466118 3.89999989420176
      endloop
   endfacet
   facet normal 0 0 1
      outer loop
         vertex -12.068965472281 -43.1034490466118 3.89999989420176
         vertex -15.5172413215041 -39.6551713347435 3.89999989420176
         vertex -15.5172413215041 -43.1034490466118 3.89999989420176
      endloop
   endfacet
   facet normal 0 0 1
      outer loop
         vertex -12.068965472281 -43.1034490466118 3.89999989420176
         vertex -15.5172413215041 -43.1034490466118 3.89999989420176
         vertex -12.068965472281 -46.5517230331898 3.89999989420176
      endloop
   endfacet
   facet normal 0 0 1
      outer loop
         vertex -12.068965472281 -46.5517230331898 3.89999989420176
         vertex -15.5172413215041 -43.1034490466118 3.89999989420176
         vertex -15.5172413215041 -46.5517230331898 3.89999989420176
      endloop
   endfacet
   facet normal 0 0 1
      outer loop
         vertex -12.068965472281 -46.5517230331898 3.89999989420176
         vertex -15.5172413215041 -46.5517230331898 3.89999989420176
         vertex -13.5420234873891 -48.1312125921249 3.89999989420176
      endloop
   endfacet
   facet normal 0 0 1
      outer loop
         vertex -13.5420234873891 -48.1312125921249 3.89999989420176
         vertex -15.5172413215041 -46.5517230331898 3.89999989420176
         vertex -18.2670503854752 -46.543687582016 3.89999989420176
      endloop
   endfacet
   facet normal 0 0 1
      outer loop
         vertex -8.62068962305784 -25.8620698004961 3.89999989420176
         vertex -12.068965472281 -25.8620698004961 3.89999989420176
         vertex -8.62068962305784 -29.3103456497192 3.89999989420176
      endloop
   endfacet
   facet normal 0 0 1
      outer loop
         vertex -8.62068962305784 -29.3103456497192 3.89999989420176
         vertex -12.068965472281 -25.8620698004961 3.89999989420176
         vertex -12.068965472281 -29.3103456497192 3.89999989420176
      endloop
   endfacet
   facet normal 0 0 1
      outer loop
         vertex -8.62068962305784 -29.3103456497192 3.89999989420176
         vertex -12.068965472281 -29.3103456497192 3.89999989420176
         vertex -8.62068962305784 -32.7586196362972 3.89999989420176
      endloop
   endfacet
   facet normal 0 0 1
      outer loop
         vertex -8.62068962305784 -32.7586196362972 3.89999989420176
         vertex -12.068965472281 -29.3103456497192 3.89999989420176
         vertex -12.068965472281 -32.7586196362972 3.89999989420176
      endloop
   endfacet
   facet normal 0 0 1
      outer loop
         vertex -8.62068962305784 -32.7586196362972 3.89999989420176
         vertex -12.068965472281 -32.7586196362972 3.89999989420176
         vertex -8.62068962305784 -36.2068973481655 3.89999989420176
      endloop
   endfacet
   facet normal 0 0 1
      outer loop
         vertex -8.62068962305784 -36.2068973481655 3.89999989420176
         vertex -12.068965472281 -32.7586196362972 3.89999989420176
         vertex -12.068965472281 -36.2068973481655 3.89999989420176
      endloop
   endfacet
   facet normal 0 0 1
      outer loop
         vertex -8.62068962305784 -36.2068973481655 3.89999989420176
         vertex -12.068965472281 -36.2068973481655 3.89999989420176
         vertex -8.62068962305784 -39.6551713347435 3.89999989420176
      endloop
   endfacet
   facet normal 0 0 1
      outer loop
         vertex -8.62068962305784 -39.6551713347435 3.89999989420176
         vertex -12.068965472281 -36.2068973481655 3.89999989420176
         vertex -12.068965472281 -39.6551713347435 3.89999989420176
      endloop
   endfacet
   facet normal 0 0 1
      outer loop
         vertex -8.62068962305784 -39.6551713347435 3.89999989420176
         vertex -12.068965472281 -39.6551713347435 3.89999989420176
         vertex -8.62068962305784 -43.1034490466118 3.89999989420176
      endloop
   endfacet
   facet normal 0 0 1
      outer loop
         vertex -8.62068962305784 -43.1034490466118 3.89999989420176
         vertex -12.068965472281 -39.6551713347435 3.89999989420176
         vertex -12.068965472281 -43.1034490466118 3.89999989420176
      endloop
   endfacet
   facet normal 0 0 1
      outer loop
         vertex -8.62068962305784 -43.1034490466118 3.89999989420176
         vertex -12.068965472281 -43.1034490466118 3.89999989420176
         vertex -8.62068962305784 -46.5517230331898 3.89999989420176
      endloop
   endfacet
   facet normal 0 0 1
      outer loop
         vertex -8.62068962305784 -46.5517230331898 3.89999989420176
         vertex -12.068965472281 -43.1034490466118 3.89999989420176
         vertex -12.068965472281 -46.5517230331898 3.89999989420176
      endloop
   endfacet
   facet normal 0 0 1
      outer loop
         vertex -8.62068962305784 -46.5517230331898 3.89999989420176
         vertex -12.068965472281 -46.5517230331898 3.89999989420176
         vertex -8.68240930140018 -49.2403879761696 3.89999989420176
      endloop
   endfacet
   facet normal 0 0 1
      outer loop
         vertex -8.68240930140018 -49.2403879761696 3.89999989420176
         vertex -12.068965472281 -46.5517230331898 3.89999989420176
         vertex -13.5420234873891 -48.1312125921249 3.89999989420176
      endloop
   endfacet
   facet normal 0 0 1
      outer loop
         vertex -5.17241377383471 -25.8620698004961 3.89999989420176
         vertex -8.62068962305784 -25.8620698004961 3.89999989420176
         vertex -5.17241377383471 -29.3103456497192 3.89999989420176
      endloop
   endfacet
   facet normal 0 0 1
      outer loop
         vertex -5.17241377383471 -29.3103456497192 3.89999989420176
         vertex -8.62068962305784 -25.8620698004961 3.89999989420176
         vertex -8.62068962305784 -29.3103456497192 3.89999989420176
      endloop
   endfacet
   facet normal 0 0 1
      outer loop
         vertex -5.17241377383471 -29.3103456497192 3.89999989420176
         vertex -8.62068962305784 -29.3103456497192 3.89999989420176
         vertex -5.17241377383471 -32.7586196362972 3.89999989420176
      endloop
   endfacet
   facet normal 0 0 1
      outer loop
         vertex -5.17241377383471 -32.7586196362972 3.89999989420176
         vertex -8.62068962305784 -29.3103456497192 3.89999989420176
         vertex -8.62068962305784 -32.7586196362972 3.89999989420176
      endloop
   endfacet
   facet normal 0 0 1
      outer loop
         vertex -5.17241377383471 -32.7586196362972 3.89999989420176
         vertex -8.62068962305784 -32.7586196362972 3.89999989420176
         vertex -5.17241377383471 -36.2068973481655 3.89999989420176
      endloop
   endfacet
   facet normal 0 0 1
      outer loop
         vertex -5.17241377383471 -36.2068973481655 3.89999989420176
         vertex -8.62068962305784 -32.7586196362972 3.89999989420176
         vertex -8.62068962305784 -36.2068973481655 3.89999989420176
      endloop
   endfacet
   facet normal 0 0 1
      outer loop
         vertex -5.17241377383471 -36.2068973481655 3.89999989420176
         vertex -8.62068962305784 -36.2068973481655 3.89999989420176
         vertex -5.17241377383471 -39.6551713347435 3.89999989420176
      endloop
   endfacet
   facet normal 0 0 1
      outer loop
         vertex -5.17241377383471 -39.6551713347435 3.89999989420176
         vertex -8.62068962305784 -36.2068973481655 3.89999989420176
         vertex -8.62068962305784 -39.6551713347435 3.89999989420176
      endloop
   endfacet
   facet normal 0 0 1
      outer loop
         vertex -5.17241377383471 -39.6551713347435 3.89999989420176
         vertex -8.62068962305784 -39.6551713347435 3.89999989420176
         vertex -5.17241377383471 -43.1034490466118 3.89999989420176
      endloop
   endfacet
   facet normal 0 0 1
      outer loop
         vertex -5.17241377383471 -43.1034490466118 3.89999989420176
         vertex -8.62068962305784 -39.6551713347435 3.89999989420176
         vertex -8.62068962305784 -43.1034490466118 3.89999989420176
      endloop
   endfacet
   facet normal 0 0 1
      outer loop
         vertex -5.17241377383471 -43.1034490466118 3.89999989420176
         vertex -8.62068962305784 -43.1034490466118 3.89999989420176
         vertex -5.17241377383471 -46.5517230331898 3.89999989420176
      endloop
   endfacet
   facet normal 0 0 1
      outer loop
         vertex -5.17241377383471 -46.5517230331898 3.89999989420176
         vertex -8.62068962305784 -43.1034490466118 3.89999989420176
         vertex -8.62068962305784 -46.5517230331898 3.89999989420176
      endloop
   endfacet
   facet normal 0 0 1
      outer loop
         vertex -5.17241377383471 -46.5517230331898 3.89999989420176
         vertex -8.62068962305784 -46.5517230331898 3.89999989420176
         vertex -8.68240930140018 -49.2403879761696 3.89999989420176
      endloop
   endfacet
   facet normal 0 0 1
      outer loop
         vertex -1.72413792461157 -25.8620698004961 3.89999989420176
         vertex -5.17241377383471 -25.8620698004961 3.89999989420176
         vertex -1.72413792461157 -29.3103456497192 3.89999989420176
      endloop
   endfacet
   facet normal 0 0 1
      outer loop
         vertex -1.72413792461157 -29.3103456497192 3.89999989420176
         vertex -5.17241377383471 -25.8620698004961 3.89999989420176
         vertex -5.17241377383471 -29.3103456497192 3.89999989420176
      endloop
   endfacet
   facet normal 0 0 1
      outer loop
         vertex -1.72413792461157 -29.3103456497192 3.89999989420176
         vertex -5.17241377383471 -29.3103456497192 3.89999989420176
         vertex -1.72413792461157 -32.7586196362972 3.89999989420176
      endloop
   endfacet
   facet normal 0 0 1
      outer loop
         vertex -1.72413792461157 -32.7586196362972 3.89999989420176
         vertex -5.17241377383471 -29.3103456497192 3.89999989420176
         vertex -5.17241377383471 -32.7586196362972 3.89999989420176
      endloop
   endfacet
   facet normal 0 0 1
      outer loop
         vertex -1.72413792461157 -32.7586196362972 3.89999989420176
         vertex -5.17241377383471 -32.7586196362972 3.89999989420176
         vertex -1.72413792461157 -36.2068973481655 3.89999989420176
      endloop
   endfacet
   facet normal 0 0 1
      outer loop
         vertex -1.72413792461157 -36.2068973481655 3.89999989420176
         vertex -5.17241377383471 -32.7586196362972 3.89999989420176
         vertex -5.17241377383471 -36.2068973481655 3.89999989420176
      endloop
   endfacet
   facet normal 0 0 1
      outer loop
         vertex -1.72413792461157 -36.2068973481655 3.89999989420176
         vertex -5.17241377383471 -36.2068973481655 3.89999989420176
         vertex -1.72413792461157 -39.6551713347435 3.89999989420176
      endloop
   endfacet
   facet normal 0 0 1
      outer loop
         vertex -1.72413792461157 -39.6551713347435 3.89999989420176
         vertex -5.17241377383471 -36.2068973481655 3.89999989420176
         vertex -5.17241377383471 -39.6551713347435 3.89999989420176
      endloop
   endfacet
   facet normal 0 0 1
      outer loop
         vertex -1.72413792461157 -39.6551713347435 3.89999989420176
         vertex -5.17241377383471 -39.6551713347435 3.89999989420176
         vertex -1.72413792461157 -43.1034490466118 3.89999989420176
      endloop
   endfacet
   facet normal 0 0 1
      outer loop
         vertex -1.72413792461157 -43.1034490466118 3.89999989420176
         vertex -5.17241377383471 -39.6551713347435 3.89999989420176
         vertex -5.17241377383471 -43.1034490466118 3.89999989420176
      endloop
   endfacet
   facet normal 0 0 1
      outer loop
         vertex -1.72413792461157 -43.1034490466118 3.89999989420176
         vertex -5.17241377383471 -43.1034490466118 3.89999989420176
         vertex -1.72413792461157 -46.5517230331898 3.89999989420176
      endloop
   endfacet
   facet normal 0 0 1
      outer loop
         vertex -1.72413792461157 -46.5517230331898 3.89999989420176
         vertex -5.17241377383471 -43.1034490466118 3.89999989420176
         vertex -5.17241377383471 -46.5517230331898 3.89999989420176
      endloop
   endfacet
   facet normal 0 0 1
      outer loop
         vertex -1.72413792461157 -46.5517230331898 3.89999989420176
         vertex -5.17241377383471 -46.5517230331898 3.89999989420176
         vertex -3.7365045864135 -49.8601906001568 3.89999989420176
      endloop
   endfacet
   facet normal 0 0 1
      outer loop
         vertex -3.7365045864135 -49.8601906001568 3.89999989420176
         vertex -5.17241377383471 -46.5517230331898 3.89999989420176
         vertex -8.68240930140018 -49.2403879761696 3.89999989420176
      endloop
   endfacet
   facet normal 0 0 1
      outer loop
         vertex 1.72413792461157 -25.8620698004961 3.89999989420176
         vertex -1.72413792461157 -25.8620698004961 3.89999989420176
         vertex 1.72413792461157 -29.3103456497192 3.89999989420176
      endloop
   endfacet
   facet normal 0 0 1
      outer loop
         vertex 1.72413792461157 -29.3103456497192 3.89999989420176
         vertex -1.72413792461157 -25.8620698004961 3.89999989420176
         vertex -1.72413792461157 -29.3103456497192 3.89999989420176
      endloop
   endfacet
   facet normal 0 0 1
      outer loop
         vertex 1.72413792461157 -29.3103456497192 3.89999989420176
         vertex -1.72413792461157 -29.3103456497192 3.89999989420176
         vertex 1.72413792461157 -32.7586196362972 3.89999989420176
      endloop
   endfacet
   facet normal 0 0 1
      outer loop
         vertex 1.72413792461157 -32.7586196362972 3.89999989420176
         vertex -1.72413792461157 -29.3103456497192 3.89999989420176
         vertex -1.72413792461157 -32.7586196362972 3.89999989420176
      endloop
   endfacet
   facet normal 0 0 1
      outer loop
         vertex 1.72413792461157 -32.7586196362972 3.89999989420176
         vertex -1.72413792461157 -32.7586196362972 3.89999989420176
         vertex 1.72413792461157 -36.2068973481655 3.89999989420176
      endloop
   endfacet
   facet normal 0 0 1
      outer loop
         vertex 1.72413792461157 -36.2068973481655 3.89999989420176
         vertex -1.72413792461157 -32.7586196362972 3.89999989420176
         vertex -1.72413792461157 -36.2068973481655 3.89999989420176
      endloop
   endfacet
   facet normal 0 0 1
      outer loop
         vertex 1.72413792461157 -36.2068973481655 3.89999989420176
         vertex -1.72413792461157 -36.2068973481655 3.89999989420176
         vertex 1.72413792461157 -39.6551713347435 3.89999989420176
      endloop
   endfacet
   facet normal 0 0 1
      outer loop
         vertex 1.72413792461157 -39.6551713347435 3.89999989420176
         vertex -1.72413792461157 -36.2068973481655 3.89999989420176
         vertex -1.72413792461157 -39.6551713347435 3.89999989420176
      endloop
   endfacet
   facet normal 0 0 1
      outer loop
         vertex 1.72413792461157 -39.6551713347435 3.89999989420176
         vertex -1.72413792461157 -39.6551713347435 3.89999989420176
         vertex 1.72413792461157 -43.1034490466118 3.89999989420176
      endloop
   endfacet
   facet normal 0 0 1
      outer loop
         vertex 1.72413792461157 -43.1034490466118 3.89999989420176
         vertex -1.72413792461157 -39.6551713347435 3.89999989420176
         vertex -1.72413792461157 -43.1034490466118 3.89999989420176
      endloop
   endfacet
   facet normal 0 0 1
      outer loop
         vertex 1.72413792461157 -43.1034490466118 3.89999989420176
         vertex -1.72413792461157 -43.1034490466118 3.89999989420176
         vertex 1.72413792461157 -46.5517230331898 3.89999989420176
      endloop
   endfacet
   facet normal 0 0 1
      outer loop
         vertex 1.72413792461157 -46.5517230331898 3.89999989420176
         vertex -1.72413792461157 -43.1034490466118 3.89999989420176
         vertex -1.72413792461157 -46.5517230331898 3.89999989420176
      endloop
   endfacet
   facet normal 0 0 1
      outer loop
         vertex 1.72413792461157 -46.5517230331898 3.89999989420176
         vertex -1.72413792461157 -46.5517230331898 3.89999989420176
         vertex 1.2465346371755 -49.9844588339329 3.89999989420176
      endloop
   endfacet
   facet normal 0 0 1
      outer loop
         vertex 1.2465346371755 -49.9844588339329 3.89999989420176
         vertex -1.72413792461157 -46.5517230331898 3.89999989420176
         vertex -3.7365045864135 -49.8601906001568 3.89999989420176
      endloop
   endfacet
   facet normal 0 0 1
      outer loop
         vertex 5.17241377383471 -25.8620698004961 3.89999989420176
         vertex 1.72413792461157 -25.8620698004961 3.89999989420176
         vertex 5.17241377383471 -29.3103456497192 3.89999989420176
      endloop
   endfacet
   facet normal 0 0 1
      outer loop
         vertex 5.17241377383471 -29.3103456497192 3.89999989420176
         vertex 1.72413792461157 -25.8620698004961 3.89999989420176
         vertex 1.72413792461157 -29.3103456497192 3.89999989420176
      endloop
   endfacet
   facet normal 0 0 1
      outer loop
         vertex 5.17241377383471 -29.3103456497192 3.89999989420176
         vertex 1.72413792461157 -29.3103456497192 3.89999989420176
         vertex 5.17241377383471 -32.7586196362972 3.89999989420176
      endloop
   endfacet
   facet normal 0 0 1
      outer loop
         vertex 5.17241377383471 -32.7586196362972 3.89999989420176
         vertex 1.72413792461157 -29.3103456497192 3.89999989420176
         vertex 1.72413792461157 -32.7586196362972 3.89999989420176
      endloop
   endfacet
   facet normal 0 0 1
      outer loop
         vertex 5.17241377383471 -32.7586196362972 3.89999989420176
         vertex 1.72413792461157 -32.7586196362972 3.89999989420176
         vertex 5.17241377383471 -36.2068973481655 3.89999989420176
      endloop
   endfacet
   facet normal 0 0 1
      outer loop
         vertex 5.17241377383471 -36.2068973481655 3.89999989420176
         vertex 1.72413792461157 -32.7586196362972 3.89999989420176
         vertex 1.72413792461157 -36.2068973481655 3.89999989420176
      endloop
   endfacet
   facet normal 0 0 1
      outer loop
         vertex 5.17241377383471 -36.2068973481655 3.89999989420176
         vertex 1.72413792461157 -36.2068973481655 3.89999989420176
         vertex 5.17241377383471 -39.6551713347435 3.89999989420176
      endloop
   endfacet
   facet normal 0 0 1
      outer loop
         vertex 5.17241377383471 -39.6551713347435 3.89999989420176
         vertex 1.72413792461157 -36.2068973481655 3.89999989420176
         vertex 1.72413792461157 -39.6551713347435 3.89999989420176
      endloop
   endfacet
   facet normal 0 0 1
      outer loop
         vertex 5.17241377383471 -39.6551713347435 3.89999989420176
         vertex 1.72413792461157 -39.6551713347435 3.89999989420176
         vertex 5.17241377383471 -43.1034490466118 3.89999989420176
      endloop
   endfacet
   facet normal 0 0 1
      outer loop
         vertex 5.17241377383471 -43.1034490466118 3.89999989420176
         vertex 1.72413792461157 -39.6551713347435 3.89999989420176
         vertex 1.72413792461157 -43.1034490466118 3.89999989420176
      endloop
   endfacet
   facet normal 0 0 1
      outer loop
         vertex 5.17241377383471 -43.1034490466118 3.89999989420176
         vertex 1.72413792461157 -43.1034490466118 3.89999989420176
         vertex 5.17241377383471 -46.5517230331898 3.89999989420176
      endloop
   endfacet
   facet normal 0 0 1
      outer loop
         vertex 5.17241377383471 -46.5517230331898 3.89999989420176
         vertex 1.72413792461157 -43.1034490466118 3.89999989420176
         vertex 1.72413792461157 -46.5517230331898 3.89999989420176
      endloop
   endfacet
   facet normal 0 0 1
      outer loop
         vertex 5.17241377383471 -46.5517230331898 3.89999989420176
         vertex 1.72413792461157 -46.5517230331898 3.89999989420176
         vertex 1.2465346371755 -49.9844588339329 3.89999989420176
      endloop
   endfacet
   facet normal 0 0 1
      outer loop
         vertex 8.62068962305784 -25.8620698004961 3.89999989420176
         vertex 5.17241377383471 -25.8620698004961 3.89999989420176
         vertex 8.62068962305784 -29.3103456497192 3.89999989420176
      endloop
   endfacet
   facet normal 0 0 1
      outer loop
         vertex 8.62068962305784 -29.3103456497192 3.89999989420176
         vertex 5.17241377383471 -25.8620698004961 3.89999989420176
         vertex 5.17241377383471 -29.3103456497192 3.89999989420176
      endloop
   endfacet
   facet normal 0 0 1
      outer loop
         vertex 8.62068962305784 -29.3103456497192 3.89999989420176
         vertex 5.17241377383471 -29.3103456497192 3.89999989420176
         vertex 8.62068962305784 -32.7586196362972 3.89999989420176
      endloop
   endfacet
   facet normal 0 0 1
      outer loop
         vertex 8.62068962305784 -32.7586196362972 3.89999989420176
         vertex 5.17241377383471 -29.3103456497192 3.89999989420176
         vertex 5.17241377383471 -32.7586196362972 3.89999989420176
      endloop
   endfacet
   facet normal 0 0 1
      outer loop
         vertex 8.62068962305784 -32.7586196362972 3.89999989420176
         vertex 5.17241377383471 -32.7586196362972 3.89999989420176
         vertex 8.62068962305784 -36.2068973481655 3.89999989420176
      endloop
   endfacet
   facet normal 0 0 1
      outer loop
         vertex 8.62068962305784 -36.2068973481655 3.89999989420176
         vertex 5.17241377383471 -32.7586196362972 3.89999989420176
         vertex 5.17241377383471 -36.2068973481655 3.89999989420176
      endloop
   endfacet
   facet normal 0 0 1
      outer loop
         vertex 8.62068962305784 -36.2068973481655 3.89999989420176
         vertex 5.17241377383471 -36.2068973481655 3.89999989420176
         vertex 8.62068962305784 -39.6551713347435 3.89999989420176
      endloop
   endfacet
   facet normal 0 0 1
      outer loop
         vertex 8.62068962305784 -39.6551713347435 3.89999989420176
         vertex 5.17241377383471 -36.2068973481655 3.89999989420176
         vertex 5.17241377383471 -39.6551713347435 3.89999989420176
      endloop
   endfacet
   facet normal 0 0 1
      outer loop
         vertex 8.62068962305784 -39.6551713347435 3.89999989420176
         vertex 5.17241377383471 -39.6551713347435 3.89999989420176
         vertex 8.62068962305784 -43.1034490466118 3.89999989420176
      endloop
   endfacet
   facet normal 0 0 1
      outer loop
         vertex 8.62068962305784 -43.1034490466118 3.89999989420176
         vertex 5.17241377383471 -39.6551713347435 3.89999989420176
         vertex 5.17241377383471 -43.1034490466118 3.89999989420176
      endloop
   endfacet
   facet normal 0 0 1
      outer loop
         vertex 8.62068962305784 -43.1034490466118 3.89999989420176
         vertex 5.17241377383471 -43.1034490466118 3.89999989420176
         vertex 8.62068962305784 -46.5517230331898 3.89999989420176
      endloop
   endfacet
   facet normal 0 0 1
      outer loop
         vertex 8.62068962305784 -46.5517230331898 3.89999989420176
         vertex 5.17241377383471 -43.1034490466118 3.89999989420176
         vertex 5.17241377383471 -46.5517230331898 3.89999989420176
      endloop
   endfacet
   facet normal 0 0 1
      outer loop
         vertex 8.62068962305784 -46.5517230331898 3.89999989420176
         vertex 5.17241377383471 -46.5517230331898 3.89999989420176
         vertex 6.21718540787697 -49.6119596064091 3.89999989420176
      endloop
   endfacet
   facet normal 0 0 1
      outer loop
         vertex 6.21718540787697 -49.6119596064091 3.89999989420176
         vertex 5.17241377383471 -46.5517230331898 3.89999989420176
         vertex 1.2465346371755 -49.9844588339329 3.89999989420176
      endloop
   endfacet
   facet normal 0 0 1
      outer loop
         vertex 12.068965472281 -25.8620698004961 3.89999989420176
         vertex 8.62068962305784 -25.8620698004961 3.89999989420176
         vertex 12.068965472281 -29.3103456497192 3.89999989420176
      endloop
   endfacet
   facet normal 0 0 1
      outer loop
         vertex 12.068965472281 -29.3103456497192 3.89999989420176
         vertex 8.62068962305784 -25.8620698004961 3.89999989420176
         vertex 8.62068962305784 -29.3103456497192 3.89999989420176
      endloop
   endfacet
   facet normal 0 0 1
      outer loop
         vertex 12.068965472281 -29.3103456497192 3.89999989420176
         vertex 8.62068962305784 -29.3103456497192 3.89999989420176
         vertex 12.068965472281 -32.7586196362972 3.89999989420176
      endloop
   endfacet
   facet normal 0 0 1
      outer loop
         vertex 12.068965472281 -32.7586196362972 3.89999989420176
         vertex 8.62068962305784 -29.3103456497192 3.89999989420176
         vertex 8.62068962305784 -32.7586196362972 3.89999989420176
      endloop
   endfacet
   facet normal 0 0 1
      outer loop
         vertex 12.068965472281 -32.7586196362972 3.89999989420176
         vertex 8.62068962305784 -32.7586196362972 3.89999989420176
         vertex 12.068965472281 -36.2068973481655 3.89999989420176
      endloop
   endfacet
   facet normal 0 0 1
      outer loop
         vertex 12.068965472281 -36.2068973481655 3.89999989420176
         vertex 8.62068962305784 -32.7586196362972 3.89999989420176
         vertex 8.62068962305784 -36.2068973481655 3.89999989420176
      endloop
   endfacet
   facet normal 0 0 1
      outer loop
         vertex 12.068965472281 -36.2068973481655 3.89999989420176
         vertex 8.62068962305784 -36.2068973481655 3.89999989420176
         vertex 12.068965472281 -39.6551713347435 3.89999989420176
      endloop
   endfacet
   facet normal 0 0 1
      outer loop
         vertex 12.068965472281 -39.6551713347435 3.89999989420176
         vertex 8.62068962305784 -36.2068973481655 3.89999989420176
         vertex 8.62068962305784 -39.6551713347435 3.89999989420176
      endloop
   endfacet
   facet normal 0 0 1
      outer loop
         vertex 12.068965472281 -39.6551713347435 3.89999989420176
         vertex 8.62068962305784 -39.6551713347435 3.89999989420176
         vertex 12.068965472281 -43.1034490466118 3.89999989420176
      endloop
   endfacet
   facet normal 0 0 1
      outer loop
         vertex 12.068965472281 -43.1034490466118 3.89999989420176
         vertex 8.62068962305784 -39.6551713347435 3.89999989420176
         vertex 8.62068962305784 -43.1034490466118 3.89999989420176
      endloop
   endfacet
   facet normal 0 0 1
      outer loop
         vertex 12.068965472281 -43.1034490466118 3.89999989420176
         vertex 8.62068962305784 -43.1034490466118 3.89999989420176
         vertex 12.068965472281 -46.5517230331898 3.89999989420176
      endloop
   endfacet
   facet normal 0 0 1
      outer loop
         vertex 12.068965472281 -46.5517230331898 3.89999989420176
         vertex 8.62068962305784 -43.1034490466118 3.89999989420176
         vertex 8.62068962305784 -46.5517230331898 3.89999989420176
      endloop
   endfacet
   facet normal 0 0 1
      outer loop
         vertex 12.068965472281 -46.5517230331898 3.89999989420176
         vertex 8.62068962305784 -46.5517230331898 3.89999989420176
         vertex 11.126047000289 -48.746395856142 3.89999989420176
      endloop
   endfacet
   facet normal 0 0 1
      outer loop
         vertex 11.126047000289 -48.746395856142 3.89999989420176
         vertex 8.62068962305784 -46.5517230331898 3.89999989420176
         vertex 6.21718540787697 -49.6119596064091 3.89999989420176
      endloop
   endfacet
   facet normal 0 0 1
      outer loop
         vertex 15.5172413215041 -25.8620698004961 3.89999989420176
         vertex 12.068965472281 -25.8620698004961 3.89999989420176
         vertex 15.5172413215041 -29.3103456497192 3.89999989420176
      endloop
   endfacet
   facet normal 0 0 1
      outer loop
         vertex 15.5172413215041 -29.3103456497192 3.89999989420176
         vertex 12.068965472281 -25.8620698004961 3.89999989420176
         vertex 12.068965472281 -29.3103456497192 3.89999989420176
      endloop
   endfacet
   facet normal 0 0 1
      outer loop
         vertex 15.5172413215041 -29.3103456497192 3.89999989420176
         vertex 12.068965472281 -29.3103456497192 3.89999989420176
         vertex 15.5172413215041 -32.7586196362972 3.89999989420176
      endloop
   endfacet
   facet normal 0 0 1
      outer loop
         vertex 15.5172413215041 -32.7586196362972 3.89999989420176
         vertex 12.068965472281 -29.3103456497192 3.89999989420176
         vertex 12.068965472281 -32.7586196362972 3.89999989420176
      endloop
   endfacet
   facet normal 0 0 1
      outer loop
         vertex 15.5172413215041 -32.7586196362972 3.89999989420176
         vertex 12.068965472281 -32.7586196362972 3.89999989420176
         vertex 15.5172413215041 -36.2068973481655 3.89999989420176
      endloop
   endfacet
   facet normal 0 0 1
      outer loop
         vertex 15.5172413215041 -36.2068973481655 3.89999989420176
         vertex 12.068965472281 -32.7586196362972 3.89999989420176
         vertex 12.068965472281 -36.2068973481655 3.89999989420176
      endloop
   endfacet
   facet normal 0 0 1
      outer loop
         vertex 15.5172413215041 -36.2068973481655 3.89999989420176
         vertex 12.068965472281 -36.2068973481655 3.89999989420176
         vertex 15.5172413215041 -39.6551713347435 3.89999989420176
      endloop
   endfacet
   facet normal 0 0 1
      outer loop
         vertex 15.5172413215041 -39.6551713347435 3.89999989420176
         vertex 12.068965472281 -36.2068973481655 3.89999989420176
         vertex 12.068965472281 -39.6551713347435 3.89999989420176
      endloop
   endfacet
   facet normal 0 0 1
      outer loop
         vertex 15.5172413215041 -39.6551713347435 3.89999989420176
         vertex 12.068965472281 -39.6551713347435 3.89999989420176
         vertex 15.5172413215041 -43.1034490466118 3.89999989420176
      endloop
   endfacet
   facet normal 0 0 1
      outer loop
         vertex 15.5172413215041 -43.1034490466118 3.89999989420176
         vertex 12.068965472281 -39.6551713347435 3.89999989420176
         vertex 12.068965472281 -43.1034490466118 3.89999989420176
      endloop
   endfacet
   facet normal 0 0 1
      outer loop
         vertex 15.5172413215041 -43.1034490466118 3.89999989420176
         vertex 12.068965472281 -43.1034490466118 3.89999989420176
         vertex 15.5172413215041 -46.5517230331898 3.89999989420176
      endloop
   endfacet
   facet normal 0 0 1
      outer loop
         vertex 15.5172413215041 -46.5517230331898 3.89999989420176
         vertex 12.068965472281 -43.1034490466118 3.89999989420176
         vertex 12.068965472281 -46.5517230331898 3.89999989420176
      endloop
   endfacet
   facet normal 0 0 1
      outer loop
         vertex 15.5172413215041 -46.5517230331898 3.89999989420176
         vertex 12.068965472281 -46.5517230331898 3.89999989420176
         vertex 15.9243326634169 -47.3963655531406 3.89999989420176
      endloop
   endfacet
   facet normal 0 0 1
      outer loop
         vertex 15.9243326634169 -47.3963655531406 3.89999989420176
         vertex 12.068965472281 -46.5517230331898 3.89999989420176
         vertex 11.126047000289 -48.746395856142 3.89999989420176
      endloop
   endfacet
   facet normal 0 0 1
      outer loop
         vertex 18.9655181020498 -25.8620698004961 3.89999989420176
         vertex 15.5172413215041 -25.8620698004961 3.89999989420176
         vertex 18.9655181020498 -29.3103456497192 3.89999989420176
      endloop
   endfacet
   facet normal 0 0 1
      outer loop
         vertex 18.9655181020498 -29.3103456497192 3.89999989420176
         vertex 15.5172413215041 -25.8620698004961 3.89999989420176
         vertex 15.5172413215041 -29.3103456497192 3.89999989420176
      endloop
   endfacet
   facet normal 0 0 1
      outer loop
         vertex 18.9655181020498 -29.3103456497192 3.89999989420176
         vertex 15.5172413215041 -29.3103456497192 3.89999989420176
         vertex 18.9655181020498 -32.7586196362972 3.89999989420176
      endloop
   endfacet
   facet normal 0 0 1
      outer loop
         vertex 18.9655181020498 -32.7586196362972 3.89999989420176
         vertex 15.5172413215041 -29.3103456497192 3.89999989420176
         vertex 15.5172413215041 -32.7586196362972 3.89999989420176
      endloop
   endfacet
   facet normal 0 0 1
      outer loop
         vertex 18.9655181020498 -32.7586196362972 3.89999989420176
         vertex 15.5172413215041 -32.7586196362972 3.89999989420176
         vertex 18.9655181020498 -36.2068973481655 3.89999989420176
      endloop
   endfacet
   facet normal 0 0 1
      outer loop
         vertex 18.9655181020498 -36.2068973481655 3.89999989420176
         vertex 15.5172413215041 -32.7586196362972 3.89999989420176
         vertex 15.5172413215041 -36.2068973481655 3.89999989420176
      endloop
   endfacet
   facet normal 0 0 1
      outer loop
         vertex 18.9655181020498 -36.2068973481655 3.89999989420176
         vertex 15.5172413215041 -36.2068973481655 3.89999989420176
         vertex 18.9655181020498 -39.6551713347435 3.89999989420176
      endloop
   endfacet
   facet normal 0 0 1
      outer loop
         vertex 18.9655181020498 -39.6551713347435 3.89999989420176
         vertex 15.5172413215041 -36.2068973481655 3.89999989420176
         vertex 15.5172413215041 -39.6551713347435 3.89999989420176
      endloop
   endfacet
   facet normal 0 0 1
      outer loop
         vertex 18.9655181020498 -39.6551713347435 3.89999989420176
         vertex 15.5172413215041 -39.6551713347435 3.89999989420176
         vertex 18.9655181020498 -43.1034490466118 3.89999989420176
      endloop
   endfacet
   facet normal 0 0 1
      outer loop
         vertex 18.9655181020498 -43.1034490466118 3.89999989420176
         vertex 15.5172413215041 -39.6551713347435 3.89999989420176
         vertex 15.5172413215041 -43.1034490466118 3.89999989420176
      endloop
   endfacet
   facet normal 0 0 1
      outer loop
         vertex 18.9655181020498 -43.1034490466118 3.89999989420176
         vertex 15.5172413215041 -43.1034490466118 3.89999989420176
         vertex 15.5172413215041 -46.5517230331898 3.89999989420176
      endloop
   endfacet
   facet normal 0 0 1
      outer loop
         vertex 22.413793951273 -25.8620698004961 3.89999989420176
         vertex 18.9655181020498 -25.8620698004961 3.89999989420176
         vertex 22.413793951273 -29.3103456497192 3.89999989420176
      endloop
   endfacet
   facet normal 0 0 1
      outer loop
         vertex 22.413793951273 -29.3103456497192 3.89999989420176
         vertex 18.9655181020498 -25.8620698004961 3.89999989420176
         vertex 18.9655181020498 -29.3103456497192 3.89999989420176
      endloop
   endfacet
   facet normal 0 0 1
      outer loop
         vertex 22.413793951273 -29.3103456497192 3.89999989420176
         vertex 18.9655181020498 -29.3103456497192 3.89999989420176
         vertex 22.413793951273 -32.7586196362972 3.89999989420176
      endloop
   endfacet
   facet normal 0 0 1
      outer loop
         vertex 22.413793951273 -32.7586196362972 3.89999989420176
         vertex 18.9655181020498 -29.3103456497192 3.89999989420176
         vertex 18.9655181020498 -32.7586196362972 3.89999989420176
      endloop
   endfacet
   facet normal 0 0 1
      outer loop
         vertex 22.413793951273 -32.7586196362972 3.89999989420176
         vertex 18.9655181020498 -32.7586196362972 3.89999989420176
         vertex 22.413793951273 -36.2068973481655 3.89999989420176
      endloop
   endfacet
   facet normal 0 0 1
      outer loop
         vertex 22.413793951273 -36.2068973481655 3.89999989420176
         vertex 18.9655181020498 -32.7586196362972 3.89999989420176
         vertex 18.9655181020498 -36.2068973481655 3.89999989420176
      endloop
   endfacet
   facet normal 0 0 1
      outer loop
         vertex 22.413793951273 -36.2068973481655 3.89999989420176
         vertex 18.9655181020498 -36.2068973481655 3.89999989420176
         vertex 22.413793951273 -39.6551713347435 3.89999989420176
      endloop
   endfacet
   facet normal 0 0 1
      outer loop
         vertex 22.413793951273 -39.6551713347435 3.89999989420176
         vertex 18.9655181020498 -36.2068973481655 3.89999989420176
         vertex 18.9655181020498 -39.6551713347435 3.89999989420176
      endloop
   endfacet
   facet normal 0 0 1
      outer loop
         vertex 22.413793951273 -39.6551713347435 3.89999989420176
         vertex 18.9655181020498 -39.6551713347435 3.89999989420176
         vertex 22.413793951273 -43.1034490466118 3.89999989420176
      endloop
   endfacet
   facet normal 0 0 1
      outer loop
         vertex 22.413793951273 -43.1034490466118 3.89999989420176
         vertex 18.9655181020498 -39.6551713347435 3.89999989420176
         vertex 18.9655181020498 -43.1034490466118 3.89999989420176
      endloop
   endfacet
   facet normal 0 0 1
      outer loop
         vertex 22.413793951273 -43.1034490466118 3.89999989420176
         vertex 18.9655181020498 -43.1034490466118 3.89999989420176
         vertex 20.5643549561501 -45.5752909183502 3.89999989420176
      endloop
   endfacet
   facet normal 0 0 1
      outer loop
         vertex 20.5643549561501 -45.5752909183502 3.89999989420176
         vertex 18.9655181020498 -43.1034490466118 3.89999989420176
         vertex 15.5172413215041 -46.5517230331898 3.89999989420176
      endloop
   endfacet
   facet normal 0 0 1
      outer loop
         vertex 20.5643549561501 -45.5752909183502 3.89999989420176
         vertex 15.5172413215041 -46.5517230331898 3.89999989420176
         vertex 15.9243326634169 -47.3963655531406 3.89999989420176
      endloop
   endfacet
   facet normal 0 0 1
      outer loop
         vertex 25.8620698004961 -25.8620698004961 3.89999989420176
         vertex 22.413793951273 -25.8620698004961 3.89999989420176
         vertex 25.8620698004961 -29.3103456497192 3.89999989420176
      endloop
   endfacet
   facet normal 0 0 1
      outer loop
         vertex 25.8620698004961 -29.3103456497192 3.89999989420176
         vertex 22.413793951273 -25.8620698004961 3.89999989420176
         vertex 22.413793951273 -29.3103456497192 3.89999989420176
      endloop
   endfacet
   facet normal 0 0 1
      outer loop
         vertex 25.8620698004961 -29.3103456497192 3.89999989420176
         vertex 22.413793951273 -29.3103456497192 3.89999989420176
         vertex 25.8620698004961 -32.7586196362972 3.89999989420176
      endloop
   endfacet
   facet normal 0 0 1
      outer loop
         vertex 25.8620698004961 -32.7586196362972 3.89999989420176
         vertex 22.413793951273 -29.3103456497192 3.89999989420176
         vertex 22.413793951273 -32.7586196362972 3.89999989420176
      endloop
   endfacet
   facet normal 0 0 1
      outer loop
         vertex 25.8620698004961 -32.7586196362972 3.89999989420176
         vertex 22.413793951273 -32.7586196362972 3.89999989420176
         vertex 25.8620698004961 -36.2068973481655 3.89999989420176
      endloop
   endfacet
   facet normal 0 0 1
      outer loop
         vertex 25.8620698004961 -36.2068973481655 3.89999989420176
         vertex 22.413793951273 -32.7586196362972 3.89999989420176
         vertex 22.413793951273 -36.2068973481655 3.89999989420176
      endloop
   endfacet
   facet normal 0 0 1
      outer loop
         vertex 25.8620698004961 -36.2068973481655 3.89999989420176
         vertex 22.413793951273 -36.2068973481655 3.89999989420176
         vertex 25.8620698004961 -39.6551713347435 3.89999989420176
      endloop
   endfacet
   facet normal 0 0 1
      outer loop
         vertex 25.8620698004961 -39.6551713347435 3.89999989420176
         vertex 22.413793951273 -36.2068973481655 3.89999989420176
         vertex 22.413793951273 -39.6551713347435 3.89999989420176
      endloop
   endfacet
   facet normal 0 0 1
      outer loop
         vertex 25.8620698004961 -39.6551713347435 3.89999989420176
         vertex 22.413793951273 -39.6551713347435 3.89999989420176
         vertex 25.000000372529 -43.3012694120407 3.89999989420176
      endloop
   endfacet
   facet normal 0 0 1
      outer loop
         vertex 25.000000372529 -43.3012694120407 3.89999989420176
         vertex 22.413793951273 -39.6551713347435 3.89999989420176
         vertex 22.413793951273 -43.1034490466118 3.89999989420176
      endloop
   endfacet
   facet normal 0 0 1
      outer loop
         vertex 25.000000372529 -43.3012694120407 3.89999989420176
         vertex 22.413793951273 -43.1034490466118 3.89999989420176
         vertex 20.5643549561501 -45.5752909183502 3.89999989420176
      endloop
   endfacet
   facet normal 0 0 1
      outer loop
         vertex 29.3103456497192 -25.8620698004961 3.89999989420176
         vertex 25.8620698004961 -25.8620698004961 3.89999989420176
         vertex 29.3103456497192 -29.3103456497192 3.89999989420176
      endloop
   endfacet
   facet normal 0 0 1
      outer loop
         vertex 29.3103456497192 -29.3103456497192 3.89999989420176
         vertex 25.8620698004961 -25.8620698004961 3.89999989420176
         vertex 25.8620698004961 -29.3103456497192 3.89999989420176
      endloop
   endfacet
   facet normal 0 0 1
      outer loop
         vertex 29.3103456497192 -29.3103456497192 3.89999989420176
         vertex 25.8620698004961 -29.3103456497192 3.89999989420176
         vertex 29.3103456497192 -32.7586196362972 3.89999989420176
      endloop
   endfacet
   facet normal 0 0 1
      outer loop
         vertex 29.3103456497192 -32.7586196362972 3.89999989420176
         vertex 25.8620698004961 -29.3103456497192 3.89999989420176
         vertex 25.8620698004961 -32.7586196362972 3.89999989420176
      endloop
   endfacet
   facet normal 0 0 1
      outer loop
         vertex 29.3103456497192 -32.7586196362972 3.89999989420176
         vertex 25.8620698004961 -32.7586196362972 3.89999989420176
         vertex 29.3103456497192 -36.2068973481655 3.89999989420176
      endloop
   endfacet
   facet normal 0 0 1
      outer loop
         vertex 29.3103456497192 -36.2068973481655 3.89999989420176
         vertex 25.8620698004961 -32.7586196362972 3.89999989420176
         vertex 25.8620698004961 -36.2068973481655 3.89999989420176
      endloop
   endfacet
   facet normal 0 0 1
      outer loop
         vertex 29.3103456497192 -36.2068973481655 3.89999989420176
         vertex 25.8620698004961 -36.2068973481655 3.89999989420176
         vertex 29.3103456497192 -39.6551713347435 3.89999989420176
      endloop
   endfacet
   facet normal 0 0 1
      outer loop
         vertex 29.3103456497192 -39.6551713347435 3.89999989420176
         vertex 25.8620698004961 -36.2068973481655 3.89999989420176
         vertex 25.8620698004961 -39.6551713347435 3.89999989420176
      endloop
   endfacet
   facet normal 0 0 1
      outer loop
         vertex 29.3103456497192 -39.6551713347435 3.89999989420176
         vertex 25.8620698004961 -39.6551713347435 3.89999989420176
         vertex 29.1871838271618 -40.5968986451626 3.89999989420176
      endloop
   endfacet
   facet normal 0 0 1
      outer loop
         vertex 29.1871838271618 -40.5968986451626 3.89999989420176
         vertex 25.8620698004961 -39.6551713347435 3.89999989420176
         vertex 25.000000372529 -43.3012694120407 3.89999989420176
      endloop
   endfacet
   facet normal 0 0 1
      outer loop
         vertex 32.7586196362972 -25.8620698004961 3.89999989420176
         vertex 29.3103456497192 -25.8620698004961 3.89999989420176
         vertex 32.7586196362972 -29.3103456497192 3.89999989420176
      endloop
   endfacet
   facet normal 0 0 1
      outer loop
         vertex 32.7586196362972 -29.3103456497192 3.89999989420176
         vertex 29.3103456497192 -25.8620698004961 3.89999989420176
         vertex 29.3103456497192 -29.3103456497192 3.89999989420176
      endloop
   endfacet
   facet normal 0 0 1
      outer loop
         vertex 32.7586196362972 -29.3103456497192 3.89999989420176
         vertex 29.3103456497192 -29.3103456497192 3.89999989420176
         vertex 32.7586196362972 -32.7586196362972 3.89999989420176
      endloop
   endfacet
   facet normal 0 0 1
      outer loop
         vertex 32.7586196362972 -32.7586196362972 3.89999989420176
         vertex 29.3103456497192 -29.3103456497192 3.89999989420176
         vertex 29.3103456497192 -32.7586196362972 3.89999989420176
      endloop
   endfacet
   facet normal 0 0 1
      outer loop
         vertex 32.7586196362972 -32.7586196362972 3.89999989420176
         vertex 29.3103456497192 -32.7586196362972 3.89999989420176
         vertex 32.7586196362972 -36.2068973481655 3.89999989420176
      endloop
   endfacet
   facet normal 0 0 1
      outer loop
         vertex 32.7586196362972 -36.2068973481655 3.89999989420176
         vertex 29.3103456497192 -32.7586196362972 3.89999989420176
         vertex 29.3103456497192 -36.2068973481655 3.89999989420176
      endloop
   endfacet
   facet normal 0 0 1
      outer loop
         vertex 32.7586196362972 -36.2068973481655 3.89999989420176
         vertex 29.3103456497192 -36.2068973481655 3.89999989420176
         vertex 33.0842919647694 -37.4890603125095 3.89999989420176
      endloop
   endfacet
   facet normal 0 0 1
      outer loop
         vertex 33.0842919647694 -37.4890603125095 3.89999989420176
         vertex 29.3103456497192 -36.2068973481655 3.89999989420176
         vertex 29.3103456497192 -39.6551713347435 3.89999989420176
      endloop
   endfacet
   facet normal 0 0 1
      outer loop
         vertex 33.0842919647694 -37.4890603125095 3.89999989420176
         vertex 29.3103456497192 -39.6551713347435 3.89999989420176
         vertex 29.1871838271618 -40.5968986451626 3.89999989420176
      endloop
   endfacet
   facet normal 0 0 1
      outer loop
         vertex 36.2068973481655 -25.8620698004961 3.89999989420176
         vertex 32.7586196362972 -25.8620698004961 3.89999989420176
         vertex 36.2068973481655 -29.3103456497192 3.89999989420176
      endloop
   endfacet
   facet normal 0 0 1
      outer loop
         vertex 36.2068973481655 -29.3103456497192 3.89999989420176
         vertex 32.7586196362972 -25.8620698004961 3.89999989420176
         vertex 32.7586196362972 -29.3103456497192 3.89999989420176
      endloop
   endfacet
   facet normal 0 0 1
      outer loop
         vertex 36.2068973481655 -29.3103456497192 3.89999989420176
         vertex 32.7586196362972 -29.3103456497192 3.89999989420176
         vertex 36.2068973481655 -32.7586196362972 3.89999989420176
      endloop
   endfacet
   facet normal 0 0 1
      outer loop
         vertex 36.2068973481655 -32.7586196362972 3.89999989420176
         vertex 32.7586196362972 -29.3103456497192 3.89999989420176
         vertex 32.7586196362972 -32.7586196362972 3.89999989420176
      endloop
   endfacet
   facet normal 0 0 1
      outer loop
         vertex 36.2068973481655 -32.7586196362972 3.89999989420176
         vertex 32.7586196362972 -32.7586196362972 3.89999989420176
         vertex 36.6525948047638 -34.0086370706558 3.89999989420176
      endloop
   endfacet
   facet normal 0 0 1
      outer loop
         vertex 36.6525948047638 -34.0086370706558 3.89999989420176
         vertex 32.7586196362972 -32.7586196362972 3.89999989420176
         vertex 32.7586196362972 -36.2068973481655 3.89999989420176
      endloop
   endfacet
   facet normal 0 0 1
      outer loop
         vertex 36.6525948047638 -34.0086370706558 3.89999989420176
         vertex 32.7586196362972 -36.2068973481655 3.89999989420176
         vertex 33.0842919647694 -37.4890603125095 3.89999989420176
      endloop
   endfacet
   facet normal 0 0 1
      outer loop
         vertex -39.6551713347435 -29.3103456497192 3.89999989420176
         vertex -39.6551713347435 -25.8620698004961 3.89999989420176
         vertex -41.31193831563 -28.1660035252571 3.89999989420176
      endloop
   endfacet
   facet normal 0 0 1
      outer loop
         vertex -41.31193831563 -28.1660035252571 3.89999989420176
         vertex -39.6551713347435 -25.8620698004961 3.89999989420176
         vertex -43.9110770821571 -23.9126980304718 3.89999989420176
      endloop
   endfacet
   facet normal 0 0 1
      outer loop
         vertex 39.8566238582134 -30.1902201026678 3.89999989420176
         vertex 39.6551713347435 -29.3103456497192 3.89999989420176
         vertex 36.2068973481655 -29.3103456497192 3.89999989420176
      endloop
   endfacet
   facet normal 0 0 1
      outer loop
         vertex 36.2068973481655 -29.3103456497192 3.89999989420176
         vertex 39.6551713347435 -29.3103456497192 3.89999989420176
         vertex 36.2068973481655 -25.8620698004961 3.89999989420176
      endloop
   endfacet
   facet normal 0 0 1
      outer loop
         vertex -36.2068973481655 -32.7586196362972 3.89999989420176
         vertex -36.2068973481655 -29.3103456497192 3.89999989420176
         vertex -38.3022204041481 -32.1393795311451 3.89999989420176
      endloop
   endfacet
   facet normal 0 0 1
      outer loop
         vertex 36.6525948047638 -34.0086370706558 3.89999989420176
         vertex 39.8566238582134 -30.1902201026678 3.89999989420176
         vertex 36.2068973481655 -32.7586196362972 3.89999989420176
      endloop
   endfacet
   facet normal 0 0 1
      outer loop
         vertex 36.2068973481655 -32.7586196362972 3.89999989420176
         vertex 39.8566238582134 -30.1902201026678 3.89999989420176
         vertex 36.2068973481655 -29.3103456497192 3.89999989420176
      endloop
   endfacet
   facet normal 0 0 1
      outer loop
         vertex -32.7586196362972 -36.2068973481655 3.89999989420176
         vertex -32.7586196362972 -32.7586196362972 3.89999989420176
         vertex -34.9118411540985 -35.7933416962624 3.89999989420176
      endloop
   endfacet
   facet normal 0 0 1
      outer loop
         vertex -29.3103456497192 -39.6551713347435 3.89999989420176
         vertex -29.3103456497192 -36.2068973481655 3.89999989420176
         vertex -31.1744902282953 -39.0915758907795 3.89999989420176
      endloop
   endfacet
   facet normal 0 0 1
      outer loop
         vertex -15.5172413215041 -46.5517230331898 3.89999989420176
         vertex -15.5172413215041 -43.1034490466118 3.89999989420176
         vertex -18.2670503854752 -46.543687582016 3.89999989420176
      endloop
   endfacet
   facet normal 0 0 1
      outer loop
         vertex -43.1034490466118 -18.9655181020498 3.89999989420176
         vertex -46.5517230331898 -15.5172413215041 3.89999989420176
         vertex -46.0738092660904 -19.4217395037413 3.89999989420176
      endloop
   endfacet
   facet normal 0 0 1
      outer loop
         vertex -46.0738092660904 -19.4217395037413 3.89999989420176
         vertex -46.5517230331898 -15.5172413215041 3.89999989420176
         vertex -47.7786399424076 -14.7377587854862 3.89999989420176
      endloop
   endfacet
   facet normal 0 0 1
      outer loop
         vertex 39.6551713347435 8.62068962305784 3.89999989420176
         vertex 39.6551713347435 5.17241377383471 3.89999989420176
         vertex 43.1034490466118 5.17241377383471 3.89999989420176
      endloop
   endfacet
   facet normal 0 0 1
      outer loop
         vertex 43.1034490466118 5.17241377383471 3.89999989420176
         vertex 39.6551713347435 5.17241377383471 3.89999989420176
         vertex 43.1034490466118 1.72413792461157 3.89999989420176
      endloop
   endfacet
   facet normal 0 0 1
      outer loop
         vertex 29.3103456497192 5.17241377383471 3.89999989420176
         vertex 32.7586196362972 5.17241377383471 3.89999989420176
         vertex 29.3103456497192 8.62068962305784 3.89999989420176
      endloop
   endfacet
   facet normal 0 0 1
      outer loop
         vertex -39.6551713347435 1.72413792461157 3.89999989420176
         vertex -39.6551713347435 5.17241377383471 3.89999989420176
         vertex -43.1034490466118 5.17241377383471 3.89999989420176
      endloop
   endfacet
   facet normal 0 0 1
      outer loop
         vertex -43.1034490466118 5.17241377383471 3.89999989420176
         vertex -39.6551713347435 5.17241377383471 3.89999989420176
         vertex -43.1034490466118 8.62068962305784 3.89999989420176
      endloop
   endfacet
   facet normal 0 0 1
      outer loop
         vertex -43.1034490466118 5.17241377383471 3.89999989420176
         vertex -43.1034490466118 8.62068962305784 3.89999989420176
         vertex -46.5517230331898 8.62068962305784 3.89999989420176
      endloop
   endfacet
   facet normal 0 0 1
      outer loop
         vertex -46.5517230331898 8.62068962305784 3.89999989420176
         vertex -43.1034490466118 8.62068962305784 3.89999989420176
         vertex -46.5517230331898 12.068965472281 3.89999989420176
      endloop
   endfacet
   facet normal 0 0 1
      outer loop
         vertex 39.6551713347435 12.068965472281 3.89999989420176
         vertex 39.6551713347435 8.62068962305784 3.89999989420176
         vertex 43.1034490466118 8.62068962305784 3.89999989420176
      endloop
   endfacet
   facet normal 0 0 1
      outer loop
         vertex 43.1034490466118 8.62068962305784 3.89999989420176
         vertex 39.6551713347435 8.62068962305784 3.89999989420176
         vertex 43.1034490466118 5.17241377383471 3.89999989420176
      endloop
   endfacet
   facet normal 0 0 1
      outer loop
         vertex 36.2068973481655 5.17241377383471 3.89999989420176
         vertex 36.2068973481655 8.62068962305784 3.89999989420176
         vertex 32.7586196362972 8.62068962305784 3.89999989420176
      endloop
   endfacet
   facet normal 0 0 1
      outer loop
         vertex 32.7586196362972 8.62068962305784 3.89999989420176
         vertex 36.2068973481655 8.62068962305784 3.89999989420176
         vertex 32.7586196362972 12.068965472281 3.89999989420176
      endloop
   endfacet
   facet normal 0 0 1
      outer loop
         vertex 32.7586196362972 8.62068962305784 3.89999989420176
         vertex 32.7586196362972 12.068965472281 3.89999989420176
         vertex 29.3103456497192 12.068965472281 3.89999989420176
      endloop
   endfacet
   facet normal 0 0 1
      outer loop
         vertex 29.3103456497192 12.068965472281 3.89999989420176
         vertex 32.7586196362972 12.068965472281 3.89999989420176
         vertex 29.3103456497192 15.5172413215041 3.89999989420176
      endloop
   endfacet
   facet normal 0 0 1
      outer loop
         vertex 29.3103456497192 12.068965472281 3.89999989420176
         vertex 29.3103456497192 15.5172413215041 3.89999989420176
         vertex 25.8620698004961 15.5172413215041 3.89999989420176
      endloop
   endfacet
   facet normal 0 0 1
      outer loop
         vertex 25.8620698004961 15.5172413215041 3.89999989420176
         vertex 29.3103456497192 15.5172413215041 3.89999989420176
         vertex 25.8620698004961 18.9655181020498 3.89999989420176
      endloop
   endfacet
   facet normal 0 0 1
      outer loop
         vertex 25.8620698004961 15.5172413215041 3.89999989420176
         vertex 25.8620698004961 18.9655181020498 3.89999989420176
         vertex 22.413793951273 18.9655181020498 3.89999989420176
      endloop
   endfacet
   facet normal 0 0 1
      outer loop
         vertex 22.413793951273 18.9655181020498 3.89999989420176
         vertex 25.8620698004961 18.9655181020498 3.89999989420176
         vertex 22.413793951273 22.413793951273 3.89999989420176
      endloop
   endfacet
   facet normal 0 0 1
      outer loop
         vertex 22.413793951273 18.9655181020498 3.89999989420176
         vertex 22.413793951273 22.413793951273 3.89999989420176
         vertex 18.9655181020498 22.413793951273 3.89999989420176
      endloop
   endfacet
   facet normal 0 0 1
      outer loop
         vertex 18.9655181020498 22.413793951273 3.89999989420176
         vertex 22.413793951273 22.413793951273 3.89999989420176
         vertex 18.9655181020498 25.8620698004961 3.89999989420176
      endloop
   endfacet
   facet normal 0 0 1
      outer loop
         vertex 18.9655181020498 22.413793951273 3.89999989420176
         vertex 18.9655181020498 25.8620698004961 3.89999989420176
         vertex 15.5172413215041 25.8620698004961 3.89999989420176
      endloop
   endfacet
   facet normal 0 0 1
      outer loop
         vertex 15.5172413215041 25.8620698004961 3.89999989420176
         vertex 18.9655181020498 25.8620698004961 3.89999989420176
         vertex 15.5172413215041 29.3103456497192 3.89999989420176
      endloop
   endfacet
   facet normal 0 0 1
      outer loop
         vertex 15.5172413215041 25.8620698004961 3.89999989420176
         vertex 15.5172413215041 29.3103456497192 3.89999989420176
         vertex 12.068965472281 29.3103456497192 3.89999989420176
      endloop
   endfacet
   facet normal 0 0 1
      outer loop
         vertex 12.068965472281 29.3103456497192 3.89999989420176
         vertex 15.5172413215041 29.3103456497192 3.89999989420176
         vertex 12.068965472281 32.7586196362972 3.89999989420176
      endloop
   endfacet
   facet normal 0 0 1
      outer loop
         vertex 12.068965472281 29.3103456497192 3.89999989420176
         vertex 12.068965472281 32.7586196362972 3.89999989420176
         vertex 8.62068962305784 32.7586196362972 3.89999989420176
      endloop
   endfacet
   facet normal 0 0 1
      outer loop
         vertex 8.62068962305784 32.7586196362972 3.89999989420176
         vertex 12.068965472281 32.7586196362972 3.89999989420176
         vertex 8.62068962305784 36.2068973481655 3.89999989420176
      endloop
   endfacet
   facet normal 0 0 1
      outer loop
         vertex 8.62068962305784 32.7586196362972 3.89999989420176
         vertex 8.62068962305784 36.2068973481655 3.89999989420176
         vertex 5.17241377383471 36.2068973481655 3.89999989420176
      endloop
   endfacet
   facet normal 0 0 1
      outer loop
         vertex 5.17241377383471 36.2068973481655 3.89999989420176
         vertex 8.62068962305784 36.2068973481655 3.89999989420176
         vertex 5.17241377383471 39.6551713347435 3.89999989420176
      endloop
   endfacet
   facet normal 0 0 1
      outer loop
         vertex 5.17241377383471 36.2068973481655 3.89999989420176
         vertex 5.17241377383471 39.6551713347435 3.89999989420176
         vertex 1.72413792461157 39.6551713347435 3.89999989420176
      endloop
   endfacet
   facet normal 0 0 1
      outer loop
         vertex 1.72413792461157 39.6551713347435 3.89999989420176
         vertex 5.17241377383471 39.6551713347435 3.89999989420176
         vertex 1.72413792461157 43.1034490466118 3.89999989420176
      endloop
   endfacet
   facet normal 0 0 1
      outer loop
         vertex 1.72413792461157 39.6551713347435 3.89999989420176
         vertex 1.72413792461157 43.1034490466118 3.89999989420176
         vertex -1.72413792461157 43.1034490466118 3.89999989420176
      endloop
   endfacet
   facet normal 0 0 1
      outer loop
         vertex -1.72413792461157 43.1034490466118 3.89999989420176
         vertex 1.72413792461157 43.1034490466118 3.89999989420176
         vertex -1.72413792461157 46.5517230331898 3.89999989420176
      endloop
   endfacet
   facet normal 0 0 1
      outer loop
         vertex -1.72413792461157 43.1034490466118 3.89999989420176
         vertex -1.72413792461157 46.5517230331898 3.89999989420176
         vertex -5.17241377383471 46.5517230331898 3.89999989420176
      endloop
   endfacet
   facet normal 0 0 1
      outer loop
         vertex -5.17241377383471 46.5517230331898 3.89999989420176
         vertex -1.72413792461157 46.5517230331898 3.89999989420176
         vertex -3.7365045864135 49.8601906001568 3.89999989420176
      endloop
   endfacet
   facet normal 0 0 1
      outer loop
         vertex -5.17241377383471 46.5517230331898 3.89999989420176
         vertex -3.7365045864135 49.8601906001568 3.89999989420176
         vertex -8.68240930140018 49.2403879761696 3.89999989420176
      endloop
   endfacet
   facet normal 0 0 1
      outer loop
         vertex 25.8620698004961 8.62068962305784 3.89999989420176
         vertex 29.3103456497192 8.62068962305784 3.89999989420176
         vertex 25.8620698004961 12.068965472281 3.89999989420176
      endloop
   endfacet
   facet normal 0 0 1
      outer loop
         vertex -39.6551713347435 5.17241377383471 3.89999989420176
         vertex -39.6551713347435 8.62068962305784 3.89999989420176
         vertex -43.1034490466118 8.62068962305784 3.89999989420176
      endloop
   endfacet
   facet normal 0 0 1
      outer loop
         vertex -43.1034490466118 8.62068962305784 3.89999989420176
         vertex -39.6551713347435 8.62068962305784 3.89999989420176
         vertex -43.1034490466118 12.068965472281 3.89999989420176
      endloop
   endfacet
   facet normal 0 0 1
      outer loop
         vertex -43.1034490466118 8.62068962305784 3.89999989420176
         vertex -43.1034490466118 12.068965472281 3.89999989420176
         vertex -46.5517230331898 12.068965472281 3.89999989420176
      endloop
   endfacet
   facet normal 0 0 1
      outer loop
         vertex -46.5517230331898 12.068965472281 3.89999989420176
         vertex -43.1034490466118 12.068965472281 3.89999989420176
         vertex -46.5517230331898 15.5172413215041 3.89999989420176
      endloop
   endfacet
   facet normal 0 0 1
      outer loop
         vertex -43.1034490466118 12.068965472281 3.89999989420176
         vertex -39.6551713347435 12.068965472281 3.89999989420176
         vertex -43.1034490466118 15.5172413215041 3.89999989420176
      endloop
   endfacet
   facet normal 0 0 1
      outer loop
         vertex -43.1034490466118 15.5172413215041 3.89999989420176
         vertex -39.6551713347435 12.068965472281 3.89999989420176
         vertex -39.6551713347435 15.5172413215041 3.89999989420176
      endloop
   endfacet
   facet normal 0 0 1
      outer loop
         vertex -43.1034490466118 15.5172413215041 3.89999989420176
         vertex -39.6551713347435 15.5172413215041 3.89999989420176
         vertex -43.1034490466118 18.9655181020498 3.89999989420176
      endloop
   endfacet
   facet normal 0 0 1
      outer loop
         vertex -43.1034490466118 18.9655181020498 3.89999989420176
         vertex -39.6551713347435 15.5172413215041 3.89999989420176
         vertex -39.6551713347435 18.9655181020498 3.89999989420176
      endloop
   endfacet
   facet normal 0 0 1
      outer loop
         vertex -39.6551713347435 12.068965472281 3.89999989420176
         vertex -43.1034490466118 12.068965472281 3.89999989420176
         vertex -39.6551713347435 8.62068962305784 3.89999989420176
      endloop
   endfacet
   facet normal 0 0 1
      outer loop
         vertex 22.413793951273 12.068965472281 3.89999989420176
         vertex 25.8620698004961 12.068965472281 3.89999989420176
         vertex 22.413793951273 15.5172413215041 3.89999989420176
      endloop
   endfacet
   facet normal 0 0 1
      outer loop
         vertex 32.7586196362972 12.068965472281 3.89999989420176
         vertex 36.2068973481655 12.068965472281 3.89999989420176
         vertex 32.7586196362972 15.5172413215041 3.89999989420176
      endloop
   endfacet
   facet normal 0 0 1
      outer loop
         vertex 32.7586196362972 15.5172413215041 3.89999989420176
         vertex 36.2068973481655 12.068965472281 3.89999989420176
         vertex 36.2068973481655 15.5172413215041 3.89999989420176
      endloop
   endfacet
   facet normal 0 0 1
      outer loop
         vertex 32.7586196362972 15.5172413215041 3.89999989420176
         vertex 36.2068973481655 15.5172413215041 3.89999989420176
         vertex 32.7586196362972 18.9655181020498 3.89999989420176
      endloop
   endfacet
   facet normal 0 0 1
      outer loop
         vertex 32.7586196362972 18.9655181020498 3.89999989420176
         vertex 36.2068973481655 15.5172413215041 3.89999989420176
         vertex 36.2068973481655 18.9655181020498 3.89999989420176
      endloop
   endfacet
   facet normal 0 0 1
      outer loop
         vertex 32.7586196362972 18.9655181020498 3.89999989420176
         vertex 36.2068973481655 18.9655181020498 3.89999989420176
         vertex 32.7586196362972 22.413793951273 3.89999989420176
      endloop
   endfacet
   facet normal 0 0 1
      outer loop
         vertex 32.7586196362972 22.413793951273 3.89999989420176
         vertex 36.2068973481655 18.9655181020498 3.89999989420176
         vertex 36.2068973481655 22.413793951273 3.89999989420176
      endloop
   endfacet
   facet normal 0 0 1
      outer loop
         vertex 32.7586196362972 22.413793951273 3.89999989420176
         vertex 36.2068973481655 22.413793951273 3.89999989420176
         vertex 32.7586196362972 25.8620698004961 3.89999989420176
      endloop
   endfacet
   facet normal 0 0 1
      outer loop
         vertex 32.7586196362972 25.8620698004961 3.89999989420176
         vertex 36.2068973481655 22.413793951273 3.89999989420176
         vertex 36.2068973481655 25.8620698004961 3.89999989420176
      endloop
   endfacet
   facet normal 0 0 1
      outer loop
         vertex 32.7586196362972 25.8620698004961 3.89999989420176
         vertex 36.2068973481655 25.8620698004961 3.89999989420176
         vertex 32.7586196362972 29.3103456497192 3.89999989420176
      endloop
   endfacet
   facet normal 0 0 1
      outer loop
         vertex 32.7586196362972 29.3103456497192 3.89999989420176
         vertex 36.2068973481655 25.8620698004961 3.89999989420176
         vertex 36.2068973481655 29.3103456497192 3.89999989420176
      endloop
   endfacet
   facet normal 0 0 1
      outer loop
         vertex 32.7586196362972 29.3103456497192 3.89999989420176
         vertex 36.2068973481655 29.3103456497192 3.89999989420176
         vertex 32.7586196362972 32.7586196362972 3.89999989420176
      endloop
   endfacet
   facet normal 0 0 1
      outer loop
         vertex 32.7586196362972 32.7586196362972 3.89999989420176
         vertex 36.2068973481655 29.3103456497192 3.89999989420176
         vertex 36.2068973481655 32.7586196362972 3.89999989420176
      endloop
   endfacet
   facet normal 0 0 1
      outer loop
         vertex 32.7586196362972 32.7586196362972 3.89999989420176
         vertex 36.2068973481655 32.7586196362972 3.89999989420176
         vertex 36.6525948047638 34.0086370706558 3.89999989420176
      endloop
   endfacet
   facet normal 0 0 1
      outer loop
         vertex 36.6525948047638 34.0086370706558 3.89999989420176
         vertex 36.2068973481655 32.7586196362972 3.89999989420176
         vertex 39.8566238582134 30.1902201026678 3.89999989420176
      endloop
   endfacet
   facet normal 0 0 1
      outer loop
         vertex 36.2068973481655 12.068965472281 3.89999989420176
         vertex 32.7586196362972 12.068965472281 3.89999989420176
         vertex 36.2068973481655 8.62068962305784 3.89999989420176
      endloop
   endfacet
   facet normal 0 0 1
      outer loop
         vertex 39.6551713347435 12.068965472281 3.89999989420176
         vertex 43.1034490466118 12.068965472281 3.89999989420176
         vertex 39.6551713347435 15.5172413215041 3.89999989420176
      endloop
   endfacet
   facet normal 0 0 1
      outer loop
         vertex 39.6551713347435 15.5172413215041 3.89999989420176
         vertex 43.1034490466118 12.068965472281 3.89999989420176
         vertex 43.1034490466118 15.5172413215041 3.89999989420176
      endloop
   endfacet
   facet normal 0 0 1
      outer loop
         vertex 39.6551713347435 15.5172413215041 3.89999989420176
         vertex 43.1034490466118 15.5172413215041 3.89999989420176
         vertex 39.6551713347435 18.9655181020498 3.89999989420176
      endloop
   endfacet
   facet normal 0 0 1
      outer loop
         vertex 39.6551713347435 18.9655181020498 3.89999989420176
         vertex 43.1034490466118 15.5172413215041 3.89999989420176
         vertex 43.1034490466118 18.9655181020498 3.89999989420176
      endloop
   endfacet
   facet normal 0 0 1
      outer loop
         vertex 39.6551713347435 18.9655181020498 3.89999989420176
         vertex 43.1034490466118 18.9655181020498 3.89999989420176
         vertex 39.6551713347435 22.413793951273 3.89999989420176
      endloop
   endfacet
   facet normal 0 0 1
      outer loop
         vertex 39.6551713347435 22.413793951273 3.89999989420176
         vertex 43.1034490466118 18.9655181020498 3.89999989420176
         vertex 43.1034490466118 22.413793951273 3.89999989420176
      endloop
   endfacet
   facet normal 0 0 1
      outer loop
         vertex 39.6551713347435 22.413793951273 3.89999989420176
         vertex 43.1034490466118 22.413793951273 3.89999989420176
         vertex 42.6645427942276 26.0717608034611 3.89999989420176
      endloop
   endfacet
   facet normal 0 0 1
      outer loop
         vertex 42.6645427942276 26.0717608034611 3.89999989420176
         vertex 43.1034490466118 22.413793951273 3.89999989420176
         vertex 45.0484417378902 21.6941870748997 3.89999989420176
      endloop
   endfacet
   facet normal 0 0 1
      outer loop
         vertex 43.1034490466118 12.068965472281 3.89999989420176
         vertex 39.6551713347435 12.068965472281 3.89999989420176
         vertex 43.1034490466118 8.62068962305784 3.89999989420176
      endloop
   endfacet
   facet normal 0 0 1
      outer loop
         vertex 32.7586196362972 12.068965472281 3.89999989420176
         vertex 32.7586196362972 15.5172413215041 3.89999989420176
         vertex 29.3103456497192 15.5172413215041 3.89999989420176
      endloop
   endfacet
   facet normal 0 0 1
      outer loop
         vertex 29.3103456497192 15.5172413215041 3.89999989420176
         vertex 32.7586196362972 15.5172413215041 3.89999989420176
         vertex 29.3103456497192 18.9655181020498 3.89999989420176
      endloop
   endfacet
   facet normal 0 0 1
      outer loop
         vertex 29.3103456497192 15.5172413215041 3.89999989420176
         vertex 29.3103456497192 18.9655181020498 3.89999989420176
         vertex 25.8620698004961 18.9655181020498 3.89999989420176
      endloop
   endfacet
   facet normal 0 0 1
      outer loop
         vertex 25.8620698004961 18.9655181020498 3.89999989420176
         vertex 29.3103456497192 18.9655181020498 3.89999989420176
         vertex 25.8620698004961 22.413793951273 3.89999989420176
      endloop
   endfacet
   facet normal 0 0 1
      outer loop
         vertex 25.8620698004961 18.9655181020498 3.89999989420176
         vertex 25.8620698004961 22.413793951273 3.89999989420176
         vertex 22.413793951273 22.413793951273 3.89999989420176
      endloop
   endfacet
   facet normal 0 0 1
      outer loop
         vertex 22.413793951273 22.413793951273 3.89999989420176
         vertex 25.8620698004961 22.413793951273 3.89999989420176
         vertex 22.413793951273 25.8620698004961 3.89999989420176
      endloop
   endfacet
   facet normal 0 0 1
      outer loop
         vertex 22.413793951273 22.413793951273 3.89999989420176
         vertex 22.413793951273 25.8620698004961 3.89999989420176
         vertex 18.9655181020498 25.8620698004961 3.89999989420176
      endloop
   endfacet
   facet normal 0 0 1
      outer loop
         vertex 18.9655181020498 25.8620698004961 3.89999989420176
         vertex 22.413793951273 25.8620698004961 3.89999989420176
         vertex 18.9655181020498 29.3103456497192 3.89999989420176
      endloop
   endfacet
   facet normal 0 0 1
      outer loop
         vertex 18.9655181020498 25.8620698004961 3.89999989420176
         vertex 18.9655181020498 29.3103456497192 3.89999989420176
         vertex 15.5172413215041 29.3103456497192 3.89999989420176
      endloop
   endfacet
   facet normal 0 0 1
      outer loop
         vertex 15.5172413215041 29.3103456497192 3.89999989420176
         vertex 18.9655181020498 29.3103456497192 3.89999989420176
         vertex 15.5172413215041 32.7586196362972 3.89999989420176
      endloop
   endfacet
   facet normal 0 0 1
      outer loop
         vertex 15.5172413215041 29.3103456497192 3.89999989420176
         vertex 15.5172413215041 32.7586196362972 3.89999989420176
         vertex 12.068965472281 32.7586196362972 3.89999989420176
      endloop
   endfacet
   facet normal 0 0 1
      outer loop
         vertex 12.068965472281 32.7586196362972 3.89999989420176
         vertex 15.5172413215041 32.7586196362972 3.89999989420176
         vertex 12.068965472281 36.2068973481655 3.89999989420176
      endloop
   endfacet
   facet normal 0 0 1
      outer loop
         vertex 12.068965472281 32.7586196362972 3.89999989420176
         vertex 12.068965472281 36.2068973481655 3.89999989420176
         vertex 8.62068962305784 36.2068973481655 3.89999989420176
      endloop
   endfacet
   facet normal 0 0 1
      outer loop
         vertex 8.62068962305784 36.2068973481655 3.89999989420176
         vertex 12.068965472281 36.2068973481655 3.89999989420176
         vertex 8.62068962305784 39.6551713347435 3.89999989420176
      endloop
   endfacet
   facet normal 0 0 1
      outer loop
         vertex 8.62068962305784 36.2068973481655 3.89999989420176
         vertex 8.62068962305784 39.6551713347435 3.89999989420176
         vertex 5.17241377383471 39.6551713347435 3.89999989420176
      endloop
   endfacet
   facet normal 0 0 1
      outer loop
         vertex 5.17241377383471 39.6551713347435 3.89999989420176
         vertex 8.62068962305784 39.6551713347435 3.89999989420176
         vertex 5.17241377383471 43.1034490466118 3.89999989420176
      endloop
   endfacet
   facet normal 0 0 1
      outer loop
         vertex 5.17241377383471 39.6551713347435 3.89999989420176
         vertex 5.17241377383471 43.1034490466118 3.89999989420176
         vertex 1.72413792461157 43.1034490466118 3.89999989420176
      endloop
   endfacet
   facet normal 0 0 1
      outer loop
         vertex 1.72413792461157 43.1034490466118 3.89999989420176
         vertex 5.17241377383471 43.1034490466118 3.89999989420176
         vertex 1.72413792461157 46.5517230331898 3.89999989420176
      endloop
   endfacet
   facet normal 0 0 1
      outer loop
         vertex 1.72413792461157 43.1034490466118 3.89999989420176
         vertex 1.72413792461157 46.5517230331898 3.89999989420176
         vertex -1.72413792461157 46.5517230331898 3.89999989420176
      endloop
   endfacet
   facet normal 0 0 1
      outer loop
         vertex -1.72413792461157 46.5517230331898 3.89999989420176
         vertex 1.72413792461157 46.5517230331898 3.89999989420176
         vertex 1.2465346371755 49.9844588339329 3.89999989420176
      endloop
   endfacet
   facet normal 0 0 1
      outer loop
         vertex -1.72413792461157 46.5517230331898 3.89999989420176
         vertex 1.2465346371755 49.9844588339329 3.89999989420176
         vertex -3.7365045864135 49.8601906001568 3.89999989420176
      endloop
   endfacet
   facet normal 0 0 1
      outer loop
         vertex 18.9655181020498 15.5172413215041 3.89999989420176
         vertex 22.413793951273 15.5172413215041 3.89999989420176
         vertex 18.9655181020498 18.9655181020498 3.89999989420176
      endloop
   endfacet
   facet normal 0 0 1
      outer loop
         vertex -43.1034490466118 18.9655181020498 3.89999989420176
         vertex -46.5517230331898 15.5172413215041 3.89999989420176
         vertex -43.1034490466118 15.5172413215041 3.89999989420176
      endloop
   endfacet
   facet normal 0 0 1
      outer loop
         vertex -43.1034490466118 15.5172413215041 3.89999989420176
         vertex -46.5517230331898 15.5172413215041 3.89999989420176
         vertex -43.1034490466118 12.068965472281 3.89999989420176
      endloop
   endfacet
   facet normal 0 0 1
      outer loop
         vertex 32.7586196362972 15.5172413215041 3.89999989420176
         vertex 32.7586196362972 18.9655181020498 3.89999989420176
         vertex 29.3103456497192 18.9655181020498 3.89999989420176
      endloop
   endfacet
   facet normal 0 0 1
      outer loop
         vertex 29.3103456497192 18.9655181020498 3.89999989420176
         vertex 32.7586196362972 18.9655181020498 3.89999989420176
         vertex 29.3103456497192 22.413793951273 3.89999989420176
      endloop
   endfacet
   facet normal 0 0 1
      outer loop
         vertex 29.3103456497192 18.9655181020498 3.89999989420176
         vertex 29.3103456497192 22.413793951273 3.89999989420176
         vertex 25.8620698004961 22.413793951273 3.89999989420176
      endloop
   endfacet
   facet normal 0 0 1
      outer loop
         vertex 25.8620698004961 22.413793951273 3.89999989420176
         vertex 29.3103456497192 22.413793951273 3.89999989420176
         vertex 25.8620698004961 25.8620698004961 3.89999989420176
      endloop
   endfacet
   facet normal 0 0 1
      outer loop
         vertex 25.8620698004961 22.413793951273 3.89999989420176
         vertex 25.8620698004961 25.8620698004961 3.89999989420176
         vertex 22.413793951273 25.8620698004961 3.89999989420176
      endloop
   endfacet
   facet normal 0 0 1
      outer loop
         vertex 22.413793951273 25.8620698004961 3.89999989420176
         vertex 25.8620698004961 25.8620698004961 3.89999989420176
         vertex 22.413793951273 29.3103456497192 3.89999989420176
      endloop
   endfacet
   facet normal 0 0 1
      outer loop
         vertex 22.413793951273 25.8620698004961 3.89999989420176
         vertex 22.413793951273 29.3103456497192 3.89999989420176
         vertex 18.9655181020498 29.3103456497192 3.89999989420176
      endloop
   endfacet
   facet normal 0 0 1
      outer loop
         vertex 18.9655181020498 29.3103456497192 3.89999989420176
         vertex 22.413793951273 29.3103456497192 3.89999989420176
         vertex 18.9655181020498 32.7586196362972 3.89999989420176
      endloop
   endfacet
   facet normal 0 0 1
      outer loop
         vertex 18.9655181020498 29.3103456497192 3.89999989420176
         vertex 18.9655181020498 32.7586196362972 3.89999989420176
         vertex 15.5172413215041 32.7586196362972 3.89999989420176
      endloop
   endfacet
   facet normal 0 0 1
      outer loop
         vertex 15.5172413215041 32.7586196362972 3.89999989420176
         vertex 18.9655181020498 32.7586196362972 3.89999989420176
         vertex 15.5172413215041 36.2068973481655 3.89999989420176
      endloop
   endfacet
   facet normal 0 0 1
      outer loop
         vertex 15.5172413215041 32.7586196362972 3.89999989420176
         vertex 15.5172413215041 36.2068973481655 3.89999989420176
         vertex 12.068965472281 36.2068973481655 3.89999989420176
      endloop
   endfacet
   facet normal 0 0 1
      outer loop
         vertex 12.068965472281 36.2068973481655 3.89999989420176
         vertex 15.5172413215041 36.2068973481655 3.89999989420176
         vertex 12.068965472281 39.6551713347435 3.89999989420176
      endloop
   endfacet
   facet normal 0 0 1
      outer loop
         vertex 12.068965472281 36.2068973481655 3.89999989420176
         vertex 12.068965472281 39.6551713347435 3.89999989420176
         vertex 8.62068962305784 39.6551713347435 3.89999989420176
      endloop
   endfacet
   facet normal 0 0 1
      outer loop
         vertex 8.62068962305784 39.6551713347435 3.89999989420176
         vertex 12.068965472281 39.6551713347435 3.89999989420176
         vertex 8.62068962305784 43.1034490466118 3.89999989420176
      endloop
   endfacet
   facet normal 0 0 1
      outer loop
         vertex 8.62068962305784 39.6551713347435 3.89999989420176
         vertex 8.62068962305784 43.1034490466118 3.89999989420176
         vertex 5.17241377383471 43.1034490466118 3.89999989420176
      endloop
   endfacet
   facet normal 0 0 1
      outer loop
         vertex 5.17241377383471 43.1034490466118 3.89999989420176
         vertex 8.62068962305784 43.1034490466118 3.89999989420176
         vertex 5.17241377383471 46.5517230331898 3.89999989420176
      endloop
   endfacet
   facet normal 0 0 1
      outer loop
         vertex 5.17241377383471 43.1034490466118 3.89999989420176
         vertex 5.17241377383471 46.5517230331898 3.89999989420176
         vertex 1.72413792461157 46.5517230331898 3.89999989420176
      endloop
   endfacet
   facet normal 0 0 1
      outer loop
         vertex 1.72413792461157 46.5517230331898 3.89999989420176
         vertex 5.17241377383471 46.5517230331898 3.89999989420176
         vertex 1.2465346371755 49.9844588339329 3.89999989420176
      endloop
   endfacet
   facet normal 0 0 1
      outer loop
         vertex 15.5172413215041 18.9655181020498 3.89999989420176
         vertex 18.9655181020498 18.9655181020498 3.89999989420176
         vertex 15.5172413215041 22.413793951273 3.89999989420176
      endloop
   endfacet
   facet normal 0 0 1
      outer loop
         vertex 43.1034490466118 15.5172413215041 3.89999989420176
         vertex 46.9846315681934 17.1010065823793 3.89999989420176
         vertex 43.1034490466118 18.9655181020498 3.89999989420176
      endloop
   endfacet
   facet normal 0 0 1
      outer loop
         vertex 43.1034490466118 18.9655181020498 3.89999989420176
         vertex 46.9846315681934 17.1010065823793 3.89999989420176
         vertex 45.0484417378902 21.6941870748997 3.89999989420176
      endloop
   endfacet
   facet normal 0 0 1
      outer loop
         vertex 43.1034490466118 18.9655181020498 3.89999989420176
         vertex 45.0484417378902 21.6941870748997 3.89999989420176
         vertex 43.1034490466118 22.413793951273 3.89999989420176
      endloop
   endfacet
   facet normal 0 0 1
      outer loop
         vertex 32.7586196362972 18.9655181020498 3.89999989420176
         vertex 32.7586196362972 22.413793951273 3.89999989420176
         vertex 29.3103456497192 22.413793951273 3.89999989420176
      endloop
   endfacet
   facet normal 0 0 1
      outer loop
         vertex 29.3103456497192 22.413793951273 3.89999989420176
         vertex 32.7586196362972 22.413793951273 3.89999989420176
         vertex 29.3103456497192 25.8620698004961 3.89999989420176
      endloop
   endfacet
   facet normal 0 0 1
      outer loop
         vertex 29.3103456497192 22.413793951273 3.89999989420176
         vertex 29.3103456497192 25.8620698004961 3.89999989420176
         vertex 25.8620698004961 25.8620698004961 3.89999989420176
      endloop
   endfacet
   facet normal 0 0 1
      outer loop
         vertex 25.8620698004961 25.8620698004961 3.89999989420176
         vertex 29.3103456497192 25.8620698004961 3.89999989420176
         vertex 25.8620698004961 29.3103456497192 3.89999989420176
      endloop
   endfacet
   facet normal 0 0 1
      outer loop
         vertex 25.8620698004961 25.8620698004961 3.89999989420176
         vertex 25.8620698004961 29.3103456497192 3.89999989420176
         vertex 22.413793951273 29.3103456497192 3.89999989420176
      endloop
   endfacet
   facet normal 0 0 1
      outer loop
         vertex 22.413793951273 29.3103456497192 3.89999989420176
         vertex 25.8620698004961 29.3103456497192 3.89999989420176
         vertex 22.413793951273 32.7586196362972 3.89999989420176
      endloop
   endfacet
   facet normal 0 0 1
      outer loop
         vertex 22.413793951273 29.3103456497192 3.89999989420176
         vertex 22.413793951273 32.7586196362972 3.89999989420176
         vertex 18.9655181020498 32.7586196362972 3.89999989420176
      endloop
   endfacet
   facet normal 0 0 1
      outer loop
         vertex 18.9655181020498 32.7586196362972 3.89999989420176
         vertex 22.413793951273 32.7586196362972 3.89999989420176
         vertex 18.9655181020498 36.2068973481655 3.89999989420176
      endloop
   endfacet
   facet normal 0 0 1
      outer loop
         vertex 18.9655181020498 32.7586196362972 3.89999989420176
         vertex 18.9655181020498 36.2068973481655 3.89999989420176
         vertex 15.5172413215041 36.2068973481655 3.89999989420176
      endloop
   endfacet
   facet normal 0 0 1
      outer loop
         vertex 15.5172413215041 36.2068973481655 3.89999989420176
         vertex 18.9655181020498 36.2068973481655 3.89999989420176
         vertex 15.5172413215041 39.6551713347435 3.89999989420176
      endloop
   endfacet
   facet normal 0 0 1
      outer loop
         vertex 15.5172413215041 36.2068973481655 3.89999989420176
         vertex 15.5172413215041 39.6551713347435 3.89999989420176
         vertex 12.068965472281 39.6551713347435 3.89999989420176
      endloop
   endfacet
   facet normal 0 0 1
      outer loop
         vertex 12.068965472281 39.6551713347435 3.89999989420176
         vertex 15.5172413215041 39.6551713347435 3.89999989420176
         vertex 12.068965472281 43.1034490466118 3.89999989420176
      endloop
   endfacet
   facet normal 0 0 1
      outer loop
         vertex 12.068965472281 39.6551713347435 3.89999989420176
         vertex 12.068965472281 43.1034490466118 3.89999989420176
         vertex 8.62068962305784 43.1034490466118 3.89999989420176
      endloop
   endfacet
   facet normal 0 0 1
      outer loop
         vertex 8.62068962305784 43.1034490466118 3.89999989420176
         vertex 12.068965472281 43.1034490466118 3.89999989420176
         vertex 8.62068962305784 46.5517230331898 3.89999989420176
      endloop
   endfacet
   facet normal 0 0 1
      outer loop
         vertex 8.62068962305784 43.1034490466118 3.89999989420176
         vertex 8.62068962305784 46.5517230331898 3.89999989420176
         vertex 5.17241377383471 46.5517230331898 3.89999989420176
      endloop
   endfacet
   facet normal 0 0 1
      outer loop
         vertex 5.17241377383471 46.5517230331898 3.89999989420176
         vertex 8.62068962305784 46.5517230331898 3.89999989420176
         vertex 6.21718540787697 49.6119596064091 3.89999989420176
      endloop
   endfacet
   facet normal 0 0 1
      outer loop
         vertex 5.17241377383471 46.5517230331898 3.89999989420176
         vertex 6.21718540787697 49.6119596064091 3.89999989420176
         vertex 1.2465346371755 49.9844588339329 3.89999989420176
      endloop
   endfacet
   facet normal 0 0 1
      outer loop
         vertex 12.068965472281 22.413793951273 3.89999989420176
         vertex 15.5172413215041 22.413793951273 3.89999989420176
         vertex 12.068965472281 25.8620698004961 3.89999989420176
      endloop
   endfacet
   facet normal 0 0 1
      outer loop
         vertex -43.1034490466118 22.413793951273 3.89999989420176
         vertex -39.6551713347435 22.413793951273 3.89999989420176
         vertex -39.6551713347435 25.8620698004961 3.89999989420176
      endloop
   endfacet
   facet normal 0 0 1
      outer loop
         vertex 8.62068962305784 25.8620698004961 3.89999989420176
         vertex 12.068965472281 25.8620698004961 3.89999989420176
         vertex 8.62068962305784 29.3103456497192 3.89999989420176
      endloop
   endfacet
   facet normal 0 0 1
      outer loop
         vertex 29.3103456497192 25.8620698004961 3.89999989420176
         vertex 32.7586196362972 25.8620698004961 3.89999989420176
         vertex 29.3103456497192 29.3103456497192 3.89999989420176
      endloop
   endfacet
   facet normal 0 0 1
      outer loop
         vertex 29.3103456497192 29.3103456497192 3.89999989420176
         vertex 32.7586196362972 25.8620698004961 3.89999989420176
         vertex 32.7586196362972 29.3103456497192 3.89999989420176
      endloop
   endfacet
   facet normal 0 0 1
      outer loop
         vertex 29.3103456497192 29.3103456497192 3.89999989420176
         vertex 32.7586196362972 29.3103456497192 3.89999989420176
         vertex 29.3103456497192 32.7586196362972 3.89999989420176
      endloop
   endfacet
   facet normal 0 0 1
      outer loop
         vertex 29.3103456497192 32.7586196362972 3.89999989420176
         vertex 32.7586196362972 29.3103456497192 3.89999989420176
         vertex 32.7586196362972 32.7586196362972 3.89999989420176
      endloop
   endfacet
   facet normal 0 0 1
      outer loop
         vertex 29.3103456497192 32.7586196362972 3.89999989420176
         vertex 32.7586196362972 32.7586196362972 3.89999989420176
         vertex 29.3103456497192 36.2068973481655 3.89999989420176
      endloop
   endfacet
   facet normal 0 0 1
      outer loop
         vertex 29.3103456497192 36.2068973481655 3.89999989420176
         vertex 32.7586196362972 32.7586196362972 3.89999989420176
         vertex 32.7586196362972 36.2068973481655 3.89999989420176
      endloop
   endfacet
   facet normal 0 0 1
      outer loop
         vertex 29.3103456497192 36.2068973481655 3.89999989420176
         vertex 32.7586196362972 36.2068973481655 3.89999989420176
         vertex 33.0842919647694 37.4890603125095 3.89999989420176
      endloop
   endfacet
   facet normal 0 0 1
      outer loop
         vertex 33.0842919647694 37.4890603125095 3.89999989420176
         vertex 32.7586196362972 36.2068973481655 3.89999989420176
         vertex 36.6525948047638 34.0086370706558 3.89999989420176
      endloop
   endfacet
   facet normal 0 0 1
      outer loop
         vertex 32.7586196362972 25.8620698004961 3.89999989420176
         vertex 29.3103456497192 25.8620698004961 3.89999989420176
         vertex 32.7586196362972 22.413793951273 3.89999989420176
      endloop
   endfacet
   facet normal 0 0 1
      outer loop
         vertex 29.3103456497192 25.8620698004961 3.89999989420176
         vertex 29.3103456497192 29.3103456497192 3.89999989420176
         vertex 25.8620698004961 29.3103456497192 3.89999989420176
      endloop
   endfacet
   facet normal 0 0 1
      outer loop
         vertex 25.8620698004961 29.3103456497192 3.89999989420176
         vertex 29.3103456497192 29.3103456497192 3.89999989420176
         vertex 25.8620698004961 32.7586196362972 3.89999989420176
      endloop
   endfacet
   facet normal 0 0 1
      outer loop
         vertex 25.8620698004961 29.3103456497192 3.89999989420176
         vertex 25.8620698004961 32.7586196362972 3.89999989420176
         vertex 22.413793951273 32.7586196362972 3.89999989420176
      endloop
   endfacet
   facet normal 0 0 1
      outer loop
         vertex 22.413793951273 32.7586196362972 3.89999989420176
         vertex 25.8620698004961 32.7586196362972 3.89999989420176
         vertex 22.413793951273 36.2068973481655 3.89999989420176
      endloop
   endfacet
   facet normal 0 0 1
      outer loop
         vertex 22.413793951273 32.7586196362972 3.89999989420176
         vertex 22.413793951273 36.2068973481655 3.89999989420176
         vertex 18.9655181020498 36.2068973481655 3.89999989420176
      endloop
   endfacet
   facet normal 0 0 1
      outer loop
         vertex 18.9655181020498 36.2068973481655 3.89999989420176
         vertex 22.413793951273 36.2068973481655 3.89999989420176
         vertex 18.9655181020498 39.6551713347435 3.89999989420176
      endloop
   endfacet
   facet normal 0 0 1
      outer loop
         vertex 18.9655181020498 36.2068973481655 3.89999989420176
         vertex 18.9655181020498 39.6551713347435 3.89999989420176
         vertex 15.5172413215041 39.6551713347435 3.89999989420176
      endloop
   endfacet
   facet normal 0 0 1
      outer loop
         vertex 15.5172413215041 39.6551713347435 3.89999989420176
         vertex 18.9655181020498 39.6551713347435 3.89999989420176
         vertex 15.5172413215041 43.1034490466118 3.89999989420176
      endloop
   endfacet
   facet normal 0 0 1
      outer loop
         vertex 15.5172413215041 39.6551713347435 3.89999989420176
         vertex 15.5172413215041 43.1034490466118 3.89999989420176
         vertex 12.068965472281 43.1034490466118 3.89999989420176
      endloop
   endfacet
   facet normal 0 0 1
      outer loop
         vertex 12.068965472281 43.1034490466118 3.89999989420176
         vertex 15.5172413215041 43.1034490466118 3.89999989420176
         vertex 12.068965472281 46.5517230331898 3.89999989420176
      endloop
   endfacet
   facet normal 0 0 1
      outer loop
         vertex 12.068965472281 43.1034490466118 3.89999989420176
         vertex 12.068965472281 46.5517230331898 3.89999989420176
         vertex 8.62068962305784 46.5517230331898 3.89999989420176
      endloop
   endfacet
   facet normal 0 0 1
      outer loop
         vertex 8.62068962305784 46.5517230331898 3.89999989420176
         vertex 12.068965472281 46.5517230331898 3.89999989420176
         vertex 11.126047000289 48.746395856142 3.89999989420176
      endloop
   endfacet
   facet normal 0 0 1
      outer loop
         vertex 8.62068962305784 46.5517230331898 3.89999989420176
         vertex 11.126047000289 48.746395856142 3.89999989420176
         vertex 6.21718540787697 49.6119596064091 3.89999989420176
      endloop
   endfacet
   facet normal 0 0 1
      outer loop
         vertex 5.17241377383471 29.3103456497192 3.89999989420176
         vertex 8.62068962305784 29.3103456497192 3.89999989420176
         vertex 5.17241377383471 32.7586196362972 3.89999989420176
      endloop
   endfacet
   facet normal 0 0 1
      outer loop
         vertex 39.6551713347435 22.413793951273 3.89999989420176
         vertex 42.6645427942276 26.0717608034611 3.89999989420176
         vertex 39.6551713347435 25.8620698004961 3.89999989420176
      endloop
   endfacet
   facet normal 0 0 1
      outer loop
         vertex 39.6551713347435 25.8620698004961 3.89999989420176
         vertex 42.6645427942276 26.0717608034611 3.89999989420176
         vertex 39.6551713347435 29.3103456497192 3.89999989420176
      endloop
   endfacet
   facet normal 0 0 1
      outer loop
         vertex 29.3103456497192 29.3103456497192 3.89999989420176
         vertex 29.3103456497192 32.7586196362972 3.89999989420176
         vertex 25.8620698004961 32.7586196362972 3.89999989420176
      endloop
   endfacet
   facet normal 0 0 1
      outer loop
         vertex 25.8620698004961 32.7586196362972 3.89999989420176
         vertex 29.3103456497192 32.7586196362972 3.89999989420176
         vertex 25.8620698004961 36.2068973481655 3.89999989420176
      endloop
   endfacet
   facet normal 0 0 1
      outer loop
         vertex 25.8620698004961 32.7586196362972 3.89999989420176
         vertex 25.8620698004961 36.2068973481655 3.89999989420176
         vertex 22.413793951273 36.2068973481655 3.89999989420176
      endloop
   endfacet
   facet normal 0 0 1
      outer loop
         vertex 22.413793951273 36.2068973481655 3.89999989420176
         vertex 25.8620698004961 36.2068973481655 3.89999989420176
         vertex 22.413793951273 39.6551713347435 3.89999989420176
      endloop
   endfacet
   facet normal 0 0 1
      outer loop
         vertex 22.413793951273 36.2068973481655 3.89999989420176
         vertex 22.413793951273 39.6551713347435 3.89999989420176
         vertex 18.9655181020498 39.6551713347435 3.89999989420176
      endloop
   endfacet
   facet normal 0 0 1
      outer loop
         vertex 18.9655181020498 39.6551713347435 3.89999989420176
         vertex 22.413793951273 39.6551713347435 3.89999989420176
         vertex 18.9655181020498 43.1034490466118 3.89999989420176
      endloop
   endfacet
   facet normal 0 0 1
      outer loop
         vertex 18.9655181020498 39.6551713347435 3.89999989420176
         vertex 18.9655181020498 43.1034490466118 3.89999989420176
         vertex 15.5172413215041 43.1034490466118 3.89999989420176
      endloop
   endfacet
   facet normal 0 0 1
      outer loop
         vertex 15.5172413215041 43.1034490466118 3.89999989420176
         vertex 18.9655181020498 43.1034490466118 3.89999989420176
         vertex 15.5172413215041 46.5517230331898 3.89999989420176
      endloop
   endfacet
   facet normal 0 0 1
      outer loop
         vertex 15.5172413215041 43.1034490466118 3.89999989420176
         vertex 15.5172413215041 46.5517230331898 3.89999989420176
         vertex 12.068965472281 46.5517230331898 3.89999989420176
      endloop
   endfacet
   facet normal 0 0 1
      outer loop
         vertex 12.068965472281 46.5517230331898 3.89999989420176
         vertex 15.5172413215041 46.5517230331898 3.89999989420176
         vertex 15.9243326634169 47.3963655531406 3.89999989420176
      endloop
   endfacet
   facet normal 0 0 1
      outer loop
         vertex 12.068965472281 46.5517230331898 3.89999989420176
         vertex 15.9243326634169 47.3963655531406 3.89999989420176
         vertex 11.126047000289 48.746395856142 3.89999989420176
      endloop
   endfacet
   facet normal 0 0 1
      outer loop
         vertex 1.72413792461157 32.7586196362972 3.89999989420176
         vertex 5.17241377383471 32.7586196362972 3.89999989420176
         vertex 1.72413792461157 36.2068973481655 3.89999989420176
      endloop
   endfacet
   facet normal 0 0 1
      outer loop
         vertex 36.2068973481655 32.7586196362972 3.89999989420176
         vertex 36.2068973481655 29.3103456497192 3.89999989420176
         vertex 39.8566238582134 30.1902201026678 3.89999989420176
      endloop
   endfacet
   facet normal 0 0 1
      outer loop
         vertex 29.3103456497192 32.7586196362972 3.89999989420176
         vertex 29.3103456497192 36.2068973481655 3.89999989420176
         vertex 25.8620698004961 36.2068973481655 3.89999989420176
      endloop
   endfacet
   facet normal 0 0 1
      outer loop
         vertex 25.8620698004961 36.2068973481655 3.89999989420176
         vertex 29.3103456497192 36.2068973481655 3.89999989420176
         vertex 25.8620698004961 39.6551713347435 3.89999989420176
      endloop
   endfacet
   facet normal 0 0 1
      outer loop
         vertex 25.8620698004961 36.2068973481655 3.89999989420176
         vertex 25.8620698004961 39.6551713347435 3.89999989420176
         vertex 22.413793951273 39.6551713347435 3.89999989420176
      endloop
   endfacet
   facet normal 0 0 1
      outer loop
         vertex 22.413793951273 39.6551713347435 3.89999989420176
         vertex 25.8620698004961 39.6551713347435 3.89999989420176
         vertex 25.000000372529 43.3012694120407 3.89999989420176
      endloop
   endfacet
   facet normal 0 0 1
      outer loop
         vertex 22.413793951273 39.6551713347435 3.89999989420176
         vertex 25.000000372529 43.3012694120407 3.89999989420176
         vertex 22.413793951273 43.1034490466118 3.89999989420176
      endloop
   endfacet
   facet normal 0 0 1
      outer loop
         vertex 22.413793951273 43.1034490466118 3.89999989420176
         vertex 25.000000372529 43.3012694120407 3.89999989420176
         vertex 20.5643549561501 45.5752909183502 3.89999989420176
      endloop
   endfacet
   facet normal 0 0 1
      outer loop
         vertex 22.413793951273 43.1034490466118 3.89999989420176
         vertex 20.5643549561501 45.5752909183502 3.89999989420176
         vertex 18.9655181020498 43.1034490466118 3.89999989420176
      endloop
   endfacet
   facet normal 0 0 1
      outer loop
         vertex 18.9655181020498 43.1034490466118 3.89999989420176
         vertex 20.5643549561501 45.5752909183502 3.89999989420176
         vertex 15.5172413215041 46.5517230331898 3.89999989420176
      endloop
   endfacet
   facet normal 0 0 1
      outer loop
         vertex -1.72413792461157 36.2068973481655 3.89999989420176
         vertex 1.72413792461157 36.2068973481655 3.89999989420176
         vertex -1.72413792461157 39.6551713347435 3.89999989420176
      endloop
   endfacet
   facet normal 0 0 1
      outer loop
         vertex -22.413793951273 36.2068973481655 3.89999989420176
         vertex -18.9655181020498 36.2068973481655 3.89999989420176
         vertex -22.413793951273 39.6551713347435 3.89999989420176
      endloop
   endfacet
   facet normal 0 0 1
      outer loop
         vertex 32.7586196362972 36.2068973481655 3.89999989420176
         vertex 32.7586196362972 32.7586196362972 3.89999989420176
         vertex 36.6525948047638 34.0086370706558 3.89999989420176
      endloop
   endfacet
   facet normal 0 0 1
      outer loop
         vertex 25.8620698004961 39.6551713347435 3.89999989420176
         vertex 29.3103456497192 36.2068973481655 3.89999989420176
         vertex 29.3103456497192 39.6551713347435 3.89999989420176
      endloop
   endfacet
   facet normal 0 0 1
      outer loop
         vertex 29.3103456497192 39.6551713347435 3.89999989420176
         vertex 29.3103456497192 36.2068973481655 3.89999989420176
         vertex 33.0842919647694 37.4890603125095 3.89999989420176
      endloop
   endfacet
   facet normal 0 0 1
      outer loop
         vertex 29.3103456497192 39.6551713347435 3.89999989420176
         vertex 33.0842919647694 37.4890603125095 3.89999989420176
         vertex 29.1871838271618 40.5968986451626 3.89999989420176
      endloop
   endfacet
   facet normal 0 0 1
      outer loop
         vertex 25.000000372529 43.3012694120407 3.89999989420176
         vertex 25.8620698004961 39.6551713347435 3.89999989420176
         vertex 29.1871838271618 40.5968986451626 3.89999989420176
      endloop
   endfacet
   facet normal 0 0 1
      outer loop
         vertex 29.1871838271618 40.5968986451626 3.89999989420176
         vertex 25.8620698004961 39.6551713347435 3.89999989420176
         vertex 29.3103456497192 39.6551713347435 3.89999989420176
      endloop
   endfacet
   facet normal 0 0 1
      outer loop
         vertex -5.17241377383471 39.6551713347435 3.89999989420176
         vertex -1.72413792461157 39.6551713347435 3.89999989420176
         vertex -5.17241377383471 43.1034490466118 3.89999989420176
      endloop
   endfacet
   facet normal 0 0 1
      outer loop
         vertex 22.413793951273 43.1034490466118 3.89999989420176
         vertex 18.9655181020498 43.1034490466118 3.89999989420176
         vertex 22.413793951273 39.6551713347435 3.89999989420176
      endloop
   endfacet
   facet normal 0 0 1
      outer loop
         vertex -8.62068962305784 43.1034490466118 3.89999989420176
         vertex -5.17241377383471 43.1034490466118 3.89999989420176
         vertex -8.62068962305784 46.5517230331898 3.89999989420176
      endloop
   endfacet
   facet normal 0 0 1
      outer loop
         vertex -18.9655181020498 39.6551713347435 3.89999989420176
         vertex -18.9655181020498 43.1034490466118 3.89999989420176
         vertex -22.413793951273 43.1034490466118 3.89999989420176
      endloop
   endfacet
   facet normal 0 0 1
      outer loop
         vertex -22.413793951273 43.1034490466118 3.89999989420176
         vertex -18.9655181020498 43.1034490466118 3.89999989420176
         vertex -22.8105336427689 44.4935895502567 3.89999989420176
      endloop
   endfacet
   facet normal 0 0 1
      outer loop
         vertex -22.413793951273 43.1034490466118 3.89999989420176
         vertex -22.8105336427689 44.4935895502567 3.89999989420176
         vertex -27.1273124963045 42.0012958347797 3.89999989420176
      endloop
   endfacet
   facet normal 0 0 1
      outer loop
         vertex -22.8105336427689 44.4935895502567 3.89999989420176
         vertex -18.9655181020498 43.1034490466118 3.89999989420176
         vertex -18.2670503854752 46.543687582016 3.89999989420176
      endloop
   endfacet
   facet normal 0 0 1
      outer loop
         vertex 20.5643549561501 45.5752909183502 3.89999989420176
         vertex 15.9243326634169 47.3963655531406 3.89999989420176
         vertex 15.5172413215041 46.5517230331898 3.89999989420176
      endloop
   endfacet
   facet normal 0 0 -1
      outer loop
         vertex -48.453863710165 12.33786996454 0
         vertex -46.9846315681934 17.1010065823793 0
         vertex -46.5517230331898 15.5172413215041 0
      endloop
   endfacet
   facet normal 0 0 -1
      outer loop
         vertex -46.5517230331898 15.5172413215041 0
         vertex -46.9846315681934 17.1010065823793 0
         vertex -43.1034490466118 15.5172413215041 0
      endloop
   endfacet
   facet normal 0 0 -1
      outer loop
         vertex -46.5517230331898 15.5172413215041 0
         vertex -43.1034490466118 15.5172413215041 0
         vertex -46.5517230331898 12.068965472281 0
      endloop
   endfacet
   facet normal 0 0 -1
      outer loop
         vertex -46.5517230331898 12.068965472281 0
         vertex -43.1034490466118 15.5172413215041 0
         vertex -43.1034490466118 12.068965472281 0
      endloop
   endfacet
   facet normal 0 0 -1
      outer loop
         vertex -46.5517230331898 12.068965472281 0
         vertex -43.1034490466118 12.068965472281 0
         vertex -46.5517230331898 8.62068962305784 0
      endloop
   endfacet
   facet normal 0 0 -1
      outer loop
         vertex -46.5517230331898 8.62068962305784 0
         vertex -43.1034490466118 12.068965472281 0
         vertex -43.1034490466118 8.62068962305784 0
      endloop
   endfacet
   facet normal 0 0 -1
      outer loop
         vertex -46.5517230331898 8.62068962305784 0
         vertex -43.1034490466118 8.62068962305784 0
         vertex -46.5517230331898 5.17241377383471 0
      endloop
   endfacet
   facet normal 0 0 -1
      outer loop
         vertex -46.5517230331898 5.17241377383471 0
         vertex -43.1034490466118 8.62068962305784 0
         vertex -43.1034490466118 5.17241377383471 0
      endloop
   endfacet
   facet normal 0 0 -1
      outer loop
         vertex -46.5517230331898 5.17241377383471 0
         vertex -43.1034490466118 5.17241377383471 0
         vertex -46.5517230331898 1.72413792461157 0
      endloop
   endfacet
   facet normal 0 0 -1
      outer loop
         vertex -46.5517230331898 1.72413792461157 0
         vertex -43.1034490466118 5.17241377383471 0
         vertex -43.1034490466118 1.72413792461157 0
      endloop
   endfacet
   facet normal 0 0 -1
      outer loop
         vertex -46.5517230331898 1.72413792461157 0
         vertex -43.1034490466118 1.72413792461157 0
         vertex -46.5517230331898 -1.72413792461157 0
      endloop
   endfacet
   facet normal 0 0 -1
      outer loop
         vertex -46.5517230331898 -1.72413792461157 0
         vertex -43.1034490466118 1.72413792461157 0
         vertex -43.1034490466118 -1.72413792461157 0
      endloop
   endfacet
   facet normal 0 0 -1
      outer loop
         vertex -46.5517230331898 -1.72413792461157 0
         vertex -43.1034490466118 -1.72413792461157 0
         vertex -46.5517230331898 -5.17241377383471 0
      endloop
   endfacet
   facet normal 0 0 -1
      outer loop
         vertex -46.5517230331898 -5.17241377383471 0
         vertex -43.1034490466118 -1.72413792461157 0
         vertex -43.1034490466118 -5.17241377383471 0
      endloop
   endfacet
   facet normal 0 0 -1
      outer loop
         vertex -46.5517230331898 -5.17241377383471 0
         vertex -43.1034490466118 -5.17241377383471 0
         vertex -46.5517230331898 -8.62068962305784 0
      endloop
   endfacet
   facet normal 0 0 -1
      outer loop
         vertex -46.5517230331898 -8.62068962305784 0
         vertex -43.1034490466118 -5.17241377383471 0
         vertex -43.1034490466118 -8.62068962305784 0
      endloop
   endfacet
   facet normal 0 0 -1
      outer loop
         vertex -46.5517230331898 -8.62068962305784 0
         vertex -43.1034490466118 -8.62068962305784 0
         vertex -46.5517230331898 -12.068965472281 0
      endloop
   endfacet
   facet normal 0 0 -1
      outer loop
         vertex -46.5517230331898 -12.068965472281 0
         vertex -43.1034490466118 -8.62068962305784 0
         vertex -43.1034490466118 -12.068965472281 0
      endloop
   endfacet
   facet normal 0 0 -1
      outer loop
         vertex -46.5517230331898 -12.068965472281 0
         vertex -43.1034490466118 -12.068965472281 0
         vertex -46.5517230331898 -15.5172413215041 0
      endloop
   endfacet
   facet normal 0 0 -1
      outer loop
         vertex -46.5517230331898 -15.5172413215041 0
         vertex -43.1034490466118 -12.068965472281 0
         vertex -43.1034490466118 -15.5172413215041 0
      endloop
   endfacet
   facet normal 0 0 -1
      outer loop
         vertex -46.5517230331898 -15.5172413215041 0
         vertex -43.1034490466118 -15.5172413215041 0
         vertex -46.9846315681934 -17.1010065823793 0
      endloop
   endfacet
   facet normal 0 0 -1
      outer loop
         vertex -46.9846315681934 -17.1010065823793 0
         vertex -43.1034490466118 -15.5172413215041 0
         vertex -43.1034490466118 -18.9655181020498 0
      endloop
   endfacet
   facet normal 0 0 -1
      outer loop
         vertex -46.9846315681934 -17.1010065823793 0
         vertex -43.1034490466118 -18.9655181020498 0
         vertex -45.0484417378902 -21.6941870748997 0
      endloop
   endfacet
   facet normal 0 0 -1
      outer loop
         vertex -45.0484417378902 -21.6941870748997 0
         vertex -43.1034490466118 -18.9655181020498 0
         vertex -43.1034490466118 -22.413793951273 0
      endloop
   endfacet
   facet normal 0 0 -1
      outer loop
         vertex -45.0484417378902 -21.6941870748997 0
         vertex -43.1034490466118 -22.413793951273 0
         vertex -42.6645427942276 -26.0717608034611 0
      endloop
   endfacet
   facet normal 0 0 -1
      outer loop
         vertex -42.6645427942276 -26.0717608034611 0
         vertex -43.1034490466118 -22.413793951273 0
         vertex -39.6551713347435 -22.413793951273 0
      endloop
   endfacet
   facet normal 0 0 -1
      outer loop
         vertex -42.6645427942276 -26.0717608034611 0
         vertex -39.6551713347435 -22.413793951273 0
         vertex -39.6551713347435 -25.8620698004961 0
      endloop
   endfacet
   facet normal 0 0 -1
      outer loop
         vertex -39.6551713347435 -25.8620698004961 0
         vertex -39.6551713347435 -22.413793951273 0
         vertex -36.2068973481655 -22.413793951273 0
      endloop
   endfacet
   facet normal 0 0 -1
      outer loop
         vertex -39.6551713347435 -25.8620698004961 0
         vertex -36.2068973481655 -22.413793951273 0
         vertex -36.2068973481655 -25.8620698004961 0
      endloop
   endfacet
   facet normal 0 0 -1
      outer loop
         vertex -36.2068973481655 -25.8620698004961 0
         vertex -36.2068973481655 -22.413793951273 0
         vertex -32.7586196362972 -22.413793951273 0
      endloop
   endfacet
   facet normal 0 0 -1
      outer loop
         vertex -36.2068973481655 -25.8620698004961 0
         vertex -32.7586196362972 -22.413793951273 0
         vertex -32.7586196362972 -25.8620698004961 0
      endloop
   endfacet
   facet normal 0 0 -1
      outer loop
         vertex -32.7586196362972 -25.8620698004961 0
         vertex -32.7586196362972 -22.413793951273 0
         vertex -29.3103456497192 -22.413793951273 0
      endloop
   endfacet
   facet normal 0 0 -1
      outer loop
         vertex -32.7586196362972 -25.8620698004961 0
         vertex -29.3103456497192 -22.413793951273 0
         vertex -29.3103456497192 -25.8620698004961 0
      endloop
   endfacet
   facet normal 0 0 -1
      outer loop
         vertex -29.3103456497192 -25.8620698004961 0
         vertex -29.3103456497192 -22.413793951273 0
         vertex -25.8620698004961 -22.413793951273 0
      endloop
   endfacet
   facet normal 0 0 -1
      outer loop
         vertex -29.3103456497192 -25.8620698004961 0
         vertex -25.8620698004961 -22.413793951273 0
         vertex -25.8620698004961 -25.8620698004961 0
      endloop
   endfacet
   facet normal 0 0 -1
      outer loop
         vertex -25.8620698004961 -25.8620698004961 0
         vertex -25.8620698004961 -22.413793951273 0
         vertex -22.413793951273 -22.413793951273 0
      endloop
   endfacet
   facet normal 0 0 -1
      outer loop
         vertex -25.8620698004961 -25.8620698004961 0
         vertex -22.413793951273 -22.413793951273 0
         vertex -22.413793951273 -25.8620698004961 0
      endloop
   endfacet
   facet normal 0 0 -1
      outer loop
         vertex -22.413793951273 -25.8620698004961 0
         vertex -22.413793951273 -22.413793951273 0
         vertex -18.9655181020498 -22.413793951273 0
      endloop
   endfacet
   facet normal 0 0 -1
      outer loop
         vertex -22.413793951273 -25.8620698004961 0
         vertex -18.9655181020498 -22.413793951273 0
         vertex -18.9655181020498 -25.8620698004961 0
      endloop
   endfacet
   facet normal 0 0 -1
      outer loop
         vertex -18.9655181020498 -25.8620698004961 0
         vertex -18.9655181020498 -22.413793951273 0
         vertex -15.5172413215041 -22.413793951273 0
      endloop
   endfacet
   facet normal 0 0 -1
      outer loop
         vertex -18.9655181020498 -25.8620698004961 0
         vertex -15.5172413215041 -22.413793951273 0
         vertex -15.5172413215041 -25.8620698004961 0
      endloop
   endfacet
   facet normal 0 0 -1
      outer loop
         vertex -15.5172413215041 -25.8620698004961 0
         vertex -15.5172413215041 -22.413793951273 0
         vertex -12.068965472281 -22.413793951273 0
      endloop
   endfacet
   facet normal 0 0 -1
      outer loop
         vertex -15.5172413215041 -25.8620698004961 0
         vertex -12.068965472281 -22.413793951273 0
         vertex -12.068965472281 -25.8620698004961 0
      endloop
   endfacet
   facet normal 0 0 -1
      outer loop
         vertex -12.068965472281 -25.8620698004961 0
         vertex -12.068965472281 -22.413793951273 0
         vertex -8.62068962305784 -22.413793951273 0
      endloop
   endfacet
   facet normal 0 0 -1
      outer loop
         vertex -12.068965472281 -25.8620698004961 0
         vertex -8.62068962305784 -22.413793951273 0
         vertex -8.62068962305784 -25.8620698004961 0
      endloop
   endfacet
   facet normal 0 0 -1
      outer loop
         vertex -8.62068962305784 -25.8620698004961 0
         vertex -8.62068962305784 -22.413793951273 0
         vertex -5.17241377383471 -22.413793951273 0
      endloop
   endfacet
   facet normal 0 0 -1
      outer loop
         vertex -8.62068962305784 -25.8620698004961 0
         vertex -5.17241377383471 -22.413793951273 0
         vertex -5.17241377383471 -25.8620698004961 0
      endloop
   endfacet
   facet normal 0 0 -1
      outer loop
         vertex -5.17241377383471 -25.8620698004961 0
         vertex -5.17241377383471 -22.413793951273 0
         vertex -1.72413792461157 -22.413793951273 0
      endloop
   endfacet
   facet normal 0 0 -1
      outer loop
         vertex -5.17241377383471 -25.8620698004961 0
         vertex -1.72413792461157 -22.413793951273 0
         vertex -1.72413792461157 -25.8620698004961 0
      endloop
   endfacet
   facet normal 0 0 -1
      outer loop
         vertex -1.72413792461157 -25.8620698004961 0
         vertex -1.72413792461157 -22.413793951273 0
         vertex 1.72413792461157 -22.413793951273 0
      endloop
   endfacet
   facet normal 0 0 -1
      outer loop
         vertex -1.72413792461157 -25.8620698004961 0
         vertex 1.72413792461157 -22.413793951273 0
         vertex 1.72413792461157 -25.8620698004961 0
      endloop
   endfacet
   facet normal 0 0 -1
      outer loop
         vertex 1.72413792461157 -25.8620698004961 0
         vertex 1.72413792461157 -22.413793951273 0
         vertex 5.17241377383471 -22.413793951273 0
      endloop
   endfacet
   facet normal 0 0 -1
      outer loop
         vertex 1.72413792461157 -25.8620698004961 0
         vertex 5.17241377383471 -22.413793951273 0
         vertex 5.17241377383471 -25.8620698004961 0
      endloop
   endfacet
   facet normal 0 0 -1
      outer loop
         vertex 5.17241377383471 -25.8620698004961 0
         vertex 5.17241377383471 -22.413793951273 0
         vertex 8.62068962305784 -22.413793951273 0
      endloop
   endfacet
   facet normal 0 0 -1
      outer loop
         vertex 5.17241377383471 -25.8620698004961 0
         vertex 8.62068962305784 -22.413793951273 0
         vertex 8.62068962305784 -25.8620698004961 0
      endloop
   endfacet
   facet normal 0 0 -1
      outer loop
         vertex 8.62068962305784 -25.8620698004961 0
         vertex 8.62068962305784 -22.413793951273 0
         vertex 12.068965472281 -22.413793951273 0
      endloop
   endfacet
   facet normal 0 0 -1
      outer loop
         vertex 8.62068962305784 -25.8620698004961 0
         vertex 12.068965472281 -22.413793951273 0
         vertex 12.068965472281 -25.8620698004961 0
      endloop
   endfacet
   facet normal 0 0 -1
      outer loop
         vertex 12.068965472281 -25.8620698004961 0
         vertex 12.068965472281 -22.413793951273 0
         vertex 15.5172413215041 -22.413793951273 0
      endloop
   endfacet
   facet normal 0 0 -1
      outer loop
         vertex 12.068965472281 -25.8620698004961 0
         vertex 15.5172413215041 -22.413793951273 0
         vertex 15.5172413215041 -25.8620698004961 0
      endloop
   endfacet
   facet normal 0 0 -1
      outer loop
         vertex 15.5172413215041 -25.8620698004961 0
         vertex 15.5172413215041 -22.413793951273 0
         vertex 18.9655181020498 -22.413793951273 0
      endloop
   endfacet
   facet normal 0 0 -1
      outer loop
         vertex 15.5172413215041 -25.8620698004961 0
         vertex 18.9655181020498 -22.413793951273 0
         vertex 18.9655181020498 -25.8620698004961 0
      endloop
   endfacet
   facet normal 0 0 -1
      outer loop
         vertex 18.9655181020498 -25.8620698004961 0
         vertex 18.9655181020498 -22.413793951273 0
         vertex 22.413793951273 -22.413793951273 0
      endloop
   endfacet
   facet normal 0 0 -1
      outer loop
         vertex 18.9655181020498 -25.8620698004961 0
         vertex 22.413793951273 -22.413793951273 0
         vertex 22.413793951273 -25.8620698004961 0
      endloop
   endfacet
   facet normal 0 0 -1
      outer loop
         vertex 22.413793951273 -25.8620698004961 0
         vertex 22.413793951273 -22.413793951273 0
         vertex 25.8620698004961 -22.413793951273 0
      endloop
   endfacet
   facet normal 0 0 -1
      outer loop
         vertex 22.413793951273 -25.8620698004961 0
         vertex 25.8620698004961 -22.413793951273 0
         vertex 25.8620698004961 -25.8620698004961 0
      endloop
   endfacet
   facet normal 0 0 -1
      outer loop
         vertex 25.8620698004961 -25.8620698004961 0
         vertex 25.8620698004961 -22.413793951273 0
         vertex 29.3103456497192 -22.413793951273 0
      endloop
   endfacet
   facet normal 0 0 -1
      outer loop
         vertex 25.8620698004961 -25.8620698004961 0
         vertex 29.3103456497192 -22.413793951273 0
         vertex 29.3103456497192 -25.8620698004961 0
      endloop
   endfacet
   facet normal 0 0 -1
      outer loop
         vertex 29.3103456497192 -25.8620698004961 0
         vertex 29.3103456497192 -22.413793951273 0
         vertex 32.7586196362972 -22.413793951273 0
      endloop
   endfacet
   facet normal 0 0 -1
      outer loop
         vertex 29.3103456497192 -25.8620698004961 0
         vertex 32.7586196362972 -22.413793951273 0
         vertex 32.7586196362972 -25.8620698004961 0
      endloop
   endfacet
   facet normal 0 0 -1
      outer loop
         vertex 32.7586196362972 -25.8620698004961 0
         vertex 32.7586196362972 -22.413793951273 0
         vertex 36.2068973481655 -22.413793951273 0
      endloop
   endfacet
   facet normal 0 0 -1
      outer loop
         vertex 32.7586196362972 -25.8620698004961 0
         vertex 36.2068973481655 -22.413793951273 0
         vertex 36.2068973481655 -25.8620698004961 0
      endloop
   endfacet
   facet normal 0 0 -1
      outer loop
         vertex 36.2068973481655 -25.8620698004961 0
         vertex 36.2068973481655 -22.413793951273 0
         vertex 39.6551713347435 -22.413793951273 0
      endloop
   endfacet
   facet normal 0 0 -1
      outer loop
         vertex 36.2068973481655 -25.8620698004961 0
         vertex 39.6551713347435 -22.413793951273 0
         vertex 39.6551713347435 -25.8620698004961 0
      endloop
   endfacet
   facet normal 0 0 -1
      outer loop
         vertex 39.6551713347435 -25.8620698004961 0
         vertex 39.6551713347435 -22.413793951273 0
         vertex 43.1034490466118 -22.413793951273 0
      endloop
   endfacet
   facet normal 0 0 -1
      outer loop
         vertex 39.6551713347435 -25.8620698004961 0
         vertex 43.1034490466118 -22.413793951273 0
         vertex 43.9110770821571 -23.9126980304718 0
      endloop
   endfacet
   facet normal 0 0 -1
      outer loop
         vertex 43.9110770821571 -23.9126980304718 0
         vertex 43.1034490466118 -22.413793951273 0
         vertex 46.0738092660904 -19.4217395037413 0
      endloop
   endfacet
   facet normal 0 0 -1
      outer loop
         vertex 18.9655181020498 -22.413793951273 0
         vertex 15.5172413215041 -22.413793951273 0
         vertex 18.9655181020498 -18.9655181020498 0
      endloop
   endfacet
   facet normal 0 0 -1
      outer loop
         vertex 18.9655181020498 -18.9655181020498 0
         vertex 15.5172413215041 -22.413793951273 0
         vertex 15.5172413215041 -18.9655181020498 0
      endloop
   endfacet
   facet normal 0 0 -1
      outer loop
         vertex 18.9655181020498 -18.9655181020498 0
         vertex 15.5172413215041 -18.9655181020498 0
         vertex 18.9655181020498 -15.5172413215041 0
      endloop
   endfacet
   facet normal 0 0 -1
      outer loop
         vertex 18.9655181020498 -15.5172413215041 0
         vertex 15.5172413215041 -18.9655181020498 0
         vertex 15.5172413215041 -15.5172413215041 0
      endloop
   endfacet
   facet normal 0 0 -1
      outer loop
         vertex 18.9655181020498 -15.5172413215041 0
         vertex 15.5172413215041 -15.5172413215041 0
         vertex 18.9655181020498 -12.068965472281 0
      endloop
   endfacet
   facet normal 0 0 -1
      outer loop
         vertex 18.9655181020498 -12.068965472281 0
         vertex 15.5172413215041 -15.5172413215041 0
         vertex 15.5172413215041 -12.068965472281 0
      endloop
   endfacet
   facet normal 0 0 -1
      outer loop
         vertex 18.9655181020498 -12.068965472281 0
         vertex 15.5172413215041 -12.068965472281 0
         vertex 18.9655181020498 -8.62068962305784 0
      endloop
   endfacet
   facet normal 0 0 -1
      outer loop
         vertex 18.9655181020498 -8.62068962305784 0
         vertex 15.5172413215041 -12.068965472281 0
         vertex 15.5172413215041 -8.62068962305784 0
      endloop
   endfacet
   facet normal 0 0 -1
      outer loop
         vertex 18.9655181020498 -8.62068962305784 0
         vertex 15.5172413215041 -8.62068962305784 0
         vertex 18.9655181020498 -5.17241377383471 0
      endloop
   endfacet
   facet normal 0 0 -1
      outer loop
         vertex 18.9655181020498 -5.17241377383471 0
         vertex 15.5172413215041 -8.62068962305784 0
         vertex 15.5172413215041 -5.17241377383471 0
      endloop
   endfacet
   facet normal 0 0 -1
      outer loop
         vertex 18.9655181020498 -5.17241377383471 0
         vertex 15.5172413215041 -5.17241377383471 0
         vertex 18.9655181020498 -1.72413792461157 0
      endloop
   endfacet
   facet normal 0 0 -1
      outer loop
         vertex 18.9655181020498 -1.72413792461157 0
         vertex 15.5172413215041 -5.17241377383471 0
         vertex 15.5172413215041 -1.72413792461157 0
      endloop
   endfacet
   facet normal 0 0 -1
      outer loop
         vertex 18.9655181020498 -1.72413792461157 0
         vertex 15.5172413215041 -1.72413792461157 0
         vertex 18.9655181020498 1.72413792461157 0
      endloop
   endfacet
   facet normal 0 0 -1
      outer loop
         vertex 18.9655181020498 1.72413792461157 0
         vertex 15.5172413215041 -1.72413792461157 0
         vertex 15.5172413215041 1.72413792461157 0
      endloop
   endfacet
   facet normal 0 0 -1
      outer loop
         vertex 18.9655181020498 1.72413792461157 0
         vertex 15.5172413215041 1.72413792461157 0
         vertex 18.9655181020498 5.17241377383471 0
      endloop
   endfacet
   facet normal 0 0 -1
      outer loop
         vertex 18.9655181020498 5.17241377383471 0
         vertex 15.5172413215041 1.72413792461157 0
         vertex 15.5172413215041 5.17241377383471 0
      endloop
   endfacet
   facet normal 0 0 -1
      outer loop
         vertex 18.9655181020498 5.17241377383471 0
         vertex 15.5172413215041 5.17241377383471 0
         vertex 18.9655181020498 8.62068962305784 0
      endloop
   endfacet
   facet normal 0 0 -1
      outer loop
         vertex 18.9655181020498 8.62068962305784 0
         vertex 15.5172413215041 5.17241377383471 0
         vertex 15.5172413215041 8.62068962305784 0
      endloop
   endfacet
   facet normal 0 0 -1
      outer loop
         vertex 18.9655181020498 8.62068962305784 0
         vertex 15.5172413215041 8.62068962305784 0
         vertex 18.9655181020498 12.068965472281 0
      endloop
   endfacet
   facet normal 0 0 -1
      outer loop
         vertex 18.9655181020498 12.068965472281 0
         vertex 15.5172413215041 8.62068962305784 0
         vertex 15.5172413215041 12.068965472281 0
      endloop
   endfacet
   facet normal 0 0 -1
      outer loop
         vertex 18.9655181020498 12.068965472281 0
         vertex 15.5172413215041 12.068965472281 0
         vertex 18.9655181020498 15.5172413215041 0
      endloop
   endfacet
   facet normal 0 0 -1
      outer loop
         vertex 18.9655181020498 15.5172413215041 0
         vertex 15.5172413215041 12.068965472281 0
         vertex 15.5172413215041 15.5172413215041 0
      endloop
   endfacet
   facet normal 0 0 -1
      outer loop
         vertex 18.9655181020498 15.5172413215041 0
         vertex 15.5172413215041 15.5172413215041 0
         vertex 18.9655181020498 18.9655181020498 0
      endloop
   endfacet
   facet normal 0 0 -1
      outer loop
         vertex 18.9655181020498 18.9655181020498 0
         vertex 15.5172413215041 15.5172413215041 0
         vertex 15.5172413215041 18.9655181020498 0
      endloop
   endfacet
   facet normal 0 0 -1
      outer loop
         vertex 18.9655181020498 18.9655181020498 0
         vertex 15.5172413215041 18.9655181020498 0
         vertex 18.9655181020498 22.413793951273 0
      endloop
   endfacet
   facet normal 0 0 -1
      outer loop
         vertex 18.9655181020498 22.413793951273 0
         vertex 15.5172413215041 18.9655181020498 0
         vertex 15.5172413215041 22.413793951273 0
      endloop
   endfacet
   facet normal 0 0 -1
      outer loop
         vertex 18.9655181020498 22.413793951273 0
         vertex 15.5172413215041 22.413793951273 0
         vertex 18.9655181020498 25.8620698004961 0
      endloop
   endfacet
   facet normal 0 0 -1
      outer loop
         vertex 18.9655181020498 25.8620698004961 0
         vertex 15.5172413215041 22.413793951273 0
         vertex 15.5172413215041 25.8620698004961 0
      endloop
   endfacet
   facet normal 0 0 -1
      outer loop
         vertex 18.9655181020498 25.8620698004961 0
         vertex 15.5172413215041 25.8620698004961 0
         vertex 18.9655181020498 29.3103456497192 0
      endloop
   endfacet
   facet normal 0 0 -1
      outer loop
         vertex 18.9655181020498 29.3103456497192 0
         vertex 15.5172413215041 25.8620698004961 0
         vertex 15.5172413215041 29.3103456497192 0
      endloop
   endfacet
   facet normal 0 0 -1
      outer loop
         vertex 18.9655181020498 29.3103456497192 0
         vertex 15.5172413215041 29.3103456497192 0
         vertex 18.9655181020498 32.7586196362972 0
      endloop
   endfacet
   facet normal 0 0 -1
      outer loop
         vertex 18.9655181020498 32.7586196362972 0
         vertex 15.5172413215041 29.3103456497192 0
         vertex 15.5172413215041 32.7586196362972 0
      endloop
   endfacet
   facet normal 0 0 -1
      outer loop
         vertex 18.9655181020498 32.7586196362972 0
         vertex 15.5172413215041 32.7586196362972 0
         vertex 18.9655181020498 36.2068973481655 0
      endloop
   endfacet
   facet normal 0 0 -1
      outer loop
         vertex 18.9655181020498 36.2068973481655 0
         vertex 15.5172413215041 32.7586196362972 0
         vertex 15.5172413215041 36.2068973481655 0
      endloop
   endfacet
   facet normal 0 0 -1
      outer loop
         vertex 18.9655181020498 36.2068973481655 0
         vertex 15.5172413215041 36.2068973481655 0
         vertex 18.9655181020498 39.6551713347435 0
      endloop
   endfacet
   facet normal 0 0 -1
      outer loop
         vertex 18.9655181020498 39.6551713347435 0
         vertex 15.5172413215041 36.2068973481655 0
         vertex 15.5172413215041 39.6551713347435 0
      endloop
   endfacet
   facet normal 0 0 -1
      outer loop
         vertex 18.9655181020498 39.6551713347435 0
         vertex 15.5172413215041 39.6551713347435 0
         vertex 18.9655181020498 43.1034490466118 0
      endloop
   endfacet
   facet normal 0 0 -1
      outer loop
         vertex 18.9655181020498 43.1034490466118 0
         vertex 15.5172413215041 39.6551713347435 0
         vertex 15.5172413215041 43.1034490466118 0
      endloop
   endfacet
   facet normal 0 0 -1
      outer loop
         vertex 18.9655181020498 43.1034490466118 0
         vertex 15.5172413215041 43.1034490466118 0
         vertex 18.2670503854752 46.543687582016 0
      endloop
   endfacet
   facet normal 0 0 -1
      outer loop
         vertex 18.2670503854752 46.543687582016 0
         vertex 15.5172413215041 43.1034490466118 0
         vertex 15.5172413215041 46.5517230331898 0
      endloop
   endfacet
   facet normal 0 0 -1
      outer loop
         vertex 18.2670503854752 46.543687582016 0
         vertex 15.5172413215041 46.5517230331898 0
         vertex 13.5420234873891 48.1312125921249 0
      endloop
   endfacet
   facet normal 0 0 -1
      outer loop
         vertex 13.5420234873891 48.1312125921249 0
         vertex 15.5172413215041 46.5517230331898 0
         vertex 12.068965472281 46.5517230331898 0
      endloop
   endfacet
   facet normal 0 0 -1
      outer loop
         vertex 13.5420234873891 48.1312125921249 0
         vertex 12.068965472281 46.5517230331898 0
         vertex 8.68240930140018 49.2403879761696 0
      endloop
   endfacet
   facet normal 0 0 -1
      outer loop
         vertex 8.68240930140018 49.2403879761696 0
         vertex 12.068965472281 46.5517230331898 0
         vertex 8.62068962305784 46.5517230331898 0
      endloop
   endfacet
   facet normal 0 0 -1
      outer loop
         vertex 8.68240930140018 49.2403879761696 0
         vertex 8.62068962305784 46.5517230331898 0
         vertex 5.17241377383471 46.5517230331898 0
      endloop
   endfacet
   facet normal 0 0 -1
      outer loop
         vertex 5.17241377383471 46.5517230331898 0
         vertex 8.62068962305784 46.5517230331898 0
         vertex 5.17241377383471 43.1034490466118 0
      endloop
   endfacet
   facet normal 0 0 -1
      outer loop
         vertex 5.17241377383471 46.5517230331898 0
         vertex 5.17241377383471 43.1034490466118 0
         vertex 1.72413792461157 43.1034490466118 0
      endloop
   endfacet
   facet normal 0 0 -1
      outer loop
         vertex 1.72413792461157 43.1034490466118 0
         vertex 5.17241377383471 43.1034490466118 0
         vertex 1.72413792461157 39.6551713347435 0
      endloop
   endfacet
   facet normal 0 0 -1
      outer loop
         vertex 1.72413792461157 43.1034490466118 0
         vertex 1.72413792461157 39.6551713347435 0
         vertex -1.72413792461157 39.6551713347435 0
      endloop
   endfacet
   facet normal 0 0 -1
      outer loop
         vertex -1.72413792461157 39.6551713347435 0
         vertex 1.72413792461157 39.6551713347435 0
         vertex -1.72413792461157 36.2068973481655 0
      endloop
   endfacet
   facet normal 0 0 -1
      outer loop
         vertex -1.72413792461157 39.6551713347435 0
         vertex -1.72413792461157 36.2068973481655 0
         vertex -5.17241377383471 36.2068973481655 0
      endloop
   endfacet
   facet normal 0 0 -1
      outer loop
         vertex -5.17241377383471 36.2068973481655 0
         vertex -1.72413792461157 36.2068973481655 0
         vertex -5.17241377383471 32.7586196362972 0
      endloop
   endfacet
   facet normal 0 0 -1
      outer loop
         vertex -5.17241377383471 36.2068973481655 0
         vertex -5.17241377383471 32.7586196362972 0
         vertex -8.62068962305784 32.7586196362972 0
      endloop
   endfacet
   facet normal 0 0 -1
      outer loop
         vertex -8.62068962305784 32.7586196362972 0
         vertex -5.17241377383471 32.7586196362972 0
         vertex -8.62068962305784 29.3103456497192 0
      endloop
   endfacet
   facet normal 0 0 -1
      outer loop
         vertex -8.62068962305784 32.7586196362972 0
         vertex -8.62068962305784 29.3103456497192 0
         vertex -12.068965472281 29.3103456497192 0
      endloop
   endfacet
   facet normal 0 0 -1
      outer loop
         vertex -12.068965472281 29.3103456497192 0
         vertex -8.62068962305784 29.3103456497192 0
         vertex -12.068965472281 25.8620698004961 0
      endloop
   endfacet
   facet normal 0 0 -1
      outer loop
         vertex -12.068965472281 29.3103456497192 0
         vertex -12.068965472281 25.8620698004961 0
         vertex -15.5172413215041 25.8620698004961 0
      endloop
   endfacet
   facet normal 0 0 -1
      outer loop
         vertex -15.5172413215041 25.8620698004961 0
         vertex -12.068965472281 25.8620698004961 0
         vertex -15.5172413215041 22.413793951273 0
      endloop
   endfacet
   facet normal 0 0 -1
      outer loop
         vertex -15.5172413215041 25.8620698004961 0
         vertex -15.5172413215041 22.413793951273 0
         vertex -18.9655181020498 22.413793951273 0
      endloop
   endfacet
   facet normal 0 0 -1
      outer loop
         vertex -18.9655181020498 22.413793951273 0
         vertex -15.5172413215041 22.413793951273 0
         vertex -18.9655181020498 18.9655181020498 0
      endloop
   endfacet
   facet normal 0 0 -1
      outer loop
         vertex -18.9655181020498 22.413793951273 0
         vertex -18.9655181020498 18.9655181020498 0
         vertex -22.413793951273 18.9655181020498 0
      endloop
   endfacet
   facet normal 0 0 -1
      outer loop
         vertex -22.413793951273 18.9655181020498 0
         vertex -18.9655181020498 18.9655181020498 0
         vertex -22.413793951273 15.5172413215041 0
      endloop
   endfacet
   facet normal 0 0 -1
      outer loop
         vertex -22.413793951273 18.9655181020498 0
         vertex -22.413793951273 15.5172413215041 0
         vertex -25.8620698004961 15.5172413215041 0
      endloop
   endfacet
   facet normal 0 0 -1
      outer loop
         vertex -25.8620698004961 15.5172413215041 0
         vertex -22.413793951273 15.5172413215041 0
         vertex -25.8620698004961 12.068965472281 0
      endloop
   endfacet
   facet normal 0 0 -1
      outer loop
         vertex -25.8620698004961 15.5172413215041 0
         vertex -25.8620698004961 12.068965472281 0
         vertex -29.3103456497192 12.068965472281 0
      endloop
   endfacet
   facet normal 0 0 -1
      outer loop
         vertex -29.3103456497192 12.068965472281 0
         vertex -25.8620698004961 12.068965472281 0
         vertex -29.3103456497192 8.62068962305784 0
      endloop
   endfacet
   facet normal 0 0 -1
      outer loop
         vertex -29.3103456497192 12.068965472281 0
         vertex -29.3103456497192 8.62068962305784 0
         vertex -32.7586196362972 8.62068962305784 0
      endloop
   endfacet
   facet normal 0 0 -1
      outer loop
         vertex -32.7586196362972 8.62068962305784 0
         vertex -29.3103456497192 8.62068962305784 0
         vertex -32.7586196362972 5.17241377383471 0
      endloop
   endfacet
   facet normal 0 0 -1
      outer loop
         vertex -32.7586196362972 8.62068962305784 0
         vertex -32.7586196362972 5.17241377383471 0
         vertex -36.2068973481655 5.17241377383471 0
      endloop
   endfacet
   facet normal 0 0 -1
      outer loop
         vertex -36.2068973481655 5.17241377383471 0
         vertex -32.7586196362972 5.17241377383471 0
         vertex -36.2068973481655 1.72413792461157 0
      endloop
   endfacet
   facet normal 0 0 -1
      outer loop
         vertex -36.2068973481655 5.17241377383471 0
         vertex -36.2068973481655 1.72413792461157 0
         vertex -39.6551713347435 1.72413792461157 0
      endloop
   endfacet
   facet normal 0 0 -1
      outer loop
         vertex -39.6551713347435 1.72413792461157 0
         vertex -36.2068973481655 1.72413792461157 0
         vertex -39.6551713347435 -1.72413792461157 0
      endloop
   endfacet
   facet normal 0 0 -1
      outer loop
         vertex -39.6551713347435 1.72413792461157 0
         vertex -39.6551713347435 -1.72413792461157 0
         vertex -43.1034490466118 -1.72413792461157 0
      endloop
   endfacet
   facet normal 0 0 -1
      outer loop
         vertex -43.1034490466118 -1.72413792461157 0
         vertex -39.6551713347435 -1.72413792461157 0
         vertex -43.1034490466118 -5.17241377383471 0
      endloop
   endfacet
   facet normal 0 0 -1
      outer loop
         vertex 32.7586196362972 -22.413793951273 0
         vertex 29.3103456497192 -22.413793951273 0
         vertex 32.7586196362972 -18.9655181020498 0
      endloop
   endfacet
   facet normal 0 0 -1
      outer loop
         vertex 32.7586196362972 -18.9655181020498 0
         vertex 29.3103456497192 -22.413793951273 0
         vertex 29.3103456497192 -18.9655181020498 0
      endloop
   endfacet
   facet normal 0 0 -1
      outer loop
         vertex 32.7586196362972 -18.9655181020498 0
         vertex 29.3103456497192 -18.9655181020498 0
         vertex 32.7586196362972 -15.5172413215041 0
      endloop
   endfacet
   facet normal 0 0 -1
      outer loop
         vertex 32.7586196362972 -15.5172413215041 0
         vertex 29.3103456497192 -18.9655181020498 0
         vertex 29.3103456497192 -15.5172413215041 0
      endloop
   endfacet
   facet normal 0 0 -1
      outer loop
         vertex 32.7586196362972 -15.5172413215041 0
         vertex 29.3103456497192 -15.5172413215041 0
         vertex 32.7586196362972 -12.068965472281 0
      endloop
   endfacet
   facet normal 0 0 -1
      outer loop
         vertex 32.7586196362972 -12.068965472281 0
         vertex 29.3103456497192 -15.5172413215041 0
         vertex 29.3103456497192 -12.068965472281 0
      endloop
   endfacet
   facet normal 0 0 -1
      outer loop
         vertex 32.7586196362972 -12.068965472281 0
         vertex 29.3103456497192 -12.068965472281 0
         vertex 32.7586196362972 -8.62068962305784 0
      endloop
   endfacet
   facet normal 0 0 -1
      outer loop
         vertex 32.7586196362972 -8.62068962305784 0
         vertex 29.3103456497192 -12.068965472281 0
         vertex 29.3103456497192 -8.62068962305784 0
      endloop
   endfacet
   facet normal 0 0 -1
      outer loop
         vertex 32.7586196362972 -8.62068962305784 0
         vertex 29.3103456497192 -8.62068962305784 0
         vertex 32.7586196362972 -5.17241377383471 0
      endloop
   endfacet
   facet normal 0 0 -1
      outer loop
         vertex 32.7586196362972 -5.17241377383471 0
         vertex 29.3103456497192 -8.62068962305784 0
         vertex 29.3103456497192 -5.17241377383471 0
      endloop
   endfacet
   facet normal 0 0 -1
      outer loop
         vertex 32.7586196362972 -5.17241377383471 0
         vertex 29.3103456497192 -5.17241377383471 0
         vertex 32.7586196362972 -1.72413792461157 0
      endloop
   endfacet
   facet normal 0 0 -1
      outer loop
         vertex 32.7586196362972 -1.72413792461157 0
         vertex 29.3103456497192 -5.17241377383471 0
         vertex 29.3103456497192 -1.72413792461157 0
      endloop
   endfacet
   facet normal 0 0 -1
      outer loop
         vertex 32.7586196362972 -1.72413792461157 0
         vertex 29.3103456497192 -1.72413792461157 0
         vertex 32.7586196362972 1.72413792461157 0
      endloop
   endfacet
   facet normal 0 0 -1
      outer loop
         vertex 32.7586196362972 1.72413792461157 0
         vertex 29.3103456497192 -1.72413792461157 0
         vertex 29.3103456497192 1.72413792461157 0
      endloop
   endfacet
   facet normal 0 0 -1
      outer loop
         vertex 32.7586196362972 1.72413792461157 0
         vertex 29.3103456497192 1.72413792461157 0
         vertex 32.7586196362972 5.17241377383471 0
      endloop
   endfacet
   facet normal 0 0 -1
      outer loop
         vertex 32.7586196362972 5.17241377383471 0
         vertex 29.3103456497192 1.72413792461157 0
         vertex 29.3103456497192 5.17241377383471 0
      endloop
   endfacet
   facet normal 0 0 -1
      outer loop
         vertex 32.7586196362972 5.17241377383471 0
         vertex 29.3103456497192 5.17241377383471 0
         vertex 32.7586196362972 8.62068962305784 0
      endloop
   endfacet
   facet normal 0 0 -1
      outer loop
         vertex 32.7586196362972 8.62068962305784 0
         vertex 29.3103456497192 5.17241377383471 0
         vertex 29.3103456497192 8.62068962305784 0
      endloop
   endfacet
   facet normal 0 0 -1
      outer loop
         vertex 32.7586196362972 8.62068962305784 0
         vertex 29.3103456497192 8.62068962305784 0
         vertex 32.7586196362972 12.068965472281 0
      endloop
   endfacet
   facet normal 0 0 -1
      outer loop
         vertex 32.7586196362972 12.068965472281 0
         vertex 29.3103456497192 8.62068962305784 0
         vertex 29.3103456497192 12.068965472281 0
      endloop
   endfacet
   facet normal 0 0 -1
      outer loop
         vertex 32.7586196362972 12.068965472281 0
         vertex 29.3103456497192 12.068965472281 0
         vertex 32.7586196362972 15.5172413215041 0
      endloop
   endfacet
   facet normal 0 0 -1
      outer loop
         vertex 32.7586196362972 15.5172413215041 0
         vertex 29.3103456497192 12.068965472281 0
         vertex 29.3103456497192 15.5172413215041 0
      endloop
   endfacet
   facet normal 0 0 -1
      outer loop
         vertex 32.7586196362972 15.5172413215041 0
         vertex 29.3103456497192 15.5172413215041 0
         vertex 32.7586196362972 18.9655181020498 0
      endloop
   endfacet
   facet normal 0 0 -1
      outer loop
         vertex 32.7586196362972 18.9655181020498 0
         vertex 29.3103456497192 15.5172413215041 0
         vertex 29.3103456497192 18.9655181020498 0
      endloop
   endfacet
   facet normal 0 0 -1
      outer loop
         vertex 32.7586196362972 18.9655181020498 0
         vertex 29.3103456497192 18.9655181020498 0
         vertex 32.7586196362972 22.413793951273 0
      endloop
   endfacet
   facet normal 0 0 -1
      outer loop
         vertex 32.7586196362972 22.413793951273 0
         vertex 29.3103456497192 18.9655181020498 0
         vertex 29.3103456497192 22.413793951273 0
      endloop
   endfacet
   facet normal 0 0 -1
      outer loop
         vertex 32.7586196362972 22.413793951273 0
         vertex 29.3103456497192 22.413793951273 0
         vertex 32.7586196362972 25.8620698004961 0
      endloop
   endfacet
   facet normal 0 0 -1
      outer loop
         vertex 32.7586196362972 25.8620698004961 0
         vertex 29.3103456497192 22.413793951273 0
         vertex 29.3103456497192 25.8620698004961 0
      endloop
   endfacet
   facet normal 0 0 -1
      outer loop
         vertex 32.7586196362972 25.8620698004961 0
         vertex 29.3103456497192 25.8620698004961 0
         vertex 32.7586196362972 29.3103456497192 0
      endloop
   endfacet
   facet normal 0 0 -1
      outer loop
         vertex 32.7586196362972 29.3103456497192 0
         vertex 29.3103456497192 25.8620698004961 0
         vertex 29.3103456497192 29.3103456497192 0
      endloop
   endfacet
   facet normal 0 0 -1
      outer loop
         vertex 32.7586196362972 29.3103456497192 0
         vertex 29.3103456497192 29.3103456497192 0
         vertex 32.7586196362972 32.7586196362972 0
      endloop
   endfacet
   facet normal 0 0 -1
      outer loop
         vertex 32.7586196362972 32.7586196362972 0
         vertex 29.3103456497192 29.3103456497192 0
         vertex 29.3103456497192 32.7586196362972 0
      endloop
   endfacet
   facet normal 0 0 -1
      outer loop
         vertex 32.7586196362972 32.7586196362972 0
         vertex 29.3103456497192 32.7586196362972 0
         vertex 32.7586196362972 36.2068973481655 0
      endloop
   endfacet
   facet normal 0 0 -1
      outer loop
         vertex 32.7586196362972 36.2068973481655 0
         vertex 29.3103456497192 32.7586196362972 0
         vertex 29.3103456497192 36.2068973481655 0
      endloop
   endfacet
   facet normal 0 0 -1
      outer loop
         vertex 32.7586196362972 36.2068973481655 0
         vertex 29.3103456497192 36.2068973481655 0
         vertex 31.1744902282953 39.0915758907795 0
      endloop
   endfacet
   facet normal 0 0 -1
      outer loop
         vertex 31.1744902282953 39.0915758907795 0
         vertex 29.3103456497192 36.2068973481655 0
         vertex 29.3103456497192 39.6551713347435 0
      endloop
   endfacet
   facet normal 0 0 -1
      outer loop
         vertex 31.1744902282953 39.0915758907795 0
         vertex 29.3103456497192 39.6551713347435 0
         vertex 27.1273124963045 42.0012958347797 0
      endloop
   endfacet
   facet normal 0 0 -1
      outer loop
         vertex 27.1273124963045 42.0012958347797 0
         vertex 29.3103456497192 39.6551713347435 0
         vertex 25.8620698004961 39.6551713347435 0
      endloop
   endfacet
   facet normal 0 0 -1
      outer loop
         vertex 27.1273124963045 42.0012958347797 0
         vertex 25.8620698004961 39.6551713347435 0
         vertex 22.413793951273 43.1034490466118 0
      endloop
   endfacet
   facet normal 0 0 -1
      outer loop
         vertex 22.413793951273 43.1034490466118 0
         vertex 25.8620698004961 39.6551713347435 0
         vertex 22.413793951273 39.6551713347435 0
      endloop
   endfacet
   facet normal 0 0 -1
      outer loop
         vertex 22.413793951273 43.1034490466118 0
         vertex 22.413793951273 39.6551713347435 0
         vertex 18.9655181020498 39.6551713347435 0
      endloop
   endfacet
   facet normal 0 0 -1
      outer loop
         vertex 18.9655181020498 39.6551713347435 0
         vertex 22.413793951273 39.6551713347435 0
         vertex 18.9655181020498 36.2068973481655 0
      endloop
   endfacet
   facet normal 0 0 -1
      outer loop
         vertex 31.1744902282953 39.0915758907795 0
         vertex 34.9118411540985 35.7933416962624 0
         vertex 32.7586196362972 36.2068973481655 0
      endloop
   endfacet
   facet normal 0 0 -1
      outer loop
         vertex 32.7586196362972 36.2068973481655 0
         vertex 34.9118411540985 35.7933416962624 0
         vertex 32.7586196362972 32.7586196362972 0
      endloop
   endfacet
   facet normal 0 0 -1
      outer loop
         vertex 32.7586196362972 32.7586196362972 0
         vertex 34.9118411540985 35.7933416962624 0
         vertex 36.2068973481655 32.7586196362972 0
      endloop
   endfacet
   facet normal 0 0 -1
      outer loop
         vertex 36.2068973481655 32.7586196362972 0
         vertex 34.9118411540985 35.7933416962624 0
         vertex 38.3022204041481 32.1393795311451 0
      endloop
   endfacet
   facet normal 0 0 -1
      outer loop
         vertex 36.2068973481655 32.7586196362972 0
         vertex 38.3022204041481 32.1393795311451 0
         vertex 36.2068973481655 29.3103456497192 0
      endloop
   endfacet
   facet normal 0 0 -1
      outer loop
         vertex 36.2068973481655 29.3103456497192 0
         vertex 38.3022204041481 32.1393795311451 0
         vertex 39.6551713347435 29.3103456497192 0
      endloop
   endfacet
   facet normal 0 0 -1
      outer loop
         vertex 36.2068973481655 29.3103456497192 0
         vertex 39.6551713347435 29.3103456497192 0
         vertex 36.2068973481655 25.8620698004961 0
      endloop
   endfacet
   facet normal 0 0 -1
      outer loop
         vertex 36.2068973481655 25.8620698004961 0
         vertex 39.6551713347435 29.3103456497192 0
         vertex 39.6551713347435 25.8620698004961 0
      endloop
   endfacet
   facet normal 0 0 -1
      outer loop
         vertex 36.2068973481655 25.8620698004961 0
         vertex 39.6551713347435 25.8620698004961 0
         vertex 36.2068973481655 22.413793951273 0
      endloop
   endfacet
   facet normal 0 0 -1
      outer loop
         vertex 36.2068973481655 22.413793951273 0
         vertex 39.6551713347435 25.8620698004961 0
         vertex 39.6551713347435 22.413793951273 0
      endloop
   endfacet
   facet normal 0 0 -1
      outer loop
         vertex 36.2068973481655 22.413793951273 0
         vertex 39.6551713347435 22.413793951273 0
         vertex 36.2068973481655 18.9655181020498 0
      endloop
   endfacet
   facet normal 0 0 -1
      outer loop
         vertex 36.2068973481655 18.9655181020498 0
         vertex 39.6551713347435 22.413793951273 0
         vertex 39.6551713347435 18.9655181020498 0
      endloop
   endfacet
   facet normal 0 0 -1
      outer loop
         vertex 36.2068973481655 18.9655181020498 0
         vertex 39.6551713347435 18.9655181020498 0
         vertex 36.2068973481655 15.5172413215041 0
      endloop
   endfacet
   facet normal 0 0 -1
      outer loop
         vertex 36.2068973481655 15.5172413215041 0
         vertex 39.6551713347435 18.9655181020498 0
         vertex 39.6551713347435 15.5172413215041 0
      endloop
   endfacet
   facet normal 0 0 -1
      outer loop
         vertex 36.2068973481655 15.5172413215041 0
         vertex 39.6551713347435 15.5172413215041 0
         vertex 36.2068973481655 12.068965472281 0
      endloop
   endfacet
   facet normal 0 0 -1
      outer loop
         vertex 36.2068973481655 12.068965472281 0
         vertex 39.6551713347435 15.5172413215041 0
         vertex 39.6551713347435 12.068965472281 0
      endloop
   endfacet
   facet normal 0 0 -1
      outer loop
         vertex 36.2068973481655 12.068965472281 0
         vertex 39.6551713347435 12.068965472281 0
         vertex 36.2068973481655 8.62068962305784 0
      endloop
   endfacet
   facet normal 0 0 -1
      outer loop
         vertex 36.2068973481655 8.62068962305784 0
         vertex 39.6551713347435 12.068965472281 0
         vertex 39.6551713347435 8.62068962305784 0
      endloop
   endfacet
   facet normal 0 0 -1
      outer loop
         vertex 36.2068973481655 8.62068962305784 0
         vertex 39.6551713347435 8.62068962305784 0
         vertex 36.2068973481655 5.17241377383471 0
      endloop
   endfacet
   facet normal 0 0 -1
      outer loop
         vertex 36.2068973481655 5.17241377383471 0
         vertex 39.6551713347435 8.62068962305784 0
         vertex 39.6551713347435 5.17241377383471 0
      endloop
   endfacet
   facet normal 0 0 -1
      outer loop
         vertex 36.2068973481655 5.17241377383471 0
         vertex 39.6551713347435 5.17241377383471 0
         vertex 36.2068973481655 1.72413792461157 0
      endloop
   endfacet
   facet normal 0 0 -1
      outer loop
         vertex 36.2068973481655 1.72413792461157 0
         vertex 39.6551713347435 5.17241377383471 0
         vertex 39.6551713347435 1.72413792461157 0
      endloop
   endfacet
   facet normal 0 0 -1
      outer loop
         vertex 36.2068973481655 1.72413792461157 0
         vertex 39.6551713347435 1.72413792461157 0
         vertex 36.2068973481655 -1.72413792461157 0
      endloop
   endfacet
   facet normal 0 0 -1
      outer loop
         vertex 36.2068973481655 -1.72413792461157 0
         vertex 39.6551713347435 1.72413792461157 0
         vertex 39.6551713347435 -1.72413792461157 0
      endloop
   endfacet
   facet normal 0 0 -1
      outer loop
         vertex 36.2068973481655 -1.72413792461157 0
         vertex 39.6551713347435 -1.72413792461157 0
         vertex 36.2068973481655 -5.17241377383471 0
      endloop
   endfacet
   facet normal 0 0 -1
      outer loop
         vertex 36.2068973481655 -5.17241377383471 0
         vertex 39.6551713347435 -1.72413792461157 0
         vertex 39.6551713347435 -5.17241377383471 0
      endloop
   endfacet
   facet normal 0 0 -1
      outer loop
         vertex 36.2068973481655 -5.17241377383471 0
         vertex 39.6551713347435 -5.17241377383471 0
         vertex 36.2068973481655 -8.62068962305784 0
      endloop
   endfacet
   facet normal 0 0 -1
      outer loop
         vertex 36.2068973481655 -8.62068962305784 0
         vertex 39.6551713347435 -5.17241377383471 0
         vertex 39.6551713347435 -8.62068962305784 0
      endloop
   endfacet
   facet normal 0 0 -1
      outer loop
         vertex 36.2068973481655 -8.62068962305784 0
         vertex 39.6551713347435 -8.62068962305784 0
         vertex 36.2068973481655 -12.068965472281 0
      endloop
   endfacet
   facet normal 0 0 -1
      outer loop
         vertex 36.2068973481655 -12.068965472281 0
         vertex 39.6551713347435 -8.62068962305784 0
         vertex 39.6551713347435 -12.068965472281 0
      endloop
   endfacet
   facet normal 0 0 -1
      outer loop
         vertex 36.2068973481655 -12.068965472281 0
         vertex 39.6551713347435 -12.068965472281 0
         vertex 36.2068973481655 -15.5172413215041 0
      endloop
   endfacet
   facet normal 0 0 -1
      outer loop
         vertex 36.2068973481655 -15.5172413215041 0
         vertex 39.6551713347435 -12.068965472281 0
         vertex 39.6551713347435 -15.5172413215041 0
      endloop
   endfacet
   facet normal 0 0 -1
      outer loop
         vertex 36.2068973481655 -15.5172413215041 0
         vertex 39.6551713347435 -15.5172413215041 0
         vertex 36.2068973481655 -18.9655181020498 0
      endloop
   endfacet
   facet normal 0 0 -1
      outer loop
         vertex 36.2068973481655 -18.9655181020498 0
         vertex 39.6551713347435 -15.5172413215041 0
         vertex 39.6551713347435 -18.9655181020498 0
      endloop
   endfacet
   facet normal 0 0 -1
      outer loop
         vertex 36.2068973481655 -18.9655181020498 0
         vertex 39.6551713347435 -18.9655181020498 0
         vertex 36.2068973481655 -22.413793951273 0
      endloop
   endfacet
   facet normal 0 0 -1
      outer loop
         vertex 36.2068973481655 -22.413793951273 0
         vertex 39.6551713347435 -18.9655181020498 0
         vertex 39.6551713347435 -22.413793951273 0
      endloop
   endfacet
   facet normal 0 0 -1
      outer loop
         vertex 38.3022204041481 32.1393795311451 0
         vertex 41.31193831563 28.1660035252571 0
         vertex 39.6551713347435 29.3103456497192 0
      endloop
   endfacet
   facet normal 0 0 -1
      outer loop
         vertex 39.6551713347435 29.3103456497192 0
         vertex 41.31193831563 28.1660035252571 0
         vertex 39.6551713347435 25.8620698004961 0
      endloop
   endfacet
   facet normal 0 0 -1
      outer loop
         vertex 39.6551713347435 -5.17241377383471 0
         vertex 39.6551713347435 -1.72413792461157 0
         vertex 43.1034490466118 -1.72413792461157 0
      endloop
   endfacet
   facet normal 0 0 -1
      outer loop
         vertex 43.1034490466118 -1.72413792461157 0
         vertex 39.6551713347435 -1.72413792461157 0
         vertex 43.1034490466118 1.72413792461157 0
      endloop
   endfacet
   facet normal 0 0 -1
      outer loop
         vertex 43.1034490466118 -1.72413792461157 0
         vertex 43.1034490466118 1.72413792461157 0
         vertex 46.5517230331898 1.72413792461157 0
      endloop
   endfacet
   facet normal 0 0 -1
      outer loop
         vertex 46.5517230331898 1.72413792461157 0
         vertex 43.1034490466118 1.72413792461157 0
         vertex 46.5517230331898 5.17241377383471 0
      endloop
   endfacet
   facet normal 0 0 -1
      outer loop
         vertex 46.5517230331898 1.72413792461157 0
         vertex 46.5517230331898 5.17241377383471 0
         vertex 49.7515387833118 4.97839227318764 0
      endloop
   endfacet
   facet normal 0 0 -1
      outer loop
         vertex 49.7515387833118 4.97839227318764 0
         vertex 46.5517230331898 5.17241377383471 0
         vertex 46.5517230331898 8.62068962305784 0
      endloop
   endfacet
   facet normal 0 0 -1
      outer loop
         vertex 49.7515387833118 4.97839227318764 0
         vertex 46.5517230331898 8.62068962305784 0
         vertex 49.0086227655411 9.90730710327625 0
      endloop
   endfacet
   facet normal 0 0 -1
      outer loop
         vertex 49.0086227655411 9.90730710327625 0
         vertex 46.5517230331898 8.62068962305784 0
         vertex 46.5517230331898 12.068965472281 0
      endloop
   endfacet
   facet normal 0 0 -1
      outer loop
         vertex 49.0086227655411 9.90730710327625 0
         vertex 46.5517230331898 12.068965472281 0
         vertex 47.7786399424076 14.7377587854862 0
      endloop
   endfacet
   facet normal 0 0 -1
      outer loop
         vertex 47.7786399424076 14.7377587854862 0
         vertex 46.5517230331898 12.068965472281 0
         vertex 46.5517230331898 15.5172413215041 0
      endloop
   endfacet
   facet normal 0 0 -1
      outer loop
         vertex 47.7786399424076 14.7377587854862 0
         vertex 46.5517230331898 15.5172413215041 0
         vertex 46.0738092660904 19.4217395037413 0
      endloop
   endfacet
   facet normal 0 0 -1
      outer loop
         vertex 46.0738092660904 19.4217395037413 0
         vertex 46.5517230331898 15.5172413215041 0
         vertex 43.1034490466118 18.9655181020498 0
      endloop
   endfacet
   facet normal 0 0 -1
      outer loop
         vertex 46.0738092660904 19.4217395037413 0
         vertex 43.1034490466118 18.9655181020498 0
         vertex 43.1034490466118 22.413793951273 0
      endloop
   endfacet
   facet normal 0 0 -1
      outer loop
         vertex 43.1034490466118 22.413793951273 0
         vertex 43.1034490466118 18.9655181020498 0
         vertex 39.6551713347435 18.9655181020498 0
      endloop
   endfacet
   facet normal 0 0 -1
      outer loop
         vertex 43.1034490466118 22.413793951273 0
         vertex 39.6551713347435 18.9655181020498 0
         vertex 39.6551713347435 22.413793951273 0
      endloop
   endfacet
   facet normal 0 0 -1
      outer loop
         vertex -39.8566238582134 -30.1902201026678 0
         vertex -42.6645427942276 -26.0717608034611 0
         vertex -39.6551713347435 -29.3103456497192 0
      endloop
   endfacet
   facet normal 0 0 -1
      outer loop
         vertex -39.6551713347435 -29.3103456497192 0
         vertex -42.6645427942276 -26.0717608034611 0
         vertex -39.6551713347435 -25.8620698004961 0
      endloop
   endfacet
   facet normal 0 0 -1
      outer loop
         vertex -39.6551713347435 -29.3103456497192 0
         vertex -39.6551713347435 -25.8620698004961 0
         vertex -36.2068973481655 -25.8620698004961 0
      endloop
   endfacet
   facet normal 0 0 -1
      outer loop
         vertex -46.5517230331898 -12.068965472281 0
         vertex -46.5517230331898 -15.5172413215041 0
         vertex -48.453863710165 -12.33786996454 0
      endloop
   endfacet
   facet normal 0 0 -1
      outer loop
         vertex -48.453863710165 -12.33786996454 0
         vertex -46.5517230331898 -15.5172413215041 0
         vertex -46.9846315681934 -17.1010065823793 0
      endloop
   endfacet
   facet normal 0 0 -1
      outer loop
         vertex 49.0086227655411 -9.90730710327625 0
         vertex 47.7786399424076 -14.7377587854862 0
         vertex 46.5517230331898 -12.068965472281 0
      endloop
   endfacet
   facet normal 0 0 -1
      outer loop
         vertex 46.5517230331898 -12.068965472281 0
         vertex 47.7786399424076 -14.7377587854862 0
         vertex 46.5517230331898 -15.5172413215041 0
      endloop
   endfacet
   facet normal 0 0 -1
      outer loop
         vertex 46.5517230331898 -12.068965472281 0
         vertex 46.5517230331898 -15.5172413215041 0
         vertex 43.1034490466118 -15.5172413215041 0
      endloop
   endfacet
   facet normal 0 0 -1
      outer loop
         vertex 43.1034490466118 -15.5172413215041 0
         vertex 46.5517230331898 -15.5172413215041 0
         vertex 43.1034490466118 -18.9655181020498 0
      endloop
   endfacet
   facet normal 0 0 -1
      outer loop
         vertex 43.1034490466118 -15.5172413215041 0
         vertex 43.1034490466118 -18.9655181020498 0
         vertex 39.6551713347435 -18.9655181020498 0
      endloop
   endfacet
   facet normal 0 0 -1
      outer loop
         vertex 39.6551713347435 -18.9655181020498 0
         vertex 43.1034490466118 -18.9655181020498 0
         vertex 39.6551713347435 -22.413793951273 0
      endloop
   endfacet
   facet normal 0 0 -1
      outer loop
         vertex 49.7515387833118 -4.97839227318764 0
         vertex 49.0086227655411 -9.90730710327625 0
         vertex 46.5517230331898 -8.62068962305784 0
      endloop
   endfacet
   facet normal 0 0 -1
      outer loop
         vertex 46.5517230331898 -8.62068962305784 0
         vertex 49.0086227655411 -9.90730710327625 0
         vertex 46.5517230331898 -12.068965472281 0
      endloop
   endfacet
   facet normal 0 0 -1
      outer loop
         vertex 46.5517230331898 -8.62068962305784 0
         vertex 46.5517230331898 -12.068965472281 0
         vertex 43.1034490466118 -12.068965472281 0
      endloop
   endfacet
   facet normal 0 0 -1
      outer loop
         vertex 43.1034490466118 -12.068965472281 0
         vertex 46.5517230331898 -12.068965472281 0
         vertex 43.1034490466118 -15.5172413215041 0
      endloop
   endfacet
   facet normal 0 0 -1
      outer loop
         vertex 43.1034490466118 -12.068965472281 0
         vertex 43.1034490466118 -15.5172413215041 0
         vertex 39.6551713347435 -15.5172413215041 0
      endloop
   endfacet
   facet normal 0 0 -1
      outer loop
         vertex 39.6551713347435 -15.5172413215041 0
         vertex 43.1034490466118 -15.5172413215041 0
         vertex 39.6551713347435 -18.9655181020498 0
      endloop
   endfacet
   facet normal 0 0 -1
      outer loop
         vertex -46.5517230331898 -5.17241377383471 0
         vertex -46.5517230331898 -8.62068962305784 0
         vertex -49.4415424764156 -7.45211308822036 0
      endloop
   endfacet
   facet normal 0 0 -1
      outer loop
         vertex -49.4415424764156 -7.45211308822036 0
         vertex -46.5517230331898 -8.62068962305784 0
         vertex -48.453863710165 -12.33786996454 0
      endloop
   endfacet
   facet normal 0 0 -1
      outer loop
         vertex -46.5517230331898 -1.72413792461157 0
         vertex -46.5517230331898 -5.17241377383471 0
         vertex -49.9378442764282 -2.49229418113828 0
      endloop
   endfacet
   facet normal 0 0 -1
      outer loop
         vertex -49.9378442764282 -2.49229418113828 0
         vertex -46.5517230331898 -5.17241377383471 0
         vertex -49.4415424764156 -7.45211308822036 0
      endloop
   endfacet
   facet normal 0 0 -1
      outer loop
         vertex 50.0000007450581 0 0
         vertex 49.7515387833118 -4.97839227318764 0
         vertex 46.5517230331898 -1.72413792461157 0
      endloop
   endfacet
   facet normal 0 0 -1
      outer loop
         vertex 46.5517230331898 -1.72413792461157 0
         vertex 49.7515387833118 -4.97839227318764 0
         vertex 46.5517230331898 -5.17241377383471 0
      endloop
   endfacet
   facet normal 0 0 -1
      outer loop
         vertex 46.5517230331898 -1.72413792461157 0
         vertex 46.5517230331898 -5.17241377383471 0
         vertex 43.1034490466118 -5.17241377383471 0
      endloop
   endfacet
   facet normal 0 0 -1
      outer loop
         vertex 43.1034490466118 -5.17241377383471 0
         vertex 46.5517230331898 -5.17241377383471 0
         vertex 43.1034490466118 -8.62068962305784 0
      endloop
   endfacet
   facet normal 0 0 -1
      outer loop
         vertex 43.1034490466118 -5.17241377383471 0
         vertex 43.1034490466118 -8.62068962305784 0
         vertex 39.6551713347435 -8.62068962305784 0
      endloop
   endfacet
   facet normal 0 0 -1
      outer loop
         vertex 39.6551713347435 -8.62068962305784 0
         vertex 43.1034490466118 -8.62068962305784 0
         vertex 39.6551713347435 -12.068965472281 0
      endloop
   endfacet
   facet normal 0 0 -1
      outer loop
         vertex 49.7515387833118 4.97839227318764 0
         vertex 50.0000007450581 0 0
         vertex 46.5517230331898 1.72413792461157 0
      endloop
   endfacet
   facet normal 0 0 -1
      outer loop
         vertex 46.5517230331898 1.72413792461157 0
         vertex 50.0000007450581 0 0
         vertex 46.5517230331898 -1.72413792461157 0
      endloop
   endfacet
   facet normal 0 0 -1
      outer loop
         vertex 46.5517230331898 1.72413792461157 0
         vertex 46.5517230331898 -1.72413792461157 0
         vertex 43.1034490466118 -1.72413792461157 0
      endloop
   endfacet
   facet normal 0 0 -1
      outer loop
         vertex 43.1034490466118 -1.72413792461157 0
         vertex 46.5517230331898 -1.72413792461157 0
         vertex 43.1034490466118 -5.17241377383471 0
      endloop
   endfacet
   facet normal 0 0 -1
      outer loop
         vertex 43.1034490466118 -1.72413792461157 0
         vertex 43.1034490466118 -5.17241377383471 0
         vertex 39.6551713347435 -5.17241377383471 0
      endloop
   endfacet
   facet normal 0 0 -1
      outer loop
         vertex 39.6551713347435 -5.17241377383471 0
         vertex 43.1034490466118 -5.17241377383471 0
         vertex 39.6551713347435 -8.62068962305784 0
      endloop
   endfacet
   facet normal 0 0 -1
      outer loop
         vertex -46.5517230331898 5.17241377383471 0
         vertex -46.5517230331898 1.72413792461157 0
         vertex -49.9378442764282 2.49229418113828 0
      endloop
   endfacet
   facet normal 0 0 -1
      outer loop
         vertex -49.9378442764282 2.49229418113828 0
         vertex -46.5517230331898 1.72413792461157 0
         vertex -46.5517230331898 -1.72413792461157 0
      endloop
   endfacet
   facet normal 0 0 -1
      outer loop
         vertex -49.9378442764282 2.49229418113828 0
         vertex -46.5517230331898 -1.72413792461157 0
         vertex -49.9378442764282 -2.49229418113828 0
      endloop
   endfacet
   facet normal 0 0 -1
      outer loop
         vertex -46.5517230331898 8.62068962305784 0
         vertex -46.5517230331898 5.17241377383471 0
         vertex -49.4415424764156 7.45211308822036 0
      endloop
   endfacet
   facet normal 0 0 -1
      outer loop
         vertex -49.4415424764156 7.45211308822036 0
         vertex -46.5517230331898 5.17241377383471 0
         vertex -49.9378442764282 2.49229418113828 0
      endloop
   endfacet
   facet normal 0 0 -1
      outer loop
         vertex -46.5517230331898 15.5172413215041 0
         vertex -46.5517230331898 12.068965472281 0
         vertex -48.453863710165 12.33786996454 0
      endloop
   endfacet
   facet normal 0 0 -1
      outer loop
         vertex -48.453863710165 12.33786996454 0
         vertex -46.5517230331898 12.068965472281 0
         vertex -46.5517230331898 8.62068962305784 0
      endloop
   endfacet
   facet normal 0 0 -1
      outer loop
         vertex -48.453863710165 12.33786996454 0
         vertex -46.5517230331898 8.62068962305784 0
         vertex -49.4415424764156 7.45211308822036 0
      endloop
   endfacet
   facet normal 0 0 -1
      outer loop
         vertex 46.0738092660904 19.4217395037413 0
         vertex 43.1034490466118 22.413793951273 0
         vertex 43.9110770821571 23.9126980304718 0
      endloop
   endfacet
   facet normal 0 0 -1
      outer loop
         vertex 43.9110770821571 23.9126980304718 0
         vertex 43.1034490466118 22.413793951273 0
         vertex 39.6551713347435 25.8620698004961 0
      endloop
   endfacet
   facet normal 0 0 -1
      outer loop
         vertex 43.9110770821571 23.9126980304718 0
         vertex 39.6551713347435 25.8620698004961 0
         vertex 41.31193831563 28.1660035252571 0
      endloop
   endfacet
   facet normal 0 0 -1
      outer loop
         vertex -42.6645427942276 26.0717608034611 0
         vertex -39.8566238582134 30.1902201026678 0
         vertex -39.6551713347435 29.3103456497192 0
      endloop
   endfacet
   facet normal 0 0 -1
      outer loop
         vertex -39.6551713347435 29.3103456497192 0
         vertex -39.8566238582134 30.1902201026678 0
         vertex -36.2068973481655 29.3103456497192 0
      endloop
   endfacet
   facet normal 0 0 -1
      outer loop
         vertex -39.6551713347435 29.3103456497192 0
         vertex -36.2068973481655 29.3103456497192 0
         vertex -39.6551713347435 25.8620698004961 0
      endloop
   endfacet
   facet normal 0 0 -1
      outer loop
         vertex -39.6551713347435 25.8620698004961 0
         vertex -36.2068973481655 29.3103456497192 0
         vertex -36.2068973481655 25.8620698004961 0
      endloop
   endfacet
   facet normal 0 0 -1
      outer loop
         vertex -39.6551713347435 25.8620698004961 0
         vertex -36.2068973481655 25.8620698004961 0
         vertex -39.6551713347435 22.413793951273 0
      endloop
   endfacet
   facet normal 0 0 -1
      outer loop
         vertex -39.6551713347435 22.413793951273 0
         vertex -36.2068973481655 25.8620698004961 0
         vertex -36.2068973481655 22.413793951273 0
      endloop
   endfacet
   facet normal 0 0 -1
      outer loop
         vertex -39.6551713347435 22.413793951273 0
         vertex -36.2068973481655 22.413793951273 0
         vertex -39.6551713347435 18.9655181020498 0
      endloop
   endfacet
   facet normal 0 0 -1
      outer loop
         vertex -39.6551713347435 18.9655181020498 0
         vertex -36.2068973481655 22.413793951273 0
         vertex -36.2068973481655 18.9655181020498 0
      endloop
   endfacet
   facet normal 0 0 -1
      outer loop
         vertex -39.6551713347435 18.9655181020498 0
         vertex -36.2068973481655 18.9655181020498 0
         vertex -39.6551713347435 15.5172413215041 0
      endloop
   endfacet
   facet normal 0 0 -1
      outer loop
         vertex -39.6551713347435 15.5172413215041 0
         vertex -36.2068973481655 18.9655181020498 0
         vertex -36.2068973481655 15.5172413215041 0
      endloop
   endfacet
   facet normal 0 0 -1
      outer loop
         vertex -39.6551713347435 15.5172413215041 0
         vertex -36.2068973481655 15.5172413215041 0
         vertex -39.6551713347435 12.068965472281 0
      endloop
   endfacet
   facet normal 0 0 -1
      outer loop
         vertex -39.6551713347435 12.068965472281 0
         vertex -36.2068973481655 15.5172413215041 0
         vertex -36.2068973481655 12.068965472281 0
      endloop
   endfacet
   facet normal 0 0 -1
      outer loop
         vertex -39.6551713347435 12.068965472281 0
         vertex -36.2068973481655 12.068965472281 0
         vertex -39.6551713347435 8.62068962305784 0
      endloop
   endfacet
   facet normal 0 0 -1
      outer loop
         vertex -39.6551713347435 8.62068962305784 0
         vertex -36.2068973481655 12.068965472281 0
         vertex -36.2068973481655 8.62068962305784 0
      endloop
   endfacet
   facet normal 0 0 -1
      outer loop
         vertex -39.6551713347435 8.62068962305784 0
         vertex -36.2068973481655 8.62068962305784 0
         vertex -39.6551713347435 5.17241377383471 0
      endloop
   endfacet
   facet normal 0 0 -1
      outer loop
         vertex -39.6551713347435 5.17241377383471 0
         vertex -36.2068973481655 8.62068962305784 0
         vertex -36.2068973481655 5.17241377383471 0
      endloop
   endfacet
   facet normal 0 0 -1
      outer loop
         vertex -39.6551713347435 5.17241377383471 0
         vertex -36.2068973481655 5.17241377383471 0
         vertex -39.6551713347435 1.72413792461157 0
      endloop
   endfacet
   facet normal 0 0 -1
      outer loop
         vertex -39.6551713347435 5.17241377383471 0
         vertex -39.6551713347435 1.72413792461157 0
         vertex -43.1034490466118 1.72413792461157 0
      endloop
   endfacet
   facet normal 0 0 -1
      outer loop
         vertex -43.1034490466118 1.72413792461157 0
         vertex -39.6551713347435 1.72413792461157 0
         vertex -43.1034490466118 -1.72413792461157 0
      endloop
   endfacet
   facet normal 0 0 -1
      outer loop
         vertex -36.2068973481655 1.72413792461157 0
         vertex -32.7586196362972 1.72413792461157 0
         vertex -36.2068973481655 -1.72413792461157 0
      endloop
   endfacet
   facet normal 0 0 -1
      outer loop
         vertex -36.2068973481655 -1.72413792461157 0
         vertex -32.7586196362972 1.72413792461157 0
         vertex -32.7586196362972 -1.72413792461157 0
      endloop
   endfacet
   facet normal 0 0 -1
      outer loop
         vertex -36.2068973481655 -1.72413792461157 0
         vertex -32.7586196362972 -1.72413792461157 0
         vertex -36.2068973481655 -5.17241377383471 0
      endloop
   endfacet
   facet normal 0 0 -1
      outer loop
         vertex -36.2068973481655 -5.17241377383471 0
         vertex -32.7586196362972 -1.72413792461157 0
         vertex -32.7586196362972 -5.17241377383471 0
      endloop
   endfacet
   facet normal 0 0 -1
      outer loop
         vertex -36.2068973481655 -5.17241377383471 0
         vertex -32.7586196362972 -5.17241377383471 0
         vertex -36.2068973481655 -8.62068962305784 0
      endloop
   endfacet
   facet normal 0 0 -1
      outer loop
         vertex -36.2068973481655 -8.62068962305784 0
         vertex -32.7586196362972 -5.17241377383471 0
         vertex -32.7586196362972 -8.62068962305784 0
      endloop
   endfacet
   facet normal 0 0 -1
      outer loop
         vertex -36.2068973481655 -8.62068962305784 0
         vertex -32.7586196362972 -8.62068962305784 0
         vertex -36.2068973481655 -12.068965472281 0
      endloop
   endfacet
   facet normal 0 0 -1
      outer loop
         vertex -36.2068973481655 -12.068965472281 0
         vertex -32.7586196362972 -8.62068962305784 0
         vertex -32.7586196362972 -12.068965472281 0
      endloop
   endfacet
   facet normal 0 0 -1
      outer loop
         vertex -36.2068973481655 -12.068965472281 0
         vertex -32.7586196362972 -12.068965472281 0
         vertex -36.2068973481655 -15.5172413215041 0
      endloop
   endfacet
   facet normal 0 0 -1
      outer loop
         vertex -36.2068973481655 -15.5172413215041 0
         vertex -32.7586196362972 -12.068965472281 0
         vertex -32.7586196362972 -15.5172413215041 0
      endloop
   endfacet
   facet normal 0 0 -1
      outer loop
         vertex -36.2068973481655 -15.5172413215041 0
         vertex -32.7586196362972 -15.5172413215041 0
         vertex -36.2068973481655 -18.9655181020498 0
      endloop
   endfacet
   facet normal 0 0 -1
      outer loop
         vertex -36.2068973481655 -18.9655181020498 0
         vertex -32.7586196362972 -15.5172413215041 0
         vertex -32.7586196362972 -18.9655181020498 0
      endloop
   endfacet
   facet normal 0 0 -1
      outer loop
         vertex -36.2068973481655 -18.9655181020498 0
         vertex -32.7586196362972 -18.9655181020498 0
         vertex -36.2068973481655 -22.413793951273 0
      endloop
   endfacet
   facet normal 0 0 -1
      outer loop
         vertex -36.2068973481655 -22.413793951273 0
         vertex -32.7586196362972 -18.9655181020498 0
         vertex -32.7586196362972 -22.413793951273 0
      endloop
   endfacet
   facet normal 0 0 -1
      outer loop
         vertex -32.7586196362972 5.17241377383471 0
         vertex -29.3103456497192 5.17241377383471 0
         vertex -32.7586196362972 1.72413792461157 0
      endloop
   endfacet
   facet normal 0 0 -1
      outer loop
         vertex -32.7586196362972 1.72413792461157 0
         vertex -29.3103456497192 5.17241377383471 0
         vertex -29.3103456497192 1.72413792461157 0
      endloop
   endfacet
   facet normal 0 0 -1
      outer loop
         vertex -32.7586196362972 1.72413792461157 0
         vertex -29.3103456497192 1.72413792461157 0
         vertex -32.7586196362972 -1.72413792461157 0
      endloop
   endfacet
   facet normal 0 0 -1
      outer loop
         vertex -32.7586196362972 -1.72413792461157 0
         vertex -29.3103456497192 1.72413792461157 0
         vertex -29.3103456497192 -1.72413792461157 0
      endloop
   endfacet
   facet normal 0 0 -1
      outer loop
         vertex -32.7586196362972 -1.72413792461157 0
         vertex -29.3103456497192 -1.72413792461157 0
         vertex -32.7586196362972 -5.17241377383471 0
      endloop
   endfacet
   facet normal 0 0 -1
      outer loop
         vertex -32.7586196362972 -5.17241377383471 0
         vertex -29.3103456497192 -1.72413792461157 0
         vertex -29.3103456497192 -5.17241377383471 0
      endloop
   endfacet
   facet normal 0 0 -1
      outer loop
         vertex -32.7586196362972 -5.17241377383471 0
         vertex -29.3103456497192 -5.17241377383471 0
         vertex -32.7586196362972 -8.62068962305784 0
      endloop
   endfacet
   facet normal 0 0 -1
      outer loop
         vertex -32.7586196362972 -8.62068962305784 0
         vertex -29.3103456497192 -5.17241377383471 0
         vertex -29.3103456497192 -8.62068962305784 0
      endloop
   endfacet
   facet normal 0 0 -1
      outer loop
         vertex -32.7586196362972 -8.62068962305784 0
         vertex -29.3103456497192 -8.62068962305784 0
         vertex -32.7586196362972 -12.068965472281 0
      endloop
   endfacet
   facet normal 0 0 -1
      outer loop
         vertex -32.7586196362972 -12.068965472281 0
         vertex -29.3103456497192 -8.62068962305784 0
         vertex -29.3103456497192 -12.068965472281 0
      endloop
   endfacet
   facet normal 0 0 -1
      outer loop
         vertex -32.7586196362972 -12.068965472281 0
         vertex -29.3103456497192 -12.068965472281 0
         vertex -32.7586196362972 -15.5172413215041 0
      endloop
   endfacet
   facet normal 0 0 -1
      outer loop
         vertex -32.7586196362972 -15.5172413215041 0
         vertex -29.3103456497192 -12.068965472281 0
         vertex -29.3103456497192 -15.5172413215041 0
      endloop
   endfacet
   facet normal 0 0 -1
      outer loop
         vertex -32.7586196362972 -15.5172413215041 0
         vertex -29.3103456497192 -15.5172413215041 0
         vertex -32.7586196362972 -18.9655181020498 0
      endloop
   endfacet
   facet normal 0 0 -1
      outer loop
         vertex -32.7586196362972 -18.9655181020498 0
         vertex -29.3103456497192 -15.5172413215041 0
         vertex -29.3103456497192 -18.9655181020498 0
      endloop
   endfacet
   facet normal 0 0 -1
      outer loop
         vertex -32.7586196362972 -18.9655181020498 0
         vertex -29.3103456497192 -18.9655181020498 0
         vertex -32.7586196362972 -22.413793951273 0
      endloop
   endfacet
   facet normal 0 0 -1
      outer loop
         vertex -32.7586196362972 -22.413793951273 0
         vertex -29.3103456497192 -18.9655181020498 0
         vertex -29.3103456497192 -22.413793951273 0
      endloop
   endfacet
   facet normal 0 0 -1
      outer loop
         vertex -32.7586196362972 1.72413792461157 0
         vertex -36.2068973481655 1.72413792461157 0
         vertex -32.7586196362972 5.17241377383471 0
      endloop
   endfacet
   facet normal 0 0 -1
      outer loop
         vertex -29.3103456497192 8.62068962305784 0
         vertex -25.8620698004961 8.62068962305784 0
         vertex -29.3103456497192 5.17241377383471 0
      endloop
   endfacet
   facet normal 0 0 -1
      outer loop
         vertex -29.3103456497192 5.17241377383471 0
         vertex -25.8620698004961 8.62068962305784 0
         vertex -25.8620698004961 5.17241377383471 0
      endloop
   endfacet
   facet normal 0 0 -1
      outer loop
         vertex -29.3103456497192 5.17241377383471 0
         vertex -25.8620698004961 5.17241377383471 0
         vertex -29.3103456497192 1.72413792461157 0
      endloop
   endfacet
   facet normal 0 0 -1
      outer loop
         vertex -29.3103456497192 1.72413792461157 0
         vertex -25.8620698004961 5.17241377383471 0
         vertex -25.8620698004961 1.72413792461157 0
      endloop
   endfacet
   facet normal 0 0 -1
      outer loop
         vertex -29.3103456497192 1.72413792461157 0
         vertex -25.8620698004961 1.72413792461157 0
         vertex -29.3103456497192 -1.72413792461157 0
      endloop
   endfacet
   facet normal 0 0 -1
      outer loop
         vertex -29.3103456497192 -1.72413792461157 0
         vertex -25.8620698004961 1.72413792461157 0
         vertex -25.8620698004961 -1.72413792461157 0
      endloop
   endfacet
   facet normal 0 0 -1
      outer loop
         vertex -29.3103456497192 -1.72413792461157 0
         vertex -25.8620698004961 -1.72413792461157 0
         vertex -29.3103456497192 -5.17241377383471 0
      endloop
   endfacet
   facet normal 0 0 -1
      outer loop
         vertex -29.3103456497192 -5.17241377383471 0
         vertex -25.8620698004961 -1.72413792461157 0
         vertex -25.8620698004961 -5.17241377383471 0
      endloop
   endfacet
   facet normal 0 0 -1
      outer loop
         vertex -29.3103456497192 -5.17241377383471 0
         vertex -25.8620698004961 -5.17241377383471 0
         vertex -29.3103456497192 -8.62068962305784 0
      endloop
   endfacet
   facet normal 0 0 -1
      outer loop
         vertex -29.3103456497192 -8.62068962305784 0
         vertex -25.8620698004961 -5.17241377383471 0
         vertex -25.8620698004961 -8.62068962305784 0
      endloop
   endfacet
   facet normal 0 0 -1
      outer loop
         vertex -29.3103456497192 -8.62068962305784 0
         vertex -25.8620698004961 -8.62068962305784 0
         vertex -29.3103456497192 -12.068965472281 0
      endloop
   endfacet
   facet normal 0 0 -1
      outer loop
         vertex -29.3103456497192 -12.068965472281 0
         vertex -25.8620698004961 -8.62068962305784 0
         vertex -25.8620698004961 -12.068965472281 0
      endloop
   endfacet
   facet normal 0 0 -1
      outer loop
         vertex -29.3103456497192 -12.068965472281 0
         vertex -25.8620698004961 -12.068965472281 0
         vertex -29.3103456497192 -15.5172413215041 0
      endloop
   endfacet
   facet normal 0 0 -1
      outer loop
         vertex -29.3103456497192 -15.5172413215041 0
         vertex -25.8620698004961 -12.068965472281 0
         vertex -25.8620698004961 -15.5172413215041 0
      endloop
   endfacet
   facet normal 0 0 -1
      outer loop
         vertex -29.3103456497192 -15.5172413215041 0
         vertex -25.8620698004961 -15.5172413215041 0
         vertex -29.3103456497192 -18.9655181020498 0
      endloop
   endfacet
   facet normal 0 0 -1
      outer loop
         vertex -29.3103456497192 -18.9655181020498 0
         vertex -25.8620698004961 -15.5172413215041 0
         vertex -25.8620698004961 -18.9655181020498 0
      endloop
   endfacet
   facet normal 0 0 -1
      outer loop
         vertex -29.3103456497192 -18.9655181020498 0
         vertex -25.8620698004961 -18.9655181020498 0
         vertex -29.3103456497192 -22.413793951273 0
      endloop
   endfacet
   facet normal 0 0 -1
      outer loop
         vertex -29.3103456497192 -22.413793951273 0
         vertex -25.8620698004961 -18.9655181020498 0
         vertex -25.8620698004961 -22.413793951273 0
      endloop
   endfacet
   facet normal 0 0 -1
      outer loop
         vertex -25.8620698004961 12.068965472281 0
         vertex -22.413793951273 12.068965472281 0
         vertex -25.8620698004961 8.62068962305784 0
      endloop
   endfacet
   facet normal 0 0 -1
      outer loop
         vertex -25.8620698004961 8.62068962305784 0
         vertex -22.413793951273 12.068965472281 0
         vertex -22.413793951273 8.62068962305784 0
      endloop
   endfacet
   facet normal 0 0 -1
      outer loop
         vertex -25.8620698004961 8.62068962305784 0
         vertex -22.413793951273 8.62068962305784 0
         vertex -25.8620698004961 5.17241377383471 0
      endloop
   endfacet
   facet normal 0 0 -1
      outer loop
         vertex -25.8620698004961 5.17241377383471 0
         vertex -22.413793951273 8.62068962305784 0
         vertex -22.413793951273 5.17241377383471 0
      endloop
   endfacet
   facet normal 0 0 -1
      outer loop
         vertex -25.8620698004961 5.17241377383471 0
         vertex -22.413793951273 5.17241377383471 0
         vertex -25.8620698004961 1.72413792461157 0
      endloop
   endfacet
   facet normal 0 0 -1
      outer loop
         vertex -25.8620698004961 1.72413792461157 0
         vertex -22.413793951273 5.17241377383471 0
         vertex -22.413793951273 1.72413792461157 0
      endloop
   endfacet
   facet normal 0 0 -1
      outer loop
         vertex -25.8620698004961 1.72413792461157 0
         vertex -22.413793951273 1.72413792461157 0
         vertex -25.8620698004961 -1.72413792461157 0
      endloop
   endfacet
   facet normal 0 0 -1
      outer loop
         vertex -25.8620698004961 -1.72413792461157 0
         vertex -22.413793951273 1.72413792461157 0
         vertex -22.413793951273 -1.72413792461157 0
      endloop
   endfacet
   facet normal 0 0 -1
      outer loop
         vertex -25.8620698004961 -1.72413792461157 0
         vertex -22.413793951273 -1.72413792461157 0
         vertex -25.8620698004961 -5.17241377383471 0
      endloop
   endfacet
   facet normal 0 0 -1
      outer loop
         vertex -25.8620698004961 -5.17241377383471 0
         vertex -22.413793951273 -1.72413792461157 0
         vertex -22.413793951273 -5.17241377383471 0
      endloop
   endfacet
   facet normal 0 0 -1
      outer loop
         vertex -25.8620698004961 -5.17241377383471 0
         vertex -22.413793951273 -5.17241377383471 0
         vertex -25.8620698004961 -8.62068962305784 0
      endloop
   endfacet
   facet normal 0 0 -1
      outer loop
         vertex -25.8620698004961 -8.62068962305784 0
         vertex -22.413793951273 -5.17241377383471 0
         vertex -22.413793951273 -8.62068962305784 0
      endloop
   endfacet
   facet normal 0 0 -1
      outer loop
         vertex -25.8620698004961 -8.62068962305784 0
         vertex -22.413793951273 -8.62068962305784 0
         vertex -25.8620698004961 -12.068965472281 0
      endloop
   endfacet
   facet normal 0 0 -1
      outer loop
         vertex -25.8620698004961 -12.068965472281 0
         vertex -22.413793951273 -8.62068962305784 0
         vertex -22.413793951273 -12.068965472281 0
      endloop
   endfacet
   facet normal 0 0 -1
      outer loop
         vertex -25.8620698004961 -12.068965472281 0
         vertex -22.413793951273 -12.068965472281 0
         vertex -25.8620698004961 -15.5172413215041 0
      endloop
   endfacet
   facet normal 0 0 -1
      outer loop
         vertex -25.8620698004961 -15.5172413215041 0
         vertex -22.413793951273 -12.068965472281 0
         vertex -22.413793951273 -15.5172413215041 0
      endloop
   endfacet
   facet normal 0 0 -1
      outer loop
         vertex -25.8620698004961 -15.5172413215041 0
         vertex -22.413793951273 -15.5172413215041 0
         vertex -25.8620698004961 -18.9655181020498 0
      endloop
   endfacet
   facet normal 0 0 -1
      outer loop
         vertex -25.8620698004961 -18.9655181020498 0
         vertex -22.413793951273 -15.5172413215041 0
         vertex -22.413793951273 -18.9655181020498 0
      endloop
   endfacet
   facet normal 0 0 -1
      outer loop
         vertex -25.8620698004961 -18.9655181020498 0
         vertex -22.413793951273 -18.9655181020498 0
         vertex -25.8620698004961 -22.413793951273 0
      endloop
   endfacet
   facet normal 0 0 -1
      outer loop
         vertex -25.8620698004961 -22.413793951273 0
         vertex -22.413793951273 -18.9655181020498 0
         vertex -22.413793951273 -22.413793951273 0
      endloop
   endfacet
   facet normal 0 0 -1
      outer loop
         vertex -22.413793951273 15.5172413215041 0
         vertex -18.9655181020498 15.5172413215041 0
         vertex -22.413793951273 12.068965472281 0
      endloop
   endfacet
   facet normal 0 0 -1
      outer loop
         vertex -22.413793951273 12.068965472281 0
         vertex -18.9655181020498 15.5172413215041 0
         vertex -18.9655181020498 12.068965472281 0
      endloop
   endfacet
   facet normal 0 0 -1
      outer loop
         vertex -22.413793951273 12.068965472281 0
         vertex -18.9655181020498 12.068965472281 0
         vertex -22.413793951273 8.62068962305784 0
      endloop
   endfacet
   facet normal 0 0 -1
      outer loop
         vertex -22.413793951273 8.62068962305784 0
         vertex -18.9655181020498 12.068965472281 0
         vertex -18.9655181020498 8.62068962305784 0
      endloop
   endfacet
   facet normal 0 0 -1
      outer loop
         vertex -22.413793951273 8.62068962305784 0
         vertex -18.9655181020498 8.62068962305784 0
         vertex -22.413793951273 5.17241377383471 0
      endloop
   endfacet
   facet normal 0 0 -1
      outer loop
         vertex -22.413793951273 5.17241377383471 0
         vertex -18.9655181020498 8.62068962305784 0
         vertex -18.9655181020498 5.17241377383471 0
      endloop
   endfacet
   facet normal 0 0 -1
      outer loop
         vertex -22.413793951273 5.17241377383471 0
         vertex -18.9655181020498 5.17241377383471 0
         vertex -22.413793951273 1.72413792461157 0
      endloop
   endfacet
   facet normal 0 0 -1
      outer loop
         vertex -22.413793951273 1.72413792461157 0
         vertex -18.9655181020498 5.17241377383471 0
         vertex -18.9655181020498 1.72413792461157 0
      endloop
   endfacet
   facet normal 0 0 -1
      outer loop
         vertex -22.413793951273 1.72413792461157 0
         vertex -18.9655181020498 1.72413792461157 0
         vertex -22.413793951273 -1.72413792461157 0
      endloop
   endfacet
   facet normal 0 0 -1
      outer loop
         vertex -22.413793951273 -1.72413792461157 0
         vertex -18.9655181020498 1.72413792461157 0
         vertex -18.9655181020498 -1.72413792461157 0
      endloop
   endfacet
   facet normal 0 0 -1
      outer loop
         vertex -22.413793951273 -1.72413792461157 0
         vertex -18.9655181020498 -1.72413792461157 0
         vertex -22.413793951273 -5.17241377383471 0
      endloop
   endfacet
   facet normal 0 0 -1
      outer loop
         vertex -22.413793951273 -5.17241377383471 0
         vertex -18.9655181020498 -1.72413792461157 0
         vertex -18.9655181020498 -5.17241377383471 0
      endloop
   endfacet
   facet normal 0 0 -1
      outer loop
         vertex -22.413793951273 -5.17241377383471 0
         vertex -18.9655181020498 -5.17241377383471 0
         vertex -22.413793951273 -8.62068962305784 0
      endloop
   endfacet
   facet normal 0 0 -1
      outer loop
         vertex -22.413793951273 -8.62068962305784 0
         vertex -18.9655181020498 -5.17241377383471 0
         vertex -18.9655181020498 -8.62068962305784 0
      endloop
   endfacet
   facet normal 0 0 -1
      outer loop
         vertex -22.413793951273 -8.62068962305784 0
         vertex -18.9655181020498 -8.62068962305784 0
         vertex -22.413793951273 -12.068965472281 0
      endloop
   endfacet
   facet normal 0 0 -1
      outer loop
         vertex -22.413793951273 -12.068965472281 0
         vertex -18.9655181020498 -8.62068962305784 0
         vertex -18.9655181020498 -12.068965472281 0
      endloop
   endfacet
   facet normal 0 0 -1
      outer loop
         vertex -22.413793951273 -12.068965472281 0
         vertex -18.9655181020498 -12.068965472281 0
         vertex -22.413793951273 -15.5172413215041 0
      endloop
   endfacet
   facet normal 0 0 -1
      outer loop
         vertex -22.413793951273 -15.5172413215041 0
         vertex -18.9655181020498 -12.068965472281 0
         vertex -18.9655181020498 -15.5172413215041 0
      endloop
   endfacet
   facet normal 0 0 -1
      outer loop
         vertex -22.413793951273 -15.5172413215041 0
         vertex -18.9655181020498 -15.5172413215041 0
         vertex -22.413793951273 -18.9655181020498 0
      endloop
   endfacet
   facet normal 0 0 -1
      outer loop
         vertex -22.413793951273 -18.9655181020498 0
         vertex -18.9655181020498 -15.5172413215041 0
         vertex -18.9655181020498 -18.9655181020498 0
      endloop
   endfacet
   facet normal 0 0 -1
      outer loop
         vertex -22.413793951273 -18.9655181020498 0
         vertex -18.9655181020498 -18.9655181020498 0
         vertex -22.413793951273 -22.413793951273 0
      endloop
   endfacet
   facet normal 0 0 -1
      outer loop
         vertex -22.413793951273 -22.413793951273 0
         vertex -18.9655181020498 -18.9655181020498 0
         vertex -18.9655181020498 -22.413793951273 0
      endloop
   endfacet
   facet normal 0 0 -1
      outer loop
         vertex -18.9655181020498 18.9655181020498 0
         vertex -15.5172413215041 18.9655181020498 0
         vertex -18.9655181020498 15.5172413215041 0
      endloop
   endfacet
   facet normal 0 0 -1
      outer loop
         vertex -18.9655181020498 15.5172413215041 0
         vertex -15.5172413215041 18.9655181020498 0
         vertex -15.5172413215041 15.5172413215041 0
      endloop
   endfacet
   facet normal 0 0 -1
      outer loop
         vertex -18.9655181020498 15.5172413215041 0
         vertex -15.5172413215041 15.5172413215041 0
         vertex -18.9655181020498 12.068965472281 0
      endloop
   endfacet
   facet normal 0 0 -1
      outer loop
         vertex -18.9655181020498 12.068965472281 0
         vertex -15.5172413215041 15.5172413215041 0
         vertex -15.5172413215041 12.068965472281 0
      endloop
   endfacet
   facet normal 0 0 -1
      outer loop
         vertex -18.9655181020498 12.068965472281 0
         vertex -15.5172413215041 12.068965472281 0
         vertex -18.9655181020498 8.62068962305784 0
      endloop
   endfacet
   facet normal 0 0 -1
      outer loop
         vertex -18.9655181020498 8.62068962305784 0
         vertex -15.5172413215041 12.068965472281 0
         vertex -15.5172413215041 8.62068962305784 0
      endloop
   endfacet
   facet normal 0 0 -1
      outer loop
         vertex -18.9655181020498 8.62068962305784 0
         vertex -15.5172413215041 8.62068962305784 0
         vertex -18.9655181020498 5.17241377383471 0
      endloop
   endfacet
   facet normal 0 0 -1
      outer loop
         vertex -18.9655181020498 5.17241377383471 0
         vertex -15.5172413215041 8.62068962305784 0
         vertex -15.5172413215041 5.17241377383471 0
      endloop
   endfacet
   facet normal 0 0 -1
      outer loop
         vertex -18.9655181020498 5.17241377383471 0
         vertex -15.5172413215041 5.17241377383471 0
         vertex -18.9655181020498 1.72413792461157 0
      endloop
   endfacet
   facet normal 0 0 -1
      outer loop
         vertex -18.9655181020498 1.72413792461157 0
         vertex -15.5172413215041 5.17241377383471 0
         vertex -15.5172413215041 1.72413792461157 0
      endloop
   endfacet
   facet normal 0 0 -1
      outer loop
         vertex -18.9655181020498 1.72413792461157 0
         vertex -15.5172413215041 1.72413792461157 0
         vertex -18.9655181020498 -1.72413792461157 0
      endloop
   endfacet
   facet normal 0 0 -1
      outer loop
         vertex -18.9655181020498 -1.72413792461157 0
         vertex -15.5172413215041 1.72413792461157 0
         vertex -15.5172413215041 -1.72413792461157 0
      endloop
   endfacet
   facet normal 0 0 -1
      outer loop
         vertex -18.9655181020498 -1.72413792461157 0
         vertex -15.5172413215041 -1.72413792461157 0
         vertex -18.9655181020498 -5.17241377383471 0
      endloop
   endfacet
   facet normal 0 0 -1
      outer loop
         vertex -18.9655181020498 -5.17241377383471 0
         vertex -15.5172413215041 -1.72413792461157 0
         vertex -15.5172413215041 -5.17241377383471 0
      endloop
   endfacet
   facet normal 0 0 -1
      outer loop
         vertex -18.9655181020498 -5.17241377383471 0
         vertex -15.5172413215041 -5.17241377383471 0
         vertex -18.9655181020498 -8.62068962305784 0
      endloop
   endfacet
   facet normal 0 0 -1
      outer loop
         vertex -18.9655181020498 -8.62068962305784 0
         vertex -15.5172413215041 -5.17241377383471 0
         vertex -15.5172413215041 -8.62068962305784 0
      endloop
   endfacet
   facet normal 0 0 -1
      outer loop
         vertex -18.9655181020498 -8.62068962305784 0
         vertex -15.5172413215041 -8.62068962305784 0
         vertex -18.9655181020498 -12.068965472281 0
      endloop
   endfacet
   facet normal 0 0 -1
      outer loop
         vertex -18.9655181020498 -12.068965472281 0
         vertex -15.5172413215041 -8.62068962305784 0
         vertex -15.5172413215041 -12.068965472281 0
      endloop
   endfacet
   facet normal 0 0 -1
      outer loop
         vertex -18.9655181020498 -12.068965472281 0
         vertex -15.5172413215041 -12.068965472281 0
         vertex -18.9655181020498 -15.5172413215041 0
      endloop
   endfacet
   facet normal 0 0 -1
      outer loop
         vertex -18.9655181020498 -15.5172413215041 0
         vertex -15.5172413215041 -12.068965472281 0
         vertex -15.5172413215041 -15.5172413215041 0
      endloop
   endfacet
   facet normal 0 0 -1
      outer loop
         vertex -18.9655181020498 -15.5172413215041 0
         vertex -15.5172413215041 -15.5172413215041 0
         vertex -18.9655181020498 -18.9655181020498 0
      endloop
   endfacet
   facet normal 0 0 -1
      outer loop
         vertex -18.9655181020498 -18.9655181020498 0
         vertex -15.5172413215041 -15.5172413215041 0
         vertex -15.5172413215041 -18.9655181020498 0
      endloop
   endfacet
   facet normal 0 0 -1
      outer loop
         vertex -18.9655181020498 -18.9655181020498 0
         vertex -15.5172413215041 -18.9655181020498 0
         vertex -18.9655181020498 -22.413793951273 0
      endloop
   endfacet
   facet normal 0 0 -1
      outer loop
         vertex -18.9655181020498 -22.413793951273 0
         vertex -15.5172413215041 -18.9655181020498 0
         vertex -15.5172413215041 -22.413793951273 0
      endloop
   endfacet
   facet normal 0 0 -1
      outer loop
         vertex -15.5172413215041 22.413793951273 0
         vertex -12.068965472281 22.413793951273 0
         vertex -15.5172413215041 18.9655181020498 0
      endloop
   endfacet
   facet normal 0 0 -1
      outer loop
         vertex -15.5172413215041 18.9655181020498 0
         vertex -12.068965472281 22.413793951273 0
         vertex -12.068965472281 18.9655181020498 0
      endloop
   endfacet
   facet normal 0 0 -1
      outer loop
         vertex -15.5172413215041 18.9655181020498 0
         vertex -12.068965472281 18.9655181020498 0
         vertex -15.5172413215041 15.5172413215041 0
      endloop
   endfacet
   facet normal 0 0 -1
      outer loop
         vertex -15.5172413215041 15.5172413215041 0
         vertex -12.068965472281 18.9655181020498 0
         vertex -12.068965472281 15.5172413215041 0
      endloop
   endfacet
   facet normal 0 0 -1
      outer loop
         vertex -15.5172413215041 15.5172413215041 0
         vertex -12.068965472281 15.5172413215041 0
         vertex -15.5172413215041 12.068965472281 0
      endloop
   endfacet
   facet normal 0 0 -1
      outer loop
         vertex -15.5172413215041 12.068965472281 0
         vertex -12.068965472281 15.5172413215041 0
         vertex -12.068965472281 12.068965472281 0
      endloop
   endfacet
   facet normal 0 0 -1
      outer loop
         vertex -15.5172413215041 12.068965472281 0
         vertex -12.068965472281 12.068965472281 0
         vertex -15.5172413215041 8.62068962305784 0
      endloop
   endfacet
   facet normal 0 0 -1
      outer loop
         vertex -15.5172413215041 8.62068962305784 0
         vertex -12.068965472281 12.068965472281 0
         vertex -12.068965472281 8.62068962305784 0
      endloop
   endfacet
   facet normal 0 0 -1
      outer loop
         vertex -15.5172413215041 8.62068962305784 0
         vertex -12.068965472281 8.62068962305784 0
         vertex -15.5172413215041 5.17241377383471 0
      endloop
   endfacet
   facet normal 0 0 -1
      outer loop
         vertex -15.5172413215041 5.17241377383471 0
         vertex -12.068965472281 8.62068962305784 0
         vertex -12.068965472281 5.17241377383471 0
      endloop
   endfacet
   facet normal 0 0 -1
      outer loop
         vertex -15.5172413215041 5.17241377383471 0
         vertex -12.068965472281 5.17241377383471 0
         vertex -15.5172413215041 1.72413792461157 0
      endloop
   endfacet
   facet normal 0 0 -1
      outer loop
         vertex -15.5172413215041 1.72413792461157 0
         vertex -12.068965472281 5.17241377383471 0
         vertex -12.068965472281 1.72413792461157 0
      endloop
   endfacet
   facet normal 0 0 -1
      outer loop
         vertex -15.5172413215041 1.72413792461157 0
         vertex -12.068965472281 1.72413792461157 0
         vertex -15.5172413215041 -1.72413792461157 0
      endloop
   endfacet
   facet normal 0 0 -1
      outer loop
         vertex -15.5172413215041 -1.72413792461157 0
         vertex -12.068965472281 1.72413792461157 0
         vertex -12.068965472281 -1.72413792461157 0
      endloop
   endfacet
   facet normal 0 0 -1
      outer loop
         vertex -15.5172413215041 -1.72413792461157 0
         vertex -12.068965472281 -1.72413792461157 0
         vertex -15.5172413215041 -5.17241377383471 0
      endloop
   endfacet
   facet normal 0 0 -1
      outer loop
         vertex -15.5172413215041 -5.17241377383471 0
         vertex -12.068965472281 -1.72413792461157 0
         vertex -12.068965472281 -5.17241377383471 0
      endloop
   endfacet
   facet normal 0 0 -1
      outer loop
         vertex -15.5172413215041 -5.17241377383471 0
         vertex -12.068965472281 -5.17241377383471 0
         vertex -15.5172413215041 -8.62068962305784 0
      endloop
   endfacet
   facet normal 0 0 -1
      outer loop
         vertex -15.5172413215041 -8.62068962305784 0
         vertex -12.068965472281 -5.17241377383471 0
         vertex -12.068965472281 -8.62068962305784 0
      endloop
   endfacet
   facet normal 0 0 -1
      outer loop
         vertex -15.5172413215041 -8.62068962305784 0
         vertex -12.068965472281 -8.62068962305784 0
         vertex -15.5172413215041 -12.068965472281 0
      endloop
   endfacet
   facet normal 0 0 -1
      outer loop
         vertex -15.5172413215041 -12.068965472281 0
         vertex -12.068965472281 -8.62068962305784 0
         vertex -12.068965472281 -12.068965472281 0
      endloop
   endfacet
   facet normal 0 0 -1
      outer loop
         vertex -15.5172413215041 -12.068965472281 0
         vertex -12.068965472281 -12.068965472281 0
         vertex -15.5172413215041 -15.5172413215041 0
      endloop
   endfacet
   facet normal 0 0 -1
      outer loop
         vertex -15.5172413215041 -15.5172413215041 0
         vertex -12.068965472281 -12.068965472281 0
         vertex -12.068965472281 -15.5172413215041 0
      endloop
   endfacet
   facet normal 0 0 -1
      outer loop
         vertex -15.5172413215041 -15.5172413215041 0
         vertex -12.068965472281 -15.5172413215041 0
         vertex -15.5172413215041 -18.9655181020498 0
      endloop
   endfacet
   facet normal 0 0 -1
      outer loop
         vertex -15.5172413215041 -18.9655181020498 0
         vertex -12.068965472281 -15.5172413215041 0
         vertex -12.068965472281 -18.9655181020498 0
      endloop
   endfacet
   facet normal 0 0 -1
      outer loop
         vertex -15.5172413215041 -18.9655181020498 0
         vertex -12.068965472281 -18.9655181020498 0
         vertex -15.5172413215041 -22.413793951273 0
      endloop
   endfacet
   facet normal 0 0 -1
      outer loop
         vertex -15.5172413215041 -22.413793951273 0
         vertex -12.068965472281 -18.9655181020498 0
         vertex -12.068965472281 -22.413793951273 0
      endloop
   endfacet
   facet normal 0 0 -1
      outer loop
         vertex -12.068965472281 25.8620698004961 0
         vertex -8.62068962305784 25.8620698004961 0
         vertex -12.068965472281 22.413793951273 0
      endloop
   endfacet
   facet normal 0 0 -1
      outer loop
         vertex -12.068965472281 22.413793951273 0
         vertex -8.62068962305784 25.8620698004961 0
         vertex -8.62068962305784 22.413793951273 0
      endloop
   endfacet
   facet normal 0 0 -1
      outer loop
         vertex -12.068965472281 22.413793951273 0
         vertex -8.62068962305784 22.413793951273 0
         vertex -12.068965472281 18.9655181020498 0
      endloop
   endfacet
   facet normal 0 0 -1
      outer loop
         vertex -12.068965472281 18.9655181020498 0
         vertex -8.62068962305784 22.413793951273 0
         vertex -8.62068962305784 18.9655181020498 0
      endloop
   endfacet
   facet normal 0 0 -1
      outer loop
         vertex -12.068965472281 18.9655181020498 0
         vertex -8.62068962305784 18.9655181020498 0
         vertex -12.068965472281 15.5172413215041 0
      endloop
   endfacet
   facet normal 0 0 -1
      outer loop
         vertex -12.068965472281 15.5172413215041 0
         vertex -8.62068962305784 18.9655181020498 0
         vertex -8.62068962305784 15.5172413215041 0
      endloop
   endfacet
   facet normal 0 0 -1
      outer loop
         vertex -12.068965472281 15.5172413215041 0
         vertex -8.62068962305784 15.5172413215041 0
         vertex -12.068965472281 12.068965472281 0
      endloop
   endfacet
   facet normal 0 0 -1
      outer loop
         vertex -12.068965472281 12.068965472281 0
         vertex -8.62068962305784 15.5172413215041 0
         vertex -8.62068962305784 12.068965472281 0
      endloop
   endfacet
   facet normal 0 0 -1
      outer loop
         vertex -12.068965472281 12.068965472281 0
         vertex -8.62068962305784 12.068965472281 0
         vertex -12.068965472281 8.62068962305784 0
      endloop
   endfacet
   facet normal 0 0 -1
      outer loop
         vertex -12.068965472281 8.62068962305784 0
         vertex -8.62068962305784 12.068965472281 0
         vertex -8.62068962305784 8.62068962305784 0
      endloop
   endfacet
   facet normal 0 0 -1
      outer loop
         vertex -12.068965472281 8.62068962305784 0
         vertex -8.62068962305784 8.62068962305784 0
         vertex -12.068965472281 5.17241377383471 0
      endloop
   endfacet
   facet normal 0 0 -1
      outer loop
         vertex -12.068965472281 5.17241377383471 0
         vertex -8.62068962305784 8.62068962305784 0
         vertex -8.62068962305784 5.17241377383471 0
      endloop
   endfacet
   facet normal 0 0 -1
      outer loop
         vertex -12.068965472281 5.17241377383471 0
         vertex -8.62068962305784 5.17241377383471 0
         vertex -12.068965472281 1.72413792461157 0
      endloop
   endfacet
   facet normal 0 0 -1
      outer loop
         vertex -12.068965472281 1.72413792461157 0
         vertex -8.62068962305784 5.17241377383471 0
         vertex -8.62068962305784 1.72413792461157 0
      endloop
   endfacet
   facet normal 0 0 -1
      outer loop
         vertex -12.068965472281 1.72413792461157 0
         vertex -8.62068962305784 1.72413792461157 0
         vertex -12.068965472281 -1.72413792461157 0
      endloop
   endfacet
   facet normal 0 0 -1
      outer loop
         vertex -12.068965472281 -1.72413792461157 0
         vertex -8.62068962305784 1.72413792461157 0
         vertex -8.62068962305784 -1.72413792461157 0
      endloop
   endfacet
   facet normal 0 0 -1
      outer loop
         vertex -12.068965472281 -1.72413792461157 0
         vertex -8.62068962305784 -1.72413792461157 0
         vertex -12.068965472281 -5.17241377383471 0
      endloop
   endfacet
   facet normal 0 0 -1
      outer loop
         vertex -12.068965472281 -5.17241377383471 0
         vertex -8.62068962305784 -1.72413792461157 0
         vertex -8.62068962305784 -5.17241377383471 0
      endloop
   endfacet
   facet normal 0 0 -1
      outer loop
         vertex -12.068965472281 -5.17241377383471 0
         vertex -8.62068962305784 -5.17241377383471 0
         vertex -12.068965472281 -8.62068962305784 0
      endloop
   endfacet
   facet normal 0 0 -1
      outer loop
         vertex -12.068965472281 -8.62068962305784 0
         vertex -8.62068962305784 -5.17241377383471 0
         vertex -8.62068962305784 -8.62068962305784 0
      endloop
   endfacet
   facet normal 0 0 -1
      outer loop
         vertex -12.068965472281 -8.62068962305784 0
         vertex -8.62068962305784 -8.62068962305784 0
         vertex -12.068965472281 -12.068965472281 0
      endloop
   endfacet
   facet normal 0 0 -1
      outer loop
         vertex -12.068965472281 -12.068965472281 0
         vertex -8.62068962305784 -8.62068962305784 0
         vertex -8.62068962305784 -12.068965472281 0
      endloop
   endfacet
   facet normal 0 0 -1
      outer loop
         vertex -12.068965472281 -12.068965472281 0
         vertex -8.62068962305784 -12.068965472281 0
         vertex -12.068965472281 -15.5172413215041 0
      endloop
   endfacet
   facet normal 0 0 -1
      outer loop
         vertex -12.068965472281 -15.5172413215041 0
         vertex -8.62068962305784 -12.068965472281 0
         vertex -8.62068962305784 -15.5172413215041 0
      endloop
   endfacet
   facet normal 0 0 -1
      outer loop
         vertex -12.068965472281 -15.5172413215041 0
         vertex -8.62068962305784 -15.5172413215041 0
         vertex -12.068965472281 -18.9655181020498 0
      endloop
   endfacet
   facet normal 0 0 -1
      outer loop
         vertex -12.068965472281 -18.9655181020498 0
         vertex -8.62068962305784 -15.5172413215041 0
         vertex -8.62068962305784 -18.9655181020498 0
      endloop
   endfacet
   facet normal 0 0 -1
      outer loop
         vertex -12.068965472281 -18.9655181020498 0
         vertex -8.62068962305784 -18.9655181020498 0
         vertex -12.068965472281 -22.413793951273 0
      endloop
   endfacet
   facet normal 0 0 -1
      outer loop
         vertex -12.068965472281 -22.413793951273 0
         vertex -8.62068962305784 -18.9655181020498 0
         vertex -8.62068962305784 -22.413793951273 0
      endloop
   endfacet
   facet normal 0 0 -1
      outer loop
         vertex -8.62068962305784 29.3103456497192 0
         vertex -5.17241377383471 29.3103456497192 0
         vertex -8.62068962305784 25.8620698004961 0
      endloop
   endfacet
   facet normal 0 0 -1
      outer loop
         vertex -8.62068962305784 25.8620698004961 0
         vertex -5.17241377383471 29.3103456497192 0
         vertex -5.17241377383471 25.8620698004961 0
      endloop
   endfacet
   facet normal 0 0 -1
      outer loop
         vertex -8.62068962305784 25.8620698004961 0
         vertex -5.17241377383471 25.8620698004961 0
         vertex -8.62068962305784 22.413793951273 0
      endloop
   endfacet
   facet normal 0 0 -1
      outer loop
         vertex -8.62068962305784 22.413793951273 0
         vertex -5.17241377383471 25.8620698004961 0
         vertex -5.17241377383471 22.413793951273 0
      endloop
   endfacet
   facet normal 0 0 -1
      outer loop
         vertex -8.62068962305784 22.413793951273 0
         vertex -5.17241377383471 22.413793951273 0
         vertex -8.62068962305784 18.9655181020498 0
      endloop
   endfacet
   facet normal 0 0 -1
      outer loop
         vertex -8.62068962305784 18.9655181020498 0
         vertex -5.17241377383471 22.413793951273 0
         vertex -5.17241377383471 18.9655181020498 0
      endloop
   endfacet
   facet normal 0 0 -1
      outer loop
         vertex -8.62068962305784 18.9655181020498 0
         vertex -5.17241377383471 18.9655181020498 0
         vertex -8.62068962305784 15.5172413215041 0
      endloop
   endfacet
   facet normal 0 0 -1
      outer loop
         vertex -8.62068962305784 15.5172413215041 0
         vertex -5.17241377383471 18.9655181020498 0
         vertex -5.17241377383471 15.5172413215041 0
      endloop
   endfacet
   facet normal 0 0 -1
      outer loop
         vertex -8.62068962305784 15.5172413215041 0
         vertex -5.17241377383471 15.5172413215041 0
         vertex -8.62068962305784 12.068965472281 0
      endloop
   endfacet
   facet normal 0 0 -1
      outer loop
         vertex -8.62068962305784 12.068965472281 0
         vertex -5.17241377383471 15.5172413215041 0
         vertex -5.17241377383471 12.068965472281 0
      endloop
   endfacet
   facet normal 0 0 -1
      outer loop
         vertex -8.62068962305784 12.068965472281 0
         vertex -5.17241377383471 12.068965472281 0
         vertex -8.62068962305784 8.62068962305784 0
      endloop
   endfacet
   facet normal 0 0 -1
      outer loop
         vertex -8.62068962305784 8.62068962305784 0
         vertex -5.17241377383471 12.068965472281 0
         vertex -5.17241377383471 8.62068962305784 0
      endloop
   endfacet
   facet normal 0 0 -1
      outer loop
         vertex -8.62068962305784 8.62068962305784 0
         vertex -5.17241377383471 8.62068962305784 0
         vertex -8.62068962305784 5.17241377383471 0
      endloop
   endfacet
   facet normal 0 0 -1
      outer loop
         vertex -8.62068962305784 5.17241377383471 0
         vertex -5.17241377383471 8.62068962305784 0
         vertex -5.17241377383471 5.17241377383471 0
      endloop
   endfacet
   facet normal 0 0 -1
      outer loop
         vertex -8.62068962305784 5.17241377383471 0
         vertex -5.17241377383471 5.17241377383471 0
         vertex -8.62068962305784 1.72413792461157 0
      endloop
   endfacet
   facet normal 0 0 -1
      outer loop
         vertex -8.62068962305784 1.72413792461157 0
         vertex -5.17241377383471 5.17241377383471 0
         vertex -5.17241377383471 1.72413792461157 0
      endloop
   endfacet
   facet normal 0 0 -1
      outer loop
         vertex -8.62068962305784 1.72413792461157 0
         vertex -5.17241377383471 1.72413792461157 0
         vertex -8.62068962305784 -1.72413792461157 0
      endloop
   endfacet
   facet normal 0 0 -1
      outer loop
         vertex -8.62068962305784 -1.72413792461157 0
         vertex -5.17241377383471 1.72413792461157 0
         vertex -5.17241377383471 -1.72413792461157 0
      endloop
   endfacet
   facet normal 0 0 -1
      outer loop
         vertex -8.62068962305784 -1.72413792461157 0
         vertex -5.17241377383471 -1.72413792461157 0
         vertex -8.62068962305784 -5.17241377383471 0
      endloop
   endfacet
   facet normal 0 0 -1
      outer loop
         vertex -8.62068962305784 -5.17241377383471 0
         vertex -5.17241377383471 -1.72413792461157 0
         vertex -5.17241377383471 -5.17241377383471 0
      endloop
   endfacet
   facet normal 0 0 -1
      outer loop
         vertex -8.62068962305784 -5.17241377383471 0
         vertex -5.17241377383471 -5.17241377383471 0
         vertex -8.62068962305784 -8.62068962305784 0
      endloop
   endfacet
   facet normal 0 0 -1
      outer loop
         vertex -8.62068962305784 -8.62068962305784 0
         vertex -5.17241377383471 -5.17241377383471 0
         vertex -5.17241377383471 -8.62068962305784 0
      endloop
   endfacet
   facet normal 0 0 -1
      outer loop
         vertex -8.62068962305784 -8.62068962305784 0
         vertex -5.17241377383471 -8.62068962305784 0
         vertex -8.62068962305784 -12.068965472281 0
      endloop
   endfacet
   facet normal 0 0 -1
      outer loop
         vertex -8.62068962305784 -12.068965472281 0
         vertex -5.17241377383471 -8.62068962305784 0
         vertex -5.17241377383471 -12.068965472281 0
      endloop
   endfacet
   facet normal 0 0 -1
      outer loop
         vertex -8.62068962305784 -12.068965472281 0
         vertex -5.17241377383471 -12.068965472281 0
         vertex -8.62068962305784 -15.5172413215041 0
      endloop
   endfacet
   facet normal 0 0 -1
      outer loop
         vertex -8.62068962305784 -15.5172413215041 0
         vertex -5.17241377383471 -12.068965472281 0
         vertex -5.17241377383471 -15.5172413215041 0
      endloop
   endfacet
   facet normal 0 0 -1
      outer loop
         vertex -8.62068962305784 -15.5172413215041 0
         vertex -5.17241377383471 -15.5172413215041 0
         vertex -8.62068962305784 -18.9655181020498 0
      endloop
   endfacet
   facet normal 0 0 -1
      outer loop
         vertex -8.62068962305784 -18.9655181020498 0
         vertex -5.17241377383471 -15.5172413215041 0
         vertex -5.17241377383471 -18.9655181020498 0
      endloop
   endfacet
   facet normal 0 0 -1
      outer loop
         vertex -8.62068962305784 -18.9655181020498 0
         vertex -5.17241377383471 -18.9655181020498 0
         vertex -8.62068962305784 -22.413793951273 0
      endloop
   endfacet
   facet normal 0 0 -1
      outer loop
         vertex -8.62068962305784 -22.413793951273 0
         vertex -5.17241377383471 -18.9655181020498 0
         vertex -5.17241377383471 -22.413793951273 0
      endloop
   endfacet
   facet normal 0 0 -1
      outer loop
         vertex -5.17241377383471 32.7586196362972 0
         vertex -1.72413792461157 32.7586196362972 0
         vertex -5.17241377383471 29.3103456497192 0
      endloop
   endfacet
   facet normal 0 0 -1
      outer loop
         vertex -5.17241377383471 29.3103456497192 0
         vertex -1.72413792461157 32.7586196362972 0
         vertex -1.72413792461157 29.3103456497192 0
      endloop
   endfacet
   facet normal 0 0 -1
      outer loop
         vertex -5.17241377383471 29.3103456497192 0
         vertex -1.72413792461157 29.3103456497192 0
         vertex -5.17241377383471 25.8620698004961 0
      endloop
   endfacet
   facet normal 0 0 -1
      outer loop
         vertex -5.17241377383471 25.8620698004961 0
         vertex -1.72413792461157 29.3103456497192 0
         vertex -1.72413792461157 25.8620698004961 0
      endloop
   endfacet
   facet normal 0 0 -1
      outer loop
         vertex -5.17241377383471 25.8620698004961 0
         vertex -1.72413792461157 25.8620698004961 0
         vertex -5.17241377383471 22.413793951273 0
      endloop
   endfacet
   facet normal 0 0 -1
      outer loop
         vertex -5.17241377383471 22.413793951273 0
         vertex -1.72413792461157 25.8620698004961 0
         vertex -1.72413792461157 22.413793951273 0
      endloop
   endfacet
   facet normal 0 0 -1
      outer loop
         vertex -5.17241377383471 22.413793951273 0
         vertex -1.72413792461157 22.413793951273 0
         vertex -5.17241377383471 18.9655181020498 0
      endloop
   endfacet
   facet normal 0 0 -1
      outer loop
         vertex -5.17241377383471 18.9655181020498 0
         vertex -1.72413792461157 22.413793951273 0
         vertex -1.72413792461157 18.9655181020498 0
      endloop
   endfacet
   facet normal 0 0 -1
      outer loop
         vertex -5.17241377383471 18.9655181020498 0
         vertex -1.72413792461157 18.9655181020498 0
         vertex -5.17241377383471 15.5172413215041 0
      endloop
   endfacet
   facet normal 0 0 -1
      outer loop
         vertex -5.17241377383471 15.5172413215041 0
         vertex -1.72413792461157 18.9655181020498 0
         vertex -1.72413792461157 15.5172413215041 0
      endloop
   endfacet
   facet normal 0 0 -1
      outer loop
         vertex -5.17241377383471 15.5172413215041 0
         vertex -1.72413792461157 15.5172413215041 0
         vertex -5.17241377383471 12.068965472281 0
      endloop
   endfacet
   facet normal 0 0 -1
      outer loop
         vertex -5.17241377383471 12.068965472281 0
         vertex -1.72413792461157 15.5172413215041 0
         vertex -1.72413792461157 12.068965472281 0
      endloop
   endfacet
   facet normal 0 0 -1
      outer loop
         vertex -5.17241377383471 12.068965472281 0
         vertex -1.72413792461157 12.068965472281 0
         vertex -5.17241377383471 8.62068962305784 0
      endloop
   endfacet
   facet normal 0 0 -1
      outer loop
         vertex -5.17241377383471 8.62068962305784 0
         vertex -1.72413792461157 12.068965472281 0
         vertex -1.72413792461157 8.62068962305784 0
      endloop
   endfacet
   facet normal 0 0 -1
      outer loop
         vertex -5.17241377383471 8.62068962305784 0
         vertex -1.72413792461157 8.62068962305784 0
         vertex -5.17241377383471 5.17241377383471 0
      endloop
   endfacet
   facet normal 0 0 -1
      outer loop
         vertex -5.17241377383471 5.17241377383471 0
         vertex -1.72413792461157 8.62068962305784 0
         vertex -1.72413792461157 5.17241377383471 0
      endloop
   endfacet
   facet normal 0 0 -1
      outer loop
         vertex -5.17241377383471 5.17241377383471 0
         vertex -1.72413792461157 5.17241377383471 0
         vertex -5.17241377383471 1.72413792461157 0
      endloop
   endfacet
   facet normal 0 0 -1
      outer loop
         vertex -5.17241377383471 1.72413792461157 0
         vertex -1.72413792461157 5.17241377383471 0
         vertex -1.72413792461157 1.72413792461157 0
      endloop
   endfacet
   facet normal 0 0 -1
      outer loop
         vertex -5.17241377383471 1.72413792461157 0
         vertex -1.72413792461157 1.72413792461157 0
         vertex -5.17241377383471 -1.72413792461157 0
      endloop
   endfacet
   facet normal 0 0 -1
      outer loop
         vertex -5.17241377383471 -1.72413792461157 0
         vertex -1.72413792461157 1.72413792461157 0
         vertex -1.72413792461157 -1.72413792461157 0
      endloop
   endfacet
   facet normal 0 0 -1
      outer loop
         vertex -5.17241377383471 -1.72413792461157 0
         vertex -1.72413792461157 -1.72413792461157 0
         vertex -5.17241377383471 -5.17241377383471 0
      endloop
   endfacet
   facet normal 0 0 -1
      outer loop
         vertex -5.17241377383471 -5.17241377383471 0
         vertex -1.72413792461157 -1.72413792461157 0
         vertex -1.72413792461157 -5.17241377383471 0
      endloop
   endfacet
   facet normal 0 0 -1
      outer loop
         vertex -5.17241377383471 -5.17241377383471 0
         vertex -1.72413792461157 -5.17241377383471 0
         vertex -5.17241377383471 -8.62068962305784 0
      endloop
   endfacet
   facet normal 0 0 -1
      outer loop
         vertex -5.17241377383471 -8.62068962305784 0
         vertex -1.72413792461157 -5.17241377383471 0
         vertex -1.72413792461157 -8.62068962305784 0
      endloop
   endfacet
   facet normal 0 0 -1
      outer loop
         vertex -5.17241377383471 -8.62068962305784 0
         vertex -1.72413792461157 -8.62068962305784 0
         vertex -5.17241377383471 -12.068965472281 0
      endloop
   endfacet
   facet normal 0 0 -1
      outer loop
         vertex -5.17241377383471 -12.068965472281 0
         vertex -1.72413792461157 -8.62068962305784 0
         vertex -1.72413792461157 -12.068965472281 0
      endloop
   endfacet
   facet normal 0 0 -1
      outer loop
         vertex -5.17241377383471 -12.068965472281 0
         vertex -1.72413792461157 -12.068965472281 0
         vertex -5.17241377383471 -15.5172413215041 0
      endloop
   endfacet
   facet normal 0 0 -1
      outer loop
         vertex -5.17241377383471 -15.5172413215041 0
         vertex -1.72413792461157 -12.068965472281 0
         vertex -1.72413792461157 -15.5172413215041 0
      endloop
   endfacet
   facet normal 0 0 -1
      outer loop
         vertex -5.17241377383471 -15.5172413215041 0
         vertex -1.72413792461157 -15.5172413215041 0
         vertex -5.17241377383471 -18.9655181020498 0
      endloop
   endfacet
   facet normal 0 0 -1
      outer loop
         vertex -5.17241377383471 -18.9655181020498 0
         vertex -1.72413792461157 -15.5172413215041 0
         vertex -1.72413792461157 -18.9655181020498 0
      endloop
   endfacet
   facet normal 0 0 -1
      outer loop
         vertex -5.17241377383471 -18.9655181020498 0
         vertex -1.72413792461157 -18.9655181020498 0
         vertex -5.17241377383471 -22.413793951273 0
      endloop
   endfacet
   facet normal 0 0 -1
      outer loop
         vertex -5.17241377383471 -22.413793951273 0
         vertex -1.72413792461157 -18.9655181020498 0
         vertex -1.72413792461157 -22.413793951273 0
      endloop
   endfacet
   facet normal 0 0 -1
      outer loop
         vertex -1.72413792461157 36.2068973481655 0
         vertex 1.72413792461157 36.2068973481655 0
         vertex -1.72413792461157 32.7586196362972 0
      endloop
   endfacet
   facet normal 0 0 -1
      outer loop
         vertex -1.72413792461157 32.7586196362972 0
         vertex 1.72413792461157 36.2068973481655 0
         vertex 1.72413792461157 32.7586196362972 0
      endloop
   endfacet
   facet normal 0 0 -1
      outer loop
         vertex -1.72413792461157 32.7586196362972 0
         vertex 1.72413792461157 32.7586196362972 0
         vertex -1.72413792461157 29.3103456497192 0
      endloop
   endfacet
   facet normal 0 0 -1
      outer loop
         vertex -1.72413792461157 29.3103456497192 0
         vertex 1.72413792461157 32.7586196362972 0
         vertex 1.72413792461157 29.3103456497192 0
      endloop
   endfacet
   facet normal 0 0 -1
      outer loop
         vertex -1.72413792461157 29.3103456497192 0
         vertex 1.72413792461157 29.3103456497192 0
         vertex -1.72413792461157 25.8620698004961 0
      endloop
   endfacet
   facet normal 0 0 -1
      outer loop
         vertex -1.72413792461157 25.8620698004961 0
         vertex 1.72413792461157 29.3103456497192 0
         vertex 1.72413792461157 25.8620698004961 0
      endloop
   endfacet
   facet normal 0 0 -1
      outer loop
         vertex -1.72413792461157 25.8620698004961 0
         vertex 1.72413792461157 25.8620698004961 0
         vertex -1.72413792461157 22.413793951273 0
      endloop
   endfacet
   facet normal 0 0 -1
      outer loop
         vertex -1.72413792461157 22.413793951273 0
         vertex 1.72413792461157 25.8620698004961 0
         vertex 1.72413792461157 22.413793951273 0
      endloop
   endfacet
   facet normal 0 0 -1
      outer loop
         vertex -1.72413792461157 22.413793951273 0
         vertex 1.72413792461157 22.413793951273 0
         vertex -1.72413792461157 18.9655181020498 0
      endloop
   endfacet
   facet normal 0 0 -1
      outer loop
         vertex -1.72413792461157 18.9655181020498 0
         vertex 1.72413792461157 22.413793951273 0
         vertex 1.72413792461157 18.9655181020498 0
      endloop
   endfacet
   facet normal 0 0 -1
      outer loop
         vertex -1.72413792461157 18.9655181020498 0
         vertex 1.72413792461157 18.9655181020498 0
         vertex -1.72413792461157 15.5172413215041 0
      endloop
   endfacet
   facet normal 0 0 -1
      outer loop
         vertex -1.72413792461157 15.5172413215041 0
         vertex 1.72413792461157 18.9655181020498 0
         vertex 1.72413792461157 15.5172413215041 0
      endloop
   endfacet
   facet normal 0 0 -1
      outer loop
         vertex -1.72413792461157 15.5172413215041 0
         vertex 1.72413792461157 15.5172413215041 0
         vertex -1.72413792461157 12.068965472281 0
      endloop
   endfacet
   facet normal 0 0 -1
      outer loop
         vertex -1.72413792461157 12.068965472281 0
         vertex 1.72413792461157 15.5172413215041 0
         vertex 1.72413792461157 12.068965472281 0
      endloop
   endfacet
   facet normal 0 0 -1
      outer loop
         vertex -1.72413792461157 12.068965472281 0
         vertex 1.72413792461157 12.068965472281 0
         vertex -1.72413792461157 8.62068962305784 0
      endloop
   endfacet
   facet normal 0 0 -1
      outer loop
         vertex -1.72413792461157 8.62068962305784 0
         vertex 1.72413792461157 12.068965472281 0
         vertex 1.72413792461157 8.62068962305784 0
      endloop
   endfacet
   facet normal 0 0 -1
      outer loop
         vertex -1.72413792461157 8.62068962305784 0
         vertex 1.72413792461157 8.62068962305784 0
         vertex -1.72413792461157 5.17241377383471 0
      endloop
   endfacet
   facet normal 0 0 -1
      outer loop
         vertex -1.72413792461157 5.17241377383471 0
         vertex 1.72413792461157 8.62068962305784 0
         vertex 1.72413792461157 5.17241377383471 0
      endloop
   endfacet
   facet normal 0 0 -1
      outer loop
         vertex -1.72413792461157 5.17241377383471 0
         vertex 1.72413792461157 5.17241377383471 0
         vertex -1.72413792461157 1.72413792461157 0
      endloop
   endfacet
   facet normal 0 0 -1
      outer loop
         vertex -1.72413792461157 1.72413792461157 0
         vertex 1.72413792461157 5.17241377383471 0
         vertex 1.72413792461157 1.72413792461157 0
      endloop
   endfacet
   facet normal 0 0 -1
      outer loop
         vertex -1.72413792461157 1.72413792461157 0
         vertex 1.72413792461157 1.72413792461157 0
         vertex -1.72413792461157 -1.72413792461157 0
      endloop
   endfacet
   facet normal 0 0 -1
      outer loop
         vertex -1.72413792461157 -1.72413792461157 0
         vertex 1.72413792461157 1.72413792461157 0
         vertex 1.72413792461157 -1.72413792461157 0
      endloop
   endfacet
   facet normal 0 0 -1
      outer loop
         vertex -1.72413792461157 -1.72413792461157 0
         vertex 1.72413792461157 -1.72413792461157 0
         vertex -1.72413792461157 -5.17241377383471 0
      endloop
   endfacet
   facet normal 0 0 -1
      outer loop
         vertex -1.72413792461157 -5.17241377383471 0
         vertex 1.72413792461157 -1.72413792461157 0
         vertex 1.72413792461157 -5.17241377383471 0
      endloop
   endfacet
   facet normal 0 0 -1
      outer loop
         vertex -1.72413792461157 -5.17241377383471 0
         vertex 1.72413792461157 -5.17241377383471 0
         vertex -1.72413792461157 -8.62068962305784 0
      endloop
   endfacet
   facet normal 0 0 -1
      outer loop
         vertex -1.72413792461157 -8.62068962305784 0
         vertex 1.72413792461157 -5.17241377383471 0
         vertex 1.72413792461157 -8.62068962305784 0
      endloop
   endfacet
   facet normal 0 0 -1
      outer loop
         vertex -1.72413792461157 -8.62068962305784 0
         vertex 1.72413792461157 -8.62068962305784 0
         vertex -1.72413792461157 -12.068965472281 0
      endloop
   endfacet
   facet normal 0 0 -1
      outer loop
         vertex -1.72413792461157 -12.068965472281 0
         vertex 1.72413792461157 -8.62068962305784 0
         vertex 1.72413792461157 -12.068965472281 0
      endloop
   endfacet
   facet normal 0 0 -1
      outer loop
         vertex -1.72413792461157 -12.068965472281 0
         vertex 1.72413792461157 -12.068965472281 0
         vertex -1.72413792461157 -15.5172413215041 0
      endloop
   endfacet
   facet normal 0 0 -1
      outer loop
         vertex -1.72413792461157 -15.5172413215041 0
         vertex 1.72413792461157 -12.068965472281 0
         vertex 1.72413792461157 -15.5172413215041 0
      endloop
   endfacet
   facet normal 0 0 -1
      outer loop
         vertex -1.72413792461157 -15.5172413215041 0
         vertex 1.72413792461157 -15.5172413215041 0
         vertex -1.72413792461157 -18.9655181020498 0
      endloop
   endfacet
   facet normal 0 0 -1
      outer loop
         vertex -1.72413792461157 -18.9655181020498 0
         vertex 1.72413792461157 -15.5172413215041 0
         vertex 1.72413792461157 -18.9655181020498 0
      endloop
   endfacet
   facet normal 0 0 -1
      outer loop
         vertex -1.72413792461157 -18.9655181020498 0
         vertex 1.72413792461157 -18.9655181020498 0
         vertex -1.72413792461157 -22.413793951273 0
      endloop
   endfacet
   facet normal 0 0 -1
      outer loop
         vertex -1.72413792461157 -22.413793951273 0
         vertex 1.72413792461157 -18.9655181020498 0
         vertex 1.72413792461157 -22.413793951273 0
      endloop
   endfacet
   facet normal 0 0 -1
      outer loop
         vertex 1.72413792461157 39.6551713347435 0
         vertex 5.17241377383471 39.6551713347435 0
         vertex 1.72413792461157 36.2068973481655 0
      endloop
   endfacet
   facet normal 0 0 -1
      outer loop
         vertex 1.72413792461157 36.2068973481655 0
         vertex 5.17241377383471 39.6551713347435 0
         vertex 5.17241377383471 36.2068973481655 0
      endloop
   endfacet
   facet normal 0 0 -1
      outer loop
         vertex 1.72413792461157 36.2068973481655 0
         vertex 5.17241377383471 36.2068973481655 0
         vertex 1.72413792461157 32.7586196362972 0
      endloop
   endfacet
   facet normal 0 0 -1
      outer loop
         vertex 1.72413792461157 32.7586196362972 0
         vertex 5.17241377383471 36.2068973481655 0
         vertex 5.17241377383471 32.7586196362972 0
      endloop
   endfacet
   facet normal 0 0 -1
      outer loop
         vertex 1.72413792461157 32.7586196362972 0
         vertex 5.17241377383471 32.7586196362972 0
         vertex 1.72413792461157 29.3103456497192 0
      endloop
   endfacet
   facet normal 0 0 -1
      outer loop
         vertex 1.72413792461157 29.3103456497192 0
         vertex 5.17241377383471 32.7586196362972 0
         vertex 5.17241377383471 29.3103456497192 0
      endloop
   endfacet
   facet normal 0 0 -1
      outer loop
         vertex 1.72413792461157 29.3103456497192 0
         vertex 5.17241377383471 29.3103456497192 0
         vertex 1.72413792461157 25.8620698004961 0
      endloop
   endfacet
   facet normal 0 0 -1
      outer loop
         vertex 1.72413792461157 25.8620698004961 0
         vertex 5.17241377383471 29.3103456497192 0
         vertex 5.17241377383471 25.8620698004961 0
      endloop
   endfacet
   facet normal 0 0 -1
      outer loop
         vertex 1.72413792461157 25.8620698004961 0
         vertex 5.17241377383471 25.8620698004961 0
         vertex 1.72413792461157 22.413793951273 0
      endloop
   endfacet
   facet normal 0 0 -1
      outer loop
         vertex 1.72413792461157 22.413793951273 0
         vertex 5.17241377383471 25.8620698004961 0
         vertex 5.17241377383471 22.413793951273 0
      endloop
   endfacet
   facet normal 0 0 -1
      outer loop
         vertex 1.72413792461157 22.413793951273 0
         vertex 5.17241377383471 22.413793951273 0
         vertex 1.72413792461157 18.9655181020498 0
      endloop
   endfacet
   facet normal 0 0 -1
      outer loop
         vertex 1.72413792461157 18.9655181020498 0
         vertex 5.17241377383471 22.413793951273 0
         vertex 5.17241377383471 18.9655181020498 0
      endloop
   endfacet
   facet normal 0 0 -1
      outer loop
         vertex 1.72413792461157 18.9655181020498 0
         vertex 5.17241377383471 18.9655181020498 0
         vertex 1.72413792461157 15.5172413215041 0
      endloop
   endfacet
   facet normal 0 0 -1
      outer loop
         vertex 1.72413792461157 15.5172413215041 0
         vertex 5.17241377383471 18.9655181020498 0
         vertex 5.17241377383471 15.5172413215041 0
      endloop
   endfacet
   facet normal 0 0 -1
      outer loop
         vertex 1.72413792461157 15.5172413215041 0
         vertex 5.17241377383471 15.5172413215041 0
         vertex 1.72413792461157 12.068965472281 0
      endloop
   endfacet
   facet normal 0 0 -1
      outer loop
         vertex 1.72413792461157 12.068965472281 0
         vertex 5.17241377383471 15.5172413215041 0
         vertex 5.17241377383471 12.068965472281 0
      endloop
   endfacet
   facet normal 0 0 -1
      outer loop
         vertex 1.72413792461157 12.068965472281 0
         vertex 5.17241377383471 12.068965472281 0
         vertex 1.72413792461157 8.62068962305784 0
      endloop
   endfacet
   facet normal 0 0 -1
      outer loop
         vertex 1.72413792461157 8.62068962305784 0
         vertex 5.17241377383471 12.068965472281 0
         vertex 5.17241377383471 8.62068962305784 0
      endloop
   endfacet
   facet normal 0 0 -1
      outer loop
         vertex 1.72413792461157 8.62068962305784 0
         vertex 5.17241377383471 8.62068962305784 0
         vertex 1.72413792461157 5.17241377383471 0
      endloop
   endfacet
   facet normal 0 0 -1
      outer loop
         vertex 1.72413792461157 5.17241377383471 0
         vertex 5.17241377383471 8.62068962305784 0
         vertex 5.17241377383471 5.17241377383471 0
      endloop
   endfacet
   facet normal 0 0 -1
      outer loop
         vertex 1.72413792461157 5.17241377383471 0
         vertex 5.17241377383471 5.17241377383471 0
         vertex 1.72413792461157 1.72413792461157 0
      endloop
   endfacet
   facet normal 0 0 -1
      outer loop
         vertex 1.72413792461157 1.72413792461157 0
         vertex 5.17241377383471 5.17241377383471 0
         vertex 5.17241377383471 1.72413792461157 0
      endloop
   endfacet
   facet normal 0 0 -1
      outer loop
         vertex 1.72413792461157 1.72413792461157 0
         vertex 5.17241377383471 1.72413792461157 0
         vertex 1.72413792461157 -1.72413792461157 0
      endloop
   endfacet
   facet normal 0 0 -1
      outer loop
         vertex 1.72413792461157 -1.72413792461157 0
         vertex 5.17241377383471 1.72413792461157 0
         vertex 5.17241377383471 -1.72413792461157 0
      endloop
   endfacet
   facet normal 0 0 -1
      outer loop
         vertex 1.72413792461157 -1.72413792461157 0
         vertex 5.17241377383471 -1.72413792461157 0
         vertex 1.72413792461157 -5.17241377383471 0
      endloop
   endfacet
   facet normal 0 0 -1
      outer loop
         vertex 1.72413792461157 -5.17241377383471 0
         vertex 5.17241377383471 -1.72413792461157 0
         vertex 5.17241377383471 -5.17241377383471 0
      endloop
   endfacet
   facet normal 0 0 -1
      outer loop
         vertex 1.72413792461157 -5.17241377383471 0
         vertex 5.17241377383471 -5.17241377383471 0
         vertex 1.72413792461157 -8.62068962305784 0
      endloop
   endfacet
   facet normal 0 0 -1
      outer loop
         vertex 1.72413792461157 -8.62068962305784 0
         vertex 5.17241377383471 -5.17241377383471 0
         vertex 5.17241377383471 -8.62068962305784 0
      endloop
   endfacet
   facet normal 0 0 -1
      outer loop
         vertex 1.72413792461157 -8.62068962305784 0
         vertex 5.17241377383471 -8.62068962305784 0
         vertex 1.72413792461157 -12.068965472281 0
      endloop
   endfacet
   facet normal 0 0 -1
      outer loop
         vertex 1.72413792461157 -12.068965472281 0
         vertex 5.17241377383471 -8.62068962305784 0
         vertex 5.17241377383471 -12.068965472281 0
      endloop
   endfacet
   facet normal 0 0 -1
      outer loop
         vertex 1.72413792461157 -12.068965472281 0
         vertex 5.17241377383471 -12.068965472281 0
         vertex 1.72413792461157 -15.5172413215041 0
      endloop
   endfacet
   facet normal 0 0 -1
      outer loop
         vertex 1.72413792461157 -15.5172413215041 0
         vertex 5.17241377383471 -12.068965472281 0
         vertex 5.17241377383471 -15.5172413215041 0
      endloop
   endfacet
   facet normal 0 0 -1
      outer loop
         vertex 1.72413792461157 -15.5172413215041 0
         vertex 5.17241377383471 -15.5172413215041 0
         vertex 1.72413792461157 -18.9655181020498 0
      endloop
   endfacet
   facet normal 0 0 -1
      outer loop
         vertex 1.72413792461157 -18.9655181020498 0
         vertex 5.17241377383471 -15.5172413215041 0
         vertex 5.17241377383471 -18.9655181020498 0
      endloop
   endfacet
   facet normal 0 0 -1
      outer loop
         vertex 1.72413792461157 -18.9655181020498 0
         vertex 5.17241377383471 -18.9655181020498 0
         vertex 1.72413792461157 -22.413793951273 0
      endloop
   endfacet
   facet normal 0 0 -1
      outer loop
         vertex 1.72413792461157 -22.413793951273 0
         vertex 5.17241377383471 -18.9655181020498 0
         vertex 5.17241377383471 -22.413793951273 0
      endloop
   endfacet
   facet normal 0 0 -1
      outer loop
         vertex 5.17241377383471 43.1034490466118 0
         vertex 8.62068962305784 43.1034490466118 0
         vertex 5.17241377383471 39.6551713347435 0
      endloop
   endfacet
   facet normal 0 0 -1
      outer loop
         vertex 5.17241377383471 39.6551713347435 0
         vertex 8.62068962305784 43.1034490466118 0
         vertex 8.62068962305784 39.6551713347435 0
      endloop
   endfacet
   facet normal 0 0 -1
      outer loop
         vertex 5.17241377383471 39.6551713347435 0
         vertex 8.62068962305784 39.6551713347435 0
         vertex 5.17241377383471 36.2068973481655 0
      endloop
   endfacet
   facet normal 0 0 -1
      outer loop
         vertex 5.17241377383471 36.2068973481655 0
         vertex 8.62068962305784 39.6551713347435 0
         vertex 8.62068962305784 36.2068973481655 0
      endloop
   endfacet
   facet normal 0 0 -1
      outer loop
         vertex 5.17241377383471 36.2068973481655 0
         vertex 8.62068962305784 36.2068973481655 0
         vertex 5.17241377383471 32.7586196362972 0
      endloop
   endfacet
   facet normal 0 0 -1
      outer loop
         vertex 5.17241377383471 32.7586196362972 0
         vertex 8.62068962305784 36.2068973481655 0
         vertex 8.62068962305784 32.7586196362972 0
      endloop
   endfacet
   facet normal 0 0 -1
      outer loop
         vertex 5.17241377383471 32.7586196362972 0
         vertex 8.62068962305784 32.7586196362972 0
         vertex 5.17241377383471 29.3103456497192 0
      endloop
   endfacet
   facet normal 0 0 -1
      outer loop
         vertex 5.17241377383471 29.3103456497192 0
         vertex 8.62068962305784 32.7586196362972 0
         vertex 8.62068962305784 29.3103456497192 0
      endloop
   endfacet
   facet normal 0 0 -1
      outer loop
         vertex 5.17241377383471 29.3103456497192 0
         vertex 8.62068962305784 29.3103456497192 0
         vertex 5.17241377383471 25.8620698004961 0
      endloop
   endfacet
   facet normal 0 0 -1
      outer loop
         vertex 5.17241377383471 25.8620698004961 0
         vertex 8.62068962305784 29.3103456497192 0
         vertex 8.62068962305784 25.8620698004961 0
      endloop
   endfacet
   facet normal 0 0 -1
      outer loop
         vertex 5.17241377383471 25.8620698004961 0
         vertex 8.62068962305784 25.8620698004961 0
         vertex 5.17241377383471 22.413793951273 0
      endloop
   endfacet
   facet normal 0 0 -1
      outer loop
         vertex 5.17241377383471 22.413793951273 0
         vertex 8.62068962305784 25.8620698004961 0
         vertex 8.62068962305784 22.413793951273 0
      endloop
   endfacet
   facet normal 0 0 -1
      outer loop
         vertex 5.17241377383471 22.413793951273 0
         vertex 8.62068962305784 22.413793951273 0
         vertex 5.17241377383471 18.9655181020498 0
      endloop
   endfacet
   facet normal 0 0 -1
      outer loop
         vertex 5.17241377383471 18.9655181020498 0
         vertex 8.62068962305784 22.413793951273 0
         vertex 8.62068962305784 18.9655181020498 0
      endloop
   endfacet
   facet normal 0 0 -1
      outer loop
         vertex 5.17241377383471 18.9655181020498 0
         vertex 8.62068962305784 18.9655181020498 0
         vertex 5.17241377383471 15.5172413215041 0
      endloop
   endfacet
   facet normal 0 0 -1
      outer loop
         vertex 5.17241377383471 15.5172413215041 0
         vertex 8.62068962305784 18.9655181020498 0
         vertex 8.62068962305784 15.5172413215041 0
      endloop
   endfacet
   facet normal 0 0 -1
      outer loop
         vertex 5.17241377383471 15.5172413215041 0
         vertex 8.62068962305784 15.5172413215041 0
         vertex 5.17241377383471 12.068965472281 0
      endloop
   endfacet
   facet normal 0 0 -1
      outer loop
         vertex 5.17241377383471 12.068965472281 0
         vertex 8.62068962305784 15.5172413215041 0
         vertex 8.62068962305784 12.068965472281 0
      endloop
   endfacet
   facet normal 0 0 -1
      outer loop
         vertex 5.17241377383471 12.068965472281 0
         vertex 8.62068962305784 12.068965472281 0
         vertex 5.17241377383471 8.62068962305784 0
      endloop
   endfacet
   facet normal 0 0 -1
      outer loop
         vertex 5.17241377383471 8.62068962305784 0
         vertex 8.62068962305784 12.068965472281 0
         vertex 8.62068962305784 8.62068962305784 0
      endloop
   endfacet
   facet normal 0 0 -1
      outer loop
         vertex 5.17241377383471 8.62068962305784 0
         vertex 8.62068962305784 8.62068962305784 0
         vertex 5.17241377383471 5.17241377383471 0
      endloop
   endfacet
   facet normal 0 0 -1
      outer loop
         vertex 5.17241377383471 5.17241377383471 0
         vertex 8.62068962305784 8.62068962305784 0
         vertex 8.62068962305784 5.17241377383471 0
      endloop
   endfacet
   facet normal 0 0 -1
      outer loop
         vertex 5.17241377383471 5.17241377383471 0
         vertex 8.62068962305784 5.17241377383471 0
         vertex 5.17241377383471 1.72413792461157 0
      endloop
   endfacet
   facet normal 0 0 -1
      outer loop
         vertex 5.17241377383471 1.72413792461157 0
         vertex 8.62068962305784 5.17241377383471 0
         vertex 8.62068962305784 1.72413792461157 0
      endloop
   endfacet
   facet normal 0 0 -1
      outer loop
         vertex 5.17241377383471 1.72413792461157 0
         vertex 8.62068962305784 1.72413792461157 0
         vertex 5.17241377383471 -1.72413792461157 0
      endloop
   endfacet
   facet normal 0 0 -1
      outer loop
         vertex 5.17241377383471 -1.72413792461157 0
         vertex 8.62068962305784 1.72413792461157 0
         vertex 8.62068962305784 -1.72413792461157 0
      endloop
   endfacet
   facet normal 0 0 -1
      outer loop
         vertex 5.17241377383471 -1.72413792461157 0
         vertex 8.62068962305784 -1.72413792461157 0
         vertex 5.17241377383471 -5.17241377383471 0
      endloop
   endfacet
   facet normal 0 0 -1
      outer loop
         vertex 5.17241377383471 -5.17241377383471 0
         vertex 8.62068962305784 -1.72413792461157 0
         vertex 8.62068962305784 -5.17241377383471 0
      endloop
   endfacet
   facet normal 0 0 -1
      outer loop
         vertex 5.17241377383471 -5.17241377383471 0
         vertex 8.62068962305784 -5.17241377383471 0
         vertex 5.17241377383471 -8.62068962305784 0
      endloop
   endfacet
   facet normal 0 0 -1
      outer loop
         vertex 5.17241377383471 -8.62068962305784 0
         vertex 8.62068962305784 -5.17241377383471 0
         vertex 8.62068962305784 -8.62068962305784 0
      endloop
   endfacet
   facet normal 0 0 -1
      outer loop
         vertex 5.17241377383471 -8.62068962305784 0
         vertex 8.62068962305784 -8.62068962305784 0
         vertex 5.17241377383471 -12.068965472281 0
      endloop
   endfacet
   facet normal 0 0 -1
      outer loop
         vertex 5.17241377383471 -12.068965472281 0
         vertex 8.62068962305784 -8.62068962305784 0
         vertex 8.62068962305784 -12.068965472281 0
      endloop
   endfacet
   facet normal 0 0 -1
      outer loop
         vertex 5.17241377383471 -12.068965472281 0
         vertex 8.62068962305784 -12.068965472281 0
         vertex 5.17241377383471 -15.5172413215041 0
      endloop
   endfacet
   facet normal 0 0 -1
      outer loop
         vertex 5.17241377383471 -15.5172413215041 0
         vertex 8.62068962305784 -12.068965472281 0
         vertex 8.62068962305784 -15.5172413215041 0
      endloop
   endfacet
   facet normal 0 0 -1
      outer loop
         vertex 5.17241377383471 -15.5172413215041 0
         vertex 8.62068962305784 -15.5172413215041 0
         vertex 5.17241377383471 -18.9655181020498 0
      endloop
   endfacet
   facet normal 0 0 -1
      outer loop
         vertex 5.17241377383471 -18.9655181020498 0
         vertex 8.62068962305784 -15.5172413215041 0
         vertex 8.62068962305784 -18.9655181020498 0
      endloop
   endfacet
   facet normal 0 0 -1
      outer loop
         vertex 5.17241377383471 -18.9655181020498 0
         vertex 8.62068962305784 -18.9655181020498 0
         vertex 5.17241377383471 -22.413793951273 0
      endloop
   endfacet
   facet normal 0 0 -1
      outer loop
         vertex 5.17241377383471 -22.413793951273 0
         vertex 8.62068962305784 -18.9655181020498 0
         vertex 8.62068962305784 -22.413793951273 0
      endloop
   endfacet
   facet normal 0 0 -1
      outer loop
         vertex 8.62068962305784 46.5517230331898 0
         vertex 12.068965472281 46.5517230331898 0
         vertex 8.62068962305784 43.1034490466118 0
      endloop
   endfacet
   facet normal 0 0 -1
      outer loop
         vertex 8.62068962305784 43.1034490466118 0
         vertex 12.068965472281 46.5517230331898 0
         vertex 12.068965472281 43.1034490466118 0
      endloop
   endfacet
   facet normal 0 0 -1
      outer loop
         vertex 8.62068962305784 43.1034490466118 0
         vertex 12.068965472281 43.1034490466118 0
         vertex 8.62068962305784 39.6551713347435 0
      endloop
   endfacet
   facet normal 0 0 -1
      outer loop
         vertex 8.62068962305784 39.6551713347435 0
         vertex 12.068965472281 43.1034490466118 0
         vertex 12.068965472281 39.6551713347435 0
      endloop
   endfacet
   facet normal 0 0 -1
      outer loop
         vertex 8.62068962305784 39.6551713347435 0
         vertex 12.068965472281 39.6551713347435 0
         vertex 8.62068962305784 36.2068973481655 0
      endloop
   endfacet
   facet normal 0 0 -1
      outer loop
         vertex 8.62068962305784 36.2068973481655 0
         vertex 12.068965472281 39.6551713347435 0
         vertex 12.068965472281 36.2068973481655 0
      endloop
   endfacet
   facet normal 0 0 -1
      outer loop
         vertex 8.62068962305784 36.2068973481655 0
         vertex 12.068965472281 36.2068973481655 0
         vertex 8.62068962305784 32.7586196362972 0
      endloop
   endfacet
   facet normal 0 0 -1
      outer loop
         vertex 8.62068962305784 32.7586196362972 0
         vertex 12.068965472281 36.2068973481655 0
         vertex 12.068965472281 32.7586196362972 0
      endloop
   endfacet
   facet normal 0 0 -1
      outer loop
         vertex 8.62068962305784 32.7586196362972 0
         vertex 12.068965472281 32.7586196362972 0
         vertex 8.62068962305784 29.3103456497192 0
      endloop
   endfacet
   facet normal 0 0 -1
      outer loop
         vertex 8.62068962305784 29.3103456497192 0
         vertex 12.068965472281 32.7586196362972 0
         vertex 12.068965472281 29.3103456497192 0
      endloop
   endfacet
   facet normal 0 0 -1
      outer loop
         vertex 8.62068962305784 29.3103456497192 0
         vertex 12.068965472281 29.3103456497192 0
         vertex 8.62068962305784 25.8620698004961 0
      endloop
   endfacet
   facet normal 0 0 -1
      outer loop
         vertex 8.62068962305784 25.8620698004961 0
         vertex 12.068965472281 29.3103456497192 0
         vertex 12.068965472281 25.8620698004961 0
      endloop
   endfacet
   facet normal 0 0 -1
      outer loop
         vertex 8.62068962305784 25.8620698004961 0
         vertex 12.068965472281 25.8620698004961 0
         vertex 8.62068962305784 22.413793951273 0
      endloop
   endfacet
   facet normal 0 0 -1
      outer loop
         vertex 8.62068962305784 22.413793951273 0
         vertex 12.068965472281 25.8620698004961 0
         vertex 12.068965472281 22.413793951273 0
      endloop
   endfacet
   facet normal 0 0 -1
      outer loop
         vertex 8.62068962305784 22.413793951273 0
         vertex 12.068965472281 22.413793951273 0
         vertex 8.62068962305784 18.9655181020498 0
      endloop
   endfacet
   facet normal 0 0 -1
      outer loop
         vertex 8.62068962305784 18.9655181020498 0
         vertex 12.068965472281 22.413793951273 0
         vertex 12.068965472281 18.9655181020498 0
      endloop
   endfacet
   facet normal 0 0 -1
      outer loop
         vertex 8.62068962305784 18.9655181020498 0
         vertex 12.068965472281 18.9655181020498 0
         vertex 8.62068962305784 15.5172413215041 0
      endloop
   endfacet
   facet normal 0 0 -1
      outer loop
         vertex 8.62068962305784 15.5172413215041 0
         vertex 12.068965472281 18.9655181020498 0
         vertex 12.068965472281 15.5172413215041 0
      endloop
   endfacet
   facet normal 0 0 -1
      outer loop
         vertex 8.62068962305784 15.5172413215041 0
         vertex 12.068965472281 15.5172413215041 0
         vertex 8.62068962305784 12.068965472281 0
      endloop
   endfacet
   facet normal 0 0 -1
      outer loop
         vertex 8.62068962305784 12.068965472281 0
         vertex 12.068965472281 15.5172413215041 0
         vertex 12.068965472281 12.068965472281 0
      endloop
   endfacet
   facet normal 0 0 -1
      outer loop
         vertex 8.62068962305784 12.068965472281 0
         vertex 12.068965472281 12.068965472281 0
         vertex 8.62068962305784 8.62068962305784 0
      endloop
   endfacet
   facet normal 0 0 -1
      outer loop
         vertex 8.62068962305784 8.62068962305784 0
         vertex 12.068965472281 12.068965472281 0
         vertex 12.068965472281 8.62068962305784 0
      endloop
   endfacet
   facet normal 0 0 -1
      outer loop
         vertex 8.62068962305784 8.62068962305784 0
         vertex 12.068965472281 8.62068962305784 0
         vertex 8.62068962305784 5.17241377383471 0
      endloop
   endfacet
   facet normal 0 0 -1
      outer loop
         vertex 8.62068962305784 5.17241377383471 0
         vertex 12.068965472281 8.62068962305784 0
         vertex 12.068965472281 5.17241377383471 0
      endloop
   endfacet
   facet normal 0 0 -1
      outer loop
         vertex 8.62068962305784 5.17241377383471 0
         vertex 12.068965472281 5.17241377383471 0
         vertex 8.62068962305784 1.72413792461157 0
      endloop
   endfacet
   facet normal 0 0 -1
      outer loop
         vertex 8.62068962305784 1.72413792461157 0
         vertex 12.068965472281 5.17241377383471 0
         vertex 12.068965472281 1.72413792461157 0
      endloop
   endfacet
   facet normal 0 0 -1
      outer loop
         vertex 8.62068962305784 1.72413792461157 0
         vertex 12.068965472281 1.72413792461157 0
         vertex 8.62068962305784 -1.72413792461157 0
      endloop
   endfacet
   facet normal 0 0 -1
      outer loop
         vertex 8.62068962305784 -1.72413792461157 0
         vertex 12.068965472281 1.72413792461157 0
         vertex 12.068965472281 -1.72413792461157 0
      endloop
   endfacet
   facet normal 0 0 -1
      outer loop
         vertex 8.62068962305784 -1.72413792461157 0
         vertex 12.068965472281 -1.72413792461157 0
         vertex 8.62068962305784 -5.17241377383471 0
      endloop
   endfacet
   facet normal 0 0 -1
      outer loop
         vertex 8.62068962305784 -5.17241377383471 0
         vertex 12.068965472281 -1.72413792461157 0
         vertex 12.068965472281 -5.17241377383471 0
      endloop
   endfacet
   facet normal 0 0 -1
      outer loop
         vertex 8.62068962305784 -5.17241377383471 0
         vertex 12.068965472281 -5.17241377383471 0
         vertex 8.62068962305784 -8.62068962305784 0
      endloop
   endfacet
   facet normal 0 0 -1
      outer loop
         vertex 8.62068962305784 -8.62068962305784 0
         vertex 12.068965472281 -5.17241377383471 0
         vertex 12.068965472281 -8.62068962305784 0
      endloop
   endfacet
   facet normal 0 0 -1
      outer loop
         vertex 8.62068962305784 -8.62068962305784 0
         vertex 12.068965472281 -8.62068962305784 0
         vertex 8.62068962305784 -12.068965472281 0
      endloop
   endfacet
   facet normal 0 0 -1
      outer loop
         vertex 8.62068962305784 -12.068965472281 0
         vertex 12.068965472281 -8.62068962305784 0
         vertex 12.068965472281 -12.068965472281 0
      endloop
   endfacet
   facet normal 0 0 -1
      outer loop
         vertex 8.62068962305784 -12.068965472281 0
         vertex 12.068965472281 -12.068965472281 0
         vertex 8.62068962305784 -15.5172413215041 0
      endloop
   endfacet
   facet normal 0 0 -1
      outer loop
         vertex 8.62068962305784 -15.5172413215041 0
         vertex 12.068965472281 -12.068965472281 0
         vertex 12.068965472281 -15.5172413215041 0
      endloop
   endfacet
   facet normal 0 0 -1
      outer loop
         vertex 8.62068962305784 -15.5172413215041 0
         vertex 12.068965472281 -15.5172413215041 0
         vertex 8.62068962305784 -18.9655181020498 0
      endloop
   endfacet
   facet normal 0 0 -1
      outer loop
         vertex 8.62068962305784 -18.9655181020498 0
         vertex 12.068965472281 -15.5172413215041 0
         vertex 12.068965472281 -18.9655181020498 0
      endloop
   endfacet
   facet normal 0 0 -1
      outer loop
         vertex 8.62068962305784 -18.9655181020498 0
         vertex 12.068965472281 -18.9655181020498 0
         vertex 8.62068962305784 -22.413793951273 0
      endloop
   endfacet
   facet normal 0 0 -1
      outer loop
         vertex 8.62068962305784 -22.413793951273 0
         vertex 12.068965472281 -18.9655181020498 0
         vertex 12.068965472281 -22.413793951273 0
      endloop
   endfacet
   facet normal 0 0 -1
      outer loop
         vertex 12.068965472281 46.5517230331898 0
         vertex 15.5172413215041 46.5517230331898 0
         vertex 12.068965472281 43.1034490466118 0
      endloop
   endfacet
   facet normal 0 0 -1
      outer loop
         vertex 12.068965472281 43.1034490466118 0
         vertex 15.5172413215041 46.5517230331898 0
         vertex 15.5172413215041 43.1034490466118 0
      endloop
   endfacet
   facet normal 0 0 -1
      outer loop
         vertex 12.068965472281 43.1034490466118 0
         vertex 15.5172413215041 43.1034490466118 0
         vertex 12.068965472281 39.6551713347435 0
      endloop
   endfacet
   facet normal 0 0 -1
      outer loop
         vertex 12.068965472281 39.6551713347435 0
         vertex 15.5172413215041 43.1034490466118 0
         vertex 15.5172413215041 39.6551713347435 0
      endloop
   endfacet
   facet normal 0 0 -1
      outer loop
         vertex 12.068965472281 39.6551713347435 0
         vertex 15.5172413215041 39.6551713347435 0
         vertex 12.068965472281 36.2068973481655 0
      endloop
   endfacet
   facet normal 0 0 -1
      outer loop
         vertex 12.068965472281 36.2068973481655 0
         vertex 15.5172413215041 39.6551713347435 0
         vertex 15.5172413215041 36.2068973481655 0
      endloop
   endfacet
   facet normal 0 0 -1
      outer loop
         vertex 12.068965472281 36.2068973481655 0
         vertex 15.5172413215041 36.2068973481655 0
         vertex 12.068965472281 32.7586196362972 0
      endloop
   endfacet
   facet normal 0 0 -1
      outer loop
         vertex 12.068965472281 32.7586196362972 0
         vertex 15.5172413215041 36.2068973481655 0
         vertex 15.5172413215041 32.7586196362972 0
      endloop
   endfacet
   facet normal 0 0 -1
      outer loop
         vertex 12.068965472281 32.7586196362972 0
         vertex 15.5172413215041 32.7586196362972 0
         vertex 12.068965472281 29.3103456497192 0
      endloop
   endfacet
   facet normal 0 0 -1
      outer loop
         vertex 12.068965472281 29.3103456497192 0
         vertex 15.5172413215041 32.7586196362972 0
         vertex 15.5172413215041 29.3103456497192 0
      endloop
   endfacet
   facet normal 0 0 -1
      outer loop
         vertex 12.068965472281 29.3103456497192 0
         vertex 15.5172413215041 29.3103456497192 0
         vertex 12.068965472281 25.8620698004961 0
      endloop
   endfacet
   facet normal 0 0 -1
      outer loop
         vertex 12.068965472281 25.8620698004961 0
         vertex 15.5172413215041 29.3103456497192 0
         vertex 15.5172413215041 25.8620698004961 0
      endloop
   endfacet
   facet normal 0 0 -1
      outer loop
         vertex 12.068965472281 25.8620698004961 0
         vertex 15.5172413215041 25.8620698004961 0
         vertex 12.068965472281 22.413793951273 0
      endloop
   endfacet
   facet normal 0 0 -1
      outer loop
         vertex 12.068965472281 22.413793951273 0
         vertex 15.5172413215041 25.8620698004961 0
         vertex 15.5172413215041 22.413793951273 0
      endloop
   endfacet
   facet normal 0 0 -1
      outer loop
         vertex 12.068965472281 22.413793951273 0
         vertex 15.5172413215041 22.413793951273 0
         vertex 12.068965472281 18.9655181020498 0
      endloop
   endfacet
   facet normal 0 0 -1
      outer loop
         vertex 12.068965472281 18.9655181020498 0
         vertex 15.5172413215041 22.413793951273 0
         vertex 15.5172413215041 18.9655181020498 0
      endloop
   endfacet
   facet normal 0 0 -1
      outer loop
         vertex 12.068965472281 18.9655181020498 0
         vertex 15.5172413215041 18.9655181020498 0
         vertex 12.068965472281 15.5172413215041 0
      endloop
   endfacet
   facet normal 0 0 -1
      outer loop
         vertex 12.068965472281 15.5172413215041 0
         vertex 15.5172413215041 18.9655181020498 0
         vertex 15.5172413215041 15.5172413215041 0
      endloop
   endfacet
   facet normal 0 0 -1
      outer loop
         vertex 12.068965472281 15.5172413215041 0
         vertex 15.5172413215041 15.5172413215041 0
         vertex 12.068965472281 12.068965472281 0
      endloop
   endfacet
   facet normal 0 0 -1
      outer loop
         vertex 12.068965472281 12.068965472281 0
         vertex 15.5172413215041 15.5172413215041 0
         vertex 15.5172413215041 12.068965472281 0
      endloop
   endfacet
   facet normal 0 0 -1
      outer loop
         vertex 12.068965472281 12.068965472281 0
         vertex 15.5172413215041 12.068965472281 0
         vertex 12.068965472281 8.62068962305784 0
      endloop
   endfacet
   facet normal 0 0 -1
      outer loop
         vertex 12.068965472281 8.62068962305784 0
         vertex 15.5172413215041 12.068965472281 0
         vertex 15.5172413215041 8.62068962305784 0
      endloop
   endfacet
   facet normal 0 0 -1
      outer loop
         vertex 12.068965472281 8.62068962305784 0
         vertex 15.5172413215041 8.62068962305784 0
         vertex 12.068965472281 5.17241377383471 0
      endloop
   endfacet
   facet normal 0 0 -1
      outer loop
         vertex 12.068965472281 5.17241377383471 0
         vertex 15.5172413215041 8.62068962305784 0
         vertex 15.5172413215041 5.17241377383471 0
      endloop
   endfacet
   facet normal 0 0 -1
      outer loop
         vertex 12.068965472281 5.17241377383471 0
         vertex 15.5172413215041 5.17241377383471 0
         vertex 12.068965472281 1.72413792461157 0
      endloop
   endfacet
   facet normal 0 0 -1
      outer loop
         vertex 12.068965472281 1.72413792461157 0
         vertex 15.5172413215041 5.17241377383471 0
         vertex 15.5172413215041 1.72413792461157 0
      endloop
   endfacet
   facet normal 0 0 -1
      outer loop
         vertex 12.068965472281 1.72413792461157 0
         vertex 15.5172413215041 1.72413792461157 0
         vertex 12.068965472281 -1.72413792461157 0
      endloop
   endfacet
   facet normal 0 0 -1
      outer loop
         vertex 12.068965472281 -1.72413792461157 0
         vertex 15.5172413215041 1.72413792461157 0
         vertex 15.5172413215041 -1.72413792461157 0
      endloop
   endfacet
   facet normal 0 0 -1
      outer loop
         vertex 12.068965472281 -1.72413792461157 0
         vertex 15.5172413215041 -1.72413792461157 0
         vertex 12.068965472281 -5.17241377383471 0
      endloop
   endfacet
   facet normal 0 0 -1
      outer loop
         vertex 12.068965472281 -5.17241377383471 0
         vertex 15.5172413215041 -1.72413792461157 0
         vertex 15.5172413215041 -5.17241377383471 0
      endloop
   endfacet
   facet normal 0 0 -1
      outer loop
         vertex 12.068965472281 -5.17241377383471 0
         vertex 15.5172413215041 -5.17241377383471 0
         vertex 12.068965472281 -8.62068962305784 0
      endloop
   endfacet
   facet normal 0 0 -1
      outer loop
         vertex 12.068965472281 -8.62068962305784 0
         vertex 15.5172413215041 -5.17241377383471 0
         vertex 15.5172413215041 -8.62068962305784 0
      endloop
   endfacet
   facet normal 0 0 -1
      outer loop
         vertex 12.068965472281 -8.62068962305784 0
         vertex 15.5172413215041 -8.62068962305784 0
         vertex 12.068965472281 -12.068965472281 0
      endloop
   endfacet
   facet normal 0 0 -1
      outer loop
         vertex 12.068965472281 -12.068965472281 0
         vertex 15.5172413215041 -8.62068962305784 0
         vertex 15.5172413215041 -12.068965472281 0
      endloop
   endfacet
   facet normal 0 0 -1
      outer loop
         vertex 12.068965472281 -12.068965472281 0
         vertex 15.5172413215041 -12.068965472281 0
         vertex 12.068965472281 -15.5172413215041 0
      endloop
   endfacet
   facet normal 0 0 -1
      outer loop
         vertex 12.068965472281 -15.5172413215041 0
         vertex 15.5172413215041 -12.068965472281 0
         vertex 15.5172413215041 -15.5172413215041 0
      endloop
   endfacet
   facet normal 0 0 -1
      outer loop
         vertex 12.068965472281 -15.5172413215041 0
         vertex 15.5172413215041 -15.5172413215041 0
         vertex 12.068965472281 -18.9655181020498 0
      endloop
   endfacet
   facet normal 0 0 -1
      outer loop
         vertex 12.068965472281 -18.9655181020498 0
         vertex 15.5172413215041 -15.5172413215041 0
         vertex 15.5172413215041 -18.9655181020498 0
      endloop
   endfacet
   facet normal 0 0 -1
      outer loop
         vertex 12.068965472281 -18.9655181020498 0
         vertex 15.5172413215041 -18.9655181020498 0
         vertex 12.068965472281 -22.413793951273 0
      endloop
   endfacet
   facet normal 0 0 -1
      outer loop
         vertex 12.068965472281 -22.413793951273 0
         vertex 15.5172413215041 -18.9655181020498 0
         vertex 15.5172413215041 -22.413793951273 0
      endloop
   endfacet
   facet normal 0 0 -1
      outer loop
         vertex 18.9655181020498 36.2068973481655 0
         vertex 22.413793951273 36.2068973481655 0
         vertex 18.9655181020498 32.7586196362972 0
      endloop
   endfacet
   facet normal 0 0 -1
      outer loop
         vertex 18.9655181020498 32.7586196362972 0
         vertex 22.413793951273 36.2068973481655 0
         vertex 22.413793951273 32.7586196362972 0
      endloop
   endfacet
   facet normal 0 0 -1
      outer loop
         vertex 18.9655181020498 32.7586196362972 0
         vertex 22.413793951273 32.7586196362972 0
         vertex 18.9655181020498 29.3103456497192 0
      endloop
   endfacet
   facet normal 0 0 -1
      outer loop
         vertex 18.9655181020498 29.3103456497192 0
         vertex 22.413793951273 32.7586196362972 0
         vertex 22.413793951273 29.3103456497192 0
      endloop
   endfacet
   facet normal 0 0 -1
      outer loop
         vertex 18.9655181020498 29.3103456497192 0
         vertex 22.413793951273 29.3103456497192 0
         vertex 18.9655181020498 25.8620698004961 0
      endloop
   endfacet
   facet normal 0 0 -1
      outer loop
         vertex 18.9655181020498 25.8620698004961 0
         vertex 22.413793951273 29.3103456497192 0
         vertex 22.413793951273 25.8620698004961 0
      endloop
   endfacet
   facet normal 0 0 -1
      outer loop
         vertex 18.9655181020498 25.8620698004961 0
         vertex 22.413793951273 25.8620698004961 0
         vertex 18.9655181020498 22.413793951273 0
      endloop
   endfacet
   facet normal 0 0 -1
      outer loop
         vertex 18.9655181020498 22.413793951273 0
         vertex 22.413793951273 25.8620698004961 0
         vertex 22.413793951273 22.413793951273 0
      endloop
   endfacet
   facet normal 0 0 -1
      outer loop
         vertex 18.9655181020498 22.413793951273 0
         vertex 22.413793951273 22.413793951273 0
         vertex 18.9655181020498 18.9655181020498 0
      endloop
   endfacet
   facet normal 0 0 -1
      outer loop
         vertex 18.9655181020498 18.9655181020498 0
         vertex 22.413793951273 22.413793951273 0
         vertex 22.413793951273 18.9655181020498 0
      endloop
   endfacet
   facet normal 0 0 -1
      outer loop
         vertex 18.9655181020498 18.9655181020498 0
         vertex 22.413793951273 18.9655181020498 0
         vertex 18.9655181020498 15.5172413215041 0
      endloop
   endfacet
   facet normal 0 0 -1
      outer loop
         vertex 18.9655181020498 15.5172413215041 0
         vertex 22.413793951273 18.9655181020498 0
         vertex 22.413793951273 15.5172413215041 0
      endloop
   endfacet
   facet normal 0 0 -1
      outer loop
         vertex 18.9655181020498 15.5172413215041 0
         vertex 22.413793951273 15.5172413215041 0
         vertex 18.9655181020498 12.068965472281 0
      endloop
   endfacet
   facet normal 0 0 -1
      outer loop
         vertex 18.9655181020498 12.068965472281 0
         vertex 22.413793951273 15.5172413215041 0
         vertex 22.413793951273 12.068965472281 0
      endloop
   endfacet
   facet normal 0 0 -1
      outer loop
         vertex 18.9655181020498 12.068965472281 0
         vertex 22.413793951273 12.068965472281 0
         vertex 18.9655181020498 8.62068962305784 0
      endloop
   endfacet
   facet normal 0 0 -1
      outer loop
         vertex 18.9655181020498 8.62068962305784 0
         vertex 22.413793951273 12.068965472281 0
         vertex 22.413793951273 8.62068962305784 0
      endloop
   endfacet
   facet normal 0 0 -1
      outer loop
         vertex 18.9655181020498 8.62068962305784 0
         vertex 22.413793951273 8.62068962305784 0
         vertex 18.9655181020498 5.17241377383471 0
      endloop
   endfacet
   facet normal 0 0 -1
      outer loop
         vertex 18.9655181020498 5.17241377383471 0
         vertex 22.413793951273 8.62068962305784 0
         vertex 22.413793951273 5.17241377383471 0
      endloop
   endfacet
   facet normal 0 0 -1
      outer loop
         vertex 18.9655181020498 5.17241377383471 0
         vertex 22.413793951273 5.17241377383471 0
         vertex 18.9655181020498 1.72413792461157 0
      endloop
   endfacet
   facet normal 0 0 -1
      outer loop
         vertex 18.9655181020498 1.72413792461157 0
         vertex 22.413793951273 5.17241377383471 0
         vertex 22.413793951273 1.72413792461157 0
      endloop
   endfacet
   facet normal 0 0 -1
      outer loop
         vertex 18.9655181020498 1.72413792461157 0
         vertex 22.413793951273 1.72413792461157 0
         vertex 18.9655181020498 -1.72413792461157 0
      endloop
   endfacet
   facet normal 0 0 -1
      outer loop
         vertex 18.9655181020498 -1.72413792461157 0
         vertex 22.413793951273 1.72413792461157 0
         vertex 22.413793951273 -1.72413792461157 0
      endloop
   endfacet
   facet normal 0 0 -1
      outer loop
         vertex 18.9655181020498 -1.72413792461157 0
         vertex 22.413793951273 -1.72413792461157 0
         vertex 18.9655181020498 -5.17241377383471 0
      endloop
   endfacet
   facet normal 0 0 -1
      outer loop
         vertex 18.9655181020498 -5.17241377383471 0
         vertex 22.413793951273 -1.72413792461157 0
         vertex 22.413793951273 -5.17241377383471 0
      endloop
   endfacet
   facet normal 0 0 -1
      outer loop
         vertex 18.9655181020498 -5.17241377383471 0
         vertex 22.413793951273 -5.17241377383471 0
         vertex 18.9655181020498 -8.62068962305784 0
      endloop
   endfacet
   facet normal 0 0 -1
      outer loop
         vertex 18.9655181020498 -8.62068962305784 0
         vertex 22.413793951273 -5.17241377383471 0
         vertex 22.413793951273 -8.62068962305784 0
      endloop
   endfacet
   facet normal 0 0 -1
      outer loop
         vertex 18.9655181020498 -8.62068962305784 0
         vertex 22.413793951273 -8.62068962305784 0
         vertex 18.9655181020498 -12.068965472281 0
      endloop
   endfacet
   facet normal 0 0 -1
      outer loop
         vertex 18.9655181020498 -12.068965472281 0
         vertex 22.413793951273 -8.62068962305784 0
         vertex 22.413793951273 -12.068965472281 0
      endloop
   endfacet
   facet normal 0 0 -1
      outer loop
         vertex 18.9655181020498 -12.068965472281 0
         vertex 22.413793951273 -12.068965472281 0
         vertex 18.9655181020498 -15.5172413215041 0
      endloop
   endfacet
   facet normal 0 0 -1
      outer loop
         vertex 18.9655181020498 -15.5172413215041 0
         vertex 22.413793951273 -12.068965472281 0
         vertex 22.413793951273 -15.5172413215041 0
      endloop
   endfacet
   facet normal 0 0 -1
      outer loop
         vertex 18.9655181020498 -15.5172413215041 0
         vertex 22.413793951273 -15.5172413215041 0
         vertex 18.9655181020498 -18.9655181020498 0
      endloop
   endfacet
   facet normal 0 0 -1
      outer loop
         vertex 18.9655181020498 -18.9655181020498 0
         vertex 22.413793951273 -15.5172413215041 0
         vertex 22.413793951273 -18.9655181020498 0
      endloop
   endfacet
   facet normal 0 0 -1
      outer loop
         vertex 18.9655181020498 -18.9655181020498 0
         vertex 22.413793951273 -18.9655181020498 0
         vertex 18.9655181020498 -22.413793951273 0
      endloop
   endfacet
   facet normal 0 0 -1
      outer loop
         vertex 18.9655181020498 -22.413793951273 0
         vertex 22.413793951273 -18.9655181020498 0
         vertex 22.413793951273 -22.413793951273 0
      endloop
   endfacet
   facet normal 0 0 -1
      outer loop
         vertex 22.413793951273 39.6551713347435 0
         vertex 25.8620698004961 39.6551713347435 0
         vertex 22.413793951273 36.2068973481655 0
      endloop
   endfacet
   facet normal 0 0 -1
      outer loop
         vertex 22.413793951273 36.2068973481655 0
         vertex 25.8620698004961 39.6551713347435 0
         vertex 25.8620698004961 36.2068973481655 0
      endloop
   endfacet
   facet normal 0 0 -1
      outer loop
         vertex 22.413793951273 36.2068973481655 0
         vertex 25.8620698004961 36.2068973481655 0
         vertex 22.413793951273 32.7586196362972 0
      endloop
   endfacet
   facet normal 0 0 -1
      outer loop
         vertex 22.413793951273 32.7586196362972 0
         vertex 25.8620698004961 36.2068973481655 0
         vertex 25.8620698004961 32.7586196362972 0
      endloop
   endfacet
   facet normal 0 0 -1
      outer loop
         vertex 22.413793951273 32.7586196362972 0
         vertex 25.8620698004961 32.7586196362972 0
         vertex 22.413793951273 29.3103456497192 0
      endloop
   endfacet
   facet normal 0 0 -1
      outer loop
         vertex 22.413793951273 29.3103456497192 0
         vertex 25.8620698004961 32.7586196362972 0
         vertex 25.8620698004961 29.3103456497192 0
      endloop
   endfacet
   facet normal 0 0 -1
      outer loop
         vertex 22.413793951273 29.3103456497192 0
         vertex 25.8620698004961 29.3103456497192 0
         vertex 22.413793951273 25.8620698004961 0
      endloop
   endfacet
   facet normal 0 0 -1
      outer loop
         vertex 22.413793951273 25.8620698004961 0
         vertex 25.8620698004961 29.3103456497192 0
         vertex 25.8620698004961 25.8620698004961 0
      endloop
   endfacet
   facet normal 0 0 -1
      outer loop
         vertex 22.413793951273 25.8620698004961 0
         vertex 25.8620698004961 25.8620698004961 0
         vertex 22.413793951273 22.413793951273 0
      endloop
   endfacet
   facet normal 0 0 -1
      outer loop
         vertex 22.413793951273 22.413793951273 0
         vertex 25.8620698004961 25.8620698004961 0
         vertex 25.8620698004961 22.413793951273 0
      endloop
   endfacet
   facet normal 0 0 -1
      outer loop
         vertex 22.413793951273 22.413793951273 0
         vertex 25.8620698004961 22.413793951273 0
         vertex 22.413793951273 18.9655181020498 0
      endloop
   endfacet
   facet normal 0 0 -1
      outer loop
         vertex 22.413793951273 18.9655181020498 0
         vertex 25.8620698004961 22.413793951273 0
         vertex 25.8620698004961 18.9655181020498 0
      endloop
   endfacet
   facet normal 0 0 -1
      outer loop
         vertex 22.413793951273 18.9655181020498 0
         vertex 25.8620698004961 18.9655181020498 0
         vertex 22.413793951273 15.5172413215041 0
      endloop
   endfacet
   facet normal 0 0 -1
      outer loop
         vertex 22.413793951273 15.5172413215041 0
         vertex 25.8620698004961 18.9655181020498 0
         vertex 25.8620698004961 15.5172413215041 0
      endloop
   endfacet
   facet normal 0 0 -1
      outer loop
         vertex 22.413793951273 15.5172413215041 0
         vertex 25.8620698004961 15.5172413215041 0
         vertex 22.413793951273 12.068965472281 0
      endloop
   endfacet
   facet normal 0 0 -1
      outer loop
         vertex 22.413793951273 12.068965472281 0
         vertex 25.8620698004961 15.5172413215041 0
         vertex 25.8620698004961 12.068965472281 0
      endloop
   endfacet
   facet normal 0 0 -1
      outer loop
         vertex 22.413793951273 12.068965472281 0
         vertex 25.8620698004961 12.068965472281 0
         vertex 22.413793951273 8.62068962305784 0
      endloop
   endfacet
   facet normal 0 0 -1
      outer loop
         vertex 22.413793951273 8.62068962305784 0
         vertex 25.8620698004961 12.068965472281 0
         vertex 25.8620698004961 8.62068962305784 0
      endloop
   endfacet
   facet normal 0 0 -1
      outer loop
         vertex 22.413793951273 8.62068962305784 0
         vertex 25.8620698004961 8.62068962305784 0
         vertex 22.413793951273 5.17241377383471 0
      endloop
   endfacet
   facet normal 0 0 -1
      outer loop
         vertex 22.413793951273 5.17241377383471 0
         vertex 25.8620698004961 8.62068962305784 0
         vertex 25.8620698004961 5.17241377383471 0
      endloop
   endfacet
   facet normal 0 0 -1
      outer loop
         vertex 22.413793951273 5.17241377383471 0
         vertex 25.8620698004961 5.17241377383471 0
         vertex 22.413793951273 1.72413792461157 0
      endloop
   endfacet
   facet normal 0 0 -1
      outer loop
         vertex 22.413793951273 1.72413792461157 0
         vertex 25.8620698004961 5.17241377383471 0
         vertex 25.8620698004961 1.72413792461157 0
      endloop
   endfacet
   facet normal 0 0 -1
      outer loop
         vertex 22.413793951273 1.72413792461157 0
         vertex 25.8620698004961 1.72413792461157 0
         vertex 22.413793951273 -1.72413792461157 0
      endloop
   endfacet
   facet normal 0 0 -1
      outer loop
         vertex 22.413793951273 -1.72413792461157 0
         vertex 25.8620698004961 1.72413792461157 0
         vertex 25.8620698004961 -1.72413792461157 0
      endloop
   endfacet
   facet normal 0 0 -1
      outer loop
         vertex 22.413793951273 -1.72413792461157 0
         vertex 25.8620698004961 -1.72413792461157 0
         vertex 22.413793951273 -5.17241377383471 0
      endloop
   endfacet
   facet normal 0 0 -1
      outer loop
         vertex 22.413793951273 -5.17241377383471 0
         vertex 25.8620698004961 -1.72413792461157 0
         vertex 25.8620698004961 -5.17241377383471 0
      endloop
   endfacet
   facet normal 0 0 -1
      outer loop
         vertex 22.413793951273 -5.17241377383471 0
         vertex 25.8620698004961 -5.17241377383471 0
         vertex 22.413793951273 -8.62068962305784 0
      endloop
   endfacet
   facet normal 0 0 -1
      outer loop
         vertex 22.413793951273 -8.62068962305784 0
         vertex 25.8620698004961 -5.17241377383471 0
         vertex 25.8620698004961 -8.62068962305784 0
      endloop
   endfacet
   facet normal 0 0 -1
      outer loop
         vertex 22.413793951273 -8.62068962305784 0
         vertex 25.8620698004961 -8.62068962305784 0
         vertex 22.413793951273 -12.068965472281 0
      endloop
   endfacet
   facet normal 0 0 -1
      outer loop
         vertex 22.413793951273 -12.068965472281 0
         vertex 25.8620698004961 -8.62068962305784 0
         vertex 25.8620698004961 -12.068965472281 0
      endloop
   endfacet
   facet normal 0 0 -1
      outer loop
         vertex 22.413793951273 -12.068965472281 0
         vertex 25.8620698004961 -12.068965472281 0
         vertex 22.413793951273 -15.5172413215041 0
      endloop
   endfacet
   facet normal 0 0 -1
      outer loop
         vertex 22.413793951273 -15.5172413215041 0
         vertex 25.8620698004961 -12.068965472281 0
         vertex 25.8620698004961 -15.5172413215041 0
      endloop
   endfacet
   facet normal 0 0 -1
      outer loop
         vertex 22.413793951273 -15.5172413215041 0
         vertex 25.8620698004961 -15.5172413215041 0
         vertex 22.413793951273 -18.9655181020498 0
      endloop
   endfacet
   facet normal 0 0 -1
      outer loop
         vertex 22.413793951273 -18.9655181020498 0
         vertex 25.8620698004961 -15.5172413215041 0
         vertex 25.8620698004961 -18.9655181020498 0
      endloop
   endfacet
   facet normal 0 0 -1
      outer loop
         vertex 22.413793951273 -18.9655181020498 0
         vertex 25.8620698004961 -18.9655181020498 0
         vertex 22.413793951273 -22.413793951273 0
      endloop
   endfacet
   facet normal 0 0 -1
      outer loop
         vertex 22.413793951273 -22.413793951273 0
         vertex 25.8620698004961 -18.9655181020498 0
         vertex 25.8620698004961 -22.413793951273 0
      endloop
   endfacet
   facet normal 0 0 -1
      outer loop
         vertex 25.8620698004961 39.6551713347435 0
         vertex 29.3103456497192 39.6551713347435 0
         vertex 25.8620698004961 36.2068973481655 0
      endloop
   endfacet
   facet normal 0 0 -1
      outer loop
         vertex 25.8620698004961 36.2068973481655 0
         vertex 29.3103456497192 39.6551713347435 0
         vertex 29.3103456497192 36.2068973481655 0
      endloop
   endfacet
   facet normal 0 0 -1
      outer loop
         vertex 25.8620698004961 36.2068973481655 0
         vertex 29.3103456497192 36.2068973481655 0
         vertex 25.8620698004961 32.7586196362972 0
      endloop
   endfacet
   facet normal 0 0 -1
      outer loop
         vertex 25.8620698004961 32.7586196362972 0
         vertex 29.3103456497192 36.2068973481655 0
         vertex 29.3103456497192 32.7586196362972 0
      endloop
   endfacet
   facet normal 0 0 -1
      outer loop
         vertex 25.8620698004961 32.7586196362972 0
         vertex 29.3103456497192 32.7586196362972 0
         vertex 25.8620698004961 29.3103456497192 0
      endloop
   endfacet
   facet normal 0 0 -1
      outer loop
         vertex 25.8620698004961 29.3103456497192 0
         vertex 29.3103456497192 32.7586196362972 0
         vertex 29.3103456497192 29.3103456497192 0
      endloop
   endfacet
   facet normal 0 0 -1
      outer loop
         vertex 25.8620698004961 29.3103456497192 0
         vertex 29.3103456497192 29.3103456497192 0
         vertex 25.8620698004961 25.8620698004961 0
      endloop
   endfacet
   facet normal 0 0 -1
      outer loop
         vertex 25.8620698004961 25.8620698004961 0
         vertex 29.3103456497192 29.3103456497192 0
         vertex 29.3103456497192 25.8620698004961 0
      endloop
   endfacet
   facet normal 0 0 -1
      outer loop
         vertex 25.8620698004961 25.8620698004961 0
         vertex 29.3103456497192 25.8620698004961 0
         vertex 25.8620698004961 22.413793951273 0
      endloop
   endfacet
   facet normal 0 0 -1
      outer loop
         vertex 25.8620698004961 22.413793951273 0
         vertex 29.3103456497192 25.8620698004961 0
         vertex 29.3103456497192 22.413793951273 0
      endloop
   endfacet
   facet normal 0 0 -1
      outer loop
         vertex 25.8620698004961 22.413793951273 0
         vertex 29.3103456497192 22.413793951273 0
         vertex 25.8620698004961 18.9655181020498 0
      endloop
   endfacet
   facet normal 0 0 -1
      outer loop
         vertex 25.8620698004961 18.9655181020498 0
         vertex 29.3103456497192 22.413793951273 0
         vertex 29.3103456497192 18.9655181020498 0
      endloop
   endfacet
   facet normal 0 0 -1
      outer loop
         vertex 25.8620698004961 18.9655181020498 0
         vertex 29.3103456497192 18.9655181020498 0
         vertex 25.8620698004961 15.5172413215041 0
      endloop
   endfacet
   facet normal 0 0 -1
      outer loop
         vertex 25.8620698004961 15.5172413215041 0
         vertex 29.3103456497192 18.9655181020498 0
         vertex 29.3103456497192 15.5172413215041 0
      endloop
   endfacet
   facet normal 0 0 -1
      outer loop
         vertex 25.8620698004961 15.5172413215041 0
         vertex 29.3103456497192 15.5172413215041 0
         vertex 25.8620698004961 12.068965472281 0
      endloop
   endfacet
   facet normal 0 0 -1
      outer loop
         vertex 25.8620698004961 12.068965472281 0
         vertex 29.3103456497192 15.5172413215041 0
         vertex 29.3103456497192 12.068965472281 0
      endloop
   endfacet
   facet normal 0 0 -1
      outer loop
         vertex 25.8620698004961 12.068965472281 0
         vertex 29.3103456497192 12.068965472281 0
         vertex 25.8620698004961 8.62068962305784 0
      endloop
   endfacet
   facet normal 0 0 -1
      outer loop
         vertex 25.8620698004961 8.62068962305784 0
         vertex 29.3103456497192 12.068965472281 0
         vertex 29.3103456497192 8.62068962305784 0
      endloop
   endfacet
   facet normal 0 0 -1
      outer loop
         vertex 25.8620698004961 8.62068962305784 0
         vertex 29.3103456497192 8.62068962305784 0
         vertex 25.8620698004961 5.17241377383471 0
      endloop
   endfacet
   facet normal 0 0 -1
      outer loop
         vertex 25.8620698004961 5.17241377383471 0
         vertex 29.3103456497192 8.62068962305784 0
         vertex 29.3103456497192 5.17241377383471 0
      endloop
   endfacet
   facet normal 0 0 -1
      outer loop
         vertex 25.8620698004961 5.17241377383471 0
         vertex 29.3103456497192 5.17241377383471 0
         vertex 25.8620698004961 1.72413792461157 0
      endloop
   endfacet
   facet normal 0 0 -1
      outer loop
         vertex 25.8620698004961 1.72413792461157 0
         vertex 29.3103456497192 5.17241377383471 0
         vertex 29.3103456497192 1.72413792461157 0
      endloop
   endfacet
   facet normal 0 0 -1
      outer loop
         vertex 25.8620698004961 1.72413792461157 0
         vertex 29.3103456497192 1.72413792461157 0
         vertex 25.8620698004961 -1.72413792461157 0
      endloop
   endfacet
   facet normal 0 0 -1
      outer loop
         vertex 25.8620698004961 -1.72413792461157 0
         vertex 29.3103456497192 1.72413792461157 0
         vertex 29.3103456497192 -1.72413792461157 0
      endloop
   endfacet
   facet normal 0 0 -1
      outer loop
         vertex 25.8620698004961 -1.72413792461157 0
         vertex 29.3103456497192 -1.72413792461157 0
         vertex 25.8620698004961 -5.17241377383471 0
      endloop
   endfacet
   facet normal 0 0 -1
      outer loop
         vertex 25.8620698004961 -5.17241377383471 0
         vertex 29.3103456497192 -1.72413792461157 0
         vertex 29.3103456497192 -5.17241377383471 0
      endloop
   endfacet
   facet normal 0 0 -1
      outer loop
         vertex 25.8620698004961 -5.17241377383471 0
         vertex 29.3103456497192 -5.17241377383471 0
         vertex 25.8620698004961 -8.62068962305784 0
      endloop
   endfacet
   facet normal 0 0 -1
      outer loop
         vertex 25.8620698004961 -8.62068962305784 0
         vertex 29.3103456497192 -5.17241377383471 0
         vertex 29.3103456497192 -8.62068962305784 0
      endloop
   endfacet
   facet normal 0 0 -1
      outer loop
         vertex 25.8620698004961 -8.62068962305784 0
         vertex 29.3103456497192 -8.62068962305784 0
         vertex 25.8620698004961 -12.068965472281 0
      endloop
   endfacet
   facet normal 0 0 -1
      outer loop
         vertex 25.8620698004961 -12.068965472281 0
         vertex 29.3103456497192 -8.62068962305784 0
         vertex 29.3103456497192 -12.068965472281 0
      endloop
   endfacet
   facet normal 0 0 -1
      outer loop
         vertex 25.8620698004961 -12.068965472281 0
         vertex 29.3103456497192 -12.068965472281 0
         vertex 25.8620698004961 -15.5172413215041 0
      endloop
   endfacet
   facet normal 0 0 -1
      outer loop
         vertex 25.8620698004961 -15.5172413215041 0
         vertex 29.3103456497192 -12.068965472281 0
         vertex 29.3103456497192 -15.5172413215041 0
      endloop
   endfacet
   facet normal 0 0 -1
      outer loop
         vertex 25.8620698004961 -15.5172413215041 0
         vertex 29.3103456497192 -15.5172413215041 0
         vertex 25.8620698004961 -18.9655181020498 0
      endloop
   endfacet
   facet normal 0 0 -1
      outer loop
         vertex 25.8620698004961 -18.9655181020498 0
         vertex 29.3103456497192 -15.5172413215041 0
         vertex 29.3103456497192 -18.9655181020498 0
      endloop
   endfacet
   facet normal 0 0 -1
      outer loop
         vertex 25.8620698004961 -18.9655181020498 0
         vertex 29.3103456497192 -18.9655181020498 0
         vertex 25.8620698004961 -22.413793951273 0
      endloop
   endfacet
   facet normal 0 0 -1
      outer loop
         vertex 25.8620698004961 -22.413793951273 0
         vertex 29.3103456497192 -18.9655181020498 0
         vertex 29.3103456497192 -22.413793951273 0
      endloop
   endfacet
   facet normal 0 0 -1
      outer loop
         vertex 32.7586196362972 32.7586196362972 0
         vertex 36.2068973481655 32.7586196362972 0
         vertex 32.7586196362972 29.3103456497192 0
      endloop
   endfacet
   facet normal 0 0 -1
      outer loop
         vertex 32.7586196362972 29.3103456497192 0
         vertex 36.2068973481655 32.7586196362972 0
         vertex 36.2068973481655 29.3103456497192 0
      endloop
   endfacet
   facet normal 0 0 -1
      outer loop
         vertex 32.7586196362972 29.3103456497192 0
         vertex 36.2068973481655 29.3103456497192 0
         vertex 32.7586196362972 25.8620698004961 0
      endloop
   endfacet
   facet normal 0 0 -1
      outer loop
         vertex 32.7586196362972 25.8620698004961 0
         vertex 36.2068973481655 29.3103456497192 0
         vertex 36.2068973481655 25.8620698004961 0
      endloop
   endfacet
   facet normal 0 0 -1
      outer loop
         vertex 32.7586196362972 25.8620698004961 0
         vertex 36.2068973481655 25.8620698004961 0
         vertex 32.7586196362972 22.413793951273 0
      endloop
   endfacet
   facet normal 0 0 -1
      outer loop
         vertex 32.7586196362972 22.413793951273 0
         vertex 36.2068973481655 25.8620698004961 0
         vertex 36.2068973481655 22.413793951273 0
      endloop
   endfacet
   facet normal 0 0 -1
      outer loop
         vertex 32.7586196362972 22.413793951273 0
         vertex 36.2068973481655 22.413793951273 0
         vertex 32.7586196362972 18.9655181020498 0
      endloop
   endfacet
   facet normal 0 0 -1
      outer loop
         vertex 32.7586196362972 18.9655181020498 0
         vertex 36.2068973481655 22.413793951273 0
         vertex 36.2068973481655 18.9655181020498 0
      endloop
   endfacet
   facet normal 0 0 -1
      outer loop
         vertex 32.7586196362972 18.9655181020498 0
         vertex 36.2068973481655 18.9655181020498 0
         vertex 32.7586196362972 15.5172413215041 0
      endloop
   endfacet
   facet normal 0 0 -1
      outer loop
         vertex 32.7586196362972 15.5172413215041 0
         vertex 36.2068973481655 18.9655181020498 0
         vertex 36.2068973481655 15.5172413215041 0
      endloop
   endfacet
   facet normal 0 0 -1
      outer loop
         vertex 32.7586196362972 15.5172413215041 0
         vertex 36.2068973481655 15.5172413215041 0
         vertex 32.7586196362972 12.068965472281 0
      endloop
   endfacet
   facet normal 0 0 -1
      outer loop
         vertex 32.7586196362972 12.068965472281 0
         vertex 36.2068973481655 15.5172413215041 0
         vertex 36.2068973481655 12.068965472281 0
      endloop
   endfacet
   facet normal 0 0 -1
      outer loop
         vertex 32.7586196362972 12.068965472281 0
         vertex 36.2068973481655 12.068965472281 0
         vertex 32.7586196362972 8.62068962305784 0
      endloop
   endfacet
   facet normal 0 0 -1
      outer loop
         vertex 32.7586196362972 8.62068962305784 0
         vertex 36.2068973481655 12.068965472281 0
         vertex 36.2068973481655 8.62068962305784 0
      endloop
   endfacet
   facet normal 0 0 -1
      outer loop
         vertex 32.7586196362972 8.62068962305784 0
         vertex 36.2068973481655 8.62068962305784 0
         vertex 32.7586196362972 5.17241377383471 0
      endloop
   endfacet
   facet normal 0 0 -1
      outer loop
         vertex 32.7586196362972 5.17241377383471 0
         vertex 36.2068973481655 8.62068962305784 0
         vertex 36.2068973481655 5.17241377383471 0
      endloop
   endfacet
   facet normal 0 0 -1
      outer loop
         vertex 32.7586196362972 5.17241377383471 0
         vertex 36.2068973481655 5.17241377383471 0
         vertex 32.7586196362972 1.72413792461157 0
      endloop
   endfacet
   facet normal 0 0 -1
      outer loop
         vertex 32.7586196362972 1.72413792461157 0
         vertex 36.2068973481655 5.17241377383471 0
         vertex 36.2068973481655 1.72413792461157 0
      endloop
   endfacet
   facet normal 0 0 -1
      outer loop
         vertex 32.7586196362972 1.72413792461157 0
         vertex 36.2068973481655 1.72413792461157 0
         vertex 32.7586196362972 -1.72413792461157 0
      endloop
   endfacet
   facet normal 0 0 -1
      outer loop
         vertex 32.7586196362972 -1.72413792461157 0
         vertex 36.2068973481655 1.72413792461157 0
         vertex 36.2068973481655 -1.72413792461157 0
      endloop
   endfacet
   facet normal 0 0 -1
      outer loop
         vertex 32.7586196362972 -1.72413792461157 0
         vertex 36.2068973481655 -1.72413792461157 0
         vertex 32.7586196362972 -5.17241377383471 0
      endloop
   endfacet
   facet normal 0 0 -1
      outer loop
         vertex 32.7586196362972 -5.17241377383471 0
         vertex 36.2068973481655 -1.72413792461157 0
         vertex 36.2068973481655 -5.17241377383471 0
      endloop
   endfacet
   facet normal 0 0 -1
      outer loop
         vertex 32.7586196362972 -5.17241377383471 0
         vertex 36.2068973481655 -5.17241377383471 0
         vertex 32.7586196362972 -8.62068962305784 0
      endloop
   endfacet
   facet normal 0 0 -1
      outer loop
         vertex 32.7586196362972 -8.62068962305784 0
         vertex 36.2068973481655 -5.17241377383471 0
         vertex 36.2068973481655 -8.62068962305784 0
      endloop
   endfacet
   facet normal 0 0 -1
      outer loop
         vertex 32.7586196362972 -8.62068962305784 0
         vertex 36.2068973481655 -8.62068962305784 0
         vertex 32.7586196362972 -12.068965472281 0
      endloop
   endfacet
   facet normal 0 0 -1
      outer loop
         vertex 32.7586196362972 -12.068965472281 0
         vertex 36.2068973481655 -8.62068962305784 0
         vertex 36.2068973481655 -12.068965472281 0
      endloop
   endfacet
   facet normal 0 0 -1
      outer loop
         vertex 32.7586196362972 -12.068965472281 0
         vertex 36.2068973481655 -12.068965472281 0
         vertex 32.7586196362972 -15.5172413215041 0
      endloop
   endfacet
   facet normal 0 0 -1
      outer loop
         vertex 32.7586196362972 -15.5172413215041 0
         vertex 36.2068973481655 -12.068965472281 0
         vertex 36.2068973481655 -15.5172413215041 0
      endloop
   endfacet
   facet normal 0 0 -1
      outer loop
         vertex 32.7586196362972 -15.5172413215041 0
         vertex 36.2068973481655 -15.5172413215041 0
         vertex 32.7586196362972 -18.9655181020498 0
      endloop
   endfacet
   facet normal 0 0 -1
      outer loop
         vertex 32.7586196362972 -18.9655181020498 0
         vertex 36.2068973481655 -15.5172413215041 0
         vertex 36.2068973481655 -18.9655181020498 0
      endloop
   endfacet
   facet normal 0 0 -1
      outer loop
         vertex 32.7586196362972 -18.9655181020498 0
         vertex 36.2068973481655 -18.9655181020498 0
         vertex 32.7586196362972 -22.413793951273 0
      endloop
   endfacet
   facet normal 0 0 -1
      outer loop
         vertex 32.7586196362972 -22.413793951273 0
         vertex 36.2068973481655 -18.9655181020498 0
         vertex 36.2068973481655 -22.413793951273 0
      endloop
   endfacet
   facet normal 0 0 -1
      outer loop
         vertex 39.6551713347435 -1.72413792461157 0
         vertex 39.6551713347435 1.72413792461157 0
         vertex 43.1034490466118 1.72413792461157 0
      endloop
   endfacet
   facet normal 0 0 -1
      outer loop
         vertex 43.1034490466118 1.72413792461157 0
         vertex 39.6551713347435 1.72413792461157 0
         vertex 43.1034490466118 5.17241377383471 0
      endloop
   endfacet
   facet normal 0 0 -1
      outer loop
         vertex 43.1034490466118 1.72413792461157 0
         vertex 43.1034490466118 5.17241377383471 0
         vertex 46.5517230331898 5.17241377383471 0
      endloop
   endfacet
   facet normal 0 0 -1
      outer loop
         vertex 46.5517230331898 5.17241377383471 0
         vertex 43.1034490466118 5.17241377383471 0
         vertex 46.5517230331898 8.62068962305784 0
      endloop
   endfacet
   facet normal 0 0 -1
      outer loop
         vertex -36.2068973481655 1.72413792461157 0
         vertex -36.2068973481655 -1.72413792461157 0
         vertex -39.6551713347435 -1.72413792461157 0
      endloop
   endfacet
   facet normal 0 0 -1
      outer loop
         vertex -39.6551713347435 -1.72413792461157 0
         vertex -36.2068973481655 -1.72413792461157 0
         vertex -39.6551713347435 -5.17241377383471 0
      endloop
   endfacet
   facet normal 0 0 -1
      outer loop
         vertex -39.6551713347435 -1.72413792461157 0
         vertex -39.6551713347435 -5.17241377383471 0
         vertex -43.1034490466118 -5.17241377383471 0
      endloop
   endfacet
   facet normal 0 0 -1
      outer loop
         vertex -43.1034490466118 -5.17241377383471 0
         vertex -39.6551713347435 -5.17241377383471 0
         vertex -43.1034490466118 -8.62068962305784 0
      endloop
   endfacet
   facet normal 0 0 -1
      outer loop
         vertex -36.2068973481655 -1.72413792461157 0
         vertex -36.2068973481655 -5.17241377383471 0
         vertex -39.6551713347435 -5.17241377383471 0
      endloop
   endfacet
   facet normal 0 0 -1
      outer loop
         vertex -39.6551713347435 -5.17241377383471 0
         vertex -36.2068973481655 -5.17241377383471 0
         vertex -39.6551713347435 -8.62068962305784 0
      endloop
   endfacet
   facet normal 0 0 -1
      outer loop
         vertex -39.6551713347435 -5.17241377383471 0
         vertex -39.6551713347435 -8.62068962305784 0
         vertex -43.1034490466118 -8.62068962305784 0
      endloop
   endfacet
   facet normal 0 0 -1
      outer loop
         vertex -43.1034490466118 -8.62068962305784 0
         vertex -39.6551713347435 -8.62068962305784 0
         vertex -43.1034490466118 -12.068965472281 0
      endloop
   endfacet
   facet normal 0 0 -1
      outer loop
         vertex -48.453863710165 -12.33786996454 0
         vertex -46.5517230331898 -8.62068962305784 0
         vertex -46.5517230331898 -12.068965472281 0
      endloop
   endfacet
   facet normal 0 0 -1
      outer loop
         vertex -39.6551713347435 -8.62068962305784 0
         vertex -36.2068973481655 -8.62068962305784 0
         vertex -39.6551713347435 -12.068965472281 0
      endloop
   endfacet
   facet normal 0 0 -1
      outer loop
         vertex -39.6551713347435 -12.068965472281 0
         vertex -36.2068973481655 -8.62068962305784 0
         vertex -36.2068973481655 -12.068965472281 0
      endloop
   endfacet
   facet normal 0 0 -1
      outer loop
         vertex -39.6551713347435 -12.068965472281 0
         vertex -36.2068973481655 -12.068965472281 0
         vertex -39.6551713347435 -15.5172413215041 0
      endloop
   endfacet
   facet normal 0 0 -1
      outer loop
         vertex -39.6551713347435 -15.5172413215041 0
         vertex -36.2068973481655 -12.068965472281 0
         vertex -36.2068973481655 -15.5172413215041 0
      endloop
   endfacet
   facet normal 0 0 -1
      outer loop
         vertex -39.6551713347435 -15.5172413215041 0
         vertex -36.2068973481655 -15.5172413215041 0
         vertex -39.6551713347435 -18.9655181020498 0
      endloop
   endfacet
   facet normal 0 0 -1
      outer loop
         vertex -39.6551713347435 -18.9655181020498 0
         vertex -36.2068973481655 -15.5172413215041 0
         vertex -36.2068973481655 -18.9655181020498 0
      endloop
   endfacet
   facet normal 0 0 -1
      outer loop
         vertex -39.6551713347435 -18.9655181020498 0
         vertex -36.2068973481655 -18.9655181020498 0
         vertex -39.6551713347435 -22.413793951273 0
      endloop
   endfacet
   facet normal 0 0 -1
      outer loop
         vertex -39.6551713347435 -22.413793951273 0
         vertex -36.2068973481655 -18.9655181020498 0
         vertex -36.2068973481655 -22.413793951273 0
      endloop
   endfacet
   facet normal 0 0 -1
      outer loop
         vertex -36.2068973481655 -8.62068962305784 0
         vertex -39.6551713347435 -8.62068962305784 0
         vertex -36.2068973481655 -5.17241377383471 0
      endloop
   endfacet
   facet normal 0 0 -1
      outer loop
         vertex 39.6551713347435 -12.068965472281 0
         vertex 43.1034490466118 -8.62068962305784 0
         vertex 43.1034490466118 -12.068965472281 0
      endloop
   endfacet
   facet normal 0 0 -1
      outer loop
         vertex 43.1034490466118 -12.068965472281 0
         vertex 43.1034490466118 -8.62068962305784 0
         vertex 46.5517230331898 -8.62068962305784 0
      endloop
   endfacet
   facet normal 0 0 -1
      outer loop
         vertex 43.1034490466118 -8.62068962305784 0
         vertex 46.5517230331898 -5.17241377383471 0
         vertex 46.5517230331898 -8.62068962305784 0
      endloop
   endfacet
   facet normal 0 0 -1
      outer loop
         vertex 46.5517230331898 -8.62068962305784 0
         vertex 46.5517230331898 -5.17241377383471 0
         vertex 49.7515387833118 -4.97839227318764 0
      endloop
   endfacet
   facet normal 0 0 -1
      outer loop
         vertex 39.6551713347435 -12.068965472281 0
         vertex 43.1034490466118 -12.068965472281 0
         vertex 39.6551713347435 -15.5172413215041 0
      endloop
   endfacet
   facet normal 0 0 -1
      outer loop
         vertex -43.1034490466118 -15.5172413215041 0
         vertex -43.1034490466118 -12.068965472281 0
         vertex -39.6551713347435 -12.068965472281 0
      endloop
   endfacet
   facet normal 0 0 -1
      outer loop
         vertex -39.6551713347435 -12.068965472281 0
         vertex -43.1034490466118 -12.068965472281 0
         vertex -39.6551713347435 -8.62068962305784 0
      endloop
   endfacet
   facet normal 0 0 -1
      outer loop
         vertex -43.1034490466118 -18.9655181020498 0
         vertex -43.1034490466118 -15.5172413215041 0
         vertex -39.6551713347435 -15.5172413215041 0
      endloop
   endfacet
   facet normal 0 0 -1
      outer loop
         vertex -39.6551713347435 -15.5172413215041 0
         vertex -43.1034490466118 -15.5172413215041 0
         vertex -39.6551713347435 -12.068965472281 0
      endloop
   endfacet
   facet normal 0 0 -1
      outer loop
         vertex -39.6551713347435 -22.413793951273 0
         vertex -43.1034490466118 -22.413793951273 0
         vertex -39.6551713347435 -18.9655181020498 0
      endloop
   endfacet
   facet normal 0 0 -1
      outer loop
         vertex -39.6551713347435 -18.9655181020498 0
         vertex -43.1034490466118 -22.413793951273 0
         vertex -43.1034490466118 -18.9655181020498 0
      endloop
   endfacet
   facet normal 0 0 -1
      outer loop
         vertex -39.6551713347435 -18.9655181020498 0
         vertex -43.1034490466118 -18.9655181020498 0
         vertex -39.6551713347435 -15.5172413215041 0
      endloop
   endfacet
   facet normal 0 0 -1
      outer loop
         vertex 46.0738092660904 -19.4217395037413 0
         vertex 43.1034490466118 -22.413793951273 0
         vertex 43.1034490466118 -18.9655181020498 0
      endloop
   endfacet
   facet normal 0 0 -1
      outer loop
         vertex 43.1034490466118 -18.9655181020498 0
         vertex 43.1034490466118 -22.413793951273 0
         vertex 39.6551713347435 -22.413793951273 0
      endloop
   endfacet
   facet normal 0 0 -1
      outer loop
         vertex 36.2068973481655 -25.8620698004961 0
         vertex 39.6551713347435 -25.8620698004961 0
         vertex 36.2068973481655 -29.3103456497192 0
      endloop
   endfacet
   facet normal 0 0 -1
      outer loop
         vertex 36.2068973481655 -29.3103456497192 0
         vertex 39.6551713347435 -25.8620698004961 0
         vertex 39.6551713347435 -29.3103456497192 0
      endloop
   endfacet
   facet normal 0 0 -1
      outer loop
         vertex 36.2068973481655 -29.3103456497192 0
         vertex 39.6551713347435 -29.3103456497192 0
         vertex 38.3022204041481 -32.1393795311451 0
      endloop
   endfacet
   facet normal 0 0 -1
      outer loop
         vertex 38.3022204041481 -32.1393795311451 0
         vertex 39.6551713347435 -29.3103456497192 0
         vertex 41.31193831563 -28.1660035252571 0
      endloop
   endfacet
   facet normal 0 0 -1
      outer loop
         vertex 32.7586196362972 -25.8620698004961 0
         vertex 36.2068973481655 -25.8620698004961 0
         vertex 32.7586196362972 -29.3103456497192 0
      endloop
   endfacet
   facet normal 0 0 -1
      outer loop
         vertex 32.7586196362972 -29.3103456497192 0
         vertex 36.2068973481655 -25.8620698004961 0
         vertex 36.2068973481655 -29.3103456497192 0
      endloop
   endfacet
   facet normal 0 0 -1
      outer loop
         vertex 32.7586196362972 -29.3103456497192 0
         vertex 36.2068973481655 -29.3103456497192 0
         vertex 32.7586196362972 -32.7586196362972 0
      endloop
   endfacet
   facet normal 0 0 -1
      outer loop
         vertex 32.7586196362972 -32.7586196362972 0
         vertex 36.2068973481655 -29.3103456497192 0
         vertex 36.2068973481655 -32.7586196362972 0
      endloop
   endfacet
   facet normal 0 0 -1
      outer loop
         vertex 32.7586196362972 -32.7586196362972 0
         vertex 36.2068973481655 -32.7586196362972 0
         vertex 34.9118411540985 -35.7933416962624 0
      endloop
   endfacet
   facet normal 0 0 -1
      outer loop
         vertex 34.9118411540985 -35.7933416962624 0
         vertex 36.2068973481655 -32.7586196362972 0
         vertex 38.3022204041481 -32.1393795311451 0
      endloop
   endfacet
   facet normal 0 0 -1
      outer loop
         vertex 29.3103456497192 -25.8620698004961 0
         vertex 32.7586196362972 -25.8620698004961 0
         vertex 29.3103456497192 -29.3103456497192 0
      endloop
   endfacet
   facet normal 0 0 -1
      outer loop
         vertex 29.3103456497192 -29.3103456497192 0
         vertex 32.7586196362972 -25.8620698004961 0
         vertex 32.7586196362972 -29.3103456497192 0
      endloop
   endfacet
   facet normal 0 0 -1
      outer loop
         vertex 29.3103456497192 -29.3103456497192 0
         vertex 32.7586196362972 -29.3103456497192 0
         vertex 29.3103456497192 -32.7586196362972 0
      endloop
   endfacet
   facet normal 0 0 -1
      outer loop
         vertex 29.3103456497192 -32.7586196362972 0
         vertex 32.7586196362972 -29.3103456497192 0
         vertex 32.7586196362972 -32.7586196362972 0
      endloop
   endfacet
   facet normal 0 0 -1
      outer loop
         vertex 29.3103456497192 -32.7586196362972 0
         vertex 32.7586196362972 -32.7586196362972 0
         vertex 29.3103456497192 -36.2068973481655 0
      endloop
   endfacet
   facet normal 0 0 -1
      outer loop
         vertex 29.3103456497192 -36.2068973481655 0
         vertex 32.7586196362972 -32.7586196362972 0
         vertex 32.7586196362972 -36.2068973481655 0
      endloop
   endfacet
   facet normal 0 0 -1
      outer loop
         vertex 29.3103456497192 -36.2068973481655 0
         vertex 32.7586196362972 -36.2068973481655 0
         vertex 31.1744902282953 -39.0915758907795 0
      endloop
   endfacet
   facet normal 0 0 -1
      outer loop
         vertex 31.1744902282953 -39.0915758907795 0
         vertex 32.7586196362972 -36.2068973481655 0
         vertex 34.9118411540985 -35.7933416962624 0
      endloop
   endfacet
   facet normal 0 0 -1
      outer loop
         vertex 25.8620698004961 -25.8620698004961 0
         vertex 29.3103456497192 -25.8620698004961 0
         vertex 25.8620698004961 -29.3103456497192 0
      endloop
   endfacet
   facet normal 0 0 -1
      outer loop
         vertex 25.8620698004961 -29.3103456497192 0
         vertex 29.3103456497192 -25.8620698004961 0
         vertex 29.3103456497192 -29.3103456497192 0
      endloop
   endfacet
   facet normal 0 0 -1
      outer loop
         vertex 25.8620698004961 -29.3103456497192 0
         vertex 29.3103456497192 -29.3103456497192 0
         vertex 25.8620698004961 -32.7586196362972 0
      endloop
   endfacet
   facet normal 0 0 -1
      outer loop
         vertex 25.8620698004961 -32.7586196362972 0
         vertex 29.3103456497192 -29.3103456497192 0
         vertex 29.3103456497192 -32.7586196362972 0
      endloop
   endfacet
   facet normal 0 0 -1
      outer loop
         vertex 25.8620698004961 -32.7586196362972 0
         vertex 29.3103456497192 -32.7586196362972 0
         vertex 25.8620698004961 -36.2068973481655 0
      endloop
   endfacet
   facet normal 0 0 -1
      outer loop
         vertex 25.8620698004961 -36.2068973481655 0
         vertex 29.3103456497192 -32.7586196362972 0
         vertex 29.3103456497192 -36.2068973481655 0
      endloop
   endfacet
   facet normal 0 0 -1
      outer loop
         vertex 25.8620698004961 -36.2068973481655 0
         vertex 29.3103456497192 -36.2068973481655 0
         vertex 25.8620698004961 -39.6551713347435 0
      endloop
   endfacet
   facet normal 0 0 -1
      outer loop
         vertex 25.8620698004961 -39.6551713347435 0
         vertex 29.3103456497192 -36.2068973481655 0
         vertex 29.3103456497192 -39.6551713347435 0
      endloop
   endfacet
   facet normal 0 0 -1
      outer loop
         vertex 25.8620698004961 -39.6551713347435 0
         vertex 29.3103456497192 -39.6551713347435 0
         vertex 27.1273124963045 -42.0012958347797 0
      endloop
   endfacet
   facet normal 0 0 -1
      outer loop
         vertex 27.1273124963045 -42.0012958347797 0
         vertex 29.3103456497192 -39.6551713347435 0
         vertex 31.1744902282953 -39.0915758907795 0
      endloop
   endfacet
   facet normal 0 0 -1
      outer loop
         vertex 22.413793951273 -25.8620698004961 0
         vertex 25.8620698004961 -25.8620698004961 0
         vertex 22.413793951273 -29.3103456497192 0
      endloop
   endfacet
   facet normal 0 0 -1
      outer loop
         vertex 22.413793951273 -29.3103456497192 0
         vertex 25.8620698004961 -25.8620698004961 0
         vertex 25.8620698004961 -29.3103456497192 0
      endloop
   endfacet
   facet normal 0 0 -1
      outer loop
         vertex 22.413793951273 -29.3103456497192 0
         vertex 25.8620698004961 -29.3103456497192 0
         vertex 22.413793951273 -32.7586196362972 0
      endloop
   endfacet
   facet normal 0 0 -1
      outer loop
         vertex 22.413793951273 -32.7586196362972 0
         vertex 25.8620698004961 -29.3103456497192 0
         vertex 25.8620698004961 -32.7586196362972 0
      endloop
   endfacet
   facet normal 0 0 -1
      outer loop
         vertex 22.413793951273 -32.7586196362972 0
         vertex 25.8620698004961 -32.7586196362972 0
         vertex 22.413793951273 -36.2068973481655 0
      endloop
   endfacet
   facet normal 0 0 -1
      outer loop
         vertex 22.413793951273 -36.2068973481655 0
         vertex 25.8620698004961 -32.7586196362972 0
         vertex 25.8620698004961 -36.2068973481655 0
      endloop
   endfacet
   facet normal 0 0 -1
      outer loop
         vertex 22.413793951273 -36.2068973481655 0
         vertex 25.8620698004961 -36.2068973481655 0
         vertex 22.413793951273 -39.6551713347435 0
      endloop
   endfacet
   facet normal 0 0 -1
      outer loop
         vertex 22.413793951273 -39.6551713347435 0
         vertex 25.8620698004961 -36.2068973481655 0
         vertex 25.8620698004961 -39.6551713347435 0
      endloop
   endfacet
   facet normal 0 0 -1
      outer loop
         vertex 22.413793951273 -39.6551713347435 0
         vertex 25.8620698004961 -39.6551713347435 0
         vertex 22.413793951273 -43.1034490466118 0
      endloop
   endfacet
   facet normal 0 0 -1
      outer loop
         vertex 22.413793951273 -43.1034490466118 0
         vertex 25.8620698004961 -39.6551713347435 0
         vertex 27.1273124963045 -42.0012958347797 0
      endloop
   endfacet
   facet normal 0 0 -1
      outer loop
         vertex 22.413793951273 -43.1034490466118 0
         vertex 27.1273124963045 -42.0012958347797 0
         vertex 22.8105336427689 -44.4935895502567 0
      endloop
   endfacet
   facet normal 0 0 -1
      outer loop
         vertex 18.9655181020498 -25.8620698004961 0
         vertex 22.413793951273 -25.8620698004961 0
         vertex 18.9655181020498 -29.3103456497192 0
      endloop
   endfacet
   facet normal 0 0 -1
      outer loop
         vertex 18.9655181020498 -29.3103456497192 0
         vertex 22.413793951273 -25.8620698004961 0
         vertex 22.413793951273 -29.3103456497192 0
      endloop
   endfacet
   facet normal 0 0 -1
      outer loop
         vertex 18.9655181020498 -29.3103456497192 0
         vertex 22.413793951273 -29.3103456497192 0
         vertex 18.9655181020498 -32.7586196362972 0
      endloop
   endfacet
   facet normal 0 0 -1
      outer loop
         vertex 18.9655181020498 -32.7586196362972 0
         vertex 22.413793951273 -29.3103456497192 0
         vertex 22.413793951273 -32.7586196362972 0
      endloop
   endfacet
   facet normal 0 0 -1
      outer loop
         vertex 18.9655181020498 -32.7586196362972 0
         vertex 22.413793951273 -32.7586196362972 0
         vertex 18.9655181020498 -36.2068973481655 0
      endloop
   endfacet
   facet normal 0 0 -1
      outer loop
         vertex 18.9655181020498 -36.2068973481655 0
         vertex 22.413793951273 -32.7586196362972 0
         vertex 22.413793951273 -36.2068973481655 0
      endloop
   endfacet
   facet normal 0 0 -1
      outer loop
         vertex 18.9655181020498 -36.2068973481655 0
         vertex 22.413793951273 -36.2068973481655 0
         vertex 18.9655181020498 -39.6551713347435 0
      endloop
   endfacet
   facet normal 0 0 -1
      outer loop
         vertex 18.9655181020498 -39.6551713347435 0
         vertex 22.413793951273 -36.2068973481655 0
         vertex 22.413793951273 -39.6551713347435 0
      endloop
   endfacet
   facet normal 0 0 -1
      outer loop
         vertex 18.9655181020498 -39.6551713347435 0
         vertex 22.413793951273 -39.6551713347435 0
         vertex 18.9655181020498 -43.1034490466118 0
      endloop
   endfacet
   facet normal 0 0 -1
      outer loop
         vertex 18.9655181020498 -43.1034490466118 0
         vertex 22.413793951273 -39.6551713347435 0
         vertex 22.413793951273 -43.1034490466118 0
      endloop
   endfacet
   facet normal 0 0 -1
      outer loop
         vertex 18.9655181020498 -43.1034490466118 0
         vertex 22.413793951273 -43.1034490466118 0
         vertex 22.8105336427689 -44.4935895502567 0
      endloop
   endfacet
   facet normal 0 0 -1
      outer loop
         vertex 15.5172413215041 -25.8620698004961 0
         vertex 18.9655181020498 -25.8620698004961 0
         vertex 15.5172413215041 -29.3103456497192 0
      endloop
   endfacet
   facet normal 0 0 -1
      outer loop
         vertex 15.5172413215041 -29.3103456497192 0
         vertex 18.9655181020498 -25.8620698004961 0
         vertex 18.9655181020498 -29.3103456497192 0
      endloop
   endfacet
   facet normal 0 0 -1
      outer loop
         vertex 15.5172413215041 -29.3103456497192 0
         vertex 18.9655181020498 -29.3103456497192 0
         vertex 15.5172413215041 -32.7586196362972 0
      endloop
   endfacet
   facet normal 0 0 -1
      outer loop
         vertex 15.5172413215041 -32.7586196362972 0
         vertex 18.9655181020498 -29.3103456497192 0
         vertex 18.9655181020498 -32.7586196362972 0
      endloop
   endfacet
   facet normal 0 0 -1
      outer loop
         vertex 15.5172413215041 -32.7586196362972 0
         vertex 18.9655181020498 -32.7586196362972 0
         vertex 15.5172413215041 -36.2068973481655 0
      endloop
   endfacet
   facet normal 0 0 -1
      outer loop
         vertex 15.5172413215041 -36.2068973481655 0
         vertex 18.9655181020498 -32.7586196362972 0
         vertex 18.9655181020498 -36.2068973481655 0
      endloop
   endfacet
   facet normal 0 0 -1
      outer loop
         vertex 15.5172413215041 -36.2068973481655 0
         vertex 18.9655181020498 -36.2068973481655 0
         vertex 15.5172413215041 -39.6551713347435 0
      endloop
   endfacet
   facet normal 0 0 -1
      outer loop
         vertex 15.5172413215041 -39.6551713347435 0
         vertex 18.9655181020498 -36.2068973481655 0
         vertex 18.9655181020498 -39.6551713347435 0
      endloop
   endfacet
   facet normal 0 0 -1
      outer loop
         vertex 15.5172413215041 -39.6551713347435 0
         vertex 18.9655181020498 -39.6551713347435 0
         vertex 15.5172413215041 -43.1034490466118 0
      endloop
   endfacet
   facet normal 0 0 -1
      outer loop
         vertex 15.5172413215041 -43.1034490466118 0
         vertex 18.9655181020498 -39.6551713347435 0
         vertex 18.9655181020498 -43.1034490466118 0
      endloop
   endfacet
   facet normal 0 0 -1
      outer loop
         vertex 15.5172413215041 -43.1034490466118 0
         vertex 18.9655181020498 -43.1034490466118 0
         vertex 18.2670503854752 -46.543687582016 0
      endloop
   endfacet
   facet normal 0 0 -1
      outer loop
         vertex 18.2670503854752 -46.543687582016 0
         vertex 18.9655181020498 -43.1034490466118 0
         vertex 22.8105336427689 -44.4935895502567 0
      endloop
   endfacet
   facet normal 0 0 -1
      outer loop
         vertex 12.068965472281 -25.8620698004961 0
         vertex 15.5172413215041 -25.8620698004961 0
         vertex 12.068965472281 -29.3103456497192 0
      endloop
   endfacet
   facet normal 0 0 -1
      outer loop
         vertex 12.068965472281 -29.3103456497192 0
         vertex 15.5172413215041 -25.8620698004961 0
         vertex 15.5172413215041 -29.3103456497192 0
      endloop
   endfacet
   facet normal 0 0 -1
      outer loop
         vertex 12.068965472281 -29.3103456497192 0
         vertex 15.5172413215041 -29.3103456497192 0
         vertex 12.068965472281 -32.7586196362972 0
      endloop
   endfacet
   facet normal 0 0 -1
      outer loop
         vertex 12.068965472281 -32.7586196362972 0
         vertex 15.5172413215041 -29.3103456497192 0
         vertex 15.5172413215041 -32.7586196362972 0
      endloop
   endfacet
   facet normal 0 0 -1
      outer loop
         vertex 12.068965472281 -32.7586196362972 0
         vertex 15.5172413215041 -32.7586196362972 0
         vertex 12.068965472281 -36.2068973481655 0
      endloop
   endfacet
   facet normal 0 0 -1
      outer loop
         vertex 12.068965472281 -36.2068973481655 0
         vertex 15.5172413215041 -32.7586196362972 0
         vertex 15.5172413215041 -36.2068973481655 0
      endloop
   endfacet
   facet normal 0 0 -1
      outer loop
         vertex 12.068965472281 -36.2068973481655 0
         vertex 15.5172413215041 -36.2068973481655 0
         vertex 12.068965472281 -39.6551713347435 0
      endloop
   endfacet
   facet normal 0 0 -1
      outer loop
         vertex 12.068965472281 -39.6551713347435 0
         vertex 15.5172413215041 -36.2068973481655 0
         vertex 15.5172413215041 -39.6551713347435 0
      endloop
   endfacet
   facet normal 0 0 -1
      outer loop
         vertex 12.068965472281 -39.6551713347435 0
         vertex 15.5172413215041 -39.6551713347435 0
         vertex 12.068965472281 -43.1034490466118 0
      endloop
   endfacet
   facet normal 0 0 -1
      outer loop
         vertex 12.068965472281 -43.1034490466118 0
         vertex 15.5172413215041 -39.6551713347435 0
         vertex 15.5172413215041 -43.1034490466118 0
      endloop
   endfacet
   facet normal 0 0 -1
      outer loop
         vertex 12.068965472281 -43.1034490466118 0
         vertex 15.5172413215041 -43.1034490466118 0
         vertex 12.068965472281 -46.5517230331898 0
      endloop
   endfacet
   facet normal 0 0 -1
      outer loop
         vertex 12.068965472281 -46.5517230331898 0
         vertex 15.5172413215041 -43.1034490466118 0
         vertex 15.5172413215041 -46.5517230331898 0
      endloop
   endfacet
   facet normal 0 0 -1
      outer loop
         vertex 12.068965472281 -46.5517230331898 0
         vertex 15.5172413215041 -46.5517230331898 0
         vertex 13.5420234873891 -48.1312125921249 0
      endloop
   endfacet
   facet normal 0 0 -1
      outer loop
         vertex 13.5420234873891 -48.1312125921249 0
         vertex 15.5172413215041 -46.5517230331898 0
         vertex 18.2670503854752 -46.543687582016 0
      endloop
   endfacet
   facet normal 0 0 -1
      outer loop
         vertex 8.62068962305784 -25.8620698004961 0
         vertex 12.068965472281 -25.8620698004961 0
         vertex 8.62068962305784 -29.3103456497192 0
      endloop
   endfacet
   facet normal 0 0 -1
      outer loop
         vertex 8.62068962305784 -29.3103456497192 0
         vertex 12.068965472281 -25.8620698004961 0
         vertex 12.068965472281 -29.3103456497192 0
      endloop
   endfacet
   facet normal 0 0 -1
      outer loop
         vertex 8.62068962305784 -29.3103456497192 0
         vertex 12.068965472281 -29.3103456497192 0
         vertex 8.62068962305784 -32.7586196362972 0
      endloop
   endfacet
   facet normal 0 0 -1
      outer loop
         vertex 8.62068962305784 -32.7586196362972 0
         vertex 12.068965472281 -29.3103456497192 0
         vertex 12.068965472281 -32.7586196362972 0
      endloop
   endfacet
   facet normal 0 0 -1
      outer loop
         vertex 8.62068962305784 -32.7586196362972 0
         vertex 12.068965472281 -32.7586196362972 0
         vertex 8.62068962305784 -36.2068973481655 0
      endloop
   endfacet
   facet normal 0 0 -1
      outer loop
         vertex 8.62068962305784 -36.2068973481655 0
         vertex 12.068965472281 -32.7586196362972 0
         vertex 12.068965472281 -36.2068973481655 0
      endloop
   endfacet
   facet normal 0 0 -1
      outer loop
         vertex 8.62068962305784 -36.2068973481655 0
         vertex 12.068965472281 -36.2068973481655 0
         vertex 8.62068962305784 -39.6551713347435 0
      endloop
   endfacet
   facet normal 0 0 -1
      outer loop
         vertex 8.62068962305784 -39.6551713347435 0
         vertex 12.068965472281 -36.2068973481655 0
         vertex 12.068965472281 -39.6551713347435 0
      endloop
   endfacet
   facet normal 0 0 -1
      outer loop
         vertex 8.62068962305784 -39.6551713347435 0
         vertex 12.068965472281 -39.6551713347435 0
         vertex 8.62068962305784 -43.1034490466118 0
      endloop
   endfacet
   facet normal 0 0 -1
      outer loop
         vertex 8.62068962305784 -43.1034490466118 0
         vertex 12.068965472281 -39.6551713347435 0
         vertex 12.068965472281 -43.1034490466118 0
      endloop
   endfacet
   facet normal 0 0 -1
      outer loop
         vertex 8.62068962305784 -43.1034490466118 0
         vertex 12.068965472281 -43.1034490466118 0
         vertex 8.62068962305784 -46.5517230331898 0
      endloop
   endfacet
   facet normal 0 0 -1
      outer loop
         vertex 8.62068962305784 -46.5517230331898 0
         vertex 12.068965472281 -43.1034490466118 0
         vertex 12.068965472281 -46.5517230331898 0
      endloop
   endfacet
   facet normal 0 0 -1
      outer loop
         vertex 8.62068962305784 -46.5517230331898 0
         vertex 12.068965472281 -46.5517230331898 0
         vertex 8.68240930140018 -49.2403879761696 0
      endloop
   endfacet
   facet normal 0 0 -1
      outer loop
         vertex 8.68240930140018 -49.2403879761696 0
         vertex 12.068965472281 -46.5517230331898 0
         vertex 13.5420234873891 -48.1312125921249 0
      endloop
   endfacet
   facet normal 0 0 -1
      outer loop
         vertex 5.17241377383471 -25.8620698004961 0
         vertex 8.62068962305784 -25.8620698004961 0
         vertex 5.17241377383471 -29.3103456497192 0
      endloop
   endfacet
   facet normal 0 0 -1
      outer loop
         vertex 5.17241377383471 -29.3103456497192 0
         vertex 8.62068962305784 -25.8620698004961 0
         vertex 8.62068962305784 -29.3103456497192 0
      endloop
   endfacet
   facet normal 0 0 -1
      outer loop
         vertex 5.17241377383471 -29.3103456497192 0
         vertex 8.62068962305784 -29.3103456497192 0
         vertex 5.17241377383471 -32.7586196362972 0
      endloop
   endfacet
   facet normal 0 0 -1
      outer loop
         vertex 5.17241377383471 -32.7586196362972 0
         vertex 8.62068962305784 -29.3103456497192 0
         vertex 8.62068962305784 -32.7586196362972 0
      endloop
   endfacet
   facet normal 0 0 -1
      outer loop
         vertex 5.17241377383471 -32.7586196362972 0
         vertex 8.62068962305784 -32.7586196362972 0
         vertex 5.17241377383471 -36.2068973481655 0
      endloop
   endfacet
   facet normal 0 0 -1
      outer loop
         vertex 5.17241377383471 -36.2068973481655 0
         vertex 8.62068962305784 -32.7586196362972 0
         vertex 8.62068962305784 -36.2068973481655 0
      endloop
   endfacet
   facet normal 0 0 -1
      outer loop
         vertex 5.17241377383471 -36.2068973481655 0
         vertex 8.62068962305784 -36.2068973481655 0
         vertex 5.17241377383471 -39.6551713347435 0
      endloop
   endfacet
   facet normal 0 0 -1
      outer loop
         vertex 5.17241377383471 -39.6551713347435 0
         vertex 8.62068962305784 -36.2068973481655 0
         vertex 8.62068962305784 -39.6551713347435 0
      endloop
   endfacet
   facet normal 0 0 -1
      outer loop
         vertex 5.17241377383471 -39.6551713347435 0
         vertex 8.62068962305784 -39.6551713347435 0
         vertex 5.17241377383471 -43.1034490466118 0
      endloop
   endfacet
   facet normal 0 0 -1
      outer loop
         vertex 5.17241377383471 -43.1034490466118 0
         vertex 8.62068962305784 -39.6551713347435 0
         vertex 8.62068962305784 -43.1034490466118 0
      endloop
   endfacet
   facet normal 0 0 -1
      outer loop
         vertex 5.17241377383471 -43.1034490466118 0
         vertex 8.62068962305784 -43.1034490466118 0
         vertex 5.17241377383471 -46.5517230331898 0
      endloop
   endfacet
   facet normal 0 0 -1
      outer loop
         vertex 5.17241377383471 -46.5517230331898 0
         vertex 8.62068962305784 -43.1034490466118 0
         vertex 8.62068962305784 -46.5517230331898 0
      endloop
   endfacet
   facet normal 0 0 -1
      outer loop
         vertex 5.17241377383471 -46.5517230331898 0
         vertex 8.62068962305784 -46.5517230331898 0
         vertex 8.68240930140018 -49.2403879761696 0
      endloop
   endfacet
   facet normal 0 0 -1
      outer loop
         vertex 1.72413792461157 -25.8620698004961 0
         vertex 5.17241377383471 -25.8620698004961 0
         vertex 1.72413792461157 -29.3103456497192 0
      endloop
   endfacet
   facet normal 0 0 -1
      outer loop
         vertex 1.72413792461157 -29.3103456497192 0
         vertex 5.17241377383471 -25.8620698004961 0
         vertex 5.17241377383471 -29.3103456497192 0
      endloop
   endfacet
   facet normal 0 0 -1
      outer loop
         vertex 1.72413792461157 -29.3103456497192 0
         vertex 5.17241377383471 -29.3103456497192 0
         vertex 1.72413792461157 -32.7586196362972 0
      endloop
   endfacet
   facet normal 0 0 -1
      outer loop
         vertex 1.72413792461157 -32.7586196362972 0
         vertex 5.17241377383471 -29.3103456497192 0
         vertex 5.17241377383471 -32.7586196362972 0
      endloop
   endfacet
   facet normal 0 0 -1
      outer loop
         vertex 1.72413792461157 -32.7586196362972 0
         vertex 5.17241377383471 -32.7586196362972 0
         vertex 1.72413792461157 -36.2068973481655 0
      endloop
   endfacet
   facet normal 0 0 -1
      outer loop
         vertex 1.72413792461157 -36.2068973481655 0
         vertex 5.17241377383471 -32.7586196362972 0
         vertex 5.17241377383471 -36.2068973481655 0
      endloop
   endfacet
   facet normal 0 0 -1
      outer loop
         vertex 1.72413792461157 -36.2068973481655 0
         vertex 5.17241377383471 -36.2068973481655 0
         vertex 1.72413792461157 -39.6551713347435 0
      endloop
   endfacet
   facet normal 0 0 -1
      outer loop
         vertex 1.72413792461157 -39.6551713347435 0
         vertex 5.17241377383471 -36.2068973481655 0
         vertex 5.17241377383471 -39.6551713347435 0
      endloop
   endfacet
   facet normal 0 0 -1
      outer loop
         vertex 1.72413792461157 -39.6551713347435 0
         vertex 5.17241377383471 -39.6551713347435 0
         vertex 1.72413792461157 -43.1034490466118 0
      endloop
   endfacet
   facet normal 0 0 -1
      outer loop
         vertex 1.72413792461157 -43.1034490466118 0
         vertex 5.17241377383471 -39.6551713347435 0
         vertex 5.17241377383471 -43.1034490466118 0
      endloop
   endfacet
   facet normal 0 0 -1
      outer loop
         vertex 1.72413792461157 -43.1034490466118 0
         vertex 5.17241377383471 -43.1034490466118 0
         vertex 1.72413792461157 -46.5517230331898 0
      endloop
   endfacet
   facet normal 0 0 -1
      outer loop
         vertex 1.72413792461157 -46.5517230331898 0
         vertex 5.17241377383471 -43.1034490466118 0
         vertex 5.17241377383471 -46.5517230331898 0
      endloop
   endfacet
   facet normal 0 0 -1
      outer loop
         vertex 1.72413792461157 -46.5517230331898 0
         vertex 5.17241377383471 -46.5517230331898 0
         vertex 3.7365045864135 -49.8601906001568 0
      endloop
   endfacet
   facet normal 0 0 -1
      outer loop
         vertex 3.7365045864135 -49.8601906001568 0
         vertex 5.17241377383471 -46.5517230331898 0
         vertex 8.68240930140018 -49.2403879761696 0
      endloop
   endfacet
   facet normal 0 0 -1
      outer loop
         vertex -1.72413792461157 -25.8620698004961 0
         vertex 1.72413792461157 -25.8620698004961 0
         vertex -1.72413792461157 -29.3103456497192 0
      endloop
   endfacet
   facet normal 0 0 -1
      outer loop
         vertex -1.72413792461157 -29.3103456497192 0
         vertex 1.72413792461157 -25.8620698004961 0
         vertex 1.72413792461157 -29.3103456497192 0
      endloop
   endfacet
   facet normal 0 0 -1
      outer loop
         vertex -1.72413792461157 -29.3103456497192 0
         vertex 1.72413792461157 -29.3103456497192 0
         vertex -1.72413792461157 -32.7586196362972 0
      endloop
   endfacet
   facet normal 0 0 -1
      outer loop
         vertex -1.72413792461157 -32.7586196362972 0
         vertex 1.72413792461157 -29.3103456497192 0
         vertex 1.72413792461157 -32.7586196362972 0
      endloop
   endfacet
   facet normal 0 0 -1
      outer loop
         vertex -1.72413792461157 -32.7586196362972 0
         vertex 1.72413792461157 -32.7586196362972 0
         vertex -1.72413792461157 -36.2068973481655 0
      endloop
   endfacet
   facet normal 0 0 -1
      outer loop
         vertex -1.72413792461157 -36.2068973481655 0
         vertex 1.72413792461157 -32.7586196362972 0
         vertex 1.72413792461157 -36.2068973481655 0
      endloop
   endfacet
   facet normal 0 0 -1
      outer loop
         vertex -1.72413792461157 -36.2068973481655 0
         vertex 1.72413792461157 -36.2068973481655 0
         vertex -1.72413792461157 -39.6551713347435 0
      endloop
   endfacet
   facet normal 0 0 -1
      outer loop
         vertex -1.72413792461157 -39.6551713347435 0
         vertex 1.72413792461157 -36.2068973481655 0
         vertex 1.72413792461157 -39.6551713347435 0
      endloop
   endfacet
   facet normal 0 0 -1
      outer loop
         vertex -1.72413792461157 -39.6551713347435 0
         vertex 1.72413792461157 -39.6551713347435 0
         vertex -1.72413792461157 -43.1034490466118 0
      endloop
   endfacet
   facet normal 0 0 -1
      outer loop
         vertex -1.72413792461157 -43.1034490466118 0
         vertex 1.72413792461157 -39.6551713347435 0
         vertex 1.72413792461157 -43.1034490466118 0
      endloop
   endfacet
   facet normal 0 0 -1
      outer loop
         vertex -1.72413792461157 -43.1034490466118 0
         vertex 1.72413792461157 -43.1034490466118 0
         vertex -1.72413792461157 -46.5517230331898 0
      endloop
   endfacet
   facet normal 0 0 -1
      outer loop
         vertex -1.72413792461157 -46.5517230331898 0
         vertex 1.72413792461157 -43.1034490466118 0
         vertex 1.72413792461157 -46.5517230331898 0
      endloop
   endfacet
   facet normal 0 0 -1
      outer loop
         vertex -1.72413792461157 -46.5517230331898 0
         vertex 1.72413792461157 -46.5517230331898 0
         vertex -1.2465346371755 -49.9844588339329 0
      endloop
   endfacet
   facet normal 0 0 -1
      outer loop
         vertex -1.2465346371755 -49.9844588339329 0
         vertex 1.72413792461157 -46.5517230331898 0
         vertex 3.7365045864135 -49.8601906001568 0
      endloop
   endfacet
   facet normal 0 0 -1
      outer loop
         vertex -5.17241377383471 -25.8620698004961 0
         vertex -1.72413792461157 -25.8620698004961 0
         vertex -5.17241377383471 -29.3103456497192 0
      endloop
   endfacet
   facet normal 0 0 -1
      outer loop
         vertex -5.17241377383471 -29.3103456497192 0
         vertex -1.72413792461157 -25.8620698004961 0
         vertex -1.72413792461157 -29.3103456497192 0
      endloop
   endfacet
   facet normal 0 0 -1
      outer loop
         vertex -5.17241377383471 -29.3103456497192 0
         vertex -1.72413792461157 -29.3103456497192 0
         vertex -5.17241377383471 -32.7586196362972 0
      endloop
   endfacet
   facet normal 0 0 -1
      outer loop
         vertex -5.17241377383471 -32.7586196362972 0
         vertex -1.72413792461157 -29.3103456497192 0
         vertex -1.72413792461157 -32.7586196362972 0
      endloop
   endfacet
   facet normal 0 0 -1
      outer loop
         vertex -5.17241377383471 -32.7586196362972 0
         vertex -1.72413792461157 -32.7586196362972 0
         vertex -5.17241377383471 -36.2068973481655 0
      endloop
   endfacet
   facet normal 0 0 -1
      outer loop
         vertex -5.17241377383471 -36.2068973481655 0
         vertex -1.72413792461157 -32.7586196362972 0
         vertex -1.72413792461157 -36.2068973481655 0
      endloop
   endfacet
   facet normal 0 0 -1
      outer loop
         vertex -5.17241377383471 -36.2068973481655 0
         vertex -1.72413792461157 -36.2068973481655 0
         vertex -5.17241377383471 -39.6551713347435 0
      endloop
   endfacet
   facet normal 0 0 -1
      outer loop
         vertex -5.17241377383471 -39.6551713347435 0
         vertex -1.72413792461157 -36.2068973481655 0
         vertex -1.72413792461157 -39.6551713347435 0
      endloop
   endfacet
   facet normal 0 0 -1
      outer loop
         vertex -5.17241377383471 -39.6551713347435 0
         vertex -1.72413792461157 -39.6551713347435 0
         vertex -5.17241377383471 -43.1034490466118 0
      endloop
   endfacet
   facet normal 0 0 -1
      outer loop
         vertex -5.17241377383471 -43.1034490466118 0
         vertex -1.72413792461157 -39.6551713347435 0
         vertex -1.72413792461157 -43.1034490466118 0
      endloop
   endfacet
   facet normal 0 0 -1
      outer loop
         vertex -5.17241377383471 -43.1034490466118 0
         vertex -1.72413792461157 -43.1034490466118 0
         vertex -5.17241377383471 -46.5517230331898 0
      endloop
   endfacet
   facet normal 0 0 -1
      outer loop
         vertex -5.17241377383471 -46.5517230331898 0
         vertex -1.72413792461157 -43.1034490466118 0
         vertex -1.72413792461157 -46.5517230331898 0
      endloop
   endfacet
   facet normal 0 0 -1
      outer loop
         vertex -5.17241377383471 -46.5517230331898 0
         vertex -1.72413792461157 -46.5517230331898 0
         vertex -1.2465346371755 -49.9844588339329 0
      endloop
   endfacet
   facet normal 0 0 -1
      outer loop
         vertex -8.62068962305784 -25.8620698004961 0
         vertex -5.17241377383471 -25.8620698004961 0
         vertex -8.62068962305784 -29.3103456497192 0
      endloop
   endfacet
   facet normal 0 0 -1
      outer loop
         vertex -8.62068962305784 -29.3103456497192 0
         vertex -5.17241377383471 -25.8620698004961 0
         vertex -5.17241377383471 -29.3103456497192 0
      endloop
   endfacet
   facet normal 0 0 -1
      outer loop
         vertex -8.62068962305784 -29.3103456497192 0
         vertex -5.17241377383471 -29.3103456497192 0
         vertex -8.62068962305784 -32.7586196362972 0
      endloop
   endfacet
   facet normal 0 0 -1
      outer loop
         vertex -8.62068962305784 -32.7586196362972 0
         vertex -5.17241377383471 -29.3103456497192 0
         vertex -5.17241377383471 -32.7586196362972 0
      endloop
   endfacet
   facet normal 0 0 -1
      outer loop
         vertex -8.62068962305784 -32.7586196362972 0
         vertex -5.17241377383471 -32.7586196362972 0
         vertex -8.62068962305784 -36.2068973481655 0
      endloop
   endfacet
   facet normal 0 0 -1
      outer loop
         vertex -8.62068962305784 -36.2068973481655 0
         vertex -5.17241377383471 -32.7586196362972 0
         vertex -5.17241377383471 -36.2068973481655 0
      endloop
   endfacet
   facet normal 0 0 -1
      outer loop
         vertex -8.62068962305784 -36.2068973481655 0
         vertex -5.17241377383471 -36.2068973481655 0
         vertex -8.62068962305784 -39.6551713347435 0
      endloop
   endfacet
   facet normal 0 0 -1
      outer loop
         vertex -8.62068962305784 -39.6551713347435 0
         vertex -5.17241377383471 -36.2068973481655 0
         vertex -5.17241377383471 -39.6551713347435 0
      endloop
   endfacet
   facet normal 0 0 -1
      outer loop
         vertex -8.62068962305784 -39.6551713347435 0
         vertex -5.17241377383471 -39.6551713347435 0
         vertex -8.62068962305784 -43.1034490466118 0
      endloop
   endfacet
   facet normal 0 0 -1
      outer loop
         vertex -8.62068962305784 -43.1034490466118 0
         vertex -5.17241377383471 -39.6551713347435 0
         vertex -5.17241377383471 -43.1034490466118 0
      endloop
   endfacet
   facet normal 0 0 -1
      outer loop
         vertex -8.62068962305784 -43.1034490466118 0
         vertex -5.17241377383471 -43.1034490466118 0
         vertex -8.62068962305784 -46.5517230331898 0
      endloop
   endfacet
   facet normal 0 0 -1
      outer loop
         vertex -8.62068962305784 -46.5517230331898 0
         vertex -5.17241377383471 -43.1034490466118 0
         vertex -5.17241377383471 -46.5517230331898 0
      endloop
   endfacet
   facet normal 0 0 -1
      outer loop
         vertex -8.62068962305784 -46.5517230331898 0
         vertex -5.17241377383471 -46.5517230331898 0
         vertex -6.21718540787697 -49.6119596064091 0
      endloop
   endfacet
   facet normal 0 0 -1
      outer loop
         vertex -6.21718540787697 -49.6119596064091 0
         vertex -5.17241377383471 -46.5517230331898 0
         vertex -1.2465346371755 -49.9844588339329 0
      endloop
   endfacet
   facet normal 0 0 -1
      outer loop
         vertex -12.068965472281 -25.8620698004961 0
         vertex -8.62068962305784 -25.8620698004961 0
         vertex -12.068965472281 -29.3103456497192 0
      endloop
   endfacet
   facet normal 0 0 -1
      outer loop
         vertex -12.068965472281 -29.3103456497192 0
         vertex -8.62068962305784 -25.8620698004961 0
         vertex -8.62068962305784 -29.3103456497192 0
      endloop
   endfacet
   facet normal 0 0 -1
      outer loop
         vertex -12.068965472281 -29.3103456497192 0
         vertex -8.62068962305784 -29.3103456497192 0
         vertex -12.068965472281 -32.7586196362972 0
      endloop
   endfacet
   facet normal 0 0 -1
      outer loop
         vertex -12.068965472281 -32.7586196362972 0
         vertex -8.62068962305784 -29.3103456497192 0
         vertex -8.62068962305784 -32.7586196362972 0
      endloop
   endfacet
   facet normal 0 0 -1
      outer loop
         vertex -12.068965472281 -32.7586196362972 0
         vertex -8.62068962305784 -32.7586196362972 0
         vertex -12.068965472281 -36.2068973481655 0
      endloop
   endfacet
   facet normal 0 0 -1
      outer loop
         vertex -12.068965472281 -36.2068973481655 0
         vertex -8.62068962305784 -32.7586196362972 0
         vertex -8.62068962305784 -36.2068973481655 0
      endloop
   endfacet
   facet normal 0 0 -1
      outer loop
         vertex -12.068965472281 -36.2068973481655 0
         vertex -8.62068962305784 -36.2068973481655 0
         vertex -12.068965472281 -39.6551713347435 0
      endloop
   endfacet
   facet normal 0 0 -1
      outer loop
         vertex -12.068965472281 -39.6551713347435 0
         vertex -8.62068962305784 -36.2068973481655 0
         vertex -8.62068962305784 -39.6551713347435 0
      endloop
   endfacet
   facet normal 0 0 -1
      outer loop
         vertex -12.068965472281 -39.6551713347435 0
         vertex -8.62068962305784 -39.6551713347435 0
         vertex -12.068965472281 -43.1034490466118 0
      endloop
   endfacet
   facet normal 0 0 -1
      outer loop
         vertex -12.068965472281 -43.1034490466118 0
         vertex -8.62068962305784 -39.6551713347435 0
         vertex -8.62068962305784 -43.1034490466118 0
      endloop
   endfacet
   facet normal 0 0 -1
      outer loop
         vertex -12.068965472281 -43.1034490466118 0
         vertex -8.62068962305784 -43.1034490466118 0
         vertex -12.068965472281 -46.5517230331898 0
      endloop
   endfacet
   facet normal 0 0 -1
      outer loop
         vertex -12.068965472281 -46.5517230331898 0
         vertex -8.62068962305784 -43.1034490466118 0
         vertex -8.62068962305784 -46.5517230331898 0
      endloop
   endfacet
   facet normal 0 0 -1
      outer loop
         vertex -12.068965472281 -46.5517230331898 0
         vertex -8.62068962305784 -46.5517230331898 0
         vertex -11.126047000289 -48.746395856142 0
      endloop
   endfacet
   facet normal 0 0 -1
      outer loop
         vertex -11.126047000289 -48.746395856142 0
         vertex -8.62068962305784 -46.5517230331898 0
         vertex -6.21718540787697 -49.6119596064091 0
      endloop
   endfacet
   facet normal 0 0 -1
      outer loop
         vertex -15.5172413215041 -25.8620698004961 0
         vertex -12.068965472281 -25.8620698004961 0
         vertex -15.5172413215041 -29.3103456497192 0
      endloop
   endfacet
   facet normal 0 0 -1
      outer loop
         vertex -15.5172413215041 -29.3103456497192 0
         vertex -12.068965472281 -25.8620698004961 0
         vertex -12.068965472281 -29.3103456497192 0
      endloop
   endfacet
   facet normal 0 0 -1
      outer loop
         vertex -15.5172413215041 -29.3103456497192 0
         vertex -12.068965472281 -29.3103456497192 0
         vertex -15.5172413215041 -32.7586196362972 0
      endloop
   endfacet
   facet normal 0 0 -1
      outer loop
         vertex -15.5172413215041 -32.7586196362972 0
         vertex -12.068965472281 -29.3103456497192 0
         vertex -12.068965472281 -32.7586196362972 0
      endloop
   endfacet
   facet normal 0 0 -1
      outer loop
         vertex -15.5172413215041 -32.7586196362972 0
         vertex -12.068965472281 -32.7586196362972 0
         vertex -15.5172413215041 -36.2068973481655 0
      endloop
   endfacet
   facet normal 0 0 -1
      outer loop
         vertex -15.5172413215041 -36.2068973481655 0
         vertex -12.068965472281 -32.7586196362972 0
         vertex -12.068965472281 -36.2068973481655 0
      endloop
   endfacet
   facet normal 0 0 -1
      outer loop
         vertex -15.5172413215041 -36.2068973481655 0
         vertex -12.068965472281 -36.2068973481655 0
         vertex -15.5172413215041 -39.6551713347435 0
      endloop
   endfacet
   facet normal 0 0 -1
      outer loop
         vertex -15.5172413215041 -39.6551713347435 0
         vertex -12.068965472281 -36.2068973481655 0
         vertex -12.068965472281 -39.6551713347435 0
      endloop
   endfacet
   facet normal 0 0 -1
      outer loop
         vertex -15.5172413215041 -39.6551713347435 0
         vertex -12.068965472281 -39.6551713347435 0
         vertex -15.5172413215041 -43.1034490466118 0
      endloop
   endfacet
   facet normal 0 0 -1
      outer loop
         vertex -15.5172413215041 -43.1034490466118 0
         vertex -12.068965472281 -39.6551713347435 0
         vertex -12.068965472281 -43.1034490466118 0
      endloop
   endfacet
   facet normal 0 0 -1
      outer loop
         vertex -15.5172413215041 -43.1034490466118 0
         vertex -12.068965472281 -43.1034490466118 0
         vertex -15.5172413215041 -46.5517230331898 0
      endloop
   endfacet
   facet normal 0 0 -1
      outer loop
         vertex -15.5172413215041 -46.5517230331898 0
         vertex -12.068965472281 -43.1034490466118 0
         vertex -12.068965472281 -46.5517230331898 0
      endloop
   endfacet
   facet normal 0 0 -1
      outer loop
         vertex -15.5172413215041 -46.5517230331898 0
         vertex -12.068965472281 -46.5517230331898 0
         vertex -15.9243326634169 -47.3963655531406 0
      endloop
   endfacet
   facet normal 0 0 -1
      outer loop
         vertex -15.9243326634169 -47.3963655531406 0
         vertex -12.068965472281 -46.5517230331898 0
         vertex -11.126047000289 -48.746395856142 0
      endloop
   endfacet
   facet normal 0 0 -1
      outer loop
         vertex -18.9655181020498 -25.8620698004961 0
         vertex -15.5172413215041 -25.8620698004961 0
         vertex -18.9655181020498 -29.3103456497192 0
      endloop
   endfacet
   facet normal 0 0 -1
      outer loop
         vertex -18.9655181020498 -29.3103456497192 0
         vertex -15.5172413215041 -25.8620698004961 0
         vertex -15.5172413215041 -29.3103456497192 0
      endloop
   endfacet
   facet normal 0 0 -1
      outer loop
         vertex -18.9655181020498 -29.3103456497192 0
         vertex -15.5172413215041 -29.3103456497192 0
         vertex -18.9655181020498 -32.7586196362972 0
      endloop
   endfacet
   facet normal 0 0 -1
      outer loop
         vertex -18.9655181020498 -32.7586196362972 0
         vertex -15.5172413215041 -29.3103456497192 0
         vertex -15.5172413215041 -32.7586196362972 0
      endloop
   endfacet
   facet normal 0 0 -1
      outer loop
         vertex -18.9655181020498 -32.7586196362972 0
         vertex -15.5172413215041 -32.7586196362972 0
         vertex -18.9655181020498 -36.2068973481655 0
      endloop
   endfacet
   facet normal 0 0 -1
      outer loop
         vertex -18.9655181020498 -36.2068973481655 0
         vertex -15.5172413215041 -32.7586196362972 0
         vertex -15.5172413215041 -36.2068973481655 0
      endloop
   endfacet
   facet normal 0 0 -1
      outer loop
         vertex -18.9655181020498 -36.2068973481655 0
         vertex -15.5172413215041 -36.2068973481655 0
         vertex -18.9655181020498 -39.6551713347435 0
      endloop
   endfacet
   facet normal 0 0 -1
      outer loop
         vertex -18.9655181020498 -39.6551713347435 0
         vertex -15.5172413215041 -36.2068973481655 0
         vertex -15.5172413215041 -39.6551713347435 0
      endloop
   endfacet
   facet normal 0 0 -1
      outer loop
         vertex -18.9655181020498 -39.6551713347435 0
         vertex -15.5172413215041 -39.6551713347435 0
         vertex -18.9655181020498 -43.1034490466118 0
      endloop
   endfacet
   facet normal 0 0 -1
      outer loop
         vertex -18.9655181020498 -43.1034490466118 0
         vertex -15.5172413215041 -39.6551713347435 0
         vertex -15.5172413215041 -43.1034490466118 0
      endloop
   endfacet
   facet normal 0 0 -1
      outer loop
         vertex -18.9655181020498 -43.1034490466118 0
         vertex -15.5172413215041 -43.1034490466118 0
         vertex -15.5172413215041 -46.5517230331898 0
      endloop
   endfacet
   facet normal 0 0 -1
      outer loop
         vertex -22.413793951273 -25.8620698004961 0
         vertex -18.9655181020498 -25.8620698004961 0
         vertex -22.413793951273 -29.3103456497192 0
      endloop
   endfacet
   facet normal 0 0 -1
      outer loop
         vertex -22.413793951273 -29.3103456497192 0
         vertex -18.9655181020498 -25.8620698004961 0
         vertex -18.9655181020498 -29.3103456497192 0
      endloop
   endfacet
   facet normal 0 0 -1
      outer loop
         vertex -22.413793951273 -29.3103456497192 0
         vertex -18.9655181020498 -29.3103456497192 0
         vertex -22.413793951273 -32.7586196362972 0
      endloop
   endfacet
   facet normal 0 0 -1
      outer loop
         vertex -22.413793951273 -32.7586196362972 0
         vertex -18.9655181020498 -29.3103456497192 0
         vertex -18.9655181020498 -32.7586196362972 0
      endloop
   endfacet
   facet normal 0 0 -1
      outer loop
         vertex -22.413793951273 -32.7586196362972 0
         vertex -18.9655181020498 -32.7586196362972 0
         vertex -22.413793951273 -36.2068973481655 0
      endloop
   endfacet
   facet normal 0 0 -1
      outer loop
         vertex -22.413793951273 -36.2068973481655 0
         vertex -18.9655181020498 -32.7586196362972 0
         vertex -18.9655181020498 -36.2068973481655 0
      endloop
   endfacet
   facet normal 0 0 -1
      outer loop
         vertex -22.413793951273 -36.2068973481655 0
         vertex -18.9655181020498 -36.2068973481655 0
         vertex -22.413793951273 -39.6551713347435 0
      endloop
   endfacet
   facet normal 0 0 -1
      outer loop
         vertex -22.413793951273 -39.6551713347435 0
         vertex -18.9655181020498 -36.2068973481655 0
         vertex -18.9655181020498 -39.6551713347435 0
      endloop
   endfacet
   facet normal 0 0 -1
      outer loop
         vertex -22.413793951273 -39.6551713347435 0
         vertex -18.9655181020498 -39.6551713347435 0
         vertex -22.413793951273 -43.1034490466118 0
      endloop
   endfacet
   facet normal 0 0 -1
      outer loop
         vertex -22.413793951273 -43.1034490466118 0
         vertex -18.9655181020498 -39.6551713347435 0
         vertex -18.9655181020498 -43.1034490466118 0
      endloop
   endfacet
   facet normal 0 0 -1
      outer loop
         vertex -22.413793951273 -43.1034490466118 0
         vertex -18.9655181020498 -43.1034490466118 0
         vertex -20.5643549561501 -45.5752909183502 0
      endloop
   endfacet
   facet normal 0 0 -1
      outer loop
         vertex -20.5643549561501 -45.5752909183502 0
         vertex -18.9655181020498 -43.1034490466118 0
         vertex -15.5172413215041 -46.5517230331898 0
      endloop
   endfacet
   facet normal 0 0 -1
      outer loop
         vertex -20.5643549561501 -45.5752909183502 0
         vertex -15.5172413215041 -46.5517230331898 0
         vertex -15.9243326634169 -47.3963655531406 0
      endloop
   endfacet
   facet normal 0 0 -1
      outer loop
         vertex -25.8620698004961 -25.8620698004961 0
         vertex -22.413793951273 -25.8620698004961 0
         vertex -25.8620698004961 -29.3103456497192 0
      endloop
   endfacet
   facet normal 0 0 -1
      outer loop
         vertex -25.8620698004961 -29.3103456497192 0
         vertex -22.413793951273 -25.8620698004961 0
         vertex -22.413793951273 -29.3103456497192 0
      endloop
   endfacet
   facet normal 0 0 -1
      outer loop
         vertex -25.8620698004961 -29.3103456497192 0
         vertex -22.413793951273 -29.3103456497192 0
         vertex -25.8620698004961 -32.7586196362972 0
      endloop
   endfacet
   facet normal 0 0 -1
      outer loop
         vertex -25.8620698004961 -32.7586196362972 0
         vertex -22.413793951273 -29.3103456497192 0
         vertex -22.413793951273 -32.7586196362972 0
      endloop
   endfacet
   facet normal 0 0 -1
      outer loop
         vertex -25.8620698004961 -32.7586196362972 0
         vertex -22.413793951273 -32.7586196362972 0
         vertex -25.8620698004961 -36.2068973481655 0
      endloop
   endfacet
   facet normal 0 0 -1
      outer loop
         vertex -25.8620698004961 -36.2068973481655 0
         vertex -22.413793951273 -32.7586196362972 0
         vertex -22.413793951273 -36.2068973481655 0
      endloop
   endfacet
   facet normal 0 0 -1
      outer loop
         vertex -25.8620698004961 -36.2068973481655 0
         vertex -22.413793951273 -36.2068973481655 0
         vertex -25.8620698004961 -39.6551713347435 0
      endloop
   endfacet
   facet normal 0 0 -1
      outer loop
         vertex -25.8620698004961 -39.6551713347435 0
         vertex -22.413793951273 -36.2068973481655 0
         vertex -22.413793951273 -39.6551713347435 0
      endloop
   endfacet
   facet normal 0 0 -1
      outer loop
         vertex -25.8620698004961 -39.6551713347435 0
         vertex -22.413793951273 -39.6551713347435 0
         vertex -25.000000372529 -43.3012694120407 0
      endloop
   endfacet
   facet normal 0 0 -1
      outer loop
         vertex -25.000000372529 -43.3012694120407 0
         vertex -22.413793951273 -39.6551713347435 0
         vertex -22.413793951273 -43.1034490466118 0
      endloop
   endfacet
   facet normal 0 0 -1
      outer loop
         vertex -25.000000372529 -43.3012694120407 0
         vertex -22.413793951273 -43.1034490466118 0
         vertex -20.5643549561501 -45.5752909183502 0
      endloop
   endfacet
   facet normal 0 0 -1
      outer loop
         vertex -29.3103456497192 -25.8620698004961 0
         vertex -25.8620698004961 -25.8620698004961 0
         vertex -29.3103456497192 -29.3103456497192 0
      endloop
   endfacet
   facet normal 0 0 -1
      outer loop
         vertex -29.3103456497192 -29.3103456497192 0
         vertex -25.8620698004961 -25.8620698004961 0
         vertex -25.8620698004961 -29.3103456497192 0
      endloop
   endfacet
   facet normal 0 0 -1
      outer loop
         vertex -29.3103456497192 -29.3103456497192 0
         vertex -25.8620698004961 -29.3103456497192 0
         vertex -29.3103456497192 -32.7586196362972 0
      endloop
   endfacet
   facet normal 0 0 -1
      outer loop
         vertex -29.3103456497192 -32.7586196362972 0
         vertex -25.8620698004961 -29.3103456497192 0
         vertex -25.8620698004961 -32.7586196362972 0
      endloop
   endfacet
   facet normal 0 0 -1
      outer loop
         vertex -29.3103456497192 -32.7586196362972 0
         vertex -25.8620698004961 -32.7586196362972 0
         vertex -29.3103456497192 -36.2068973481655 0
      endloop
   endfacet
   facet normal 0 0 -1
      outer loop
         vertex -29.3103456497192 -36.2068973481655 0
         vertex -25.8620698004961 -32.7586196362972 0
         vertex -25.8620698004961 -36.2068973481655 0
      endloop
   endfacet
   facet normal 0 0 -1
      outer loop
         vertex -29.3103456497192 -36.2068973481655 0
         vertex -25.8620698004961 -36.2068973481655 0
         vertex -29.3103456497192 -39.6551713347435 0
      endloop
   endfacet
   facet normal 0 0 -1
      outer loop
         vertex -29.3103456497192 -39.6551713347435 0
         vertex -25.8620698004961 -36.2068973481655 0
         vertex -25.8620698004961 -39.6551713347435 0
      endloop
   endfacet
   facet normal 0 0 -1
      outer loop
         vertex -29.3103456497192 -39.6551713347435 0
         vertex -25.8620698004961 -39.6551713347435 0
         vertex -29.1871838271618 -40.5968986451626 0
      endloop
   endfacet
   facet normal 0 0 -1
      outer loop
         vertex -29.1871838271618 -40.5968986451626 0
         vertex -25.8620698004961 -39.6551713347435 0
         vertex -25.000000372529 -43.3012694120407 0
      endloop
   endfacet
   facet normal 0 0 -1
      outer loop
         vertex -32.7586196362972 -25.8620698004961 0
         vertex -29.3103456497192 -25.8620698004961 0
         vertex -32.7586196362972 -29.3103456497192 0
      endloop
   endfacet
   facet normal 0 0 -1
      outer loop
         vertex -32.7586196362972 -29.3103456497192 0
         vertex -29.3103456497192 -25.8620698004961 0
         vertex -29.3103456497192 -29.3103456497192 0
      endloop
   endfacet
   facet normal 0 0 -1
      outer loop
         vertex -32.7586196362972 -29.3103456497192 0
         vertex -29.3103456497192 -29.3103456497192 0
         vertex -32.7586196362972 -32.7586196362972 0
      endloop
   endfacet
   facet normal 0 0 -1
      outer loop
         vertex -32.7586196362972 -32.7586196362972 0
         vertex -29.3103456497192 -29.3103456497192 0
         vertex -29.3103456497192 -32.7586196362972 0
      endloop
   endfacet
   facet normal 0 0 -1
      outer loop
         vertex -32.7586196362972 -32.7586196362972 0
         vertex -29.3103456497192 -32.7586196362972 0
         vertex -32.7586196362972 -36.2068973481655 0
      endloop
   endfacet
   facet normal 0 0 -1
      outer loop
         vertex -32.7586196362972 -36.2068973481655 0
         vertex -29.3103456497192 -32.7586196362972 0
         vertex -29.3103456497192 -36.2068973481655 0
      endloop
   endfacet
   facet normal 0 0 -1
      outer loop
         vertex -32.7586196362972 -36.2068973481655 0
         vertex -29.3103456497192 -36.2068973481655 0
         vertex -33.0842919647694 -37.4890603125095 0
      endloop
   endfacet
   facet normal 0 0 -1
      outer loop
         vertex -33.0842919647694 -37.4890603125095 0
         vertex -29.3103456497192 -36.2068973481655 0
         vertex -29.3103456497192 -39.6551713347435 0
      endloop
   endfacet
   facet normal 0 0 -1
      outer loop
         vertex -33.0842919647694 -37.4890603125095 0
         vertex -29.3103456497192 -39.6551713347435 0
         vertex -29.1871838271618 -40.5968986451626 0
      endloop
   endfacet
   facet normal 0 0 -1
      outer loop
         vertex -36.2068973481655 -25.8620698004961 0
         vertex -32.7586196362972 -25.8620698004961 0
         vertex -36.2068973481655 -29.3103456497192 0
      endloop
   endfacet
   facet normal 0 0 -1
      outer loop
         vertex -36.2068973481655 -29.3103456497192 0
         vertex -32.7586196362972 -25.8620698004961 0
         vertex -32.7586196362972 -29.3103456497192 0
      endloop
   endfacet
   facet normal 0 0 -1
      outer loop
         vertex -36.2068973481655 -29.3103456497192 0
         vertex -32.7586196362972 -29.3103456497192 0
         vertex -36.2068973481655 -32.7586196362972 0
      endloop
   endfacet
   facet normal 0 0 -1
      outer loop
         vertex -36.2068973481655 -32.7586196362972 0
         vertex -32.7586196362972 -29.3103456497192 0
         vertex -32.7586196362972 -32.7586196362972 0
      endloop
   endfacet
   facet normal 0 0 -1
      outer loop
         vertex -36.2068973481655 -32.7586196362972 0
         vertex -32.7586196362972 -32.7586196362972 0
         vertex -36.6525948047638 -34.0086370706558 0
      endloop
   endfacet
   facet normal 0 0 -1
      outer loop
         vertex -36.6525948047638 -34.0086370706558 0
         vertex -32.7586196362972 -32.7586196362972 0
         vertex -32.7586196362972 -36.2068973481655 0
      endloop
   endfacet
   facet normal 0 0 -1
      outer loop
         vertex -36.6525948047638 -34.0086370706558 0
         vertex -32.7586196362972 -36.2068973481655 0
         vertex -33.0842919647694 -37.4890603125095 0
      endloop
   endfacet
   facet normal 0 0 -1
      outer loop
         vertex 39.6551713347435 -29.3103456497192 0
         vertex 39.6551713347435 -25.8620698004961 0
         vertex 41.31193831563 -28.1660035252571 0
      endloop
   endfacet
   facet normal 0 0 -1
      outer loop
         vertex 41.31193831563 -28.1660035252571 0
         vertex 39.6551713347435 -25.8620698004961 0
         vertex 43.9110770821571 -23.9126980304718 0
      endloop
   endfacet
   facet normal 0 0 -1
      outer loop
         vertex -39.8566238582134 -30.1902201026678 0
         vertex -39.6551713347435 -29.3103456497192 0
         vertex -36.2068973481655 -29.3103456497192 0
      endloop
   endfacet
   facet normal 0 0 -1
      outer loop
         vertex -36.2068973481655 -29.3103456497192 0
         vertex -39.6551713347435 -29.3103456497192 0
         vertex -36.2068973481655 -25.8620698004961 0
      endloop
   endfacet
   facet normal 0 0 -1
      outer loop
         vertex 36.2068973481655 -32.7586196362972 0
         vertex 36.2068973481655 -29.3103456497192 0
         vertex 38.3022204041481 -32.1393795311451 0
      endloop
   endfacet
   facet normal 0 0 -1
      outer loop
         vertex -36.6525948047638 -34.0086370706558 0
         vertex -39.8566238582134 -30.1902201026678 0
         vertex -36.2068973481655 -32.7586196362972 0
      endloop
   endfacet
   facet normal 0 0 -1
      outer loop
         vertex -36.2068973481655 -32.7586196362972 0
         vertex -39.8566238582134 -30.1902201026678 0
         vertex -36.2068973481655 -29.3103456497192 0
      endloop
   endfacet
   facet normal 0 0 -1
      outer loop
         vertex 32.7586196362972 -36.2068973481655 0
         vertex 32.7586196362972 -32.7586196362972 0
         vertex 34.9118411540985 -35.7933416962624 0
      endloop
   endfacet
   facet normal 0 0 -1
      outer loop
         vertex 29.3103456497192 -39.6551713347435 0
         vertex 29.3103456497192 -36.2068973481655 0
         vertex 31.1744902282953 -39.0915758907795 0
      endloop
   endfacet
   facet normal 0 0 -1
      outer loop
         vertex 15.5172413215041 -46.5517230331898 0
         vertex 15.5172413215041 -43.1034490466118 0
         vertex 18.2670503854752 -46.543687582016 0
      endloop
   endfacet
   facet normal 0 0 -1
      outer loop
         vertex 43.1034490466118 -18.9655181020498 0
         vertex 46.5517230331898 -15.5172413215041 0
         vertex 46.0738092660904 -19.4217395037413 0
      endloop
   endfacet
   facet normal 0 0 -1
      outer loop
         vertex 46.0738092660904 -19.4217395037413 0
         vertex 46.5517230331898 -15.5172413215041 0
         vertex 47.7786399424076 -14.7377587854862 0
      endloop
   endfacet
   facet normal 0 0 -1
      outer loop
         vertex -39.6551713347435 8.62068962305784 0
         vertex -39.6551713347435 5.17241377383471 0
         vertex -43.1034490466118 5.17241377383471 0
      endloop
   endfacet
   facet normal 0 0 -1
      outer loop
         vertex -43.1034490466118 5.17241377383471 0
         vertex -39.6551713347435 5.17241377383471 0
         vertex -43.1034490466118 1.72413792461157 0
      endloop
   endfacet
   facet normal 0 0 -1
      outer loop
         vertex -29.3103456497192 5.17241377383471 0
         vertex -32.7586196362972 5.17241377383471 0
         vertex -29.3103456497192 8.62068962305784 0
      endloop
   endfacet
   facet normal 0 0 -1
      outer loop
         vertex 39.6551713347435 1.72413792461157 0
         vertex 39.6551713347435 5.17241377383471 0
         vertex 43.1034490466118 5.17241377383471 0
      endloop
   endfacet
   facet normal 0 0 -1
      outer loop
         vertex 43.1034490466118 5.17241377383471 0
         vertex 39.6551713347435 5.17241377383471 0
         vertex 43.1034490466118 8.62068962305784 0
      endloop
   endfacet
   facet normal 0 0 -1
      outer loop
         vertex 43.1034490466118 5.17241377383471 0
         vertex 43.1034490466118 8.62068962305784 0
         vertex 46.5517230331898 8.62068962305784 0
      endloop
   endfacet
   facet normal 0 0 -1
      outer loop
         vertex 46.5517230331898 8.62068962305784 0
         vertex 43.1034490466118 8.62068962305784 0
         vertex 46.5517230331898 12.068965472281 0
      endloop
   endfacet
   facet normal 0 0 -1
      outer loop
         vertex -39.6551713347435 12.068965472281 0
         vertex -39.6551713347435 8.62068962305784 0
         vertex -43.1034490466118 8.62068962305784 0
      endloop
   endfacet
   facet normal 0 0 -1
      outer loop
         vertex -43.1034490466118 8.62068962305784 0
         vertex -39.6551713347435 8.62068962305784 0
         vertex -43.1034490466118 5.17241377383471 0
      endloop
   endfacet
   facet normal 0 0 -1
      outer loop
         vertex -36.2068973481655 5.17241377383471 0
         vertex -36.2068973481655 8.62068962305784 0
         vertex -32.7586196362972 8.62068962305784 0
      endloop
   endfacet
   facet normal 0 0 -1
      outer loop
         vertex -32.7586196362972 8.62068962305784 0
         vertex -36.2068973481655 8.62068962305784 0
         vertex -32.7586196362972 12.068965472281 0
      endloop
   endfacet
   facet normal 0 0 -1
      outer loop
         vertex -32.7586196362972 8.62068962305784 0
         vertex -32.7586196362972 12.068965472281 0
         vertex -29.3103456497192 12.068965472281 0
      endloop
   endfacet
   facet normal 0 0 -1
      outer loop
         vertex -29.3103456497192 12.068965472281 0
         vertex -32.7586196362972 12.068965472281 0
         vertex -29.3103456497192 15.5172413215041 0
      endloop
   endfacet
   facet normal 0 0 -1
      outer loop
         vertex -29.3103456497192 12.068965472281 0
         vertex -29.3103456497192 15.5172413215041 0
         vertex -25.8620698004961 15.5172413215041 0
      endloop
   endfacet
   facet normal 0 0 -1
      outer loop
         vertex -25.8620698004961 15.5172413215041 0
         vertex -29.3103456497192 15.5172413215041 0
         vertex -25.8620698004961 18.9655181020498 0
      endloop
   endfacet
   facet normal 0 0 -1
      outer loop
         vertex -25.8620698004961 15.5172413215041 0
         vertex -25.8620698004961 18.9655181020498 0
         vertex -22.413793951273 18.9655181020498 0
      endloop
   endfacet
   facet normal 0 0 -1
      outer loop
         vertex -22.413793951273 18.9655181020498 0
         vertex -25.8620698004961 18.9655181020498 0
         vertex -22.413793951273 22.413793951273 0
      endloop
   endfacet
   facet normal 0 0 -1
      outer loop
         vertex -22.413793951273 18.9655181020498 0
         vertex -22.413793951273 22.413793951273 0
         vertex -18.9655181020498 22.413793951273 0
      endloop
   endfacet
   facet normal 0 0 -1
      outer loop
         vertex -18.9655181020498 22.413793951273 0
         vertex -22.413793951273 22.413793951273 0
         vertex -18.9655181020498 25.8620698004961 0
      endloop
   endfacet
   facet normal 0 0 -1
      outer loop
         vertex -18.9655181020498 22.413793951273 0
         vertex -18.9655181020498 25.8620698004961 0
         vertex -15.5172413215041 25.8620698004961 0
      endloop
   endfacet
   facet normal 0 0 -1
      outer loop
         vertex -15.5172413215041 25.8620698004961 0
         vertex -18.9655181020498 25.8620698004961 0
         vertex -15.5172413215041 29.3103456497192 0
      endloop
   endfacet
   facet normal 0 0 -1
      outer loop
         vertex -15.5172413215041 25.8620698004961 0
         vertex -15.5172413215041 29.3103456497192 0
         vertex -12.068965472281 29.3103456497192 0
      endloop
   endfacet
   facet normal 0 0 -1
      outer loop
         vertex -12.068965472281 29.3103456497192 0
         vertex -15.5172413215041 29.3103456497192 0
         vertex -12.068965472281 32.7586196362972 0
      endloop
   endfacet
   facet normal 0 0 -1
      outer loop
         vertex -12.068965472281 29.3103456497192 0
         vertex -12.068965472281 32.7586196362972 0
         vertex -8.62068962305784 32.7586196362972 0
      endloop
   endfacet
   facet normal 0 0 -1
      outer loop
         vertex -8.62068962305784 32.7586196362972 0
         vertex -12.068965472281 32.7586196362972 0
         vertex -8.62068962305784 36.2068973481655 0
      endloop
   endfacet
   facet normal 0 0 -1
      outer loop
         vertex -8.62068962305784 32.7586196362972 0
         vertex -8.62068962305784 36.2068973481655 0
         vertex -5.17241377383471 36.2068973481655 0
      endloop
   endfacet
   facet normal 0 0 -1
      outer loop
         vertex -5.17241377383471 36.2068973481655 0
         vertex -8.62068962305784 36.2068973481655 0
         vertex -5.17241377383471 39.6551713347435 0
      endloop
   endfacet
   facet normal 0 0 -1
      outer loop
         vertex -5.17241377383471 36.2068973481655 0
         vertex -5.17241377383471 39.6551713347435 0
         vertex -1.72413792461157 39.6551713347435 0
      endloop
   endfacet
   facet normal 0 0 -1
      outer loop
         vertex -1.72413792461157 39.6551713347435 0
         vertex -5.17241377383471 39.6551713347435 0
         vertex -1.72413792461157 43.1034490466118 0
      endloop
   endfacet
   facet normal 0 0 -1
      outer loop
         vertex -1.72413792461157 39.6551713347435 0
         vertex -1.72413792461157 43.1034490466118 0
         vertex 1.72413792461157 43.1034490466118 0
      endloop
   endfacet
   facet normal 0 0 -1
      outer loop
         vertex 1.72413792461157 43.1034490466118 0
         vertex -1.72413792461157 43.1034490466118 0
         vertex 1.72413792461157 46.5517230331898 0
      endloop
   endfacet
   facet normal 0 0 -1
      outer loop
         vertex 1.72413792461157 43.1034490466118 0
         vertex 1.72413792461157 46.5517230331898 0
         vertex 5.17241377383471 46.5517230331898 0
      endloop
   endfacet
   facet normal 0 0 -1
      outer loop
         vertex 5.17241377383471 46.5517230331898 0
         vertex 1.72413792461157 46.5517230331898 0
         vertex 3.7365045864135 49.8601906001568 0
      endloop
   endfacet
   facet normal 0 0 -1
      outer loop
         vertex 5.17241377383471 46.5517230331898 0
         vertex 3.7365045864135 49.8601906001568 0
         vertex 8.68240930140018 49.2403879761696 0
      endloop
   endfacet
   facet normal 0 0 -1
      outer loop
         vertex -25.8620698004961 8.62068962305784 0
         vertex -29.3103456497192 8.62068962305784 0
         vertex -25.8620698004961 12.068965472281 0
      endloop
   endfacet
   facet normal 0 0 -1
      outer loop
         vertex 39.6551713347435 5.17241377383471 0
         vertex 39.6551713347435 8.62068962305784 0
         vertex 43.1034490466118 8.62068962305784 0
      endloop
   endfacet
   facet normal 0 0 -1
      outer loop
         vertex 43.1034490466118 8.62068962305784 0
         vertex 39.6551713347435 8.62068962305784 0
         vertex 43.1034490466118 12.068965472281 0
      endloop
   endfacet
   facet normal 0 0 -1
      outer loop
         vertex 43.1034490466118 8.62068962305784 0
         vertex 43.1034490466118 12.068965472281 0
         vertex 46.5517230331898 12.068965472281 0
      endloop
   endfacet
   facet normal 0 0 -1
      outer loop
         vertex 46.5517230331898 12.068965472281 0
         vertex 43.1034490466118 12.068965472281 0
         vertex 46.5517230331898 15.5172413215041 0
      endloop
   endfacet
   facet normal 0 0 -1
      outer loop
         vertex 43.1034490466118 12.068965472281 0
         vertex 39.6551713347435 12.068965472281 0
         vertex 43.1034490466118 15.5172413215041 0
      endloop
   endfacet
   facet normal 0 0 -1
      outer loop
         vertex 43.1034490466118 15.5172413215041 0
         vertex 39.6551713347435 12.068965472281 0
         vertex 39.6551713347435 15.5172413215041 0
      endloop
   endfacet
   facet normal 0 0 -1
      outer loop
         vertex 43.1034490466118 15.5172413215041 0
         vertex 39.6551713347435 15.5172413215041 0
         vertex 43.1034490466118 18.9655181020498 0
      endloop
   endfacet
   facet normal 0 0 -1
      outer loop
         vertex 43.1034490466118 18.9655181020498 0
         vertex 39.6551713347435 15.5172413215041 0
         vertex 39.6551713347435 18.9655181020498 0
      endloop
   endfacet
   facet normal 0 0 -1
      outer loop
         vertex 39.6551713347435 12.068965472281 0
         vertex 43.1034490466118 12.068965472281 0
         vertex 39.6551713347435 8.62068962305784 0
      endloop
   endfacet
   facet normal 0 0 -1
      outer loop
         vertex -22.413793951273 12.068965472281 0
         vertex -25.8620698004961 12.068965472281 0
         vertex -22.413793951273 15.5172413215041 0
      endloop
   endfacet
   facet normal 0 0 -1
      outer loop
         vertex -32.7586196362972 12.068965472281 0
         vertex -36.2068973481655 12.068965472281 0
         vertex -32.7586196362972 15.5172413215041 0
      endloop
   endfacet
   facet normal 0 0 -1
      outer loop
         vertex -32.7586196362972 15.5172413215041 0
         vertex -36.2068973481655 12.068965472281 0
         vertex -36.2068973481655 15.5172413215041 0
      endloop
   endfacet
   facet normal 0 0 -1
      outer loop
         vertex -32.7586196362972 15.5172413215041 0
         vertex -36.2068973481655 15.5172413215041 0
         vertex -32.7586196362972 18.9655181020498 0
      endloop
   endfacet
   facet normal 0 0 -1
      outer loop
         vertex -32.7586196362972 18.9655181020498 0
         vertex -36.2068973481655 15.5172413215041 0
         vertex -36.2068973481655 18.9655181020498 0
      endloop
   endfacet
   facet normal 0 0 -1
      outer loop
         vertex -32.7586196362972 18.9655181020498 0
         vertex -36.2068973481655 18.9655181020498 0
         vertex -32.7586196362972 22.413793951273 0
      endloop
   endfacet
   facet normal 0 0 -1
      outer loop
         vertex -32.7586196362972 22.413793951273 0
         vertex -36.2068973481655 18.9655181020498 0
         vertex -36.2068973481655 22.413793951273 0
      endloop
   endfacet
   facet normal 0 0 -1
      outer loop
         vertex -32.7586196362972 22.413793951273 0
         vertex -36.2068973481655 22.413793951273 0
         vertex -32.7586196362972 25.8620698004961 0
      endloop
   endfacet
   facet normal 0 0 -1
      outer loop
         vertex -32.7586196362972 25.8620698004961 0
         vertex -36.2068973481655 22.413793951273 0
         vertex -36.2068973481655 25.8620698004961 0
      endloop
   endfacet
   facet normal 0 0 -1
      outer loop
         vertex -32.7586196362972 25.8620698004961 0
         vertex -36.2068973481655 25.8620698004961 0
         vertex -32.7586196362972 29.3103456497192 0
      endloop
   endfacet
   facet normal 0 0 -1
      outer loop
         vertex -32.7586196362972 29.3103456497192 0
         vertex -36.2068973481655 25.8620698004961 0
         vertex -36.2068973481655 29.3103456497192 0
      endloop
   endfacet
   facet normal 0 0 -1
      outer loop
         vertex -32.7586196362972 29.3103456497192 0
         vertex -36.2068973481655 29.3103456497192 0
         vertex -32.7586196362972 32.7586196362972 0
      endloop
   endfacet
   facet normal 0 0 -1
      outer loop
         vertex -32.7586196362972 32.7586196362972 0
         vertex -36.2068973481655 29.3103456497192 0
         vertex -36.2068973481655 32.7586196362972 0
      endloop
   endfacet
   facet normal 0 0 -1
      outer loop
         vertex -32.7586196362972 32.7586196362972 0
         vertex -36.2068973481655 32.7586196362972 0
         vertex -36.6525948047638 34.0086370706558 0
      endloop
   endfacet
   facet normal 0 0 -1
      outer loop
         vertex -36.6525948047638 34.0086370706558 0
         vertex -36.2068973481655 32.7586196362972 0
         vertex -39.8566238582134 30.1902201026678 0
      endloop
   endfacet
   facet normal 0 0 -1
      outer loop
         vertex -36.2068973481655 12.068965472281 0
         vertex -32.7586196362972 12.068965472281 0
         vertex -36.2068973481655 8.62068962305784 0
      endloop
   endfacet
   facet normal 0 0 -1
      outer loop
         vertex -39.6551713347435 12.068965472281 0
         vertex -43.1034490466118 12.068965472281 0
         vertex -39.6551713347435 15.5172413215041 0
      endloop
   endfacet
   facet normal 0 0 -1
      outer loop
         vertex -39.6551713347435 15.5172413215041 0
         vertex -43.1034490466118 12.068965472281 0
         vertex -43.1034490466118 15.5172413215041 0
      endloop
   endfacet
   facet normal 0 0 -1
      outer loop
         vertex -39.6551713347435 15.5172413215041 0
         vertex -43.1034490466118 15.5172413215041 0
         vertex -39.6551713347435 18.9655181020498 0
      endloop
   endfacet
   facet normal 0 0 -1
      outer loop
         vertex -39.6551713347435 18.9655181020498 0
         vertex -43.1034490466118 15.5172413215041 0
         vertex -43.1034490466118 18.9655181020498 0
      endloop
   endfacet
   facet normal 0 0 -1
      outer loop
         vertex -39.6551713347435 18.9655181020498 0
         vertex -43.1034490466118 18.9655181020498 0
         vertex -39.6551713347435 22.413793951273 0
      endloop
   endfacet
   facet normal 0 0 -1
      outer loop
         vertex -39.6551713347435 22.413793951273 0
         vertex -43.1034490466118 18.9655181020498 0
         vertex -43.1034490466118 22.413793951273 0
      endloop
   endfacet
   facet normal 0 0 -1
      outer loop
         vertex -39.6551713347435 22.413793951273 0
         vertex -43.1034490466118 22.413793951273 0
         vertex -42.6645427942276 26.0717608034611 0
      endloop
   endfacet
   facet normal 0 0 -1
      outer loop
         vertex -42.6645427942276 26.0717608034611 0
         vertex -43.1034490466118 22.413793951273 0
         vertex -45.0484417378902 21.6941870748997 0
      endloop
   endfacet
   facet normal 0 0 -1
      outer loop
         vertex -43.1034490466118 12.068965472281 0
         vertex -39.6551713347435 12.068965472281 0
         vertex -43.1034490466118 8.62068962305784 0
      endloop
   endfacet
   facet normal 0 0 -1
      outer loop
         vertex -32.7586196362972 12.068965472281 0
         vertex -32.7586196362972 15.5172413215041 0
         vertex -29.3103456497192 15.5172413215041 0
      endloop
   endfacet
   facet normal 0 0 -1
      outer loop
         vertex -29.3103456497192 15.5172413215041 0
         vertex -32.7586196362972 15.5172413215041 0
         vertex -29.3103456497192 18.9655181020498 0
      endloop
   endfacet
   facet normal 0 0 -1
      outer loop
         vertex -29.3103456497192 15.5172413215041 0
         vertex -29.3103456497192 18.9655181020498 0
         vertex -25.8620698004961 18.9655181020498 0
      endloop
   endfacet
   facet normal 0 0 -1
      outer loop
         vertex -25.8620698004961 18.9655181020498 0
         vertex -29.3103456497192 18.9655181020498 0
         vertex -25.8620698004961 22.413793951273 0
      endloop
   endfacet
   facet normal 0 0 -1
      outer loop
         vertex -25.8620698004961 18.9655181020498 0
         vertex -25.8620698004961 22.413793951273 0
         vertex -22.413793951273 22.413793951273 0
      endloop
   endfacet
   facet normal 0 0 -1
      outer loop
         vertex -22.413793951273 22.413793951273 0
         vertex -25.8620698004961 22.413793951273 0
         vertex -22.413793951273 25.8620698004961 0
      endloop
   endfacet
   facet normal 0 0 -1
      outer loop
         vertex -22.413793951273 22.413793951273 0
         vertex -22.413793951273 25.8620698004961 0
         vertex -18.9655181020498 25.8620698004961 0
      endloop
   endfacet
   facet normal 0 0 -1
      outer loop
         vertex -18.9655181020498 25.8620698004961 0
         vertex -22.413793951273 25.8620698004961 0
         vertex -18.9655181020498 29.3103456497192 0
      endloop
   endfacet
   facet normal 0 0 -1
      outer loop
         vertex -18.9655181020498 25.8620698004961 0
         vertex -18.9655181020498 29.3103456497192 0
         vertex -15.5172413215041 29.3103456497192 0
      endloop
   endfacet
   facet normal 0 0 -1
      outer loop
         vertex -15.5172413215041 29.3103456497192 0
         vertex -18.9655181020498 29.3103456497192 0
         vertex -15.5172413215041 32.7586196362972 0
      endloop
   endfacet
   facet normal 0 0 -1
      outer loop
         vertex -15.5172413215041 29.3103456497192 0
         vertex -15.5172413215041 32.7586196362972 0
         vertex -12.068965472281 32.7586196362972 0
      endloop
   endfacet
   facet normal 0 0 -1
      outer loop
         vertex -12.068965472281 32.7586196362972 0
         vertex -15.5172413215041 32.7586196362972 0
         vertex -12.068965472281 36.2068973481655 0
      endloop
   endfacet
   facet normal 0 0 -1
      outer loop
         vertex -12.068965472281 32.7586196362972 0
         vertex -12.068965472281 36.2068973481655 0
         vertex -8.62068962305784 36.2068973481655 0
      endloop
   endfacet
   facet normal 0 0 -1
      outer loop
         vertex -8.62068962305784 36.2068973481655 0
         vertex -12.068965472281 36.2068973481655 0
         vertex -8.62068962305784 39.6551713347435 0
      endloop
   endfacet
   facet normal 0 0 -1
      outer loop
         vertex -8.62068962305784 36.2068973481655 0
         vertex -8.62068962305784 39.6551713347435 0
         vertex -5.17241377383471 39.6551713347435 0
      endloop
   endfacet
   facet normal 0 0 -1
      outer loop
         vertex -5.17241377383471 39.6551713347435 0
         vertex -8.62068962305784 39.6551713347435 0
         vertex -5.17241377383471 43.1034490466118 0
      endloop
   endfacet
   facet normal 0 0 -1
      outer loop
         vertex -5.17241377383471 39.6551713347435 0
         vertex -5.17241377383471 43.1034490466118 0
         vertex -1.72413792461157 43.1034490466118 0
      endloop
   endfacet
   facet normal 0 0 -1
      outer loop
         vertex -1.72413792461157 43.1034490466118 0
         vertex -5.17241377383471 43.1034490466118 0
         vertex -1.72413792461157 46.5517230331898 0
      endloop
   endfacet
   facet normal 0 0 -1
      outer loop
         vertex -1.72413792461157 43.1034490466118 0
         vertex -1.72413792461157 46.5517230331898 0
         vertex 1.72413792461157 46.5517230331898 0
      endloop
   endfacet
   facet normal 0 0 -1
      outer loop
         vertex 1.72413792461157 46.5517230331898 0
         vertex -1.72413792461157 46.5517230331898 0
         vertex -1.2465346371755 49.9844588339329 0
      endloop
   endfacet
   facet normal 0 0 -1
      outer loop
         vertex 1.72413792461157 46.5517230331898 0
         vertex -1.2465346371755 49.9844588339329 0
         vertex 3.7365045864135 49.8601906001568 0
      endloop
   endfacet
   facet normal 0 0 -1
      outer loop
         vertex -18.9655181020498 15.5172413215041 0
         vertex -22.413793951273 15.5172413215041 0
         vertex -18.9655181020498 18.9655181020498 0
      endloop
   endfacet
   facet normal 0 0 -1
      outer loop
         vertex 43.1034490466118 18.9655181020498 0
         vertex 46.5517230331898 15.5172413215041 0
         vertex 43.1034490466118 15.5172413215041 0
      endloop
   endfacet
   facet normal 0 0 -1
      outer loop
         vertex 43.1034490466118 15.5172413215041 0
         vertex 46.5517230331898 15.5172413215041 0
         vertex 43.1034490466118 12.068965472281 0
      endloop
   endfacet
   facet normal 0 0 -1
      outer loop
         vertex -32.7586196362972 15.5172413215041 0
         vertex -32.7586196362972 18.9655181020498 0
         vertex -29.3103456497192 18.9655181020498 0
      endloop
   endfacet
   facet normal 0 0 -1
      outer loop
         vertex -29.3103456497192 18.9655181020498 0
         vertex -32.7586196362972 18.9655181020498 0
         vertex -29.3103456497192 22.413793951273 0
      endloop
   endfacet
   facet normal 0 0 -1
      outer loop
         vertex -29.3103456497192 18.9655181020498 0
         vertex -29.3103456497192 22.413793951273 0
         vertex -25.8620698004961 22.413793951273 0
      endloop
   endfacet
   facet normal 0 0 -1
      outer loop
         vertex -25.8620698004961 22.413793951273 0
         vertex -29.3103456497192 22.413793951273 0
         vertex -25.8620698004961 25.8620698004961 0
      endloop
   endfacet
   facet normal 0 0 -1
      outer loop
         vertex -25.8620698004961 22.413793951273 0
         vertex -25.8620698004961 25.8620698004961 0
         vertex -22.413793951273 25.8620698004961 0
      endloop
   endfacet
   facet normal 0 0 -1
      outer loop
         vertex -22.413793951273 25.8620698004961 0
         vertex -25.8620698004961 25.8620698004961 0
         vertex -22.413793951273 29.3103456497192 0
      endloop
   endfacet
   facet normal 0 0 -1
      outer loop
         vertex -22.413793951273 25.8620698004961 0
         vertex -22.413793951273 29.3103456497192 0
         vertex -18.9655181020498 29.3103456497192 0
      endloop
   endfacet
   facet normal 0 0 -1
      outer loop
         vertex -18.9655181020498 29.3103456497192 0
         vertex -22.413793951273 29.3103456497192 0
         vertex -18.9655181020498 32.7586196362972 0
      endloop
   endfacet
   facet normal 0 0 -1
      outer loop
         vertex -18.9655181020498 29.3103456497192 0
         vertex -18.9655181020498 32.7586196362972 0
         vertex -15.5172413215041 32.7586196362972 0
      endloop
   endfacet
   facet normal 0 0 -1
      outer loop
         vertex -15.5172413215041 32.7586196362972 0
         vertex -18.9655181020498 32.7586196362972 0
         vertex -15.5172413215041 36.2068973481655 0
      endloop
   endfacet
   facet normal 0 0 -1
      outer loop
         vertex -15.5172413215041 32.7586196362972 0
         vertex -15.5172413215041 36.2068973481655 0
         vertex -12.068965472281 36.2068973481655 0
      endloop
   endfacet
   facet normal 0 0 -1
      outer loop
         vertex -12.068965472281 36.2068973481655 0
         vertex -15.5172413215041 36.2068973481655 0
         vertex -12.068965472281 39.6551713347435 0
      endloop
   endfacet
   facet normal 0 0 -1
      outer loop
         vertex -12.068965472281 36.2068973481655 0
         vertex -12.068965472281 39.6551713347435 0
         vertex -8.62068962305784 39.6551713347435 0
      endloop
   endfacet
   facet normal 0 0 -1
      outer loop
         vertex -8.62068962305784 39.6551713347435 0
         vertex -12.068965472281 39.6551713347435 0
         vertex -8.62068962305784 43.1034490466118 0
      endloop
   endfacet
   facet normal 0 0 -1
      outer loop
         vertex -8.62068962305784 39.6551713347435 0
         vertex -8.62068962305784 43.1034490466118 0
         vertex -5.17241377383471 43.1034490466118 0
      endloop
   endfacet
   facet normal 0 0 -1
      outer loop
         vertex -5.17241377383471 43.1034490466118 0
         vertex -8.62068962305784 43.1034490466118 0
         vertex -5.17241377383471 46.5517230331898 0
      endloop
   endfacet
   facet normal 0 0 -1
      outer loop
         vertex -5.17241377383471 43.1034490466118 0
         vertex -5.17241377383471 46.5517230331898 0
         vertex -1.72413792461157 46.5517230331898 0
      endloop
   endfacet
   facet normal 0 0 -1
      outer loop
         vertex -1.72413792461157 46.5517230331898 0
         vertex -5.17241377383471 46.5517230331898 0
         vertex -1.2465346371755 49.9844588339329 0
      endloop
   endfacet
   facet normal 0 0 -1
      outer loop
         vertex -15.5172413215041 18.9655181020498 0
         vertex -18.9655181020498 18.9655181020498 0
         vertex -15.5172413215041 22.413793951273 0
      endloop
   endfacet
   facet normal 0 0 -1
      outer loop
         vertex -43.1034490466118 15.5172413215041 0
         vertex -46.9846315681934 17.1010065823793 0
         vertex -43.1034490466118 18.9655181020498 0
      endloop
   endfacet
   facet normal 0 0 -1
      outer loop
         vertex -43.1034490466118 18.9655181020498 0
         vertex -46.9846315681934 17.1010065823793 0
         vertex -45.0484417378902 21.6941870748997 0
      endloop
   endfacet
   facet normal 0 0 -1
      outer loop
         vertex -43.1034490466118 18.9655181020498 0
         vertex -45.0484417378902 21.6941870748997 0
         vertex -43.1034490466118 22.413793951273 0
      endloop
   endfacet
   facet normal 0 0 -1
      outer loop
         vertex -32.7586196362972 18.9655181020498 0
         vertex -32.7586196362972 22.413793951273 0
         vertex -29.3103456497192 22.413793951273 0
      endloop
   endfacet
   facet normal 0 0 -1
      outer loop
         vertex -29.3103456497192 22.413793951273 0
         vertex -32.7586196362972 22.413793951273 0
         vertex -29.3103456497192 25.8620698004961 0
      endloop
   endfacet
   facet normal 0 0 -1
      outer loop
         vertex -29.3103456497192 22.413793951273 0
         vertex -29.3103456497192 25.8620698004961 0
         vertex -25.8620698004961 25.8620698004961 0
      endloop
   endfacet
   facet normal 0 0 -1
      outer loop
         vertex -25.8620698004961 25.8620698004961 0
         vertex -29.3103456497192 25.8620698004961 0
         vertex -25.8620698004961 29.3103456497192 0
      endloop
   endfacet
   facet normal 0 0 -1
      outer loop
         vertex -25.8620698004961 25.8620698004961 0
         vertex -25.8620698004961 29.3103456497192 0
         vertex -22.413793951273 29.3103456497192 0
      endloop
   endfacet
   facet normal 0 0 -1
      outer loop
         vertex -22.413793951273 29.3103456497192 0
         vertex -25.8620698004961 29.3103456497192 0
         vertex -22.413793951273 32.7586196362972 0
      endloop
   endfacet
   facet normal 0 0 -1
      outer loop
         vertex -22.413793951273 29.3103456497192 0
         vertex -22.413793951273 32.7586196362972 0
         vertex -18.9655181020498 32.7586196362972 0
      endloop
   endfacet
   facet normal 0 0 -1
      outer loop
         vertex -18.9655181020498 32.7586196362972 0
         vertex -22.413793951273 32.7586196362972 0
         vertex -18.9655181020498 36.2068973481655 0
      endloop
   endfacet
   facet normal 0 0 -1
      outer loop
         vertex -18.9655181020498 32.7586196362972 0
         vertex -18.9655181020498 36.2068973481655 0
         vertex -15.5172413215041 36.2068973481655 0
      endloop
   endfacet
   facet normal 0 0 -1
      outer loop
         vertex -15.5172413215041 36.2068973481655 0
         vertex -18.9655181020498 36.2068973481655 0
         vertex -15.5172413215041 39.6551713347435 0
      endloop
   endfacet
   facet normal 0 0 -1
      outer loop
         vertex -15.5172413215041 36.2068973481655 0
         vertex -15.5172413215041 39.6551713347435 0
         vertex -12.068965472281 39.6551713347435 0
      endloop
   endfacet
   facet normal 0 0 -1
      outer loop
         vertex -12.068965472281 39.6551713347435 0
         vertex -15.5172413215041 39.6551713347435 0
         vertex -12.068965472281 43.1034490466118 0
      endloop
   endfacet
   facet normal 0 0 -1
      outer loop
         vertex -12.068965472281 39.6551713347435 0
         vertex -12.068965472281 43.1034490466118 0
         vertex -8.62068962305784 43.1034490466118 0
      endloop
   endfacet
   facet normal 0 0 -1
      outer loop
         vertex -8.62068962305784 43.1034490466118 0
         vertex -12.068965472281 43.1034490466118 0
         vertex -8.62068962305784 46.5517230331898 0
      endloop
   endfacet
   facet normal 0 0 -1
      outer loop
         vertex -8.62068962305784 43.1034490466118 0
         vertex -8.62068962305784 46.5517230331898 0
         vertex -5.17241377383471 46.5517230331898 0
      endloop
   endfacet
   facet normal 0 0 -1
      outer loop
         vertex -5.17241377383471 46.5517230331898 0
         vertex -8.62068962305784 46.5517230331898 0
         vertex -6.21718540787697 49.6119596064091 0
      endloop
   endfacet
   facet normal 0 0 -1
      outer loop
         vertex -5.17241377383471 46.5517230331898 0
         vertex -6.21718540787697 49.6119596064091 0
         vertex -1.2465346371755 49.9844588339329 0
      endloop
   endfacet
   facet normal 0 0 -1
      outer loop
         vertex -12.068965472281 22.413793951273 0
         vertex -15.5172413215041 22.413793951273 0
         vertex -12.068965472281 25.8620698004961 0
      endloop
   endfacet
   facet normal 0 0 -1
      outer loop
         vertex 43.1034490466118 22.413793951273 0
         vertex 39.6551713347435 22.413793951273 0
         vertex 39.6551713347435 25.8620698004961 0
      endloop
   endfacet
   facet normal 0 0 -1
      outer loop
         vertex -8.62068962305784 25.8620698004961 0
         vertex -12.068965472281 25.8620698004961 0
         vertex -8.62068962305784 29.3103456497192 0
      endloop
   endfacet
   facet normal 0 0 -1
      outer loop
         vertex -29.3103456497192 25.8620698004961 0
         vertex -32.7586196362972 25.8620698004961 0
         vertex -29.3103456497192 29.3103456497192 0
      endloop
   endfacet
   facet normal 0 0 -1
      outer loop
         vertex -29.3103456497192 29.3103456497192 0
         vertex -32.7586196362972 25.8620698004961 0
         vertex -32.7586196362972 29.3103456497192 0
      endloop
   endfacet
   facet normal 0 0 -1
      outer loop
         vertex -29.3103456497192 29.3103456497192 0
         vertex -32.7586196362972 29.3103456497192 0
         vertex -29.3103456497192 32.7586196362972 0
      endloop
   endfacet
   facet normal 0 0 -1
      outer loop
         vertex -29.3103456497192 32.7586196362972 0
         vertex -32.7586196362972 29.3103456497192 0
         vertex -32.7586196362972 32.7586196362972 0
      endloop
   endfacet
   facet normal 0 0 -1
      outer loop
         vertex -29.3103456497192 32.7586196362972 0
         vertex -32.7586196362972 32.7586196362972 0
         vertex -29.3103456497192 36.2068973481655 0
      endloop
   endfacet
   facet normal 0 0 -1
      outer loop
         vertex -29.3103456497192 36.2068973481655 0
         vertex -32.7586196362972 32.7586196362972 0
         vertex -32.7586196362972 36.2068973481655 0
      endloop
   endfacet
   facet normal 0 0 -1
      outer loop
         vertex -29.3103456497192 36.2068973481655 0
         vertex -32.7586196362972 36.2068973481655 0
         vertex -33.0842919647694 37.4890603125095 0
      endloop
   endfacet
   facet normal 0 0 -1
      outer loop
         vertex -33.0842919647694 37.4890603125095 0
         vertex -32.7586196362972 36.2068973481655 0
         vertex -36.6525948047638 34.0086370706558 0
      endloop
   endfacet
   facet normal 0 0 -1
      outer loop
         vertex -32.7586196362972 25.8620698004961 0
         vertex -29.3103456497192 25.8620698004961 0
         vertex -32.7586196362972 22.413793951273 0
      endloop
   endfacet
   facet normal 0 0 -1
      outer loop
         vertex -29.3103456497192 25.8620698004961 0
         vertex -29.3103456497192 29.3103456497192 0
         vertex -25.8620698004961 29.3103456497192 0
      endloop
   endfacet
   facet normal 0 0 -1
      outer loop
         vertex -25.8620698004961 29.3103456497192 0
         vertex -29.3103456497192 29.3103456497192 0
         vertex -25.8620698004961 32.7586196362972 0
      endloop
   endfacet
   facet normal 0 0 -1
      outer loop
         vertex -25.8620698004961 29.3103456497192 0
         vertex -25.8620698004961 32.7586196362972 0
         vertex -22.413793951273 32.7586196362972 0
      endloop
   endfacet
   facet normal 0 0 -1
      outer loop
         vertex -22.413793951273 32.7586196362972 0
         vertex -25.8620698004961 32.7586196362972 0
         vertex -22.413793951273 36.2068973481655 0
      endloop
   endfacet
   facet normal 0 0 -1
      outer loop
         vertex -22.413793951273 32.7586196362972 0
         vertex -22.413793951273 36.2068973481655 0
         vertex -18.9655181020498 36.2068973481655 0
      endloop
   endfacet
   facet normal 0 0 -1
      outer loop
         vertex -18.9655181020498 36.2068973481655 0
         vertex -22.413793951273 36.2068973481655 0
         vertex -18.9655181020498 39.6551713347435 0
      endloop
   endfacet
   facet normal 0 0 -1
      outer loop
         vertex -18.9655181020498 36.2068973481655 0
         vertex -18.9655181020498 39.6551713347435 0
         vertex -15.5172413215041 39.6551713347435 0
      endloop
   endfacet
   facet normal 0 0 -1
      outer loop
         vertex -15.5172413215041 39.6551713347435 0
         vertex -18.9655181020498 39.6551713347435 0
         vertex -15.5172413215041 43.1034490466118 0
      endloop
   endfacet
   facet normal 0 0 -1
      outer loop
         vertex -15.5172413215041 39.6551713347435 0
         vertex -15.5172413215041 43.1034490466118 0
         vertex -12.068965472281 43.1034490466118 0
      endloop
   endfacet
   facet normal 0 0 -1
      outer loop
         vertex -12.068965472281 43.1034490466118 0
         vertex -15.5172413215041 43.1034490466118 0
         vertex -12.068965472281 46.5517230331898 0
      endloop
   endfacet
   facet normal 0 0 -1
      outer loop
         vertex -12.068965472281 43.1034490466118 0
         vertex -12.068965472281 46.5517230331898 0
         vertex -8.62068962305784 46.5517230331898 0
      endloop
   endfacet
   facet normal 0 0 -1
      outer loop
         vertex -8.62068962305784 46.5517230331898 0
         vertex -12.068965472281 46.5517230331898 0
         vertex -11.126047000289 48.746395856142 0
      endloop
   endfacet
   facet normal 0 0 -1
      outer loop
         vertex -8.62068962305784 46.5517230331898 0
         vertex -11.126047000289 48.746395856142 0
         vertex -6.21718540787697 49.6119596064091 0
      endloop
   endfacet
   facet normal 0 0 -1
      outer loop
         vertex -5.17241377383471 29.3103456497192 0
         vertex -8.62068962305784 29.3103456497192 0
         vertex -5.17241377383471 32.7586196362972 0
      endloop
   endfacet
   facet normal 0 0 -1
      outer loop
         vertex -39.6551713347435 22.413793951273 0
         vertex -42.6645427942276 26.0717608034611 0
         vertex -39.6551713347435 25.8620698004961 0
      endloop
   endfacet
   facet normal 0 0 -1
      outer loop
         vertex -39.6551713347435 25.8620698004961 0
         vertex -42.6645427942276 26.0717608034611 0
         vertex -39.6551713347435 29.3103456497192 0
      endloop
   endfacet
   facet normal 0 0 -1
      outer loop
         vertex -29.3103456497192 29.3103456497192 0
         vertex -29.3103456497192 32.7586196362972 0
         vertex -25.8620698004961 32.7586196362972 0
      endloop
   endfacet
   facet normal 0 0 -1
      outer loop
         vertex -25.8620698004961 32.7586196362972 0
         vertex -29.3103456497192 32.7586196362972 0
         vertex -25.8620698004961 36.2068973481655 0
      endloop
   endfacet
   facet normal 0 0 -1
      outer loop
         vertex -25.8620698004961 32.7586196362972 0
         vertex -25.8620698004961 36.2068973481655 0
         vertex -22.413793951273 36.2068973481655 0
      endloop
   endfacet
   facet normal 0 0 -1
      outer loop
         vertex -22.413793951273 36.2068973481655 0
         vertex -25.8620698004961 36.2068973481655 0
         vertex -22.413793951273 39.6551713347435 0
      endloop
   endfacet
   facet normal 0 0 -1
      outer loop
         vertex -22.413793951273 36.2068973481655 0
         vertex -22.413793951273 39.6551713347435 0
         vertex -18.9655181020498 39.6551713347435 0
      endloop
   endfacet
   facet normal 0 0 -1
      outer loop
         vertex -18.9655181020498 39.6551713347435 0
         vertex -22.413793951273 39.6551713347435 0
         vertex -18.9655181020498 43.1034490466118 0
      endloop
   endfacet
   facet normal 0 0 -1
      outer loop
         vertex -18.9655181020498 39.6551713347435 0
         vertex -18.9655181020498 43.1034490466118 0
         vertex -15.5172413215041 43.1034490466118 0
      endloop
   endfacet
   facet normal 0 0 -1
      outer loop
         vertex -15.5172413215041 43.1034490466118 0
         vertex -18.9655181020498 43.1034490466118 0
         vertex -15.5172413215041 46.5517230331898 0
      endloop
   endfacet
   facet normal 0 0 -1
      outer loop
         vertex -15.5172413215041 43.1034490466118 0
         vertex -15.5172413215041 46.5517230331898 0
         vertex -12.068965472281 46.5517230331898 0
      endloop
   endfacet
   facet normal 0 0 -1
      outer loop
         vertex -12.068965472281 46.5517230331898 0
         vertex -15.5172413215041 46.5517230331898 0
         vertex -15.9243326634169 47.3963655531406 0
      endloop
   endfacet
   facet normal 0 0 -1
      outer loop
         vertex -12.068965472281 46.5517230331898 0
         vertex -15.9243326634169 47.3963655531406 0
         vertex -11.126047000289 48.746395856142 0
      endloop
   endfacet
   facet normal 0 0 -1
      outer loop
         vertex -1.72413792461157 32.7586196362972 0
         vertex -5.17241377383471 32.7586196362972 0
         vertex -1.72413792461157 36.2068973481655 0
      endloop
   endfacet
   facet normal 0 0 -1
      outer loop
         vertex -36.2068973481655 32.7586196362972 0
         vertex -36.2068973481655 29.3103456497192 0
         vertex -39.8566238582134 30.1902201026678 0
      endloop
   endfacet
   facet normal 0 0 -1
      outer loop
         vertex -29.3103456497192 32.7586196362972 0
         vertex -29.3103456497192 36.2068973481655 0
         vertex -25.8620698004961 36.2068973481655 0
      endloop
   endfacet
   facet normal 0 0 -1
      outer loop
         vertex -25.8620698004961 36.2068973481655 0
         vertex -29.3103456497192 36.2068973481655 0
         vertex -25.8620698004961 39.6551713347435 0
      endloop
   endfacet
   facet normal 0 0 -1
      outer loop
         vertex -25.8620698004961 36.2068973481655 0
         vertex -25.8620698004961 39.6551713347435 0
         vertex -22.413793951273 39.6551713347435 0
      endloop
   endfacet
   facet normal 0 0 -1
      outer loop
         vertex -22.413793951273 39.6551713347435 0
         vertex -25.8620698004961 39.6551713347435 0
         vertex -25.000000372529 43.3012694120407 0
      endloop
   endfacet
   facet normal 0 0 -1
      outer loop
         vertex -22.413793951273 39.6551713347435 0
         vertex -25.000000372529 43.3012694120407 0
         vertex -22.413793951273 43.1034490466118 0
      endloop
   endfacet
   facet normal 0 0 -1
      outer loop
         vertex -22.413793951273 43.1034490466118 0
         vertex -25.000000372529 43.3012694120407 0
         vertex -20.5643549561501 45.5752909183502 0
      endloop
   endfacet
   facet normal 0 0 -1
      outer loop
         vertex -22.413793951273 43.1034490466118 0
         vertex -20.5643549561501 45.5752909183502 0
         vertex -18.9655181020498 43.1034490466118 0
      endloop
   endfacet
   facet normal 0 0 -1
      outer loop
         vertex -18.9655181020498 43.1034490466118 0
         vertex -20.5643549561501 45.5752909183502 0
         vertex -15.5172413215041 46.5517230331898 0
      endloop
   endfacet
   facet normal 0 0 -1
      outer loop
         vertex 1.72413792461157 36.2068973481655 0
         vertex -1.72413792461157 36.2068973481655 0
         vertex 1.72413792461157 39.6551713347435 0
      endloop
   endfacet
   facet normal 0 0 -1
      outer loop
         vertex 22.413793951273 36.2068973481655 0
         vertex 18.9655181020498 36.2068973481655 0
         vertex 22.413793951273 39.6551713347435 0
      endloop
   endfacet
   facet normal 0 0 -1
      outer loop
         vertex -32.7586196362972 36.2068973481655 0
         vertex -32.7586196362972 32.7586196362972 0
         vertex -36.6525948047638 34.0086370706558 0
      endloop
   endfacet
   facet normal 0 0 -1
      outer loop
         vertex -25.8620698004961 39.6551713347435 0
         vertex -29.3103456497192 36.2068973481655 0
         vertex -29.3103456497192 39.6551713347435 0
      endloop
   endfacet
   facet normal 0 0 -1
      outer loop
         vertex -29.3103456497192 39.6551713347435 0
         vertex -29.3103456497192 36.2068973481655 0
         vertex -33.0842919647694 37.4890603125095 0
      endloop
   endfacet
   facet normal 0 0 -1
      outer loop
         vertex -29.3103456497192 39.6551713347435 0
         vertex -33.0842919647694 37.4890603125095 0
         vertex -29.1871838271618 40.5968986451626 0
      endloop
   endfacet
   facet normal 0 0 -1
      outer loop
         vertex -25.000000372529 43.3012694120407 0
         vertex -25.8620698004961 39.6551713347435 0
         vertex -29.1871838271618 40.5968986451626 0
      endloop
   endfacet
   facet normal 0 0 -1
      outer loop
         vertex -29.1871838271618 40.5968986451626 0
         vertex -25.8620698004961 39.6551713347435 0
         vertex -29.3103456497192 39.6551713347435 0
      endloop
   endfacet
   facet normal 0 0 -1
      outer loop
         vertex 5.17241377383471 39.6551713347435 0
         vertex 1.72413792461157 39.6551713347435 0
         vertex 5.17241377383471 43.1034490466118 0
      endloop
   endfacet
   facet normal 0 0 -1
      outer loop
         vertex -22.413793951273 43.1034490466118 0
         vertex -18.9655181020498 43.1034490466118 0
         vertex -22.413793951273 39.6551713347435 0
      endloop
   endfacet
   facet normal 0 0 -1
      outer loop
         vertex 8.62068962305784 43.1034490466118 0
         vertex 5.17241377383471 43.1034490466118 0
         vertex 8.62068962305784 46.5517230331898 0
      endloop
   endfacet
   facet normal 0 0 -1
      outer loop
         vertex 18.9655181020498 39.6551713347435 0
         vertex 18.9655181020498 43.1034490466118 0
         vertex 22.413793951273 43.1034490466118 0
      endloop
   endfacet
   facet normal 0 0 -1
      outer loop
         vertex 22.413793951273 43.1034490466118 0
         vertex 18.9655181020498 43.1034490466118 0
         vertex 22.8105336427689 44.4935895502567 0
      endloop
   endfacet
   facet normal 0 0 -1
      outer loop
         vertex 22.413793951273 43.1034490466118 0
         vertex 22.8105336427689 44.4935895502567 0
         vertex 27.1273124963045 42.0012958347797 0
      endloop
   endfacet
   facet normal 0 0 -1
      outer loop
         vertex 22.8105336427689 44.4935895502567 0
         vertex 18.9655181020498 43.1034490466118 0
         vertex 18.2670503854752 46.543687582016 0
      endloop
   endfacet
   facet normal 0 0 -1
      outer loop
         vertex -20.5643549561501 45.5752909183502 0
         vertex -15.9243326634169 47.3963655531406 0
         vertex -15.5172413215041 46.5517230331898 0
      endloop
   endfacet
endsolid
