solid "íì<stl unit=M>"
   facet normal -0.955364482077325 0.294691042675075 -0.0208781165865721
      outer loop
         vertex -4.70176310045645E-05 1.71010069607291E-05 7.65000004321337E-05
         vertex -4.84868651255965E-05 1.23378695207066E-05 7.65000004321337E-05
         vertex -4.80960843560752E-05 1.37818678922486E-05 7.90000049164519E-05
      endloop
   endfacet
   facet normal -0.970226654429677 0.24190454408407 0.0119344285860112
      outer loop
         vertex -4.80960843560752E-05 1.37818678922486E-05 7.90000049164519E-05
         vertex -4.84868651255965E-05 1.23378695207066E-05 7.65000004321337E-05
         vertex -4.89403792016674E-05 1.03955844679149E-05 7.90000049164519E-05
      endloop
   endfacet
   facet normal -0.97026505817926 0.241914115246867 0.00795472945625064
      outer loop
         vertex -4.80960843560752E-05 1.37818678922486E-05 7.90000049164519E-05
         vertex -4.89403792016674E-05 1.03955844679149E-05 7.90000049164519E-05
         vertex -4.90416241518687E-05 9.90730677585816E-06 8.15000021248125E-05
      endloop
   endfacet
   facet normal -0.984790297248643 0.173644642079862 -0.00596730440703132
      outer loop
         vertex -4.90416241518687E-05 9.90730677585816E-06 8.15000021248125E-05
         vertex -4.89403792016674E-05 1.03955844679149E-05 7.90000049164519E-05
         vertex -4.95464009873103E-05 6.95865492161829E-06 7.90000049164519E-05
      endloop
   endfacet
   facet normal -0.98854939781879 0.148999301547848 0.0238599289680837
      outer loop
         vertex -4.90416241518687E-05 9.90730677585816E-06 8.15000021248125E-05
         vertex -4.95464009873103E-05 6.95865492161829E-06 7.90000049164519E-05
         vertex -4.97845358040649E-05 4.97839209856465E-06 8.15000021248125E-05
      endloop
   endfacet
   facet normal -0.994451095626065 0.104520811582917 -0.0119339161287533
      outer loop
         vertex -4.97845358040649E-05 4.97839209856465E-06 8.15000021248125E-05
         vertex -4.95464009873103E-05 6.95865492161829E-06 7.90000049164519E-05
         vertex -4.99111993121915E-05 3.48782373293943E-06 7.90000049164519E-05
      endloop
   endfacet
   facet normal -0.998539200414169 0.049835390895877 0.020878195575466
      outer loop
         vertex -4.97845358040649E-05 4.97839209856465E-06 8.15000021248125E-05
         vertex -4.99111993121915E-05 3.48782373293943E-06 7.90000049164519E-05
         vertex -5.00329988426529E-05 -1.13296309230747E-21 8.15000021248125E-05
      endloop
   endfacet
   facet normal -0.999390806604004 0.0349000813093457 -2.13694506682086E-18
      outer loop
         vertex -5.00329988426529E-05 -1.13296309230747E-21 8.15000021248125E-05
         vertex -4.99111993121915E-05 3.48782373293943E-06 7.90000049164519E-05
         vertex -5.00329988426529E-05 -1.28603886252765E-21 7.90000049164519E-05
      endloop
   endfacet
   facet normal -0.999390806604004 -0.0349000813093457 2.13694506682086E-18
      outer loop
         vertex -5.00329988426529E-05 -1.13296309230747E-21 8.15000021248125E-05
         vertex -5.00329988426529E-05 -1.28603886252765E-21 7.90000049164519E-05
         vertex -4.99111993121915E-05 -3.48782373293943E-06 7.90000049164519E-05
      endloop
   endfacet
   facet normal -0.999341367689819 -0.0348983518435158 0.00994665081563287
      outer loop
         vertex -4.99111993121915E-05 -3.48782373293943E-06 7.90000049164519E-05
         vertex -5.00329988426529E-05 -1.28603886252765E-21 7.90000049164519E-05
         vertex -4.99708476127125E-05 -2.49229424298392E-06 7.65000004321337E-05
      endloop
   endfacet
   facet normal -0.994904829925423 -0.0995558230912513 -0.0159065231804175
      outer loop
         vertex -4.99111993121915E-05 -3.48782373293943E-06 7.90000049164519E-05
         vertex -4.99708476127125E-05 -2.49229424298392E-06 7.65000004321337E-05
         vertex -4.94745399919339E-05 -7.45211309549632E-06 7.65000004321337E-05
      endloop
   endfacet
   facet normal -0.968954548866336 0.24672655397767 0.0159087961058605
      outer loop
         vertex -4.90416241518687E-05 9.90730677585816E-06 8.15000021248125E-05
         vertex -4.78116380691063E-05 1.4737758647243E-05 8.15000021248125E-05
         vertex -4.80960843560752E-05 1.37818678922486E-05 7.90000049164519E-05
      endloop
   endfacet
   facet normal -0.95100951050308 0.309001653917157 -0.00994428525099632
      outer loop
         vertex -4.80960843560752E-05 1.37818678922486E-05 7.90000049164519E-05
         vertex -4.78116380691063E-05 1.4737758647243E-05 8.15000021248125E-05
         vertex -4.70176310045645E-05 1.71010069607291E-05 7.90000049164519E-05
      endloop
   endfacet
   facet normal -0.95105654811557 0.309016896441758 1.59248978706709E-08
      outer loop
         vertex -4.80960843560752E-05 1.37818678922486E-05 7.90000049164519E-05
         vertex -4.70176310045645E-05 1.71010069607291E-05 7.90000049164519E-05
         vertex -4.70176310045645E-05 1.71010069607291E-05 7.65000004321337E-05
      endloop
   endfacet
   facet normal -0.927183842344712 0.374606623666608 0
      outer loop
         vertex -4.70176310045645E-05 1.71010069607291E-05 7.65000004321337E-05
         vertex -4.70176310045645E-05 1.71010069607291E-05 7.90000049164519E-05
         vertex -4.57102723885328E-05 2.03368326765485E-05 7.90000049164519E-05
      endloop
   endfacet
   facet normal -0.921275399538186 0.388350019303537 -0.0208782353827504
      outer loop
         vertex -4.70176310045645E-05 1.71010069607291E-05 7.65000004321337E-05
         vertex -4.57102723885328E-05 2.03368326765485E-05 7.90000049164519E-05
         vertex -4.50814441137481E-05 2.16941862163367E-05 7.65000004321337E-05
      endloop
   endfacet
   facet normal -0.898729924915248 0.438340159478876 0.0119342636918287
      outer loop
         vertex -4.50814441137481E-05 2.16941862163367E-05 7.65000004321337E-05
         vertex -4.57102723885328E-05 2.03368326765485E-05 7.90000049164519E-05
         vertex -4.41803786088713E-05 2.34735780395567E-05 7.90000049164519E-05
      endloop
   endfacet
   facet normal -0.877971702079191 0.478117581536085 -0.0238593498288023
      outer loop
         vertex -4.50814441137481E-05 2.16941862163367E-05 7.65000004321337E-05
         vertex -4.41803786088713E-05 2.34735780395567E-05 7.90000049164519E-05
         vertex -4.26975457230583E-05 2.60717606579419E-05 7.65000004321337E-05
      endloop
   endfacet
   facet normal -0.866010030267986 0.499991011260378 0.00596792544068598
      outer loop
         vertex -4.26975457230583E-05 2.60717606579419E-05 7.65000004321337E-05
         vertex -4.41803786088713E-05 2.34735780395567E-05 7.90000049164519E-05
         vertex -4.24354038841557E-05 2.6495963538764E-05 7.90000049164519E-05
      endloop
   endfacet
   facet normal -0.829011515181365 0.559174965210923 -0.00795399132894141
      outer loop
         vertex -4.26975457230583E-05 2.60717606579419E-05 7.65000004321337E-05
         vertex -4.24354038841557E-05 2.6495963538764E-05 7.90000049164519E-05
         vertex -4.04838501708582E-05 2.93892626359593E-05 7.90000049164519E-05
      endloop
   endfacet
   facet normal -0.828978686840821 0.559152861208555 -0.0119337574114009
      outer loop
         vertex -4.04838501708582E-05 2.93892626359593E-05 7.90000049164519E-05
         vertex -4.24354038841557E-05 2.6495963538764E-05 7.90000049164519E-05
         vertex -4.1344937926624E-05 2.81660031760111E-05 8.15000021248125E-05
      endloop
   endfacet
   facet normal -0.796958766212717 0.603672759270745 0.0208788091410416
      outer loop
         vertex -4.04838501708582E-05 2.93892626359593E-05 7.90000049164519E-05
         vertex -4.1344937926624E-05 2.81660031760111E-05 8.15000021248125E-05
         vertex -3.83352235076018E-05 3.21393781632651E-05 8.15000021248125E-05
      endloop
   endfacet
   facet normal -0.939402573991493 0.341913846833379 0.0248540805856578
      outer loop
         vertex -4.78116380691063E-05 1.4737758647243E-05 8.15000021248125E-05
         vertex -4.61068120785058E-05 1.94217391253915E-05 8.15000021248125E-05
         vertex -4.70176310045645E-05 1.71010069607291E-05 7.90000049164519E-05
      endloop
   endfacet
   facet normal -0.927137979228852 0.374588111177985 -0.00994557366623859
      outer loop
         vertex -4.70176310045645E-05 1.71010069607291E-05 7.90000049164519E-05
         vertex -4.61068120785058E-05 1.94217391253915E-05 8.15000021248125E-05
         vertex -4.57102723885328E-05 2.03368326765485E-05 7.90000049164519E-05
      endloop
   endfacet
   facet normal -0.90085492869529 0.433828703569741 0.0159076523849625
      outer loop
         vertex -4.61068120785058E-05 1.94217391253915E-05 8.15000021248125E-05
         vertex -4.39440809714142E-05 2.39126984524773E-05 8.15000021248125E-05
         vertex -4.57102723885328E-05 2.03368326765485E-05 7.90000049164519E-05
      endloop
   endfacet
   facet normal -0.898765530545206 0.438357455388704 0.00795376696513631
      outer loop
         vertex -4.57102723885328E-05 2.03368326765485E-05 7.90000049164519E-05
         vertex -4.39440809714142E-05 2.39126984524773E-05 8.15000021248125E-05
         vertex -4.41803786088713E-05 2.34735780395567E-05 7.90000049164519E-05
      endloop
   endfacet
   facet normal -0.866010016651281 0.499991033201094 -0.00596806318259139
      outer loop
         vertex -4.41803786088713E-05 2.34735780395567E-05 7.90000049164519E-05
         vertex -4.39440809714142E-05 2.39126984524773E-05 8.15000021248125E-05
         vertex -4.24354038841557E-05 2.6495963538764E-05 7.90000049164519E-05
      endloop
   endfacet
   facet normal -0.853047728112231 0.521287142969942 0.0238597597807624
      outer loop
         vertex -4.24354038841557E-05 2.6495963538764E-05 7.90000049164519E-05
         vertex -4.39440809714142E-05 2.39126984524773E-05 8.15000021248125E-05
         vertex -4.1344937926624E-05 2.81660031760111E-05 8.15000021248125E-05
      endloop
   endfacet
   facet normal -0.542427836391531 0.83984291327889 -0.0208787768518339
      outer loop
         vertex -2.50330012931954E-05 4.33012683060952E-05 7.65000004321337E-05
         vertex -2.92201839329209E-05 4.05969003622886E-05 7.65000004321337E-05
         vertex -2.79926443909062E-05 4.14518799516372E-05 7.90000049164519E-05
      endloop
   endfacet
   facet normal -0.587743715798518 0.808959148835756 0.0119339873588061
      outer loop
         vertex -2.79926443909062E-05 4.14518799516372E-05 7.90000049164519E-05
         vertex -2.92201839329209E-05 4.05969003622886E-05 7.65000004321337E-05
         vertex -3.08160742861219E-05 3.94005364796612E-05 7.90000049164519E-05
      endloop
   endfacet
   facet normal -0.587766978008121 0.808991179100087 0.00795309382892101
      outer loop
         vertex -2.79926443909062E-05 4.14518799516372E-05 7.90000049164519E-05
         vertex -3.08160742861219E-05 3.94005364796612E-05 7.90000049164519E-05
         vertex -3.12074917019345E-05 3.90915774914902E-05 8.15000021248125E-05
      endloop
   endfacet
   facet normal -0.642775855929443 0.766031053443417 -0.00596860071883221
      outer loop
         vertex -3.12074917019345E-05 3.90915774914902E-05 8.15000021248125E-05
         vertex -3.08160742861219E-05 3.94005364796612E-05 7.90000049164519E-05
         vertex -3.34895303240046E-05 3.71572423318867E-05 7.90000049164519E-05
      endloop
   endfacet
   facet normal -0.661498253989278 0.749567037993061 0.0238603336826088
      outer loop
         vertex -3.12074917019345E-05 3.90915774914902E-05 8.15000021248125E-05
         vertex -3.34895303240046E-05 3.71572423318867E-05 7.90000049164519E-05
         vertex -3.49448382621631E-05 3.57933422492351E-05 8.15000021248125E-05
      endloop
   endfacet
   facet normal -0.694608977558626 0.719288518833113 -0.0119329363455263
      outer loop
         vertex -3.49448382621631E-05 3.57933422492351E-05 8.15000021248125E-05
         vertex -3.34895303240046E-05 3.71572423318867E-05 7.90000049164519E-05
         vertex -3.59999903594144E-05 3.47329187206924E-05 7.90000049164519E-05
      endloop
   endfacet
   facet normal -0.732891860926061 0.680024686539311 0.0208793171690848
      outer loop
         vertex -3.49448382621631E-05 3.57933422492351E-05 8.15000021248125E-05
         vertex -3.59999903594144E-05 3.47329187206924E-05 7.90000049164519E-05
         vertex -3.83352235076018E-05 3.21393781632651E-05 8.15000021248125E-05
      endloop
   endfacet
   facet normal -0.74314497917124 0.669130435664511 0
      outer loop
         vertex -3.83352235076018E-05 3.21393781632651E-05 8.15000021248125E-05
         vertex -3.59999903594144E-05 3.47329187206924E-05 7.90000049164519E-05
         vertex -3.83352235076018E-05 3.21393781632651E-05 7.90000049164519E-05
      endloop
   endfacet
   facet normal -0.788010617289791 0.615661649803333 0
      outer loop
         vertex -3.83352235076018E-05 3.21393781632651E-05 8.15000021248125E-05
         vertex -3.83352235076018E-05 3.21393781632651E-05 7.90000049164519E-05
         vertex -4.04838501708582E-05 2.93892626359593E-05 7.90000049164519E-05
      endloop
   endfacet
   facet normal -0.787971648120197 0.615631201414739 0.00994512963142423
      outer loop
         vertex -4.04838501708582E-05 2.93892626359593E-05 7.90000049164519E-05
         vertex -3.83352235076018E-05 3.21393781632651E-05 7.90000049164519E-05
         vertex -3.98896263504867E-05 3.01902200590121E-05 7.65000004321337E-05
      endloop
   endfacet
   facet normal -0.826134124104862 0.563248917938366 -0.0159080303857104
      outer loop
         vertex -4.04838501708582E-05 2.93892626359593E-05 7.90000049164519E-05
         vertex -3.98896263504867E-05 3.01902200590121E-05 7.65000004321337E-05
         vertex -4.26975457230583E-05 2.60717606579419E-05 7.65000004321337E-05
      endloop
   endfacet
   facet normal -0.583669047251863 0.811835798769249 0.0159084605414052
      outer loop
         vertex -3.12074917019345E-05 3.90915774914902E-05 8.15000021248125E-05
         vertex -2.71603130386211E-05 4.20012947870418E-05 8.15000021248125E-05
         vertex -2.79926443909062E-05 4.14518799516372E-05 7.90000049164519E-05
      endloop
   endfacet
   facet normal -0.529892670344967 0.848006406989059 -0.00994442658908984
      outer loop
         vertex -2.79926443909062E-05 4.14518799516372E-05 7.90000049164519E-05
         vertex -2.71603130386211E-05 4.20012947870418E-05 8.15000021248125E-05
         vertex -2.50330012931954E-05 4.33012683060952E-05 7.90000049164519E-05
      endloop
   endfacet
   facet normal -0.529918861142155 0.848048348035535 3.48941931931239E-08
      outer loop
         vertex -2.79926443909062E-05 4.14518799516372E-05 7.90000049164519E-05
         vertex -2.50330012931954E-05 4.33012683060952E-05 7.90000049164519E-05
         vertex -2.50330012931954E-05 4.33012683060952E-05 7.65000004321337E-05
      endloop
   endfacet
   facet normal -0.469471748889708 0.882947493905747 0
      outer loop
         vertex -2.50330012931954E-05 4.33012683060952E-05 7.65000004321337E-05
         vertex -2.50330012931954E-05 4.33012683060952E-05 7.90000049164519E-05
         vertex -2.19515586650232E-05 4.49397011834662E-05 7.90000049164519E-05
      endloop
   endfacet
   facet normal -0.456111440240061 0.889677721166349 -0.0208783749939533
      outer loop
         vertex -2.50330012931954E-05 4.33012683060952E-05 7.65000004321337E-05
         vertex -2.19515586650232E-05 4.49397011834662E-05 7.90000049164519E-05
         vertex -2.0597355614882E-05 4.55752924608532E-05 7.65000004321337E-05
      endloop
   endfacet
   facet normal -0.406708018302058 0.913480251304612 0.0119339149182701
      outer loop
         vertex -2.0597355614882E-05 4.55752924608532E-05 7.65000004321337E-05
         vertex -2.19515586650232E-05 4.49397011834662E-05 7.90000049164519E-05
         vertex -1.87633304449264E-05 4.63591932202689E-05 7.90000049164519E-05
      endloop
   endfacet
   facet normal -0.365236946158325 0.930608753846976 -0.0238604363815647
      outer loop
         vertex -2.0597355614882E-05 4.55752924608532E-05 7.65000004321337E-05
         vertex -1.87633304449264E-05 4.63591932202689E-05 7.90000049164519E-05
         vertex -1.59573337441543E-05 4.73963664262556E-05 7.65000004321337E-05
      endloop
   endfacet
   facet normal -0.342013608114898 0.939676053290873 0.0059671380005466
      outer loop
         vertex -1.59573337441543E-05 4.73963664262556E-05 7.65000004321337E-05
         vertex -1.87633304449264E-05 4.63591932202689E-05 7.90000049164519E-05
         vertex -1.54838489834219E-05 4.75528249808121E-05 7.90000049164519E-05
      endloop
   endfacet
   facet normal -0.27562891586752 0.96123120203847 -0.00795468197812171
      outer loop
         vertex -1.59573337441543E-05 4.73963664262556E-05 7.65000004321337E-05
         vertex -1.54838489834219E-05 4.75528249808121E-05 7.90000049164519E-05
         vertex -1.21290941024199E-05 4.8514786612941E-05 7.90000049164519E-05
      endloop
   endfacet
   facet normal -0.275618019838701 0.961193155198268 -0.0119342172006199
      outer loop
         vertex -1.21290941024199E-05 4.8514786612941E-05 7.90000049164519E-05
         vertex -1.54838489834219E-05 4.75528249808121E-05 7.90000049164519E-05
         vertex -1.35750233312137E-05 4.81312126794364E-05 8.15000021248125E-05
      endloop
   endfacet
   facet normal -0.222472553169905 0.974715372585176 0.0208783508018639
      outer loop
         vertex -1.21290941024199E-05 4.8514786612941E-05 7.90000049164519E-05
         vertex -1.35750233312137E-05 4.81312126794364E-05 8.15000021248125E-05
         vertex -8.71540851221653E-06 4.9240388761973E-05 8.15000021248125E-05
      endloop
   endfacet
   facet normal -0.499845791932116 0.86575774458983 0.0248538119910507
      outer loop
         vertex -2.71603130386211E-05 4.20012947870418E-05 8.15000021248125E-05
         vertex -2.28435328608612E-05 4.44935903942678E-05 8.15000021248125E-05
         vertex -2.50330012931954E-05 4.33012683060952E-05 7.90000049164519E-05
      endloop
   endfacet
   facet normal -0.469448516347723 0.882903835766684 -0.00994521429625889
      outer loop
         vertex -2.50330012931954E-05 4.33012683060952E-05 7.90000049164519E-05
         vertex -2.28435328608612E-05 4.44935903942678E-05 8.15000021248125E-05
         vertex -2.19515586650232E-05 4.49397011834662E-05 7.90000049164519E-05
      endloop
   endfacet
   facet normal -0.411234757525714 0.911390642869607 0.015908183192681
      outer loop
         vertex -2.28435328608612E-05 4.44935903942678E-05 8.15000021248125E-05
         vertex -1.83000502147479E-05 4.6543686039513E-05 8.15000021248125E-05
         vertex -2.19515586650232E-05 4.49397011834662E-05 7.90000049164519E-05
      endloop
   endfacet
   facet normal -0.406724094396351 0.913516400114896 0.00795598885052329
      outer loop
         vertex -2.19515586650232E-05 4.49397011834662E-05 7.90000049164519E-05
         vertex -1.83000502147479E-05 4.6543686039513E-05 8.15000021248125E-05
         vertex -1.87633304449264E-05 4.63591932202689E-05 7.90000049164519E-05
      endloop
   endfacet
   facet normal -0.342013602971919 0.939676061437318 -0.00596614983185129
      outer loop
         vertex -1.87633304449264E-05 4.63591932202689E-05 7.90000049164519E-05
         vertex -1.83000502147479E-05 4.6543686039513E-05 8.15000021248125E-05
         vertex -1.54838489834219E-05 4.75528249808121E-05 7.90000049164519E-05
      endloop
   endfacet
   facet normal -0.318396335363502 0.94765736304697 0.023859922253753
      outer loop
         vertex -1.54838489834219E-05 4.75528249808121E-05 7.90000049164519E-05
         vertex -1.83000502147479E-05 4.6543686039513E-05 8.15000021248125E-05
         vertex -1.35750233312137E-05 4.81312126794364E-05 8.15000021248125E-05
      endloop
   endfacet
   facet normal 0.124316624193402 0.992022922768715 -0.0208781620496678
      outer loop
         vertex 8.64940921019297E-06 4.9240388761973E-05 7.65000004321337E-05
         vertex 3.70350448974932E-06 4.98601912113372E-05 7.65000004321337E-05
         vertex 5.19342302141013E-06 4.97260953125078E-05 7.90000049164519E-05
      endloop
   endfacet
   facet normal 0.0697514222256625 0.997493013349274 0.0119342958268446
      outer loop
         vertex 5.19342302141013E-06 4.97260953125078E-05 7.90000049164519E-05
         vertex 3.70350448974932E-06 4.98601912113372E-05 7.65000004321337E-05
         vertex 1.71197484633012E-06 4.99695415783208E-05 7.90000049164519E-05
      endloop
   endfacet
   facet normal 0.0697541832014382 0.997532485614932 0.00795575695937662
      outer loop
         vertex 5.19342302141013E-06 4.97260953125078E-05 7.90000049164519E-05
         vertex 1.71197484633012E-06 4.99695415783208E-05 7.90000049164519E-05
         vertex 1.21353457416262E-06 4.99844572914299E-05 8.15000021248125E-05
      endloop
   endfacet
   facet normal -1.58555315995535E-10 0.99998220215485 -0.00596618584501223
      outer loop
         vertex 1.21353457416262E-06 4.99844572914299E-05 8.15000021248125E-05
         vertex 1.71197484633012E-06 4.99695415783208E-05 7.90000049164519E-05
         vertex -1.77797494416154E-06 4.99695415783208E-05 7.90000049164519E-05
      endloop
   endfacet
   facet normal -0.0249229609170387 0.999404591073514 0.0238602045320371
      outer loop
         vertex 1.21353457416262E-06 4.99844572914299E-05 8.15000021248125E-05
         vertex -1.77797494416154E-06 4.99695415783208E-05 7.90000049164519E-05
         vertex -3.76950470126758E-06 4.98601912113372E-05 8.15000021248125E-05
      endloop
   endfacet
   facet normal -0.0697514254618975 0.997493012685896 -0.0119343323586829
      outer loop
         vertex -3.76950470126758E-06 4.98601912113372E-05 8.15000021248125E-05
         vertex -1.77797494416154E-06 4.99695415783208E-05 7.90000049164519E-05
         vertex -5.25942323292838E-06 4.97260953125078E-05 7.90000049164519E-05
      endloop
   endfacet
   facet normal -0.124316653414277 0.992022918128884 0.0208782085181458
      outer loop
         vertex -3.76950470126758E-06 4.98601912113372E-05 8.15000021248125E-05
         vertex -5.25942323292838E-06 4.97260953125078E-05 7.90000049164519E-05
         vertex -8.71540851221653E-06 4.9240388761973E-05 8.15000021248125E-05
      endloop
   endfacet
   facet normal -0.139172946895023 0.990268090393988 0
      outer loop
         vertex -8.71540851221653E-06 4.9240388761973E-05 8.15000021248125E-05
         vertex -5.25942323292838E-06 4.97260953125078E-05 7.90000049164519E-05
         vertex -8.71540851221653E-06 4.9240388761973E-05 7.90000049164519E-05
      endloop
   endfacet
   facet normal -0.207911932588982 0.978147549343715 0
      outer loop
         vertex -8.71540851221653E-06 4.9240388761973E-05 8.15000021248125E-05
         vertex -8.71540851221653E-06 4.9240388761973E-05 7.90000049164519E-05
         vertex -1.21290941024199E-05 4.8514786612941E-05 7.90000049164519E-05
      endloop
   endfacet
   facet normal -0.2079016594297 0.978099180529521 0.00994449867300031
      outer loop
         vertex -1.21290941024199E-05 4.8514786612941E-05 7.90000049164519E-05
         vertex -8.71540851221653E-06 4.9240388761973E-05 7.90000049164519E-05
         vertex -1.11590461528976E-05 4.87463948957156E-05 7.65000004321337E-05
      endloop
   endfacet
   facet normal -0.270806097127672 0.962502455323776 -0.0159085277188541
      outer loop
         vertex -1.21290941024199E-05 4.8514786612941E-05 7.90000049164519E-05
         vertex -1.11590461528976E-05 4.87463948957156E-05 7.65000004321337E-05
         vertex -1.59573337441543E-05 4.73963664262556E-05 7.65000004321337E-05
      endloop
   endfacet
   facet normal 0.0747201485638492 0.99707764153978 0.0159083669829899
      outer loop
         vertex 1.21353457416262E-06 4.99844572914299E-05 8.15000021248125E-05
         vertex 6.18418516751262E-06 4.96119610033929E-05 8.15000021248125E-05
         vertex 5.19342302141013E-06 4.97260953125078E-05 7.90000049164519E-05
      endloop
   endfacet
   facet normal 0.139166043013716 0.990219121939132 -0.00994499964804567
      outer loop
         vertex 5.19342302141013E-06 4.97260953125078E-05 7.90000049164519E-05
         vertex 6.18418516751262E-06 4.96119610033929E-05 8.15000021248125E-05
         vertex 8.64940921019297E-06 4.9240388761973E-05 7.90000049164519E-05
      endloop
   endfacet
   facet normal 0.13917292406786 0.990268093602132 1.36503850235952E-09
      outer loop
         vertex 5.19342302141013E-06 4.97260953125078E-05 7.90000049164519E-05
         vertex 8.64940921019297E-06 4.9240388761973E-05 7.90000049164519E-05
         vertex 8.64940921019297E-06 4.9240388761973E-05 7.65000004321337E-05
      endloop
   endfacet
   facet normal 0.207911934724295 0.978147548889839 0
      outer loop
         vertex 8.64940921019297E-06 4.9240388761973E-05 7.65000004321337E-05
         vertex 8.64940921019297E-06 4.9240388761973E-05 7.90000049164519E-05
         vertex 1.20630948003964E-05 4.8514786612941E-05 7.90000049164519E-05
      endloop
   endfacet
   facet normal 0.22247259695127 0.974715362863552 -0.0208783381410287
      outer loop
         vertex 8.64940921019297E-06 4.9240388761973E-05 7.65000004321337E-05
         vertex 1.20630948003964E-05 4.8514786612941E-05 7.90000049164519E-05
         vertex 1.35090231196955E-05 4.81312126794364E-05 7.65000004321337E-05
      endloop
   endfacet
   facet normal 0.275618102732607 0.961193132484554 0.0119341321682522
      outer loop
         vertex 1.35090231196955E-05 4.81312126794364E-05 7.65000004321337E-05
         vertex 1.20630948003964E-05 4.8514786612941E-05 7.90000049164519E-05
         vertex 1.54178487719037E-05 4.75528249808121E-05 7.90000049164519E-05
      endloop
   endfacet
   facet normal 0.318396264892228 0.947657390308772 -0.0238597798784027
      outer loop
         vertex 1.35090231196955E-05 4.81312126794364E-05 7.65000004321337E-05
         vertex 1.54178487719037E-05 4.75528249808121E-05 7.90000049164519E-05
         vertex 1.8234051822219E-05 4.6543686039513E-05 7.65000004321337E-05
      endloop
   endfacet
   facet normal 0.342013752812002 0.939676004108873 0.00596658943056657
      outer loop
         vertex 1.8234051822219E-05 4.6543686039513E-05 7.65000004321337E-05
         vertex 1.54178487719037E-05 4.75528249808121E-05 7.90000049164519E-05
         vertex 1.86973284144187E-05 4.63591932202689E-05 7.90000049164519E-05
      endloop
   endfacet
   facet normal 0.406724121146081 0.913516393258667 -0.0079554085768528
      outer loop
         vertex 1.8234051822219E-05 4.6543686039513E-05 7.65000004321337E-05
         vertex 1.86973284144187E-05 4.63591932202689E-05 7.90000049164519E-05
         vertex 2.18855566345155E-05 4.49397011834662E-05 7.90000049164519E-05
      endloop
   endfacet
   facet normal 0.406708018094125 0.913480250837586 -0.0119339577530057
      outer loop
         vertex 2.18855566345155E-05 4.49397011834662E-05 7.90000049164519E-05
         vertex 1.86973284144187E-05 4.63591932202689E-05 7.90000049164519E-05
         vertex 2.05313535843743E-05 4.55752924608532E-05 8.15000021248125E-05
      endloop
   endfacet
   facet normal 0.456111415272502 0.889677732069996 0.0208784558074539
      outer loop
         vertex 2.18855566345155E-05 4.49397011834662E-05 7.90000049164519E-05
         vertex 2.05313535843743E-05 4.55752924608532E-05 8.15000021248125E-05
         vertex 2.49669992626878E-05 4.33012683060952E-05 8.15000021248125E-05
      endloop
   endfacet
   facet normal 0.173594798035737 0.984503481626721 0.0248543911572101
      outer loop
         vertex 6.18418516751262E-06 4.96119610033929E-05 8.15000021248125E-05
         vertex 1.10930468508741E-05 4.87463948957156E-05 8.15000021248125E-05
         vertex 8.64940921019297E-06 4.9240388761973E-05 7.90000049164519E-05
      endloop
   endfacet
   facet normal 0.207901645097518 0.978099183206359 -0.00994453502179717
      outer loop
         vertex 8.64940921019297E-06 4.9240388761973E-05 7.90000049164519E-05
         vertex 1.10930468508741E-05 4.87463948957156E-05 8.15000021248125E-05
         vertex 1.20630948003964E-05 4.8514786612941E-05 7.90000049164519E-05
      endloop
   endfacet
   facet normal 0.27080629345083 0.962502398345961 0.015908633055567
      outer loop
         vertex 1.10930468508741E-05 4.87463948957156E-05 8.15000021248125E-05
         vertex 1.58913317136467E-05 4.73963664262556E-05 8.15000021248125E-05
         vertex 1.20630948003964E-05 4.8514786612941E-05 7.90000049164519E-05
      endloop
   endfacet
   facet normal 0.275629013851271 0.961231172344593 0.00795487500942167
      outer loop
         vertex 1.20630948003964E-05 4.8514786612941E-05 7.90000049164519E-05
         vertex 1.58913317136467E-05 4.73963664262556E-05 8.15000021248125E-05
         vertex 1.54178487719037E-05 4.75528249808121E-05 7.90000049164519E-05
      endloop
   endfacet
   facet normal 0.342013752112594 0.939676002187265 -0.00596693214507816
      outer loop
         vertex 1.54178487719037E-05 4.75528249808121E-05 7.90000049164519E-05
         vertex 1.58913317136467E-05 4.73963664262556E-05 8.15000021248125E-05
         vertex 1.86973284144187E-05 4.63591932202689E-05 7.90000049164519E-05
      endloop
   endfacet
   facet normal 0.365236940022622 0.930608754543906 0.0238605031202535
      outer loop
         vertex 1.86973284144187E-05 4.63591932202689E-05 7.90000049164519E-05
         vertex 1.58913317136467E-05 4.73963664262556E-05 8.15000021248125E-05
         vertex 2.05313535843743E-05 4.55752924608532E-05 8.15000021248125E-05
      endloop
   endfacet
   facet normal 0.732892217380674 0.680024327822818 -0.0208784882585662
      outer loop
         vertex 3.82692232960835E-05 3.21393781632651E-05 7.65000004321337E-05
         vertex 3.48788416886237E-05 3.57933422492351E-05 7.65000004321337E-05
         vertex 3.59339901478961E-05 3.47329187206924E-05 7.90000049164519E-05
      endloop
   endfacet
   facet normal 0.694608969337043 0.719288510319415 0.0119339280628024
      outer loop
         vertex 3.59339901478961E-05 3.47329187206924E-05 7.90000049164519E-05
         vertex 3.48788416886237E-05 3.57933422492351E-05 7.65000004321337E-05
         vertex 3.34235301124863E-05 3.71572423318867E-05 7.90000049164519E-05
      endloop
   endfacet
   facet normal 0.69463646540611 0.719316960713989 0.00795556140675081
      outer loop
         vertex 3.59339901478961E-05 3.47329187206924E-05 7.90000049164519E-05
         vertex 3.34235301124863E-05 3.71572423318867E-05 7.90000049164519E-05
         vertex 3.30512921209447E-05 3.74890587409027E-05 8.15000021248125E-05
      endloop
   endfacet
   facet normal 0.642775834916996 0.766031088006382 -0.00596642728248539
      outer loop
         vertex 3.30512921209447E-05 3.74890587409027E-05 8.15000021248125E-05
         vertex 3.34235301124863E-05 3.71572423318867E-05 7.90000049164519E-05
         vertex 3.07500740746036E-05 3.94005364796612E-05 7.90000049164519E-05
      endloop
   endfacet
   facet normal 0.623312438652691 0.781608791656013 0.0238600215184683
      outer loop
         vertex 3.30512921209447E-05 3.74890587409027E-05 8.15000021248125E-05
         vertex 3.07500740746036E-05 3.94005364796612E-05 7.90000049164519E-05
         vertex 2.91541837214027E-05 4.05969003622886E-05 8.15000021248125E-05
      endloop
   endfacet
   facet normal 0.587743715413105 0.80895914830528 -0.0119340422990138
      outer loop
         vertex 2.91541837214027E-05 4.05969003622886E-05 8.15000021248125E-05
         vertex 3.07500740746036E-05 3.94005364796612E-05 7.90000049164519E-05
         vertex 2.79266441793879E-05 4.14518799516372E-05 7.90000049164519E-05
      endloop
   endfacet
   facet normal 0.542427626979335 0.839843044717403 0.0208789302736035
      outer loop
         vertex 2.91541837214027E-05 4.05969003622886E-05 8.15000021248125E-05
         vertex 2.79266441793879E-05 4.14518799516372E-05 7.90000049164519E-05
         vertex 2.49669992626878E-05 4.33012683060952E-05 8.15000021248125E-05
      endloop
   endfacet
   facet normal 0.529918652183256 0.848048478607374 0
      outer loop
         vertex 2.49669992626878E-05 4.33012683060952E-05 8.15000021248125E-05
         vertex 2.79266441793879E-05 4.14518799516372E-05 7.90000049164519E-05
         vertex 2.49669992626878E-05 4.33012683060952E-05 7.90000049164519E-05
      endloop
   endfacet
   facet normal 0.469471747416236 0.882947494689206 0
      outer loop
         vertex 2.49669992626878E-05 4.33012683060952E-05 8.15000021248125E-05
         vertex 2.49669992626878E-05 4.33012683060952E-05 7.90000049164519E-05
         vertex 2.18855566345155E-05 4.49397011834662E-05 7.90000049164519E-05
      endloop
   endfacet
   facet normal 0.469448516261446 0.882903832049764 0.0099455483392784
      outer loop
         vertex 2.18855566345155E-05 4.49397011834662E-05 7.90000049164519E-05
         vertex 2.49669992626878E-05 4.33012683060952E-05 7.90000049164519E-05
         vertex 2.27775326493429E-05 4.44935903942678E-05 7.65000004321337E-05
      endloop
   endfacet
   facet normal 0.411234906382046 0.911390582920833 -0.01590776967946
      outer loop
         vertex 2.18855566345155E-05 4.49397011834662E-05 7.90000049164519E-05
         vertex 2.27775326493429E-05 4.44935903942678E-05 7.65000004321337E-05
         vertex 1.8234051822219E-05 4.6543686039513E-05 7.65000004321337E-05
      endloop
   endfacet
   facet normal 0.698148379315562 0.715776334039133 0.0159084910834987
      outer loop
         vertex 3.30512921209447E-05 3.74890587409027E-05 8.15000021248125E-05
         vertex 3.66195927199442E-05 3.40086371579673E-05 8.15000021248125E-05
         vertex 3.59339901478961E-05 3.47329187206924E-05 7.90000049164519E-05
      endloop
   endfacet
   facet normal 0.743108213643329 0.669097364575038 -0.00994482451117954
      outer loop
         vertex 3.59339901478961E-05 3.47329187206924E-05 7.90000049164519E-05
         vertex 3.66195927199442E-05 3.40086371579673E-05 8.15000021248125E-05
         vertex 3.82692232960835E-05 3.21393781632651E-05 7.90000049164519E-05
      endloop
   endfacet
   facet normal 0.743144979171239 0.66913043566451 -2.63918785549774E-08
      outer loop
         vertex 3.59339901478961E-05 3.47329187206924E-05 7.90000049164519E-05
         vertex 3.82692232960835E-05 3.21393781632651E-05 7.90000049164519E-05
         vertex 3.82692232960835E-05 3.21393781632651E-05 7.65000004321337E-05
      endloop
   endfacet
   facet normal 0.788010646206859 0.615661612791189 0
      outer loop
         vertex 3.82692232960835E-05 3.21393781632651E-05 7.65000004321337E-05
         vertex 3.82692232960835E-05 3.21393781632651E-05 7.90000049164519E-05
         vertex 4.04178499593399E-05 2.93892626359593E-05 7.90000049164519E-05
      endloop
   endfacet
   facet normal 0.796958421322743 0.603673245756515 -0.0208779079544596
      outer loop
         vertex 3.82692232960835E-05 3.21393781632651E-05 7.65000004321337E-05
         vertex 4.04178499593399E-05 2.93892626359593E-05 7.90000049164519E-05
         vertex 4.12789413530845E-05 2.81660031760111E-05 7.65000004321337E-05
      endloop
   endfacet
   facet normal 0.828978190503296 0.559153582711901 0.0119344296188066
      outer loop
         vertex 4.12789413530845E-05 2.81660031760111E-05 7.65000004321337E-05
         vertex 4.04178499593399E-05 2.93892626359593E-05 7.90000049164519E-05
         vertex 4.23694073106162E-05 2.6495963538764E-05 7.90000049164519E-05
      endloop
   endfacet
   facet normal 0.853048364940106 0.52128605858373 -0.0238606831262503
      outer loop
         vertex 4.12789413530845E-05 2.81660031760111E-05 7.65000004321337E-05
         vertex 4.23694073106162E-05 2.6495963538764E-05 7.90000049164519E-05
         vertex 4.38780771219172E-05 2.39126984524773E-05 7.65000004321337E-05
      endloop
   endfacet
   facet normal 0.86601004269593 0.499991018435653 0.00596552038569146
      outer loop
         vertex 4.38780771219172E-05 2.39126984524773E-05 7.65000004321337E-05
         vertex 4.23694073106162E-05 2.6495963538764E-05 7.90000049164519E-05
         vertex 4.41143820353318E-05 2.34735780395567E-05 7.90000049164519E-05
      endloop
   endfacet
   facet normal 0.898765907750608 0.438356631203479 -0.00795656616652633
      outer loop
         vertex 4.38780771219172E-05 2.39126984524773E-05 7.65000004321337E-05
         vertex 4.41143820353318E-05 2.34735780395567E-05 7.90000049164519E-05
         vertex 4.56442721770145E-05 2.03368326765485E-05 7.90000049164519E-05
      endloop
   endfacet
   facet normal 0.898730351253525 0.438339299652691 -0.0119337385468043
      outer loop
         vertex 4.56442721770145E-05 2.03368326765485E-05 7.90000049164519E-05
         vertex 4.41143820353318E-05 2.34735780395567E-05 7.90000049164519E-05
         vertex 4.50154439022299E-05 2.16941862163367E-05 8.15000021248125E-05
      endloop
   endfacet
   facet normal 0.921275396421972 0.388350022666809 0.0208783103297983
      outer loop
         vertex 4.56442721770145E-05 2.03368326765485E-05 7.90000049164519E-05
         vertex 4.50154439022299E-05 2.16941862163367E-05 8.15000021248125E-05
         vertex 4.69516307930462E-05 1.71010069607291E-05 8.15000021248125E-05
      endloop
   endfacet
   facet normal 0.765807735652849 0.642589141632308 0.0248537134148905
      outer loop
         vertex 3.66195927199442E-05 3.40086371579673E-05 8.15000021248125E-05
         vertex 3.98236261389684E-05 3.01902200590121E-05 8.15000021248125E-05
         vertex 3.82692232960835E-05 3.21393781632651E-05 7.90000049164519E-05
      endloop
   endfacet
   facet normal 0.787971676990616 0.615631164366147 -0.00994513558373836
      outer loop
         vertex 3.82692232960835E-05 3.21393781632651E-05 7.90000049164519E-05
         vertex 3.98236261389684E-05 3.01902200590121E-05 8.15000021248125E-05
         vertex 4.04178499593399E-05 2.93892626359593E-05 7.90000049164519E-05
      endloop
   endfacet
   facet normal 0.826134104543783 0.563248945239618 0.0159080795855639
      outer loop
         vertex 3.98236261389684E-05 3.01902200590121E-05 8.15000021248125E-05
         vertex 4.263154551154E-05 2.60717606579419E-05 8.15000021248125E-05
         vertex 4.04178499593399E-05 2.93892626359593E-05 7.90000049164519E-05
      endloop
   endfacet
   facet normal 0.829010997204136 0.559175712321961 0.00795545497326252
      outer loop
         vertex 4.04178499593399E-05 2.93892626359593E-05 7.90000049164519E-05
         vertex 4.263154551154E-05 2.60717606579419E-05 8.15000021248125E-05
         vertex 4.23694073106162E-05 2.6495963538764E-05 7.90000049164519E-05
      endloop
   endfacet
   facet normal 0.866010023815269 0.499991037337224 -0.0059666769582876
      outer loop
         vertex 4.23694073106162E-05 2.6495963538764E-05 7.90000049164519E-05
         vertex 4.263154551154E-05 2.60717606579419E-05 8.15000021248125E-05
         vertex 4.41143820353318E-05 2.34735780395567E-05 7.90000049164519E-05
      endloop
   endfacet
   facet normal 0.877971686183234 0.478117543077292 0.0238607054024549
      outer loop
         vertex 4.41143820353318E-05 2.34735780395567E-05 7.90000049164519E-05
         vertex 4.263154551154E-05 2.60717606579419E-05 8.15000021248125E-05
         vertex 4.50154439022299E-05 2.16941862163367E-05 8.15000021248125E-05
      endloop
   endfacet
   facet normal 0.998539229236219 0.0498346547268427 -0.0208785742950716
      outer loop
         vertex 4.99669986311346E-05 4.68411943711536E-21 7.65000004321337E-05
         vertex 4.97185392305255E-05 4.97839209856465E-06 7.65000004321337E-05
         vertex 4.9845202738652E-05 3.48782373293943E-06 7.90000049164519E-05
      endloop
   endfacet
   facet normal 0.994451096035012 0.104520811625899 0.0119338816747259
      outer loop
         vertex 4.9845202738652E-05 3.48782373293943E-06 7.90000049164519E-05
         vertex 4.97185392305255E-05 4.97839209856465E-06 7.65000004321337E-05
         vertex 4.94804044137709E-05 6.95865492161829E-06 7.90000049164519E-05
      endloop
   endfacet
   facet normal 0.994490440317551 0.104524953511145 0.00795601725084953
      outer loop
         vertex 4.9845202738652E-05 3.48782373293943E-06 7.90000049164519E-05
         vertex 4.94804044137709E-05 6.95865492161829E-06 7.90000049164519E-05
         vertex 4.94085397804156E-05 7.45211309549632E-06 8.15000021248125E-05
      endloop
   endfacet
   facet normal 0.984790128850059 0.173645637902927 -0.00596611739498184
      outer loop
         vertex 4.94085397804156E-05 7.45211309549632E-06 8.15000021248125E-05
         vertex 4.94804044137709E-05 6.95865492161829E-06 7.90000049164519E-05
         vertex 4.88743789901491E-05 1.03955844679149E-05 7.90000049164519E-05
      endloop
   endfacet
   facet normal 0.979893528885262 0.198089321199922 0.0238598590805123
      outer loop
         vertex 4.94085397804156E-05 7.45211309549632E-06 8.15000021248125E-05
         vertex 4.88743789901491E-05 1.03955844679149E-05 7.90000049164519E-05
         vertex 4.84208649140783E-05 1.23378695207066E-05 8.15000021248125E-05
      endloop
   endfacet
   facet normal 0.970226653976753 0.241904543971144 -0.0119344676959884
      outer loop
         vertex 4.84208649140783E-05 1.23378695207066E-05 8.15000021248125E-05
         vertex 4.88743789901491E-05 1.03955844679149E-05 7.90000049164519E-05
         vertex 4.80300841445569E-05 1.37818678922486E-05 7.90000049164519E-05
      endloop
   endfacet
   facet normal 0.955364475871984 0.294691059146586 0.0208781680449566
      outer loop
         vertex 4.84208649140783E-05 1.23378695207066E-05 8.15000021248125E-05
         vertex 4.80300841445569E-05 1.37818678922486E-05 7.90000049164519E-05
         vertex 4.69516307930462E-05 1.71010069607291E-05 8.15000021248125E-05
      endloop
   endfacet
   facet normal 0.951056542423836 0.309016913959119 0
      outer loop
         vertex 4.69516307930462E-05 1.71010069607291E-05 8.15000021248125E-05
         vertex 4.80300841445569E-05 1.37818678922486E-05 7.90000049164519E-05
         vertex 4.69516307930462E-05 1.71010069607291E-05 7.90000049164519E-05
      endloop
   endfacet
   facet normal 0.927183831993494 0.374606649286768 0
      outer loop
         vertex 4.69516307930462E-05 1.71010069607291E-05 8.15000021248125E-05
         vertex 4.69516307930462E-05 1.71010069607291E-05 7.90000049164519E-05
         vertex 4.56442721770145E-05 2.03368326765485E-05 7.90000049164519E-05
      endloop
   endfacet
   facet normal 0.927137979829985 0.374588111420859 0.0099455084801104
      outer loop
         vertex 4.56442721770145E-05 2.03368326765485E-05 7.90000049164519E-05
         vertex 4.69516307930462E-05 1.71010069607291E-05 7.90000049164519E-05
         vertex 4.60408118669875E-05 1.94217391253915E-05 7.65000004321337E-05
      endloop
   endfacet
   facet normal 0.900854647975334 0.433829278146678 -0.0159078799332189
      outer loop
         vertex 4.56442721770145E-05 2.03368326765485E-05 7.90000049164519E-05
         vertex 4.60408118669875E-05 1.94217391253915E-05 7.65000004321337E-05
         vertex 4.38780771219172E-05 2.39126984524773E-05 7.65000004321337E-05
      endloop
   endfacet
   facet normal 0.994904806254082 0.0995558207225626 0.0159080185059108
      outer loop
         vertex 4.94085397804156E-05 7.45211309549632E-06 8.15000021248125E-05
         vertex 4.99048474011943E-05 2.49229424298392E-06 8.15000021248125E-05
         vertex 4.9845202738652E-05 3.48782373293943E-06 7.90000049164519E-05
      endloop
   endfacet
   facet normal 0.999341413781152 0.034897319466215 -0.00994564205879842
      outer loop
         vertex 4.9845202738652E-05 3.48782373293943E-06 7.90000049164519E-05
         vertex 4.99048474011943E-05 2.49229424298392E-06 8.15000021248125E-05
         vertex 4.99669986311346E-05 4.83719510636133E-21 7.90000049164519E-05
      endloop
   endfacet
   facet normal 0.999390842854978 0.0348990432192211 -4.31786322363632E-09
      outer loop
         vertex 4.9845202738652E-05 3.48782373293943E-06 7.90000049164519E-05
         vertex 4.99669986311346E-05 4.83719510636133E-21 7.90000049164519E-05
         vertex 4.99669986311346E-05 4.68411943711536E-21 7.65000004321337E-05
      endloop
   endfacet
   facet normal 0.999390843057503 -0.0348990374195901 2.13687367298996E-18
      outer loop
         vertex 4.99669986311346E-05 4.68411943711536E-21 7.65000004321337E-05
         vertex 4.99669986311346E-05 4.83719510636133E-21 7.90000049164519E-05
         vertex 4.9845202738652E-05 -3.48782373293943E-06 7.90000049164519E-05
      endloop
   endfacet
   facet normal 0.998539229236219 -0.0498346547268427 -0.0208785742950716
      outer loop
         vertex 4.99669986311346E-05 4.68411943711536E-21 7.65000004321337E-05
         vertex 4.9845202738652E-05 -3.48782373293943E-06 7.90000049164519E-05
         vertex 4.97185392305255E-05 -4.97839209856465E-06 7.65000004321337E-05
      endloop
   endfacet
   facet normal 0.994451096171891 -0.104520810454392 0.0119338805290071
      outer loop
         vertex 4.97185392305255E-05 -4.97839209856465E-06 7.65000004321337E-05
         vertex 4.9845202738652E-05 -3.48782373293943E-06 7.90000049164519E-05
         vertex 4.94804044137709E-05 -6.95865492161829E-06 7.90000049164519E-05
      endloop
   endfacet
   facet normal 0.988549276400599 -0.149000025454603 -0.0238604388555533
      outer loop
         vertex 4.97185392305255E-05 -4.97839209856465E-06 7.65000004321337E-05
         vertex 4.94804044137709E-05 -6.95865492161829E-06 7.90000049164519E-05
         vertex 4.89756239403505E-05 -9.90730677585816E-06 7.65000004321337E-05
      endloop
   endfacet
   facet normal 0.984790122418267 -0.173645641160044 0.00596708417338599
      outer loop
         vertex 4.89756239403505E-05 -9.90730677585816E-06 7.65000004321337E-05
         vertex 4.94804044137709E-05 -6.95865492161829E-06 7.90000049164519E-05
         vertex 4.88743789901491E-05 -1.03955844679149E-05 7.90000049164519E-05
      endloop
   endfacet
   facet normal 0.970265054775093 -0.241914129299274 -0.00795471732114851
      outer loop
         vertex 4.89756239403505E-05 -9.90730677585816E-06 7.65000004321337E-05
         vertex 4.88743789901491E-05 -1.03955844679149E-05 7.90000049164519E-05
         vertex 4.80300841445569E-05 -1.37818678922486E-05 7.90000049164519E-05
      endloop
   endfacet
   facet normal 0.970226654009105 -0.24190454397921 -0.0119344649024186
      outer loop
         vertex 4.80300841445569E-05 -1.37818678922486E-05 7.90000049164519E-05
         vertex 4.88743789901491E-05 -1.03955844679149E-05 7.90000049164519E-05
         vertex 4.84208649140783E-05 -1.23378695207066E-05 8.15000021248125E-05
      endloop
   endfacet
   facet normal 0.955364475760525 -0.294691059112205 0.0208781736304564
      outer loop
         vertex 4.80300841445569E-05 -1.37818678922486E-05 7.90000049164519E-05
         vertex 4.84208649140783E-05 -1.23378695207066E-05 8.15000021248125E-05
         vertex 4.69516307930462E-05 -1.71010069607291E-05 8.15000021248125E-05
      endloop
   endfacet
   facet normal 0.999691120431261 0 0.0248528415053412
      outer loop
         vertex 4.99048474011943E-05 2.49229424298392E-06 8.15000021248125E-05
         vertex 4.99048474011943E-05 -2.49229424298392E-06 8.15000021248125E-05
         vertex 4.99669986311346E-05 4.83719510636133E-21 7.90000049164519E-05
      endloop
   endfacet
   facet normal 0.999341413920325 -0.0348973157457848 -0.00994564112886094
      outer loop
         vertex 4.99669986311346E-05 4.83719510636133E-21 7.90000049164519E-05
         vertex 4.99048474011943E-05 -2.49229424298392E-06 8.15000021248125E-05
         vertex 4.9845202738652E-05 -3.48782373293943E-06 7.90000049164519E-05
      endloop
   endfacet
   facet normal 0.994904805868797 -0.0995558251621865 0.0159080148179102
      outer loop
         vertex 4.99048474011943E-05 -2.49229424298392E-06 8.15000021248125E-05
         vertex 4.94085397804156E-05 -7.45211309549632E-06 8.15000021248125E-05
         vertex 4.9845202738652E-05 -3.48782373293943E-06 7.90000049164519E-05
      endloop
   endfacet
   facet normal 0.994490440317551 -0.104524953511145 0.00795601725084953
      outer loop
         vertex 4.9845202738652E-05 -3.48782373293943E-06 7.90000049164519E-05
         vertex 4.94085397804156E-05 -7.45211309549632E-06 8.15000021248125E-05
         vertex 4.94804044137709E-05 -6.95865492161829E-06 7.90000049164519E-05
      endloop
   endfacet
   facet normal 0.984790128090318 -0.173645642160183 -0.00596611889192365
      outer loop
         vertex 4.94804044137709E-05 -6.95865492161829E-06 7.90000049164519E-05
         vertex 4.94085397804156E-05 -7.45211309549632E-06 8.15000021248125E-05
         vertex 4.88743789901491E-05 -1.03955844679149E-05 7.90000049164519E-05
      endloop
   endfacet
   facet normal 0.979893528841713 -0.198089321191119 0.0238598609420971
      outer loop
         vertex 4.88743789901491E-05 -1.03955844679149E-05 7.90000049164519E-05
         vertex 4.94085397804156E-05 -7.45211309549632E-06 8.15000021248125E-05
         vertex 4.84208649140783E-05 -1.23378695207066E-05 8.15000021248125E-05
      endloop
   endfacet
   facet normal 0.796958421322743 -0.603673245756515 -0.0208779079544596
      outer loop
         vertex 3.82692232960835E-05 -3.21393781632651E-05 7.65000004321337E-05
         vertex 4.12789413530845E-05 -2.81660031760111E-05 7.65000004321337E-05
         vertex 4.04178499593399E-05 -2.93892626359593E-05 7.90000049164519E-05
      endloop
   endfacet
   facet normal 0.828978199708696 -0.559153569520278 0.0119344082576919
      outer loop
         vertex 4.04178499593399E-05 -2.93892626359593E-05 7.90000049164519E-05
         vertex 4.12789413530845E-05 -2.81660031760111E-05 7.65000004321337E-05
         vertex 4.23694073106162E-05 -2.6495963538764E-05 7.90000049164519E-05
      endloop
   endfacet
   facet normal 0.829010997204136 -0.559175712321961 0.00795545497326252
      outer loop
         vertex 4.04178499593399E-05 -2.93892626359593E-05 7.90000049164519E-05
         vertex 4.23694073106162E-05 -2.6495963538764E-05 7.90000049164519E-05
         vertex 4.263154551154E-05 -2.60717606579419E-05 8.15000021248125E-05
      endloop
   endfacet
   facet normal 0.866010036709968 -0.499991014979657 -0.00596667890977532
      outer loop
         vertex 4.263154551154E-05 -2.60717606579419E-05 8.15000021248125E-05
         vertex 4.23694073106162E-05 -2.6495963538764E-05 7.90000049164519E-05
         vertex 4.41143820353318E-05 -2.34735780395567E-05 7.90000049164519E-05
      endloop
   endfacet
   facet normal 0.877971673477901 -0.478117565960663 0.0238607143703864
      outer loop
         vertex 4.263154551154E-05 -2.60717606579419E-05 8.15000021248125E-05
         vertex 4.41143820353318E-05 -2.34735780395567E-05 7.90000049164519E-05
         vertex 4.50154439022299E-05 -2.16941862163367E-05 8.15000021248125E-05
      endloop
   endfacet
   facet normal 0.89873035121357 -0.438339299633204 -0.0119337422715641
      outer loop
         vertex 4.50154439022299E-05 -2.16941862163367E-05 8.15000021248125E-05
         vertex 4.41143820353318E-05 -2.34735780395567E-05 7.90000049164519E-05
         vertex 4.56442721770145E-05 -2.03368326765485E-05 7.90000049164519E-05
      endloop
   endfacet
   facet normal 0.921275397854302 -0.388350018593721 0.0208783228889137
      outer loop
         vertex 4.50154439022299E-05 -2.16941862163367E-05 8.15000021248125E-05
         vertex 4.56442721770145E-05 -2.03368326765485E-05 7.90000049164519E-05
         vertex 4.69516307930462E-05 -1.71010069607291E-05 8.15000021248125E-05
      endloop
   endfacet
   facet normal 0.927183831993494 -0.374606649286768 0
      outer loop
         vertex 4.69516307930462E-05 -1.71010069607291E-05 8.15000021248125E-05
         vertex 4.56442721770145E-05 -2.03368326765485E-05 7.90000049164519E-05
         vertex 4.69516307930462E-05 -1.71010069607291E-05 7.90000049164519E-05
      endloop
   endfacet
   facet normal 0.951056542423836 -0.309016913959119 0
      outer loop
         vertex 4.69516307930462E-05 -1.71010069607291E-05 8.15000021248125E-05
         vertex 4.69516307930462E-05 -1.71010069607291E-05 7.90000049164519E-05
         vertex 4.80300841445569E-05 -1.37818678922486E-05 7.90000049164519E-05
      endloop
   endfacet
   facet normal 0.951009506427317 -0.30900162279054 0.00994564214536121
      outer loop
         vertex 4.80300841445569E-05 -1.37818678922486E-05 7.90000049164519E-05
         vertex 4.69516307930462E-05 -1.71010069607291E-05 7.90000049164519E-05
         vertex 4.77456414955668E-05 -1.4737758647243E-05 7.65000004321337E-05
      endloop
   endfacet
   facet normal 0.968954749108245 -0.246725844178169 -0.015907608090062
      outer loop
         vertex 4.80300841445569E-05 -1.37818678922486E-05 7.90000049164519E-05
         vertex 4.77456414955668E-05 -1.4737758647243E-05 7.65000004321337E-05
         vertex 4.89756239403505E-05 -9.90730677585816E-06 7.65000004321337E-05
      endloop
   endfacet
   facet normal 0.826134076612764 -0.563248985801207 0.0159080939488839
      outer loop
         vertex 4.263154551154E-05 -2.60717606579419E-05 8.15000021248125E-05
         vertex 3.98236261389684E-05 -3.01902200590121E-05 8.15000021248125E-05
         vertex 4.04178499593399E-05 -2.93892626359593E-05 7.90000049164519E-05
      endloop
   endfacet
   facet normal 0.787971648039916 -0.615631201352016 -0.00994513987495895
      outer loop
         vertex 4.04178499593399E-05 -2.93892626359593E-05 7.90000049164519E-05
         vertex 3.98236261389684E-05 -3.01902200590121E-05 8.15000021248125E-05
         vertex 3.82692232960835E-05 -3.21393781632651E-05 7.90000049164519E-05
      endloop
   endfacet
   facet normal 0.78801061728979 -0.615661649803332 5.14222629763003E-08
      outer loop
         vertex 4.04178499593399E-05 -2.93892626359593E-05 7.90000049164519E-05
         vertex 3.82692232960835E-05 -3.21393781632651E-05 7.90000049164519E-05
         vertex 3.82692232960835E-05 -3.21393781632651E-05 7.65000004321337E-05
      endloop
   endfacet
   facet normal 0.7431450088103 -0.669130402746982 0
      outer loop
         vertex 3.82692232960835E-05 -3.21393781632651E-05 7.65000004321337E-05
         vertex 3.82692232960835E-05 -3.21393781632651E-05 7.90000049164519E-05
         vertex 3.59339901478961E-05 -3.47329187206924E-05 7.90000049164519E-05
      endloop
   endfacet
   facet normal 0.732892217380674 -0.680024327822818 -0.0208784882585662
      outer loop
         vertex 3.82692232960835E-05 -3.21393781632651E-05 7.65000004321337E-05
         vertex 3.59339901478961E-05 -3.47329187206924E-05 7.90000049164519E-05
         vertex 3.48788416886237E-05 -3.57933422492351E-05 7.65000004321337E-05
      endloop
   endfacet
   facet normal 0.694608969344763 -0.719288510327409 0.0119339271316125
      outer loop
         vertex 3.48788416886237E-05 -3.57933422492351E-05 7.65000004321337E-05
         vertex 3.59339901478961E-05 -3.47329187206924E-05 7.90000049164519E-05
         vertex 3.34235301124863E-05 -3.71572423318867E-05 7.90000049164519E-05
      endloop
   endfacet
   facet normal 0.661497948276163 -0.749567327302596 -0.0238597205949814
      outer loop
         vertex 3.48788416886237E-05 -3.57933422492351E-05 7.65000004321337E-05
         vertex 3.34235301124863E-05 -3.71572423318867E-05 7.90000049164519E-05
         vertex 3.11414914904162E-05 -3.90915774914902E-05 7.65000004321337E-05
      endloop
   endfacet
   facet normal 0.642775826661327 -0.76603107816765 0.00596857949230061
      outer loop
         vertex 3.11414914904162E-05 -3.90915774914902E-05 7.65000004321337E-05
         vertex 3.34235301124863E-05 -3.71572423318867E-05 7.90000049164519E-05
         vertex 3.07500740746036E-05 -3.94005364796612E-05 7.90000049164519E-05
      endloop
   endfacet
   facet normal 0.587766988465917 -0.808991171059953 -0.00795313879871832
      outer loop
         vertex 3.11414914904162E-05 -3.90915774914902E-05 7.65000004321337E-05
         vertex 3.07500740746036E-05 -3.94005364796612E-05 7.90000049164519E-05
         vertex 2.79266441793879E-05 -4.14518799516372E-05 7.90000049164519E-05
      endloop
   endfacet
   facet normal 0.587743715367378 -0.808959148242342 -0.0119340488173435
      outer loop
         vertex 2.79266441793879E-05 -4.14518799516372E-05 7.90000049164519E-05
         vertex 3.07500740746036E-05 -3.94005364796612E-05 7.90000049164519E-05
         vertex 2.91541837214027E-05 -4.05969003622886E-05 8.15000021248125E-05
      endloop
   endfacet
   facet normal 0.542427654259043 -0.839843027350049 0.0208789201477734
      outer loop
         vertex 2.79266441793879E-05 -4.14518799516372E-05 7.90000049164519E-05
         vertex 2.91541837214027E-05 -4.05969003622886E-05 8.15000021248125E-05
         vertex 2.49669992626878E-05 -4.33012683060952E-05 8.15000021248125E-05
      endloop
   endfacet
   facet normal 0.765807711181292 -0.642589171112477 0.0248537052418824
      outer loop
         vertex 3.98236261389684E-05 -3.01902200590121E-05 8.15000021248125E-05
         vertex 3.66195927199442E-05 -3.40086371579673E-05 8.15000021248125E-05
         vertex 3.82692232960835E-05 -3.21393781632651E-05 7.90000049164519E-05
      endloop
   endfacet
   facet normal 0.743108239789979 -0.669097334449339 -0.00994489763790006
      outer loop
         vertex 3.82692232960835E-05 -3.21393781632651E-05 7.90000049164519E-05
         vertex 3.66195927199442E-05 -3.40086371579673E-05 8.15000021248125E-05
         vertex 3.59339901478961E-05 -3.47329187206924E-05 7.90000049164519E-05
      endloop
   endfacet
   facet normal 0.698148409495862 -0.715776303871837 0.015908523940627
      outer loop
         vertex 3.66195927199442E-05 -3.40086371579673E-05 8.15000021248125E-05
         vertex 3.30512921209447E-05 -3.74890587409027E-05 8.15000021248125E-05
         vertex 3.59339901478961E-05 -3.47329187206924E-05 7.90000049164519E-05
      endloop
   endfacet
   facet normal 0.69463646540611 -0.719316960713989 0.00795556140675081
      outer loop
         vertex 3.59339901478961E-05 -3.47329187206924E-05 7.90000049164519E-05
         vertex 3.30512921209447E-05 -3.74890587409027E-05 8.15000021248125E-05
         vertex 3.34235301124863E-05 -3.71572423318867E-05 7.90000049164519E-05
      endloop
   endfacet
   facet normal 0.642775834904495 -0.766031087991484 -0.00596643054199837
      outer loop
         vertex 3.34235301124863E-05 -3.71572423318867E-05 7.90000049164519E-05
         vertex 3.30512921209447E-05 -3.74890587409027E-05 8.15000021248125E-05
         vertex 3.07500740746036E-05 -3.94005364796612E-05 7.90000049164519E-05
      endloop
   endfacet
   facet normal 0.623312475792377 -0.781608763485856 0.0238599740923944
      outer loop
         vertex 3.07500740746036E-05 -3.94005364796612E-05 7.90000049164519E-05
         vertex 3.30512921209447E-05 -3.74890587409027E-05 8.15000021248125E-05
         vertex 2.91541837214027E-05 -4.05969003622886E-05 8.15000021248125E-05
      endloop
   endfacet
   facet normal 0.22247259695127 -0.974715362863552 -0.0208783381410287
      outer loop
         vertex 8.64940921019297E-06 -4.9240388761973E-05 7.65000004321337E-05
         vertex 1.35090231196955E-05 -4.81312126794364E-05 7.65000004321337E-05
         vertex 1.20630948003964E-05 -4.8514786612941E-05 7.90000049164519E-05
      endloop
   endfacet
   facet normal 0.27561810271729 -0.961193132431138 0.0119341368242018
      outer loop
         vertex 1.20630948003964E-05 -4.8514786612941E-05 7.90000049164519E-05
         vertex 1.35090231196955E-05 -4.81312126794364E-05 7.65000004321337E-05
         vertex 1.54178487719037E-05 -4.75528249808121E-05 7.90000049164519E-05
      endloop
   endfacet
   facet normal 0.275629013851271 -0.961231172344593 0.00795487500942167
      outer loop
         vertex 1.20630948003964E-05 -4.8514786612941E-05 7.90000049164519E-05
         vertex 1.54178487719037E-05 -4.75528249808121E-05 7.90000049164519E-05
         vertex 1.58913317136467E-05 -4.73963664262556E-05 8.15000021248125E-05
      endloop
   endfacet
   facet normal 0.342013752106892 -0.939676002171599 -0.00596693493894646
      outer loop
         vertex 1.58913317136467E-05 -4.73963664262556E-05 8.15000021248125E-05
         vertex 1.54178487719037E-05 -4.75528249808121E-05 7.90000049164519E-05
         vertex 1.86973284144187E-05 -4.63591932202689E-05 7.90000049164519E-05
      endloop
   endfacet
   facet normal 0.365236945606422 -0.93060875244075 0.0238604996754408
      outer loop
         vertex 1.58913317136467E-05 -4.73963664262556E-05 8.15000021248125E-05
         vertex 1.86973284144187E-05 -4.63591932202689E-05 7.90000049164519E-05
         vertex 2.05313535843743E-05 -4.55752924608532E-05 8.15000021248125E-05
      endloop
   endfacet
   facet normal 0.40670804027911 -0.913480241061183 -0.0119339500220723
      outer loop
         vertex 2.05313535843743E-05 -4.55752924608532E-05 8.15000021248125E-05
         vertex 1.86973284144187E-05 -4.63591932202689E-05 7.90000049164519E-05
         vertex 2.18855566345155E-05 -4.49397011834662E-05 7.90000049164519E-05
      endloop
   endfacet
   facet normal 0.456111415254764 -0.889677732035397 0.020878457669287
      outer loop
         vertex 2.05313535843743E-05 -4.55752924608532E-05 8.15000021248125E-05
         vertex 2.18855566345155E-05 -4.49397011834662E-05 7.90000049164519E-05
         vertex 2.49669992626878E-05 -4.33012683060952E-05 8.15000021248125E-05
      endloop
   endfacet
   facet normal 0.469471747416236 -0.882947494689206 0
      outer loop
         vertex 2.49669992626878E-05 -4.33012683060952E-05 8.15000021248125E-05
         vertex 2.18855566345155E-05 -4.49397011834662E-05 7.90000049164519E-05
         vertex 2.49669992626878E-05 -4.33012683060952E-05 7.90000049164519E-05
      endloop
   endfacet
   facet normal 0.529918652183256 -0.848048478607374 0
      outer loop
         vertex 2.49669992626878E-05 -4.33012683060952E-05 8.15000021248125E-05
         vertex 2.49669992626878E-05 -4.33012683060952E-05 7.90000049164519E-05
         vertex 2.79266441793879E-05 -4.14518799516372E-05 7.90000049164519E-05
      endloop
   endfacet
   facet normal 0.529892442884554 -0.848006543735097 0.00994488593676808
      outer loop
         vertex 2.79266441793879E-05 -4.14518799516372E-05 7.90000049164519E-05
         vertex 2.49669992626878E-05 -4.33012683060952E-05 7.90000049164519E-05
         vertex 2.70943146460922E-05 -4.20012947870418E-05 7.65000004321337E-05
      endloop
   endfacet
   facet normal 0.583669184982845 -0.811835705322116 -0.0159081760615242
      outer loop
         vertex 2.79266441793879E-05 -4.14518799516372E-05 7.90000049164519E-05
         vertex 2.70943146460922E-05 -4.20012947870418E-05 7.65000004321337E-05
         vertex 3.11414914904162E-05 -3.90915774914902E-05 7.65000004321337E-05
      endloop
   endfacet
   facet normal 0.270806293466879 -0.962502398403003 0.0159086293312194
      outer loop
         vertex 1.58913317136467E-05 -4.73963664262556E-05 8.15000021248125E-05
         vertex 1.10930468508741E-05 -4.87463948957156E-05 8.15000021248125E-05
         vertex 1.20630948003964E-05 -4.8514786612941E-05 7.90000049164519E-05
      endloop
   endfacet
   facet normal 0.207901659362307 -0.978099180212466 -0.0099445312660673
      outer loop
         vertex 1.20630948003964E-05 -4.8514786612941E-05 7.90000049164519E-05
         vertex 1.10930468508741E-05 -4.87463948957156E-05 8.15000021248125E-05
         vertex 8.64940921019297E-06 -4.9240388761973E-05 7.90000049164519E-05
      endloop
   endfacet
   facet normal 0.207911922602586 -0.978147551466391 -7.56338323241407E-10
      outer loop
         vertex 1.20630948003964E-05 -4.8514786612941E-05 7.90000049164519E-05
         vertex 8.64940921019297E-06 -4.9240388761973E-05 7.90000049164519E-05
         vertex 8.64940921019297E-06 -4.9240388761973E-05 7.65000004321337E-05
      endloop
   endfacet
   facet normal 0.139172938680398 -0.990268091548477 0
      outer loop
         vertex 8.64940921019297E-06 -4.9240388761973E-05 7.65000004321337E-05
         vertex 8.64940921019297E-06 -4.9240388761973E-05 7.90000049164519E-05
         vertex 5.19342302141013E-06 -4.97260953125078E-05 7.90000049164519E-05
      endloop
   endfacet
   facet normal 0.124316624193402 -0.992022922768715 -0.0208781620496678
      outer loop
         vertex 8.64940921019297E-06 -4.9240388761973E-05 7.65000004321337E-05
         vertex 5.19342302141013E-06 -4.97260953125078E-05 7.90000049164519E-05
         vertex 3.70350448974932E-06 -4.98601912113372E-05 7.65000004321337E-05
      endloop
   endfacet
   facet normal 0.0697514180793519 -0.997493013658842 0.0119342941860986
      outer loop
         vertex 3.70350448974932E-06 -4.98601912113372E-05 7.65000004321337E-05
         vertex 5.19342302141013E-06 -4.97260953125078E-05 7.90000049164519E-05
         vertex 1.71197484633012E-06 -4.99695415783208E-05 7.90000049164519E-05
      endloop
   endfacet
   facet normal 0.0249229609580218 -0.999404592716927 -0.0238601356534033
      outer loop
         vertex 3.70350448974932E-06 -4.98601912113372E-05 7.65000004321337E-05
         vertex 1.71197484633012E-06 -4.99695415783208E-05 7.90000049164519E-05
         vertex -1.2795345583072E-06 -4.99844572914299E-05 7.65000004321337E-05
      endloop
   endfacet
   facet normal 1.73705640912228E-10 -0.99998220226042 0.0059661681505138
      outer loop
         vertex -1.2795345583072E-06 -4.99844572914299E-05 7.65000004321337E-05
         vertex 1.71197484633012E-06 -4.99695415783208E-05 7.90000049164519E-05
         vertex -1.77797494416154E-06 -4.99695415783208E-05 7.90000049164519E-05
      endloop
   endfacet
   facet normal -0.0697541832097076 -0.997532485733189 -0.0079557420591586
      outer loop
         vertex -1.2795345583072E-06 -4.99844572914299E-05 7.65000004321337E-05
         vertex -1.77797494416154E-06 -4.99695415783208E-05 7.90000049164519E-05
         vertex -5.25942323292838E-06 -4.97260953125078E-05 7.90000049164519E-05
      endloop
   endfacet
   facet normal -0.0697514147764437 -0.997493013368752 -0.0119343377365954
      outer loop
         vertex -5.25942323292838E-06 -4.97260953125078E-05 7.90000049164519E-05
         vertex -1.77797494416154E-06 -4.99695415783208E-05 7.90000049164519E-05
         vertex -3.76950470126758E-06 -4.98601912113372E-05 8.15000021248125E-05
      endloop
   endfacet
   facet normal -0.124316660755349 -0.992022917104578 0.0208782134763237
      outer loop
         vertex -5.25942323292838E-06 -4.97260953125078E-05 7.90000049164519E-05
         vertex -3.76950470126758E-06 -4.98601912113372E-05 8.15000021248125E-05
         vertex -8.71540851221653E-06 -4.9240388761973E-05 8.15000021248125E-05
      endloop
   endfacet
   facet normal 0.173594798059847 -0.984503481763454 0.0248543855727267
      outer loop
         vertex 1.10930468508741E-05 -4.87463948957156E-05 8.15000021248125E-05
         vertex 6.18418516751262E-06 -4.96119610033929E-05 8.15000021248125E-05
         vertex 8.64940921019297E-06 -4.9240388761973E-05 7.90000049164519E-05
      endloop
   endfacet
   facet normal 0.139166043025316 -0.990219122021674 -0.00994499126697145
      outer loop
         vertex 8.64940921019297E-06 -4.9240388761973E-05 7.90000049164519E-05
         vertex 6.18418516751262E-06 -4.96119610033929E-05 8.15000021248125E-05
         vertex 5.19342302141013E-06 -4.97260953125078E-05 7.90000049164519E-05
      endloop
   endfacet
   facet normal 0.0747201441187684 -0.997077641828554 0.0159083697618958
      outer loop
         vertex 6.18418516751262E-06 -4.96119610033929E-05 8.15000021248125E-05
         vertex 1.21353457416262E-06 -4.99844572914299E-05 8.15000021248125E-05
         vertex 5.19342302141013E-06 -4.97260953125078E-05 7.90000049164519E-05
      endloop
   endfacet
   facet normal 0.0697541832014382 -0.997532485614932 0.00795575695937662
      outer loop
         vertex 5.19342302141013E-06 -4.97260953125078E-05 7.90000049164519E-05
         vertex 1.21353457416262E-06 -4.99844572914299E-05 8.15000021248125E-05
         vertex 1.71197484633012E-06 -4.99695415783208E-05 7.90000049164519E-05
      endloop
   endfacet
   facet normal 0 -0.999982202155506 -0.00596618573497357
      outer loop
         vertex 1.71197484633012E-06 -4.99695415783208E-05 7.90000049164519E-05
         vertex 1.21353457416262E-06 -4.99844572914299E-05 8.15000021248125E-05
         vertex -1.77797494416154E-06 -4.99695415783208E-05 7.90000049164519E-05
      endloop
   endfacet
   facet normal -0.0249229624016785 -0.999404591002557 0.0238602059533694
      outer loop
         vertex -1.77797494416154E-06 -4.99695415783208E-05 7.90000049164519E-05
         vertex 1.21353457416262E-06 -4.99844572914299E-05 8.15000021248125E-05
         vertex -3.76950470126758E-06 -4.98601912113372E-05 8.15000021248125E-05
      endloop
   endfacet
   facet normal -0.456111440240061 -0.889677721166349 -0.0208783749939533
      outer loop
         vertex -2.50330012931954E-05 -4.33012683060952E-05 7.65000004321337E-05
         vertex -2.0597355614882E-05 -4.55752924608532E-05 7.65000004321337E-05
         vertex -2.19515586650232E-05 -4.49397011834662E-05 7.90000049164519E-05
      endloop
   endfacet
   facet normal -0.406707993393218 -0.91348026229554 0.0119339225124385
      outer loop
         vertex -2.19515586650232E-05 -4.49397011834662E-05 7.90000049164519E-05
         vertex -2.0597355614882E-05 -4.55752924608532E-05 7.65000004321337E-05
         vertex -1.87633304449264E-05 -4.63591932202689E-05 7.90000049164519E-05
      endloop
   endfacet
   facet normal -0.406724094396351 -0.913516400114896 0.00795598885052329
      outer loop
         vertex -2.19515586650232E-05 -4.49397011834662E-05 7.90000049164519E-05
         vertex -1.87633304449264E-05 -4.63591932202689E-05 7.90000049164519E-05
         vertex -1.83000502147479E-05 -4.6543686039513E-05 8.15000021248125E-05
      endloop
   endfacet
   facet normal -0.34201357664807 -0.939676070994363 -0.00596615361782085
      outer loop
         vertex -1.83000502147479E-05 -4.6543686039513E-05 8.15000021248125E-05
         vertex -1.87633304449264E-05 -4.63591932202689E-05 7.90000049164519E-05
         vertex -1.54838489834219E-05 -4.75528249808121E-05 7.90000049164519E-05
      endloop
   endfacet
   facet normal -0.318396335391803 -0.947657363131203 0.0238599185305835
      outer loop
         vertex -1.83000502147479E-05 -4.6543686039513E-05 8.15000021248125E-05
         vertex -1.54838489834219E-05 -4.75528249808121E-05 7.90000049164519E-05
         vertex -1.35750233312137E-05 -4.81312126794364E-05 8.15000021248125E-05
      endloop
   endfacet
   facet normal -0.27561803155892 -0.961193151743197 -0.0119342247995704
      outer loop
         vertex -1.35750233312137E-05 -4.81312126794364E-05 8.15000021248125E-05
         vertex -1.54838489834219E-05 -4.75528249808121E-05 7.90000049164519E-05
         vertex -1.21290941024199E-05 -4.8514786612941E-05 7.90000049164519E-05
      endloop
   endfacet
   facet normal -0.222472567298941 -0.974715369202275 0.020878358179983
      outer loop
         vertex -1.35750233312137E-05 -4.81312126794364E-05 8.15000021248125E-05
         vertex -1.21290941024199E-05 -4.8514786612941E-05 7.90000049164519E-05
         vertex -8.71540851221653E-06 -4.9240388761973E-05 8.15000021248125E-05
      endloop
   endfacet
   facet normal -0.207911932588982 -0.978147549343715 0
      outer loop
         vertex -8.71540851221653E-06 -4.9240388761973E-05 8.15000021248125E-05
         vertex -1.21290941024199E-05 -4.8514786612941E-05 7.90000049164519E-05
         vertex -8.71540851221653E-06 -4.9240388761973E-05 7.90000049164519E-05
      endloop
   endfacet
   facet normal -0.139172946895023 -0.990268090393988 0
      outer loop
         vertex -8.71540851221653E-06 -4.9240388761973E-05 8.15000021248125E-05
         vertex -8.71540851221653E-06 -4.9240388761973E-05 7.90000049164519E-05
         vertex -5.25942323292838E-06 -4.97260953125078E-05 7.90000049164519E-05
      endloop
   endfacet
   facet normal -0.139166086872042 -0.990219115925515 0.00994498468648834
      outer loop
         vertex -5.25942323292838E-06 -4.97260953125078E-05 7.90000049164519E-05
         vertex -8.71540851221653E-06 -4.9240388761973E-05 7.90000049164519E-05
         vertex -6.25018537903088E-06 -4.96119610033929E-05 7.65000004321337E-05
      endloop
   endfacet
   facet normal -0.074720136762923 -0.997077643092715 -0.015908325078582
      outer loop
         vertex -5.25942323292838E-06 -4.97260953125078E-05 7.90000049164519E-05
         vertex -6.25018537903088E-06 -4.96119610033929E-05 7.65000004321337E-05
         vertex -1.2795345583072E-06 -4.99844572914299E-05 7.65000004321337E-05
      endloop
   endfacet
   facet normal -0.411234755346644 -0.911390644484431 0.0159081470083527
      outer loop
         vertex -1.83000502147479E-05 -4.6543686039513E-05 8.15000021248125E-05
         vertex -2.28435328608612E-05 -4.44935903942678E-05 8.15000021248125E-05
         vertex -2.19515586650232E-05 -4.49397011834662E-05 7.90000049164519E-05
      endloop
   endfacet
   facet normal -0.469448493039376 -0.882903847980067 -0.00994523026631631
      outer loop
         vertex -2.19515586650232E-05 -4.49397011834662E-05 7.90000049164519E-05
         vertex -2.28435328608612E-05 -4.44935903942678E-05 8.15000021248125E-05
         vertex -2.50330012931954E-05 -4.33012683060952E-05 7.90000049164519E-05
      endloop
   endfacet
   facet normal -0.469471770650014 -0.88294748233558 2.22376955702265E-08
      outer loop
         vertex -2.19515586650232E-05 -4.49397011834662E-05 7.90000049164519E-05
         vertex -2.50330012931954E-05 -4.33012683060952E-05 7.90000049164519E-05
         vertex -2.50330012931954E-05 -4.33012683060952E-05 7.65000004321337E-05
      endloop
   endfacet
   facet normal -0.529918861142155 -0.848048348035536 0
      outer loop
         vertex -2.50330012931954E-05 -4.33012683060952E-05 7.65000004321337E-05
         vertex -2.50330012931954E-05 -4.33012683060952E-05 7.90000049164519E-05
         vertex -2.79926443909062E-05 -4.14518799516372E-05 7.90000049164519E-05
      endloop
   endfacet
   facet normal -0.542427836391531 -0.83984291327889 -0.0208787768518339
      outer loop
         vertex -2.50330012931954E-05 -4.33012683060952E-05 7.65000004321337E-05
         vertex -2.79926443909062E-05 -4.14518799516372E-05 7.90000049164519E-05
         vertex -2.92201839329209E-05 -4.05969003622886E-05 7.65000004321337E-05
      endloop
   endfacet
   facet normal -0.587743687458855 -0.808959169434232 0.0119339867833764
      outer loop
         vertex -2.92201839329209E-05 -4.05969003622886E-05 7.65000004321337E-05
         vertex -2.79926443909062E-05 -4.14518799516372E-05 7.90000049164519E-05
         vertex -3.08160742861219E-05 -3.94005364796612E-05 7.90000049164519E-05
      endloop
   endfacet
   facet normal -0.623312447944969 -0.781608788170969 -0.0238598929326766
      outer loop
         vertex -2.92201839329209E-05 -4.05969003622886E-05 7.65000004321337E-05
         vertex -3.08160742861219E-05 -3.94005364796612E-05 7.90000049164519E-05
         vertex -3.3117292332463E-05 -3.74890587409027E-05 7.65000004321337E-05
      endloop
   endfacet
   facet normal -0.642775834972357 -0.766031088072359 0.00596641284749933
      outer loop
         vertex -3.3117292332463E-05 -3.74890587409027E-05 7.65000004321337E-05
         vertex -3.08160742861219E-05 -3.94005364796612E-05 7.90000049164519E-05
         vertex -3.34895303240046E-05 -3.71572423318867E-05 7.90000049164519E-05
      endloop
   endfacet
   facet normal -0.694636465416403 -0.719316960724648 -0.00795555954422355
      outer loop
         vertex -3.3117292332463E-05 -3.74890587409027E-05 7.65000004321337E-05
         vertex -3.34895303240046E-05 -3.71572423318867E-05 7.90000049164519E-05
         vertex -3.59999903594144E-05 -3.47329187206924E-05 7.90000049164519E-05
      endloop
   endfacet
   facet normal -0.694608977473712 -0.719288518745181 -0.0119329465886158
      outer loop
         vertex -3.59999903594144E-05 -3.47329187206924E-05 7.90000049164519E-05
         vertex -3.34895303240046E-05 -3.71572423318867E-05 7.90000049164519E-05
         vertex -3.49448382621631E-05 -3.57933422492351E-05 8.15000021248125E-05
      endloop
   endfacet
   facet normal -0.732891861239591 -0.680024686830224 0.0208792966889202
      outer loop
         vertex -3.59999903594144E-05 -3.47329187206924E-05 7.90000049164519E-05
         vertex -3.49448382621631E-05 -3.57933422492351E-05 8.15000021248125E-05
         vertex -3.83352235076018E-05 -3.21393781632651E-05 8.15000021248125E-05
      endloop
   endfacet
   facet normal -0.499845792256073 -0.865757745150939 0.0248537859301272
      outer loop
         vertex -2.28435328608612E-05 -4.44935903942678E-05 8.15000021248125E-05
         vertex -2.71603130386211E-05 -4.20012947870418E-05 8.15000021248125E-05
         vertex -2.50330012931954E-05 -4.33012683060952E-05 7.90000049164519E-05
      endloop
   endfacet
   facet normal -0.529892670536363 -0.848006407295356 -0.00994439027110217
      outer loop
         vertex -2.50330012931954E-05 -4.33012683060952E-05 7.90000049164519E-05
         vertex -2.71603130386211E-05 -4.20012947870418E-05 8.15000021248125E-05
         vertex -2.79926443909062E-05 -4.14518799516372E-05 7.90000049164519E-05
      endloop
   endfacet
   facet normal -0.58366903515826 -0.811835805248571 0.0159085735950788
      outer loop
         vertex -2.71603130386211E-05 -4.20012947870418E-05 8.15000021248125E-05
         vertex -3.12074917019345E-05 -3.90915774914902E-05 8.15000021248125E-05
         vertex -2.79926443909062E-05 -4.14518799516372E-05 7.90000049164519E-05
      endloop
   endfacet
   facet normal -0.587766978008121 -0.808991179100087 0.00795309382892101
      outer loop
         vertex -2.79926443909062E-05 -4.14518799516372E-05 7.90000049164519E-05
         vertex -3.12074917019345E-05 -3.90915774914902E-05 8.15000021248125E-05
         vertex -3.08160742861219E-05 -3.94005364796612E-05 7.90000049164519E-05
      endloop
   endfacet
   facet normal -0.642775826584507 -0.7660310780761 -0.00596859951502243
      outer loop
         vertex -3.08160742861219E-05 -3.94005364796612E-05 7.90000049164519E-05
         vertex -3.12074917019345E-05 -3.90915774914902E-05 8.15000021248125E-05
         vertex -3.34895303240046E-05 -3.71572423318867E-05 7.90000049164519E-05
      endloop
   endfacet
   facet normal -0.661498287100535 -0.74956700797247 0.02386035880402
      outer loop
         vertex -3.34895303240046E-05 -3.71572423318867E-05 7.90000049164519E-05
         vertex -3.12074917019345E-05 -3.90915774914902E-05 8.15000021248125E-05
         vertex -3.49448382621631E-05 -3.57933422492351E-05 8.15000021248125E-05
      endloop
   endfacet
   facet normal -0.921275399538186 -0.388350019303537 -0.0208782353827504
      outer loop
         vertex -4.70176310045645E-05 -1.71010069607291E-05 7.65000004321337E-05
         vertex -4.50814441137481E-05 -2.16941862163367E-05 7.65000004321337E-05
         vertex -4.57102723885328E-05 -2.03368326765485E-05 7.90000049164519E-05
      endloop
   endfacet
   facet normal -0.898729948226784 -0.438340111975212 0.0119342529653434
      outer loop
         vertex -4.57102723885328E-05 -2.03368326765485E-05 7.90000049164519E-05
         vertex -4.50814441137481E-05 -2.16941862163367E-05 7.65000004321337E-05
         vertex -4.41803786088713E-05 -2.34735780395567E-05 7.90000049164519E-05
      endloop
   endfacet
   facet normal -0.898765530545206 -0.438357455388704 0.00795376696513631
      outer loop
         vertex -4.57102723885328E-05 -2.03368326765485E-05 7.90000049164519E-05
         vertex -4.41803786088713E-05 -2.34735780395567E-05 7.90000049164519E-05
         vertex -4.39440809714142E-05 -2.39126984524773E-05 8.15000021248125E-05
      endloop
   endfacet
   facet normal -0.866010029579671 -0.499991010862979 -0.00596805861507375
      outer loop
         vertex -4.39440809714142E-05 -2.39126984524773E-05 8.15000021248125E-05
         vertex -4.41803786088713E-05 -2.34735780395567E-05 7.90000049164519E-05
         vertex -4.24354038841557E-05 -2.6495963538764E-05 7.90000049164519E-05
      endloop
   endfacet
   facet normal -0.853047711464289 -0.521287169220266 0.0238597814713599
      outer loop
         vertex -4.39440809714142E-05 -2.39126984524773E-05 8.15000021248125E-05
         vertex -4.24354038841557E-05 -2.6495963538764E-05 7.90000049164519E-05
         vertex -4.1344937926624E-05 -2.81660031760111E-05 8.15000021248125E-05
      endloop
   endfacet
   facet normal -0.828978686674979 -0.559152861096694 -0.0119337741728204
      outer loop
         vertex -4.1344937926624E-05 -2.81660031760111E-05 8.15000021248125E-05
         vertex -4.24354038841557E-05 -2.6495963538764E-05 7.90000049164519E-05
         vertex -4.04838501708582E-05 -2.93892626359593E-05 7.90000049164519E-05
      endloop
   endfacet
   facet normal -0.796958766367685 -0.603672759388129 0.0208787998318755
      outer loop
         vertex -4.1344937926624E-05 -2.81660031760111E-05 8.15000021248125E-05
         vertex -4.04838501708582E-05 -2.93892626359593E-05 7.90000049164519E-05
         vertex -3.83352235076018E-05 -3.21393781632651E-05 8.15000021248125E-05
      endloop
   endfacet
   facet normal -0.788010617289791 -0.615661649803333 0
      outer loop
         vertex -3.83352235076018E-05 -3.21393781632651E-05 8.15000021248125E-05
         vertex -4.04838501708582E-05 -2.93892626359593E-05 7.90000049164519E-05
         vertex -3.83352235076018E-05 -3.21393781632651E-05 7.90000049164519E-05
      endloop
   endfacet
   facet normal -0.74314497917124 -0.669130435664511 0
      outer loop
         vertex -3.83352235076018E-05 -3.21393781632651E-05 8.15000021248125E-05
         vertex -3.83352235076018E-05 -3.21393781632651E-05 7.90000049164519E-05
         vertex -3.59999903594144E-05 -3.47329187206924E-05 7.90000049164519E-05
      endloop
   endfacet
   facet normal -0.743108243527231 -0.669097331877966 0.00994479138349398
      outer loop
         vertex -3.59999903594144E-05 -3.47329187206924E-05 7.90000049164519E-05
         vertex -3.83352235076018E-05 -3.21393781632651E-05 7.90000049164519E-05
         vertex -3.66855929314625E-05 -3.40086371579673E-05 7.65000004321337E-05
      endloop
   endfacet
   facet normal -0.698148409971674 -0.715776304359663 -0.0159084811106319
      outer loop
         vertex -3.59999903594144E-05 -3.47329187206924E-05 7.90000049164519E-05
         vertex -3.66855929314625E-05 -3.40086371579673E-05 7.65000004321337E-05
         vertex -3.3117292332463E-05 -3.74890587409027E-05 7.65000004321337E-05
      endloop
   endfacet
   facet normal -0.900854951976038 -0.433828656274762 0.0159076238038653
      outer loop
         vertex -4.39440809714142E-05 -2.39126984524773E-05 8.15000021248125E-05
         vertex -4.61068120785058E-05 -1.94217391253915E-05 8.15000021248125E-05
         vertex -4.57102723885328E-05 -2.03368326765485E-05 7.90000049164519E-05
      endloop
   endfacet
   facet normal -0.927137971099909 -0.374588131975522 -0.0099455481413955
      outer loop
         vertex -4.57102723885328E-05 -2.03368326765485E-05 7.90000049164519E-05
         vertex -4.61068120785058E-05 -1.94217391253915E-05 8.15000021248125E-05
         vertex -4.70176310045645E-05 -1.71010069607291E-05 7.90000049164519E-05
      endloop
   endfacet
   facet normal -0.927183831993494 -0.374606649286768 -3.60691077887489E-08
      outer loop
         vertex -4.57102723885328E-05 -2.03368326765485E-05 7.90000049164519E-05
         vertex -4.70176310045645E-05 -1.71010069607291E-05 7.90000049164519E-05
         vertex -4.70176310045645E-05 -1.71010069607291E-05 7.65000004321337E-05
      endloop
   endfacet
   facet normal -0.95105654811557 -0.309016896441758 0
      outer loop
         vertex -4.70176310045645E-05 -1.71010069607291E-05 7.65000004321337E-05
         vertex -4.70176310045645E-05 -1.71010069607291E-05 7.90000049164519E-05
         vertex -4.80960843560752E-05 -1.37818678922486E-05 7.90000049164519E-05
      endloop
   endfacet
   facet normal -0.955364482077325 -0.294691042675075 -0.0208781165865721
      outer loop
         vertex -4.70176310045645E-05 -1.71010069607291E-05 7.65000004321337E-05
         vertex -4.80960843560752E-05 -1.37818678922486E-05 7.90000049164519E-05
         vertex -4.84868651255965E-05 -1.23378695207066E-05 7.65000004321337E-05
      endloop
   endfacet
   facet normal -0.970226654462028 -0.241904544092137 0.0119344257924414
      outer loop
         vertex -4.84868651255965E-05 -1.23378695207066E-05 7.65000004321337E-05
         vertex -4.80960843560752E-05 -1.37818678922486E-05 7.90000049164519E-05
         vertex -4.89403792016674E-05 -1.03955844679149E-05 7.90000049164519E-05
      endloop
   endfacet
   facet normal -0.979893529715646 -0.198089324219636 -0.0238597999073945
      outer loop
         vertex -4.84868651255965E-05 -1.23378695207066E-05 7.65000004321337E-05
         vertex -4.89403792016674E-05 -1.03955844679149E-05 7.90000049164519E-05
         vertex -4.94745399919339E-05 -7.45211309549632E-06 7.65000004321337E-05
      endloop
   endfacet
   facet normal -0.984790297841466 -0.173644637793111 0.00596733131449015
      outer loop
         vertex -4.94745399919339E-05 -7.45211309549632E-06 7.65000004321337E-05
         vertex -4.89403792016674E-05 -1.03955844679149E-05 7.90000049164519E-05
         vertex -4.95464009873103E-05 -6.95865492161829E-06 7.90000049164519E-05
      endloop
   endfacet
   facet normal -0.994490451124129 -0.104524963283432 -0.00795453792020229
      outer loop
         vertex -4.94745399919339E-05 -7.45211309549632E-06 7.65000004321337E-05
         vertex -4.95464009873103E-05 -6.95865492161829E-06 7.90000049164519E-05
         vertex -4.99111993121915E-05 -3.48782373293943E-06 7.90000049164519E-05
      endloop
   endfacet
   facet normal -0.994451094884803 -0.104520818955587 -0.01193391332589
      outer loop
         vertex -4.99111993121915E-05 -3.48782373293943E-06 7.90000049164519E-05
         vertex -4.95464009873103E-05 -6.95865492161829E-06 7.90000049164519E-05
         vertex -4.97845358040649E-05 -4.97839209856465E-06 8.15000021248125E-05
      endloop
   endfacet
   facet normal -0.998539200746097 -0.0498353834618625 0.0208781974450514
      outer loop
         vertex -4.99111993121915E-05 -3.48782373293943E-06 7.90000049164519E-05
         vertex -4.97845358040649E-05 -4.97839209856465E-06 8.15000021248125E-05
         vertex -5.00329988426529E-05 -1.13296309230747E-21 8.15000021248125E-05
      endloop
   endfacet
   facet normal -0.939402574382894 -0.341913846975837 0.024854063832207
      outer loop
         vertex -4.61068120785058E-05 -1.94217391253915E-05 8.15000021248125E-05
         vertex -4.78116380691063E-05 -1.4737758647243E-05 8.15000021248125E-05
         vertex -4.70176310045645E-05 -1.71010069607291E-05 7.90000049164519E-05
      endloop
   endfacet
   facet normal -0.951009519357779 -0.3090016269919 -0.00994427509903758
      outer loop
         vertex -4.70176310045645E-05 -1.71010069607291E-05 7.90000049164519E-05
         vertex -4.78116380691063E-05 -1.4737758647243E-05 8.15000021248125E-05
         vertex -4.80960843560752E-05 -1.37818678922486E-05 7.90000049164519E-05
      endloop
   endfacet
   facet normal -0.968954552687122 -0.246726540049403 0.0159087794047859
      outer loop
         vertex -4.78116380691063E-05 -1.4737758647243E-05 8.15000021248125E-05
         vertex -4.90416241518687E-05 -9.90730677585816E-06 8.15000021248125E-05
         vertex -4.80960843560752E-05 -1.37818678922486E-05 7.90000049164519E-05
      endloop
   endfacet
   facet normal -0.97026505817926 -0.241914115246867 0.00795472945625064
      outer loop
         vertex -4.80960843560752E-05 -1.37818678922486E-05 7.90000049164519E-05
         vertex -4.90416241518687E-05 -9.90730677585816E-06 8.15000021248125E-05
         vertex -4.89403792016674E-05 -1.03955844679149E-05 7.90000049164519E-05
      endloop
   endfacet
   facet normal -0.984790299794058 -0.173644627627526 -0.00596730488811645
      outer loop
         vertex -4.89403792016674E-05 -1.03955844679149E-05 7.90000049164519E-05
         vertex -4.90416241518687E-05 -9.90730677585816E-06 8.15000021248125E-05
         vertex -4.95464009873103E-05 -6.95865492161829E-06 7.90000049164519E-05
      endloop
   endfacet
   facet normal -0.988549395667884 -0.148999316124813 0.0238599270535236
      outer loop
         vertex -4.95464009873103E-05 -6.95865492161829E-06 7.90000049164519E-05
         vertex -4.90416241518687E-05 -9.90730677585816E-06 8.15000021248125E-05
         vertex -4.97845358040649E-05 -4.97839209856465E-06 8.15000021248125E-05
      endloop
   endfacet
   facet normal 0.988549276400599 0.149000025454603 -0.0238604388555533
      outer loop
         vertex 4.97185392305255E-05 4.97839209856465E-06 7.65000004321337E-05
         vertex 4.89756239403505E-05 9.90730677585816E-06 7.65000004321337E-05
         vertex 4.94804044137709E-05 6.95865492161829E-06 7.90000049164519E-05
      endloop
   endfacet
   facet normal 0.984790120569642 0.173645651344023 0.00596709290524731
      outer loop
         vertex 4.94804044137709E-05 6.95865492161829E-06 7.90000049164519E-05
         vertex 4.89756239403505E-05 9.90730677585816E-06 7.65000004321337E-05
         vertex 4.88743789901491E-05 1.03955844679149E-05 7.90000049164519E-05
      endloop
   endfacet
   facet normal 0.969038567798877 0.246747201249606 -0.00894834028118643
      outer loop
         vertex 4.89756239403505E-05 9.90730677585816E-06 7.65000004321337E-05
         vertex 4.77456414955668E-05 1.4737758647243E-05 7.65000004321337E-05
         vertex 4.88743789901491E-05 1.03955844679149E-05 7.90000049164519E-05
      endloop
   endfacet
   facet normal 0.970140398921357 0.241883039816735 -0.0178941730663051
      outer loop
         vertex 4.88743789901491E-05 1.03955844679149E-05 7.90000049164519E-05
         vertex 4.77456414955668E-05 1.4737758647243E-05 7.65000004321337E-05
         vertex 4.80300841445569E-05 1.37818678922486E-05 7.90000049164519E-05
      endloop
   endfacet
   facet normal 0.951009506427317 0.30900162279054 0.00994564214536121
      outer loop
         vertex 4.80300841445569E-05 1.37818678922486E-05 7.90000049164519E-05
         vertex 4.77456414955668E-05 1.4737758647243E-05 7.65000004321337E-05
         vertex 4.69516307930462E-05 1.71010069607291E-05 7.90000049164519E-05
      endloop
   endfacet
   facet normal 0.939402343811761 0.341914535285484 -0.0248533096685423
      outer loop
         vertex 4.69516307930462E-05 1.71010069607291E-05 7.90000049164519E-05
         vertex 4.77456414955668E-05 1.4737758647243E-05 7.65000004321337E-05
         vertex 4.60408118669875E-05 1.94217391253915E-05 7.65000004321337E-05
      endloop
   endfacet
   facet normal 0.661497948276163 0.749567327302596 -0.0238597205949814
      outer loop
         vertex 3.48788416886237E-05 3.57933422492351E-05 7.65000004321337E-05
         vertex 3.11414914904162E-05 3.90915774914902E-05 7.65000004321337E-05
         vertex 3.34235301124863E-05 3.71572423318867E-05 7.90000049164519E-05
      endloop
   endfacet
   facet normal 0.642775826654181 0.766031078159134 0.00596858135487939
      outer loop
         vertex 3.34235301124863E-05 3.71572423318867E-05 7.90000049164519E-05
         vertex 3.11414914904162E-05 3.90915774914902E-05 7.65000004321337E-05
         vertex 3.07500740746036E-05 3.94005364796612E-05 7.90000049164519E-05
      endloop
   endfacet
   facet normal 0.583719703104573 0.811905942176199 -0.00894702556650165
      outer loop
         vertex 3.11414914904162E-05 3.90915774914902E-05 7.65000004321337E-05
         vertex 2.70943146460922E-05 4.20012947870418E-05 7.65000004321337E-05
         vertex 3.07500740746036E-05 3.94005364796612E-05 7.90000049164519E-05
      endloop
   endfacet
   facet normal 0.587691418478683 0.808887232537199 -0.0178952978411913
      outer loop
         vertex 3.07500740746036E-05 3.94005364796612E-05 7.90000049164519E-05
         vertex 2.70943146460922E-05 4.20012947870418E-05 7.65000004321337E-05
         vertex 2.79266441793879E-05 4.14518799516372E-05 7.90000049164519E-05
      endloop
   endfacet
   facet normal 0.529892442884554 0.848006543735097 0.00994488593676808
      outer loop
         vertex 2.79266441793879E-05 4.14518799516372E-05 7.90000049164519E-05
         vertex 2.70943146460922E-05 4.20012947870418E-05 7.65000004321337E-05
         vertex 2.49669992626878E-05 4.33012683060952E-05 7.90000049164519E-05
      endloop
   endfacet
   facet normal 0.499845592064989 0.865757878953044 -0.0248531511870581
      outer loop
         vertex 2.49669992626878E-05 4.33012683060952E-05 7.90000049164519E-05
         vertex 2.70943146460922E-05 4.20012947870418E-05 7.65000004321337E-05
         vertex 2.27775326493429E-05 4.44935903942678E-05 7.65000004321337E-05
      endloop
   endfacet
   facet normal 0.0249229609580218 0.999404592716927 -0.0238601356534033
      outer loop
         vertex 3.70350448974932E-06 4.98601912113372E-05 7.65000004321337E-05
         vertex -1.2795345583072E-06 4.99844572914299E-05 7.65000004321337E-05
         vertex 1.71197484633012E-06 4.99695415783208E-05 7.90000049164519E-05
      endloop
   endfacet
   facet normal 0 0.999982202257642 0.0059661686161585
      outer loop
         vertex 1.71197484633012E-06 4.99695415783208E-05 7.90000049164519E-05
         vertex -1.2795345583072E-06 4.99844572914299E-05 7.65000004321337E-05
         vertex -1.77797494416154E-06 4.99695415783208E-05 7.90000049164519E-05
      endloop
   endfacet
   facet normal -0.0747266045683495 0.997163900374212 -0.00894932177169287
      outer loop
         vertex -1.2795345583072E-06 4.99844572914299E-05 7.65000004321337E-05
         vertex -6.25018537903088E-06 4.96119610033929E-05 7.65000004321337E-05
         vertex -1.77797494416154E-06 4.99695415783208E-05 7.90000049164519E-05
      endloop
   endfacet
   facet normal -0.0697452117241466 0.997404321638977 -0.0178948209671679
      outer loop
         vertex -1.77797494416154E-06 4.99695415783208E-05 7.90000049164519E-05
         vertex -6.25018537903088E-06 4.96119610033929E-05 7.65000004321337E-05
         vertex -5.25942323292838E-06 4.97260953125078E-05 7.90000049164519E-05
      endloop
   endfacet
   facet normal -0.139166086872042 0.990219115925515 0.00994498468648834
      outer loop
         vertex -5.25942323292838E-06 4.97260953125078E-05 7.90000049164519E-05
         vertex -6.25018537903088E-06 4.96119610033929E-05 7.65000004321337E-05
         vertex -8.71540851221653E-06 4.9240388761973E-05 7.90000049164519E-05
      endloop
   endfacet
   facet normal -0.173594823148719 0.984503479936094 -0.0248542827232175
      outer loop
         vertex -8.71540851221653E-06 4.9240388761973E-05 7.90000049164519E-05
         vertex -6.25018537903088E-06 4.96119610033929E-05 7.65000004321337E-05
         vertex -1.11590461528976E-05 4.87463948957156E-05 7.65000004321337E-05
      endloop
   endfacet
   facet normal -0.623312447944969 0.781608788170969 -0.0238598929326766
      outer loop
         vertex -2.92201839329209E-05 4.05969003622886E-05 7.65000004321337E-05
         vertex -3.3117292332463E-05 3.74890587409027E-05 7.65000004321337E-05
         vertex -3.08160742861219E-05 3.94005364796612E-05 7.90000049164519E-05
      endloop
   endfacet
   facet normal -0.64277583495807 0.766031088055333 0.00596641657265702
      outer loop
         vertex -3.08160742861219E-05 3.94005364796612E-05 7.90000049164519E-05
         vertex -3.3117292332463E-05 3.74890587409027E-05 7.65000004321337E-05
         vertex -3.34895303240046E-05 3.71572423318867E-05 7.90000049164519E-05
      endloop
   endfacet
   facet normal -0.69820879710375 0.715838241405078 -0.00894917811981286
      outer loop
         vertex -3.3117292332463E-05 3.74890587409027E-05 7.65000004321337E-05
         vertex -3.66855929314625E-05 3.40086371579673E-05 7.65000004321337E-05
         vertex -3.34895303240046E-05 3.71572423318867E-05 7.90000049164519E-05
      endloop
   endfacet
   facet normal -0.694547206859884 0.719224544159482 -0.0178950418194286
      outer loop
         vertex -3.34895303240046E-05 3.71572423318867E-05 7.90000049164519E-05
         vertex -3.66855929314625E-05 3.40086371579673E-05 7.65000004321337E-05
         vertex -3.59999903594144E-05 3.47329187206924E-05 7.90000049164519E-05
      endloop
   endfacet
   facet normal -0.743108243527231 0.669097331877966 0.00994479138349398
      outer loop
         vertex -3.59999903594144E-05 3.47329187206924E-05 7.90000049164519E-05
         vertex -3.66855929314625E-05 3.40086371579673E-05 7.65000004321337E-05
         vertex -3.83352235076018E-05 3.21393781632651E-05 7.90000049164519E-05
      endloop
   endfacet
   facet normal -0.765807737070929 0.642589142822218 -0.0248536389551082
      outer loop
         vertex -3.83352235076018E-05 3.21393781632651E-05 7.90000049164519E-05
         vertex -3.66855929314625E-05 3.40086371579673E-05 7.65000004321337E-05
         vertex -3.98896263504867E-05 3.01902200590121E-05 7.65000004321337E-05
      endloop
   endfacet
   facet normal -0.979893529715646 0.198089324219636 -0.0238597999073945
      outer loop
         vertex -4.84868651255965E-05 1.23378695207066E-05 7.65000004321337E-05
         vertex -4.94745399919339E-05 7.45211309549632E-06 7.65000004321337E-05
         vertex -4.89403792016674E-05 1.03955844679149E-05 7.90000049164519E-05
      endloop
   endfacet
   facet normal -0.984790299616186 0.173644627596162 0.00596733515502154
      outer loop
         vertex -4.89403792016674E-05 1.03955844679149E-05 7.90000049164519E-05
         vertex -4.94745399919339E-05 7.45211309549632E-06 7.65000004321337E-05
         vertex -4.95464009873103E-05 6.95865492161829E-06 7.90000049164519E-05
      endloop
   endfacet
   facet normal -0.994990882484665 0.0995644328203516 -0.00894804389516139
      outer loop
         vertex -4.94745399919339E-05 7.45211309549632E-06 7.65000004321337E-05
         vertex -4.99708476127125E-05 2.49229424298392E-06 7.65000004321337E-05
         vertex -4.95464009873103E-05 6.95865492161829E-06 7.90000049164519E-05
      endloop
   endfacet
   facet normal -0.994362703491384 0.104511527136882 -0.0178928645225673
      outer loop
         vertex -4.95464009873103E-05 6.95865492161829E-06 7.90000049164519E-05
         vertex -4.99708476127125E-05 2.49229424298392E-06 7.65000004321337E-05
         vertex -4.99111993121915E-05 3.48782373293943E-06 7.90000049164519E-05
      endloop
   endfacet
   facet normal -0.999341367689819 0.0348983518435158 0.00994665081563287
      outer loop
         vertex -4.99111993121915E-05 3.48782373293943E-06 7.90000049164519E-05
         vertex -4.99708476127125E-05 2.49229424298392E-06 7.65000004321337E-05
         vertex -5.00329988426529E-05 -1.28603886252765E-21 7.90000049164519E-05
      endloop
   endfacet
   facet normal -0.999691122272905 0 -0.0248527674261626
      outer loop
         vertex -5.00329988426529E-05 -1.28603886252765E-21 7.90000049164519E-05
         vertex -4.99708476127125E-05 2.49229424298392E-06 7.65000004321337E-05
         vertex -4.99708476127125E-05 -2.49229424298392E-06 7.65000004321337E-05
      endloop
   endfacet
   facet normal -0.877971702079191 -0.478117581536085 -0.0238593498288023
      outer loop
         vertex -4.50814441137481E-05 -2.16941862163367E-05 7.65000004321337E-05
         vertex -4.26975457230583E-05 -2.60717606579419E-05 7.65000004321337E-05
         vertex -4.41803786088713E-05 -2.34735780395567E-05 7.90000049164519E-05
      endloop
   endfacet
   facet normal -0.866010017228889 -0.499991033534576 0.00596795142786209
      outer loop
         vertex -4.41803786088713E-05 -2.34735780395567E-05 7.90000049164519E-05
         vertex -4.26975457230583E-05 -2.60717606579419E-05 7.65000004321337E-05
         vertex -4.24354038841557E-05 -2.6495963538764E-05 7.90000049164519E-05
      endloop
   endfacet
   facet normal -0.829011468811875 -0.559175033742789 -0.00795400635708847
      outer loop
         vertex -4.24354038841557E-05 -2.6495963538764E-05 7.90000049164519E-05
         vertex -4.26975457230583E-05 -2.60717606579419E-05 7.65000004321337E-05
         vertex -4.04838501708582E-05 -2.93892626359593E-05 7.90000049164519E-05
      endloop
   endfacet
   facet normal -0.826134124104862 -0.563248917938366 -0.0159080303857104
      outer loop
         vertex -4.04838501708582E-05 -2.93892626359593E-05 7.90000049164519E-05
         vertex -4.26975457230583E-05 -2.60717606579419E-05 7.65000004321337E-05
         vertex -3.98896263504867E-05 -3.01902200590121E-05 7.65000004321337E-05
      endloop
   endfacet
   facet normal -0.787971648120197 -0.615631201414739 0.00994512963142423
      outer loop
         vertex -4.04838501708582E-05 -2.93892626359593E-05 7.90000049164519E-05
         vertex -3.98896263504867E-05 -3.01902200590121E-05 7.65000004321337E-05
         vertex -3.83352235076018E-05 -3.21393781632651E-05 7.90000049164519E-05
      endloop
   endfacet
   facet normal -0.765807737070929 -0.642589142822218 -0.0248536389551082
      outer loop
         vertex -3.83352235076018E-05 -3.21393781632651E-05 7.90000049164519E-05
         vertex -3.98896263504867E-05 -3.01902200590121E-05 7.65000004321337E-05
         vertex -3.66855929314625E-05 -3.40086371579673E-05 7.65000004321337E-05
      endloop
   endfacet
   facet normal -0.365236946158325 -0.930608753846976 -0.0238604363815647
      outer loop
         vertex -2.0597355614882E-05 -4.55752924608532E-05 7.65000004321337E-05
         vertex -1.59573337441543E-05 -4.73963664262556E-05 7.65000004321337E-05
         vertex -1.87633304449264E-05 -4.63591932202689E-05 7.90000049164519E-05
      endloop
   endfacet
   facet normal -0.342013574628761 -0.939676065446347 0.00596714311285123
      outer loop
         vertex -1.87633304449264E-05 -4.63591932202689E-05 7.90000049164519E-05
         vertex -1.59573337441543E-05 -4.73963664262556E-05 7.65000004321337E-05
         vertex -1.54838489834219E-05 -4.75528249808121E-05 7.90000049164519E-05
      endloop
   endfacet
   facet normal -0.270829567857479 -0.962585721348964 -0.00894842048781107
      outer loop
         vertex -1.59573337441543E-05 -4.73963664262556E-05 7.65000004321337E-05
         vertex -1.11590461528976E-05 -4.87463948957156E-05 7.65000004321337E-05
         vertex -1.54838489834219E-05 -4.75528249808121E-05 7.90000049164519E-05
      endloop
   endfacet
   facet normal -0.275593521147218 -0.961107678013864 -0.0178953168308455
      outer loop
         vertex -1.54838489834219E-05 -4.75528249808121E-05 7.90000049164519E-05
         vertex -1.11590461528976E-05 -4.87463948957156E-05 7.65000004321337E-05
         vertex -1.21290941024199E-05 -4.8514786612941E-05 7.90000049164519E-05
      endloop
   endfacet
   facet normal -0.2079016594297 -0.978099180529521 0.00994449867300031
      outer loop
         vertex -1.21290941024199E-05 -4.8514786612941E-05 7.90000049164519E-05
         vertex -1.11590461528976E-05 -4.87463948957156E-05 7.65000004321337E-05
         vertex -8.71540851221653E-06 -4.9240388761973E-05 7.90000049164519E-05
      endloop
   endfacet
   facet normal -0.173594823148719 -0.984503479936094 -0.0248542827232175
      outer loop
         vertex -8.71540851221653E-06 -4.9240388761973E-05 7.90000049164519E-05
         vertex -1.11590461528976E-05 -4.87463948957156E-05 7.65000004321337E-05
         vertex -6.25018537903088E-06 -4.96119610033929E-05 7.65000004321337E-05
      endloop
   endfacet
   facet normal 0.318396264892228 -0.947657390308772 -0.0238597798784027
      outer loop
         vertex 1.35090231196955E-05 -4.81312126794364E-05 7.65000004321337E-05
         vertex 1.8234051822219E-05 -4.6543686039513E-05 7.65000004321337E-05
         vertex 1.54178487719037E-05 -4.75528249808121E-05 7.90000049164519E-05
      endloop
   endfacet
   facet normal 0.342013733684643 -0.939676011161477 0.00596657512704278
      outer loop
         vertex 1.54178487719037E-05 -4.75528249808121E-05 7.90000049164519E-05
         vertex 1.8234051822219E-05 -4.6543686039513E-05 7.65000004321337E-05
         vertex 1.86973284144187E-05 -4.63591932202689E-05 7.90000049164519E-05
      endloop
   endfacet
   facet normal 0.411270457395401 -0.911469432868675 -0.00894895635442135
      outer loop
         vertex 1.8234051822219E-05 -4.6543686039513E-05 7.65000004321337E-05
         vertex 2.27775326493429E-05 -4.44935903942678E-05 7.65000004321337E-05
         vertex 1.86973284144187E-05 -4.63591932202689E-05 7.90000049164519E-05
      endloop
   endfacet
   facet normal 0.406671850880152 -0.91339903846814 -0.0178941953490235
      outer loop
         vertex 1.86973284144187E-05 -4.63591932202689E-05 7.90000049164519E-05
         vertex 2.27775326493429E-05 -4.44935903942678E-05 7.65000004321337E-05
         vertex 2.18855566345155E-05 -4.49397011834662E-05 7.90000049164519E-05
      endloop
   endfacet
   facet normal 0.469448516261446 -0.882903832049764 0.0099455483392784
      outer loop
         vertex 2.18855566345155E-05 -4.49397011834662E-05 7.90000049164519E-05
         vertex 2.27775326493429E-05 -4.44935903942678E-05 7.65000004321337E-05
         vertex 2.49669992626878E-05 -4.33012683060952E-05 7.90000049164519E-05
      endloop
   endfacet
   facet normal 0.499845592064989 -0.865757878953044 -0.0248531511870581
      outer loop
         vertex 2.49669992626878E-05 -4.33012683060952E-05 7.90000049164519E-05
         vertex 2.27775326493429E-05 -4.44935903942678E-05 7.65000004321337E-05
         vertex 2.70943146460922E-05 -4.20012947870418E-05 7.65000004321337E-05
      endloop
   endfacet
   facet normal 0.853048364940106 -0.52128605858373 -0.0238606831262503
      outer loop
         vertex 4.12789413530845E-05 -2.81660031760111E-05 7.65000004321337E-05
         vertex 4.38780771219172E-05 -2.39126984524773E-05 7.65000004321337E-05
         vertex 4.23694073106162E-05 -2.6495963538764E-05 7.90000049164519E-05
      endloop
   endfacet
   facet normal 0.866010019133493 -0.499991059826091 0.00596547184968428
      outer loop
         vertex 4.23694073106162E-05 -2.6495963538764E-05 7.90000049164519E-05
         vertex 4.38780771219172E-05 -2.39126984524773E-05 7.65000004321337E-05
         vertex 4.41143820353318E-05 -2.34735780395567E-05 7.90000049164519E-05
      endloop
   endfacet
   facet normal 0.900932555926768 -0.433866831327003 -0.00894999137020597
      outer loop
         vertex 4.38780771219172E-05 -2.39126984524773E-05 7.65000004321337E-05
         vertex 4.60408118669875E-05 -1.94217391253915E-05 7.65000004321337E-05
         vertex 4.41143820353318E-05 -2.34735780395567E-05 7.90000049164519E-05
      endloop
   endfacet
   facet normal 0.898650457376624 -0.438300306678738 -0.0178940387310326
      outer loop
         vertex 4.41143820353318E-05 -2.34735780395567E-05 7.90000049164519E-05
         vertex 4.60408118669875E-05 -1.94217391253915E-05 7.65000004321337E-05
         vertex 4.56442721770145E-05 -2.03368326765485E-05 7.90000049164519E-05
      endloop
   endfacet
   facet normal 0.927137979829985 -0.374588111420859 0.0099455084801104
      outer loop
         vertex 4.56442721770145E-05 -2.03368326765485E-05 7.90000049164519E-05
         vertex 4.60408118669875E-05 -1.94217391253915E-05 7.65000004321337E-05
         vertex 4.69516307930462E-05 -1.71010069607291E-05 7.90000049164519E-05
      endloop
   endfacet
   facet normal 0.939402343811761 -0.341914535285484 -0.0248533096685423
      outer loop
         vertex 4.69516307930462E-05 -1.71010069607291E-05 7.90000049164519E-05
         vertex 4.60408118669875E-05 -1.94217391253915E-05 7.65000004321337E-05
         vertex 4.77456414955668E-05 -1.4737758647243E-05 7.65000004321337E-05
      endloop
   endfacet
   facet normal 0 0 1
      outer loop
         vertex 4.84208649140783E-05 1.23378695207066E-05 8.15000021248125E-05
         vertex 4.69516307930462E-05 1.71010069607291E-05 8.15000021248125E-05
         vertex 4.65187258669175E-05 1.55172419908922E-05 8.15000021248125E-05
      endloop
   endfacet
   facet normal 0 0 1
      outer loop
         vertex 4.65187258669175E-05 1.55172419908922E-05 8.15000021248125E-05
         vertex 4.69516307930462E-05 1.71010069607291E-05 8.15000021248125E-05
         vertex 4.30704458267428E-05 1.55172419908922E-05 8.15000021248125E-05
      endloop
   endfacet
   facet normal 0 0 1
      outer loop
         vertex 4.65187258669175E-05 1.55172419908922E-05 8.15000021248125E-05
         vertex 4.30704458267428E-05 1.55172419908922E-05 8.15000021248125E-05
         vertex 4.65187258669175E-05 1.20689655886963E-05 8.15000021248125E-05
      endloop
   endfacet
   facet normal 0 0 1
      outer loop
         vertex 4.65187258669175E-05 1.20689655886963E-05 8.15000021248125E-05
         vertex 4.30704458267428E-05 1.55172419908922E-05 8.15000021248125E-05
         vertex 4.30704458267428E-05 1.20689655886963E-05 8.15000021248125E-05
      endloop
   endfacet
   facet normal 0 0 1
      outer loop
         vertex 4.65187258669175E-05 1.20689655886963E-05 8.15000021248125E-05
         vertex 4.30704458267428E-05 1.20689655886963E-05 8.15000021248125E-05
         vertex 4.65187258669175E-05 8.62068918650039E-06 8.15000021248125E-05
      endloop
   endfacet
   facet normal 0 0 1
      outer loop
         vertex 4.65187258669175E-05 8.62068918650039E-06 8.15000021248125E-05
         vertex 4.30704458267428E-05 1.20689655886963E-05 8.15000021248125E-05
         vertex 4.30704458267428E-05 8.62068918650039E-06 8.15000021248125E-05
      endloop
   endfacet
   facet normal 0 0 1
      outer loop
         vertex 4.65187258669175E-05 8.62068918650039E-06 8.15000021248125E-05
         vertex 4.30704458267428E-05 8.62068918650039E-06 8.15000021248125E-05
         vertex 4.65187258669175E-05 5.17241369379917E-06 8.15000021248125E-05
      endloop
   endfacet
   facet normal 0 0 1
      outer loop
         vertex 4.65187258669175E-05 5.17241369379917E-06 8.15000021248125E-05
         vertex 4.30704458267428E-05 8.62068918650039E-06 8.15000021248125E-05
         vertex 4.30704458267428E-05 5.17241369379917E-06 8.15000021248125E-05
      endloop
   endfacet
   facet normal 0 0 1
      outer loop
         vertex 4.65187258669175E-05 5.17241369379917E-06 8.15000021248125E-05
         vertex 4.30704458267428E-05 5.17241369379917E-06 8.15000021248125E-05
         vertex 4.65187258669175E-05 1.72413797372428E-06 8.15000021248125E-05
      endloop
   endfacet
   facet normal 0 0 1
      outer loop
         vertex 4.65187258669175E-05 1.72413797372428E-06 8.15000021248125E-05
         vertex 4.30704458267428E-05 5.17241369379917E-06 8.15000021248125E-05
         vertex 4.30704458267428E-05 1.72413797372428E-06 8.15000021248125E-05
      endloop
   endfacet
   facet normal 0 0 1
      outer loop
         vertex 4.65187258669175E-05 1.72413797372428E-06 8.15000021248125E-05
         vertex 4.30704458267428E-05 1.72413797372428E-06 8.15000021248125E-05
         vertex 4.65187258669175E-05 -1.72413797372428E-06 8.15000021248125E-05
      endloop
   endfacet
   facet normal 0 0 1
      outer loop
         vertex 4.65187258669175E-05 -1.72413797372428E-06 8.15000021248125E-05
         vertex 4.30704458267428E-05 1.72413797372428E-06 8.15000021248125E-05
         vertex 4.30704458267428E-05 -1.72413797372428E-06 8.15000021248125E-05
      endloop
   endfacet
   facet normal 0 0 1
      outer loop
         vertex 4.65187258669175E-05 -1.72413797372428E-06 8.15000021248125E-05
         vertex 4.30704458267428E-05 -1.72413797372428E-06 8.15000021248125E-05
         vertex 4.65187258669175E-05 -5.17241369379917E-06 8.15000021248125E-05
      endloop
   endfacet
   facet normal 0 0 1
      outer loop
         vertex 4.65187258669175E-05 -5.17241369379917E-06 8.15000021248125E-05
         vertex 4.30704458267428E-05 -1.72413797372428E-06 8.15000021248125E-05
         vertex 4.30704458267428E-05 -5.17241369379917E-06 8.15000021248125E-05
      endloop
   endfacet
   facet normal 0 0 1
      outer loop
         vertex 4.65187258669175E-05 -5.17241369379917E-06 8.15000021248125E-05
         vertex 4.30704458267428E-05 -5.17241369379917E-06 8.15000021248125E-05
         vertex 4.65187258669175E-05 -8.62068918650039E-06 8.15000021248125E-05
      endloop
   endfacet
   facet normal 0 0 1
      outer loop
         vertex 4.65187258669175E-05 -8.62068918650039E-06 8.15000021248125E-05
         vertex 4.30704458267428E-05 -5.17241369379917E-06 8.15000021248125E-05
         vertex 4.30704458267428E-05 -8.62068918650039E-06 8.15000021248125E-05
      endloop
   endfacet
   facet normal 0 0 1
      outer loop
         vertex 4.65187258669175E-05 -8.62068918650039E-06 8.15000021248125E-05
         vertex 4.30704458267428E-05 -8.62068918650039E-06 8.15000021248125E-05
         vertex 4.65187258669175E-05 -1.20689655886963E-05 8.15000021248125E-05
      endloop
   endfacet
   facet normal 0 0 1
      outer loop
         vertex 4.65187258669175E-05 -1.20689655886963E-05 8.15000021248125E-05
         vertex 4.30704458267428E-05 -8.62068918650039E-06 8.15000021248125E-05
         vertex 4.30704458267428E-05 -1.20689655886963E-05 8.15000021248125E-05
      endloop
   endfacet
   facet normal 0 0 1
      outer loop
         vertex 4.65187258669175E-05 -1.20689655886963E-05 8.15000021248125E-05
         vertex 4.30704458267428E-05 -1.20689655886963E-05 8.15000021248125E-05
         vertex 4.65187258669175E-05 -1.55172419908922E-05 8.15000021248125E-05
      endloop
   endfacet
   facet normal 0 0 1
      outer loop
         vertex 4.65187258669175E-05 -1.55172419908922E-05 8.15000021248125E-05
         vertex 4.30704458267428E-05 -1.20689655886963E-05 8.15000021248125E-05
         vertex 4.30704458267428E-05 -1.55172419908922E-05 8.15000021248125E-05
      endloop
   endfacet
   facet normal 0 0 1
      outer loop
         vertex 4.65187258669175E-05 -1.55172419908922E-05 8.15000021248125E-05
         vertex 4.30704458267428E-05 -1.55172419908922E-05 8.15000021248125E-05
         vertex 4.69516307930462E-05 -1.71010069607291E-05 8.15000021248125E-05
      endloop
   endfacet
   facet normal 0 0 1
      outer loop
         vertex 4.69516307930462E-05 -1.71010069607291E-05 8.15000021248125E-05
         vertex 4.30704458267428E-05 -1.55172419908922E-05 8.15000021248125E-05
         vertex 4.30704458267428E-05 -1.89655183930881E-05 8.15000021248125E-05
      endloop
   endfacet
   facet normal 0 0 1
      outer loop
         vertex 4.69516307930462E-05 -1.71010069607291E-05 8.15000021248125E-05
         vertex 4.30704458267428E-05 -1.89655183930881E-05 8.15000021248125E-05
         vertex 4.50154439022299E-05 -2.16941862163367E-05 8.15000021248125E-05
      endloop
   endfacet
   facet normal 0 0 1
      outer loop
         vertex 4.50154439022299E-05 -2.16941862163367E-05 8.15000021248125E-05
         vertex 4.30704458267428E-05 -1.89655183930881E-05 8.15000021248125E-05
         vertex 4.30704458267428E-05 -2.2413794795284E-05 8.15000021248125E-05
      endloop
   endfacet
   facet normal 0 0 1
      outer loop
         vertex 4.50154439022299E-05 -2.16941862163367E-05 8.15000021248125E-05
         vertex 4.30704458267428E-05 -2.2413794795284E-05 8.15000021248125E-05
         vertex 4.263154551154E-05 -2.60717606579419E-05 8.15000021248125E-05
      endloop
   endfacet
   facet normal 0 0 1
      outer loop
         vertex 4.263154551154E-05 -2.60717606579419E-05 8.15000021248125E-05
         vertex 4.30704458267428E-05 -2.2413794795284E-05 8.15000021248125E-05
         vertex 3.96221730625257E-05 -2.2413794795284E-05 8.15000021248125E-05
      endloop
   endfacet
   facet normal 0 0 1
      outer loop
         vertex 4.263154551154E-05 -2.60717606579419E-05 8.15000021248125E-05
         vertex 3.96221730625257E-05 -2.2413794795284E-05 8.15000021248125E-05
         vertex 3.96221730625257E-05 -2.58620693784906E-05 8.15000021248125E-05
      endloop
   endfacet
   facet normal 0 0 1
      outer loop
         vertex 3.96221730625257E-05 -2.58620693784906E-05 8.15000021248125E-05
         vertex 3.96221730625257E-05 -2.2413794795284E-05 8.15000021248125E-05
         vertex 3.61738966603298E-05 -2.2413794795284E-05 8.15000021248125E-05
      endloop
   endfacet
   facet normal 0 0 1
      outer loop
         vertex 3.96221730625257E-05 -2.58620693784906E-05 8.15000021248125E-05
         vertex 3.61738966603298E-05 -2.2413794795284E-05 8.15000021248125E-05
         vertex 3.61738966603298E-05 -2.58620693784906E-05 8.15000021248125E-05
      endloop
   endfacet
   facet normal 0 0 1
      outer loop
         vertex 3.61738966603298E-05 -2.58620693784906E-05 8.15000021248125E-05
         vertex 3.61738966603298E-05 -2.2413794795284E-05 8.15000021248125E-05
         vertex 3.27256202581339E-05 -2.2413794795284E-05 8.15000021248125E-05
      endloop
   endfacet
   facet normal 0 0 1
      outer loop
         vertex 3.61738966603298E-05 -2.58620693784906E-05 8.15000021248125E-05
         vertex 3.27256202581339E-05 -2.2413794795284E-05 8.15000021248125E-05
         vertex 3.27256202581339E-05 -2.58620693784906E-05 8.15000021248125E-05
      endloop
   endfacet
   facet normal 0 0 1
      outer loop
         vertex 3.27256202581339E-05 -2.58620693784906E-05 8.15000021248125E-05
         vertex 3.27256202581339E-05 -2.2413794795284E-05 8.15000021248125E-05
         vertex 2.92773456749273E-05 -2.2413794795284E-05 8.15000021248125E-05
      endloop
   endfacet
   facet normal 0 0 1
      outer loop
         vertex 3.27256202581339E-05 -2.58620693784906E-05 8.15000021248125E-05
         vertex 2.92773456749273E-05 -2.2413794795284E-05 8.15000021248125E-05
         vertex 2.92773456749273E-05 -2.58620693784906E-05 8.15000021248125E-05
      endloop
   endfacet
   facet normal 0 0 1
      outer loop
         vertex 2.92773456749273E-05 -2.58620693784906E-05 8.15000021248125E-05
         vertex 2.92773456749273E-05 -2.2413794795284E-05 8.15000021248125E-05
         vertex 2.58290692727314E-05 -2.2413794795284E-05 8.15000021248125E-05
      endloop
   endfacet
   facet normal 0 0 1
      outer loop
         vertex 2.92773456749273E-05 -2.58620693784906E-05 8.15000021248125E-05
         vertex 2.58290692727314E-05 -2.2413794795284E-05 8.15000021248125E-05
         vertex 2.58290692727314E-05 -2.58620693784906E-05 8.15000021248125E-05
      endloop
   endfacet
   facet normal 0 0 1
      outer loop
         vertex 2.58290692727314E-05 -2.58620693784906E-05 8.15000021248125E-05
         vertex 2.58290692727314E-05 -2.2413794795284E-05 8.15000021248125E-05
         vertex 2.23807928705355E-05 -2.2413794795284E-05 8.15000021248125E-05
      endloop
   endfacet
   facet normal 0 0 1
      outer loop
         vertex 2.58290692727314E-05 -2.58620693784906E-05 8.15000021248125E-05
         vertex 2.23807928705355E-05 -2.2413794795284E-05 8.15000021248125E-05
         vertex 2.23807928705355E-05 -2.58620693784906E-05 8.15000021248125E-05
      endloop
   endfacet
   facet normal 0 0 1
      outer loop
         vertex 2.23807928705355E-05 -2.58620693784906E-05 8.15000021248125E-05
         vertex 2.23807928705355E-05 -2.2413794795284E-05 8.15000021248125E-05
         vertex 1.8932518287329E-05 -2.2413794795284E-05 8.15000021248125E-05
      endloop
   endfacet
   facet normal 0 0 1
      outer loop
         vertex 2.23807928705355E-05 -2.58620693784906E-05 8.15000021248125E-05
         vertex 1.8932518287329E-05 -2.2413794795284E-05 8.15000021248125E-05
         vertex 1.8932518287329E-05 -2.58620693784906E-05 8.15000021248125E-05
      endloop
   endfacet
   facet normal 0 0 1
      outer loop
         vertex 1.8932518287329E-05 -2.58620693784906E-05 8.15000021248125E-05
         vertex 1.8932518287329E-05 -2.2413794795284E-05 8.15000021248125E-05
         vertex 1.54842418851331E-05 -2.2413794795284E-05 8.15000021248125E-05
      endloop
   endfacet
   facet normal 0 0 1
      outer loop
         vertex 1.8932518287329E-05 -2.58620693784906E-05 8.15000021248125E-05
         vertex 1.54842418851331E-05 -2.2413794795284E-05 8.15000021248125E-05
         vertex 1.54842418851331E-05 -2.58620693784906E-05 8.15000021248125E-05
      endloop
   endfacet
   facet normal 0 0 1
      outer loop
         vertex 1.54842418851331E-05 -2.58620693784906E-05 8.15000021248125E-05
         vertex 1.54842418851331E-05 -2.2413794795284E-05 8.15000021248125E-05
         vertex 1.20359654829372E-05 -2.2413794795284E-05 8.15000021248125E-05
      endloop
   endfacet
   facet normal 0 0 1
      outer loop
         vertex 1.54842418851331E-05 -2.58620693784906E-05 8.15000021248125E-05
         vertex 1.20359654829372E-05 -2.2413794795284E-05 8.15000021248125E-05
         vertex 1.20359654829372E-05 -2.58620693784906E-05 8.15000021248125E-05
      endloop
   endfacet
   facet normal 0 0 1
      outer loop
         vertex 1.20359654829372E-05 -2.58620693784906E-05 8.15000021248125E-05
         vertex 1.20359654829372E-05 -2.2413794795284E-05 8.15000021248125E-05
         vertex 8.58768999023596E-06 -2.2413794795284E-05 8.15000021248125E-05
      endloop
   endfacet
   facet normal 0 0 1
      outer loop
         vertex 1.20359654829372E-05 -2.58620693784906E-05 8.15000021248125E-05
         vertex 8.58768999023596E-06 -2.2413794795284E-05 8.15000021248125E-05
         vertex 8.58768999023596E-06 -2.58620693784906E-05 8.15000021248125E-05
      endloop
   endfacet
   facet normal 0 0 1
      outer loop
         vertex 8.58768999023596E-06 -2.58620693784906E-05 8.15000021248125E-05
         vertex 8.58768999023596E-06 -2.2413794795284E-05 8.15000021248125E-05
         vertex 5.13941358804004E-06 -2.2413794795284E-05 8.15000021248125E-05
      endloop
   endfacet
   facet normal 0 0 1
      outer loop
         vertex 8.58768999023596E-06 -2.58620693784906E-05 8.15000021248125E-05
         vertex 5.13941358804004E-06 -2.2413794795284E-05 8.15000021248125E-05
         vertex 5.13941358804004E-06 -2.58620693784906E-05 8.15000021248125E-05
      endloop
   endfacet
   facet normal 0 0 1
      outer loop
         vertex 5.13941358804004E-06 -2.58620693784906E-05 8.15000021248125E-05
         vertex 5.13941358804004E-06 -2.2413794795284E-05 8.15000021248125E-05
         vertex 1.69113786796515E-06 -2.2413794795284E-05 8.15000021248125E-05
      endloop
   endfacet
   facet normal 0 0 1
      outer loop
         vertex 5.13941358804004E-06 -2.58620693784906E-05 8.15000021248125E-05
         vertex 1.69113786796515E-06 -2.2413794795284E-05 8.15000021248125E-05
         vertex 1.69113786796515E-06 -2.58620693784906E-05 8.15000021248125E-05
      endloop
   endfacet
   facet normal 0 0 1
      outer loop
         vertex 1.69113786796515E-06 -2.58620693784906E-05 8.15000021248125E-05
         vertex 1.69113786796515E-06 -2.2413794795284E-05 8.15000021248125E-05
         vertex -1.75713796579657E-06 -2.2413794795284E-05 8.15000021248125E-05
      endloop
   endfacet
   facet normal 0 0 1
      outer loop
         vertex 1.69113786796515E-06 -2.58620693784906E-05 8.15000021248125E-05
         vertex -1.75713796579657E-06 -2.2413794795284E-05 8.15000021248125E-05
         vertex -1.75713796579657E-06 -2.58620693784906E-05 8.15000021248125E-05
      endloop
   endfacet
   facet normal 0 0 1
      outer loop
         vertex -1.75713796579657E-06 -2.58620693784906E-05 8.15000021248125E-05
         vertex -1.75713796579657E-06 -2.2413794795284E-05 8.15000021248125E-05
         vertex -5.2054137995583E-06 -2.2413794795284E-05 8.15000021248125E-05
      endloop
   endfacet
   facet normal 0 0 1
      outer loop
         vertex -1.75713796579657E-06 -2.58620693784906E-05 8.15000021248125E-05
         vertex -5.2054137995583E-06 -2.2413794795284E-05 8.15000021248125E-05
         vertex -5.2054137995583E-06 -2.58620693784906E-05 8.15000021248125E-05
      endloop
   endfacet
   facet normal 0 0 1
      outer loop
         vertex -5.2054137995583E-06 -2.58620693784906E-05 8.15000021248125E-05
         vertex -5.2054137995583E-06 -2.2413794795284E-05 8.15000021248125E-05
         vertex -8.65369020175422E-06 -2.2413794795284E-05 8.15000021248125E-05
      endloop
   endfacet
   facet normal 0 0 1
      outer loop
         vertex -5.2054137995583E-06 -2.58620693784906E-05 8.15000021248125E-05
         vertex -8.65369020175422E-06 -2.2413794795284E-05 8.15000021248125E-05
         vertex -8.65369020175422E-06 -2.58620693784906E-05 8.15000021248125E-05
      endloop
   endfacet
   facet normal 0 0 1
      outer loop
         vertex -8.65369020175422E-06 -2.58620693784906E-05 8.15000021248125E-05
         vertex -8.65369020175422E-06 -2.2413794795284E-05 8.15000021248125E-05
         vertex -1.21019656944554E-05 -2.2413794795284E-05 8.15000021248125E-05
      endloop
   endfacet
   facet normal 0 0 1
      outer loop
         vertex -8.65369020175422E-06 -2.58620693784906E-05 8.15000021248125E-05
         vertex -1.21019656944554E-05 -2.2413794795284E-05 8.15000021248125E-05
         vertex -1.21019656944554E-05 -2.58620693784906E-05 8.15000021248125E-05
      endloop
   endfacet
   facet normal 0 0 1
      outer loop
         vertex -1.21019656944554E-05 -2.58620693784906E-05 8.15000021248125E-05
         vertex -1.21019656944554E-05 -2.2413794795284E-05 8.15000021248125E-05
         vertex -1.55502420966513E-05 -2.2413794795284E-05 8.15000021248125E-05
      endloop
   endfacet
   facet normal 0 0 1
      outer loop
         vertex -1.21019656944554E-05 -2.58620693784906E-05 8.15000021248125E-05
         vertex -1.55502420966513E-05 -2.2413794795284E-05 8.15000021248125E-05
         vertex -1.55502420966513E-05 -2.58620693784906E-05 8.15000021248125E-05
      endloop
   endfacet
   facet normal 0 0 1
      outer loop
         vertex -1.55502420966513E-05 -2.58620693784906E-05 8.15000021248125E-05
         vertex -1.55502420966513E-05 -2.2413794795284E-05 8.15000021248125E-05
         vertex -1.89985166798579E-05 -2.2413794795284E-05 8.15000021248125E-05
      endloop
   endfacet
   facet normal 0 0 1
      outer loop
         vertex -1.55502420966513E-05 -2.58620693784906E-05 8.15000021248125E-05
         vertex -1.89985166798579E-05 -2.2413794795284E-05 8.15000021248125E-05
         vertex -1.89985166798579E-05 -2.58620693784906E-05 8.15000021248125E-05
      endloop
   endfacet
   facet normal 0 0 1
      outer loop
         vertex -1.89985166798579E-05 -2.58620693784906E-05 8.15000021248125E-05
         vertex -1.89985166798579E-05 -2.2413794795284E-05 8.15000021248125E-05
         vertex -2.24467930820538E-05 -2.2413794795284E-05 8.15000021248125E-05
      endloop
   endfacet
   facet normal 0 0 1
      outer loop
         vertex -1.89985166798579E-05 -2.58620693784906E-05 8.15000021248125E-05
         vertex -2.24467930820538E-05 -2.2413794795284E-05 8.15000021248125E-05
         vertex -2.24467930820538E-05 -2.58620693784906E-05 8.15000021248125E-05
      endloop
   endfacet
   facet normal 0 0 1
      outer loop
         vertex -2.24467930820538E-05 -2.58620693784906E-05 8.15000021248125E-05
         vertex -2.24467930820538E-05 -2.2413794795284E-05 8.15000021248125E-05
         vertex -2.58950676652603E-05 -2.2413794795284E-05 8.15000021248125E-05
      endloop
   endfacet
   facet normal 0 0 1
      outer loop
         vertex -2.24467930820538E-05 -2.58620693784906E-05 8.15000021248125E-05
         vertex -2.58950676652603E-05 -2.2413794795284E-05 8.15000021248125E-05
         vertex -2.58950676652603E-05 -2.58620693784906E-05 8.15000021248125E-05
      endloop
   endfacet
   facet normal 0 0 1
      outer loop
         vertex -2.58950676652603E-05 -2.58620693784906E-05 8.15000021248125E-05
         vertex -2.58950676652603E-05 -2.2413794795284E-05 8.15000021248125E-05
         vertex -2.93433440674562E-05 -2.2413794795284E-05 8.15000021248125E-05
      endloop
   endfacet
   facet normal 0 0 1
      outer loop
         vertex -2.58950676652603E-05 -2.58620693784906E-05 8.15000021248125E-05
         vertex -2.93433440674562E-05 -2.2413794795284E-05 8.15000021248125E-05
         vertex -2.93433440674562E-05 -2.58620693784906E-05 8.15000021248125E-05
      endloop
   endfacet
   facet normal 0 0 1
      outer loop
         vertex -2.93433440674562E-05 -2.58620693784906E-05 8.15000021248125E-05
         vertex -2.93433440674562E-05 -2.2413794795284E-05 8.15000021248125E-05
         vertex -3.27916204696521E-05 -2.2413794795284E-05 8.15000021248125E-05
      endloop
   endfacet
   facet normal 0 0 1
      outer loop
         vertex -2.93433440674562E-05 -2.58620693784906E-05 8.15000021248125E-05
         vertex -3.27916204696521E-05 -2.2413794795284E-05 8.15000021248125E-05
         vertex -3.27916204696521E-05 -2.58620693784906E-05 8.15000021248125E-05
      endloop
   endfacet
   facet normal 0 0 1
      outer loop
         vertex -3.27916204696521E-05 -2.58620693784906E-05 8.15000021248125E-05
         vertex -3.27916204696521E-05 -2.2413794795284E-05 8.15000021248125E-05
         vertex -3.6239896871848E-05 -2.2413794795284E-05 8.15000021248125E-05
      endloop
   endfacet
   facet normal 0 0 1
      outer loop
         vertex -3.27916204696521E-05 -2.58620693784906E-05 8.15000021248125E-05
         vertex -3.6239896871848E-05 -2.2413794795284E-05 8.15000021248125E-05
         vertex -3.6239896871848E-05 -2.58620693784906E-05 8.15000021248125E-05
      endloop
   endfacet
   facet normal 0 0 1
      outer loop
         vertex -3.6239896871848E-05 -2.58620693784906E-05 8.15000021248125E-05
         vertex -3.6239896871848E-05 -2.2413794795284E-05 8.15000021248125E-05
         vertex -3.96881732740439E-05 -2.2413794795284E-05 8.15000021248125E-05
      endloop
   endfacet
   facet normal 0 0 1
      outer loop
         vertex -3.6239896871848E-05 -2.58620693784906E-05 8.15000021248125E-05
         vertex -3.96881732740439E-05 -2.2413794795284E-05 8.15000021248125E-05
         vertex -3.96881732740439E-05 -2.58620693784906E-05 8.15000021248125E-05
      endloop
   endfacet
   facet normal 0 0 1
      outer loop
         vertex -3.96881732740439E-05 -2.58620693784906E-05 8.15000021248125E-05
         vertex -3.96881732740439E-05 -2.2413794795284E-05 8.15000021248125E-05
         vertex -4.31364460382611E-05 -2.2413794795284E-05 8.15000021248125E-05
      endloop
   endfacet
   facet normal 0 0 1
      outer loop
         vertex -3.96881732740439E-05 -2.58620693784906E-05 8.15000021248125E-05
         vertex -4.31364460382611E-05 -2.2413794795284E-05 8.15000021248125E-05
         vertex -4.39440809714142E-05 -2.39126984524773E-05 8.15000021248125E-05
      endloop
   endfacet
   facet normal 0 0 1
      outer loop
         vertex -4.39440809714142E-05 -2.39126984524773E-05 8.15000021248125E-05
         vertex -4.31364460382611E-05 -2.2413794795284E-05 8.15000021248125E-05
         vertex -4.61068120785058E-05 -1.94217391253915E-05 8.15000021248125E-05
      endloop
   endfacet
   facet normal 0 0 1
      outer loop
         vertex -1.89985166798579E-05 -2.2413794795284E-05 8.15000021248125E-05
         vertex -1.55502420966513E-05 -2.2413794795284E-05 8.15000021248125E-05
         vertex -1.89985166798579E-05 -1.89655183930881E-05 8.15000021248125E-05
      endloop
   endfacet
   facet normal 0 0 1
      outer loop
         vertex -1.89985166798579E-05 -1.89655183930881E-05 8.15000021248125E-05
         vertex -1.55502420966513E-05 -2.2413794795284E-05 8.15000021248125E-05
         vertex -1.55502420966513E-05 -1.89655183930881E-05 8.15000021248125E-05
      endloop
   endfacet
   facet normal 0 0 1
      outer loop
         vertex -1.89985166798579E-05 -1.89655183930881E-05 8.15000021248125E-05
         vertex -1.55502420966513E-05 -1.89655183930881E-05 8.15000021248125E-05
         vertex -1.89985166798579E-05 -1.55172419908922E-05 8.15000021248125E-05
      endloop
   endfacet
   facet normal 0 0 1
      outer loop
         vertex -1.89985166798579E-05 -1.55172419908922E-05 8.15000021248125E-05
         vertex -1.55502420966513E-05 -1.89655183930881E-05 8.15000021248125E-05
         vertex -1.55502420966513E-05 -1.55172419908922E-05 8.15000021248125E-05
      endloop
   endfacet
   facet normal 0 0 1
      outer loop
         vertex -1.89985166798579E-05 -1.55172419908922E-05 8.15000021248125E-05
         vertex -1.55502420966513E-05 -1.55172419908922E-05 8.15000021248125E-05
         vertex -1.89985166798579E-05 -1.20689655886963E-05 8.15000021248125E-05
      endloop
   endfacet
   facet normal 0 0 1
      outer loop
         vertex -1.89985166798579E-05 -1.20689655886963E-05 8.15000021248125E-05
         vertex -1.55502420966513E-05 -1.55172419908922E-05 8.15000021248125E-05
         vertex -1.55502420966513E-05 -1.20689655886963E-05 8.15000021248125E-05
      endloop
   endfacet
   facet normal 0 0 1
      outer loop
         vertex -1.89985166798579E-05 -1.20689655886963E-05 8.15000021248125E-05
         vertex -1.55502420966513E-05 -1.20689655886963E-05 8.15000021248125E-05
         vertex -1.89985166798579E-05 -8.62068918650039E-06 8.15000021248125E-05
      endloop
   endfacet
   facet normal 0 0 1
      outer loop
         vertex -1.89985166798579E-05 -8.62068918650039E-06 8.15000021248125E-05
         vertex -1.55502420966513E-05 -1.20689655886963E-05 8.15000021248125E-05
         vertex -1.55502420966513E-05 -8.62068918650039E-06 8.15000021248125E-05
      endloop
   endfacet
   facet normal 0 0 1
      outer loop
         vertex -1.89985166798579E-05 -8.62068918650039E-06 8.15000021248125E-05
         vertex -1.55502420966513E-05 -8.62068918650039E-06 8.15000021248125E-05
         vertex -1.89985166798579E-05 -5.17241369379917E-06 8.15000021248125E-05
      endloop
   endfacet
   facet normal 0 0 1
      outer loop
         vertex -1.89985166798579E-05 -5.17241369379917E-06 8.15000021248125E-05
         vertex -1.55502420966513E-05 -8.62068918650039E-06 8.15000021248125E-05
         vertex -1.55502420966513E-05 -5.17241369379917E-06 8.15000021248125E-05
      endloop
   endfacet
   facet normal 0 0 1
      outer loop
         vertex -1.89985166798579E-05 -5.17241369379917E-06 8.15000021248125E-05
         vertex -1.55502420966513E-05 -5.17241369379917E-06 8.15000021248125E-05
         vertex -1.89985166798579E-05 -1.72413797372428E-06 8.15000021248125E-05
      endloop
   endfacet
   facet normal 0 0 1
      outer loop
         vertex -1.89985166798579E-05 -1.72413797372428E-06 8.15000021248125E-05
         vertex -1.55502420966513E-05 -5.17241369379917E-06 8.15000021248125E-05
         vertex -1.55502420966513E-05 -1.72413797372428E-06 8.15000021248125E-05
      endloop
   endfacet
   facet normal 0 0 1
      outer loop
         vertex -1.89985166798579E-05 -1.72413797372428E-06 8.15000021248125E-05
         vertex -1.55502420966513E-05 -1.72413797372428E-06 8.15000021248125E-05
         vertex -1.89985166798579E-05 1.72413797372428E-06 8.15000021248125E-05
      endloop
   endfacet
   facet normal 0 0 1
      outer loop
         vertex -1.89985166798579E-05 1.72413797372428E-06 8.15000021248125E-05
         vertex -1.55502420966513E-05 -1.72413797372428E-06 8.15000021248125E-05
         vertex -1.55502420966513E-05 1.72413797372428E-06 8.15000021248125E-05
      endloop
   endfacet
   facet normal 0 0 1
      outer loop
         vertex -1.89985166798579E-05 1.72413797372428E-06 8.15000021248125E-05
         vertex -1.55502420966513E-05 1.72413797372428E-06 8.15000021248125E-05
         vertex -1.89985166798579E-05 5.17241369379917E-06 8.15000021248125E-05
      endloop
   endfacet
   facet normal 0 0 1
      outer loop
         vertex -1.89985166798579E-05 5.17241369379917E-06 8.15000021248125E-05
         vertex -1.55502420966513E-05 1.72413797372428E-06 8.15000021248125E-05
         vertex -1.55502420966513E-05 5.17241369379917E-06 8.15000021248125E-05
      endloop
   endfacet
   facet normal 0 0 1
      outer loop
         vertex -1.89985166798579E-05 5.17241369379917E-06 8.15000021248125E-05
         vertex -1.55502420966513E-05 5.17241369379917E-06 8.15000021248125E-05
         vertex -1.89985166798579E-05 8.62068918650039E-06 8.15000021248125E-05
      endloop
   endfacet
   facet normal 0 0 1
      outer loop
         vertex -1.89985166798579E-05 8.62068918650039E-06 8.15000021248125E-05
         vertex -1.55502420966513E-05 5.17241369379917E-06 8.15000021248125E-05
         vertex -1.55502420966513E-05 8.62068918650039E-06 8.15000021248125E-05
      endloop
   endfacet
   facet normal 0 0 1
      outer loop
         vertex -1.89985166798579E-05 8.62068918650039E-06 8.15000021248125E-05
         vertex -1.55502420966513E-05 8.62068918650039E-06 8.15000021248125E-05
         vertex -1.89985166798579E-05 1.20689655886963E-05 8.15000021248125E-05
      endloop
   endfacet
   facet normal 0 0 1
      outer loop
         vertex -1.89985166798579E-05 1.20689655886963E-05 8.15000021248125E-05
         vertex -1.55502420966513E-05 8.62068918650039E-06 8.15000021248125E-05
         vertex -1.55502420966513E-05 1.20689655886963E-05 8.15000021248125E-05
      endloop
   endfacet
   facet normal 0 0 1
      outer loop
         vertex -1.89985166798579E-05 1.20689655886963E-05 8.15000021248125E-05
         vertex -1.55502420966513E-05 1.20689655886963E-05 8.15000021248125E-05
         vertex -1.89985166798579E-05 1.55172419908922E-05 8.15000021248125E-05
      endloop
   endfacet
   facet normal 0 0 1
      outer loop
         vertex -1.89985166798579E-05 1.55172419908922E-05 8.15000021248125E-05
         vertex -1.55502420966513E-05 1.20689655886963E-05 8.15000021248125E-05
         vertex -1.55502420966513E-05 1.55172419908922E-05 8.15000021248125E-05
      endloop
   endfacet
   facet normal 0 0 1
      outer loop
         vertex -1.89985166798579E-05 1.55172419908922E-05 8.15000021248125E-05
         vertex -1.55502420966513E-05 1.55172419908922E-05 8.15000021248125E-05
         vertex -1.89985166798579E-05 1.89655183930881E-05 8.15000021248125E-05
      endloop
   endfacet
   facet normal 0 0 1
      outer loop
         vertex -1.89985166798579E-05 1.89655183930881E-05 8.15000021248125E-05
         vertex -1.55502420966513E-05 1.55172419908922E-05 8.15000021248125E-05
         vertex -1.55502420966513E-05 1.89655183930881E-05 8.15000021248125E-05
      endloop
   endfacet
   facet normal 0 0 1
      outer loop
         vertex -1.89985166798579E-05 1.89655183930881E-05 8.15000021248125E-05
         vertex -1.55502420966513E-05 1.89655183930881E-05 8.15000021248125E-05
         vertex -1.89985166798579E-05 2.2413794795284E-05 8.15000021248125E-05
      endloop
   endfacet
   facet normal 0 0 1
      outer loop
         vertex -1.89985166798579E-05 2.2413794795284E-05 8.15000021248125E-05
         vertex -1.55502420966513E-05 1.89655183930881E-05 8.15000021248125E-05
         vertex -1.55502420966513E-05 2.2413794795284E-05 8.15000021248125E-05
      endloop
   endfacet
   facet normal 0 0 1
      outer loop
         vertex -1.89985166798579E-05 2.2413794795284E-05 8.15000021248125E-05
         vertex -1.55502420966513E-05 2.2413794795284E-05 8.15000021248125E-05
         vertex -1.89985166798579E-05 2.58620693784906E-05 8.15000021248125E-05
      endloop
   endfacet
   facet normal 0 0 1
      outer loop
         vertex -1.89985166798579E-05 2.58620693784906E-05 8.15000021248125E-05
         vertex -1.55502420966513E-05 2.2413794795284E-05 8.15000021248125E-05
         vertex -1.55502420966513E-05 2.58620693784906E-05 8.15000021248125E-05
      endloop
   endfacet
   facet normal 0 0 1
      outer loop
         vertex -1.89985166798579E-05 2.58620693784906E-05 8.15000021248125E-05
         vertex -1.55502420966513E-05 2.58620693784906E-05 8.15000021248125E-05
         vertex -1.89985166798579E-05 2.93103457806865E-05 8.15000021248125E-05
      endloop
   endfacet
   facet normal 0 0 1
      outer loop
         vertex -1.89985166798579E-05 2.93103457806865E-05 8.15000021248125E-05
         vertex -1.55502420966513E-05 2.58620693784906E-05 8.15000021248125E-05
         vertex -1.55502420966513E-05 2.93103457806865E-05 8.15000021248125E-05
      endloop
   endfacet
   facet normal 0 0 1
      outer loop
         vertex -1.89985166798579E-05 2.93103457806865E-05 8.15000021248125E-05
         vertex -1.55502420966513E-05 2.93103457806865E-05 8.15000021248125E-05
         vertex -1.89985166798579E-05 3.2758620363893E-05 8.15000021248125E-05
      endloop
   endfacet
   facet normal 0 0 1
      outer loop
         vertex -1.89985166798579E-05 3.2758620363893E-05 8.15000021248125E-05
         vertex -1.55502420966513E-05 2.93103457806865E-05 8.15000021248125E-05
         vertex -1.55502420966513E-05 3.2758620363893E-05 8.15000021248125E-05
      endloop
   endfacet
   facet normal 0 0 1
      outer loop
         vertex -1.89985166798579E-05 3.2758620363893E-05 8.15000021248125E-05
         vertex -1.55502420966513E-05 3.2758620363893E-05 8.15000021248125E-05
         vertex -1.89985166798579E-05 3.62068967660889E-05 8.15000021248125E-05
      endloop
   endfacet
   facet normal 0 0 1
      outer loop
         vertex -1.89985166798579E-05 3.62068967660889E-05 8.15000021248125E-05
         vertex -1.55502420966513E-05 3.2758620363893E-05 8.15000021248125E-05
         vertex -1.55502420966513E-05 3.62068967660889E-05 8.15000021248125E-05
      endloop
   endfacet
   facet normal 0 0 1
      outer loop
         vertex -1.89985166798579E-05 3.62068967660889E-05 8.15000021248125E-05
         vertex -1.55502420966513E-05 3.62068967660889E-05 8.15000021248125E-05
         vertex -1.89985166798579E-05 3.9655169530306E-05 8.15000021248125E-05
      endloop
   endfacet
   facet normal 0 0 1
      outer loop
         vertex -1.89985166798579E-05 3.9655169530306E-05 8.15000021248125E-05
         vertex -1.55502420966513E-05 3.62068967660889E-05 8.15000021248125E-05
         vertex -1.55502420966513E-05 3.9655169530306E-05 8.15000021248125E-05
      endloop
   endfacet
   facet normal 0 0 1
      outer loop
         vertex -1.89985166798579E-05 3.9655169530306E-05 8.15000021248125E-05
         vertex -1.55502420966513E-05 3.9655169530306E-05 8.15000021248125E-05
         vertex -1.89985166798579E-05 4.31034495704807E-05 8.15000021248125E-05
      endloop
   endfacet
   facet normal 0 0 1
      outer loop
         vertex -1.89985166798579E-05 4.31034495704807E-05 8.15000021248125E-05
         vertex -1.55502420966513E-05 3.9655169530306E-05 8.15000021248125E-05
         vertex -1.55502420966513E-05 4.31034495704807E-05 8.15000021248125E-05
      endloop
   endfacet
   facet normal 0 0 1
      outer loop
         vertex -1.89985166798579E-05 4.31034495704807E-05 8.15000021248125E-05
         vertex -1.55502420966513E-05 4.31034495704807E-05 8.15000021248125E-05
         vertex -1.83000502147479E-05 4.6543686039513E-05 8.15000021248125E-05
      endloop
   endfacet
   facet normal 0 0 1
      outer loop
         vertex -1.83000502147479E-05 4.6543686039513E-05 8.15000021248125E-05
         vertex -1.55502420966513E-05 4.31034495704807E-05 8.15000021248125E-05
         vertex -1.55502420966513E-05 4.65517223346978E-05 8.15000021248125E-05
      endloop
   endfacet
   facet normal 0 0 1
      outer loop
         vertex -1.83000502147479E-05 4.6543686039513E-05 8.15000021248125E-05
         vertex -1.55502420966513E-05 4.65517223346978E-05 8.15000021248125E-05
         vertex -1.35750233312137E-05 4.81312126794364E-05 8.15000021248125E-05
      endloop
   endfacet
   facet normal 0 0 1
      outer loop
         vertex -1.35750233312137E-05 4.81312126794364E-05 8.15000021248125E-05
         vertex -1.55502420966513E-05 4.65517223346978E-05 8.15000021248125E-05
         vertex -1.21019656944554E-05 4.65517223346978E-05 8.15000021248125E-05
      endloop
   endfacet
   facet normal 0 0 1
      outer loop
         vertex -1.35750233312137E-05 4.81312126794364E-05 8.15000021248125E-05
         vertex -1.21019656944554E-05 4.65517223346978E-05 8.15000021248125E-05
         vertex -8.71540851221653E-06 4.9240388761973E-05 8.15000021248125E-05
      endloop
   endfacet
   facet normal 0 0 1
      outer loop
         vertex -8.71540851221653E-06 4.9240388761973E-05 8.15000021248125E-05
         vertex -1.21019656944554E-05 4.65517223346978E-05 8.15000021248125E-05
         vertex -8.65369020175422E-06 4.65517223346978E-05 8.15000021248125E-05
      endloop
   endfacet
   facet normal 0 0 1
      outer loop
         vertex -8.71540851221653E-06 4.9240388761973E-05 8.15000021248125E-05
         vertex -8.65369020175422E-06 4.65517223346978E-05 8.15000021248125E-05
         vertex -5.2054137995583E-06 4.65517223346978E-05 8.15000021248125E-05
      endloop
   endfacet
   facet normal 0 0 1
      outer loop
         vertex -5.2054137995583E-06 4.65517223346978E-05 8.15000021248125E-05
         vertex -8.65369020175422E-06 4.65517223346978E-05 8.15000021248125E-05
         vertex -5.2054137995583E-06 4.31034495704807E-05 8.15000021248125E-05
      endloop
   endfacet
   facet normal 0 0 1
      outer loop
         vertex -5.2054137995583E-06 4.65517223346978E-05 8.15000021248125E-05
         vertex -5.2054137995583E-06 4.31034495704807E-05 8.15000021248125E-05
         vertex -1.75713796579657E-06 4.31034495704807E-05 8.15000021248125E-05
      endloop
   endfacet
   facet normal 0 0 1
      outer loop
         vertex -1.75713796579657E-06 4.31034495704807E-05 8.15000021248125E-05
         vertex -5.2054137995583E-06 4.31034495704807E-05 8.15000021248125E-05
         vertex -1.75713796579657E-06 3.9655169530306E-05 8.15000021248125E-05
      endloop
   endfacet
   facet normal 0 0 1
      outer loop
         vertex -1.75713796579657E-06 4.31034495704807E-05 8.15000021248125E-05
         vertex -1.75713796579657E-06 3.9655169530306E-05 8.15000021248125E-05
         vertex 1.69113786796515E-06 3.9655169530306E-05 8.15000021248125E-05
      endloop
   endfacet
   facet normal 0 0 1
      outer loop
         vertex 1.69113786796515E-06 3.9655169530306E-05 8.15000021248125E-05
         vertex -1.75713796579657E-06 3.9655169530306E-05 8.15000021248125E-05
         vertex 1.69113786796515E-06 3.62068967660889E-05 8.15000021248125E-05
      endloop
   endfacet
   facet normal 0 0 1
      outer loop
         vertex 1.69113786796515E-06 3.9655169530306E-05 8.15000021248125E-05
         vertex 1.69113786796515E-06 3.62068967660889E-05 8.15000021248125E-05
         vertex 5.13941358804004E-06 3.62068967660889E-05 8.15000021248125E-05
      endloop
   endfacet
   facet normal 0 0 1
      outer loop
         vertex 5.13941358804004E-06 3.62068967660889E-05 8.15000021248125E-05
         vertex 1.69113786796515E-06 3.62068967660889E-05 8.15000021248125E-05
         vertex 5.13941358804004E-06 3.2758620363893E-05 8.15000021248125E-05
      endloop
   endfacet
   facet normal 0 0 1
      outer loop
         vertex 5.13941358804004E-06 3.62068967660889E-05 8.15000021248125E-05
         vertex 5.13941358804004E-06 3.2758620363893E-05 8.15000021248125E-05
         vertex 8.58768999023596E-06 3.2758620363893E-05 8.15000021248125E-05
      endloop
   endfacet
   facet normal 0 0 1
      outer loop
         vertex 8.58768999023596E-06 3.2758620363893E-05 8.15000021248125E-05
         vertex 5.13941358804004E-06 3.2758620363893E-05 8.15000021248125E-05
         vertex 8.58768999023596E-06 2.93103457806865E-05 8.15000021248125E-05
      endloop
   endfacet
   facet normal 0 0 1
      outer loop
         vertex 8.58768999023596E-06 3.2758620363893E-05 8.15000021248125E-05
         vertex 8.58768999023596E-06 2.93103457806865E-05 8.15000021248125E-05
         vertex 1.20359654829372E-05 2.93103457806865E-05 8.15000021248125E-05
      endloop
   endfacet
   facet normal 0 0 1
      outer loop
         vertex 1.20359654829372E-05 2.93103457806865E-05 8.15000021248125E-05
         vertex 8.58768999023596E-06 2.93103457806865E-05 8.15000021248125E-05
         vertex 1.20359654829372E-05 2.58620693784906E-05 8.15000021248125E-05
      endloop
   endfacet
   facet normal 0 0 1
      outer loop
         vertex 1.20359654829372E-05 2.93103457806865E-05 8.15000021248125E-05
         vertex 1.20359654829372E-05 2.58620693784906E-05 8.15000021248125E-05
         vertex 1.54842418851331E-05 2.58620693784906E-05 8.15000021248125E-05
      endloop
   endfacet
   facet normal 0 0 1
      outer loop
         vertex 1.54842418851331E-05 2.58620693784906E-05 8.15000021248125E-05
         vertex 1.20359654829372E-05 2.58620693784906E-05 8.15000021248125E-05
         vertex 1.54842418851331E-05 2.2413794795284E-05 8.15000021248125E-05
      endloop
   endfacet
   facet normal 0 0 1
      outer loop
         vertex 1.54842418851331E-05 2.58620693784906E-05 8.15000021248125E-05
         vertex 1.54842418851331E-05 2.2413794795284E-05 8.15000021248125E-05
         vertex 1.8932518287329E-05 2.2413794795284E-05 8.15000021248125E-05
      endloop
   endfacet
   facet normal 0 0 1
      outer loop
         vertex 1.8932518287329E-05 2.2413794795284E-05 8.15000021248125E-05
         vertex 1.54842418851331E-05 2.2413794795284E-05 8.15000021248125E-05
         vertex 1.8932518287329E-05 1.89655183930881E-05 8.15000021248125E-05
      endloop
   endfacet
   facet normal 0 0 1
      outer loop
         vertex 1.8932518287329E-05 2.2413794795284E-05 8.15000021248125E-05
         vertex 1.8932518287329E-05 1.89655183930881E-05 8.15000021248125E-05
         vertex 2.23807928705355E-05 1.89655183930881E-05 8.15000021248125E-05
      endloop
   endfacet
   facet normal 0 0 1
      outer loop
         vertex 2.23807928705355E-05 1.89655183930881E-05 8.15000021248125E-05
         vertex 1.8932518287329E-05 1.89655183930881E-05 8.15000021248125E-05
         vertex 2.23807928705355E-05 1.55172419908922E-05 8.15000021248125E-05
      endloop
   endfacet
   facet normal 0 0 1
      outer loop
         vertex 2.23807928705355E-05 1.89655183930881E-05 8.15000021248125E-05
         vertex 2.23807928705355E-05 1.55172419908922E-05 8.15000021248125E-05
         vertex 2.58290692727314E-05 1.55172419908922E-05 8.15000021248125E-05
      endloop
   endfacet
   facet normal 0 0 1
      outer loop
         vertex 2.58290692727314E-05 1.55172419908922E-05 8.15000021248125E-05
         vertex 2.23807928705355E-05 1.55172419908922E-05 8.15000021248125E-05
         vertex 2.58290692727314E-05 1.20689655886963E-05 8.15000021248125E-05
      endloop
   endfacet
   facet normal 0 0 1
      outer loop
         vertex 2.58290692727314E-05 1.55172419908922E-05 8.15000021248125E-05
         vertex 2.58290692727314E-05 1.20689655886963E-05 8.15000021248125E-05
         vertex 2.92773456749273E-05 1.20689655886963E-05 8.15000021248125E-05
      endloop
   endfacet
   facet normal 0 0 1
      outer loop
         vertex 2.92773456749273E-05 1.20689655886963E-05 8.15000021248125E-05
         vertex 2.58290692727314E-05 1.20689655886963E-05 8.15000021248125E-05
         vertex 2.92773456749273E-05 8.62068918650039E-06 8.15000021248125E-05
      endloop
   endfacet
   facet normal 0 0 1
      outer loop
         vertex 2.92773456749273E-05 1.20689655886963E-05 8.15000021248125E-05
         vertex 2.92773456749273E-05 8.62068918650039E-06 8.15000021248125E-05
         vertex 3.27256202581339E-05 8.62068918650039E-06 8.15000021248125E-05
      endloop
   endfacet
   facet normal 0 0 1
      outer loop
         vertex 3.27256202581339E-05 8.62068918650039E-06 8.15000021248125E-05
         vertex 2.92773456749273E-05 8.62068918650039E-06 8.15000021248125E-05
         vertex 3.27256202581339E-05 5.17241369379917E-06 8.15000021248125E-05
      endloop
   endfacet
   facet normal 0 0 1
      outer loop
         vertex 3.27256202581339E-05 8.62068918650039E-06 8.15000021248125E-05
         vertex 3.27256202581339E-05 5.17241369379917E-06 8.15000021248125E-05
         vertex 3.61738966603298E-05 5.17241369379917E-06 8.15000021248125E-05
      endloop
   endfacet
   facet normal 0 0 1
      outer loop
         vertex 3.61738966603298E-05 5.17241369379917E-06 8.15000021248125E-05
         vertex 3.27256202581339E-05 5.17241369379917E-06 8.15000021248125E-05
         vertex 3.61738966603298E-05 1.72413797372428E-06 8.15000021248125E-05
      endloop
   endfacet
   facet normal 0 0 1
      outer loop
         vertex 3.61738966603298E-05 5.17241369379917E-06 8.15000021248125E-05
         vertex 3.61738966603298E-05 1.72413797372428E-06 8.15000021248125E-05
         vertex 3.96221730625257E-05 1.72413797372428E-06 8.15000021248125E-05
      endloop
   endfacet
   facet normal 0 0 1
      outer loop
         vertex 3.96221730625257E-05 1.72413797372428E-06 8.15000021248125E-05
         vertex 3.61738966603298E-05 1.72413797372428E-06 8.15000021248125E-05
         vertex 3.96221730625257E-05 -1.72413797372428E-06 8.15000021248125E-05
      endloop
   endfacet
   facet normal 0 0 1
      outer loop
         vertex 3.96221730625257E-05 1.72413797372428E-06 8.15000021248125E-05
         vertex 3.96221730625257E-05 -1.72413797372428E-06 8.15000021248125E-05
         vertex 4.30704458267428E-05 -1.72413797372428E-06 8.15000021248125E-05
      endloop
   endfacet
   facet normal 0 0 1
      outer loop
         vertex 4.30704458267428E-05 -1.72413797372428E-06 8.15000021248125E-05
         vertex 3.96221730625257E-05 -1.72413797372428E-06 8.15000021248125E-05
         vertex 4.30704458267428E-05 -5.17241369379917E-06 8.15000021248125E-05
      endloop
   endfacet
   facet normal 0 0 1
      outer loop
         vertex -3.27916204696521E-05 -2.2413794795284E-05 8.15000021248125E-05
         vertex -2.93433440674562E-05 -2.2413794795284E-05 8.15000021248125E-05
         vertex -3.27916204696521E-05 -1.89655183930881E-05 8.15000021248125E-05
      endloop
   endfacet
   facet normal 0 0 1
      outer loop
         vertex -3.27916204696521E-05 -1.89655183930881E-05 8.15000021248125E-05
         vertex -2.93433440674562E-05 -2.2413794795284E-05 8.15000021248125E-05
         vertex -2.93433440674562E-05 -1.89655183930881E-05 8.15000021248125E-05
      endloop
   endfacet
   facet normal 0 0 1
      outer loop
         vertex -3.27916204696521E-05 -1.89655183930881E-05 8.15000021248125E-05
         vertex -2.93433440674562E-05 -1.89655183930881E-05 8.15000021248125E-05
         vertex -3.27916204696521E-05 -1.55172419908922E-05 8.15000021248125E-05
      endloop
   endfacet
   facet normal 0 0 1
      outer loop
         vertex -3.27916204696521E-05 -1.55172419908922E-05 8.15000021248125E-05
         vertex -2.93433440674562E-05 -1.89655183930881E-05 8.15000021248125E-05
         vertex -2.93433440674562E-05 -1.55172419908922E-05 8.15000021248125E-05
      endloop
   endfacet
   facet normal 0 0 1
      outer loop
         vertex -3.27916204696521E-05 -1.55172419908922E-05 8.15000021248125E-05
         vertex -2.93433440674562E-05 -1.55172419908922E-05 8.15000021248125E-05
         vertex -3.27916204696521E-05 -1.20689655886963E-05 8.15000021248125E-05
      endloop
   endfacet
   facet normal 0 0 1
      outer loop
         vertex -3.27916204696521E-05 -1.20689655886963E-05 8.15000021248125E-05
         vertex -2.93433440674562E-05 -1.55172419908922E-05 8.15000021248125E-05
         vertex -2.93433440674562E-05 -1.20689655886963E-05 8.15000021248125E-05
      endloop
   endfacet
   facet normal 0 0 1
      outer loop
         vertex -3.27916204696521E-05 -1.20689655886963E-05 8.15000021248125E-05
         vertex -2.93433440674562E-05 -1.20689655886963E-05 8.15000021248125E-05
         vertex -3.27916204696521E-05 -8.62068918650039E-06 8.15000021248125E-05
      endloop
   endfacet
   facet normal 0 0 1
      outer loop
         vertex -3.27916204696521E-05 -8.62068918650039E-06 8.15000021248125E-05
         vertex -2.93433440674562E-05 -1.20689655886963E-05 8.15000021248125E-05
         vertex -2.93433440674562E-05 -8.62068918650039E-06 8.15000021248125E-05
      endloop
   endfacet
   facet normal 0 0 1
      outer loop
         vertex -3.27916204696521E-05 -8.62068918650039E-06 8.15000021248125E-05
         vertex -2.93433440674562E-05 -8.62068918650039E-06 8.15000021248125E-05
         vertex -3.27916204696521E-05 -5.17241369379917E-06 8.15000021248125E-05
      endloop
   endfacet
   facet normal 0 0 1
      outer loop
         vertex -3.27916204696521E-05 -5.17241369379917E-06 8.15000021248125E-05
         vertex -2.93433440674562E-05 -8.62068918650039E-06 8.15000021248125E-05
         vertex -2.93433440674562E-05 -5.17241369379917E-06 8.15000021248125E-05
      endloop
   endfacet
   facet normal 0 0 1
      outer loop
         vertex -3.27916204696521E-05 -5.17241369379917E-06 8.15000021248125E-05
         vertex -2.93433440674562E-05 -5.17241369379917E-06 8.15000021248125E-05
         vertex -3.27916204696521E-05 -1.72413797372428E-06 8.15000021248125E-05
      endloop
   endfacet
   facet normal 0 0 1
      outer loop
         vertex -3.27916204696521E-05 -1.72413797372428E-06 8.15000021248125E-05
         vertex -2.93433440674562E-05 -5.17241369379917E-06 8.15000021248125E-05
         vertex -2.93433440674562E-05 -1.72413797372428E-06 8.15000021248125E-05
      endloop
   endfacet
   facet normal 0 0 1
      outer loop
         vertex -3.27916204696521E-05 -1.72413797372428E-06 8.15000021248125E-05
         vertex -2.93433440674562E-05 -1.72413797372428E-06 8.15000021248125E-05
         vertex -3.27916204696521E-05 1.72413797372428E-06 8.15000021248125E-05
      endloop
   endfacet
   facet normal 0 0 1
      outer loop
         vertex -3.27916204696521E-05 1.72413797372428E-06 8.15000021248125E-05
         vertex -2.93433440674562E-05 -1.72413797372428E-06 8.15000021248125E-05
         vertex -2.93433440674562E-05 1.72413797372428E-06 8.15000021248125E-05
      endloop
   endfacet
   facet normal 0 0 1
      outer loop
         vertex -3.27916204696521E-05 1.72413797372428E-06 8.15000021248125E-05
         vertex -2.93433440674562E-05 1.72413797372428E-06 8.15000021248125E-05
         vertex -3.27916204696521E-05 5.17241369379917E-06 8.15000021248125E-05
      endloop
   endfacet
   facet normal 0 0 1
      outer loop
         vertex -3.27916204696521E-05 5.17241369379917E-06 8.15000021248125E-05
         vertex -2.93433440674562E-05 1.72413797372428E-06 8.15000021248125E-05
         vertex -2.93433440674562E-05 5.17241369379917E-06 8.15000021248125E-05
      endloop
   endfacet
   facet normal 0 0 1
      outer loop
         vertex -3.27916204696521E-05 5.17241369379917E-06 8.15000021248125E-05
         vertex -2.93433440674562E-05 5.17241369379917E-06 8.15000021248125E-05
         vertex -3.27916204696521E-05 8.62068918650039E-06 8.15000021248125E-05
      endloop
   endfacet
   facet normal 0 0 1
      outer loop
         vertex -3.27916204696521E-05 8.62068918650039E-06 8.15000021248125E-05
         vertex -2.93433440674562E-05 5.17241369379917E-06 8.15000021248125E-05
         vertex -2.93433440674562E-05 8.62068918650039E-06 8.15000021248125E-05
      endloop
   endfacet
   facet normal 0 0 1
      outer loop
         vertex -3.27916204696521E-05 8.62068918650039E-06 8.15000021248125E-05
         vertex -2.93433440674562E-05 8.62068918650039E-06 8.15000021248125E-05
         vertex -3.27916204696521E-05 1.20689655886963E-05 8.15000021248125E-05
      endloop
   endfacet
   facet normal 0 0 1
      outer loop
         vertex -3.27916204696521E-05 1.20689655886963E-05 8.15000021248125E-05
         vertex -2.93433440674562E-05 8.62068918650039E-06 8.15000021248125E-05
         vertex -2.93433440674562E-05 1.20689655886963E-05 8.15000021248125E-05
      endloop
   endfacet
   facet normal 0 0 1
      outer loop
         vertex -3.27916204696521E-05 1.20689655886963E-05 8.15000021248125E-05
         vertex -2.93433440674562E-05 1.20689655886963E-05 8.15000021248125E-05
         vertex -3.27916204696521E-05 1.55172419908922E-05 8.15000021248125E-05
      endloop
   endfacet
   facet normal 0 0 1
      outer loop
         vertex -3.27916204696521E-05 1.55172419908922E-05 8.15000021248125E-05
         vertex -2.93433440674562E-05 1.20689655886963E-05 8.15000021248125E-05
         vertex -2.93433440674562E-05 1.55172419908922E-05 8.15000021248125E-05
      endloop
   endfacet
   facet normal 0 0 1
      outer loop
         vertex -3.27916204696521E-05 1.55172419908922E-05 8.15000021248125E-05
         vertex -2.93433440674562E-05 1.55172419908922E-05 8.15000021248125E-05
         vertex -3.27916204696521E-05 1.89655183930881E-05 8.15000021248125E-05
      endloop
   endfacet
   facet normal 0 0 1
      outer loop
         vertex -3.27916204696521E-05 1.89655183930881E-05 8.15000021248125E-05
         vertex -2.93433440674562E-05 1.55172419908922E-05 8.15000021248125E-05
         vertex -2.93433440674562E-05 1.89655183930881E-05 8.15000021248125E-05
      endloop
   endfacet
   facet normal 0 0 1
      outer loop
         vertex -3.27916204696521E-05 1.89655183930881E-05 8.15000021248125E-05
         vertex -2.93433440674562E-05 1.89655183930881E-05 8.15000021248125E-05
         vertex -3.27916204696521E-05 2.2413794795284E-05 8.15000021248125E-05
      endloop
   endfacet
   facet normal 0 0 1
      outer loop
         vertex -3.27916204696521E-05 2.2413794795284E-05 8.15000021248125E-05
         vertex -2.93433440674562E-05 1.89655183930881E-05 8.15000021248125E-05
         vertex -2.93433440674562E-05 2.2413794795284E-05 8.15000021248125E-05
      endloop
   endfacet
   facet normal 0 0 1
      outer loop
         vertex -3.27916204696521E-05 2.2413794795284E-05 8.15000021248125E-05
         vertex -2.93433440674562E-05 2.2413794795284E-05 8.15000021248125E-05
         vertex -3.27916204696521E-05 2.58620693784906E-05 8.15000021248125E-05
      endloop
   endfacet
   facet normal 0 0 1
      outer loop
         vertex -3.27916204696521E-05 2.58620693784906E-05 8.15000021248125E-05
         vertex -2.93433440674562E-05 2.2413794795284E-05 8.15000021248125E-05
         vertex -2.93433440674562E-05 2.58620693784906E-05 8.15000021248125E-05
      endloop
   endfacet
   facet normal 0 0 1
      outer loop
         vertex -3.27916204696521E-05 2.58620693784906E-05 8.15000021248125E-05
         vertex -2.93433440674562E-05 2.58620693784906E-05 8.15000021248125E-05
         vertex -3.27916204696521E-05 2.93103457806865E-05 8.15000021248125E-05
      endloop
   endfacet
   facet normal 0 0 1
      outer loop
         vertex -3.27916204696521E-05 2.93103457806865E-05 8.15000021248125E-05
         vertex -2.93433440674562E-05 2.58620693784906E-05 8.15000021248125E-05
         vertex -2.93433440674562E-05 2.93103457806865E-05 8.15000021248125E-05
      endloop
   endfacet
   facet normal 0 0 1
      outer loop
         vertex -3.27916204696521E-05 2.93103457806865E-05 8.15000021248125E-05
         vertex -2.93433440674562E-05 2.93103457806865E-05 8.15000021248125E-05
         vertex -3.27916204696521E-05 3.2758620363893E-05 8.15000021248125E-05
      endloop
   endfacet
   facet normal 0 0 1
      outer loop
         vertex -3.27916204696521E-05 3.2758620363893E-05 8.15000021248125E-05
         vertex -2.93433440674562E-05 2.93103457806865E-05 8.15000021248125E-05
         vertex -2.93433440674562E-05 3.2758620363893E-05 8.15000021248125E-05
      endloop
   endfacet
   facet normal 0 0 1
      outer loop
         vertex -3.27916204696521E-05 3.2758620363893E-05 8.15000021248125E-05
         vertex -2.93433440674562E-05 3.2758620363893E-05 8.15000021248125E-05
         vertex -3.27916204696521E-05 3.62068967660889E-05 8.15000021248125E-05
      endloop
   endfacet
   facet normal 0 0 1
      outer loop
         vertex -3.27916204696521E-05 3.62068967660889E-05 8.15000021248125E-05
         vertex -2.93433440674562E-05 3.2758620363893E-05 8.15000021248125E-05
         vertex -2.93433440674562E-05 3.62068967660889E-05 8.15000021248125E-05
      endloop
   endfacet
   facet normal 0 0 1
      outer loop
         vertex -3.27916204696521E-05 3.62068967660889E-05 8.15000021248125E-05
         vertex -2.93433440674562E-05 3.62068967660889E-05 8.15000021248125E-05
         vertex -3.12074917019345E-05 3.90915774914902E-05 8.15000021248125E-05
      endloop
   endfacet
   facet normal 0 0 1
      outer loop
         vertex -3.12074917019345E-05 3.90915774914902E-05 8.15000021248125E-05
         vertex -2.93433440674562E-05 3.62068967660889E-05 8.15000021248125E-05
         vertex -2.93433440674562E-05 3.9655169530306E-05 8.15000021248125E-05
      endloop
   endfacet
   facet normal 0 0 1
      outer loop
         vertex -3.12074917019345E-05 3.90915774914902E-05 8.15000021248125E-05
         vertex -2.93433440674562E-05 3.9655169530306E-05 8.15000021248125E-05
         vertex -2.71603130386211E-05 4.20012947870418E-05 8.15000021248125E-05
      endloop
   endfacet
   facet normal 0 0 1
      outer loop
         vertex -2.71603130386211E-05 4.20012947870418E-05 8.15000021248125E-05
         vertex -2.93433440674562E-05 3.9655169530306E-05 8.15000021248125E-05
         vertex -2.58950676652603E-05 3.9655169530306E-05 8.15000021248125E-05
      endloop
   endfacet
   facet normal 0 0 1
      outer loop
         vertex -2.71603130386211E-05 4.20012947870418E-05 8.15000021248125E-05
         vertex -2.58950676652603E-05 3.9655169530306E-05 8.15000021248125E-05
         vertex -2.24467930820538E-05 4.31034495704807E-05 8.15000021248125E-05
      endloop
   endfacet
   facet normal 0 0 1
      outer loop
         vertex -2.24467930820538E-05 4.31034495704807E-05 8.15000021248125E-05
         vertex -2.58950676652603E-05 3.9655169530306E-05 8.15000021248125E-05
         vertex -2.24467930820538E-05 3.9655169530306E-05 8.15000021248125E-05
      endloop
   endfacet
   facet normal 0 0 1
      outer loop
         vertex -2.24467930820538E-05 4.31034495704807E-05 8.15000021248125E-05
         vertex -2.24467930820538E-05 3.9655169530306E-05 8.15000021248125E-05
         vertex -1.89985166798579E-05 3.9655169530306E-05 8.15000021248125E-05
      endloop
   endfacet
   facet normal 0 0 1
      outer loop
         vertex -1.89985166798579E-05 3.9655169530306E-05 8.15000021248125E-05
         vertex -2.24467930820538E-05 3.9655169530306E-05 8.15000021248125E-05
         vertex -1.89985166798579E-05 3.62068967660889E-05 8.15000021248125E-05
      endloop
   endfacet
   facet normal 0 0 1
      outer loop
         vertex -3.12074917019345E-05 3.90915774914902E-05 8.15000021248125E-05
         vertex -3.49448382621631E-05 3.57933422492351E-05 8.15000021248125E-05
         vertex -3.27916204696521E-05 3.62068967660889E-05 8.15000021248125E-05
      endloop
   endfacet
   facet normal 0 0 1
      outer loop
         vertex -3.27916204696521E-05 3.62068967660889E-05 8.15000021248125E-05
         vertex -3.49448382621631E-05 3.57933422492351E-05 8.15000021248125E-05
         vertex -3.27916204696521E-05 3.2758620363893E-05 8.15000021248125E-05
      endloop
   endfacet
   facet normal 0 0 1
      outer loop
         vertex -3.27916204696521E-05 3.2758620363893E-05 8.15000021248125E-05
         vertex -3.49448382621631E-05 3.57933422492351E-05 8.15000021248125E-05
         vertex -3.6239896871848E-05 3.2758620363893E-05 8.15000021248125E-05
      endloop
   endfacet
   facet normal 0 0 1
      outer loop
         vertex -3.6239896871848E-05 3.2758620363893E-05 8.15000021248125E-05
         vertex -3.49448382621631E-05 3.57933422492351E-05 8.15000021248125E-05
         vertex -3.83352235076018E-05 3.21393781632651E-05 8.15000021248125E-05
      endloop
   endfacet
   facet normal 0 0 1
      outer loop
         vertex -3.6239896871848E-05 3.2758620363893E-05 8.15000021248125E-05
         vertex -3.83352235076018E-05 3.21393781632651E-05 8.15000021248125E-05
         vertex -3.6239896871848E-05 2.93103457806865E-05 8.15000021248125E-05
      endloop
   endfacet
   facet normal 0 0 1
      outer loop
         vertex -3.6239896871848E-05 2.93103457806865E-05 8.15000021248125E-05
         vertex -3.83352235076018E-05 3.21393781632651E-05 8.15000021248125E-05
         vertex -3.96881732740439E-05 2.93103457806865E-05 8.15000021248125E-05
      endloop
   endfacet
   facet normal 0 0 1
      outer loop
         vertex -3.6239896871848E-05 2.93103457806865E-05 8.15000021248125E-05
         vertex -3.96881732740439E-05 2.93103457806865E-05 8.15000021248125E-05
         vertex -3.6239896871848E-05 2.58620693784906E-05 8.15000021248125E-05
      endloop
   endfacet
   facet normal 0 0 1
      outer loop
         vertex -3.6239896871848E-05 2.58620693784906E-05 8.15000021248125E-05
         vertex -3.96881732740439E-05 2.93103457806865E-05 8.15000021248125E-05
         vertex -3.96881732740439E-05 2.58620693784906E-05 8.15000021248125E-05
      endloop
   endfacet
   facet normal 0 0 1
      outer loop
         vertex -3.6239896871848E-05 2.58620693784906E-05 8.15000021248125E-05
         vertex -3.96881732740439E-05 2.58620693784906E-05 8.15000021248125E-05
         vertex -3.6239896871848E-05 2.2413794795284E-05 8.15000021248125E-05
      endloop
   endfacet
   facet normal 0 0 1
      outer loop
         vertex -3.6239896871848E-05 2.2413794795284E-05 8.15000021248125E-05
         vertex -3.96881732740439E-05 2.58620693784906E-05 8.15000021248125E-05
         vertex -3.96881732740439E-05 2.2413794795284E-05 8.15000021248125E-05
      endloop
   endfacet
   facet normal 0 0 1
      outer loop
         vertex -3.6239896871848E-05 2.2413794795284E-05 8.15000021248125E-05
         vertex -3.96881732740439E-05 2.2413794795284E-05 8.15000021248125E-05
         vertex -3.6239896871848E-05 1.89655183930881E-05 8.15000021248125E-05
      endloop
   endfacet
   facet normal 0 0 1
      outer loop
         vertex -3.6239896871848E-05 1.89655183930881E-05 8.15000021248125E-05
         vertex -3.96881732740439E-05 2.2413794795284E-05 8.15000021248125E-05
         vertex -3.96881732740439E-05 1.89655183930881E-05 8.15000021248125E-05
      endloop
   endfacet
   facet normal 0 0 1
      outer loop
         vertex -3.6239896871848E-05 1.89655183930881E-05 8.15000021248125E-05
         vertex -3.96881732740439E-05 1.89655183930881E-05 8.15000021248125E-05
         vertex -3.6239896871848E-05 1.55172419908922E-05 8.15000021248125E-05
      endloop
   endfacet
   facet normal 0 0 1
      outer loop
         vertex -3.6239896871848E-05 1.55172419908922E-05 8.15000021248125E-05
         vertex -3.96881732740439E-05 1.89655183930881E-05 8.15000021248125E-05
         vertex -3.96881732740439E-05 1.55172419908922E-05 8.15000021248125E-05
      endloop
   endfacet
   facet normal 0 0 1
      outer loop
         vertex -3.6239896871848E-05 1.55172419908922E-05 8.15000021248125E-05
         vertex -3.96881732740439E-05 1.55172419908922E-05 8.15000021248125E-05
         vertex -3.6239896871848E-05 1.20689655886963E-05 8.15000021248125E-05
      endloop
   endfacet
   facet normal 0 0 1
      outer loop
         vertex -3.6239896871848E-05 1.20689655886963E-05 8.15000021248125E-05
         vertex -3.96881732740439E-05 1.55172419908922E-05 8.15000021248125E-05
         vertex -3.96881732740439E-05 1.20689655886963E-05 8.15000021248125E-05
      endloop
   endfacet
   facet normal 0 0 1
      outer loop
         vertex -3.6239896871848E-05 1.20689655886963E-05 8.15000021248125E-05
         vertex -3.96881732740439E-05 1.20689655886963E-05 8.15000021248125E-05
         vertex -3.6239896871848E-05 8.62068918650039E-06 8.15000021248125E-05
      endloop
   endfacet
   facet normal 0 0 1
      outer loop
         vertex -3.6239896871848E-05 8.62068918650039E-06 8.15000021248125E-05
         vertex -3.96881732740439E-05 1.20689655886963E-05 8.15000021248125E-05
         vertex -3.96881732740439E-05 8.62068918650039E-06 8.15000021248125E-05
      endloop
   endfacet
   facet normal 0 0 1
      outer loop
         vertex -3.6239896871848E-05 8.62068918650039E-06 8.15000021248125E-05
         vertex -3.96881732740439E-05 8.62068918650039E-06 8.15000021248125E-05
         vertex -3.6239896871848E-05 5.17241369379917E-06 8.15000021248125E-05
      endloop
   endfacet
   facet normal 0 0 1
      outer loop
         vertex -3.6239896871848E-05 5.17241369379917E-06 8.15000021248125E-05
         vertex -3.96881732740439E-05 8.62068918650039E-06 8.15000021248125E-05
         vertex -3.96881732740439E-05 5.17241369379917E-06 8.15000021248125E-05
      endloop
   endfacet
   facet normal 0 0 1
      outer loop
         vertex -3.6239896871848E-05 5.17241369379917E-06 8.15000021248125E-05
         vertex -3.96881732740439E-05 5.17241369379917E-06 8.15000021248125E-05
         vertex -3.6239896871848E-05 1.72413797372428E-06 8.15000021248125E-05
      endloop
   endfacet
   facet normal 0 0 1
      outer loop
         vertex -3.6239896871848E-05 1.72413797372428E-06 8.15000021248125E-05
         vertex -3.96881732740439E-05 5.17241369379917E-06 8.15000021248125E-05
         vertex -3.96881732740439E-05 1.72413797372428E-06 8.15000021248125E-05
      endloop
   endfacet
   facet normal 0 0 1
      outer loop
         vertex -3.6239896871848E-05 1.72413797372428E-06 8.15000021248125E-05
         vertex -3.96881732740439E-05 1.72413797372428E-06 8.15000021248125E-05
         vertex -3.6239896871848E-05 -1.72413797372428E-06 8.15000021248125E-05
      endloop
   endfacet
   facet normal 0 0 1
      outer loop
         vertex -3.6239896871848E-05 -1.72413797372428E-06 8.15000021248125E-05
         vertex -3.96881732740439E-05 1.72413797372428E-06 8.15000021248125E-05
         vertex -3.96881732740439E-05 -1.72413797372428E-06 8.15000021248125E-05
      endloop
   endfacet
   facet normal 0 0 1
      outer loop
         vertex -3.6239896871848E-05 -1.72413797372428E-06 8.15000021248125E-05
         vertex -3.96881732740439E-05 -1.72413797372428E-06 8.15000021248125E-05
         vertex -3.6239896871848E-05 -5.17241369379917E-06 8.15000021248125E-05
      endloop
   endfacet
   facet normal 0 0 1
      outer loop
         vertex -3.6239896871848E-05 -5.17241369379917E-06 8.15000021248125E-05
         vertex -3.96881732740439E-05 -1.72413797372428E-06 8.15000021248125E-05
         vertex -3.96881732740439E-05 -5.17241369379917E-06 8.15000021248125E-05
      endloop
   endfacet
   facet normal 0 0 1
      outer loop
         vertex -3.6239896871848E-05 -5.17241369379917E-06 8.15000021248125E-05
         vertex -3.96881732740439E-05 -5.17241369379917E-06 8.15000021248125E-05
         vertex -3.6239896871848E-05 -8.62068918650039E-06 8.15000021248125E-05
      endloop
   endfacet
   facet normal 0 0 1
      outer loop
         vertex -3.6239896871848E-05 -8.62068918650039E-06 8.15000021248125E-05
         vertex -3.96881732740439E-05 -5.17241369379917E-06 8.15000021248125E-05
         vertex -3.96881732740439E-05 -8.62068918650039E-06 8.15000021248125E-05
      endloop
   endfacet
   facet normal 0 0 1
      outer loop
         vertex -3.6239896871848E-05 -8.62068918650039E-06 8.15000021248125E-05
         vertex -3.96881732740439E-05 -8.62068918650039E-06 8.15000021248125E-05
         vertex -3.6239896871848E-05 -1.20689655886963E-05 8.15000021248125E-05
      endloop
   endfacet
   facet normal 0 0 1
      outer loop
         vertex -3.6239896871848E-05 -1.20689655886963E-05 8.15000021248125E-05
         vertex -3.96881732740439E-05 -8.62068918650039E-06 8.15000021248125E-05
         vertex -3.96881732740439E-05 -1.20689655886963E-05 8.15000021248125E-05
      endloop
   endfacet
   facet normal 0 0 1
      outer loop
         vertex -3.6239896871848E-05 -1.20689655886963E-05 8.15000021248125E-05
         vertex -3.96881732740439E-05 -1.20689655886963E-05 8.15000021248125E-05
         vertex -3.6239896871848E-05 -1.55172419908922E-05 8.15000021248125E-05
      endloop
   endfacet
   facet normal 0 0 1
      outer loop
         vertex -3.6239896871848E-05 -1.55172419908922E-05 8.15000021248125E-05
         vertex -3.96881732740439E-05 -1.20689655886963E-05 8.15000021248125E-05
         vertex -3.96881732740439E-05 -1.55172419908922E-05 8.15000021248125E-05
      endloop
   endfacet
   facet normal 0 0 1
      outer loop
         vertex -3.6239896871848E-05 -1.55172419908922E-05 8.15000021248125E-05
         vertex -3.96881732740439E-05 -1.55172419908922E-05 8.15000021248125E-05
         vertex -3.6239896871848E-05 -1.89655183930881E-05 8.15000021248125E-05
      endloop
   endfacet
   facet normal 0 0 1
      outer loop
         vertex -3.6239896871848E-05 -1.89655183930881E-05 8.15000021248125E-05
         vertex -3.96881732740439E-05 -1.55172419908922E-05 8.15000021248125E-05
         vertex -3.96881732740439E-05 -1.89655183930881E-05 8.15000021248125E-05
      endloop
   endfacet
   facet normal 0 0 1
      outer loop
         vertex -3.6239896871848E-05 -1.89655183930881E-05 8.15000021248125E-05
         vertex -3.96881732740439E-05 -1.89655183930881E-05 8.15000021248125E-05
         vertex -3.6239896871848E-05 -2.2413794795284E-05 8.15000021248125E-05
      endloop
   endfacet
   facet normal 0 0 1
      outer loop
         vertex -3.6239896871848E-05 -2.2413794795284E-05 8.15000021248125E-05
         vertex -3.96881732740439E-05 -1.89655183930881E-05 8.15000021248125E-05
         vertex -3.96881732740439E-05 -2.2413794795284E-05 8.15000021248125E-05
      endloop
   endfacet
   facet normal 0 0 1
      outer loop
         vertex -3.83352235076018E-05 3.21393781632651E-05 8.15000021248125E-05
         vertex -4.1344937926624E-05 2.81660031760111E-05 8.15000021248125E-05
         vertex -3.96881732740439E-05 2.93103457806865E-05 8.15000021248125E-05
      endloop
   endfacet
   facet normal 0 0 1
      outer loop
         vertex -3.96881732740439E-05 2.93103457806865E-05 8.15000021248125E-05
         vertex -4.1344937926624E-05 2.81660031760111E-05 8.15000021248125E-05
         vertex -3.96881732740439E-05 2.58620693784906E-05 8.15000021248125E-05
      endloop
   endfacet
   facet normal 0 0 1
      outer loop
         vertex -3.96881732740439E-05 -5.17241369379917E-06 8.15000021248125E-05
         vertex -3.96881732740439E-05 -1.72413797372428E-06 8.15000021248125E-05
         vertex -4.31364460382611E-05 -1.72413797372428E-06 8.15000021248125E-05
      endloop
   endfacet
   facet normal 0 0 1
      outer loop
         vertex -4.31364460382611E-05 -1.72413797372428E-06 8.15000021248125E-05
         vertex -3.96881732740439E-05 -1.72413797372428E-06 8.15000021248125E-05
         vertex -4.31364460382611E-05 1.72413797372428E-06 8.15000021248125E-05
      endloop
   endfacet
   facet normal 0 0 1
      outer loop
         vertex -4.31364460382611E-05 -1.72413797372428E-06 8.15000021248125E-05
         vertex -4.31364460382611E-05 1.72413797372428E-06 8.15000021248125E-05
         vertex -4.65847260784358E-05 1.72413797372428E-06 8.15000021248125E-05
      endloop
   endfacet
   facet normal 0 0 1
      outer loop
         vertex -4.65847260784358E-05 1.72413797372428E-06 8.15000021248125E-05
         vertex -4.31364460382611E-05 1.72413797372428E-06 8.15000021248125E-05
         vertex -4.65847260784358E-05 5.17241369379917E-06 8.15000021248125E-05
      endloop
   endfacet
   facet normal 0 0 1
      outer loop
         vertex -4.65847260784358E-05 1.72413797372428E-06 8.15000021248125E-05
         vertex -4.65847260784358E-05 5.17241369379917E-06 8.15000021248125E-05
         vertex -4.97845358040649E-05 4.97839209856465E-06 8.15000021248125E-05
      endloop
   endfacet
   facet normal 0 0 1
      outer loop
         vertex -4.97845358040649E-05 4.97839209856465E-06 8.15000021248125E-05
         vertex -4.65847260784358E-05 5.17241369379917E-06 8.15000021248125E-05
         vertex -4.65847260784358E-05 8.62068918650039E-06 8.15000021248125E-05
      endloop
   endfacet
   facet normal 0 0 1
      outer loop
         vertex -4.97845358040649E-05 4.97839209856465E-06 8.15000021248125E-05
         vertex -4.65847260784358E-05 8.62068918650039E-06 8.15000021248125E-05
         vertex -4.90416241518687E-05 9.90730677585816E-06 8.15000021248125E-05
      endloop
   endfacet
   facet normal 0 0 1
      outer loop
         vertex -4.90416241518687E-05 9.90730677585816E-06 8.15000021248125E-05
         vertex -4.65847260784358E-05 8.62068918650039E-06 8.15000021248125E-05
         vertex -4.65847260784358E-05 1.20689655886963E-05 8.15000021248125E-05
      endloop
   endfacet
   facet normal 0 0 1
      outer loop
         vertex -4.90416241518687E-05 9.90730677585816E-06 8.15000021248125E-05
         vertex -4.65847260784358E-05 1.20689655886963E-05 8.15000021248125E-05
         vertex -4.78116380691063E-05 1.4737758647243E-05 8.15000021248125E-05
      endloop
   endfacet
   facet normal 0 0 1
      outer loop
         vertex -4.78116380691063E-05 1.4737758647243E-05 8.15000021248125E-05
         vertex -4.65847260784358E-05 1.20689655886963E-05 8.15000021248125E-05
         vertex -4.65847260784358E-05 1.55172419908922E-05 8.15000021248125E-05
      endloop
   endfacet
   facet normal 0 0 1
      outer loop
         vertex -4.78116380691063E-05 1.4737758647243E-05 8.15000021248125E-05
         vertex -4.65847260784358E-05 1.55172419908922E-05 8.15000021248125E-05
         vertex -4.61068120785058E-05 1.94217391253915E-05 8.15000021248125E-05
      endloop
   endfacet
   facet normal 0 0 1
      outer loop
         vertex -4.61068120785058E-05 1.94217391253915E-05 8.15000021248125E-05
         vertex -4.65847260784358E-05 1.55172419908922E-05 8.15000021248125E-05
         vertex -4.31364460382611E-05 1.89655183930881E-05 8.15000021248125E-05
      endloop
   endfacet
   facet normal 0 0 1
      outer loop
         vertex -4.61068120785058E-05 1.94217391253915E-05 8.15000021248125E-05
         vertex -4.31364460382611E-05 1.89655183930881E-05 8.15000021248125E-05
         vertex -4.31364460382611E-05 2.2413794795284E-05 8.15000021248125E-05
      endloop
   endfacet
   facet normal 0 0 1
      outer loop
         vertex -4.31364460382611E-05 2.2413794795284E-05 8.15000021248125E-05
         vertex -4.31364460382611E-05 1.89655183930881E-05 8.15000021248125E-05
         vertex -3.96881732740439E-05 1.89655183930881E-05 8.15000021248125E-05
      endloop
   endfacet
   facet normal 0 0 1
      outer loop
         vertex -4.31364460382611E-05 2.2413794795284E-05 8.15000021248125E-05
         vertex -3.96881732740439E-05 1.89655183930881E-05 8.15000021248125E-05
         vertex -3.96881732740439E-05 2.2413794795284E-05 8.15000021248125E-05
      endloop
   endfacet
   facet normal 0 0 1
      outer loop
         vertex 3.98236261389684E-05 -3.01902200590121E-05 8.15000021248125E-05
         vertex 4.263154551154E-05 -2.60717606579419E-05 8.15000021248125E-05
         vertex 3.96221730625257E-05 -2.93103457806865E-05 8.15000021248125E-05
      endloop
   endfacet
   facet normal 0 0 1
      outer loop
         vertex 3.96221730625257E-05 -2.93103457806865E-05 8.15000021248125E-05
         vertex 4.263154551154E-05 -2.60717606579419E-05 8.15000021248125E-05
         vertex 3.96221730625257E-05 -2.58620693784906E-05 8.15000021248125E-05
      endloop
   endfacet
   facet normal 0 0 1
      outer loop
         vertex 3.96221730625257E-05 -2.93103457806865E-05 8.15000021248125E-05
         vertex 3.96221730625257E-05 -2.58620693784906E-05 8.15000021248125E-05
         vertex 3.61738966603298E-05 -2.58620693784906E-05 8.15000021248125E-05
      endloop
   endfacet
   facet normal 0 0 1
      outer loop
         vertex 4.65187258669175E-05 -1.20689655886963E-05 8.15000021248125E-05
         vertex 4.65187258669175E-05 -1.55172419908922E-05 8.15000021248125E-05
         vertex 4.84208649140783E-05 -1.23378695207066E-05 8.15000021248125E-05
      endloop
   endfacet
   facet normal 0 0 1
      outer loop
         vertex 4.84208649140783E-05 -1.23378695207066E-05 8.15000021248125E-05
         vertex 4.65187258669175E-05 -1.55172419908922E-05 8.15000021248125E-05
         vertex 4.69516307930462E-05 -1.71010069607291E-05 8.15000021248125E-05
      endloop
   endfacet
   facet normal 0 0 1
      outer loop
         vertex -4.90416241518687E-05 -9.90730677585816E-06 8.15000021248125E-05
         vertex -4.78116380691063E-05 -1.4737758647243E-05 8.15000021248125E-05
         vertex -4.65847260784358E-05 -1.20689655886963E-05 8.15000021248125E-05
      endloop
   endfacet
   facet normal 0 0 1
      outer loop
         vertex -4.65847260784358E-05 -1.20689655886963E-05 8.15000021248125E-05
         vertex -4.78116380691063E-05 -1.4737758647243E-05 8.15000021248125E-05
         vertex -4.65847260784358E-05 -1.55172419908922E-05 8.15000021248125E-05
      endloop
   endfacet
   facet normal 0 0 1
      outer loop
         vertex -4.65847260784358E-05 -1.20689655886963E-05 8.15000021248125E-05
         vertex -4.65847260784358E-05 -1.55172419908922E-05 8.15000021248125E-05
         vertex -4.31364460382611E-05 -1.55172419908922E-05 8.15000021248125E-05
      endloop
   endfacet
   facet normal 0 0 1
      outer loop
         vertex -4.31364460382611E-05 -1.55172419908922E-05 8.15000021248125E-05
         vertex -4.65847260784358E-05 -1.55172419908922E-05 8.15000021248125E-05
         vertex -4.31364460382611E-05 -1.89655183930881E-05 8.15000021248125E-05
      endloop
   endfacet
   facet normal 0 0 1
      outer loop
         vertex -4.31364460382611E-05 -1.55172419908922E-05 8.15000021248125E-05
         vertex -4.31364460382611E-05 -1.89655183930881E-05 8.15000021248125E-05
         vertex -3.96881732740439E-05 -1.89655183930881E-05 8.15000021248125E-05
      endloop
   endfacet
   facet normal 0 0 1
      outer loop
         vertex -3.96881732740439E-05 -1.89655183930881E-05 8.15000021248125E-05
         vertex -4.31364460382611E-05 -1.89655183930881E-05 8.15000021248125E-05
         vertex -3.96881732740439E-05 -2.2413794795284E-05 8.15000021248125E-05
      endloop
   endfacet
   facet normal 0 0 1
      outer loop
         vertex -4.97845358040649E-05 -4.97839209856465E-06 8.15000021248125E-05
         vertex -4.90416241518687E-05 -9.90730677585816E-06 8.15000021248125E-05
         vertex -4.65847260784358E-05 -8.62068918650039E-06 8.15000021248125E-05
      endloop
   endfacet
   facet normal 0 0 1
      outer loop
         vertex -4.65847260784358E-05 -8.62068918650039E-06 8.15000021248125E-05
         vertex -4.90416241518687E-05 -9.90730677585816E-06 8.15000021248125E-05
         vertex -4.65847260784358E-05 -1.20689655886963E-05 8.15000021248125E-05
      endloop
   endfacet
   facet normal 0 0 1
      outer loop
         vertex -4.65847260784358E-05 -8.62068918650039E-06 8.15000021248125E-05
         vertex -4.65847260784358E-05 -1.20689655886963E-05 8.15000021248125E-05
         vertex -4.31364460382611E-05 -1.20689655886963E-05 8.15000021248125E-05
      endloop
   endfacet
   facet normal 0 0 1
      outer loop
         vertex -4.31364460382611E-05 -1.20689655886963E-05 8.15000021248125E-05
         vertex -4.65847260784358E-05 -1.20689655886963E-05 8.15000021248125E-05
         vertex -4.31364460382611E-05 -1.55172419908922E-05 8.15000021248125E-05
      endloop
   endfacet
   facet normal 0 0 1
      outer loop
         vertex -4.31364460382611E-05 -1.20689655886963E-05 8.15000021248125E-05
         vertex -4.31364460382611E-05 -1.55172419908922E-05 8.15000021248125E-05
         vertex -3.96881732740439E-05 -1.55172419908922E-05 8.15000021248125E-05
      endloop
   endfacet
   facet normal 0 0 1
      outer loop
         vertex -3.96881732740439E-05 -1.55172419908922E-05 8.15000021248125E-05
         vertex -4.31364460382611E-05 -1.55172419908922E-05 8.15000021248125E-05
         vertex -3.96881732740439E-05 -1.89655183930881E-05 8.15000021248125E-05
      endloop
   endfacet
   facet normal 0 0 1
      outer loop
         vertex 4.65187258669175E-05 -5.17241369379917E-06 8.15000021248125E-05
         vertex 4.65187258669175E-05 -8.62068918650039E-06 8.15000021248125E-05
         vertex 4.94085397804156E-05 -7.45211309549632E-06 8.15000021248125E-05
      endloop
   endfacet
   facet normal 0 0 1
      outer loop
         vertex 4.94085397804156E-05 -7.45211309549632E-06 8.15000021248125E-05
         vertex 4.65187258669175E-05 -8.62068918650039E-06 8.15000021248125E-05
         vertex 4.84208649140783E-05 -1.23378695207066E-05 8.15000021248125E-05
      endloop
   endfacet
   facet normal 0 0 1
      outer loop
         vertex 4.65187258669175E-05 -1.72413797372428E-06 8.15000021248125E-05
         vertex 4.65187258669175E-05 -5.17241369379917E-06 8.15000021248125E-05
         vertex 4.99048474011943E-05 -2.49229424298392E-06 8.15000021248125E-05
      endloop
   endfacet
   facet normal 0 0 1
      outer loop
         vertex 4.99048474011943E-05 -2.49229424298392E-06 8.15000021248125E-05
         vertex 4.65187258669175E-05 -5.17241369379917E-06 8.15000021248125E-05
         vertex 4.94085397804156E-05 -7.45211309549632E-06 8.15000021248125E-05
      endloop
   endfacet
   facet normal 0 0 1
      outer loop
         vertex -5.00329988426529E-05 -1.13296309230747E-21 8.15000021248125E-05
         vertex -4.97845358040649E-05 -4.97839209856465E-06 8.15000021248125E-05
         vertex -4.65847260784358E-05 -1.72413797372428E-06 8.15000021248125E-05
      endloop
   endfacet
   facet normal 0 0 1
      outer loop
         vertex -4.65847260784358E-05 -1.72413797372428E-06 8.15000021248125E-05
         vertex -4.97845358040649E-05 -4.97839209856465E-06 8.15000021248125E-05
         vertex -4.65847260784358E-05 -5.17241369379917E-06 8.15000021248125E-05
      endloop
   endfacet
   facet normal 0 0 1
      outer loop
         vertex -4.65847260784358E-05 -1.72413797372428E-06 8.15000021248125E-05
         vertex -4.65847260784358E-05 -5.17241369379917E-06 8.15000021248125E-05
         vertex -4.31364460382611E-05 -5.17241369379917E-06 8.15000021248125E-05
      endloop
   endfacet
   facet normal 0 0 1
      outer loop
         vertex -4.31364460382611E-05 -5.17241369379917E-06 8.15000021248125E-05
         vertex -4.65847260784358E-05 -5.17241369379917E-06 8.15000021248125E-05
         vertex -4.31364460382611E-05 -8.62068918650039E-06 8.15000021248125E-05
      endloop
   endfacet
   facet normal 0 0 1
      outer loop
         vertex -4.31364460382611E-05 -5.17241369379917E-06 8.15000021248125E-05
         vertex -4.31364460382611E-05 -8.62068918650039E-06 8.15000021248125E-05
         vertex -3.96881732740439E-05 -8.62068918650039E-06 8.15000021248125E-05
      endloop
   endfacet
   facet normal 0 0 1
      outer loop
         vertex -3.96881732740439E-05 -8.62068918650039E-06 8.15000021248125E-05
         vertex -4.31364460382611E-05 -8.62068918650039E-06 8.15000021248125E-05
         vertex -3.96881732740439E-05 -1.20689655886963E-05 8.15000021248125E-05
      endloop
   endfacet
   facet normal 0 0 1
      outer loop
         vertex -4.97845358040649E-05 4.97839209856465E-06 8.15000021248125E-05
         vertex -5.00329988426529E-05 -1.13296309230747E-21 8.15000021248125E-05
         vertex -4.65847260784358E-05 1.72413797372428E-06 8.15000021248125E-05
      endloop
   endfacet
   facet normal 0 0 1
      outer loop
         vertex -4.65847260784358E-05 1.72413797372428E-06 8.15000021248125E-05
         vertex -5.00329988426529E-05 -1.13296309230747E-21 8.15000021248125E-05
         vertex -4.65847260784358E-05 -1.72413797372428E-06 8.15000021248125E-05
      endloop
   endfacet
   facet normal 0 0 1
      outer loop
         vertex -4.65847260784358E-05 1.72413797372428E-06 8.15000021248125E-05
         vertex -4.65847260784358E-05 -1.72413797372428E-06 8.15000021248125E-05
         vertex -4.31364460382611E-05 -1.72413797372428E-06 8.15000021248125E-05
      endloop
   endfacet
   facet normal 0 0 1
      outer loop
         vertex -4.31364460382611E-05 -1.72413797372428E-06 8.15000021248125E-05
         vertex -4.65847260784358E-05 -1.72413797372428E-06 8.15000021248125E-05
         vertex -4.31364460382611E-05 -5.17241369379917E-06 8.15000021248125E-05
      endloop
   endfacet
   facet normal 0 0 1
      outer loop
         vertex -4.31364460382611E-05 -1.72413797372428E-06 8.15000021248125E-05
         vertex -4.31364460382611E-05 -5.17241369379917E-06 8.15000021248125E-05
         vertex -3.96881732740439E-05 -5.17241369379917E-06 8.15000021248125E-05
      endloop
   endfacet
   facet normal 0 0 1
      outer loop
         vertex -3.96881732740439E-05 -5.17241369379917E-06 8.15000021248125E-05
         vertex -4.31364460382611E-05 -5.17241369379917E-06 8.15000021248125E-05
         vertex -3.96881732740439E-05 -8.62068918650039E-06 8.15000021248125E-05
      endloop
   endfacet
   facet normal 0 0 1
      outer loop
         vertex 4.65187258669175E-05 5.17241369379917E-06 8.15000021248125E-05
         vertex 4.65187258669175E-05 1.72413797372428E-06 8.15000021248125E-05
         vertex 4.99048474011943E-05 2.49229424298392E-06 8.15000021248125E-05
      endloop
   endfacet
   facet normal 0 0 1
      outer loop
         vertex 4.99048474011943E-05 2.49229424298392E-06 8.15000021248125E-05
         vertex 4.65187258669175E-05 1.72413797372428E-06 8.15000021248125E-05
         vertex 4.65187258669175E-05 -1.72413797372428E-06 8.15000021248125E-05
      endloop
   endfacet
   facet normal 0 0 1
      outer loop
         vertex 4.99048474011943E-05 2.49229424298392E-06 8.15000021248125E-05
         vertex 4.65187258669175E-05 -1.72413797372428E-06 8.15000021248125E-05
         vertex 4.99048474011943E-05 -2.49229424298392E-06 8.15000021248125E-05
      endloop
   endfacet
   facet normal 0 0 1
      outer loop
         vertex 4.65187258669175E-05 8.62068918650039E-06 8.15000021248125E-05
         vertex 4.65187258669175E-05 5.17241369379917E-06 8.15000021248125E-05
         vertex 4.94085397804156E-05 7.45211309549632E-06 8.15000021248125E-05
      endloop
   endfacet
   facet normal 0 0 1
      outer loop
         vertex 4.94085397804156E-05 7.45211309549632E-06 8.15000021248125E-05
         vertex 4.65187258669175E-05 5.17241369379917E-06 8.15000021248125E-05
         vertex 4.99048474011943E-05 2.49229424298392E-06 8.15000021248125E-05
      endloop
   endfacet
   facet normal 0 0 1
      outer loop
         vertex 4.65187258669175E-05 1.55172419908922E-05 8.15000021248125E-05
         vertex 4.65187258669175E-05 1.20689655886963E-05 8.15000021248125E-05
         vertex 4.84208649140783E-05 1.23378695207066E-05 8.15000021248125E-05
      endloop
   endfacet
   facet normal 0 0 1
      outer loop
         vertex 4.84208649140783E-05 1.23378695207066E-05 8.15000021248125E-05
         vertex 4.65187258669175E-05 1.20689655886963E-05 8.15000021248125E-05
         vertex 4.65187258669175E-05 8.62068918650039E-06 8.15000021248125E-05
      endloop
   endfacet
   facet normal 0 0 1
      outer loop
         vertex 4.84208649140783E-05 1.23378695207066E-05 8.15000021248125E-05
         vertex 4.65187258669175E-05 8.62068918650039E-06 8.15000021248125E-05
         vertex 4.94085397804156E-05 7.45211309549632E-06 8.15000021248125E-05
      endloop
   endfacet
   facet normal 0 0 1
      outer loop
         vertex -4.61068120785058E-05 1.94217391253915E-05 8.15000021248125E-05
         vertex -4.31364460382611E-05 2.2413794795284E-05 8.15000021248125E-05
         vertex -4.39440809714142E-05 2.39126984524773E-05 8.15000021248125E-05
      endloop
   endfacet
   facet normal 0 0 1
      outer loop
         vertex -4.39440809714142E-05 2.39126984524773E-05 8.15000021248125E-05
         vertex -4.31364460382611E-05 2.2413794795284E-05 8.15000021248125E-05
         vertex -3.96881732740439E-05 2.58620693784906E-05 8.15000021248125E-05
      endloop
   endfacet
   facet normal 0 0 1
      outer loop
         vertex -4.39440809714142E-05 2.39126984524773E-05 8.15000021248125E-05
         vertex -3.96881732740439E-05 2.58620693784906E-05 8.15000021248125E-05
         vertex -4.1344937926624E-05 2.81660031760111E-05 8.15000021248125E-05
      endloop
   endfacet
   facet normal 0 0 1
      outer loop
         vertex 4.263154551154E-05 2.60717606579419E-05 8.15000021248125E-05
         vertex 3.98236261389684E-05 3.01902200590121E-05 8.15000021248125E-05
         vertex 3.96221730625257E-05 2.93103457806865E-05 8.15000021248125E-05
      endloop
   endfacet
   facet normal 0 0 1
      outer loop
         vertex 3.96221730625257E-05 2.93103457806865E-05 8.15000021248125E-05
         vertex 3.98236261389684E-05 3.01902200590121E-05 8.15000021248125E-05
         vertex 3.61738966603298E-05 2.93103457806865E-05 8.15000021248125E-05
      endloop
   endfacet
   facet normal 0 0 1
      outer loop
         vertex 3.96221730625257E-05 2.93103457806865E-05 8.15000021248125E-05
         vertex 3.61738966603298E-05 2.93103457806865E-05 8.15000021248125E-05
         vertex 3.96221730625257E-05 2.58620693784906E-05 8.15000021248125E-05
      endloop
   endfacet
   facet normal 0 0 1
      outer loop
         vertex 3.96221730625257E-05 2.58620693784906E-05 8.15000021248125E-05
         vertex 3.61738966603298E-05 2.93103457806865E-05 8.15000021248125E-05
         vertex 3.61738966603298E-05 2.58620693784906E-05 8.15000021248125E-05
      endloop
   endfacet
   facet normal 0 0 1
      outer loop
         vertex 3.96221730625257E-05 2.58620693784906E-05 8.15000021248125E-05
         vertex 3.61738966603298E-05 2.58620693784906E-05 8.15000021248125E-05
         vertex 3.96221730625257E-05 2.2413794795284E-05 8.15000021248125E-05
      endloop
   endfacet
   facet normal 0 0 1
      outer loop
         vertex 3.96221730625257E-05 2.2413794795284E-05 8.15000021248125E-05
         vertex 3.61738966603298E-05 2.58620693784906E-05 8.15000021248125E-05
         vertex 3.61738966603298E-05 2.2413794795284E-05 8.15000021248125E-05
      endloop
   endfacet
   facet normal 0 0 1
      outer loop
         vertex 3.96221730625257E-05 2.2413794795284E-05 8.15000021248125E-05
         vertex 3.61738966603298E-05 2.2413794795284E-05 8.15000021248125E-05
         vertex 3.96221730625257E-05 1.89655183930881E-05 8.15000021248125E-05
      endloop
   endfacet
   facet normal 0 0 1
      outer loop
         vertex 3.96221730625257E-05 1.89655183930881E-05 8.15000021248125E-05
         vertex 3.61738966603298E-05 2.2413794795284E-05 8.15000021248125E-05
         vertex 3.61738966603298E-05 1.89655183930881E-05 8.15000021248125E-05
      endloop
   endfacet
   facet normal 0 0 1
      outer loop
         vertex 3.96221730625257E-05 1.89655183930881E-05 8.15000021248125E-05
         vertex 3.61738966603298E-05 1.89655183930881E-05 8.15000021248125E-05
         vertex 3.96221730625257E-05 1.55172419908922E-05 8.15000021248125E-05
      endloop
   endfacet
   facet normal 0 0 1
      outer loop
         vertex 3.96221730625257E-05 1.55172419908922E-05 8.15000021248125E-05
         vertex 3.61738966603298E-05 1.89655183930881E-05 8.15000021248125E-05
         vertex 3.61738966603298E-05 1.55172419908922E-05 8.15000021248125E-05
      endloop
   endfacet
   facet normal 0 0 1
      outer loop
         vertex 3.96221730625257E-05 1.55172419908922E-05 8.15000021248125E-05
         vertex 3.61738966603298E-05 1.55172419908922E-05 8.15000021248125E-05
         vertex 3.96221730625257E-05 1.20689655886963E-05 8.15000021248125E-05
      endloop
   endfacet
   facet normal 0 0 1
      outer loop
         vertex 3.96221730625257E-05 1.20689655886963E-05 8.15000021248125E-05
         vertex 3.61738966603298E-05 1.55172419908922E-05 8.15000021248125E-05
         vertex 3.61738966603298E-05 1.20689655886963E-05 8.15000021248125E-05
      endloop
   endfacet
   facet normal 0 0 1
      outer loop
         vertex 3.96221730625257E-05 1.20689655886963E-05 8.15000021248125E-05
         vertex 3.61738966603298E-05 1.20689655886963E-05 8.15000021248125E-05
         vertex 3.96221730625257E-05 8.62068918650039E-06 8.15000021248125E-05
      endloop
   endfacet
   facet normal 0 0 1
      outer loop
         vertex 3.96221730625257E-05 8.62068918650039E-06 8.15000021248125E-05
         vertex 3.61738966603298E-05 1.20689655886963E-05 8.15000021248125E-05
         vertex 3.61738966603298E-05 8.62068918650039E-06 8.15000021248125E-05
      endloop
   endfacet
   facet normal 0 0 1
      outer loop
         vertex 3.96221730625257E-05 8.62068918650039E-06 8.15000021248125E-05
         vertex 3.61738966603298E-05 8.62068918650039E-06 8.15000021248125E-05
         vertex 3.96221730625257E-05 5.17241369379917E-06 8.15000021248125E-05
      endloop
   endfacet
   facet normal 0 0 1
      outer loop
         vertex 3.96221730625257E-05 5.17241369379917E-06 8.15000021248125E-05
         vertex 3.61738966603298E-05 8.62068918650039E-06 8.15000021248125E-05
         vertex 3.61738966603298E-05 5.17241369379917E-06 8.15000021248125E-05
      endloop
   endfacet
   facet normal 0 0 1
      outer loop
         vertex 3.96221730625257E-05 5.17241369379917E-06 8.15000021248125E-05
         vertex 3.61738966603298E-05 5.17241369379917E-06 8.15000021248125E-05
         vertex 3.96221730625257E-05 1.72413797372428E-06 8.15000021248125E-05
      endloop
   endfacet
   facet normal 0 0 1
      outer loop
         vertex 3.96221730625257E-05 5.17241369379917E-06 8.15000021248125E-05
         vertex 3.96221730625257E-05 1.72413797372428E-06 8.15000021248125E-05
         vertex 4.30704458267428E-05 1.72413797372428E-06 8.15000021248125E-05
      endloop
   endfacet
   facet normal 0 0 1
      outer loop
         vertex 4.30704458267428E-05 1.72413797372428E-06 8.15000021248125E-05
         vertex 3.96221730625257E-05 1.72413797372428E-06 8.15000021248125E-05
         vertex 4.30704458267428E-05 -1.72413797372428E-06 8.15000021248125E-05
      endloop
   endfacet
   facet normal 0 0 1
      outer loop
         vertex 3.61738966603298E-05 1.72413797372428E-06 8.15000021248125E-05
         vertex 3.27256202581339E-05 1.72413797372428E-06 8.15000021248125E-05
         vertex 3.61738966603298E-05 -1.72413797372428E-06 8.15000021248125E-05
      endloop
   endfacet
   facet normal 0 0 1
      outer loop
         vertex 3.61738966603298E-05 -1.72413797372428E-06 8.15000021248125E-05
         vertex 3.27256202581339E-05 1.72413797372428E-06 8.15000021248125E-05
         vertex 3.27256202581339E-05 -1.72413797372428E-06 8.15000021248125E-05
      endloop
   endfacet
   facet normal 0 0 1
      outer loop
         vertex 3.61738966603298E-05 -1.72413797372428E-06 8.15000021248125E-05
         vertex 3.27256202581339E-05 -1.72413797372428E-06 8.15000021248125E-05
         vertex 3.61738966603298E-05 -5.17241369379917E-06 8.15000021248125E-05
      endloop
   endfacet
   facet normal 0 0 1
      outer loop
         vertex 3.61738966603298E-05 -5.17241369379917E-06 8.15000021248125E-05
         vertex 3.27256202581339E-05 -1.72413797372428E-06 8.15000021248125E-05
         vertex 3.27256202581339E-05 -5.17241369379917E-06 8.15000021248125E-05
      endloop
   endfacet
   facet normal 0 0 1
      outer loop
         vertex 3.61738966603298E-05 -5.17241369379917E-06 8.15000021248125E-05
         vertex 3.27256202581339E-05 -5.17241369379917E-06 8.15000021248125E-05
         vertex 3.61738966603298E-05 -8.62068918650039E-06 8.15000021248125E-05
      endloop
   endfacet
   facet normal 0 0 1
      outer loop
         vertex 3.61738966603298E-05 -8.62068918650039E-06 8.15000021248125E-05
         vertex 3.27256202581339E-05 -5.17241369379917E-06 8.15000021248125E-05
         vertex 3.27256202581339E-05 -8.62068918650039E-06 8.15000021248125E-05
      endloop
   endfacet
   facet normal 0 0 1
      outer loop
         vertex 3.61738966603298E-05 -8.62068918650039E-06 8.15000021248125E-05
         vertex 3.27256202581339E-05 -8.62068918650039E-06 8.15000021248125E-05
         vertex 3.61738966603298E-05 -1.20689655886963E-05 8.15000021248125E-05
      endloop
   endfacet
   facet normal 0 0 1
      outer loop
         vertex 3.61738966603298E-05 -1.20689655886963E-05 8.15000021248125E-05
         vertex 3.27256202581339E-05 -8.62068918650039E-06 8.15000021248125E-05
         vertex 3.27256202581339E-05 -1.20689655886963E-05 8.15000021248125E-05
      endloop
   endfacet
   facet normal 0 0 1
      outer loop
         vertex 3.61738966603298E-05 -1.20689655886963E-05 8.15000021248125E-05
         vertex 3.27256202581339E-05 -1.20689655886963E-05 8.15000021248125E-05
         vertex 3.61738966603298E-05 -1.55172419908922E-05 8.15000021248125E-05
      endloop
   endfacet
   facet normal 0 0 1
      outer loop
         vertex 3.61738966603298E-05 -1.55172419908922E-05 8.15000021248125E-05
         vertex 3.27256202581339E-05 -1.20689655886963E-05 8.15000021248125E-05
         vertex 3.27256202581339E-05 -1.55172419908922E-05 8.15000021248125E-05
      endloop
   endfacet
   facet normal 0 0 1
      outer loop
         vertex 3.61738966603298E-05 -1.55172419908922E-05 8.15000021248125E-05
         vertex 3.27256202581339E-05 -1.55172419908922E-05 8.15000021248125E-05
         vertex 3.61738966603298E-05 -1.89655183930881E-05 8.15000021248125E-05
      endloop
   endfacet
   facet normal 0 0 1
      outer loop
         vertex 3.61738966603298E-05 -1.89655183930881E-05 8.15000021248125E-05
         vertex 3.27256202581339E-05 -1.55172419908922E-05 8.15000021248125E-05
         vertex 3.27256202581339E-05 -1.89655183930881E-05 8.15000021248125E-05
      endloop
   endfacet
   facet normal 0 0 1
      outer loop
         vertex 3.61738966603298E-05 -1.89655183930881E-05 8.15000021248125E-05
         vertex 3.27256202581339E-05 -1.89655183930881E-05 8.15000021248125E-05
         vertex 3.61738966603298E-05 -2.2413794795284E-05 8.15000021248125E-05
      endloop
   endfacet
   facet normal 0 0 1
      outer loop
         vertex 3.61738966603298E-05 -2.2413794795284E-05 8.15000021248125E-05
         vertex 3.27256202581339E-05 -1.89655183930881E-05 8.15000021248125E-05
         vertex 3.27256202581339E-05 -2.2413794795284E-05 8.15000021248125E-05
      endloop
   endfacet
   facet normal 0 0 1
      outer loop
         vertex 3.27256202581339E-05 5.17241369379917E-06 8.15000021248125E-05
         vertex 2.92773456749273E-05 5.17241369379917E-06 8.15000021248125E-05
         vertex 3.27256202581339E-05 1.72413797372428E-06 8.15000021248125E-05
      endloop
   endfacet
   facet normal 0 0 1
      outer loop
         vertex 3.27256202581339E-05 1.72413797372428E-06 8.15000021248125E-05
         vertex 2.92773456749273E-05 5.17241369379917E-06 8.15000021248125E-05
         vertex 2.92773456749273E-05 1.72413797372428E-06 8.15000021248125E-05
      endloop
   endfacet
   facet normal 0 0 1
      outer loop
         vertex 3.27256202581339E-05 1.72413797372428E-06 8.15000021248125E-05
         vertex 2.92773456749273E-05 1.72413797372428E-06 8.15000021248125E-05
         vertex 3.27256202581339E-05 -1.72413797372428E-06 8.15000021248125E-05
      endloop
   endfacet
   facet normal 0 0 1
      outer loop
         vertex 3.27256202581339E-05 -1.72413797372428E-06 8.15000021248125E-05
         vertex 2.92773456749273E-05 1.72413797372428E-06 8.15000021248125E-05
         vertex 2.92773456749273E-05 -1.72413797372428E-06 8.15000021248125E-05
      endloop
   endfacet
   facet normal 0 0 1
      outer loop
         vertex 3.27256202581339E-05 -1.72413797372428E-06 8.15000021248125E-05
         vertex 2.92773456749273E-05 -1.72413797372428E-06 8.15000021248125E-05
         vertex 3.27256202581339E-05 -5.17241369379917E-06 8.15000021248125E-05
      endloop
   endfacet
   facet normal 0 0 1
      outer loop
         vertex 3.27256202581339E-05 -5.17241369379917E-06 8.15000021248125E-05
         vertex 2.92773456749273E-05 -1.72413797372428E-06 8.15000021248125E-05
         vertex 2.92773456749273E-05 -5.17241369379917E-06 8.15000021248125E-05
      endloop
   endfacet
   facet normal 0 0 1
      outer loop
         vertex 3.27256202581339E-05 -5.17241369379917E-06 8.15000021248125E-05
         vertex 2.92773456749273E-05 -5.17241369379917E-06 8.15000021248125E-05
         vertex 3.27256202581339E-05 -8.62068918650039E-06 8.15000021248125E-05
      endloop
   endfacet
   facet normal 0 0 1
      outer loop
         vertex 3.27256202581339E-05 -8.62068918650039E-06 8.15000021248125E-05
         vertex 2.92773456749273E-05 -5.17241369379917E-06 8.15000021248125E-05
         vertex 2.92773456749273E-05 -8.62068918650039E-06 8.15000021248125E-05
      endloop
   endfacet
   facet normal 0 0 1
      outer loop
         vertex 3.27256202581339E-05 -8.62068918650039E-06 8.15000021248125E-05
         vertex 2.92773456749273E-05 -8.62068918650039E-06 8.15000021248125E-05
         vertex 3.27256202581339E-05 -1.20689655886963E-05 8.15000021248125E-05
      endloop
   endfacet
   facet normal 0 0 1
      outer loop
         vertex 3.27256202581339E-05 -1.20689655886963E-05 8.15000021248125E-05
         vertex 2.92773456749273E-05 -8.62068918650039E-06 8.15000021248125E-05
         vertex 2.92773456749273E-05 -1.20689655886963E-05 8.15000021248125E-05
      endloop
   endfacet
   facet normal 0 0 1
      outer loop
         vertex 3.27256202581339E-05 -1.20689655886963E-05 8.15000021248125E-05
         vertex 2.92773456749273E-05 -1.20689655886963E-05 8.15000021248125E-05
         vertex 3.27256202581339E-05 -1.55172419908922E-05 8.15000021248125E-05
      endloop
   endfacet
   facet normal 0 0 1
      outer loop
         vertex 3.27256202581339E-05 -1.55172419908922E-05 8.15000021248125E-05
         vertex 2.92773456749273E-05 -1.20689655886963E-05 8.15000021248125E-05
         vertex 2.92773456749273E-05 -1.55172419908922E-05 8.15000021248125E-05
      endloop
   endfacet
   facet normal 0 0 1
      outer loop
         vertex 3.27256202581339E-05 -1.55172419908922E-05 8.15000021248125E-05
         vertex 2.92773456749273E-05 -1.55172419908922E-05 8.15000021248125E-05
         vertex 3.27256202581339E-05 -1.89655183930881E-05 8.15000021248125E-05
      endloop
   endfacet
   facet normal 0 0 1
      outer loop
         vertex 3.27256202581339E-05 -1.89655183930881E-05 8.15000021248125E-05
         vertex 2.92773456749273E-05 -1.55172419908922E-05 8.15000021248125E-05
         vertex 2.92773456749273E-05 -1.89655183930881E-05 8.15000021248125E-05
      endloop
   endfacet
   facet normal 0 0 1
      outer loop
         vertex 3.27256202581339E-05 -1.89655183930881E-05 8.15000021248125E-05
         vertex 2.92773456749273E-05 -1.89655183930881E-05 8.15000021248125E-05
         vertex 3.27256202581339E-05 -2.2413794795284E-05 8.15000021248125E-05
      endloop
   endfacet
   facet normal 0 0 1
      outer loop
         vertex 3.27256202581339E-05 -2.2413794795284E-05 8.15000021248125E-05
         vertex 2.92773456749273E-05 -1.89655183930881E-05 8.15000021248125E-05
         vertex 2.92773456749273E-05 -2.2413794795284E-05 8.15000021248125E-05
      endloop
   endfacet
   facet normal 0 0 1
      outer loop
         vertex 3.27256202581339E-05 1.72413797372428E-06 8.15000021248125E-05
         vertex 3.61738966603298E-05 1.72413797372428E-06 8.15000021248125E-05
         vertex 3.27256202581339E-05 5.17241369379917E-06 8.15000021248125E-05
      endloop
   endfacet
   facet normal 0 0 1
      outer loop
         vertex 2.92773456749273E-05 8.62068918650039E-06 8.15000021248125E-05
         vertex 2.58290692727314E-05 8.62068918650039E-06 8.15000021248125E-05
         vertex 2.92773456749273E-05 5.17241369379917E-06 8.15000021248125E-05
      endloop
   endfacet
   facet normal 0 0 1
      outer loop
         vertex 2.92773456749273E-05 5.17241369379917E-06 8.15000021248125E-05
         vertex 2.58290692727314E-05 8.62068918650039E-06 8.15000021248125E-05
         vertex 2.58290692727314E-05 5.17241369379917E-06 8.15000021248125E-05
      endloop
   endfacet
   facet normal 0 0 1
      outer loop
         vertex 2.92773456749273E-05 5.17241369379917E-06 8.15000021248125E-05
         vertex 2.58290692727314E-05 5.17241369379917E-06 8.15000021248125E-05
         vertex 2.92773456749273E-05 1.72413797372428E-06 8.15000021248125E-05
      endloop
   endfacet
   facet normal 0 0 1
      outer loop
         vertex 2.92773456749273E-05 1.72413797372428E-06 8.15000021248125E-05
         vertex 2.58290692727314E-05 5.17241369379917E-06 8.15000021248125E-05
         vertex 2.58290692727314E-05 1.72413797372428E-06 8.15000021248125E-05
      endloop
   endfacet
   facet normal 0 0 1
      outer loop
         vertex 2.92773456749273E-05 1.72413797372428E-06 8.15000021248125E-05
         vertex 2.58290692727314E-05 1.72413797372428E-06 8.15000021248125E-05
         vertex 2.92773456749273E-05 -1.72413797372428E-06 8.15000021248125E-05
      endloop
   endfacet
   facet normal 0 0 1
      outer loop
         vertex 2.92773456749273E-05 -1.72413797372428E-06 8.15000021248125E-05
         vertex 2.58290692727314E-05 1.72413797372428E-06 8.15000021248125E-05
         vertex 2.58290692727314E-05 -1.72413797372428E-06 8.15000021248125E-05
      endloop
   endfacet
   facet normal 0 0 1
      outer loop
         vertex 2.92773456749273E-05 -1.72413797372428E-06 8.15000021248125E-05
         vertex 2.58290692727314E-05 -1.72413797372428E-06 8.15000021248125E-05
         vertex 2.92773456749273E-05 -5.17241369379917E-06 8.15000021248125E-05
      endloop
   endfacet
   facet normal 0 0 1
      outer loop
         vertex 2.92773456749273E-05 -5.17241369379917E-06 8.15000021248125E-05
         vertex 2.58290692727314E-05 -1.72413797372428E-06 8.15000021248125E-05
         vertex 2.58290692727314E-05 -5.17241369379917E-06 8.15000021248125E-05
      endloop
   endfacet
   facet normal 0 0 1
      outer loop
         vertex 2.92773456749273E-05 -5.17241369379917E-06 8.15000021248125E-05
         vertex 2.58290692727314E-05 -5.17241369379917E-06 8.15000021248125E-05
         vertex 2.92773456749273E-05 -8.62068918650039E-06 8.15000021248125E-05
      endloop
   endfacet
   facet normal 0 0 1
      outer loop
         vertex 2.92773456749273E-05 -8.62068918650039E-06 8.15000021248125E-05
         vertex 2.58290692727314E-05 -5.17241369379917E-06 8.15000021248125E-05
         vertex 2.58290692727314E-05 -8.62068918650039E-06 8.15000021248125E-05
      endloop
   endfacet
   facet normal 0 0 1
      outer loop
         vertex 2.92773456749273E-05 -8.62068918650039E-06 8.15000021248125E-05
         vertex 2.58290692727314E-05 -8.62068918650039E-06 8.15000021248125E-05
         vertex 2.92773456749273E-05 -1.20689655886963E-05 8.15000021248125E-05
      endloop
   endfacet
   facet normal 0 0 1
      outer loop
         vertex 2.92773456749273E-05 -1.20689655886963E-05 8.15000021248125E-05
         vertex 2.58290692727314E-05 -8.62068918650039E-06 8.15000021248125E-05
         vertex 2.58290692727314E-05 -1.20689655886963E-05 8.15000021248125E-05
      endloop
   endfacet
   facet normal 0 0 1
      outer loop
         vertex 2.92773456749273E-05 -1.20689655886963E-05 8.15000021248125E-05
         vertex 2.58290692727314E-05 -1.20689655886963E-05 8.15000021248125E-05
         vertex 2.92773456749273E-05 -1.55172419908922E-05 8.15000021248125E-05
      endloop
   endfacet
   facet normal 0 0 1
      outer loop
         vertex 2.92773456749273E-05 -1.55172419908922E-05 8.15000021248125E-05
         vertex 2.58290692727314E-05 -1.20689655886963E-05 8.15000021248125E-05
         vertex 2.58290692727314E-05 -1.55172419908922E-05 8.15000021248125E-05
      endloop
   endfacet
   facet normal 0 0 1
      outer loop
         vertex 2.92773456749273E-05 -1.55172419908922E-05 8.15000021248125E-05
         vertex 2.58290692727314E-05 -1.55172419908922E-05 8.15000021248125E-05
         vertex 2.92773456749273E-05 -1.89655183930881E-05 8.15000021248125E-05
      endloop
   endfacet
   facet normal 0 0 1
      outer loop
         vertex 2.92773456749273E-05 -1.89655183930881E-05 8.15000021248125E-05
         vertex 2.58290692727314E-05 -1.55172419908922E-05 8.15000021248125E-05
         vertex 2.58290692727314E-05 -1.89655183930881E-05 8.15000021248125E-05
      endloop
   endfacet
   facet normal 0 0 1
      outer loop
         vertex 2.92773456749273E-05 -1.89655183930881E-05 8.15000021248125E-05
         vertex 2.58290692727314E-05 -1.89655183930881E-05 8.15000021248125E-05
         vertex 2.92773456749273E-05 -2.2413794795284E-05 8.15000021248125E-05
      endloop
   endfacet
   facet normal 0 0 1
      outer loop
         vertex 2.92773456749273E-05 -2.2413794795284E-05 8.15000021248125E-05
         vertex 2.58290692727314E-05 -1.89655183930881E-05 8.15000021248125E-05
         vertex 2.58290692727314E-05 -2.2413794795284E-05 8.15000021248125E-05
      endloop
   endfacet
   facet normal 0 0 1
      outer loop
         vertex 2.58290692727314E-05 1.20689655886963E-05 8.15000021248125E-05
         vertex 2.23807928705355E-05 1.20689655886963E-05 8.15000021248125E-05
         vertex 2.58290692727314E-05 8.62068918650039E-06 8.15000021248125E-05
      endloop
   endfacet
   facet normal 0 0 1
      outer loop
         vertex 2.58290692727314E-05 8.62068918650039E-06 8.15000021248125E-05
         vertex 2.23807928705355E-05 1.20689655886963E-05 8.15000021248125E-05
         vertex 2.23807928705355E-05 8.62068918650039E-06 8.15000021248125E-05
      endloop
   endfacet
   facet normal 0 0 1
      outer loop
         vertex 2.58290692727314E-05 8.62068918650039E-06 8.15000021248125E-05
         vertex 2.23807928705355E-05 8.62068918650039E-06 8.15000021248125E-05
         vertex 2.58290692727314E-05 5.17241369379917E-06 8.15000021248125E-05
      endloop
   endfacet
   facet normal 0 0 1
      outer loop
         vertex 2.58290692727314E-05 5.17241369379917E-06 8.15000021248125E-05
         vertex 2.23807928705355E-05 8.62068918650039E-06 8.15000021248125E-05
         vertex 2.23807928705355E-05 5.17241369379917E-06 8.15000021248125E-05
      endloop
   endfacet
   facet normal 0 0 1
      outer loop
         vertex 2.58290692727314E-05 5.17241369379917E-06 8.15000021248125E-05
         vertex 2.23807928705355E-05 5.17241369379917E-06 8.15000021248125E-05
         vertex 2.58290692727314E-05 1.72413797372428E-06 8.15000021248125E-05
      endloop
   endfacet
   facet normal 0 0 1
      outer loop
         vertex 2.58290692727314E-05 1.72413797372428E-06 8.15000021248125E-05
         vertex 2.23807928705355E-05 5.17241369379917E-06 8.15000021248125E-05
         vertex 2.23807928705355E-05 1.72413797372428E-06 8.15000021248125E-05
      endloop
   endfacet
   facet normal 0 0 1
      outer loop
         vertex 2.58290692727314E-05 1.72413797372428E-06 8.15000021248125E-05
         vertex 2.23807928705355E-05 1.72413797372428E-06 8.15000021248125E-05
         vertex 2.58290692727314E-05 -1.72413797372428E-06 8.15000021248125E-05
      endloop
   endfacet
   facet normal 0 0 1
      outer loop
         vertex 2.58290692727314E-05 -1.72413797372428E-06 8.15000021248125E-05
         vertex 2.23807928705355E-05 1.72413797372428E-06 8.15000021248125E-05
         vertex 2.23807928705355E-05 -1.72413797372428E-06 8.15000021248125E-05
      endloop
   endfacet
   facet normal 0 0 1
      outer loop
         vertex 2.58290692727314E-05 -1.72413797372428E-06 8.15000021248125E-05
         vertex 2.23807928705355E-05 -1.72413797372428E-06 8.15000021248125E-05
         vertex 2.58290692727314E-05 -5.17241369379917E-06 8.15000021248125E-05
      endloop
   endfacet
   facet normal 0 0 1
      outer loop
         vertex 2.58290692727314E-05 -5.17241369379917E-06 8.15000021248125E-05
         vertex 2.23807928705355E-05 -1.72413797372428E-06 8.15000021248125E-05
         vertex 2.23807928705355E-05 -5.17241369379917E-06 8.15000021248125E-05
      endloop
   endfacet
   facet normal 0 0 1
      outer loop
         vertex 2.58290692727314E-05 -5.17241369379917E-06 8.15000021248125E-05
         vertex 2.23807928705355E-05 -5.17241369379917E-06 8.15000021248125E-05
         vertex 2.58290692727314E-05 -8.62068918650039E-06 8.15000021248125E-05
      endloop
   endfacet
   facet normal 0 0 1
      outer loop
         vertex 2.58290692727314E-05 -8.62068918650039E-06 8.15000021248125E-05
         vertex 2.23807928705355E-05 -5.17241369379917E-06 8.15000021248125E-05
         vertex 2.23807928705355E-05 -8.62068918650039E-06 8.15000021248125E-05
      endloop
   endfacet
   facet normal 0 0 1
      outer loop
         vertex 2.58290692727314E-05 -8.62068918650039E-06 8.15000021248125E-05
         vertex 2.23807928705355E-05 -8.62068918650039E-06 8.15000021248125E-05
         vertex 2.58290692727314E-05 -1.20689655886963E-05 8.15000021248125E-05
      endloop
   endfacet
   facet normal 0 0 1
      outer loop
         vertex 2.58290692727314E-05 -1.20689655886963E-05 8.15000021248125E-05
         vertex 2.23807928705355E-05 -8.62068918650039E-06 8.15000021248125E-05
         vertex 2.23807928705355E-05 -1.20689655886963E-05 8.15000021248125E-05
      endloop
   endfacet
   facet normal 0 0 1
      outer loop
         vertex 2.58290692727314E-05 -1.20689655886963E-05 8.15000021248125E-05
         vertex 2.23807928705355E-05 -1.20689655886963E-05 8.15000021248125E-05
         vertex 2.58290692727314E-05 -1.55172419908922E-05 8.15000021248125E-05
      endloop
   endfacet
   facet normal 0 0 1
      outer loop
         vertex 2.58290692727314E-05 -1.55172419908922E-05 8.15000021248125E-05
         vertex 2.23807928705355E-05 -1.20689655886963E-05 8.15000021248125E-05
         vertex 2.23807928705355E-05 -1.55172419908922E-05 8.15000021248125E-05
      endloop
   endfacet
   facet normal 0 0 1
      outer loop
         vertex 2.58290692727314E-05 -1.55172419908922E-05 8.15000021248125E-05
         vertex 2.23807928705355E-05 -1.55172419908922E-05 8.15000021248125E-05
         vertex 2.58290692727314E-05 -1.89655183930881E-05 8.15000021248125E-05
      endloop
   endfacet
   facet normal 0 0 1
      outer loop
         vertex 2.58290692727314E-05 -1.89655183930881E-05 8.15000021248125E-05
         vertex 2.23807928705355E-05 -1.55172419908922E-05 8.15000021248125E-05
         vertex 2.23807928705355E-05 -1.89655183930881E-05 8.15000021248125E-05
      endloop
   endfacet
   facet normal 0 0 1
      outer loop
         vertex 2.58290692727314E-05 -1.89655183930881E-05 8.15000021248125E-05
         vertex 2.23807928705355E-05 -1.89655183930881E-05 8.15000021248125E-05
         vertex 2.58290692727314E-05 -2.2413794795284E-05 8.15000021248125E-05
      endloop
   endfacet
   facet normal 0 0 1
      outer loop
         vertex 2.58290692727314E-05 -2.2413794795284E-05 8.15000021248125E-05
         vertex 2.23807928705355E-05 -1.89655183930881E-05 8.15000021248125E-05
         vertex 2.23807928705355E-05 -2.2413794795284E-05 8.15000021248125E-05
      endloop
   endfacet
   facet normal 0 0 1
      outer loop
         vertex 2.23807928705355E-05 1.55172419908922E-05 8.15000021248125E-05
         vertex 1.8932518287329E-05 1.55172419908922E-05 8.15000021248125E-05
         vertex 2.23807928705355E-05 1.20689655886963E-05 8.15000021248125E-05
      endloop
   endfacet
   facet normal 0 0 1
      outer loop
         vertex 2.23807928705355E-05 1.20689655886963E-05 8.15000021248125E-05
         vertex 1.8932518287329E-05 1.55172419908922E-05 8.15000021248125E-05
         vertex 1.8932518287329E-05 1.20689655886963E-05 8.15000021248125E-05
      endloop
   endfacet
   facet normal 0 0 1
      outer loop
         vertex 2.23807928705355E-05 1.20689655886963E-05 8.15000021248125E-05
         vertex 1.8932518287329E-05 1.20689655886963E-05 8.15000021248125E-05
         vertex 2.23807928705355E-05 8.62068918650039E-06 8.15000021248125E-05
      endloop
   endfacet
   facet normal 0 0 1
      outer loop
         vertex 2.23807928705355E-05 8.62068918650039E-06 8.15000021248125E-05
         vertex 1.8932518287329E-05 1.20689655886963E-05 8.15000021248125E-05
         vertex 1.8932518287329E-05 8.62068918650039E-06 8.15000021248125E-05
      endloop
   endfacet
   facet normal 0 0 1
      outer loop
         vertex 2.23807928705355E-05 8.62068918650039E-06 8.15000021248125E-05
         vertex 1.8932518287329E-05 8.62068918650039E-06 8.15000021248125E-05
         vertex 2.23807928705355E-05 5.17241369379917E-06 8.15000021248125E-05
      endloop
   endfacet
   facet normal 0 0 1
      outer loop
         vertex 2.23807928705355E-05 5.17241369379917E-06 8.15000021248125E-05
         vertex 1.8932518287329E-05 8.62068918650039E-06 8.15000021248125E-05
         vertex 1.8932518287329E-05 5.17241369379917E-06 8.15000021248125E-05
      endloop
   endfacet
   facet normal 0 0 1
      outer loop
         vertex 2.23807928705355E-05 5.17241369379917E-06 8.15000021248125E-05
         vertex 1.8932518287329E-05 5.17241369379917E-06 8.15000021248125E-05
         vertex 2.23807928705355E-05 1.72413797372428E-06 8.15000021248125E-05
      endloop
   endfacet
   facet normal 0 0 1
      outer loop
         vertex 2.23807928705355E-05 1.72413797372428E-06 8.15000021248125E-05
         vertex 1.8932518287329E-05 5.17241369379917E-06 8.15000021248125E-05
         vertex 1.8932518287329E-05 1.72413797372428E-06 8.15000021248125E-05
      endloop
   endfacet
   facet normal 0 0 1
      outer loop
         vertex 2.23807928705355E-05 1.72413797372428E-06 8.15000021248125E-05
         vertex 1.8932518287329E-05 1.72413797372428E-06 8.15000021248125E-05
         vertex 2.23807928705355E-05 -1.72413797372428E-06 8.15000021248125E-05
      endloop
   endfacet
   facet normal 0 0 1
      outer loop
         vertex 2.23807928705355E-05 -1.72413797372428E-06 8.15000021248125E-05
         vertex 1.8932518287329E-05 1.72413797372428E-06 8.15000021248125E-05
         vertex 1.8932518287329E-05 -1.72413797372428E-06 8.15000021248125E-05
      endloop
   endfacet
   facet normal 0 0 1
      outer loop
         vertex 2.23807928705355E-05 -1.72413797372428E-06 8.15000021248125E-05
         vertex 1.8932518287329E-05 -1.72413797372428E-06 8.15000021248125E-05
         vertex 2.23807928705355E-05 -5.17241369379917E-06 8.15000021248125E-05
      endloop
   endfacet
   facet normal 0 0 1
      outer loop
         vertex 2.23807928705355E-05 -5.17241369379917E-06 8.15000021248125E-05
         vertex 1.8932518287329E-05 -1.72413797372428E-06 8.15000021248125E-05
         vertex 1.8932518287329E-05 -5.17241369379917E-06 8.15000021248125E-05
      endloop
   endfacet
   facet normal 0 0 1
      outer loop
         vertex 2.23807928705355E-05 -5.17241369379917E-06 8.15000021248125E-05
         vertex 1.8932518287329E-05 -5.17241369379917E-06 8.15000021248125E-05
         vertex 2.23807928705355E-05 -8.62068918650039E-06 8.15000021248125E-05
      endloop
   endfacet
   facet normal 0 0 1
      outer loop
         vertex 2.23807928705355E-05 -8.62068918650039E-06 8.15000021248125E-05
         vertex 1.8932518287329E-05 -5.17241369379917E-06 8.15000021248125E-05
         vertex 1.8932518287329E-05 -8.62068918650039E-06 8.15000021248125E-05
      endloop
   endfacet
   facet normal 0 0 1
      outer loop
         vertex 2.23807928705355E-05 -8.62068918650039E-06 8.15000021248125E-05
         vertex 1.8932518287329E-05 -8.62068918650039E-06 8.15000021248125E-05
         vertex 2.23807928705355E-05 -1.20689655886963E-05 8.15000021248125E-05
      endloop
   endfacet
   facet normal 0 0 1
      outer loop
         vertex 2.23807928705355E-05 -1.20689655886963E-05 8.15000021248125E-05
         vertex 1.8932518287329E-05 -8.62068918650039E-06 8.15000021248125E-05
         vertex 1.8932518287329E-05 -1.20689655886963E-05 8.15000021248125E-05
      endloop
   endfacet
   facet normal 0 0 1
      outer loop
         vertex 2.23807928705355E-05 -1.20689655886963E-05 8.15000021248125E-05
         vertex 1.8932518287329E-05 -1.20689655886963E-05 8.15000021248125E-05
         vertex 2.23807928705355E-05 -1.55172419908922E-05 8.15000021248125E-05
      endloop
   endfacet
   facet normal 0 0 1
      outer loop
         vertex 2.23807928705355E-05 -1.55172419908922E-05 8.15000021248125E-05
         vertex 1.8932518287329E-05 -1.20689655886963E-05 8.15000021248125E-05
         vertex 1.8932518287329E-05 -1.55172419908922E-05 8.15000021248125E-05
      endloop
   endfacet
   facet normal 0 0 1
      outer loop
         vertex 2.23807928705355E-05 -1.55172419908922E-05 8.15000021248125E-05
         vertex 1.8932518287329E-05 -1.55172419908922E-05 8.15000021248125E-05
         vertex 2.23807928705355E-05 -1.89655183930881E-05 8.15000021248125E-05
      endloop
   endfacet
   facet normal 0 0 1
      outer loop
         vertex 2.23807928705355E-05 -1.89655183930881E-05 8.15000021248125E-05
         vertex 1.8932518287329E-05 -1.55172419908922E-05 8.15000021248125E-05
         vertex 1.8932518287329E-05 -1.89655183930881E-05 8.15000021248125E-05
      endloop
   endfacet
   facet normal 0 0 1
      outer loop
         vertex 2.23807928705355E-05 -1.89655183930881E-05 8.15000021248125E-05
         vertex 1.8932518287329E-05 -1.89655183930881E-05 8.15000021248125E-05
         vertex 2.23807928705355E-05 -2.2413794795284E-05 8.15000021248125E-05
      endloop
   endfacet
   facet normal 0 0 1
      outer loop
         vertex 2.23807928705355E-05 -2.2413794795284E-05 8.15000021248125E-05
         vertex 1.8932518287329E-05 -1.89655183930881E-05 8.15000021248125E-05
         vertex 1.8932518287329E-05 -2.2413794795284E-05 8.15000021248125E-05
      endloop
   endfacet
   facet normal 0 0 1
      outer loop
         vertex 1.8932518287329E-05 1.89655183930881E-05 8.15000021248125E-05
         vertex 1.54842418851331E-05 1.89655183930881E-05 8.15000021248125E-05
         vertex 1.8932518287329E-05 1.55172419908922E-05 8.15000021248125E-05
      endloop
   endfacet
   facet normal 0 0 1
      outer loop
         vertex 1.8932518287329E-05 1.55172419908922E-05 8.15000021248125E-05
         vertex 1.54842418851331E-05 1.89655183930881E-05 8.15000021248125E-05
         vertex 1.54842418851331E-05 1.55172419908922E-05 8.15000021248125E-05
      endloop
   endfacet
   facet normal 0 0 1
      outer loop
         vertex 1.8932518287329E-05 1.55172419908922E-05 8.15000021248125E-05
         vertex 1.54842418851331E-05 1.55172419908922E-05 8.15000021248125E-05
         vertex 1.8932518287329E-05 1.20689655886963E-05 8.15000021248125E-05
      endloop
   endfacet
   facet normal 0 0 1
      outer loop
         vertex 1.8932518287329E-05 1.20689655886963E-05 8.15000021248125E-05
         vertex 1.54842418851331E-05 1.55172419908922E-05 8.15000021248125E-05
         vertex 1.54842418851331E-05 1.20689655886963E-05 8.15000021248125E-05
      endloop
   endfacet
   facet normal 0 0 1
      outer loop
         vertex 1.8932518287329E-05 1.20689655886963E-05 8.15000021248125E-05
         vertex 1.54842418851331E-05 1.20689655886963E-05 8.15000021248125E-05
         vertex 1.8932518287329E-05 8.62068918650039E-06 8.15000021248125E-05
      endloop
   endfacet
   facet normal 0 0 1
      outer loop
         vertex 1.8932518287329E-05 8.62068918650039E-06 8.15000021248125E-05
         vertex 1.54842418851331E-05 1.20689655886963E-05 8.15000021248125E-05
         vertex 1.54842418851331E-05 8.62068918650039E-06 8.15000021248125E-05
      endloop
   endfacet
   facet normal 0 0 1
      outer loop
         vertex 1.8932518287329E-05 8.62068918650039E-06 8.15000021248125E-05
         vertex 1.54842418851331E-05 8.62068918650039E-06 8.15000021248125E-05
         vertex 1.8932518287329E-05 5.17241369379917E-06 8.15000021248125E-05
      endloop
   endfacet
   facet normal 0 0 1
      outer loop
         vertex 1.8932518287329E-05 5.17241369379917E-06 8.15000021248125E-05
         vertex 1.54842418851331E-05 8.62068918650039E-06 8.15000021248125E-05
         vertex 1.54842418851331E-05 5.17241369379917E-06 8.15000021248125E-05
      endloop
   endfacet
   facet normal 0 0 1
      outer loop
         vertex 1.8932518287329E-05 5.17241369379917E-06 8.15000021248125E-05
         vertex 1.54842418851331E-05 5.17241369379917E-06 8.15000021248125E-05
         vertex 1.8932518287329E-05 1.72413797372428E-06 8.15000021248125E-05
      endloop
   endfacet
   facet normal 0 0 1
      outer loop
         vertex 1.8932518287329E-05 1.72413797372428E-06 8.15000021248125E-05
         vertex 1.54842418851331E-05 5.17241369379917E-06 8.15000021248125E-05
         vertex 1.54842418851331E-05 1.72413797372428E-06 8.15000021248125E-05
      endloop
   endfacet
   facet normal 0 0 1
      outer loop
         vertex 1.8932518287329E-05 1.72413797372428E-06 8.15000021248125E-05
         vertex 1.54842418851331E-05 1.72413797372428E-06 8.15000021248125E-05
         vertex 1.8932518287329E-05 -1.72413797372428E-06 8.15000021248125E-05
      endloop
   endfacet
   facet normal 0 0 1
      outer loop
         vertex 1.8932518287329E-05 -1.72413797372428E-06 8.15000021248125E-05
         vertex 1.54842418851331E-05 1.72413797372428E-06 8.15000021248125E-05
         vertex 1.54842418851331E-05 -1.72413797372428E-06 8.15000021248125E-05
      endloop
   endfacet
   facet normal 0 0 1
      outer loop
         vertex 1.8932518287329E-05 -1.72413797372428E-06 8.15000021248125E-05
         vertex 1.54842418851331E-05 -1.72413797372428E-06 8.15000021248125E-05
         vertex 1.8932518287329E-05 -5.17241369379917E-06 8.15000021248125E-05
      endloop
   endfacet
   facet normal 0 0 1
      outer loop
         vertex 1.8932518287329E-05 -5.17241369379917E-06 8.15000021248125E-05
         vertex 1.54842418851331E-05 -1.72413797372428E-06 8.15000021248125E-05
         vertex 1.54842418851331E-05 -5.17241369379917E-06 8.15000021248125E-05
      endloop
   endfacet
   facet normal 0 0 1
      outer loop
         vertex 1.8932518287329E-05 -5.17241369379917E-06 8.15000021248125E-05
         vertex 1.54842418851331E-05 -5.17241369379917E-06 8.15000021248125E-05
         vertex 1.8932518287329E-05 -8.62068918650039E-06 8.15000021248125E-05
      endloop
   endfacet
   facet normal 0 0 1
      outer loop
         vertex 1.8932518287329E-05 -8.62068918650039E-06 8.15000021248125E-05
         vertex 1.54842418851331E-05 -5.17241369379917E-06 8.15000021248125E-05
         vertex 1.54842418851331E-05 -8.62068918650039E-06 8.15000021248125E-05
      endloop
   endfacet
   facet normal 0 0 1
      outer loop
         vertex 1.8932518287329E-05 -8.62068918650039E-06 8.15000021248125E-05
         vertex 1.54842418851331E-05 -8.62068918650039E-06 8.15000021248125E-05
         vertex 1.8932518287329E-05 -1.20689655886963E-05 8.15000021248125E-05
      endloop
   endfacet
   facet normal 0 0 1
      outer loop
         vertex 1.8932518287329E-05 -1.20689655886963E-05 8.15000021248125E-05
         vertex 1.54842418851331E-05 -8.62068918650039E-06 8.15000021248125E-05
         vertex 1.54842418851331E-05 -1.20689655886963E-05 8.15000021248125E-05
      endloop
   endfacet
   facet normal 0 0 1
      outer loop
         vertex 1.8932518287329E-05 -1.20689655886963E-05 8.15000021248125E-05
         vertex 1.54842418851331E-05 -1.20689655886963E-05 8.15000021248125E-05
         vertex 1.8932518287329E-05 -1.55172419908922E-05 8.15000021248125E-05
      endloop
   endfacet
   facet normal 0 0 1
      outer loop
         vertex 1.8932518287329E-05 -1.55172419908922E-05 8.15000021248125E-05
         vertex 1.54842418851331E-05 -1.20689655886963E-05 8.15000021248125E-05
         vertex 1.54842418851331E-05 -1.55172419908922E-05 8.15000021248125E-05
      endloop
   endfacet
   facet normal 0 0 1
      outer loop
         vertex 1.8932518287329E-05 -1.55172419908922E-05 8.15000021248125E-05
         vertex 1.54842418851331E-05 -1.55172419908922E-05 8.15000021248125E-05
         vertex 1.8932518287329E-05 -1.89655183930881E-05 8.15000021248125E-05
      endloop
   endfacet
   facet normal 0 0 1
      outer loop
         vertex 1.8932518287329E-05 -1.89655183930881E-05 8.15000021248125E-05
         vertex 1.54842418851331E-05 -1.55172419908922E-05 8.15000021248125E-05
         vertex 1.54842418851331E-05 -1.89655183930881E-05 8.15000021248125E-05
      endloop
   endfacet
   facet normal 0 0 1
      outer loop
         vertex 1.8932518287329E-05 -1.89655183930881E-05 8.15000021248125E-05
         vertex 1.54842418851331E-05 -1.89655183930881E-05 8.15000021248125E-05
         vertex 1.8932518287329E-05 -2.2413794795284E-05 8.15000021248125E-05
      endloop
   endfacet
   facet normal 0 0 1
      outer loop
         vertex 1.8932518287329E-05 -2.2413794795284E-05 8.15000021248125E-05
         vertex 1.54842418851331E-05 -1.89655183930881E-05 8.15000021248125E-05
         vertex 1.54842418851331E-05 -2.2413794795284E-05 8.15000021248125E-05
      endloop
   endfacet
   facet normal 0 0 1
      outer loop
         vertex 1.54842418851331E-05 2.2413794795284E-05 8.15000021248125E-05
         vertex 1.20359654829372E-05 2.2413794795284E-05 8.15000021248125E-05
         vertex 1.54842418851331E-05 1.89655183930881E-05 8.15000021248125E-05
      endloop
   endfacet
   facet normal 0 0 1
      outer loop
         vertex 1.54842418851331E-05 1.89655183930881E-05 8.15000021248125E-05
         vertex 1.20359654829372E-05 2.2413794795284E-05 8.15000021248125E-05
         vertex 1.20359654829372E-05 1.89655183930881E-05 8.15000021248125E-05
      endloop
   endfacet
   facet normal 0 0 1
      outer loop
         vertex 1.54842418851331E-05 1.89655183930881E-05 8.15000021248125E-05
         vertex 1.20359654829372E-05 1.89655183930881E-05 8.15000021248125E-05
         vertex 1.54842418851331E-05 1.55172419908922E-05 8.15000021248125E-05
      endloop
   endfacet
   facet normal 0 0 1
      outer loop
         vertex 1.54842418851331E-05 1.55172419908922E-05 8.15000021248125E-05
         vertex 1.20359654829372E-05 1.89655183930881E-05 8.15000021248125E-05
         vertex 1.20359654829372E-05 1.55172419908922E-05 8.15000021248125E-05
      endloop
   endfacet
   facet normal 0 0 1
      outer loop
         vertex 1.54842418851331E-05 1.55172419908922E-05 8.15000021248125E-05
         vertex 1.20359654829372E-05 1.55172419908922E-05 8.15000021248125E-05
         vertex 1.54842418851331E-05 1.20689655886963E-05 8.15000021248125E-05
      endloop
   endfacet
   facet normal 0 0 1
      outer loop
         vertex 1.54842418851331E-05 1.20689655886963E-05 8.15000021248125E-05
         vertex 1.20359654829372E-05 1.55172419908922E-05 8.15000021248125E-05
         vertex 1.20359654829372E-05 1.20689655886963E-05 8.15000021248125E-05
      endloop
   endfacet
   facet normal 0 0 1
      outer loop
         vertex 1.54842418851331E-05 1.20689655886963E-05 8.15000021248125E-05
         vertex 1.20359654829372E-05 1.20689655886963E-05 8.15000021248125E-05
         vertex 1.54842418851331E-05 8.62068918650039E-06 8.15000021248125E-05
      endloop
   endfacet
   facet normal 0 0 1
      outer loop
         vertex 1.54842418851331E-05 8.62068918650039E-06 8.15000021248125E-05
         vertex 1.20359654829372E-05 1.20689655886963E-05 8.15000021248125E-05
         vertex 1.20359654829372E-05 8.62068918650039E-06 8.15000021248125E-05
      endloop
   endfacet
   facet normal 0 0 1
      outer loop
         vertex 1.54842418851331E-05 8.62068918650039E-06 8.15000021248125E-05
         vertex 1.20359654829372E-05 8.62068918650039E-06 8.15000021248125E-05
         vertex 1.54842418851331E-05 5.17241369379917E-06 8.15000021248125E-05
      endloop
   endfacet
   facet normal 0 0 1
      outer loop
         vertex 1.54842418851331E-05 5.17241369379917E-06 8.15000021248125E-05
         vertex 1.20359654829372E-05 8.62068918650039E-06 8.15000021248125E-05
         vertex 1.20359654829372E-05 5.17241369379917E-06 8.15000021248125E-05
      endloop
   endfacet
   facet normal 0 0 1
      outer loop
         vertex 1.54842418851331E-05 5.17241369379917E-06 8.15000021248125E-05
         vertex 1.20359654829372E-05 5.17241369379917E-06 8.15000021248125E-05
         vertex 1.54842418851331E-05 1.72413797372428E-06 8.15000021248125E-05
      endloop
   endfacet
   facet normal 0 0 1
      outer loop
         vertex 1.54842418851331E-05 1.72413797372428E-06 8.15000021248125E-05
         vertex 1.20359654829372E-05 5.17241369379917E-06 8.15000021248125E-05
         vertex 1.20359654829372E-05 1.72413797372428E-06 8.15000021248125E-05
      endloop
   endfacet
   facet normal 0 0 1
      outer loop
         vertex 1.54842418851331E-05 1.72413797372428E-06 8.15000021248125E-05
         vertex 1.20359654829372E-05 1.72413797372428E-06 8.15000021248125E-05
         vertex 1.54842418851331E-05 -1.72413797372428E-06 8.15000021248125E-05
      endloop
   endfacet
   facet normal 0 0 1
      outer loop
         vertex 1.54842418851331E-05 -1.72413797372428E-06 8.15000021248125E-05
         vertex 1.20359654829372E-05 1.72413797372428E-06 8.15000021248125E-05
         vertex 1.20359654829372E-05 -1.72413797372428E-06 8.15000021248125E-05
      endloop
   endfacet
   facet normal 0 0 1
      outer loop
         vertex 1.54842418851331E-05 -1.72413797372428E-06 8.15000021248125E-05
         vertex 1.20359654829372E-05 -1.72413797372428E-06 8.15000021248125E-05
         vertex 1.54842418851331E-05 -5.17241369379917E-06 8.15000021248125E-05
      endloop
   endfacet
   facet normal 0 0 1
      outer loop
         vertex 1.54842418851331E-05 -5.17241369379917E-06 8.15000021248125E-05
         vertex 1.20359654829372E-05 -1.72413797372428E-06 8.15000021248125E-05
         vertex 1.20359654829372E-05 -5.17241369379917E-06 8.15000021248125E-05
      endloop
   endfacet
   facet normal 0 0 1
      outer loop
         vertex 1.54842418851331E-05 -5.17241369379917E-06 8.15000021248125E-05
         vertex 1.20359654829372E-05 -5.17241369379917E-06 8.15000021248125E-05
         vertex 1.54842418851331E-05 -8.62068918650039E-06 8.15000021248125E-05
      endloop
   endfacet
   facet normal 0 0 1
      outer loop
         vertex 1.54842418851331E-05 -8.62068918650039E-06 8.15000021248125E-05
         vertex 1.20359654829372E-05 -5.17241369379917E-06 8.15000021248125E-05
         vertex 1.20359654829372E-05 -8.62068918650039E-06 8.15000021248125E-05
      endloop
   endfacet
   facet normal 0 0 1
      outer loop
         vertex 1.54842418851331E-05 -8.62068918650039E-06 8.15000021248125E-05
         vertex 1.20359654829372E-05 -8.62068918650039E-06 8.15000021248125E-05
         vertex 1.54842418851331E-05 -1.20689655886963E-05 8.15000021248125E-05
      endloop
   endfacet
   facet normal 0 0 1
      outer loop
         vertex 1.54842418851331E-05 -1.20689655886963E-05 8.15000021248125E-05
         vertex 1.20359654829372E-05 -8.62068918650039E-06 8.15000021248125E-05
         vertex 1.20359654829372E-05 -1.20689655886963E-05 8.15000021248125E-05
      endloop
   endfacet
   facet normal 0 0 1
      outer loop
         vertex 1.54842418851331E-05 -1.20689655886963E-05 8.15000021248125E-05
         vertex 1.20359654829372E-05 -1.20689655886963E-05 8.15000021248125E-05
         vertex 1.54842418851331E-05 -1.55172419908922E-05 8.15000021248125E-05
      endloop
   endfacet
   facet normal 0 0 1
      outer loop
         vertex 1.54842418851331E-05 -1.55172419908922E-05 8.15000021248125E-05
         vertex 1.20359654829372E-05 -1.20689655886963E-05 8.15000021248125E-05
         vertex 1.20359654829372E-05 -1.55172419908922E-05 8.15000021248125E-05
      endloop
   endfacet
   facet normal 0 0 1
      outer loop
         vertex 1.54842418851331E-05 -1.55172419908922E-05 8.15000021248125E-05
         vertex 1.20359654829372E-05 -1.55172419908922E-05 8.15000021248125E-05
         vertex 1.54842418851331E-05 -1.89655183930881E-05 8.15000021248125E-05
      endloop
   endfacet
   facet normal 0 0 1
      outer loop
         vertex 1.54842418851331E-05 -1.89655183930881E-05 8.15000021248125E-05
         vertex 1.20359654829372E-05 -1.55172419908922E-05 8.15000021248125E-05
         vertex 1.20359654829372E-05 -1.89655183930881E-05 8.15000021248125E-05
      endloop
   endfacet
   facet normal 0 0 1
      outer loop
         vertex 1.54842418851331E-05 -1.89655183930881E-05 8.15000021248125E-05
         vertex 1.20359654829372E-05 -1.89655183930881E-05 8.15000021248125E-05
         vertex 1.54842418851331E-05 -2.2413794795284E-05 8.15000021248125E-05
      endloop
   endfacet
   facet normal 0 0 1
      outer loop
         vertex 1.54842418851331E-05 -2.2413794795284E-05 8.15000021248125E-05
         vertex 1.20359654829372E-05 -1.89655183930881E-05 8.15000021248125E-05
         vertex 1.20359654829372E-05 -2.2413794795284E-05 8.15000021248125E-05
      endloop
   endfacet
   facet normal 0 0 1
      outer loop
         vertex 1.20359654829372E-05 2.58620693784906E-05 8.15000021248125E-05
         vertex 8.58768999023596E-06 2.58620693784906E-05 8.15000021248125E-05
         vertex 1.20359654829372E-05 2.2413794795284E-05 8.15000021248125E-05
      endloop
   endfacet
   facet normal 0 0 1
      outer loop
         vertex 1.20359654829372E-05 2.2413794795284E-05 8.15000021248125E-05
         vertex 8.58768999023596E-06 2.58620693784906E-05 8.15000021248125E-05
         vertex 8.58768999023596E-06 2.2413794795284E-05 8.15000021248125E-05
      endloop
   endfacet
   facet normal 0 0 1
      outer loop
         vertex 1.20359654829372E-05 2.2413794795284E-05 8.15000021248125E-05
         vertex 8.58768999023596E-06 2.2413794795284E-05 8.15000021248125E-05
         vertex 1.20359654829372E-05 1.89655183930881E-05 8.15000021248125E-05
      endloop
   endfacet
   facet normal 0 0 1
      outer loop
         vertex 1.20359654829372E-05 1.89655183930881E-05 8.15000021248125E-05
         vertex 8.58768999023596E-06 2.2413794795284E-05 8.15000021248125E-05
         vertex 8.58768999023596E-06 1.89655183930881E-05 8.15000021248125E-05
      endloop
   endfacet
   facet normal 0 0 1
      outer loop
         vertex 1.20359654829372E-05 1.89655183930881E-05 8.15000021248125E-05
         vertex 8.58768999023596E-06 1.89655183930881E-05 8.15000021248125E-05
         vertex 1.20359654829372E-05 1.55172419908922E-05 8.15000021248125E-05
      endloop
   endfacet
   facet normal 0 0 1
      outer loop
         vertex 1.20359654829372E-05 1.55172419908922E-05 8.15000021248125E-05
         vertex 8.58768999023596E-06 1.89655183930881E-05 8.15000021248125E-05
         vertex 8.58768999023596E-06 1.55172419908922E-05 8.15000021248125E-05
      endloop
   endfacet
   facet normal 0 0 1
      outer loop
         vertex 1.20359654829372E-05 1.55172419908922E-05 8.15000021248125E-05
         vertex 8.58768999023596E-06 1.55172419908922E-05 8.15000021248125E-05
         vertex 1.20359654829372E-05 1.20689655886963E-05 8.15000021248125E-05
      endloop
   endfacet
   facet normal 0 0 1
      outer loop
         vertex 1.20359654829372E-05 1.20689655886963E-05 8.15000021248125E-05
         vertex 8.58768999023596E-06 1.55172419908922E-05 8.15000021248125E-05
         vertex 8.58768999023596E-06 1.20689655886963E-05 8.15000021248125E-05
      endloop
   endfacet
   facet normal 0 0 1
      outer loop
         vertex 1.20359654829372E-05 1.20689655886963E-05 8.15000021248125E-05
         vertex 8.58768999023596E-06 1.20689655886963E-05 8.15000021248125E-05
         vertex 1.20359654829372E-05 8.62068918650039E-06 8.15000021248125E-05
      endloop
   endfacet
   facet normal 0 0 1
      outer loop
         vertex 1.20359654829372E-05 8.62068918650039E-06 8.15000021248125E-05
         vertex 8.58768999023596E-06 1.20689655886963E-05 8.15000021248125E-05
         vertex 8.58768999023596E-06 8.62068918650039E-06 8.15000021248125E-05
      endloop
   endfacet
   facet normal 0 0 1
      outer loop
         vertex 1.20359654829372E-05 8.62068918650039E-06 8.15000021248125E-05
         vertex 8.58768999023596E-06 8.62068918650039E-06 8.15000021248125E-05
         vertex 1.20359654829372E-05 5.17241369379917E-06 8.15000021248125E-05
      endloop
   endfacet
   facet normal 0 0 1
      outer loop
         vertex 1.20359654829372E-05 5.17241369379917E-06 8.15000021248125E-05
         vertex 8.58768999023596E-06 8.62068918650039E-06 8.15000021248125E-05
         vertex 8.58768999023596E-06 5.17241369379917E-06 8.15000021248125E-05
      endloop
   endfacet
   facet normal 0 0 1
      outer loop
         vertex 1.20359654829372E-05 5.17241369379917E-06 8.15000021248125E-05
         vertex 8.58768999023596E-06 5.17241369379917E-06 8.15000021248125E-05
         vertex 1.20359654829372E-05 1.72413797372428E-06 8.15000021248125E-05
      endloop
   endfacet
   facet normal 0 0 1
      outer loop
         vertex 1.20359654829372E-05 1.72413797372428E-06 8.15000021248125E-05
         vertex 8.58768999023596E-06 5.17241369379917E-06 8.15000021248125E-05
         vertex 8.58768999023596E-06 1.72413797372428E-06 8.15000021248125E-05
      endloop
   endfacet
   facet normal 0 0 1
      outer loop
         vertex 1.20359654829372E-05 1.72413797372428E-06 8.15000021248125E-05
         vertex 8.58768999023596E-06 1.72413797372428E-06 8.15000021248125E-05
         vertex 1.20359654829372E-05 -1.72413797372428E-06 8.15000021248125E-05
      endloop
   endfacet
   facet normal 0 0 1
      outer loop
         vertex 1.20359654829372E-05 -1.72413797372428E-06 8.15000021248125E-05
         vertex 8.58768999023596E-06 1.72413797372428E-06 8.15000021248125E-05
         vertex 8.58768999023596E-06 -1.72413797372428E-06 8.15000021248125E-05
      endloop
   endfacet
   facet normal 0 0 1
      outer loop
         vertex 1.20359654829372E-05 -1.72413797372428E-06 8.15000021248125E-05
         vertex 8.58768999023596E-06 -1.72413797372428E-06 8.15000021248125E-05
         vertex 1.20359654829372E-05 -5.17241369379917E-06 8.15000021248125E-05
      endloop
   endfacet
   facet normal 0 0 1
      outer loop
         vertex 1.20359654829372E-05 -5.17241369379917E-06 8.15000021248125E-05
         vertex 8.58768999023596E-06 -1.72413797372428E-06 8.15000021248125E-05
         vertex 8.58768999023596E-06 -5.17241369379917E-06 8.15000021248125E-05
      endloop
   endfacet
   facet normal 0 0 1
      outer loop
         vertex 1.20359654829372E-05 -5.17241369379917E-06 8.15000021248125E-05
         vertex 8.58768999023596E-06 -5.17241369379917E-06 8.15000021248125E-05
         vertex 1.20359654829372E-05 -8.62068918650039E-06 8.15000021248125E-05
      endloop
   endfacet
   facet normal 0 0 1
      outer loop
         vertex 1.20359654829372E-05 -8.62068918650039E-06 8.15000021248125E-05
         vertex 8.58768999023596E-06 -5.17241369379917E-06 8.15000021248125E-05
         vertex 8.58768999023596E-06 -8.62068918650039E-06 8.15000021248125E-05
      endloop
   endfacet
   facet normal 0 0 1
      outer loop
         vertex 1.20359654829372E-05 -8.62068918650039E-06 8.15000021248125E-05
         vertex 8.58768999023596E-06 -8.62068918650039E-06 8.15000021248125E-05
         vertex 1.20359654829372E-05 -1.20689655886963E-05 8.15000021248125E-05
      endloop
   endfacet
   facet normal 0 0 1
      outer loop
         vertex 1.20359654829372E-05 -1.20689655886963E-05 8.15000021248125E-05
         vertex 8.58768999023596E-06 -8.62068918650039E-06 8.15000021248125E-05
         vertex 8.58768999023596E-06 -1.20689655886963E-05 8.15000021248125E-05
      endloop
   endfacet
   facet normal 0 0 1
      outer loop
         vertex 1.20359654829372E-05 -1.20689655886963E-05 8.15000021248125E-05
         vertex 8.58768999023596E-06 -1.20689655886963E-05 8.15000021248125E-05
         vertex 1.20359654829372E-05 -1.55172419908922E-05 8.15000021248125E-05
      endloop
   endfacet
   facet normal 0 0 1
      outer loop
         vertex 1.20359654829372E-05 -1.55172419908922E-05 8.15000021248125E-05
         vertex 8.58768999023596E-06 -1.20689655886963E-05 8.15000021248125E-05
         vertex 8.58768999023596E-06 -1.55172419908922E-05 8.15000021248125E-05
      endloop
   endfacet
   facet normal 0 0 1
      outer loop
         vertex 1.20359654829372E-05 -1.55172419908922E-05 8.15000021248125E-05
         vertex 8.58768999023596E-06 -1.55172419908922E-05 8.15000021248125E-05
         vertex 1.20359654829372E-05 -1.89655183930881E-05 8.15000021248125E-05
      endloop
   endfacet
   facet normal 0 0 1
      outer loop
         vertex 1.20359654829372E-05 -1.89655183930881E-05 8.15000021248125E-05
         vertex 8.58768999023596E-06 -1.55172419908922E-05 8.15000021248125E-05
         vertex 8.58768999023596E-06 -1.89655183930881E-05 8.15000021248125E-05
      endloop
   endfacet
   facet normal 0 0 1
      outer loop
         vertex 1.20359654829372E-05 -1.89655183930881E-05 8.15000021248125E-05
         vertex 8.58768999023596E-06 -1.89655183930881E-05 8.15000021248125E-05
         vertex 1.20359654829372E-05 -2.2413794795284E-05 8.15000021248125E-05
      endloop
   endfacet
   facet normal 0 0 1
      outer loop
         vertex 1.20359654829372E-05 -2.2413794795284E-05 8.15000021248125E-05
         vertex 8.58768999023596E-06 -1.89655183930881E-05 8.15000021248125E-05
         vertex 8.58768999023596E-06 -2.2413794795284E-05 8.15000021248125E-05
      endloop
   endfacet
   facet normal 0 0 1
      outer loop
         vertex 8.58768999023596E-06 2.93103457806865E-05 8.15000021248125E-05
         vertex 5.13941358804004E-06 2.93103457806865E-05 8.15000021248125E-05
         vertex 8.58768999023596E-06 2.58620693784906E-05 8.15000021248125E-05
      endloop
   endfacet
   facet normal 0 0 1
      outer loop
         vertex 8.58768999023596E-06 2.58620693784906E-05 8.15000021248125E-05
         vertex 5.13941358804004E-06 2.93103457806865E-05 8.15000021248125E-05
         vertex 5.13941358804004E-06 2.58620693784906E-05 8.15000021248125E-05
      endloop
   endfacet
   facet normal 0 0 1
      outer loop
         vertex 8.58768999023596E-06 2.58620693784906E-05 8.15000021248125E-05
         vertex 5.13941358804004E-06 2.58620693784906E-05 8.15000021248125E-05
         vertex 8.58768999023596E-06 2.2413794795284E-05 8.15000021248125E-05
      endloop
   endfacet
   facet normal 0 0 1
      outer loop
         vertex 8.58768999023596E-06 2.2413794795284E-05 8.15000021248125E-05
         vertex 5.13941358804004E-06 2.58620693784906E-05 8.15000021248125E-05
         vertex 5.13941358804004E-06 2.2413794795284E-05 8.15000021248125E-05
      endloop
   endfacet
   facet normal 0 0 1
      outer loop
         vertex 8.58768999023596E-06 2.2413794795284E-05 8.15000021248125E-05
         vertex 5.13941358804004E-06 2.2413794795284E-05 8.15000021248125E-05
         vertex 8.58768999023596E-06 1.89655183930881E-05 8.15000021248125E-05
      endloop
   endfacet
   facet normal 0 0 1
      outer loop
         vertex 8.58768999023596E-06 1.89655183930881E-05 8.15000021248125E-05
         vertex 5.13941358804004E-06 2.2413794795284E-05 8.15000021248125E-05
         vertex 5.13941358804004E-06 1.89655183930881E-05 8.15000021248125E-05
      endloop
   endfacet
   facet normal 0 0 1
      outer loop
         vertex 8.58768999023596E-06 1.89655183930881E-05 8.15000021248125E-05
         vertex 5.13941358804004E-06 1.89655183930881E-05 8.15000021248125E-05
         vertex 8.58768999023596E-06 1.55172419908922E-05 8.15000021248125E-05
      endloop
   endfacet
   facet normal 0 0 1
      outer loop
         vertex 8.58768999023596E-06 1.55172419908922E-05 8.15000021248125E-05
         vertex 5.13941358804004E-06 1.89655183930881E-05 8.15000021248125E-05
         vertex 5.13941358804004E-06 1.55172419908922E-05 8.15000021248125E-05
      endloop
   endfacet
   facet normal 0 0 1
      outer loop
         vertex 8.58768999023596E-06 1.55172419908922E-05 8.15000021248125E-05
         vertex 5.13941358804004E-06 1.55172419908922E-05 8.15000021248125E-05
         vertex 8.58768999023596E-06 1.20689655886963E-05 8.15000021248125E-05
      endloop
   endfacet
   facet normal 0 0 1
      outer loop
         vertex 8.58768999023596E-06 1.20689655886963E-05 8.15000021248125E-05
         vertex 5.13941358804004E-06 1.55172419908922E-05 8.15000021248125E-05
         vertex 5.13941358804004E-06 1.20689655886963E-05 8.15000021248125E-05
      endloop
   endfacet
   facet normal 0 0 1
      outer loop
         vertex 8.58768999023596E-06 1.20689655886963E-05 8.15000021248125E-05
         vertex 5.13941358804004E-06 1.20689655886963E-05 8.15000021248125E-05
         vertex 8.58768999023596E-06 8.62068918650039E-06 8.15000021248125E-05
      endloop
   endfacet
   facet normal 0 0 1
      outer loop
         vertex 8.58768999023596E-06 8.62068918650039E-06 8.15000021248125E-05
         vertex 5.13941358804004E-06 1.20689655886963E-05 8.15000021248125E-05
         vertex 5.13941358804004E-06 8.62068918650039E-06 8.15000021248125E-05
      endloop
   endfacet
   facet normal 0 0 1
      outer loop
         vertex 8.58768999023596E-06 8.62068918650039E-06 8.15000021248125E-05
         vertex 5.13941358804004E-06 8.62068918650039E-06 8.15000021248125E-05
         vertex 8.58768999023596E-06 5.17241369379917E-06 8.15000021248125E-05
      endloop
   endfacet
   facet normal 0 0 1
      outer loop
         vertex 8.58768999023596E-06 5.17241369379917E-06 8.15000021248125E-05
         vertex 5.13941358804004E-06 8.62068918650039E-06 8.15000021248125E-05
         vertex 5.13941358804004E-06 5.17241369379917E-06 8.15000021248125E-05
      endloop
   endfacet
   facet normal 0 0 1
      outer loop
         vertex 8.58768999023596E-06 5.17241369379917E-06 8.15000021248125E-05
         vertex 5.13941358804004E-06 5.17241369379917E-06 8.15000021248125E-05
         vertex 8.58768999023596E-06 1.72413797372428E-06 8.15000021248125E-05
      endloop
   endfacet
   facet normal 0 0 1
      outer loop
         vertex 8.58768999023596E-06 1.72413797372428E-06 8.15000021248125E-05
         vertex 5.13941358804004E-06 5.17241369379917E-06 8.15000021248125E-05
         vertex 5.13941358804004E-06 1.72413797372428E-06 8.15000021248125E-05
      endloop
   endfacet
   facet normal 0 0 1
      outer loop
         vertex 8.58768999023596E-06 1.72413797372428E-06 8.15000021248125E-05
         vertex 5.13941358804004E-06 1.72413797372428E-06 8.15000021248125E-05
         vertex 8.58768999023596E-06 -1.72413797372428E-06 8.15000021248125E-05
      endloop
   endfacet
   facet normal 0 0 1
      outer loop
         vertex 8.58768999023596E-06 -1.72413797372428E-06 8.15000021248125E-05
         vertex 5.13941358804004E-06 1.72413797372428E-06 8.15000021248125E-05
         vertex 5.13941358804004E-06 -1.72413797372428E-06 8.15000021248125E-05
      endloop
   endfacet
   facet normal 0 0 1
      outer loop
         vertex 8.58768999023596E-06 -1.72413797372428E-06 8.15000021248125E-05
         vertex 5.13941358804004E-06 -1.72413797372428E-06 8.15000021248125E-05
         vertex 8.58768999023596E-06 -5.17241369379917E-06 8.15000021248125E-05
      endloop
   endfacet
   facet normal 0 0 1
      outer loop
         vertex 8.58768999023596E-06 -5.17241369379917E-06 8.15000021248125E-05
         vertex 5.13941358804004E-06 -1.72413797372428E-06 8.15000021248125E-05
         vertex 5.13941358804004E-06 -5.17241369379917E-06 8.15000021248125E-05
      endloop
   endfacet
   facet normal 0 0 1
      outer loop
         vertex 8.58768999023596E-06 -5.17241369379917E-06 8.15000021248125E-05
         vertex 5.13941358804004E-06 -5.17241369379917E-06 8.15000021248125E-05
         vertex 8.58768999023596E-06 -8.62068918650039E-06 8.15000021248125E-05
      endloop
   endfacet
   facet normal 0 0 1
      outer loop
         vertex 8.58768999023596E-06 -8.62068918650039E-06 8.15000021248125E-05
         vertex 5.13941358804004E-06 -5.17241369379917E-06 8.15000021248125E-05
         vertex 5.13941358804004E-06 -8.62068918650039E-06 8.15000021248125E-05
      endloop
   endfacet
   facet normal 0 0 1
      outer loop
         vertex 8.58768999023596E-06 -8.62068918650039E-06 8.15000021248125E-05
         vertex 5.13941358804004E-06 -8.62068918650039E-06 8.15000021248125E-05
         vertex 8.58768999023596E-06 -1.20689655886963E-05 8.15000021248125E-05
      endloop
   endfacet
   facet normal 0 0 1
      outer loop
         vertex 8.58768999023596E-06 -1.20689655886963E-05 8.15000021248125E-05
         vertex 5.13941358804004E-06 -8.62068918650039E-06 8.15000021248125E-05
         vertex 5.13941358804004E-06 -1.20689655886963E-05 8.15000021248125E-05
      endloop
   endfacet
   facet normal 0 0 1
      outer loop
         vertex 8.58768999023596E-06 -1.20689655886963E-05 8.15000021248125E-05
         vertex 5.13941358804004E-06 -1.20689655886963E-05 8.15000021248125E-05
         vertex 8.58768999023596E-06 -1.55172419908922E-05 8.15000021248125E-05
      endloop
   endfacet
   facet normal 0 0 1
      outer loop
         vertex 8.58768999023596E-06 -1.55172419908922E-05 8.15000021248125E-05
         vertex 5.13941358804004E-06 -1.20689655886963E-05 8.15000021248125E-05
         vertex 5.13941358804004E-06 -1.55172419908922E-05 8.15000021248125E-05
      endloop
   endfacet
   facet normal 0 0 1
      outer loop
         vertex 8.58768999023596E-06 -1.55172419908922E-05 8.15000021248125E-05
         vertex 5.13941358804004E-06 -1.55172419908922E-05 8.15000021248125E-05
         vertex 8.58768999023596E-06 -1.89655183930881E-05 8.15000021248125E-05
      endloop
   endfacet
   facet normal 0 0 1
      outer loop
         vertex 8.58768999023596E-06 -1.89655183930881E-05 8.15000021248125E-05
         vertex 5.13941358804004E-06 -1.55172419908922E-05 8.15000021248125E-05
         vertex 5.13941358804004E-06 -1.89655183930881E-05 8.15000021248125E-05
      endloop
   endfacet
   facet normal 0 0 1
      outer loop
         vertex 8.58768999023596E-06 -1.89655183930881E-05 8.15000021248125E-05
         vertex 5.13941358804004E-06 -1.89655183930881E-05 8.15000021248125E-05
         vertex 8.58768999023596E-06 -2.2413794795284E-05 8.15000021248125E-05
      endloop
   endfacet
   facet normal 0 0 1
      outer loop
         vertex 8.58768999023596E-06 -2.2413794795284E-05 8.15000021248125E-05
         vertex 5.13941358804004E-06 -1.89655183930881E-05 8.15000021248125E-05
         vertex 5.13941358804004E-06 -2.2413794795284E-05 8.15000021248125E-05
      endloop
   endfacet
   facet normal 0 0 1
      outer loop
         vertex 5.13941358804004E-06 3.2758620363893E-05 8.15000021248125E-05
         vertex 1.69113786796515E-06 3.2758620363893E-05 8.15000021248125E-05
         vertex 5.13941358804004E-06 2.93103457806865E-05 8.15000021248125E-05
      endloop
   endfacet
   facet normal 0 0 1
      outer loop
         vertex 5.13941358804004E-06 2.93103457806865E-05 8.15000021248125E-05
         vertex 1.69113786796515E-06 3.2758620363893E-05 8.15000021248125E-05
         vertex 1.69113786796515E-06 2.93103457806865E-05 8.15000021248125E-05
      endloop
   endfacet
   facet normal 0 0 1
      outer loop
         vertex 5.13941358804004E-06 2.93103457806865E-05 8.15000021248125E-05
         vertex 1.69113786796515E-06 2.93103457806865E-05 8.15000021248125E-05
         vertex 5.13941358804004E-06 2.58620693784906E-05 8.15000021248125E-05
      endloop
   endfacet
   facet normal 0 0 1
      outer loop
         vertex 5.13941358804004E-06 2.58620693784906E-05 8.15000021248125E-05
         vertex 1.69113786796515E-06 2.93103457806865E-05 8.15000021248125E-05
         vertex 1.69113786796515E-06 2.58620693784906E-05 8.15000021248125E-05
      endloop
   endfacet
   facet normal 0 0 1
      outer loop
         vertex 5.13941358804004E-06 2.58620693784906E-05 8.15000021248125E-05
         vertex 1.69113786796515E-06 2.58620693784906E-05 8.15000021248125E-05
         vertex 5.13941358804004E-06 2.2413794795284E-05 8.15000021248125E-05
      endloop
   endfacet
   facet normal 0 0 1
      outer loop
         vertex 5.13941358804004E-06 2.2413794795284E-05 8.15000021248125E-05
         vertex 1.69113786796515E-06 2.58620693784906E-05 8.15000021248125E-05
         vertex 1.69113786796515E-06 2.2413794795284E-05 8.15000021248125E-05
      endloop
   endfacet
   facet normal 0 0 1
      outer loop
         vertex 5.13941358804004E-06 2.2413794795284E-05 8.15000021248125E-05
         vertex 1.69113786796515E-06 2.2413794795284E-05 8.15000021248125E-05
         vertex 5.13941358804004E-06 1.89655183930881E-05 8.15000021248125E-05
      endloop
   endfacet
   facet normal 0 0 1
      outer loop
         vertex 5.13941358804004E-06 1.89655183930881E-05 8.15000021248125E-05
         vertex 1.69113786796515E-06 2.2413794795284E-05 8.15000021248125E-05
         vertex 1.69113786796515E-06 1.89655183930881E-05 8.15000021248125E-05
      endloop
   endfacet
   facet normal 0 0 1
      outer loop
         vertex 5.13941358804004E-06 1.89655183930881E-05 8.15000021248125E-05
         vertex 1.69113786796515E-06 1.89655183930881E-05 8.15000021248125E-05
         vertex 5.13941358804004E-06 1.55172419908922E-05 8.15000021248125E-05
      endloop
   endfacet
   facet normal 0 0 1
      outer loop
         vertex 5.13941358804004E-06 1.55172419908922E-05 8.15000021248125E-05
         vertex 1.69113786796515E-06 1.89655183930881E-05 8.15000021248125E-05
         vertex 1.69113786796515E-06 1.55172419908922E-05 8.15000021248125E-05
      endloop
   endfacet
   facet normal 0 0 1
      outer loop
         vertex 5.13941358804004E-06 1.55172419908922E-05 8.15000021248125E-05
         vertex 1.69113786796515E-06 1.55172419908922E-05 8.15000021248125E-05
         vertex 5.13941358804004E-06 1.20689655886963E-05 8.15000021248125E-05
      endloop
   endfacet
   facet normal 0 0 1
      outer loop
         vertex 5.13941358804004E-06 1.20689655886963E-05 8.15000021248125E-05
         vertex 1.69113786796515E-06 1.55172419908922E-05 8.15000021248125E-05
         vertex 1.69113786796515E-06 1.20689655886963E-05 8.15000021248125E-05
      endloop
   endfacet
   facet normal 0 0 1
      outer loop
         vertex 5.13941358804004E-06 1.20689655886963E-05 8.15000021248125E-05
         vertex 1.69113786796515E-06 1.20689655886963E-05 8.15000021248125E-05
         vertex 5.13941358804004E-06 8.62068918650039E-06 8.15000021248125E-05
      endloop
   endfacet
   facet normal 0 0 1
      outer loop
         vertex 5.13941358804004E-06 8.62068918650039E-06 8.15000021248125E-05
         vertex 1.69113786796515E-06 1.20689655886963E-05 8.15000021248125E-05
         vertex 1.69113786796515E-06 8.62068918650039E-06 8.15000021248125E-05
      endloop
   endfacet
   facet normal 0 0 1
      outer loop
         vertex 5.13941358804004E-06 8.62068918650039E-06 8.15000021248125E-05
         vertex 1.69113786796515E-06 8.62068918650039E-06 8.15000021248125E-05
         vertex 5.13941358804004E-06 5.17241369379917E-06 8.15000021248125E-05
      endloop
   endfacet
   facet normal 0 0 1
      outer loop
         vertex 5.13941358804004E-06 5.17241369379917E-06 8.15000021248125E-05
         vertex 1.69113786796515E-06 8.62068918650039E-06 8.15000021248125E-05
         vertex 1.69113786796515E-06 5.17241369379917E-06 8.15000021248125E-05
      endloop
   endfacet
   facet normal 0 0 1
      outer loop
         vertex 5.13941358804004E-06 5.17241369379917E-06 8.15000021248125E-05
         vertex 1.69113786796515E-06 5.17241369379917E-06 8.15000021248125E-05
         vertex 5.13941358804004E-06 1.72413797372428E-06 8.15000021248125E-05
      endloop
   endfacet
   facet normal 0 0 1
      outer loop
         vertex 5.13941358804004E-06 1.72413797372428E-06 8.15000021248125E-05
         vertex 1.69113786796515E-06 5.17241369379917E-06 8.15000021248125E-05
         vertex 1.69113786796515E-06 1.72413797372428E-06 8.15000021248125E-05
      endloop
   endfacet
   facet normal 0 0 1
      outer loop
         vertex 5.13941358804004E-06 1.72413797372428E-06 8.15000021248125E-05
         vertex 1.69113786796515E-06 1.72413797372428E-06 8.15000021248125E-05
         vertex 5.13941358804004E-06 -1.72413797372428E-06 8.15000021248125E-05
      endloop
   endfacet
   facet normal 0 0 1
      outer loop
         vertex 5.13941358804004E-06 -1.72413797372428E-06 8.15000021248125E-05
         vertex 1.69113786796515E-06 1.72413797372428E-06 8.15000021248125E-05
         vertex 1.69113786796515E-06 -1.72413797372428E-06 8.15000021248125E-05
      endloop
   endfacet
   facet normal 0 0 1
      outer loop
         vertex 5.13941358804004E-06 -1.72413797372428E-06 8.15000021248125E-05
         vertex 1.69113786796515E-06 -1.72413797372428E-06 8.15000021248125E-05
         vertex 5.13941358804004E-06 -5.17241369379917E-06 8.15000021248125E-05
      endloop
   endfacet
   facet normal 0 0 1
      outer loop
         vertex 5.13941358804004E-06 -5.17241369379917E-06 8.15000021248125E-05
         vertex 1.69113786796515E-06 -1.72413797372428E-06 8.15000021248125E-05
         vertex 1.69113786796515E-06 -5.17241369379917E-06 8.15000021248125E-05
      endloop
   endfacet
   facet normal 0 0 1
      outer loop
         vertex 5.13941358804004E-06 -5.17241369379917E-06 8.15000021248125E-05
         vertex 1.69113786796515E-06 -5.17241369379917E-06 8.15000021248125E-05
         vertex 5.13941358804004E-06 -8.62068918650039E-06 8.15000021248125E-05
      endloop
   endfacet
   facet normal 0 0 1
      outer loop
         vertex 5.13941358804004E-06 -8.62068918650039E-06 8.15000021248125E-05
         vertex 1.69113786796515E-06 -5.17241369379917E-06 8.15000021248125E-05
         vertex 1.69113786796515E-06 -8.62068918650039E-06 8.15000021248125E-05
      endloop
   endfacet
   facet normal 0 0 1
      outer loop
         vertex 5.13941358804004E-06 -8.62068918650039E-06 8.15000021248125E-05
         vertex 1.69113786796515E-06 -8.62068918650039E-06 8.15000021248125E-05
         vertex 5.13941358804004E-06 -1.20689655886963E-05 8.15000021248125E-05
      endloop
   endfacet
   facet normal 0 0 1
      outer loop
         vertex 5.13941358804004E-06 -1.20689655886963E-05 8.15000021248125E-05
         vertex 1.69113786796515E-06 -8.62068918650039E-06 8.15000021248125E-05
         vertex 1.69113786796515E-06 -1.20689655886963E-05 8.15000021248125E-05
      endloop
   endfacet
   facet normal 0 0 1
      outer loop
         vertex 5.13941358804004E-06 -1.20689655886963E-05 8.15000021248125E-05
         vertex 1.69113786796515E-06 -1.20689655886963E-05 8.15000021248125E-05
         vertex 5.13941358804004E-06 -1.55172419908922E-05 8.15000021248125E-05
      endloop
   endfacet
   facet normal 0 0 1
      outer loop
         vertex 5.13941358804004E-06 -1.55172419908922E-05 8.15000021248125E-05
         vertex 1.69113786796515E-06 -1.20689655886963E-05 8.15000021248125E-05
         vertex 1.69113786796515E-06 -1.55172419908922E-05 8.15000021248125E-05
      endloop
   endfacet
   facet normal 0 0 1
      outer loop
         vertex 5.13941358804004E-06 -1.55172419908922E-05 8.15000021248125E-05
         vertex 1.69113786796515E-06 -1.55172419908922E-05 8.15000021248125E-05
         vertex 5.13941358804004E-06 -1.89655183930881E-05 8.15000021248125E-05
      endloop
   endfacet
   facet normal 0 0 1
      outer loop
         vertex 5.13941358804004E-06 -1.89655183930881E-05 8.15000021248125E-05
         vertex 1.69113786796515E-06 -1.55172419908922E-05 8.15000021248125E-05
         vertex 1.69113786796515E-06 -1.89655183930881E-05 8.15000021248125E-05
      endloop
   endfacet
   facet normal 0 0 1
      outer loop
         vertex 5.13941358804004E-06 -1.89655183930881E-05 8.15000021248125E-05
         vertex 1.69113786796515E-06 -1.89655183930881E-05 8.15000021248125E-05
         vertex 5.13941358804004E-06 -2.2413794795284E-05 8.15000021248125E-05
      endloop
   endfacet
   facet normal 0 0 1
      outer loop
         vertex 5.13941358804004E-06 -2.2413794795284E-05 8.15000021248125E-05
         vertex 1.69113786796515E-06 -1.89655183930881E-05 8.15000021248125E-05
         vertex 1.69113786796515E-06 -2.2413794795284E-05 8.15000021248125E-05
      endloop
   endfacet
   facet normal 0 0 1
      outer loop
         vertex 1.69113786796515E-06 3.62068967660889E-05 8.15000021248125E-05
         vertex -1.75713796579657E-06 3.62068967660889E-05 8.15000021248125E-05
         vertex 1.69113786796515E-06 3.2758620363893E-05 8.15000021248125E-05
      endloop
   endfacet
   facet normal 0 0 1
      outer loop
         vertex 1.69113786796515E-06 3.2758620363893E-05 8.15000021248125E-05
         vertex -1.75713796579657E-06 3.62068967660889E-05 8.15000021248125E-05
         vertex -1.75713796579657E-06 3.2758620363893E-05 8.15000021248125E-05
      endloop
   endfacet
   facet normal 0 0 1
      outer loop
         vertex 1.69113786796515E-06 3.2758620363893E-05 8.15000021248125E-05
         vertex -1.75713796579657E-06 3.2758620363893E-05 8.15000021248125E-05
         vertex 1.69113786796515E-06 2.93103457806865E-05 8.15000021248125E-05
      endloop
   endfacet
   facet normal 0 0 1
      outer loop
         vertex 1.69113786796515E-06 2.93103457806865E-05 8.15000021248125E-05
         vertex -1.75713796579657E-06 3.2758620363893E-05 8.15000021248125E-05
         vertex -1.75713796579657E-06 2.93103457806865E-05 8.15000021248125E-05
      endloop
   endfacet
   facet normal 0 0 1
      outer loop
         vertex 1.69113786796515E-06 2.93103457806865E-05 8.15000021248125E-05
         vertex -1.75713796579657E-06 2.93103457806865E-05 8.15000021248125E-05
         vertex 1.69113786796515E-06 2.58620693784906E-05 8.15000021248125E-05
      endloop
   endfacet
   facet normal 0 0 1
      outer loop
         vertex 1.69113786796515E-06 2.58620693784906E-05 8.15000021248125E-05
         vertex -1.75713796579657E-06 2.93103457806865E-05 8.15000021248125E-05
         vertex -1.75713796579657E-06 2.58620693784906E-05 8.15000021248125E-05
      endloop
   endfacet
   facet normal 0 0 1
      outer loop
         vertex 1.69113786796515E-06 2.58620693784906E-05 8.15000021248125E-05
         vertex -1.75713796579657E-06 2.58620693784906E-05 8.15000021248125E-05
         vertex 1.69113786796515E-06 2.2413794795284E-05 8.15000021248125E-05
      endloop
   endfacet
   facet normal 0 0 1
      outer loop
         vertex 1.69113786796515E-06 2.2413794795284E-05 8.15000021248125E-05
         vertex -1.75713796579657E-06 2.58620693784906E-05 8.15000021248125E-05
         vertex -1.75713796579657E-06 2.2413794795284E-05 8.15000021248125E-05
      endloop
   endfacet
   facet normal 0 0 1
      outer loop
         vertex 1.69113786796515E-06 2.2413794795284E-05 8.15000021248125E-05
         vertex -1.75713796579657E-06 2.2413794795284E-05 8.15000021248125E-05
         vertex 1.69113786796515E-06 1.89655183930881E-05 8.15000021248125E-05
      endloop
   endfacet
   facet normal 0 0 1
      outer loop
         vertex 1.69113786796515E-06 1.89655183930881E-05 8.15000021248125E-05
         vertex -1.75713796579657E-06 2.2413794795284E-05 8.15000021248125E-05
         vertex -1.75713796579657E-06 1.89655183930881E-05 8.15000021248125E-05
      endloop
   endfacet
   facet normal 0 0 1
      outer loop
         vertex 1.69113786796515E-06 1.89655183930881E-05 8.15000021248125E-05
         vertex -1.75713796579657E-06 1.89655183930881E-05 8.15000021248125E-05
         vertex 1.69113786796515E-06 1.55172419908922E-05 8.15000021248125E-05
      endloop
   endfacet
   facet normal 0 0 1
      outer loop
         vertex 1.69113786796515E-06 1.55172419908922E-05 8.15000021248125E-05
         vertex -1.75713796579657E-06 1.89655183930881E-05 8.15000021248125E-05
         vertex -1.75713796579657E-06 1.55172419908922E-05 8.15000021248125E-05
      endloop
   endfacet
   facet normal 0 0 1
      outer loop
         vertex 1.69113786796515E-06 1.55172419908922E-05 8.15000021248125E-05
         vertex -1.75713796579657E-06 1.55172419908922E-05 8.15000021248125E-05
         vertex 1.69113786796515E-06 1.20689655886963E-05 8.15000021248125E-05
      endloop
   endfacet
   facet normal 0 0 1
      outer loop
         vertex 1.69113786796515E-06 1.20689655886963E-05 8.15000021248125E-05
         vertex -1.75713796579657E-06 1.55172419908922E-05 8.15000021248125E-05
         vertex -1.75713796579657E-06 1.20689655886963E-05 8.15000021248125E-05
      endloop
   endfacet
   facet normal 0 0 1
      outer loop
         vertex 1.69113786796515E-06 1.20689655886963E-05 8.15000021248125E-05
         vertex -1.75713796579657E-06 1.20689655886963E-05 8.15000021248125E-05
         vertex 1.69113786796515E-06 8.62068918650039E-06 8.15000021248125E-05
      endloop
   endfacet
   facet normal 0 0 1
      outer loop
         vertex 1.69113786796515E-06 8.62068918650039E-06 8.15000021248125E-05
         vertex -1.75713796579657E-06 1.20689655886963E-05 8.15000021248125E-05
         vertex -1.75713796579657E-06 8.62068918650039E-06 8.15000021248125E-05
      endloop
   endfacet
   facet normal 0 0 1
      outer loop
         vertex 1.69113786796515E-06 8.62068918650039E-06 8.15000021248125E-05
         vertex -1.75713796579657E-06 8.62068918650039E-06 8.15000021248125E-05
         vertex 1.69113786796515E-06 5.17241369379917E-06 8.15000021248125E-05
      endloop
   endfacet
   facet normal 0 0 1
      outer loop
         vertex 1.69113786796515E-06 5.17241369379917E-06 8.15000021248125E-05
         vertex -1.75713796579657E-06 8.62068918650039E-06 8.15000021248125E-05
         vertex -1.75713796579657E-06 5.17241369379917E-06 8.15000021248125E-05
      endloop
   endfacet
   facet normal 0 0 1
      outer loop
         vertex 1.69113786796515E-06 5.17241369379917E-06 8.15000021248125E-05
         vertex -1.75713796579657E-06 5.17241369379917E-06 8.15000021248125E-05
         vertex 1.69113786796515E-06 1.72413797372428E-06 8.15000021248125E-05
      endloop
   endfacet
   facet normal 0 0 1
      outer loop
         vertex 1.69113786796515E-06 1.72413797372428E-06 8.15000021248125E-05
         vertex -1.75713796579657E-06 5.17241369379917E-06 8.15000021248125E-05
         vertex -1.75713796579657E-06 1.72413797372428E-06 8.15000021248125E-05
      endloop
   endfacet
   facet normal 0 0 1
      outer loop
         vertex 1.69113786796515E-06 1.72413797372428E-06 8.15000021248125E-05
         vertex -1.75713796579657E-06 1.72413797372428E-06 8.15000021248125E-05
         vertex 1.69113786796515E-06 -1.72413797372428E-06 8.15000021248125E-05
      endloop
   endfacet
   facet normal 0 0 1
      outer loop
         vertex 1.69113786796515E-06 -1.72413797372428E-06 8.15000021248125E-05
         vertex -1.75713796579657E-06 1.72413797372428E-06 8.15000021248125E-05
         vertex -1.75713796579657E-06 -1.72413797372428E-06 8.15000021248125E-05
      endloop
   endfacet
   facet normal 0 0 1
      outer loop
         vertex 1.69113786796515E-06 -1.72413797372428E-06 8.15000021248125E-05
         vertex -1.75713796579657E-06 -1.72413797372428E-06 8.15000021248125E-05
         vertex 1.69113786796515E-06 -5.17241369379917E-06 8.15000021248125E-05
      endloop
   endfacet
   facet normal 0 0 1
      outer loop
         vertex 1.69113786796515E-06 -5.17241369379917E-06 8.15000021248125E-05
         vertex -1.75713796579657E-06 -1.72413797372428E-06 8.15000021248125E-05
         vertex -1.75713796579657E-06 -5.17241369379917E-06 8.15000021248125E-05
      endloop
   endfacet
   facet normal 0 0 1
      outer loop
         vertex 1.69113786796515E-06 -5.17241369379917E-06 8.15000021248125E-05
         vertex -1.75713796579657E-06 -5.17241369379917E-06 8.15000021248125E-05
         vertex 1.69113786796515E-06 -8.62068918650039E-06 8.15000021248125E-05
      endloop
   endfacet
   facet normal 0 0 1
      outer loop
         vertex 1.69113786796515E-06 -8.62068918650039E-06 8.15000021248125E-05
         vertex -1.75713796579657E-06 -5.17241369379917E-06 8.15000021248125E-05
         vertex -1.75713796579657E-06 -8.62068918650039E-06 8.15000021248125E-05
      endloop
   endfacet
   facet normal 0 0 1
      outer loop
         vertex 1.69113786796515E-06 -8.62068918650039E-06 8.15000021248125E-05
         vertex -1.75713796579657E-06 -8.62068918650039E-06 8.15000021248125E-05
         vertex 1.69113786796515E-06 -1.20689655886963E-05 8.15000021248125E-05
      endloop
   endfacet
   facet normal 0 0 1
      outer loop
         vertex 1.69113786796515E-06 -1.20689655886963E-05 8.15000021248125E-05
         vertex -1.75713796579657E-06 -8.62068918650039E-06 8.15000021248125E-05
         vertex -1.75713796579657E-06 -1.20689655886963E-05 8.15000021248125E-05
      endloop
   endfacet
   facet normal 0 0 1
      outer loop
         vertex 1.69113786796515E-06 -1.20689655886963E-05 8.15000021248125E-05
         vertex -1.75713796579657E-06 -1.20689655886963E-05 8.15000021248125E-05
         vertex 1.69113786796515E-06 -1.55172419908922E-05 8.15000021248125E-05
      endloop
   endfacet
   facet normal 0 0 1
      outer loop
         vertex 1.69113786796515E-06 -1.55172419908922E-05 8.15000021248125E-05
         vertex -1.75713796579657E-06 -1.20689655886963E-05 8.15000021248125E-05
         vertex -1.75713796579657E-06 -1.55172419908922E-05 8.15000021248125E-05
      endloop
   endfacet
   facet normal 0 0 1
      outer loop
         vertex 1.69113786796515E-06 -1.55172419908922E-05 8.15000021248125E-05
         vertex -1.75713796579657E-06 -1.55172419908922E-05 8.15000021248125E-05
         vertex 1.69113786796515E-06 -1.89655183930881E-05 8.15000021248125E-05
      endloop
   endfacet
   facet normal 0 0 1
      outer loop
         vertex 1.69113786796515E-06 -1.89655183930881E-05 8.15000021248125E-05
         vertex -1.75713796579657E-06 -1.55172419908922E-05 8.15000021248125E-05
         vertex -1.75713796579657E-06 -1.89655183930881E-05 8.15000021248125E-05
      endloop
   endfacet
   facet normal 0 0 1
      outer loop
         vertex 1.69113786796515E-06 -1.89655183930881E-05 8.15000021248125E-05
         vertex -1.75713796579657E-06 -1.89655183930881E-05 8.15000021248125E-05
         vertex 1.69113786796515E-06 -2.2413794795284E-05 8.15000021248125E-05
      endloop
   endfacet
   facet normal 0 0 1
      outer loop
         vertex 1.69113786796515E-06 -2.2413794795284E-05 8.15000021248125E-05
         vertex -1.75713796579657E-06 -1.89655183930881E-05 8.15000021248125E-05
         vertex -1.75713796579657E-06 -2.2413794795284E-05 8.15000021248125E-05
      endloop
   endfacet
   facet normal 0 0 1
      outer loop
         vertex -1.75713796579657E-06 3.9655169530306E-05 8.15000021248125E-05
         vertex -5.2054137995583E-06 3.9655169530306E-05 8.15000021248125E-05
         vertex -1.75713796579657E-06 3.62068967660889E-05 8.15000021248125E-05
      endloop
   endfacet
   facet normal 0 0 1
      outer loop
         vertex -1.75713796579657E-06 3.62068967660889E-05 8.15000021248125E-05
         vertex -5.2054137995583E-06 3.9655169530306E-05 8.15000021248125E-05
         vertex -5.2054137995583E-06 3.62068967660889E-05 8.15000021248125E-05
      endloop
   endfacet
   facet normal 0 0 1
      outer loop
         vertex -1.75713796579657E-06 3.62068967660889E-05 8.15000021248125E-05
         vertex -5.2054137995583E-06 3.62068967660889E-05 8.15000021248125E-05
         vertex -1.75713796579657E-06 3.2758620363893E-05 8.15000021248125E-05
      endloop
   endfacet
   facet normal 0 0 1
      outer loop
         vertex -1.75713796579657E-06 3.2758620363893E-05 8.15000021248125E-05
         vertex -5.2054137995583E-06 3.62068967660889E-05 8.15000021248125E-05
         vertex -5.2054137995583E-06 3.2758620363893E-05 8.15000021248125E-05
      endloop
   endfacet
   facet normal 0 0 1
      outer loop
         vertex -1.75713796579657E-06 3.2758620363893E-05 8.15000021248125E-05
         vertex -5.2054137995583E-06 3.2758620363893E-05 8.15000021248125E-05
         vertex -1.75713796579657E-06 2.93103457806865E-05 8.15000021248125E-05
      endloop
   endfacet
   facet normal 0 0 1
      outer loop
         vertex -1.75713796579657E-06 2.93103457806865E-05 8.15000021248125E-05
         vertex -5.2054137995583E-06 3.2758620363893E-05 8.15000021248125E-05
         vertex -5.2054137995583E-06 2.93103457806865E-05 8.15000021248125E-05
      endloop
   endfacet
   facet normal 0 0 1
      outer loop
         vertex -1.75713796579657E-06 2.93103457806865E-05 8.15000021248125E-05
         vertex -5.2054137995583E-06 2.93103457806865E-05 8.15000021248125E-05
         vertex -1.75713796579657E-06 2.58620693784906E-05 8.15000021248125E-05
      endloop
   endfacet
   facet normal 0 0 1
      outer loop
         vertex -1.75713796579657E-06 2.58620693784906E-05 8.15000021248125E-05
         vertex -5.2054137995583E-06 2.93103457806865E-05 8.15000021248125E-05
         vertex -5.2054137995583E-06 2.58620693784906E-05 8.15000021248125E-05
      endloop
   endfacet
   facet normal 0 0 1
      outer loop
         vertex -1.75713796579657E-06 2.58620693784906E-05 8.15000021248125E-05
         vertex -5.2054137995583E-06 2.58620693784906E-05 8.15000021248125E-05
         vertex -1.75713796579657E-06 2.2413794795284E-05 8.15000021248125E-05
      endloop
   endfacet
   facet normal 0 0 1
      outer loop
         vertex -1.75713796579657E-06 2.2413794795284E-05 8.15000021248125E-05
         vertex -5.2054137995583E-06 2.58620693784906E-05 8.15000021248125E-05
         vertex -5.2054137995583E-06 2.2413794795284E-05 8.15000021248125E-05
      endloop
   endfacet
   facet normal 0 0 1
      outer loop
         vertex -1.75713796579657E-06 2.2413794795284E-05 8.15000021248125E-05
         vertex -5.2054137995583E-06 2.2413794795284E-05 8.15000021248125E-05
         vertex -1.75713796579657E-06 1.89655183930881E-05 8.15000021248125E-05
      endloop
   endfacet
   facet normal 0 0 1
      outer loop
         vertex -1.75713796579657E-06 1.89655183930881E-05 8.15000021248125E-05
         vertex -5.2054137995583E-06 2.2413794795284E-05 8.15000021248125E-05
         vertex -5.2054137995583E-06 1.89655183930881E-05 8.15000021248125E-05
      endloop
   endfacet
   facet normal 0 0 1
      outer loop
         vertex -1.75713796579657E-06 1.89655183930881E-05 8.15000021248125E-05
         vertex -5.2054137995583E-06 1.89655183930881E-05 8.15000021248125E-05
         vertex -1.75713796579657E-06 1.55172419908922E-05 8.15000021248125E-05
      endloop
   endfacet
   facet normal 0 0 1
      outer loop
         vertex -1.75713796579657E-06 1.55172419908922E-05 8.15000021248125E-05
         vertex -5.2054137995583E-06 1.89655183930881E-05 8.15000021248125E-05
         vertex -5.2054137995583E-06 1.55172419908922E-05 8.15000021248125E-05
      endloop
   endfacet
   facet normal 0 0 1
      outer loop
         vertex -1.75713796579657E-06 1.55172419908922E-05 8.15000021248125E-05
         vertex -5.2054137995583E-06 1.55172419908922E-05 8.15000021248125E-05
         vertex -1.75713796579657E-06 1.20689655886963E-05 8.15000021248125E-05
      endloop
   endfacet
   facet normal 0 0 1
      outer loop
         vertex -1.75713796579657E-06 1.20689655886963E-05 8.15000021248125E-05
         vertex -5.2054137995583E-06 1.55172419908922E-05 8.15000021248125E-05
         vertex -5.2054137995583E-06 1.20689655886963E-05 8.15000021248125E-05
      endloop
   endfacet
   facet normal 0 0 1
      outer loop
         vertex -1.75713796579657E-06 1.20689655886963E-05 8.15000021248125E-05
         vertex -5.2054137995583E-06 1.20689655886963E-05 8.15000021248125E-05
         vertex -1.75713796579657E-06 8.62068918650039E-06 8.15000021248125E-05
      endloop
   endfacet
   facet normal 0 0 1
      outer loop
         vertex -1.75713796579657E-06 8.62068918650039E-06 8.15000021248125E-05
         vertex -5.2054137995583E-06 1.20689655886963E-05 8.15000021248125E-05
         vertex -5.2054137995583E-06 8.62068918650039E-06 8.15000021248125E-05
      endloop
   endfacet
   facet normal 0 0 1
      outer loop
         vertex -1.75713796579657E-06 8.62068918650039E-06 8.15000021248125E-05
         vertex -5.2054137995583E-06 8.62068918650039E-06 8.15000021248125E-05
         vertex -1.75713796579657E-06 5.17241369379917E-06 8.15000021248125E-05
      endloop
   endfacet
   facet normal 0 0 1
      outer loop
         vertex -1.75713796579657E-06 5.17241369379917E-06 8.15000021248125E-05
         vertex -5.2054137995583E-06 8.62068918650039E-06 8.15000021248125E-05
         vertex -5.2054137995583E-06 5.17241369379917E-06 8.15000021248125E-05
      endloop
   endfacet
   facet normal 0 0 1
      outer loop
         vertex -1.75713796579657E-06 5.17241369379917E-06 8.15000021248125E-05
         vertex -5.2054137995583E-06 5.17241369379917E-06 8.15000021248125E-05
         vertex -1.75713796579657E-06 1.72413797372428E-06 8.15000021248125E-05
      endloop
   endfacet
   facet normal 0 0 1
      outer loop
         vertex -1.75713796579657E-06 1.72413797372428E-06 8.15000021248125E-05
         vertex -5.2054137995583E-06 5.17241369379917E-06 8.15000021248125E-05
         vertex -5.2054137995583E-06 1.72413797372428E-06 8.15000021248125E-05
      endloop
   endfacet
   facet normal 0 0 1
      outer loop
         vertex -1.75713796579657E-06 1.72413797372428E-06 8.15000021248125E-05
         vertex -5.2054137995583E-06 1.72413797372428E-06 8.15000021248125E-05
         vertex -1.75713796579657E-06 -1.72413797372428E-06 8.15000021248125E-05
      endloop
   endfacet
   facet normal 0 0 1
      outer loop
         vertex -1.75713796579657E-06 -1.72413797372428E-06 8.15000021248125E-05
         vertex -5.2054137995583E-06 1.72413797372428E-06 8.15000021248125E-05
         vertex -5.2054137995583E-06 -1.72413797372428E-06 8.15000021248125E-05
      endloop
   endfacet
   facet normal 0 0 1
      outer loop
         vertex -1.75713796579657E-06 -1.72413797372428E-06 8.15000021248125E-05
         vertex -5.2054137995583E-06 -1.72413797372428E-06 8.15000021248125E-05
         vertex -1.75713796579657E-06 -5.17241369379917E-06 8.15000021248125E-05
      endloop
   endfacet
   facet normal 0 0 1
      outer loop
         vertex -1.75713796579657E-06 -5.17241369379917E-06 8.15000021248125E-05
         vertex -5.2054137995583E-06 -1.72413797372428E-06 8.15000021248125E-05
         vertex -5.2054137995583E-06 -5.17241369379917E-06 8.15000021248125E-05
      endloop
   endfacet
   facet normal 0 0 1
      outer loop
         vertex -1.75713796579657E-06 -5.17241369379917E-06 8.15000021248125E-05
         vertex -5.2054137995583E-06 -5.17241369379917E-06 8.15000021248125E-05
         vertex -1.75713796579657E-06 -8.62068918650039E-06 8.15000021248125E-05
      endloop
   endfacet
   facet normal 0 0 1
      outer loop
         vertex -1.75713796579657E-06 -8.62068918650039E-06 8.15000021248125E-05
         vertex -5.2054137995583E-06 -5.17241369379917E-06 8.15000021248125E-05
         vertex -5.2054137995583E-06 -8.62068918650039E-06 8.15000021248125E-05
      endloop
   endfacet
   facet normal 0 0 1
      outer loop
         vertex -1.75713796579657E-06 -8.62068918650039E-06 8.15000021248125E-05
         vertex -5.2054137995583E-06 -8.62068918650039E-06 8.15000021248125E-05
         vertex -1.75713796579657E-06 -1.20689655886963E-05 8.15000021248125E-05
      endloop
   endfacet
   facet normal 0 0 1
      outer loop
         vertex -1.75713796579657E-06 -1.20689655886963E-05 8.15000021248125E-05
         vertex -5.2054137995583E-06 -8.62068918650039E-06 8.15000021248125E-05
         vertex -5.2054137995583E-06 -1.20689655886963E-05 8.15000021248125E-05
      endloop
   endfacet
   facet normal 0 0 1
      outer loop
         vertex -1.75713796579657E-06 -1.20689655886963E-05 8.15000021248125E-05
         vertex -5.2054137995583E-06 -1.20689655886963E-05 8.15000021248125E-05
         vertex -1.75713796579657E-06 -1.55172419908922E-05 8.15000021248125E-05
      endloop
   endfacet
   facet normal 0 0 1
      outer loop
         vertex -1.75713796579657E-06 -1.55172419908922E-05 8.15000021248125E-05
         vertex -5.2054137995583E-06 -1.20689655886963E-05 8.15000021248125E-05
         vertex -5.2054137995583E-06 -1.55172419908922E-05 8.15000021248125E-05
      endloop
   endfacet
   facet normal 0 0 1
      outer loop
         vertex -1.75713796579657E-06 -1.55172419908922E-05 8.15000021248125E-05
         vertex -5.2054137995583E-06 -1.55172419908922E-05 8.15000021248125E-05
         vertex -1.75713796579657E-06 -1.89655183930881E-05 8.15000021248125E-05
      endloop
   endfacet
   facet normal 0 0 1
      outer loop
         vertex -1.75713796579657E-06 -1.89655183930881E-05 8.15000021248125E-05
         vertex -5.2054137995583E-06 -1.55172419908922E-05 8.15000021248125E-05
         vertex -5.2054137995583E-06 -1.89655183930881E-05 8.15000021248125E-05
      endloop
   endfacet
   facet normal 0 0 1
      outer loop
         vertex -1.75713796579657E-06 -1.89655183930881E-05 8.15000021248125E-05
         vertex -5.2054137995583E-06 -1.89655183930881E-05 8.15000021248125E-05
         vertex -1.75713796579657E-06 -2.2413794795284E-05 8.15000021248125E-05
      endloop
   endfacet
   facet normal 0 0 1
      outer loop
         vertex -1.75713796579657E-06 -2.2413794795284E-05 8.15000021248125E-05
         vertex -5.2054137995583E-06 -1.89655183930881E-05 8.15000021248125E-05
         vertex -5.2054137995583E-06 -2.2413794795284E-05 8.15000021248125E-05
      endloop
   endfacet
   facet normal 0 0 1
      outer loop
         vertex -5.2054137995583E-06 4.31034495704807E-05 8.15000021248125E-05
         vertex -8.65369020175422E-06 4.31034495704807E-05 8.15000021248125E-05
         vertex -5.2054137995583E-06 3.9655169530306E-05 8.15000021248125E-05
      endloop
   endfacet
   facet normal 0 0 1
      outer loop
         vertex -5.2054137995583E-06 3.9655169530306E-05 8.15000021248125E-05
         vertex -8.65369020175422E-06 4.31034495704807E-05 8.15000021248125E-05
         vertex -8.65369020175422E-06 3.9655169530306E-05 8.15000021248125E-05
      endloop
   endfacet
   facet normal 0 0 1
      outer loop
         vertex -5.2054137995583E-06 3.9655169530306E-05 8.15000021248125E-05
         vertex -8.65369020175422E-06 3.9655169530306E-05 8.15000021248125E-05
         vertex -5.2054137995583E-06 3.62068967660889E-05 8.15000021248125E-05
      endloop
   endfacet
   facet normal 0 0 1
      outer loop
         vertex -5.2054137995583E-06 3.62068967660889E-05 8.15000021248125E-05
         vertex -8.65369020175422E-06 3.9655169530306E-05 8.15000021248125E-05
         vertex -8.65369020175422E-06 3.62068967660889E-05 8.15000021248125E-05
      endloop
   endfacet
   facet normal 0 0 1
      outer loop
         vertex -5.2054137995583E-06 3.62068967660889E-05 8.15000021248125E-05
         vertex -8.65369020175422E-06 3.62068967660889E-05 8.15000021248125E-05
         vertex -5.2054137995583E-06 3.2758620363893E-05 8.15000021248125E-05
      endloop
   endfacet
   facet normal 0 0 1
      outer loop
         vertex -5.2054137995583E-06 3.2758620363893E-05 8.15000021248125E-05
         vertex -8.65369020175422E-06 3.62068967660889E-05 8.15000021248125E-05
         vertex -8.65369020175422E-06 3.2758620363893E-05 8.15000021248125E-05
      endloop
   endfacet
   facet normal 0 0 1
      outer loop
         vertex -5.2054137995583E-06 3.2758620363893E-05 8.15000021248125E-05
         vertex -8.65369020175422E-06 3.2758620363893E-05 8.15000021248125E-05
         vertex -5.2054137995583E-06 2.93103457806865E-05 8.15000021248125E-05
      endloop
   endfacet
   facet normal 0 0 1
      outer loop
         vertex -5.2054137995583E-06 2.93103457806865E-05 8.15000021248125E-05
         vertex -8.65369020175422E-06 3.2758620363893E-05 8.15000021248125E-05
         vertex -8.65369020175422E-06 2.93103457806865E-05 8.15000021248125E-05
      endloop
   endfacet
   facet normal 0 0 1
      outer loop
         vertex -5.2054137995583E-06 2.93103457806865E-05 8.15000021248125E-05
         vertex -8.65369020175422E-06 2.93103457806865E-05 8.15000021248125E-05
         vertex -5.2054137995583E-06 2.58620693784906E-05 8.15000021248125E-05
      endloop
   endfacet
   facet normal 0 0 1
      outer loop
         vertex -5.2054137995583E-06 2.58620693784906E-05 8.15000021248125E-05
         vertex -8.65369020175422E-06 2.93103457806865E-05 8.15000021248125E-05
         vertex -8.65369020175422E-06 2.58620693784906E-05 8.15000021248125E-05
      endloop
   endfacet
   facet normal 0 0 1
      outer loop
         vertex -5.2054137995583E-06 2.58620693784906E-05 8.15000021248125E-05
         vertex -8.65369020175422E-06 2.58620693784906E-05 8.15000021248125E-05
         vertex -5.2054137995583E-06 2.2413794795284E-05 8.15000021248125E-05
      endloop
   endfacet
   facet normal 0 0 1
      outer loop
         vertex -5.2054137995583E-06 2.2413794795284E-05 8.15000021248125E-05
         vertex -8.65369020175422E-06 2.58620693784906E-05 8.15000021248125E-05
         vertex -8.65369020175422E-06 2.2413794795284E-05 8.15000021248125E-05
      endloop
   endfacet
   facet normal 0 0 1
      outer loop
         vertex -5.2054137995583E-06 2.2413794795284E-05 8.15000021248125E-05
         vertex -8.65369020175422E-06 2.2413794795284E-05 8.15000021248125E-05
         vertex -5.2054137995583E-06 1.89655183930881E-05 8.15000021248125E-05
      endloop
   endfacet
   facet normal 0 0 1
      outer loop
         vertex -5.2054137995583E-06 1.89655183930881E-05 8.15000021248125E-05
         vertex -8.65369020175422E-06 2.2413794795284E-05 8.15000021248125E-05
         vertex -8.65369020175422E-06 1.89655183930881E-05 8.15000021248125E-05
      endloop
   endfacet
   facet normal 0 0 1
      outer loop
         vertex -5.2054137995583E-06 1.89655183930881E-05 8.15000021248125E-05
         vertex -8.65369020175422E-06 1.89655183930881E-05 8.15000021248125E-05
         vertex -5.2054137995583E-06 1.55172419908922E-05 8.15000021248125E-05
      endloop
   endfacet
   facet normal 0 0 1
      outer loop
         vertex -5.2054137995583E-06 1.55172419908922E-05 8.15000021248125E-05
         vertex -8.65369020175422E-06 1.89655183930881E-05 8.15000021248125E-05
         vertex -8.65369020175422E-06 1.55172419908922E-05 8.15000021248125E-05
      endloop
   endfacet
   facet normal 0 0 1
      outer loop
         vertex -5.2054137995583E-06 1.55172419908922E-05 8.15000021248125E-05
         vertex -8.65369020175422E-06 1.55172419908922E-05 8.15000021248125E-05
         vertex -5.2054137995583E-06 1.20689655886963E-05 8.15000021248125E-05
      endloop
   endfacet
   facet normal 0 0 1
      outer loop
         vertex -5.2054137995583E-06 1.20689655886963E-05 8.15000021248125E-05
         vertex -8.65369020175422E-06 1.55172419908922E-05 8.15000021248125E-05
         vertex -8.65369020175422E-06 1.20689655886963E-05 8.15000021248125E-05
      endloop
   endfacet
   facet normal 0 0 1
      outer loop
         vertex -5.2054137995583E-06 1.20689655886963E-05 8.15000021248125E-05
         vertex -8.65369020175422E-06 1.20689655886963E-05 8.15000021248125E-05
         vertex -5.2054137995583E-06 8.62068918650039E-06 8.15000021248125E-05
      endloop
   endfacet
   facet normal 0 0 1
      outer loop
         vertex -5.2054137995583E-06 8.62068918650039E-06 8.15000021248125E-05
         vertex -8.65369020175422E-06 1.20689655886963E-05 8.15000021248125E-05
         vertex -8.65369020175422E-06 8.62068918650039E-06 8.15000021248125E-05
      endloop
   endfacet
   facet normal 0 0 1
      outer loop
         vertex -5.2054137995583E-06 8.62068918650039E-06 8.15000021248125E-05
         vertex -8.65369020175422E-06 8.62068918650039E-06 8.15000021248125E-05
         vertex -5.2054137995583E-06 5.17241369379917E-06 8.15000021248125E-05
      endloop
   endfacet
   facet normal 0 0 1
      outer loop
         vertex -5.2054137995583E-06 5.17241369379917E-06 8.15000021248125E-05
         vertex -8.65369020175422E-06 8.62068918650039E-06 8.15000021248125E-05
         vertex -8.65369020175422E-06 5.17241369379917E-06 8.15000021248125E-05
      endloop
   endfacet
   facet normal 0 0 1
      outer loop
         vertex -5.2054137995583E-06 5.17241369379917E-06 8.15000021248125E-05
         vertex -8.65369020175422E-06 5.17241369379917E-06 8.15000021248125E-05
         vertex -5.2054137995583E-06 1.72413797372428E-06 8.15000021248125E-05
      endloop
   endfacet
   facet normal 0 0 1
      outer loop
         vertex -5.2054137995583E-06 1.72413797372428E-06 8.15000021248125E-05
         vertex -8.65369020175422E-06 5.17241369379917E-06 8.15000021248125E-05
         vertex -8.65369020175422E-06 1.72413797372428E-06 8.15000021248125E-05
      endloop
   endfacet
   facet normal 0 0 1
      outer loop
         vertex -5.2054137995583E-06 1.72413797372428E-06 8.15000021248125E-05
         vertex -8.65369020175422E-06 1.72413797372428E-06 8.15000021248125E-05
         vertex -5.2054137995583E-06 -1.72413797372428E-06 8.15000021248125E-05
      endloop
   endfacet
   facet normal 0 0 1
      outer loop
         vertex -5.2054137995583E-06 -1.72413797372428E-06 8.15000021248125E-05
         vertex -8.65369020175422E-06 1.72413797372428E-06 8.15000021248125E-05
         vertex -8.65369020175422E-06 -1.72413797372428E-06 8.15000021248125E-05
      endloop
   endfacet
   facet normal 0 0 1
      outer loop
         vertex -5.2054137995583E-06 -1.72413797372428E-06 8.15000021248125E-05
         vertex -8.65369020175422E-06 -1.72413797372428E-06 8.15000021248125E-05
         vertex -5.2054137995583E-06 -5.17241369379917E-06 8.15000021248125E-05
      endloop
   endfacet
   facet normal 0 0 1
      outer loop
         vertex -5.2054137995583E-06 -5.17241369379917E-06 8.15000021248125E-05
         vertex -8.65369020175422E-06 -1.72413797372428E-06 8.15000021248125E-05
         vertex -8.65369020175422E-06 -5.17241369379917E-06 8.15000021248125E-05
      endloop
   endfacet
   facet normal 0 0 1
      outer loop
         vertex -5.2054137995583E-06 -5.17241369379917E-06 8.15000021248125E-05
         vertex -8.65369020175422E-06 -5.17241369379917E-06 8.15000021248125E-05
         vertex -5.2054137995583E-06 -8.62068918650039E-06 8.15000021248125E-05
      endloop
   endfacet
   facet normal 0 0 1
      outer loop
         vertex -5.2054137995583E-06 -8.62068918650039E-06 8.15000021248125E-05
         vertex -8.65369020175422E-06 -5.17241369379917E-06 8.15000021248125E-05
         vertex -8.65369020175422E-06 -8.62068918650039E-06 8.15000021248125E-05
      endloop
   endfacet
   facet normal 0 0 1
      outer loop
         vertex -5.2054137995583E-06 -8.62068918650039E-06 8.15000021248125E-05
         vertex -8.65369020175422E-06 -8.62068918650039E-06 8.15000021248125E-05
         vertex -5.2054137995583E-06 -1.20689655886963E-05 8.15000021248125E-05
      endloop
   endfacet
   facet normal 0 0 1
      outer loop
         vertex -5.2054137995583E-06 -1.20689655886963E-05 8.15000021248125E-05
         vertex -8.65369020175422E-06 -8.62068918650039E-06 8.15000021248125E-05
         vertex -8.65369020175422E-06 -1.20689655886963E-05 8.15000021248125E-05
      endloop
   endfacet
   facet normal 0 0 1
      outer loop
         vertex -5.2054137995583E-06 -1.20689655886963E-05 8.15000021248125E-05
         vertex -8.65369020175422E-06 -1.20689655886963E-05 8.15000021248125E-05
         vertex -5.2054137995583E-06 -1.55172419908922E-05 8.15000021248125E-05
      endloop
   endfacet
   facet normal 0 0 1
      outer loop
         vertex -5.2054137995583E-06 -1.55172419908922E-05 8.15000021248125E-05
         vertex -8.65369020175422E-06 -1.20689655886963E-05 8.15000021248125E-05
         vertex -8.65369020175422E-06 -1.55172419908922E-05 8.15000021248125E-05
      endloop
   endfacet
   facet normal 0 0 1
      outer loop
         vertex -5.2054137995583E-06 -1.55172419908922E-05 8.15000021248125E-05
         vertex -8.65369020175422E-06 -1.55172419908922E-05 8.15000021248125E-05
         vertex -5.2054137995583E-06 -1.89655183930881E-05 8.15000021248125E-05
      endloop
   endfacet
   facet normal 0 0 1
      outer loop
         vertex -5.2054137995583E-06 -1.89655183930881E-05 8.15000021248125E-05
         vertex -8.65369020175422E-06 -1.55172419908922E-05 8.15000021248125E-05
         vertex -8.65369020175422E-06 -1.89655183930881E-05 8.15000021248125E-05
      endloop
   endfacet
   facet normal 0 0 1
      outer loop
         vertex -5.2054137995583E-06 -1.89655183930881E-05 8.15000021248125E-05
         vertex -8.65369020175422E-06 -1.89655183930881E-05 8.15000021248125E-05
         vertex -5.2054137995583E-06 -2.2413794795284E-05 8.15000021248125E-05
      endloop
   endfacet
   facet normal 0 0 1
      outer loop
         vertex -5.2054137995583E-06 -2.2413794795284E-05 8.15000021248125E-05
         vertex -8.65369020175422E-06 -1.89655183930881E-05 8.15000021248125E-05
         vertex -8.65369020175422E-06 -2.2413794795284E-05 8.15000021248125E-05
      endloop
   endfacet
   facet normal 0 0 1
      outer loop
         vertex -8.65369020175422E-06 4.65517223346978E-05 8.15000021248125E-05
         vertex -1.21019656944554E-05 4.65517223346978E-05 8.15000021248125E-05
         vertex -8.65369020175422E-06 4.31034495704807E-05 8.15000021248125E-05
      endloop
   endfacet
   facet normal 0 0 1
      outer loop
         vertex -8.65369020175422E-06 4.31034495704807E-05 8.15000021248125E-05
         vertex -1.21019656944554E-05 4.65517223346978E-05 8.15000021248125E-05
         vertex -1.21019656944554E-05 4.31034495704807E-05 8.15000021248125E-05
      endloop
   endfacet
   facet normal 0 0 1
      outer loop
         vertex -8.65369020175422E-06 4.31034495704807E-05 8.15000021248125E-05
         vertex -1.21019656944554E-05 4.31034495704807E-05 8.15000021248125E-05
         vertex -8.65369020175422E-06 3.9655169530306E-05 8.15000021248125E-05
      endloop
   endfacet
   facet normal 0 0 1
      outer loop
         vertex -8.65369020175422E-06 3.9655169530306E-05 8.15000021248125E-05
         vertex -1.21019656944554E-05 4.31034495704807E-05 8.15000021248125E-05
         vertex -1.21019656944554E-05 3.9655169530306E-05 8.15000021248125E-05
      endloop
   endfacet
   facet normal 0 0 1
      outer loop
         vertex -8.65369020175422E-06 3.9655169530306E-05 8.15000021248125E-05
         vertex -1.21019656944554E-05 3.9655169530306E-05 8.15000021248125E-05
         vertex -8.65369020175422E-06 3.62068967660889E-05 8.15000021248125E-05
      endloop
   endfacet
   facet normal 0 0 1
      outer loop
         vertex -8.65369020175422E-06 3.62068967660889E-05 8.15000021248125E-05
         vertex -1.21019656944554E-05 3.9655169530306E-05 8.15000021248125E-05
         vertex -1.21019656944554E-05 3.62068967660889E-05 8.15000021248125E-05
      endloop
   endfacet
   facet normal 0 0 1
      outer loop
         vertex -8.65369020175422E-06 3.62068967660889E-05 8.15000021248125E-05
         vertex -1.21019656944554E-05 3.62068967660889E-05 8.15000021248125E-05
         vertex -8.65369020175422E-06 3.2758620363893E-05 8.15000021248125E-05
      endloop
   endfacet
   facet normal 0 0 1
      outer loop
         vertex -8.65369020175422E-06 3.2758620363893E-05 8.15000021248125E-05
         vertex -1.21019656944554E-05 3.62068967660889E-05 8.15000021248125E-05
         vertex -1.21019656944554E-05 3.2758620363893E-05 8.15000021248125E-05
      endloop
   endfacet
   facet normal 0 0 1
      outer loop
         vertex -8.65369020175422E-06 3.2758620363893E-05 8.15000021248125E-05
         vertex -1.21019656944554E-05 3.2758620363893E-05 8.15000021248125E-05
         vertex -8.65369020175422E-06 2.93103457806865E-05 8.15000021248125E-05
      endloop
   endfacet
   facet normal 0 0 1
      outer loop
         vertex -8.65369020175422E-06 2.93103457806865E-05 8.15000021248125E-05
         vertex -1.21019656944554E-05 3.2758620363893E-05 8.15000021248125E-05
         vertex -1.21019656944554E-05 2.93103457806865E-05 8.15000021248125E-05
      endloop
   endfacet
   facet normal 0 0 1
      outer loop
         vertex -8.65369020175422E-06 2.93103457806865E-05 8.15000021248125E-05
         vertex -1.21019656944554E-05 2.93103457806865E-05 8.15000021248125E-05
         vertex -8.65369020175422E-06 2.58620693784906E-05 8.15000021248125E-05
      endloop
   endfacet
   facet normal 0 0 1
      outer loop
         vertex -8.65369020175422E-06 2.58620693784906E-05 8.15000021248125E-05
         vertex -1.21019656944554E-05 2.93103457806865E-05 8.15000021248125E-05
         vertex -1.21019656944554E-05 2.58620693784906E-05 8.15000021248125E-05
      endloop
   endfacet
   facet normal 0 0 1
      outer loop
         vertex -8.65369020175422E-06 2.58620693784906E-05 8.15000021248125E-05
         vertex -1.21019656944554E-05 2.58620693784906E-05 8.15000021248125E-05
         vertex -8.65369020175422E-06 2.2413794795284E-05 8.15000021248125E-05
      endloop
   endfacet
   facet normal 0 0 1
      outer loop
         vertex -8.65369020175422E-06 2.2413794795284E-05 8.15000021248125E-05
         vertex -1.21019656944554E-05 2.58620693784906E-05 8.15000021248125E-05
         vertex -1.21019656944554E-05 2.2413794795284E-05 8.15000021248125E-05
      endloop
   endfacet
   facet normal 0 0 1
      outer loop
         vertex -8.65369020175422E-06 2.2413794795284E-05 8.15000021248125E-05
         vertex -1.21019656944554E-05 2.2413794795284E-05 8.15000021248125E-05
         vertex -8.65369020175422E-06 1.89655183930881E-05 8.15000021248125E-05
      endloop
   endfacet
   facet normal 0 0 1
      outer loop
         vertex -8.65369020175422E-06 1.89655183930881E-05 8.15000021248125E-05
         vertex -1.21019656944554E-05 2.2413794795284E-05 8.15000021248125E-05
         vertex -1.21019656944554E-05 1.89655183930881E-05 8.15000021248125E-05
      endloop
   endfacet
   facet normal 0 0 1
      outer loop
         vertex -8.65369020175422E-06 1.89655183930881E-05 8.15000021248125E-05
         vertex -1.21019656944554E-05 1.89655183930881E-05 8.15000021248125E-05
         vertex -8.65369020175422E-06 1.55172419908922E-05 8.15000021248125E-05
      endloop
   endfacet
   facet normal 0 0 1
      outer loop
         vertex -8.65369020175422E-06 1.55172419908922E-05 8.15000021248125E-05
         vertex -1.21019656944554E-05 1.89655183930881E-05 8.15000021248125E-05
         vertex -1.21019656944554E-05 1.55172419908922E-05 8.15000021248125E-05
      endloop
   endfacet
   facet normal 0 0 1
      outer loop
         vertex -8.65369020175422E-06 1.55172419908922E-05 8.15000021248125E-05
         vertex -1.21019656944554E-05 1.55172419908922E-05 8.15000021248125E-05
         vertex -8.65369020175422E-06 1.20689655886963E-05 8.15000021248125E-05
      endloop
   endfacet
   facet normal 0 0 1
      outer loop
         vertex -8.65369020175422E-06 1.20689655886963E-05 8.15000021248125E-05
         vertex -1.21019656944554E-05 1.55172419908922E-05 8.15000021248125E-05
         vertex -1.21019656944554E-05 1.20689655886963E-05 8.15000021248125E-05
      endloop
   endfacet
   facet normal 0 0 1
      outer loop
         vertex -8.65369020175422E-06 1.20689655886963E-05 8.15000021248125E-05
         vertex -1.21019656944554E-05 1.20689655886963E-05 8.15000021248125E-05
         vertex -8.65369020175422E-06 8.62068918650039E-06 8.15000021248125E-05
      endloop
   endfacet
   facet normal 0 0 1
      outer loop
         vertex -8.65369020175422E-06 8.62068918650039E-06 8.15000021248125E-05
         vertex -1.21019656944554E-05 1.20689655886963E-05 8.15000021248125E-05
         vertex -1.21019656944554E-05 8.62068918650039E-06 8.15000021248125E-05
      endloop
   endfacet
   facet normal 0 0 1
      outer loop
         vertex -8.65369020175422E-06 8.62068918650039E-06 8.15000021248125E-05
         vertex -1.21019656944554E-05 8.62068918650039E-06 8.15000021248125E-05
         vertex -8.65369020175422E-06 5.17241369379917E-06 8.15000021248125E-05
      endloop
   endfacet
   facet normal 0 0 1
      outer loop
         vertex -8.65369020175422E-06 5.17241369379917E-06 8.15000021248125E-05
         vertex -1.21019656944554E-05 8.62068918650039E-06 8.15000021248125E-05
         vertex -1.21019656944554E-05 5.17241369379917E-06 8.15000021248125E-05
      endloop
   endfacet
   facet normal 0 0 1
      outer loop
         vertex -8.65369020175422E-06 5.17241369379917E-06 8.15000021248125E-05
         vertex -1.21019656944554E-05 5.17241369379917E-06 8.15000021248125E-05
         vertex -8.65369020175422E-06 1.72413797372428E-06 8.15000021248125E-05
      endloop
   endfacet
   facet normal 0 0 1
      outer loop
         vertex -8.65369020175422E-06 1.72413797372428E-06 8.15000021248125E-05
         vertex -1.21019656944554E-05 5.17241369379917E-06 8.15000021248125E-05
         vertex -1.21019656944554E-05 1.72413797372428E-06 8.15000021248125E-05
      endloop
   endfacet
   facet normal 0 0 1
      outer loop
         vertex -8.65369020175422E-06 1.72413797372428E-06 8.15000021248125E-05
         vertex -1.21019656944554E-05 1.72413797372428E-06 8.15000021248125E-05
         vertex -8.65369020175422E-06 -1.72413797372428E-06 8.15000021248125E-05
      endloop
   endfacet
   facet normal 0 0 1
      outer loop
         vertex -8.65369020175422E-06 -1.72413797372428E-06 8.15000021248125E-05
         vertex -1.21019656944554E-05 1.72413797372428E-06 8.15000021248125E-05
         vertex -1.21019656944554E-05 -1.72413797372428E-06 8.15000021248125E-05
      endloop
   endfacet
   facet normal 0 0 1
      outer loop
         vertex -8.65369020175422E-06 -1.72413797372428E-06 8.15000021248125E-05
         vertex -1.21019656944554E-05 -1.72413797372428E-06 8.15000021248125E-05
         vertex -8.65369020175422E-06 -5.17241369379917E-06 8.15000021248125E-05
      endloop
   endfacet
   facet normal 0 0 1
      outer loop
         vertex -8.65369020175422E-06 -5.17241369379917E-06 8.15000021248125E-05
         vertex -1.21019656944554E-05 -1.72413797372428E-06 8.15000021248125E-05
         vertex -1.21019656944554E-05 -5.17241369379917E-06 8.15000021248125E-05
      endloop
   endfacet
   facet normal 0 0 1
      outer loop
         vertex -8.65369020175422E-06 -5.17241369379917E-06 8.15000021248125E-05
         vertex -1.21019656944554E-05 -5.17241369379917E-06 8.15000021248125E-05
         vertex -8.65369020175422E-06 -8.62068918650039E-06 8.15000021248125E-05
      endloop
   endfacet
   facet normal 0 0 1
      outer loop
         vertex -8.65369020175422E-06 -8.62068918650039E-06 8.15000021248125E-05
         vertex -1.21019656944554E-05 -5.17241369379917E-06 8.15000021248125E-05
         vertex -1.21019656944554E-05 -8.62068918650039E-06 8.15000021248125E-05
      endloop
   endfacet
   facet normal 0 0 1
      outer loop
         vertex -8.65369020175422E-06 -8.62068918650039E-06 8.15000021248125E-05
         vertex -1.21019656944554E-05 -8.62068918650039E-06 8.15000021248125E-05
         vertex -8.65369020175422E-06 -1.20689655886963E-05 8.15000021248125E-05
      endloop
   endfacet
   facet normal 0 0 1
      outer loop
         vertex -8.65369020175422E-06 -1.20689655886963E-05 8.15000021248125E-05
         vertex -1.21019656944554E-05 -8.62068918650039E-06 8.15000021248125E-05
         vertex -1.21019656944554E-05 -1.20689655886963E-05 8.15000021248125E-05
      endloop
   endfacet
   facet normal 0 0 1
      outer loop
         vertex -8.65369020175422E-06 -1.20689655886963E-05 8.15000021248125E-05
         vertex -1.21019656944554E-05 -1.20689655886963E-05 8.15000021248125E-05
         vertex -8.65369020175422E-06 -1.55172419908922E-05 8.15000021248125E-05
      endloop
   endfacet
   facet normal 0 0 1
      outer loop
         vertex -8.65369020175422E-06 -1.55172419908922E-05 8.15000021248125E-05
         vertex -1.21019656944554E-05 -1.20689655886963E-05 8.15000021248125E-05
         vertex -1.21019656944554E-05 -1.55172419908922E-05 8.15000021248125E-05
      endloop
   endfacet
   facet normal 0 0 1
      outer loop
         vertex -8.65369020175422E-06 -1.55172419908922E-05 8.15000021248125E-05
         vertex -1.21019656944554E-05 -1.55172419908922E-05 8.15000021248125E-05
         vertex -8.65369020175422E-06 -1.89655183930881E-05 8.15000021248125E-05
      endloop
   endfacet
   facet normal 0 0 1
      outer loop
         vertex -8.65369020175422E-06 -1.89655183930881E-05 8.15000021248125E-05
         vertex -1.21019656944554E-05 -1.55172419908922E-05 8.15000021248125E-05
         vertex -1.21019656944554E-05 -1.89655183930881E-05 8.15000021248125E-05
      endloop
   endfacet
   facet normal 0 0 1
      outer loop
         vertex -8.65369020175422E-06 -1.89655183930881E-05 8.15000021248125E-05
         vertex -1.21019656944554E-05 -1.89655183930881E-05 8.15000021248125E-05
         vertex -8.65369020175422E-06 -2.2413794795284E-05 8.15000021248125E-05
      endloop
   endfacet
   facet normal 0 0 1
      outer loop
         vertex -8.65369020175422E-06 -2.2413794795284E-05 8.15000021248125E-05
         vertex -1.21019656944554E-05 -1.89655183930881E-05 8.15000021248125E-05
         vertex -1.21019656944554E-05 -2.2413794795284E-05 8.15000021248125E-05
      endloop
   endfacet
   facet normal 0 0 1
      outer loop
         vertex -1.21019656944554E-05 4.65517223346978E-05 8.15000021248125E-05
         vertex -1.55502420966513E-05 4.65517223346978E-05 8.15000021248125E-05
         vertex -1.21019656944554E-05 4.31034495704807E-05 8.15000021248125E-05
      endloop
   endfacet
   facet normal 0 0 1
      outer loop
         vertex -1.21019656944554E-05 4.31034495704807E-05 8.15000021248125E-05
         vertex -1.55502420966513E-05 4.65517223346978E-05 8.15000021248125E-05
         vertex -1.55502420966513E-05 4.31034495704807E-05 8.15000021248125E-05
      endloop
   endfacet
   facet normal 0 0 1
      outer loop
         vertex -1.21019656944554E-05 4.31034495704807E-05 8.15000021248125E-05
         vertex -1.55502420966513E-05 4.31034495704807E-05 8.15000021248125E-05
         vertex -1.21019656944554E-05 3.9655169530306E-05 8.15000021248125E-05
      endloop
   endfacet
   facet normal 0 0 1
      outer loop
         vertex -1.21019656944554E-05 3.9655169530306E-05 8.15000021248125E-05
         vertex -1.55502420966513E-05 4.31034495704807E-05 8.15000021248125E-05
         vertex -1.55502420966513E-05 3.9655169530306E-05 8.15000021248125E-05
      endloop
   endfacet
   facet normal 0 0 1
      outer loop
         vertex -1.21019656944554E-05 3.9655169530306E-05 8.15000021248125E-05
         vertex -1.55502420966513E-05 3.9655169530306E-05 8.15000021248125E-05
         vertex -1.21019656944554E-05 3.62068967660889E-05 8.15000021248125E-05
      endloop
   endfacet
   facet normal 0 0 1
      outer loop
         vertex -1.21019656944554E-05 3.62068967660889E-05 8.15000021248125E-05
         vertex -1.55502420966513E-05 3.9655169530306E-05 8.15000021248125E-05
         vertex -1.55502420966513E-05 3.62068967660889E-05 8.15000021248125E-05
      endloop
   endfacet
   facet normal 0 0 1
      outer loop
         vertex -1.21019656944554E-05 3.62068967660889E-05 8.15000021248125E-05
         vertex -1.55502420966513E-05 3.62068967660889E-05 8.15000021248125E-05
         vertex -1.21019656944554E-05 3.2758620363893E-05 8.15000021248125E-05
      endloop
   endfacet
   facet normal 0 0 1
      outer loop
         vertex -1.21019656944554E-05 3.2758620363893E-05 8.15000021248125E-05
         vertex -1.55502420966513E-05 3.62068967660889E-05 8.15000021248125E-05
         vertex -1.55502420966513E-05 3.2758620363893E-05 8.15000021248125E-05
      endloop
   endfacet
   facet normal 0 0 1
      outer loop
         vertex -1.21019656944554E-05 3.2758620363893E-05 8.15000021248125E-05
         vertex -1.55502420966513E-05 3.2758620363893E-05 8.15000021248125E-05
         vertex -1.21019656944554E-05 2.93103457806865E-05 8.15000021248125E-05
      endloop
   endfacet
   facet normal 0 0 1
      outer loop
         vertex -1.21019656944554E-05 2.93103457806865E-05 8.15000021248125E-05
         vertex -1.55502420966513E-05 3.2758620363893E-05 8.15000021248125E-05
         vertex -1.55502420966513E-05 2.93103457806865E-05 8.15000021248125E-05
      endloop
   endfacet
   facet normal 0 0 1
      outer loop
         vertex -1.21019656944554E-05 2.93103457806865E-05 8.15000021248125E-05
         vertex -1.55502420966513E-05 2.93103457806865E-05 8.15000021248125E-05
         vertex -1.21019656944554E-05 2.58620693784906E-05 8.15000021248125E-05
      endloop
   endfacet
   facet normal 0 0 1
      outer loop
         vertex -1.21019656944554E-05 2.58620693784906E-05 8.15000021248125E-05
         vertex -1.55502420966513E-05 2.93103457806865E-05 8.15000021248125E-05
         vertex -1.55502420966513E-05 2.58620693784906E-05 8.15000021248125E-05
      endloop
   endfacet
   facet normal 0 0 1
      outer loop
         vertex -1.21019656944554E-05 2.58620693784906E-05 8.15000021248125E-05
         vertex -1.55502420966513E-05 2.58620693784906E-05 8.15000021248125E-05
         vertex -1.21019656944554E-05 2.2413794795284E-05 8.15000021248125E-05
      endloop
   endfacet
   facet normal 0 0 1
      outer loop
         vertex -1.21019656944554E-05 2.2413794795284E-05 8.15000021248125E-05
         vertex -1.55502420966513E-05 2.58620693784906E-05 8.15000021248125E-05
         vertex -1.55502420966513E-05 2.2413794795284E-05 8.15000021248125E-05
      endloop
   endfacet
   facet normal 0 0 1
      outer loop
         vertex -1.21019656944554E-05 2.2413794795284E-05 8.15000021248125E-05
         vertex -1.55502420966513E-05 2.2413794795284E-05 8.15000021248125E-05
         vertex -1.21019656944554E-05 1.89655183930881E-05 8.15000021248125E-05
      endloop
   endfacet
   facet normal 0 0 1
      outer loop
         vertex -1.21019656944554E-05 1.89655183930881E-05 8.15000021248125E-05
         vertex -1.55502420966513E-05 2.2413794795284E-05 8.15000021248125E-05
         vertex -1.55502420966513E-05 1.89655183930881E-05 8.15000021248125E-05
      endloop
   endfacet
   facet normal 0 0 1
      outer loop
         vertex -1.21019656944554E-05 1.89655183930881E-05 8.15000021248125E-05
         vertex -1.55502420966513E-05 1.89655183930881E-05 8.15000021248125E-05
         vertex -1.21019656944554E-05 1.55172419908922E-05 8.15000021248125E-05
      endloop
   endfacet
   facet normal 0 0 1
      outer loop
         vertex -1.21019656944554E-05 1.55172419908922E-05 8.15000021248125E-05
         vertex -1.55502420966513E-05 1.89655183930881E-05 8.15000021248125E-05
         vertex -1.55502420966513E-05 1.55172419908922E-05 8.15000021248125E-05
      endloop
   endfacet
   facet normal 0 0 1
      outer loop
         vertex -1.21019656944554E-05 1.55172419908922E-05 8.15000021248125E-05
         vertex -1.55502420966513E-05 1.55172419908922E-05 8.15000021248125E-05
         vertex -1.21019656944554E-05 1.20689655886963E-05 8.15000021248125E-05
      endloop
   endfacet
   facet normal 0 0 1
      outer loop
         vertex -1.21019656944554E-05 1.20689655886963E-05 8.15000021248125E-05
         vertex -1.55502420966513E-05 1.55172419908922E-05 8.15000021248125E-05
         vertex -1.55502420966513E-05 1.20689655886963E-05 8.15000021248125E-05
      endloop
   endfacet
   facet normal 0 0 1
      outer loop
         vertex -1.21019656944554E-05 1.20689655886963E-05 8.15000021248125E-05
         vertex -1.55502420966513E-05 1.20689655886963E-05 8.15000021248125E-05
         vertex -1.21019656944554E-05 8.62068918650039E-06 8.15000021248125E-05
      endloop
   endfacet
   facet normal 0 0 1
      outer loop
         vertex -1.21019656944554E-05 8.62068918650039E-06 8.15000021248125E-05
         vertex -1.55502420966513E-05 1.20689655886963E-05 8.15000021248125E-05
         vertex -1.55502420966513E-05 8.62068918650039E-06 8.15000021248125E-05
      endloop
   endfacet
   facet normal 0 0 1
      outer loop
         vertex -1.21019656944554E-05 8.62068918650039E-06 8.15000021248125E-05
         vertex -1.55502420966513E-05 8.62068918650039E-06 8.15000021248125E-05
         vertex -1.21019656944554E-05 5.17241369379917E-06 8.15000021248125E-05
      endloop
   endfacet
   facet normal 0 0 1
      outer loop
         vertex -1.21019656944554E-05 5.17241369379917E-06 8.15000021248125E-05
         vertex -1.55502420966513E-05 8.62068918650039E-06 8.15000021248125E-05
         vertex -1.55502420966513E-05 5.17241369379917E-06 8.15000021248125E-05
      endloop
   endfacet
   facet normal 0 0 1
      outer loop
         vertex -1.21019656944554E-05 5.17241369379917E-06 8.15000021248125E-05
         vertex -1.55502420966513E-05 5.17241369379917E-06 8.15000021248125E-05
         vertex -1.21019656944554E-05 1.72413797372428E-06 8.15000021248125E-05
      endloop
   endfacet
   facet normal 0 0 1
      outer loop
         vertex -1.21019656944554E-05 1.72413797372428E-06 8.15000021248125E-05
         vertex -1.55502420966513E-05 5.17241369379917E-06 8.15000021248125E-05
         vertex -1.55502420966513E-05 1.72413797372428E-06 8.15000021248125E-05
      endloop
   endfacet
   facet normal 0 0 1
      outer loop
         vertex -1.21019656944554E-05 1.72413797372428E-06 8.15000021248125E-05
         vertex -1.55502420966513E-05 1.72413797372428E-06 8.15000021248125E-05
         vertex -1.21019656944554E-05 -1.72413797372428E-06 8.15000021248125E-05
      endloop
   endfacet
   facet normal 0 0 1
      outer loop
         vertex -1.21019656944554E-05 -1.72413797372428E-06 8.15000021248125E-05
         vertex -1.55502420966513E-05 1.72413797372428E-06 8.15000021248125E-05
         vertex -1.55502420966513E-05 -1.72413797372428E-06 8.15000021248125E-05
      endloop
   endfacet
   facet normal 0 0 1
      outer loop
         vertex -1.21019656944554E-05 -1.72413797372428E-06 8.15000021248125E-05
         vertex -1.55502420966513E-05 -1.72413797372428E-06 8.15000021248125E-05
         vertex -1.21019656944554E-05 -5.17241369379917E-06 8.15000021248125E-05
      endloop
   endfacet
   facet normal 0 0 1
      outer loop
         vertex -1.21019656944554E-05 -5.17241369379917E-06 8.15000021248125E-05
         vertex -1.55502420966513E-05 -1.72413797372428E-06 8.15000021248125E-05
         vertex -1.55502420966513E-05 -5.17241369379917E-06 8.15000021248125E-05
      endloop
   endfacet
   facet normal 0 0 1
      outer loop
         vertex -1.21019656944554E-05 -5.17241369379917E-06 8.15000021248125E-05
         vertex -1.55502420966513E-05 -5.17241369379917E-06 8.15000021248125E-05
         vertex -1.21019656944554E-05 -8.62068918650039E-06 8.15000021248125E-05
      endloop
   endfacet
   facet normal 0 0 1
      outer loop
         vertex -1.21019656944554E-05 -8.62068918650039E-06 8.15000021248125E-05
         vertex -1.55502420966513E-05 -5.17241369379917E-06 8.15000021248125E-05
         vertex -1.55502420966513E-05 -8.62068918650039E-06 8.15000021248125E-05
      endloop
   endfacet
   facet normal 0 0 1
      outer loop
         vertex -1.21019656944554E-05 -8.62068918650039E-06 8.15000021248125E-05
         vertex -1.55502420966513E-05 -8.62068918650039E-06 8.15000021248125E-05
         vertex -1.21019656944554E-05 -1.20689655886963E-05 8.15000021248125E-05
      endloop
   endfacet
   facet normal 0 0 1
      outer loop
         vertex -1.21019656944554E-05 -1.20689655886963E-05 8.15000021248125E-05
         vertex -1.55502420966513E-05 -8.62068918650039E-06 8.15000021248125E-05
         vertex -1.55502420966513E-05 -1.20689655886963E-05 8.15000021248125E-05
      endloop
   endfacet
   facet normal 0 0 1
      outer loop
         vertex -1.21019656944554E-05 -1.20689655886963E-05 8.15000021248125E-05
         vertex -1.55502420966513E-05 -1.20689655886963E-05 8.15000021248125E-05
         vertex -1.21019656944554E-05 -1.55172419908922E-05 8.15000021248125E-05
      endloop
   endfacet
   facet normal 0 0 1
      outer loop
         vertex -1.21019656944554E-05 -1.55172419908922E-05 8.15000021248125E-05
         vertex -1.55502420966513E-05 -1.20689655886963E-05 8.15000021248125E-05
         vertex -1.55502420966513E-05 -1.55172419908922E-05 8.15000021248125E-05
      endloop
   endfacet
   facet normal 0 0 1
      outer loop
         vertex -1.21019656944554E-05 -1.55172419908922E-05 8.15000021248125E-05
         vertex -1.55502420966513E-05 -1.55172419908922E-05 8.15000021248125E-05
         vertex -1.21019656944554E-05 -1.89655183930881E-05 8.15000021248125E-05
      endloop
   endfacet
   facet normal 0 0 1
      outer loop
         vertex -1.21019656944554E-05 -1.89655183930881E-05 8.15000021248125E-05
         vertex -1.55502420966513E-05 -1.55172419908922E-05 8.15000021248125E-05
         vertex -1.55502420966513E-05 -1.89655183930881E-05 8.15000021248125E-05
      endloop
   endfacet
   facet normal 0 0 1
      outer loop
         vertex -1.21019656944554E-05 -1.89655183930881E-05 8.15000021248125E-05
         vertex -1.55502420966513E-05 -1.89655183930881E-05 8.15000021248125E-05
         vertex -1.21019656944554E-05 -2.2413794795284E-05 8.15000021248125E-05
      endloop
   endfacet
   facet normal 0 0 1
      outer loop
         vertex -1.21019656944554E-05 -2.2413794795284E-05 8.15000021248125E-05
         vertex -1.55502420966513E-05 -1.89655183930881E-05 8.15000021248125E-05
         vertex -1.55502420966513E-05 -2.2413794795284E-05 8.15000021248125E-05
      endloop
   endfacet
   facet normal 0 0 1
      outer loop
         vertex -1.89985166798579E-05 3.62068967660889E-05 8.15000021248125E-05
         vertex -2.24467930820538E-05 3.62068967660889E-05 8.15000021248125E-05
         vertex -1.89985166798579E-05 3.2758620363893E-05 8.15000021248125E-05
      endloop
   endfacet
   facet normal 0 0 1
      outer loop
         vertex -1.89985166798579E-05 3.2758620363893E-05 8.15000021248125E-05
         vertex -2.24467930820538E-05 3.62068967660889E-05 8.15000021248125E-05
         vertex -2.24467930820538E-05 3.2758620363893E-05 8.15000021248125E-05
      endloop
   endfacet
   facet normal 0 0 1
      outer loop
         vertex -1.89985166798579E-05 3.2758620363893E-05 8.15000021248125E-05
         vertex -2.24467930820538E-05 3.2758620363893E-05 8.15000021248125E-05
         vertex -1.89985166798579E-05 2.93103457806865E-05 8.15000021248125E-05
      endloop
   endfacet
   facet normal 0 0 1
      outer loop
         vertex -1.89985166798579E-05 2.93103457806865E-05 8.15000021248125E-05
         vertex -2.24467930820538E-05 3.2758620363893E-05 8.15000021248125E-05
         vertex -2.24467930820538E-05 2.93103457806865E-05 8.15000021248125E-05
      endloop
   endfacet
   facet normal 0 0 1
      outer loop
         vertex -1.89985166798579E-05 2.93103457806865E-05 8.15000021248125E-05
         vertex -2.24467930820538E-05 2.93103457806865E-05 8.15000021248125E-05
         vertex -1.89985166798579E-05 2.58620693784906E-05 8.15000021248125E-05
      endloop
   endfacet
   facet normal 0 0 1
      outer loop
         vertex -1.89985166798579E-05 2.58620693784906E-05 8.15000021248125E-05
         vertex -2.24467930820538E-05 2.93103457806865E-05 8.15000021248125E-05
         vertex -2.24467930820538E-05 2.58620693784906E-05 8.15000021248125E-05
      endloop
   endfacet
   facet normal 0 0 1
      outer loop
         vertex -1.89985166798579E-05 2.58620693784906E-05 8.15000021248125E-05
         vertex -2.24467930820538E-05 2.58620693784906E-05 8.15000021248125E-05
         vertex -1.89985166798579E-05 2.2413794795284E-05 8.15000021248125E-05
      endloop
   endfacet
   facet normal 0 0 1
      outer loop
         vertex -1.89985166798579E-05 2.2413794795284E-05 8.15000021248125E-05
         vertex -2.24467930820538E-05 2.58620693784906E-05 8.15000021248125E-05
         vertex -2.24467930820538E-05 2.2413794795284E-05 8.15000021248125E-05
      endloop
   endfacet
   facet normal 0 0 1
      outer loop
         vertex -1.89985166798579E-05 2.2413794795284E-05 8.15000021248125E-05
         vertex -2.24467930820538E-05 2.2413794795284E-05 8.15000021248125E-05
         vertex -1.89985166798579E-05 1.89655183930881E-05 8.15000021248125E-05
      endloop
   endfacet
   facet normal 0 0 1
      outer loop
         vertex -1.89985166798579E-05 1.89655183930881E-05 8.15000021248125E-05
         vertex -2.24467930820538E-05 2.2413794795284E-05 8.15000021248125E-05
         vertex -2.24467930820538E-05 1.89655183930881E-05 8.15000021248125E-05
      endloop
   endfacet
   facet normal 0 0 1
      outer loop
         vertex -1.89985166798579E-05 1.89655183930881E-05 8.15000021248125E-05
         vertex -2.24467930820538E-05 1.89655183930881E-05 8.15000021248125E-05
         vertex -1.89985166798579E-05 1.55172419908922E-05 8.15000021248125E-05
      endloop
   endfacet
   facet normal 0 0 1
      outer loop
         vertex -1.89985166798579E-05 1.55172419908922E-05 8.15000021248125E-05
         vertex -2.24467930820538E-05 1.89655183930881E-05 8.15000021248125E-05
         vertex -2.24467930820538E-05 1.55172419908922E-05 8.15000021248125E-05
      endloop
   endfacet
   facet normal 0 0 1
      outer loop
         vertex -1.89985166798579E-05 1.55172419908922E-05 8.15000021248125E-05
         vertex -2.24467930820538E-05 1.55172419908922E-05 8.15000021248125E-05
         vertex -1.89985166798579E-05 1.20689655886963E-05 8.15000021248125E-05
      endloop
   endfacet
   facet normal 0 0 1
      outer loop
         vertex -1.89985166798579E-05 1.20689655886963E-05 8.15000021248125E-05
         vertex -2.24467930820538E-05 1.55172419908922E-05 8.15000021248125E-05
         vertex -2.24467930820538E-05 1.20689655886963E-05 8.15000021248125E-05
      endloop
   endfacet
   facet normal 0 0 1
      outer loop
         vertex -1.89985166798579E-05 1.20689655886963E-05 8.15000021248125E-05
         vertex -2.24467930820538E-05 1.20689655886963E-05 8.15000021248125E-05
         vertex -1.89985166798579E-05 8.62068918650039E-06 8.15000021248125E-05
      endloop
   endfacet
   facet normal 0 0 1
      outer loop
         vertex -1.89985166798579E-05 8.62068918650039E-06 8.15000021248125E-05
         vertex -2.24467930820538E-05 1.20689655886963E-05 8.15000021248125E-05
         vertex -2.24467930820538E-05 8.62068918650039E-06 8.15000021248125E-05
      endloop
   endfacet
   facet normal 0 0 1
      outer loop
         vertex -1.89985166798579E-05 8.62068918650039E-06 8.15000021248125E-05
         vertex -2.24467930820538E-05 8.62068918650039E-06 8.15000021248125E-05
         vertex -1.89985166798579E-05 5.17241369379917E-06 8.15000021248125E-05
      endloop
   endfacet
   facet normal 0 0 1
      outer loop
         vertex -1.89985166798579E-05 5.17241369379917E-06 8.15000021248125E-05
         vertex -2.24467930820538E-05 8.62068918650039E-06 8.15000021248125E-05
         vertex -2.24467930820538E-05 5.17241369379917E-06 8.15000021248125E-05
      endloop
   endfacet
   facet normal 0 0 1
      outer loop
         vertex -1.89985166798579E-05 5.17241369379917E-06 8.15000021248125E-05
         vertex -2.24467930820538E-05 5.17241369379917E-06 8.15000021248125E-05
         vertex -1.89985166798579E-05 1.72413797372428E-06 8.15000021248125E-05
      endloop
   endfacet
   facet normal 0 0 1
      outer loop
         vertex -1.89985166798579E-05 1.72413797372428E-06 8.15000021248125E-05
         vertex -2.24467930820538E-05 5.17241369379917E-06 8.15000021248125E-05
         vertex -2.24467930820538E-05 1.72413797372428E-06 8.15000021248125E-05
      endloop
   endfacet
   facet normal 0 0 1
      outer loop
         vertex -1.89985166798579E-05 1.72413797372428E-06 8.15000021248125E-05
         vertex -2.24467930820538E-05 1.72413797372428E-06 8.15000021248125E-05
         vertex -1.89985166798579E-05 -1.72413797372428E-06 8.15000021248125E-05
      endloop
   endfacet
   facet normal 0 0 1
      outer loop
         vertex -1.89985166798579E-05 -1.72413797372428E-06 8.15000021248125E-05
         vertex -2.24467930820538E-05 1.72413797372428E-06 8.15000021248125E-05
         vertex -2.24467930820538E-05 -1.72413797372428E-06 8.15000021248125E-05
      endloop
   endfacet
   facet normal 0 0 1
      outer loop
         vertex -1.89985166798579E-05 -1.72413797372428E-06 8.15000021248125E-05
         vertex -2.24467930820538E-05 -1.72413797372428E-06 8.15000021248125E-05
         vertex -1.89985166798579E-05 -5.17241369379917E-06 8.15000021248125E-05
      endloop
   endfacet
   facet normal 0 0 1
      outer loop
         vertex -1.89985166798579E-05 -5.17241369379917E-06 8.15000021248125E-05
         vertex -2.24467930820538E-05 -1.72413797372428E-06 8.15000021248125E-05
         vertex -2.24467930820538E-05 -5.17241369379917E-06 8.15000021248125E-05
      endloop
   endfacet
   facet normal 0 0 1
      outer loop
         vertex -1.89985166798579E-05 -5.17241369379917E-06 8.15000021248125E-05
         vertex -2.24467930820538E-05 -5.17241369379917E-06 8.15000021248125E-05
         vertex -1.89985166798579E-05 -8.62068918650039E-06 8.15000021248125E-05
      endloop
   endfacet
   facet normal 0 0 1
      outer loop
         vertex -1.89985166798579E-05 -8.62068918650039E-06 8.15000021248125E-05
         vertex -2.24467930820538E-05 -5.17241369379917E-06 8.15000021248125E-05
         vertex -2.24467930820538E-05 -8.62068918650039E-06 8.15000021248125E-05
      endloop
   endfacet
   facet normal 0 0 1
      outer loop
         vertex -1.89985166798579E-05 -8.62068918650039E-06 8.15000021248125E-05
         vertex -2.24467930820538E-05 -8.62068918650039E-06 8.15000021248125E-05
         vertex -1.89985166798579E-05 -1.20689655886963E-05 8.15000021248125E-05
      endloop
   endfacet
   facet normal 0 0 1
      outer loop
         vertex -1.89985166798579E-05 -1.20689655886963E-05 8.15000021248125E-05
         vertex -2.24467930820538E-05 -8.62068918650039E-06 8.15000021248125E-05
         vertex -2.24467930820538E-05 -1.20689655886963E-05 8.15000021248125E-05
      endloop
   endfacet
   facet normal 0 0 1
      outer loop
         vertex -1.89985166798579E-05 -1.20689655886963E-05 8.15000021248125E-05
         vertex -2.24467930820538E-05 -1.20689655886963E-05 8.15000021248125E-05
         vertex -1.89985166798579E-05 -1.55172419908922E-05 8.15000021248125E-05
      endloop
   endfacet
   facet normal 0 0 1
      outer loop
         vertex -1.89985166798579E-05 -1.55172419908922E-05 8.15000021248125E-05
         vertex -2.24467930820538E-05 -1.20689655886963E-05 8.15000021248125E-05
         vertex -2.24467930820538E-05 -1.55172419908922E-05 8.15000021248125E-05
      endloop
   endfacet
   facet normal 0 0 1
      outer loop
         vertex -1.89985166798579E-05 -1.55172419908922E-05 8.15000021248125E-05
         vertex -2.24467930820538E-05 -1.55172419908922E-05 8.15000021248125E-05
         vertex -1.89985166798579E-05 -1.89655183930881E-05 8.15000021248125E-05
      endloop
   endfacet
   facet normal 0 0 1
      outer loop
         vertex -1.89985166798579E-05 -1.89655183930881E-05 8.15000021248125E-05
         vertex -2.24467930820538E-05 -1.55172419908922E-05 8.15000021248125E-05
         vertex -2.24467930820538E-05 -1.89655183930881E-05 8.15000021248125E-05
      endloop
   endfacet
   facet normal 0 0 1
      outer loop
         vertex -1.89985166798579E-05 -1.89655183930881E-05 8.15000021248125E-05
         vertex -2.24467930820538E-05 -1.89655183930881E-05 8.15000021248125E-05
         vertex -1.89985166798579E-05 -2.2413794795284E-05 8.15000021248125E-05
      endloop
   endfacet
   facet normal 0 0 1
      outer loop
         vertex -1.89985166798579E-05 -2.2413794795284E-05 8.15000021248125E-05
         vertex -2.24467930820538E-05 -1.89655183930881E-05 8.15000021248125E-05
         vertex -2.24467930820538E-05 -2.2413794795284E-05 8.15000021248125E-05
      endloop
   endfacet
   facet normal 0 0 1
      outer loop
         vertex -2.24467930820538E-05 3.9655169530306E-05 8.15000021248125E-05
         vertex -2.58950676652603E-05 3.9655169530306E-05 8.15000021248125E-05
         vertex -2.24467930820538E-05 3.62068967660889E-05 8.15000021248125E-05
      endloop
   endfacet
   facet normal 0 0 1
      outer loop
         vertex -2.24467930820538E-05 3.62068967660889E-05 8.15000021248125E-05
         vertex -2.58950676652603E-05 3.9655169530306E-05 8.15000021248125E-05
         vertex -2.58950676652603E-05 3.62068967660889E-05 8.15000021248125E-05
      endloop
   endfacet
   facet normal 0 0 1
      outer loop
         vertex -2.24467930820538E-05 3.62068967660889E-05 8.15000021248125E-05
         vertex -2.58950676652603E-05 3.62068967660889E-05 8.15000021248125E-05
         vertex -2.24467930820538E-05 3.2758620363893E-05 8.15000021248125E-05
      endloop
   endfacet
   facet normal 0 0 1
      outer loop
         vertex -2.24467930820538E-05 3.2758620363893E-05 8.15000021248125E-05
         vertex -2.58950676652603E-05 3.62068967660889E-05 8.15000021248125E-05
         vertex -2.58950676652603E-05 3.2758620363893E-05 8.15000021248125E-05
      endloop
   endfacet
   facet normal 0 0 1
      outer loop
         vertex -2.24467930820538E-05 3.2758620363893E-05 8.15000021248125E-05
         vertex -2.58950676652603E-05 3.2758620363893E-05 8.15000021248125E-05
         vertex -2.24467930820538E-05 2.93103457806865E-05 8.15000021248125E-05
      endloop
   endfacet
   facet normal 0 0 1
      outer loop
         vertex -2.24467930820538E-05 2.93103457806865E-05 8.15000021248125E-05
         vertex -2.58950676652603E-05 3.2758620363893E-05 8.15000021248125E-05
         vertex -2.58950676652603E-05 2.93103457806865E-05 8.15000021248125E-05
      endloop
   endfacet
   facet normal 0 0 1
      outer loop
         vertex -2.24467930820538E-05 2.93103457806865E-05 8.15000021248125E-05
         vertex -2.58950676652603E-05 2.93103457806865E-05 8.15000021248125E-05
         vertex -2.24467930820538E-05 2.58620693784906E-05 8.15000021248125E-05
      endloop
   endfacet
   facet normal 0 0 1
      outer loop
         vertex -2.24467930820538E-05 2.58620693784906E-05 8.15000021248125E-05
         vertex -2.58950676652603E-05 2.93103457806865E-05 8.15000021248125E-05
         vertex -2.58950676652603E-05 2.58620693784906E-05 8.15000021248125E-05
      endloop
   endfacet
   facet normal 0 0 1
      outer loop
         vertex -2.24467930820538E-05 2.58620693784906E-05 8.15000021248125E-05
         vertex -2.58950676652603E-05 2.58620693784906E-05 8.15000021248125E-05
         vertex -2.24467930820538E-05 2.2413794795284E-05 8.15000021248125E-05
      endloop
   endfacet
   facet normal 0 0 1
      outer loop
         vertex -2.24467930820538E-05 2.2413794795284E-05 8.15000021248125E-05
         vertex -2.58950676652603E-05 2.58620693784906E-05 8.15000021248125E-05
         vertex -2.58950676652603E-05 2.2413794795284E-05 8.15000021248125E-05
      endloop
   endfacet
   facet normal 0 0 1
      outer loop
         vertex -2.24467930820538E-05 2.2413794795284E-05 8.15000021248125E-05
         vertex -2.58950676652603E-05 2.2413794795284E-05 8.15000021248125E-05
         vertex -2.24467930820538E-05 1.89655183930881E-05 8.15000021248125E-05
      endloop
   endfacet
   facet normal 0 0 1
      outer loop
         vertex -2.24467930820538E-05 1.89655183930881E-05 8.15000021248125E-05
         vertex -2.58950676652603E-05 2.2413794795284E-05 8.15000021248125E-05
         vertex -2.58950676652603E-05 1.89655183930881E-05 8.15000021248125E-05
      endloop
   endfacet
   facet normal 0 0 1
      outer loop
         vertex -2.24467930820538E-05 1.89655183930881E-05 8.15000021248125E-05
         vertex -2.58950676652603E-05 1.89655183930881E-05 8.15000021248125E-05
         vertex -2.24467930820538E-05 1.55172419908922E-05 8.15000021248125E-05
      endloop
   endfacet
   facet normal 0 0 1
      outer loop
         vertex -2.24467930820538E-05 1.55172419908922E-05 8.15000021248125E-05
         vertex -2.58950676652603E-05 1.89655183930881E-05 8.15000021248125E-05
         vertex -2.58950676652603E-05 1.55172419908922E-05 8.15000021248125E-05
      endloop
   endfacet
   facet normal 0 0 1
      outer loop
         vertex -2.24467930820538E-05 1.55172419908922E-05 8.15000021248125E-05
         vertex -2.58950676652603E-05 1.55172419908922E-05 8.15000021248125E-05
         vertex -2.24467930820538E-05 1.20689655886963E-05 8.15000021248125E-05
      endloop
   endfacet
   facet normal 0 0 1
      outer loop
         vertex -2.24467930820538E-05 1.20689655886963E-05 8.15000021248125E-05
         vertex -2.58950676652603E-05 1.55172419908922E-05 8.15000021248125E-05
         vertex -2.58950676652603E-05 1.20689655886963E-05 8.15000021248125E-05
      endloop
   endfacet
   facet normal 0 0 1
      outer loop
         vertex -2.24467930820538E-05 1.20689655886963E-05 8.15000021248125E-05
         vertex -2.58950676652603E-05 1.20689655886963E-05 8.15000021248125E-05
         vertex -2.24467930820538E-05 8.62068918650039E-06 8.15000021248125E-05
      endloop
   endfacet
   facet normal 0 0 1
      outer loop
         vertex -2.24467930820538E-05 8.62068918650039E-06 8.15000021248125E-05
         vertex -2.58950676652603E-05 1.20689655886963E-05 8.15000021248125E-05
         vertex -2.58950676652603E-05 8.62068918650039E-06 8.15000021248125E-05
      endloop
   endfacet
   facet normal 0 0 1
      outer loop
         vertex -2.24467930820538E-05 8.62068918650039E-06 8.15000021248125E-05
         vertex -2.58950676652603E-05 8.62068918650039E-06 8.15000021248125E-05
         vertex -2.24467930820538E-05 5.17241369379917E-06 8.15000021248125E-05
      endloop
   endfacet
   facet normal 0 0 1
      outer loop
         vertex -2.24467930820538E-05 5.17241369379917E-06 8.15000021248125E-05
         vertex -2.58950676652603E-05 8.62068918650039E-06 8.15000021248125E-05
         vertex -2.58950676652603E-05 5.17241369379917E-06 8.15000021248125E-05
      endloop
   endfacet
   facet normal 0 0 1
      outer loop
         vertex -2.24467930820538E-05 5.17241369379917E-06 8.15000021248125E-05
         vertex -2.58950676652603E-05 5.17241369379917E-06 8.15000021248125E-05
         vertex -2.24467930820538E-05 1.72413797372428E-06 8.15000021248125E-05
      endloop
   endfacet
   facet normal 0 0 1
      outer loop
         vertex -2.24467930820538E-05 1.72413797372428E-06 8.15000021248125E-05
         vertex -2.58950676652603E-05 5.17241369379917E-06 8.15000021248125E-05
         vertex -2.58950676652603E-05 1.72413797372428E-06 8.15000021248125E-05
      endloop
   endfacet
   facet normal 0 0 1
      outer loop
         vertex -2.24467930820538E-05 1.72413797372428E-06 8.15000021248125E-05
         vertex -2.58950676652603E-05 1.72413797372428E-06 8.15000021248125E-05
         vertex -2.24467930820538E-05 -1.72413797372428E-06 8.15000021248125E-05
      endloop
   endfacet
   facet normal 0 0 1
      outer loop
         vertex -2.24467930820538E-05 -1.72413797372428E-06 8.15000021248125E-05
         vertex -2.58950676652603E-05 1.72413797372428E-06 8.15000021248125E-05
         vertex -2.58950676652603E-05 -1.72413797372428E-06 8.15000021248125E-05
      endloop
   endfacet
   facet normal 0 0 1
      outer loop
         vertex -2.24467930820538E-05 -1.72413797372428E-06 8.15000021248125E-05
         vertex -2.58950676652603E-05 -1.72413797372428E-06 8.15000021248125E-05
         vertex -2.24467930820538E-05 -5.17241369379917E-06 8.15000021248125E-05
      endloop
   endfacet
   facet normal 0 0 1
      outer loop
         vertex -2.24467930820538E-05 -5.17241369379917E-06 8.15000021248125E-05
         vertex -2.58950676652603E-05 -1.72413797372428E-06 8.15000021248125E-05
         vertex -2.58950676652603E-05 -5.17241369379917E-06 8.15000021248125E-05
      endloop
   endfacet
   facet normal 0 0 1
      outer loop
         vertex -2.24467930820538E-05 -5.17241369379917E-06 8.15000021248125E-05
         vertex -2.58950676652603E-05 -5.17241369379917E-06 8.15000021248125E-05
         vertex -2.24467930820538E-05 -8.62068918650039E-06 8.15000021248125E-05
      endloop
   endfacet
   facet normal 0 0 1
      outer loop
         vertex -2.24467930820538E-05 -8.62068918650039E-06 8.15000021248125E-05
         vertex -2.58950676652603E-05 -5.17241369379917E-06 8.15000021248125E-05
         vertex -2.58950676652603E-05 -8.62068918650039E-06 8.15000021248125E-05
      endloop
   endfacet
   facet normal 0 0 1
      outer loop
         vertex -2.24467930820538E-05 -8.62068918650039E-06 8.15000021248125E-05
         vertex -2.58950676652603E-05 -8.62068918650039E-06 8.15000021248125E-05
         vertex -2.24467930820538E-05 -1.20689655886963E-05 8.15000021248125E-05
      endloop
   endfacet
   facet normal 0 0 1
      outer loop
         vertex -2.24467930820538E-05 -1.20689655886963E-05 8.15000021248125E-05
         vertex -2.58950676652603E-05 -8.62068918650039E-06 8.15000021248125E-05
         vertex -2.58950676652603E-05 -1.20689655886963E-05 8.15000021248125E-05
      endloop
   endfacet
   facet normal 0 0 1
      outer loop
         vertex -2.24467930820538E-05 -1.20689655886963E-05 8.15000021248125E-05
         vertex -2.58950676652603E-05 -1.20689655886963E-05 8.15000021248125E-05
         vertex -2.24467930820538E-05 -1.55172419908922E-05 8.15000021248125E-05
      endloop
   endfacet
   facet normal 0 0 1
      outer loop
         vertex -2.24467930820538E-05 -1.55172419908922E-05 8.15000021248125E-05
         vertex -2.58950676652603E-05 -1.20689655886963E-05 8.15000021248125E-05
         vertex -2.58950676652603E-05 -1.55172419908922E-05 8.15000021248125E-05
      endloop
   endfacet
   facet normal 0 0 1
      outer loop
         vertex -2.24467930820538E-05 -1.55172419908922E-05 8.15000021248125E-05
         vertex -2.58950676652603E-05 -1.55172419908922E-05 8.15000021248125E-05
         vertex -2.24467930820538E-05 -1.89655183930881E-05 8.15000021248125E-05
      endloop
   endfacet
   facet normal 0 0 1
      outer loop
         vertex -2.24467930820538E-05 -1.89655183930881E-05 8.15000021248125E-05
         vertex -2.58950676652603E-05 -1.55172419908922E-05 8.15000021248125E-05
         vertex -2.58950676652603E-05 -1.89655183930881E-05 8.15000021248125E-05
      endloop
   endfacet
   facet normal 0 0 1
      outer loop
         vertex -2.24467930820538E-05 -1.89655183930881E-05 8.15000021248125E-05
         vertex -2.58950676652603E-05 -1.89655183930881E-05 8.15000021248125E-05
         vertex -2.24467930820538E-05 -2.2413794795284E-05 8.15000021248125E-05
      endloop
   endfacet
   facet normal 0 0 1
      outer loop
         vertex -2.24467930820538E-05 -2.2413794795284E-05 8.15000021248125E-05
         vertex -2.58950676652603E-05 -1.89655183930881E-05 8.15000021248125E-05
         vertex -2.58950676652603E-05 -2.2413794795284E-05 8.15000021248125E-05
      endloop
   endfacet
   facet normal 0 0 1
      outer loop
         vertex -2.58950676652603E-05 3.9655169530306E-05 8.15000021248125E-05
         vertex -2.93433440674562E-05 3.9655169530306E-05 8.15000021248125E-05
         vertex -2.58950676652603E-05 3.62068967660889E-05 8.15000021248125E-05
      endloop
   endfacet
   facet normal 0 0 1
      outer loop
         vertex -2.58950676652603E-05 3.62068967660889E-05 8.15000021248125E-05
         vertex -2.93433440674562E-05 3.9655169530306E-05 8.15000021248125E-05
         vertex -2.93433440674562E-05 3.62068967660889E-05 8.15000021248125E-05
      endloop
   endfacet
   facet normal 0 0 1
      outer loop
         vertex -2.58950676652603E-05 3.62068967660889E-05 8.15000021248125E-05
         vertex -2.93433440674562E-05 3.62068967660889E-05 8.15000021248125E-05
         vertex -2.58950676652603E-05 3.2758620363893E-05 8.15000021248125E-05
      endloop
   endfacet
   facet normal 0 0 1
      outer loop
         vertex -2.58950676652603E-05 3.2758620363893E-05 8.15000021248125E-05
         vertex -2.93433440674562E-05 3.62068967660889E-05 8.15000021248125E-05
         vertex -2.93433440674562E-05 3.2758620363893E-05 8.15000021248125E-05
      endloop
   endfacet
   facet normal 0 0 1
      outer loop
         vertex -2.58950676652603E-05 3.2758620363893E-05 8.15000021248125E-05
         vertex -2.93433440674562E-05 3.2758620363893E-05 8.15000021248125E-05
         vertex -2.58950676652603E-05 2.93103457806865E-05 8.15000021248125E-05
      endloop
   endfacet
   facet normal 0 0 1
      outer loop
         vertex -2.58950676652603E-05 2.93103457806865E-05 8.15000021248125E-05
         vertex -2.93433440674562E-05 3.2758620363893E-05 8.15000021248125E-05
         vertex -2.93433440674562E-05 2.93103457806865E-05 8.15000021248125E-05
      endloop
   endfacet
   facet normal 0 0 1
      outer loop
         vertex -2.58950676652603E-05 2.93103457806865E-05 8.15000021248125E-05
         vertex -2.93433440674562E-05 2.93103457806865E-05 8.15000021248125E-05
         vertex -2.58950676652603E-05 2.58620693784906E-05 8.15000021248125E-05
      endloop
   endfacet
   facet normal 0 0 1
      outer loop
         vertex -2.58950676652603E-05 2.58620693784906E-05 8.15000021248125E-05
         vertex -2.93433440674562E-05 2.93103457806865E-05 8.15000021248125E-05
         vertex -2.93433440674562E-05 2.58620693784906E-05 8.15000021248125E-05
      endloop
   endfacet
   facet normal 0 0 1
      outer loop
         vertex -2.58950676652603E-05 2.58620693784906E-05 8.15000021248125E-05
         vertex -2.93433440674562E-05 2.58620693784906E-05 8.15000021248125E-05
         vertex -2.58950676652603E-05 2.2413794795284E-05 8.15000021248125E-05
      endloop
   endfacet
   facet normal 0 0 1
      outer loop
         vertex -2.58950676652603E-05 2.2413794795284E-05 8.15000021248125E-05
         vertex -2.93433440674562E-05 2.58620693784906E-05 8.15000021248125E-05
         vertex -2.93433440674562E-05 2.2413794795284E-05 8.15000021248125E-05
      endloop
   endfacet
   facet normal 0 0 1
      outer loop
         vertex -2.58950676652603E-05 2.2413794795284E-05 8.15000021248125E-05
         vertex -2.93433440674562E-05 2.2413794795284E-05 8.15000021248125E-05
         vertex -2.58950676652603E-05 1.89655183930881E-05 8.15000021248125E-05
      endloop
   endfacet
   facet normal 0 0 1
      outer loop
         vertex -2.58950676652603E-05 1.89655183930881E-05 8.15000021248125E-05
         vertex -2.93433440674562E-05 2.2413794795284E-05 8.15000021248125E-05
         vertex -2.93433440674562E-05 1.89655183930881E-05 8.15000021248125E-05
      endloop
   endfacet
   facet normal 0 0 1
      outer loop
         vertex -2.58950676652603E-05 1.89655183930881E-05 8.15000021248125E-05
         vertex -2.93433440674562E-05 1.89655183930881E-05 8.15000021248125E-05
         vertex -2.58950676652603E-05 1.55172419908922E-05 8.15000021248125E-05
      endloop
   endfacet
   facet normal 0 0 1
      outer loop
         vertex -2.58950676652603E-05 1.55172419908922E-05 8.15000021248125E-05
         vertex -2.93433440674562E-05 1.89655183930881E-05 8.15000021248125E-05
         vertex -2.93433440674562E-05 1.55172419908922E-05 8.15000021248125E-05
      endloop
   endfacet
   facet normal 0 0 1
      outer loop
         vertex -2.58950676652603E-05 1.55172419908922E-05 8.15000021248125E-05
         vertex -2.93433440674562E-05 1.55172419908922E-05 8.15000021248125E-05
         vertex -2.58950676652603E-05 1.20689655886963E-05 8.15000021248125E-05
      endloop
   endfacet
   facet normal 0 0 1
      outer loop
         vertex -2.58950676652603E-05 1.20689655886963E-05 8.15000021248125E-05
         vertex -2.93433440674562E-05 1.55172419908922E-05 8.15000021248125E-05
         vertex -2.93433440674562E-05 1.20689655886963E-05 8.15000021248125E-05
      endloop
   endfacet
   facet normal 0 0 1
      outer loop
         vertex -2.58950676652603E-05 1.20689655886963E-05 8.15000021248125E-05
         vertex -2.93433440674562E-05 1.20689655886963E-05 8.15000021248125E-05
         vertex -2.58950676652603E-05 8.62068918650039E-06 8.15000021248125E-05
      endloop
   endfacet
   facet normal 0 0 1
      outer loop
         vertex -2.58950676652603E-05 8.62068918650039E-06 8.15000021248125E-05
         vertex -2.93433440674562E-05 1.20689655886963E-05 8.15000021248125E-05
         vertex -2.93433440674562E-05 8.62068918650039E-06 8.15000021248125E-05
      endloop
   endfacet
   facet normal 0 0 1
      outer loop
         vertex -2.58950676652603E-05 8.62068918650039E-06 8.15000021248125E-05
         vertex -2.93433440674562E-05 8.62068918650039E-06 8.15000021248125E-05
         vertex -2.58950676652603E-05 5.17241369379917E-06 8.15000021248125E-05
      endloop
   endfacet
   facet normal 0 0 1
      outer loop
         vertex -2.58950676652603E-05 5.17241369379917E-06 8.15000021248125E-05
         vertex -2.93433440674562E-05 8.62068918650039E-06 8.15000021248125E-05
         vertex -2.93433440674562E-05 5.17241369379917E-06 8.15000021248125E-05
      endloop
   endfacet
   facet normal 0 0 1
      outer loop
         vertex -2.58950676652603E-05 5.17241369379917E-06 8.15000021248125E-05
         vertex -2.93433440674562E-05 5.17241369379917E-06 8.15000021248125E-05
         vertex -2.58950676652603E-05 1.72413797372428E-06 8.15000021248125E-05
      endloop
   endfacet
   facet normal 0 0 1
      outer loop
         vertex -2.58950676652603E-05 1.72413797372428E-06 8.15000021248125E-05
         vertex -2.93433440674562E-05 5.17241369379917E-06 8.15000021248125E-05
         vertex -2.93433440674562E-05 1.72413797372428E-06 8.15000021248125E-05
      endloop
   endfacet
   facet normal 0 0 1
      outer loop
         vertex -2.58950676652603E-05 1.72413797372428E-06 8.15000021248125E-05
         vertex -2.93433440674562E-05 1.72413797372428E-06 8.15000021248125E-05
         vertex -2.58950676652603E-05 -1.72413797372428E-06 8.15000021248125E-05
      endloop
   endfacet
   facet normal 0 0 1
      outer loop
         vertex -2.58950676652603E-05 -1.72413797372428E-06 8.15000021248125E-05
         vertex -2.93433440674562E-05 1.72413797372428E-06 8.15000021248125E-05
         vertex -2.93433440674562E-05 -1.72413797372428E-06 8.15000021248125E-05
      endloop
   endfacet
   facet normal 0 0 1
      outer loop
         vertex -2.58950676652603E-05 -1.72413797372428E-06 8.15000021248125E-05
         vertex -2.93433440674562E-05 -1.72413797372428E-06 8.15000021248125E-05
         vertex -2.58950676652603E-05 -5.17241369379917E-06 8.15000021248125E-05
      endloop
   endfacet
   facet normal 0 0 1
      outer loop
         vertex -2.58950676652603E-05 -5.17241369379917E-06 8.15000021248125E-05
         vertex -2.93433440674562E-05 -1.72413797372428E-06 8.15000021248125E-05
         vertex -2.93433440674562E-05 -5.17241369379917E-06 8.15000021248125E-05
      endloop
   endfacet
   facet normal 0 0 1
      outer loop
         vertex -2.58950676652603E-05 -5.17241369379917E-06 8.15000021248125E-05
         vertex -2.93433440674562E-05 -5.17241369379917E-06 8.15000021248125E-05
         vertex -2.58950676652603E-05 -8.62068918650039E-06 8.15000021248125E-05
      endloop
   endfacet
   facet normal 0 0 1
      outer loop
         vertex -2.58950676652603E-05 -8.62068918650039E-06 8.15000021248125E-05
         vertex -2.93433440674562E-05 -5.17241369379917E-06 8.15000021248125E-05
         vertex -2.93433440674562E-05 -8.62068918650039E-06 8.15000021248125E-05
      endloop
   endfacet
   facet normal 0 0 1
      outer loop
         vertex -2.58950676652603E-05 -8.62068918650039E-06 8.15000021248125E-05
         vertex -2.93433440674562E-05 -8.62068918650039E-06 8.15000021248125E-05
         vertex -2.58950676652603E-05 -1.20689655886963E-05 8.15000021248125E-05
      endloop
   endfacet
   facet normal 0 0 1
      outer loop
         vertex -2.58950676652603E-05 -1.20689655886963E-05 8.15000021248125E-05
         vertex -2.93433440674562E-05 -8.62068918650039E-06 8.15000021248125E-05
         vertex -2.93433440674562E-05 -1.20689655886963E-05 8.15000021248125E-05
      endloop
   endfacet
   facet normal 0 0 1
      outer loop
         vertex -2.58950676652603E-05 -1.20689655886963E-05 8.15000021248125E-05
         vertex -2.93433440674562E-05 -1.20689655886963E-05 8.15000021248125E-05
         vertex -2.58950676652603E-05 -1.55172419908922E-05 8.15000021248125E-05
      endloop
   endfacet
   facet normal 0 0 1
      outer loop
         vertex -2.58950676652603E-05 -1.55172419908922E-05 8.15000021248125E-05
         vertex -2.93433440674562E-05 -1.20689655886963E-05 8.15000021248125E-05
         vertex -2.93433440674562E-05 -1.55172419908922E-05 8.15000021248125E-05
      endloop
   endfacet
   facet normal 0 0 1
      outer loop
         vertex -2.58950676652603E-05 -1.55172419908922E-05 8.15000021248125E-05
         vertex -2.93433440674562E-05 -1.55172419908922E-05 8.15000021248125E-05
         vertex -2.58950676652603E-05 -1.89655183930881E-05 8.15000021248125E-05
      endloop
   endfacet
   facet normal 0 0 1
      outer loop
         vertex -2.58950676652603E-05 -1.89655183930881E-05 8.15000021248125E-05
         vertex -2.93433440674562E-05 -1.55172419908922E-05 8.15000021248125E-05
         vertex -2.93433440674562E-05 -1.89655183930881E-05 8.15000021248125E-05
      endloop
   endfacet
   facet normal 0 0 1
      outer loop
         vertex -2.58950676652603E-05 -1.89655183930881E-05 8.15000021248125E-05
         vertex -2.93433440674562E-05 -1.89655183930881E-05 8.15000021248125E-05
         vertex -2.58950676652603E-05 -2.2413794795284E-05 8.15000021248125E-05
      endloop
   endfacet
   facet normal 0 0 1
      outer loop
         vertex -2.58950676652603E-05 -2.2413794795284E-05 8.15000021248125E-05
         vertex -2.93433440674562E-05 -1.89655183930881E-05 8.15000021248125E-05
         vertex -2.93433440674562E-05 -2.2413794795284E-05 8.15000021248125E-05
      endloop
   endfacet
   facet normal 0 0 1
      outer loop
         vertex -3.27916204696521E-05 3.2758620363893E-05 8.15000021248125E-05
         vertex -3.6239896871848E-05 3.2758620363893E-05 8.15000021248125E-05
         vertex -3.27916204696521E-05 2.93103457806865E-05 8.15000021248125E-05
      endloop
   endfacet
   facet normal 0 0 1
      outer loop
         vertex -3.27916204696521E-05 2.93103457806865E-05 8.15000021248125E-05
         vertex -3.6239896871848E-05 3.2758620363893E-05 8.15000021248125E-05
         vertex -3.6239896871848E-05 2.93103457806865E-05 8.15000021248125E-05
      endloop
   endfacet
   facet normal 0 0 1
      outer loop
         vertex -3.27916204696521E-05 2.93103457806865E-05 8.15000021248125E-05
         vertex -3.6239896871848E-05 2.93103457806865E-05 8.15000021248125E-05
         vertex -3.27916204696521E-05 2.58620693784906E-05 8.15000021248125E-05
      endloop
   endfacet
   facet normal 0 0 1
      outer loop
         vertex -3.27916204696521E-05 2.58620693784906E-05 8.15000021248125E-05
         vertex -3.6239896871848E-05 2.93103457806865E-05 8.15000021248125E-05
         vertex -3.6239896871848E-05 2.58620693784906E-05 8.15000021248125E-05
      endloop
   endfacet
   facet normal 0 0 1
      outer loop
         vertex -3.27916204696521E-05 2.58620693784906E-05 8.15000021248125E-05
         vertex -3.6239896871848E-05 2.58620693784906E-05 8.15000021248125E-05
         vertex -3.27916204696521E-05 2.2413794795284E-05 8.15000021248125E-05
      endloop
   endfacet
   facet normal 0 0 1
      outer loop
         vertex -3.27916204696521E-05 2.2413794795284E-05 8.15000021248125E-05
         vertex -3.6239896871848E-05 2.58620693784906E-05 8.15000021248125E-05
         vertex -3.6239896871848E-05 2.2413794795284E-05 8.15000021248125E-05
      endloop
   endfacet
   facet normal 0 0 1
      outer loop
         vertex -3.27916204696521E-05 2.2413794795284E-05 8.15000021248125E-05
         vertex -3.6239896871848E-05 2.2413794795284E-05 8.15000021248125E-05
         vertex -3.27916204696521E-05 1.89655183930881E-05 8.15000021248125E-05
      endloop
   endfacet
   facet normal 0 0 1
      outer loop
         vertex -3.27916204696521E-05 1.89655183930881E-05 8.15000021248125E-05
         vertex -3.6239896871848E-05 2.2413794795284E-05 8.15000021248125E-05
         vertex -3.6239896871848E-05 1.89655183930881E-05 8.15000021248125E-05
      endloop
   endfacet
   facet normal 0 0 1
      outer loop
         vertex -3.27916204696521E-05 1.89655183930881E-05 8.15000021248125E-05
         vertex -3.6239896871848E-05 1.89655183930881E-05 8.15000021248125E-05
         vertex -3.27916204696521E-05 1.55172419908922E-05 8.15000021248125E-05
      endloop
   endfacet
   facet normal 0 0 1
      outer loop
         vertex -3.27916204696521E-05 1.55172419908922E-05 8.15000021248125E-05
         vertex -3.6239896871848E-05 1.89655183930881E-05 8.15000021248125E-05
         vertex -3.6239896871848E-05 1.55172419908922E-05 8.15000021248125E-05
      endloop
   endfacet
   facet normal 0 0 1
      outer loop
         vertex -3.27916204696521E-05 1.55172419908922E-05 8.15000021248125E-05
         vertex -3.6239896871848E-05 1.55172419908922E-05 8.15000021248125E-05
         vertex -3.27916204696521E-05 1.20689655886963E-05 8.15000021248125E-05
      endloop
   endfacet
   facet normal 0 0 1
      outer loop
         vertex -3.27916204696521E-05 1.20689655886963E-05 8.15000021248125E-05
         vertex -3.6239896871848E-05 1.55172419908922E-05 8.15000021248125E-05
         vertex -3.6239896871848E-05 1.20689655886963E-05 8.15000021248125E-05
      endloop
   endfacet
   facet normal 0 0 1
      outer loop
         vertex -3.27916204696521E-05 1.20689655886963E-05 8.15000021248125E-05
         vertex -3.6239896871848E-05 1.20689655886963E-05 8.15000021248125E-05
         vertex -3.27916204696521E-05 8.62068918650039E-06 8.15000021248125E-05
      endloop
   endfacet
   facet normal 0 0 1
      outer loop
         vertex -3.27916204696521E-05 8.62068918650039E-06 8.15000021248125E-05
         vertex -3.6239896871848E-05 1.20689655886963E-05 8.15000021248125E-05
         vertex -3.6239896871848E-05 8.62068918650039E-06 8.15000021248125E-05
      endloop
   endfacet
   facet normal 0 0 1
      outer loop
         vertex -3.27916204696521E-05 8.62068918650039E-06 8.15000021248125E-05
         vertex -3.6239896871848E-05 8.62068918650039E-06 8.15000021248125E-05
         vertex -3.27916204696521E-05 5.17241369379917E-06 8.15000021248125E-05
      endloop
   endfacet
   facet normal 0 0 1
      outer loop
         vertex -3.27916204696521E-05 5.17241369379917E-06 8.15000021248125E-05
         vertex -3.6239896871848E-05 8.62068918650039E-06 8.15000021248125E-05
         vertex -3.6239896871848E-05 5.17241369379917E-06 8.15000021248125E-05
      endloop
   endfacet
   facet normal 0 0 1
      outer loop
         vertex -3.27916204696521E-05 5.17241369379917E-06 8.15000021248125E-05
         vertex -3.6239896871848E-05 5.17241369379917E-06 8.15000021248125E-05
         vertex -3.27916204696521E-05 1.72413797372428E-06 8.15000021248125E-05
      endloop
   endfacet
   facet normal 0 0 1
      outer loop
         vertex -3.27916204696521E-05 1.72413797372428E-06 8.15000021248125E-05
         vertex -3.6239896871848E-05 5.17241369379917E-06 8.15000021248125E-05
         vertex -3.6239896871848E-05 1.72413797372428E-06 8.15000021248125E-05
      endloop
   endfacet
   facet normal 0 0 1
      outer loop
         vertex -3.27916204696521E-05 1.72413797372428E-06 8.15000021248125E-05
         vertex -3.6239896871848E-05 1.72413797372428E-06 8.15000021248125E-05
         vertex -3.27916204696521E-05 -1.72413797372428E-06 8.15000021248125E-05
      endloop
   endfacet
   facet normal 0 0 1
      outer loop
         vertex -3.27916204696521E-05 -1.72413797372428E-06 8.15000021248125E-05
         vertex -3.6239896871848E-05 1.72413797372428E-06 8.15000021248125E-05
         vertex -3.6239896871848E-05 -1.72413797372428E-06 8.15000021248125E-05
      endloop
   endfacet
   facet normal 0 0 1
      outer loop
         vertex -3.27916204696521E-05 -1.72413797372428E-06 8.15000021248125E-05
         vertex -3.6239896871848E-05 -1.72413797372428E-06 8.15000021248125E-05
         vertex -3.27916204696521E-05 -5.17241369379917E-06 8.15000021248125E-05
      endloop
   endfacet
   facet normal 0 0 1
      outer loop
         vertex -3.27916204696521E-05 -5.17241369379917E-06 8.15000021248125E-05
         vertex -3.6239896871848E-05 -1.72413797372428E-06 8.15000021248125E-05
         vertex -3.6239896871848E-05 -5.17241369379917E-06 8.15000021248125E-05
      endloop
   endfacet
   facet normal 0 0 1
      outer loop
         vertex -3.27916204696521E-05 -5.17241369379917E-06 8.15000021248125E-05
         vertex -3.6239896871848E-05 -5.17241369379917E-06 8.15000021248125E-05
         vertex -3.27916204696521E-05 -8.62068918650039E-06 8.15000021248125E-05
      endloop
   endfacet
   facet normal 0 0 1
      outer loop
         vertex -3.27916204696521E-05 -8.62068918650039E-06 8.15000021248125E-05
         vertex -3.6239896871848E-05 -5.17241369379917E-06 8.15000021248125E-05
         vertex -3.6239896871848E-05 -8.62068918650039E-06 8.15000021248125E-05
      endloop
   endfacet
   facet normal 0 0 1
      outer loop
         vertex -3.27916204696521E-05 -8.62068918650039E-06 8.15000021248125E-05
         vertex -3.6239896871848E-05 -8.62068918650039E-06 8.15000021248125E-05
         vertex -3.27916204696521E-05 -1.20689655886963E-05 8.15000021248125E-05
      endloop
   endfacet
   facet normal 0 0 1
      outer loop
         vertex -3.27916204696521E-05 -1.20689655886963E-05 8.15000021248125E-05
         vertex -3.6239896871848E-05 -8.62068918650039E-06 8.15000021248125E-05
         vertex -3.6239896871848E-05 -1.20689655886963E-05 8.15000021248125E-05
      endloop
   endfacet
   facet normal 0 0 1
      outer loop
         vertex -3.27916204696521E-05 -1.20689655886963E-05 8.15000021248125E-05
         vertex -3.6239896871848E-05 -1.20689655886963E-05 8.15000021248125E-05
         vertex -3.27916204696521E-05 -1.55172419908922E-05 8.15000021248125E-05
      endloop
   endfacet
   facet normal 0 0 1
      outer loop
         vertex -3.27916204696521E-05 -1.55172419908922E-05 8.15000021248125E-05
         vertex -3.6239896871848E-05 -1.20689655886963E-05 8.15000021248125E-05
         vertex -3.6239896871848E-05 -1.55172419908922E-05 8.15000021248125E-05
      endloop
   endfacet
   facet normal 0 0 1
      outer loop
         vertex -3.27916204696521E-05 -1.55172419908922E-05 8.15000021248125E-05
         vertex -3.6239896871848E-05 -1.55172419908922E-05 8.15000021248125E-05
         vertex -3.27916204696521E-05 -1.89655183930881E-05 8.15000021248125E-05
      endloop
   endfacet
   facet normal 0 0 1
      outer loop
         vertex -3.27916204696521E-05 -1.89655183930881E-05 8.15000021248125E-05
         vertex -3.6239896871848E-05 -1.55172419908922E-05 8.15000021248125E-05
         vertex -3.6239896871848E-05 -1.89655183930881E-05 8.15000021248125E-05
      endloop
   endfacet
   facet normal 0 0 1
      outer loop
         vertex -3.27916204696521E-05 -1.89655183930881E-05 8.15000021248125E-05
         vertex -3.6239896871848E-05 -1.89655183930881E-05 8.15000021248125E-05
         vertex -3.27916204696521E-05 -2.2413794795284E-05 8.15000021248125E-05
      endloop
   endfacet
   facet normal 0 0 1
      outer loop
         vertex -3.27916204696521E-05 -2.2413794795284E-05 8.15000021248125E-05
         vertex -3.6239896871848E-05 -1.89655183930881E-05 8.15000021248125E-05
         vertex -3.6239896871848E-05 -2.2413794795284E-05 8.15000021248125E-05
      endloop
   endfacet
   facet normal 0 0 1
      outer loop
         vertex -3.96881732740439E-05 -1.72413797372428E-06 8.15000021248125E-05
         vertex -3.96881732740439E-05 1.72413797372428E-06 8.15000021248125E-05
         vertex -4.31364460382611E-05 1.72413797372428E-06 8.15000021248125E-05
      endloop
   endfacet
   facet normal 0 0 1
      outer loop
         vertex -4.31364460382611E-05 1.72413797372428E-06 8.15000021248125E-05
         vertex -3.96881732740439E-05 1.72413797372428E-06 8.15000021248125E-05
         vertex -4.31364460382611E-05 5.17241369379917E-06 8.15000021248125E-05
      endloop
   endfacet
   facet normal 0 0 1
      outer loop
         vertex -4.31364460382611E-05 1.72413797372428E-06 8.15000021248125E-05
         vertex -4.31364460382611E-05 5.17241369379917E-06 8.15000021248125E-05
         vertex -4.65847260784358E-05 5.17241369379917E-06 8.15000021248125E-05
      endloop
   endfacet
   facet normal 0 0 1
      outer loop
         vertex -4.65847260784358E-05 5.17241369379917E-06 8.15000021248125E-05
         vertex -4.31364460382611E-05 5.17241369379917E-06 8.15000021248125E-05
         vertex -4.65847260784358E-05 8.62068918650039E-06 8.15000021248125E-05
      endloop
   endfacet
   facet normal 0 0 1
      outer loop
         vertex 3.61738966603298E-05 1.72413797372428E-06 8.15000021248125E-05
         vertex 3.61738966603298E-05 -1.72413797372428E-06 8.15000021248125E-05
         vertex 3.96221730625257E-05 -1.72413797372428E-06 8.15000021248125E-05
      endloop
   endfacet
   facet normal 0 0 1
      outer loop
         vertex 3.96221730625257E-05 -1.72413797372428E-06 8.15000021248125E-05
         vertex 3.61738966603298E-05 -1.72413797372428E-06 8.15000021248125E-05
         vertex 3.96221730625257E-05 -5.17241369379917E-06 8.15000021248125E-05
      endloop
   endfacet
   facet normal 0 0 1
      outer loop
         vertex 3.96221730625257E-05 -1.72413797372428E-06 8.15000021248125E-05
         vertex 3.96221730625257E-05 -5.17241369379917E-06 8.15000021248125E-05
         vertex 4.30704458267428E-05 -5.17241369379917E-06 8.15000021248125E-05
      endloop
   endfacet
   facet normal 0 0 1
      outer loop
         vertex 4.30704458267428E-05 -5.17241369379917E-06 8.15000021248125E-05
         vertex 3.96221730625257E-05 -5.17241369379917E-06 8.15000021248125E-05
         vertex 4.30704458267428E-05 -8.62068918650039E-06 8.15000021248125E-05
      endloop
   endfacet
   facet normal 0 0 1
      outer loop
         vertex 3.61738966603298E-05 -1.72413797372428E-06 8.15000021248125E-05
         vertex 3.61738966603298E-05 -5.17241369379917E-06 8.15000021248125E-05
         vertex 3.96221730625257E-05 -5.17241369379917E-06 8.15000021248125E-05
      endloop
   endfacet
   facet normal 0 0 1
      outer loop
         vertex 3.96221730625257E-05 -5.17241369379917E-06 8.15000021248125E-05
         vertex 3.61738966603298E-05 -5.17241369379917E-06 8.15000021248125E-05
         vertex 3.96221730625257E-05 -8.62068918650039E-06 8.15000021248125E-05
      endloop
   endfacet
   facet normal 0 0 1
      outer loop
         vertex 3.96221730625257E-05 -5.17241369379917E-06 8.15000021248125E-05
         vertex 3.96221730625257E-05 -8.62068918650039E-06 8.15000021248125E-05
         vertex 4.30704458267428E-05 -8.62068918650039E-06 8.15000021248125E-05
      endloop
   endfacet
   facet normal 0 0 1
      outer loop
         vertex 4.30704458267428E-05 -8.62068918650039E-06 8.15000021248125E-05
         vertex 3.96221730625257E-05 -8.62068918650039E-06 8.15000021248125E-05
         vertex 4.30704458267428E-05 -1.20689655886963E-05 8.15000021248125E-05
      endloop
   endfacet
   facet normal 0 0 1
      outer loop
         vertex 4.84208649140783E-05 -1.23378695207066E-05 8.15000021248125E-05
         vertex 4.65187258669175E-05 -8.62068918650039E-06 8.15000021248125E-05
         vertex 4.65187258669175E-05 -1.20689655886963E-05 8.15000021248125E-05
      endloop
   endfacet
   facet normal 0 0 1
      outer loop
         vertex 3.96221730625257E-05 -8.62068918650039E-06 8.15000021248125E-05
         vertex 3.61738966603298E-05 -8.62068918650039E-06 8.15000021248125E-05
         vertex 3.96221730625257E-05 -1.20689655886963E-05 8.15000021248125E-05
      endloop
   endfacet
   facet normal 0 0 1
      outer loop
         vertex 3.96221730625257E-05 -1.20689655886963E-05 8.15000021248125E-05
         vertex 3.61738966603298E-05 -8.62068918650039E-06 8.15000021248125E-05
         vertex 3.61738966603298E-05 -1.20689655886963E-05 8.15000021248125E-05
      endloop
   endfacet
   facet normal 0 0 1
      outer loop
         vertex 3.96221730625257E-05 -1.20689655886963E-05 8.15000021248125E-05
         vertex 3.61738966603298E-05 -1.20689655886963E-05 8.15000021248125E-05
         vertex 3.96221730625257E-05 -1.55172419908922E-05 8.15000021248125E-05
      endloop
   endfacet
   facet normal 0 0 1
      outer loop
         vertex 3.96221730625257E-05 -1.55172419908922E-05 8.15000021248125E-05
         vertex 3.61738966603298E-05 -1.20689655886963E-05 8.15000021248125E-05
         vertex 3.61738966603298E-05 -1.55172419908922E-05 8.15000021248125E-05
      endloop
   endfacet
   facet normal 0 0 1
      outer loop
         vertex 3.96221730625257E-05 -1.55172419908922E-05 8.15000021248125E-05
         vertex 3.61738966603298E-05 -1.55172419908922E-05 8.15000021248125E-05
         vertex 3.96221730625257E-05 -1.89655183930881E-05 8.15000021248125E-05
      endloop
   endfacet
   facet normal 0 0 1
      outer loop
         vertex 3.96221730625257E-05 -1.89655183930881E-05 8.15000021248125E-05
         vertex 3.61738966603298E-05 -1.55172419908922E-05 8.15000021248125E-05
         vertex 3.61738966603298E-05 -1.89655183930881E-05 8.15000021248125E-05
      endloop
   endfacet
   facet normal 0 0 1
      outer loop
         vertex 3.96221730625257E-05 -1.89655183930881E-05 8.15000021248125E-05
         vertex 3.61738966603298E-05 -1.89655183930881E-05 8.15000021248125E-05
         vertex 3.96221730625257E-05 -2.2413794795284E-05 8.15000021248125E-05
      endloop
   endfacet
   facet normal 0 0 1
      outer loop
         vertex 3.96221730625257E-05 -2.2413794795284E-05 8.15000021248125E-05
         vertex 3.61738966603298E-05 -1.89655183930881E-05 8.15000021248125E-05
         vertex 3.61738966603298E-05 -2.2413794795284E-05 8.15000021248125E-05
      endloop
   endfacet
   facet normal 0 0 1
      outer loop
         vertex 3.61738966603298E-05 -8.62068918650039E-06 8.15000021248125E-05
         vertex 3.96221730625257E-05 -8.62068918650039E-06 8.15000021248125E-05
         vertex 3.61738966603298E-05 -5.17241369379917E-06 8.15000021248125E-05
      endloop
   endfacet
   facet normal 0 0 1
      outer loop
         vertex -3.96881732740439E-05 -1.20689655886963E-05 8.15000021248125E-05
         vertex -4.31364460382611E-05 -8.62068918650039E-06 8.15000021248125E-05
         vertex -4.31364460382611E-05 -1.20689655886963E-05 8.15000021248125E-05
      endloop
   endfacet
   facet normal 0 0 1
      outer loop
         vertex -4.31364460382611E-05 -1.20689655886963E-05 8.15000021248125E-05
         vertex -4.31364460382611E-05 -8.62068918650039E-06 8.15000021248125E-05
         vertex -4.65847260784358E-05 -8.62068918650039E-06 8.15000021248125E-05
      endloop
   endfacet
   facet normal 0 0 1
      outer loop
         vertex -4.31364460382611E-05 -8.62068918650039E-06 8.15000021248125E-05
         vertex -4.65847260784358E-05 -5.17241369379917E-06 8.15000021248125E-05
         vertex -4.65847260784358E-05 -8.62068918650039E-06 8.15000021248125E-05
      endloop
   endfacet
   facet normal 0 0 1
      outer loop
         vertex -4.65847260784358E-05 -8.62068918650039E-06 8.15000021248125E-05
         vertex -4.65847260784358E-05 -5.17241369379917E-06 8.15000021248125E-05
         vertex -4.97845358040649E-05 -4.97839209856465E-06 8.15000021248125E-05
      endloop
   endfacet
   facet normal 0 0 1
      outer loop
         vertex -3.96881732740439E-05 -1.20689655886963E-05 8.15000021248125E-05
         vertex -4.31364460382611E-05 -1.20689655886963E-05 8.15000021248125E-05
         vertex -3.96881732740439E-05 -1.55172419908922E-05 8.15000021248125E-05
      endloop
   endfacet
   facet normal 0 0 1
      outer loop
         vertex 4.30704458267428E-05 -1.55172419908922E-05 8.15000021248125E-05
         vertex 4.30704458267428E-05 -1.20689655886963E-05 8.15000021248125E-05
         vertex 3.96221730625257E-05 -1.20689655886963E-05 8.15000021248125E-05
      endloop
   endfacet
   facet normal 0 0 1
      outer loop
         vertex 3.96221730625257E-05 -1.20689655886963E-05 8.15000021248125E-05
         vertex 4.30704458267428E-05 -1.20689655886963E-05 8.15000021248125E-05
         vertex 3.96221730625257E-05 -8.62068918650039E-06 8.15000021248125E-05
      endloop
   endfacet
   facet normal 0 0 1
      outer loop
         vertex 4.30704458267428E-05 -1.89655183930881E-05 8.15000021248125E-05
         vertex 4.30704458267428E-05 -1.55172419908922E-05 8.15000021248125E-05
         vertex 3.96221730625257E-05 -1.55172419908922E-05 8.15000021248125E-05
      endloop
   endfacet
   facet normal 0 0 1
      outer loop
         vertex 3.96221730625257E-05 -1.55172419908922E-05 8.15000021248125E-05
         vertex 4.30704458267428E-05 -1.55172419908922E-05 8.15000021248125E-05
         vertex 3.96221730625257E-05 -1.20689655886963E-05 8.15000021248125E-05
      endloop
   endfacet
   facet normal 0 0 1
      outer loop
         vertex 3.96221730625257E-05 -2.2413794795284E-05 8.15000021248125E-05
         vertex 4.30704458267428E-05 -2.2413794795284E-05 8.15000021248125E-05
         vertex 3.96221730625257E-05 -1.89655183930881E-05 8.15000021248125E-05
      endloop
   endfacet
   facet normal 0 0 1
      outer loop
         vertex 3.96221730625257E-05 -1.89655183930881E-05 8.15000021248125E-05
         vertex 4.30704458267428E-05 -2.2413794795284E-05 8.15000021248125E-05
         vertex 4.30704458267428E-05 -1.89655183930881E-05 8.15000021248125E-05
      endloop
   endfacet
   facet normal 0 0 1
      outer loop
         vertex 3.96221730625257E-05 -1.89655183930881E-05 8.15000021248125E-05
         vertex 4.30704458267428E-05 -1.89655183930881E-05 8.15000021248125E-05
         vertex 3.96221730625257E-05 -1.55172419908922E-05 8.15000021248125E-05
      endloop
   endfacet
   facet normal 0 0 1
      outer loop
         vertex -4.61068120785058E-05 -1.94217391253915E-05 8.15000021248125E-05
         vertex -4.31364460382611E-05 -2.2413794795284E-05 8.15000021248125E-05
         vertex -4.31364460382611E-05 -1.89655183930881E-05 8.15000021248125E-05
      endloop
   endfacet
   facet normal 0 0 1
      outer loop
         vertex -4.31364460382611E-05 -1.89655183930881E-05 8.15000021248125E-05
         vertex -4.31364460382611E-05 -2.2413794795284E-05 8.15000021248125E-05
         vertex -3.96881732740439E-05 -2.2413794795284E-05 8.15000021248125E-05
      endloop
   endfacet
   facet normal 0 0 1
      outer loop
         vertex -3.6239896871848E-05 -2.58620693784906E-05 8.15000021248125E-05
         vertex -3.96881732740439E-05 -2.58620693784906E-05 8.15000021248125E-05
         vertex -3.6239896871848E-05 -2.93103457806865E-05 8.15000021248125E-05
      endloop
   endfacet
   facet normal 0 0 1
      outer loop
         vertex -3.6239896871848E-05 -2.93103457806865E-05 8.15000021248125E-05
         vertex -3.96881732740439E-05 -2.58620693784906E-05 8.15000021248125E-05
         vertex -3.96881732740439E-05 -2.93103457806865E-05 8.15000021248125E-05
      endloop
   endfacet
   facet normal 0 0 1
      outer loop
         vertex -3.6239896871848E-05 -2.93103457806865E-05 8.15000021248125E-05
         vertex -3.96881732740439E-05 -2.93103457806865E-05 8.15000021248125E-05
         vertex -3.83352235076018E-05 -3.21393781632651E-05 8.15000021248125E-05
      endloop
   endfacet
   facet normal 0 0 1
      outer loop
         vertex -3.83352235076018E-05 -3.21393781632651E-05 8.15000021248125E-05
         vertex -3.96881732740439E-05 -2.93103457806865E-05 8.15000021248125E-05
         vertex -4.1344937926624E-05 -2.81660031760111E-05 8.15000021248125E-05
      endloop
   endfacet
   facet normal 0 0 1
      outer loop
         vertex -3.27916204696521E-05 -2.58620693784906E-05 8.15000021248125E-05
         vertex -3.6239896871848E-05 -2.58620693784906E-05 8.15000021248125E-05
         vertex -3.27916204696521E-05 -2.93103457806865E-05 8.15000021248125E-05
      endloop
   endfacet
   facet normal 0 0 1
      outer loop
         vertex -3.27916204696521E-05 -2.93103457806865E-05 8.15000021248125E-05
         vertex -3.6239896871848E-05 -2.58620693784906E-05 8.15000021248125E-05
         vertex -3.6239896871848E-05 -2.93103457806865E-05 8.15000021248125E-05
      endloop
   endfacet
   facet normal 0 0 1
      outer loop
         vertex -3.27916204696521E-05 -2.93103457806865E-05 8.15000021248125E-05
         vertex -3.6239896871848E-05 -2.93103457806865E-05 8.15000021248125E-05
         vertex -3.27916204696521E-05 -3.2758620363893E-05 8.15000021248125E-05
      endloop
   endfacet
   facet normal 0 0 1
      outer loop
         vertex -3.27916204696521E-05 -3.2758620363893E-05 8.15000021248125E-05
         vertex -3.6239896871848E-05 -2.93103457806865E-05 8.15000021248125E-05
         vertex -3.6239896871848E-05 -3.2758620363893E-05 8.15000021248125E-05
      endloop
   endfacet
   facet normal 0 0 1
      outer loop
         vertex -3.27916204696521E-05 -3.2758620363893E-05 8.15000021248125E-05
         vertex -3.6239896871848E-05 -3.2758620363893E-05 8.15000021248125E-05
         vertex -3.49448382621631E-05 -3.57933422492351E-05 8.15000021248125E-05
      endloop
   endfacet
   facet normal 0 0 1
      outer loop
         vertex -3.49448382621631E-05 -3.57933422492351E-05 8.15000021248125E-05
         vertex -3.6239896871848E-05 -3.2758620363893E-05 8.15000021248125E-05
         vertex -3.83352235076018E-05 -3.21393781632651E-05 8.15000021248125E-05
      endloop
   endfacet
   facet normal 0 0 1
      outer loop
         vertex -2.93433440674562E-05 -2.58620693784906E-05 8.15000021248125E-05
         vertex -3.27916204696521E-05 -2.58620693784906E-05 8.15000021248125E-05
         vertex -2.93433440674562E-05 -2.93103457806865E-05 8.15000021248125E-05
      endloop
   endfacet
   facet normal 0 0 1
      outer loop
         vertex -2.93433440674562E-05 -2.93103457806865E-05 8.15000021248125E-05
         vertex -3.27916204696521E-05 -2.58620693784906E-05 8.15000021248125E-05
         vertex -3.27916204696521E-05 -2.93103457806865E-05 8.15000021248125E-05
      endloop
   endfacet
   facet normal 0 0 1
      outer loop
         vertex -2.93433440674562E-05 -2.93103457806865E-05 8.15000021248125E-05
         vertex -3.27916204696521E-05 -2.93103457806865E-05 8.15000021248125E-05
         vertex -2.93433440674562E-05 -3.2758620363893E-05 8.15000021248125E-05
      endloop
   endfacet
   facet normal 0 0 1
      outer loop
         vertex -2.93433440674562E-05 -3.2758620363893E-05 8.15000021248125E-05
         vertex -3.27916204696521E-05 -2.93103457806865E-05 8.15000021248125E-05
         vertex -3.27916204696521E-05 -3.2758620363893E-05 8.15000021248125E-05
      endloop
   endfacet
   facet normal 0 0 1
      outer loop
         vertex -2.93433440674562E-05 -3.2758620363893E-05 8.15000021248125E-05
         vertex -3.27916204696521E-05 -3.2758620363893E-05 8.15000021248125E-05
         vertex -2.93433440674562E-05 -3.62068967660889E-05 8.15000021248125E-05
      endloop
   endfacet
   facet normal 0 0 1
      outer loop
         vertex -2.93433440674562E-05 -3.62068967660889E-05 8.15000021248125E-05
         vertex -3.27916204696521E-05 -3.2758620363893E-05 8.15000021248125E-05
         vertex -3.27916204696521E-05 -3.62068967660889E-05 8.15000021248125E-05
      endloop
   endfacet
   facet normal 0 0 1
      outer loop
         vertex -2.93433440674562E-05 -3.62068967660889E-05 8.15000021248125E-05
         vertex -3.27916204696521E-05 -3.62068967660889E-05 8.15000021248125E-05
         vertex -3.12074917019345E-05 -3.90915774914902E-05 8.15000021248125E-05
      endloop
   endfacet
   facet normal 0 0 1
      outer loop
         vertex -3.12074917019345E-05 -3.90915774914902E-05 8.15000021248125E-05
         vertex -3.27916204696521E-05 -3.62068967660889E-05 8.15000021248125E-05
         vertex -3.49448382621631E-05 -3.57933422492351E-05 8.15000021248125E-05
      endloop
   endfacet
   facet normal 0 0 1
      outer loop
         vertex -2.58950676652603E-05 -2.58620693784906E-05 8.15000021248125E-05
         vertex -2.93433440674562E-05 -2.58620693784906E-05 8.15000021248125E-05
         vertex -2.58950676652603E-05 -2.93103457806865E-05 8.15000021248125E-05
      endloop
   endfacet
   facet normal 0 0 1
      outer loop
         vertex -2.58950676652603E-05 -2.93103457806865E-05 8.15000021248125E-05
         vertex -2.93433440674562E-05 -2.58620693784906E-05 8.15000021248125E-05
         vertex -2.93433440674562E-05 -2.93103457806865E-05 8.15000021248125E-05
      endloop
   endfacet
   facet normal 0 0 1
      outer loop
         vertex -2.58950676652603E-05 -2.93103457806865E-05 8.15000021248125E-05
         vertex -2.93433440674562E-05 -2.93103457806865E-05 8.15000021248125E-05
         vertex -2.58950676652603E-05 -3.2758620363893E-05 8.15000021248125E-05
      endloop
   endfacet
   facet normal 0 0 1
      outer loop
         vertex -2.58950676652603E-05 -3.2758620363893E-05 8.15000021248125E-05
         vertex -2.93433440674562E-05 -2.93103457806865E-05 8.15000021248125E-05
         vertex -2.93433440674562E-05 -3.2758620363893E-05 8.15000021248125E-05
      endloop
   endfacet
   facet normal 0 0 1
      outer loop
         vertex -2.58950676652603E-05 -3.2758620363893E-05 8.15000021248125E-05
         vertex -2.93433440674562E-05 -3.2758620363893E-05 8.15000021248125E-05
         vertex -2.58950676652603E-05 -3.62068967660889E-05 8.15000021248125E-05
      endloop
   endfacet
   facet normal 0 0 1
      outer loop
         vertex -2.58950676652603E-05 -3.62068967660889E-05 8.15000021248125E-05
         vertex -2.93433440674562E-05 -3.2758620363893E-05 8.15000021248125E-05
         vertex -2.93433440674562E-05 -3.62068967660889E-05 8.15000021248125E-05
      endloop
   endfacet
   facet normal 0 0 1
      outer loop
         vertex -2.58950676652603E-05 -3.62068967660889E-05 8.15000021248125E-05
         vertex -2.93433440674562E-05 -3.62068967660889E-05 8.15000021248125E-05
         vertex -2.58950676652603E-05 -3.9655169530306E-05 8.15000021248125E-05
      endloop
   endfacet
   facet normal 0 0 1
      outer loop
         vertex -2.58950676652603E-05 -3.9655169530306E-05 8.15000021248125E-05
         vertex -2.93433440674562E-05 -3.62068967660889E-05 8.15000021248125E-05
         vertex -2.93433440674562E-05 -3.9655169530306E-05 8.15000021248125E-05
      endloop
   endfacet
   facet normal 0 0 1
      outer loop
         vertex -2.58950676652603E-05 -3.9655169530306E-05 8.15000021248125E-05
         vertex -2.93433440674562E-05 -3.9655169530306E-05 8.15000021248125E-05
         vertex -2.71603130386211E-05 -4.20012947870418E-05 8.15000021248125E-05
      endloop
   endfacet
   facet normal 0 0 1
      outer loop
         vertex -2.71603130386211E-05 -4.20012947870418E-05 8.15000021248125E-05
         vertex -2.93433440674562E-05 -3.9655169530306E-05 8.15000021248125E-05
         vertex -3.12074917019345E-05 -3.90915774914902E-05 8.15000021248125E-05
      endloop
   endfacet
   facet normal 0 0 1
      outer loop
         vertex -2.24467930820538E-05 -2.58620693784906E-05 8.15000021248125E-05
         vertex -2.58950676652603E-05 -2.58620693784906E-05 8.15000021248125E-05
         vertex -2.24467930820538E-05 -2.93103457806865E-05 8.15000021248125E-05
      endloop
   endfacet
   facet normal 0 0 1
      outer loop
         vertex -2.24467930820538E-05 -2.93103457806865E-05 8.15000021248125E-05
         vertex -2.58950676652603E-05 -2.58620693784906E-05 8.15000021248125E-05
         vertex -2.58950676652603E-05 -2.93103457806865E-05 8.15000021248125E-05
      endloop
   endfacet
   facet normal 0 0 1
      outer loop
         vertex -2.24467930820538E-05 -2.93103457806865E-05 8.15000021248125E-05
         vertex -2.58950676652603E-05 -2.93103457806865E-05 8.15000021248125E-05
         vertex -2.24467930820538E-05 -3.2758620363893E-05 8.15000021248125E-05
      endloop
   endfacet
   facet normal 0 0 1
      outer loop
         vertex -2.24467930820538E-05 -3.2758620363893E-05 8.15000021248125E-05
         vertex -2.58950676652603E-05 -2.93103457806865E-05 8.15000021248125E-05
         vertex -2.58950676652603E-05 -3.2758620363893E-05 8.15000021248125E-05
      endloop
   endfacet
   facet normal 0 0 1
      outer loop
         vertex -2.24467930820538E-05 -3.2758620363893E-05 8.15000021248125E-05
         vertex -2.58950676652603E-05 -3.2758620363893E-05 8.15000021248125E-05
         vertex -2.24467930820538E-05 -3.62068967660889E-05 8.15000021248125E-05
      endloop
   endfacet
   facet normal 0 0 1
      outer loop
         vertex -2.24467930820538E-05 -3.62068967660889E-05 8.15000021248125E-05
         vertex -2.58950676652603E-05 -3.2758620363893E-05 8.15000021248125E-05
         vertex -2.58950676652603E-05 -3.62068967660889E-05 8.15000021248125E-05
      endloop
   endfacet
   facet normal 0 0 1
      outer loop
         vertex -2.24467930820538E-05 -3.62068967660889E-05 8.15000021248125E-05
         vertex -2.58950676652603E-05 -3.62068967660889E-05 8.15000021248125E-05
         vertex -2.24467930820538E-05 -3.9655169530306E-05 8.15000021248125E-05
      endloop
   endfacet
   facet normal 0 0 1
      outer loop
         vertex -2.24467930820538E-05 -3.9655169530306E-05 8.15000021248125E-05
         vertex -2.58950676652603E-05 -3.62068967660889E-05 8.15000021248125E-05
         vertex -2.58950676652603E-05 -3.9655169530306E-05 8.15000021248125E-05
      endloop
   endfacet
   facet normal 0 0 1
      outer loop
         vertex -2.24467930820538E-05 -3.9655169530306E-05 8.15000021248125E-05
         vertex -2.58950676652603E-05 -3.9655169530306E-05 8.15000021248125E-05
         vertex -2.24467930820538E-05 -4.31034495704807E-05 8.15000021248125E-05
      endloop
   endfacet
   facet normal 0 0 1
      outer loop
         vertex -2.24467930820538E-05 -4.31034495704807E-05 8.15000021248125E-05
         vertex -2.58950676652603E-05 -3.9655169530306E-05 8.15000021248125E-05
         vertex -2.71603130386211E-05 -4.20012947870418E-05 8.15000021248125E-05
      endloop
   endfacet
   facet normal 0 0 1
      outer loop
         vertex -2.24467930820538E-05 -4.31034495704807E-05 8.15000021248125E-05
         vertex -2.71603130386211E-05 -4.20012947870418E-05 8.15000021248125E-05
         vertex -2.28435328608612E-05 -4.44935903942678E-05 8.15000021248125E-05
      endloop
   endfacet
   facet normal 0 0 1
      outer loop
         vertex -1.89985166798579E-05 -2.58620693784906E-05 8.15000021248125E-05
         vertex -2.24467930820538E-05 -2.58620693784906E-05 8.15000021248125E-05
         vertex -1.89985166798579E-05 -2.93103457806865E-05 8.15000021248125E-05
      endloop
   endfacet
   facet normal 0 0 1
      outer loop
         vertex -1.89985166798579E-05 -2.93103457806865E-05 8.15000021248125E-05
         vertex -2.24467930820538E-05 -2.58620693784906E-05 8.15000021248125E-05
         vertex -2.24467930820538E-05 -2.93103457806865E-05 8.15000021248125E-05
      endloop
   endfacet
   facet normal 0 0 1
      outer loop
         vertex -1.89985166798579E-05 -2.93103457806865E-05 8.15000021248125E-05
         vertex -2.24467930820538E-05 -2.93103457806865E-05 8.15000021248125E-05
         vertex -1.89985166798579E-05 -3.2758620363893E-05 8.15000021248125E-05
      endloop
   endfacet
   facet normal 0 0 1
      outer loop
         vertex -1.89985166798579E-05 -3.2758620363893E-05 8.15000021248125E-05
         vertex -2.24467930820538E-05 -2.93103457806865E-05 8.15000021248125E-05
         vertex -2.24467930820538E-05 -3.2758620363893E-05 8.15000021248125E-05
      endloop
   endfacet
   facet normal 0 0 1
      outer loop
         vertex -1.89985166798579E-05 -3.2758620363893E-05 8.15000021248125E-05
         vertex -2.24467930820538E-05 -3.2758620363893E-05 8.15000021248125E-05
         vertex -1.89985166798579E-05 -3.62068967660889E-05 8.15000021248125E-05
      endloop
   endfacet
   facet normal 0 0 1
      outer loop
         vertex -1.89985166798579E-05 -3.62068967660889E-05 8.15000021248125E-05
         vertex -2.24467930820538E-05 -3.2758620363893E-05 8.15000021248125E-05
         vertex -2.24467930820538E-05 -3.62068967660889E-05 8.15000021248125E-05
      endloop
   endfacet
   facet normal 0 0 1
      outer loop
         vertex -1.89985166798579E-05 -3.62068967660889E-05 8.15000021248125E-05
         vertex -2.24467930820538E-05 -3.62068967660889E-05 8.15000021248125E-05
         vertex -1.89985166798579E-05 -3.9655169530306E-05 8.15000021248125E-05
      endloop
   endfacet
   facet normal 0 0 1
      outer loop
         vertex -1.89985166798579E-05 -3.9655169530306E-05 8.15000021248125E-05
         vertex -2.24467930820538E-05 -3.62068967660889E-05 8.15000021248125E-05
         vertex -2.24467930820538E-05 -3.9655169530306E-05 8.15000021248125E-05
      endloop
   endfacet
   facet normal 0 0 1
      outer loop
         vertex -1.89985166798579E-05 -3.9655169530306E-05 8.15000021248125E-05
         vertex -2.24467930820538E-05 -3.9655169530306E-05 8.15000021248125E-05
         vertex -1.89985166798579E-05 -4.31034495704807E-05 8.15000021248125E-05
      endloop
   endfacet
   facet normal 0 0 1
      outer loop
         vertex -1.89985166798579E-05 -4.31034495704807E-05 8.15000021248125E-05
         vertex -2.24467930820538E-05 -3.9655169530306E-05 8.15000021248125E-05
         vertex -2.24467930820538E-05 -4.31034495704807E-05 8.15000021248125E-05
      endloop
   endfacet
   facet normal 0 0 1
      outer loop
         vertex -1.89985166798579E-05 -4.31034495704807E-05 8.15000021248125E-05
         vertex -2.24467930820538E-05 -4.31034495704807E-05 8.15000021248125E-05
         vertex -2.28435328608612E-05 -4.44935903942678E-05 8.15000021248125E-05
      endloop
   endfacet
   facet normal 0 0 1
      outer loop
         vertex -1.55502420966513E-05 -2.58620693784906E-05 8.15000021248125E-05
         vertex -1.89985166798579E-05 -2.58620693784906E-05 8.15000021248125E-05
         vertex -1.55502420966513E-05 -2.93103457806865E-05 8.15000021248125E-05
      endloop
   endfacet
   facet normal 0 0 1
      outer loop
         vertex -1.55502420966513E-05 -2.93103457806865E-05 8.15000021248125E-05
         vertex -1.89985166798579E-05 -2.58620693784906E-05 8.15000021248125E-05
         vertex -1.89985166798579E-05 -2.93103457806865E-05 8.15000021248125E-05
      endloop
   endfacet
   facet normal 0 0 1
      outer loop
         vertex -1.55502420966513E-05 -2.93103457806865E-05 8.15000021248125E-05
         vertex -1.89985166798579E-05 -2.93103457806865E-05 8.15000021248125E-05
         vertex -1.55502420966513E-05 -3.2758620363893E-05 8.15000021248125E-05
      endloop
   endfacet
   facet normal 0 0 1
      outer loop
         vertex -1.55502420966513E-05 -3.2758620363893E-05 8.15000021248125E-05
         vertex -1.89985166798579E-05 -2.93103457806865E-05 8.15000021248125E-05
         vertex -1.89985166798579E-05 -3.2758620363893E-05 8.15000021248125E-05
      endloop
   endfacet
   facet normal 0 0 1
      outer loop
         vertex -1.55502420966513E-05 -3.2758620363893E-05 8.15000021248125E-05
         vertex -1.89985166798579E-05 -3.2758620363893E-05 8.15000021248125E-05
         vertex -1.55502420966513E-05 -3.62068967660889E-05 8.15000021248125E-05
      endloop
   endfacet
   facet normal 0 0 1
      outer loop
         vertex -1.55502420966513E-05 -3.62068967660889E-05 8.15000021248125E-05
         vertex -1.89985166798579E-05 -3.2758620363893E-05 8.15000021248125E-05
         vertex -1.89985166798579E-05 -3.62068967660889E-05 8.15000021248125E-05
      endloop
   endfacet
   facet normal 0 0 1
      outer loop
         vertex -1.55502420966513E-05 -3.62068967660889E-05 8.15000021248125E-05
         vertex -1.89985166798579E-05 -3.62068967660889E-05 8.15000021248125E-05
         vertex -1.55502420966513E-05 -3.9655169530306E-05 8.15000021248125E-05
      endloop
   endfacet
   facet normal 0 0 1
      outer loop
         vertex -1.55502420966513E-05 -3.9655169530306E-05 8.15000021248125E-05
         vertex -1.89985166798579E-05 -3.62068967660889E-05 8.15000021248125E-05
         vertex -1.89985166798579E-05 -3.9655169530306E-05 8.15000021248125E-05
      endloop
   endfacet
   facet normal 0 0 1
      outer loop
         vertex -1.55502420966513E-05 -3.9655169530306E-05 8.15000021248125E-05
         vertex -1.89985166798579E-05 -3.9655169530306E-05 8.15000021248125E-05
         vertex -1.55502420966513E-05 -4.31034495704807E-05 8.15000021248125E-05
      endloop
   endfacet
   facet normal 0 0 1
      outer loop
         vertex -1.55502420966513E-05 -4.31034495704807E-05 8.15000021248125E-05
         vertex -1.89985166798579E-05 -3.9655169530306E-05 8.15000021248125E-05
         vertex -1.89985166798579E-05 -4.31034495704807E-05 8.15000021248125E-05
      endloop
   endfacet
   facet normal 0 0 1
      outer loop
         vertex -1.55502420966513E-05 -4.31034495704807E-05 8.15000021248125E-05
         vertex -1.89985166798579E-05 -4.31034495704807E-05 8.15000021248125E-05
         vertex -1.83000502147479E-05 -4.6543686039513E-05 8.15000021248125E-05
      endloop
   endfacet
   facet normal 0 0 1
      outer loop
         vertex -1.83000502147479E-05 -4.6543686039513E-05 8.15000021248125E-05
         vertex -1.89985166798579E-05 -4.31034495704807E-05 8.15000021248125E-05
         vertex -2.28435328608612E-05 -4.44935903942678E-05 8.15000021248125E-05
      endloop
   endfacet
   facet normal 0 0 1
      outer loop
         vertex -1.21019656944554E-05 -2.58620693784906E-05 8.15000021248125E-05
         vertex -1.55502420966513E-05 -2.58620693784906E-05 8.15000021248125E-05
         vertex -1.21019656944554E-05 -2.93103457806865E-05 8.15000021248125E-05
      endloop
   endfacet
   facet normal 0 0 1
      outer loop
         vertex -1.21019656944554E-05 -2.93103457806865E-05 8.15000021248125E-05
         vertex -1.55502420966513E-05 -2.58620693784906E-05 8.15000021248125E-05
         vertex -1.55502420966513E-05 -2.93103457806865E-05 8.15000021248125E-05
      endloop
   endfacet
   facet normal 0 0 1
      outer loop
         vertex -1.21019656944554E-05 -2.93103457806865E-05 8.15000021248125E-05
         vertex -1.55502420966513E-05 -2.93103457806865E-05 8.15000021248125E-05
         vertex -1.21019656944554E-05 -3.2758620363893E-05 8.15000021248125E-05
      endloop
   endfacet
   facet normal 0 0 1
      outer loop
         vertex -1.21019656944554E-05 -3.2758620363893E-05 8.15000021248125E-05
         vertex -1.55502420966513E-05 -2.93103457806865E-05 8.15000021248125E-05
         vertex -1.55502420966513E-05 -3.2758620363893E-05 8.15000021248125E-05
      endloop
   endfacet
   facet normal 0 0 1
      outer loop
         vertex -1.21019656944554E-05 -3.2758620363893E-05 8.15000021248125E-05
         vertex -1.55502420966513E-05 -3.2758620363893E-05 8.15000021248125E-05
         vertex -1.21019656944554E-05 -3.62068967660889E-05 8.15000021248125E-05
      endloop
   endfacet
   facet normal 0 0 1
      outer loop
         vertex -1.21019656944554E-05 -3.62068967660889E-05 8.15000021248125E-05
         vertex -1.55502420966513E-05 -3.2758620363893E-05 8.15000021248125E-05
         vertex -1.55502420966513E-05 -3.62068967660889E-05 8.15000021248125E-05
      endloop
   endfacet
   facet normal 0 0 1
      outer loop
         vertex -1.21019656944554E-05 -3.62068967660889E-05 8.15000021248125E-05
         vertex -1.55502420966513E-05 -3.62068967660889E-05 8.15000021248125E-05
         vertex -1.21019656944554E-05 -3.9655169530306E-05 8.15000021248125E-05
      endloop
   endfacet
   facet normal 0 0 1
      outer loop
         vertex -1.21019656944554E-05 -3.9655169530306E-05 8.15000021248125E-05
         vertex -1.55502420966513E-05 -3.62068967660889E-05 8.15000021248125E-05
         vertex -1.55502420966513E-05 -3.9655169530306E-05 8.15000021248125E-05
      endloop
   endfacet
   facet normal 0 0 1
      outer loop
         vertex -1.21019656944554E-05 -3.9655169530306E-05 8.15000021248125E-05
         vertex -1.55502420966513E-05 -3.9655169530306E-05 8.15000021248125E-05
         vertex -1.21019656944554E-05 -4.31034495704807E-05 8.15000021248125E-05
      endloop
   endfacet
   facet normal 0 0 1
      outer loop
         vertex -1.21019656944554E-05 -4.31034495704807E-05 8.15000021248125E-05
         vertex -1.55502420966513E-05 -3.9655169530306E-05 8.15000021248125E-05
         vertex -1.55502420966513E-05 -4.31034495704807E-05 8.15000021248125E-05
      endloop
   endfacet
   facet normal 0 0 1
      outer loop
         vertex -1.21019656944554E-05 -4.31034495704807E-05 8.15000021248125E-05
         vertex -1.55502420966513E-05 -4.31034495704807E-05 8.15000021248125E-05
         vertex -1.21019656944554E-05 -4.65517223346978E-05 8.15000021248125E-05
      endloop
   endfacet
   facet normal 0 0 1
      outer loop
         vertex -1.21019656944554E-05 -4.65517223346978E-05 8.15000021248125E-05
         vertex -1.55502420966513E-05 -4.31034495704807E-05 8.15000021248125E-05
         vertex -1.55502420966513E-05 -4.65517223346978E-05 8.15000021248125E-05
      endloop
   endfacet
   facet normal 0 0 1
      outer loop
         vertex -1.21019656944554E-05 -4.65517223346978E-05 8.15000021248125E-05
         vertex -1.55502420966513E-05 -4.65517223346978E-05 8.15000021248125E-05
         vertex -1.35750233312137E-05 -4.81312126794364E-05 8.15000021248125E-05
      endloop
   endfacet
   facet normal 0 0 1
      outer loop
         vertex -1.35750233312137E-05 -4.81312126794364E-05 8.15000021248125E-05
         vertex -1.55502420966513E-05 -4.65517223346978E-05 8.15000021248125E-05
         vertex -1.83000502147479E-05 -4.6543686039513E-05 8.15000021248125E-05
      endloop
   endfacet
   facet normal 0 0 1
      outer loop
         vertex -8.65369020175422E-06 -2.58620693784906E-05 8.15000021248125E-05
         vertex -1.21019656944554E-05 -2.58620693784906E-05 8.15000021248125E-05
         vertex -8.65369020175422E-06 -2.93103457806865E-05 8.15000021248125E-05
      endloop
   endfacet
   facet normal 0 0 1
      outer loop
         vertex -8.65369020175422E-06 -2.93103457806865E-05 8.15000021248125E-05
         vertex -1.21019656944554E-05 -2.58620693784906E-05 8.15000021248125E-05
         vertex -1.21019656944554E-05 -2.93103457806865E-05 8.15000021248125E-05
      endloop
   endfacet
   facet normal 0 0 1
      outer loop
         vertex -8.65369020175422E-06 -2.93103457806865E-05 8.15000021248125E-05
         vertex -1.21019656944554E-05 -2.93103457806865E-05 8.15000021248125E-05
         vertex -8.65369020175422E-06 -3.2758620363893E-05 8.15000021248125E-05
      endloop
   endfacet
   facet normal 0 0 1
      outer loop
         vertex -8.65369020175422E-06 -3.2758620363893E-05 8.15000021248125E-05
         vertex -1.21019656944554E-05 -2.93103457806865E-05 8.15000021248125E-05
         vertex -1.21019656944554E-05 -3.2758620363893E-05 8.15000021248125E-05
      endloop
   endfacet
   facet normal 0 0 1
      outer loop
         vertex -8.65369020175422E-06 -3.2758620363893E-05 8.15000021248125E-05
         vertex -1.21019656944554E-05 -3.2758620363893E-05 8.15000021248125E-05
         vertex -8.65369020175422E-06 -3.62068967660889E-05 8.15000021248125E-05
      endloop
   endfacet
   facet normal 0 0 1
      outer loop
         vertex -8.65369020175422E-06 -3.62068967660889E-05 8.15000021248125E-05
         vertex -1.21019656944554E-05 -3.2758620363893E-05 8.15000021248125E-05
         vertex -1.21019656944554E-05 -3.62068967660889E-05 8.15000021248125E-05
      endloop
   endfacet
   facet normal 0 0 1
      outer loop
         vertex -8.65369020175422E-06 -3.62068967660889E-05 8.15000021248125E-05
         vertex -1.21019656944554E-05 -3.62068967660889E-05 8.15000021248125E-05
         vertex -8.65369020175422E-06 -3.9655169530306E-05 8.15000021248125E-05
      endloop
   endfacet
   facet normal 0 0 1
      outer loop
         vertex -8.65369020175422E-06 -3.9655169530306E-05 8.15000021248125E-05
         vertex -1.21019656944554E-05 -3.62068967660889E-05 8.15000021248125E-05
         vertex -1.21019656944554E-05 -3.9655169530306E-05 8.15000021248125E-05
      endloop
   endfacet
   facet normal 0 0 1
      outer loop
         vertex -8.65369020175422E-06 -3.9655169530306E-05 8.15000021248125E-05
         vertex -1.21019656944554E-05 -3.9655169530306E-05 8.15000021248125E-05
         vertex -8.65369020175422E-06 -4.31034495704807E-05 8.15000021248125E-05
      endloop
   endfacet
   facet normal 0 0 1
      outer loop
         vertex -8.65369020175422E-06 -4.31034495704807E-05 8.15000021248125E-05
         vertex -1.21019656944554E-05 -3.9655169530306E-05 8.15000021248125E-05
         vertex -1.21019656944554E-05 -4.31034495704807E-05 8.15000021248125E-05
      endloop
   endfacet
   facet normal 0 0 1
      outer loop
         vertex -8.65369020175422E-06 -4.31034495704807E-05 8.15000021248125E-05
         vertex -1.21019656944554E-05 -4.31034495704807E-05 8.15000021248125E-05
         vertex -8.65369020175422E-06 -4.65517223346978E-05 8.15000021248125E-05
      endloop
   endfacet
   facet normal 0 0 1
      outer loop
         vertex -8.65369020175422E-06 -4.65517223346978E-05 8.15000021248125E-05
         vertex -1.21019656944554E-05 -4.31034495704807E-05 8.15000021248125E-05
         vertex -1.21019656944554E-05 -4.65517223346978E-05 8.15000021248125E-05
      endloop
   endfacet
   facet normal 0 0 1
      outer loop
         vertex -8.65369020175422E-06 -4.65517223346978E-05 8.15000021248125E-05
         vertex -1.21019656944554E-05 -4.65517223346978E-05 8.15000021248125E-05
         vertex -8.71540851221653E-06 -4.9240388761973E-05 8.15000021248125E-05
      endloop
   endfacet
   facet normal 0 0 1
      outer loop
         vertex -8.71540851221653E-06 -4.9240388761973E-05 8.15000021248125E-05
         vertex -1.21019656944554E-05 -4.65517223346978E-05 8.15000021248125E-05
         vertex -1.35750233312137E-05 -4.81312126794364E-05 8.15000021248125E-05
      endloop
   endfacet
   facet normal 0 0 1
      outer loop
         vertex -5.2054137995583E-06 -2.58620693784906E-05 8.15000021248125E-05
         vertex -8.65369020175422E-06 -2.58620693784906E-05 8.15000021248125E-05
         vertex -5.2054137995583E-06 -2.93103457806865E-05 8.15000021248125E-05
      endloop
   endfacet
   facet normal 0 0 1
      outer loop
         vertex -5.2054137995583E-06 -2.93103457806865E-05 8.15000021248125E-05
         vertex -8.65369020175422E-06 -2.58620693784906E-05 8.15000021248125E-05
         vertex -8.65369020175422E-06 -2.93103457806865E-05 8.15000021248125E-05
      endloop
   endfacet
   facet normal 0 0 1
      outer loop
         vertex -5.2054137995583E-06 -2.93103457806865E-05 8.15000021248125E-05
         vertex -8.65369020175422E-06 -2.93103457806865E-05 8.15000021248125E-05
         vertex -5.2054137995583E-06 -3.2758620363893E-05 8.15000021248125E-05
      endloop
   endfacet
   facet normal 0 0 1
      outer loop
         vertex -5.2054137995583E-06 -3.2758620363893E-05 8.15000021248125E-05
         vertex -8.65369020175422E-06 -2.93103457806865E-05 8.15000021248125E-05
         vertex -8.65369020175422E-06 -3.2758620363893E-05 8.15000021248125E-05
      endloop
   endfacet
   facet normal 0 0 1
      outer loop
         vertex -5.2054137995583E-06 -3.2758620363893E-05 8.15000021248125E-05
         vertex -8.65369020175422E-06 -3.2758620363893E-05 8.15000021248125E-05
         vertex -5.2054137995583E-06 -3.62068967660889E-05 8.15000021248125E-05
      endloop
   endfacet
   facet normal 0 0 1
      outer loop
         vertex -5.2054137995583E-06 -3.62068967660889E-05 8.15000021248125E-05
         vertex -8.65369020175422E-06 -3.2758620363893E-05 8.15000021248125E-05
         vertex -8.65369020175422E-06 -3.62068967660889E-05 8.15000021248125E-05
      endloop
   endfacet
   facet normal 0 0 1
      outer loop
         vertex -5.2054137995583E-06 -3.62068967660889E-05 8.15000021248125E-05
         vertex -8.65369020175422E-06 -3.62068967660889E-05 8.15000021248125E-05
         vertex -5.2054137995583E-06 -3.9655169530306E-05 8.15000021248125E-05
      endloop
   endfacet
   facet normal 0 0 1
      outer loop
         vertex -5.2054137995583E-06 -3.9655169530306E-05 8.15000021248125E-05
         vertex -8.65369020175422E-06 -3.62068967660889E-05 8.15000021248125E-05
         vertex -8.65369020175422E-06 -3.9655169530306E-05 8.15000021248125E-05
      endloop
   endfacet
   facet normal 0 0 1
      outer loop
         vertex -5.2054137995583E-06 -3.9655169530306E-05 8.15000021248125E-05
         vertex -8.65369020175422E-06 -3.9655169530306E-05 8.15000021248125E-05
         vertex -5.2054137995583E-06 -4.31034495704807E-05 8.15000021248125E-05
      endloop
   endfacet
   facet normal 0 0 1
      outer loop
         vertex -5.2054137995583E-06 -4.31034495704807E-05 8.15000021248125E-05
         vertex -8.65369020175422E-06 -3.9655169530306E-05 8.15000021248125E-05
         vertex -8.65369020175422E-06 -4.31034495704807E-05 8.15000021248125E-05
      endloop
   endfacet
   facet normal 0 0 1
      outer loop
         vertex -5.2054137995583E-06 -4.31034495704807E-05 8.15000021248125E-05
         vertex -8.65369020175422E-06 -4.31034495704807E-05 8.15000021248125E-05
         vertex -5.2054137995583E-06 -4.65517223346978E-05 8.15000021248125E-05
      endloop
   endfacet
   facet normal 0 0 1
      outer loop
         vertex -5.2054137995583E-06 -4.65517223346978E-05 8.15000021248125E-05
         vertex -8.65369020175422E-06 -4.31034495704807E-05 8.15000021248125E-05
         vertex -8.65369020175422E-06 -4.65517223346978E-05 8.15000021248125E-05
      endloop
   endfacet
   facet normal 0 0 1
      outer loop
         vertex -5.2054137995583E-06 -4.65517223346978E-05 8.15000021248125E-05
         vertex -8.65369020175422E-06 -4.65517223346978E-05 8.15000021248125E-05
         vertex -8.71540851221653E-06 -4.9240388761973E-05 8.15000021248125E-05
      endloop
   endfacet
   facet normal 0 0 1
      outer loop
         vertex -1.75713796579657E-06 -2.58620693784906E-05 8.15000021248125E-05
         vertex -5.2054137995583E-06 -2.58620693784906E-05 8.15000021248125E-05
         vertex -1.75713796579657E-06 -2.93103457806865E-05 8.15000021248125E-05
      endloop
   endfacet
   facet normal 0 0 1
      outer loop
         vertex -1.75713796579657E-06 -2.93103457806865E-05 8.15000021248125E-05
         vertex -5.2054137995583E-06 -2.58620693784906E-05 8.15000021248125E-05
         vertex -5.2054137995583E-06 -2.93103457806865E-05 8.15000021248125E-05
      endloop
   endfacet
   facet normal 0 0 1
      outer loop
         vertex -1.75713796579657E-06 -2.93103457806865E-05 8.15000021248125E-05
         vertex -5.2054137995583E-06 -2.93103457806865E-05 8.15000021248125E-05
         vertex -1.75713796579657E-06 -3.2758620363893E-05 8.15000021248125E-05
      endloop
   endfacet
   facet normal 0 0 1
      outer loop
         vertex -1.75713796579657E-06 -3.2758620363893E-05 8.15000021248125E-05
         vertex -5.2054137995583E-06 -2.93103457806865E-05 8.15000021248125E-05
         vertex -5.2054137995583E-06 -3.2758620363893E-05 8.15000021248125E-05
      endloop
   endfacet
   facet normal 0 0 1
      outer loop
         vertex -1.75713796579657E-06 -3.2758620363893E-05 8.15000021248125E-05
         vertex -5.2054137995583E-06 -3.2758620363893E-05 8.15000021248125E-05
         vertex -1.75713796579657E-06 -3.62068967660889E-05 8.15000021248125E-05
      endloop
   endfacet
   facet normal 0 0 1
      outer loop
         vertex -1.75713796579657E-06 -3.62068967660889E-05 8.15000021248125E-05
         vertex -5.2054137995583E-06 -3.2758620363893E-05 8.15000021248125E-05
         vertex -5.2054137995583E-06 -3.62068967660889E-05 8.15000021248125E-05
      endloop
   endfacet
   facet normal 0 0 1
      outer loop
         vertex -1.75713796579657E-06 -3.62068967660889E-05 8.15000021248125E-05
         vertex -5.2054137995583E-06 -3.62068967660889E-05 8.15000021248125E-05
         vertex -1.75713796579657E-06 -3.9655169530306E-05 8.15000021248125E-05
      endloop
   endfacet
   facet normal 0 0 1
      outer loop
         vertex -1.75713796579657E-06 -3.9655169530306E-05 8.15000021248125E-05
         vertex -5.2054137995583E-06 -3.62068967660889E-05 8.15000021248125E-05
         vertex -5.2054137995583E-06 -3.9655169530306E-05 8.15000021248125E-05
      endloop
   endfacet
   facet normal 0 0 1
      outer loop
         vertex -1.75713796579657E-06 -3.9655169530306E-05 8.15000021248125E-05
         vertex -5.2054137995583E-06 -3.9655169530306E-05 8.15000021248125E-05
         vertex -1.75713796579657E-06 -4.31034495704807E-05 8.15000021248125E-05
      endloop
   endfacet
   facet normal 0 0 1
      outer loop
         vertex -1.75713796579657E-06 -4.31034495704807E-05 8.15000021248125E-05
         vertex -5.2054137995583E-06 -3.9655169530306E-05 8.15000021248125E-05
         vertex -5.2054137995583E-06 -4.31034495704807E-05 8.15000021248125E-05
      endloop
   endfacet
   facet normal 0 0 1
      outer loop
         vertex -1.75713796579657E-06 -4.31034495704807E-05 8.15000021248125E-05
         vertex -5.2054137995583E-06 -4.31034495704807E-05 8.15000021248125E-05
         vertex -1.75713796579657E-06 -4.65517223346978E-05 8.15000021248125E-05
      endloop
   endfacet
   facet normal 0 0 1
      outer loop
         vertex -1.75713796579657E-06 -4.65517223346978E-05 8.15000021248125E-05
         vertex -5.2054137995583E-06 -4.31034495704807E-05 8.15000021248125E-05
         vertex -5.2054137995583E-06 -4.65517223346978E-05 8.15000021248125E-05
      endloop
   endfacet
   facet normal 0 0 1
      outer loop
         vertex -1.75713796579657E-06 -4.65517223346978E-05 8.15000021248125E-05
         vertex -5.2054137995583E-06 -4.65517223346978E-05 8.15000021248125E-05
         vertex -3.76950470126758E-06 -4.98601912113372E-05 8.15000021248125E-05
      endloop
   endfacet
   facet normal 0 0 1
      outer loop
         vertex -3.76950470126758E-06 -4.98601912113372E-05 8.15000021248125E-05
         vertex -5.2054137995583E-06 -4.65517223346978E-05 8.15000021248125E-05
         vertex -8.71540851221653E-06 -4.9240388761973E-05 8.15000021248125E-05
      endloop
   endfacet
   facet normal 0 0 1
      outer loop
         vertex 1.69113786796515E-06 -2.58620693784906E-05 8.15000021248125E-05
         vertex -1.75713796579657E-06 -2.58620693784906E-05 8.15000021248125E-05
         vertex 1.69113786796515E-06 -2.93103457806865E-05 8.15000021248125E-05
      endloop
   endfacet
   facet normal 0 0 1
      outer loop
         vertex 1.69113786796515E-06 -2.93103457806865E-05 8.15000021248125E-05
         vertex -1.75713796579657E-06 -2.58620693784906E-05 8.15000021248125E-05
         vertex -1.75713796579657E-06 -2.93103457806865E-05 8.15000021248125E-05
      endloop
   endfacet
   facet normal 0 0 1
      outer loop
         vertex 1.69113786796515E-06 -2.93103457806865E-05 8.15000021248125E-05
         vertex -1.75713796579657E-06 -2.93103457806865E-05 8.15000021248125E-05
         vertex 1.69113786796515E-06 -3.2758620363893E-05 8.15000021248125E-05
      endloop
   endfacet
   facet normal 0 0 1
      outer loop
         vertex 1.69113786796515E-06 -3.2758620363893E-05 8.15000021248125E-05
         vertex -1.75713796579657E-06 -2.93103457806865E-05 8.15000021248125E-05
         vertex -1.75713796579657E-06 -3.2758620363893E-05 8.15000021248125E-05
      endloop
   endfacet
   facet normal 0 0 1
      outer loop
         vertex 1.69113786796515E-06 -3.2758620363893E-05 8.15000021248125E-05
         vertex -1.75713796579657E-06 -3.2758620363893E-05 8.15000021248125E-05
         vertex 1.69113786796515E-06 -3.62068967660889E-05 8.15000021248125E-05
      endloop
   endfacet
   facet normal 0 0 1
      outer loop
         vertex 1.69113786796515E-06 -3.62068967660889E-05 8.15000021248125E-05
         vertex -1.75713796579657E-06 -3.2758620363893E-05 8.15000021248125E-05
         vertex -1.75713796579657E-06 -3.62068967660889E-05 8.15000021248125E-05
      endloop
   endfacet
   facet normal 0 0 1
      outer loop
         vertex 1.69113786796515E-06 -3.62068967660889E-05 8.15000021248125E-05
         vertex -1.75713796579657E-06 -3.62068967660889E-05 8.15000021248125E-05
         vertex 1.69113786796515E-06 -3.9655169530306E-05 8.15000021248125E-05
      endloop
   endfacet
   facet normal 0 0 1
      outer loop
         vertex 1.69113786796515E-06 -3.9655169530306E-05 8.15000021248125E-05
         vertex -1.75713796579657E-06 -3.62068967660889E-05 8.15000021248125E-05
         vertex -1.75713796579657E-06 -3.9655169530306E-05 8.15000021248125E-05
      endloop
   endfacet
   facet normal 0 0 1
      outer loop
         vertex 1.69113786796515E-06 -3.9655169530306E-05 8.15000021248125E-05
         vertex -1.75713796579657E-06 -3.9655169530306E-05 8.15000021248125E-05
         vertex 1.69113786796515E-06 -4.31034495704807E-05 8.15000021248125E-05
      endloop
   endfacet
   facet normal 0 0 1
      outer loop
         vertex 1.69113786796515E-06 -4.31034495704807E-05 8.15000021248125E-05
         vertex -1.75713796579657E-06 -3.9655169530306E-05 8.15000021248125E-05
         vertex -1.75713796579657E-06 -4.31034495704807E-05 8.15000021248125E-05
      endloop
   endfacet
   facet normal 0 0 1
      outer loop
         vertex 1.69113786796515E-06 -4.31034495704807E-05 8.15000021248125E-05
         vertex -1.75713796579657E-06 -4.31034495704807E-05 8.15000021248125E-05
         vertex 1.69113786796515E-06 -4.65517223346978E-05 8.15000021248125E-05
      endloop
   endfacet
   facet normal 0 0 1
      outer loop
         vertex 1.69113786796515E-06 -4.65517223346978E-05 8.15000021248125E-05
         vertex -1.75713796579657E-06 -4.31034495704807E-05 8.15000021248125E-05
         vertex -1.75713796579657E-06 -4.65517223346978E-05 8.15000021248125E-05
      endloop
   endfacet
   facet normal 0 0 1
      outer loop
         vertex 1.69113786796515E-06 -4.65517223346978E-05 8.15000021248125E-05
         vertex -1.75713796579657E-06 -4.65517223346978E-05 8.15000021248125E-05
         vertex 1.21353457416262E-06 -4.99844572914299E-05 8.15000021248125E-05
      endloop
   endfacet
   facet normal 0 0 1
      outer loop
         vertex 1.21353457416262E-06 -4.99844572914299E-05 8.15000021248125E-05
         vertex -1.75713796579657E-06 -4.65517223346978E-05 8.15000021248125E-05
         vertex -3.76950470126758E-06 -4.98601912113372E-05 8.15000021248125E-05
      endloop
   endfacet
   facet normal 0 0 1
      outer loop
         vertex 5.13941358804004E-06 -2.58620693784906E-05 8.15000021248125E-05
         vertex 1.69113786796515E-06 -2.58620693784906E-05 8.15000021248125E-05
         vertex 5.13941358804004E-06 -2.93103457806865E-05 8.15000021248125E-05
      endloop
   endfacet
   facet normal 0 0 1
      outer loop
         vertex 5.13941358804004E-06 -2.93103457806865E-05 8.15000021248125E-05
         vertex 1.69113786796515E-06 -2.58620693784906E-05 8.15000021248125E-05
         vertex 1.69113786796515E-06 -2.93103457806865E-05 8.15000021248125E-05
      endloop
   endfacet
   facet normal 0 0 1
      outer loop
         vertex 5.13941358804004E-06 -2.93103457806865E-05 8.15000021248125E-05
         vertex 1.69113786796515E-06 -2.93103457806865E-05 8.15000021248125E-05
         vertex 5.13941358804004E-06 -3.2758620363893E-05 8.15000021248125E-05
      endloop
   endfacet
   facet normal 0 0 1
      outer loop
         vertex 5.13941358804004E-06 -3.2758620363893E-05 8.15000021248125E-05
         vertex 1.69113786796515E-06 -2.93103457806865E-05 8.15000021248125E-05
         vertex 1.69113786796515E-06 -3.2758620363893E-05 8.15000021248125E-05
      endloop
   endfacet
   facet normal 0 0 1
      outer loop
         vertex 5.13941358804004E-06 -3.2758620363893E-05 8.15000021248125E-05
         vertex 1.69113786796515E-06 -3.2758620363893E-05 8.15000021248125E-05
         vertex 5.13941358804004E-06 -3.62068967660889E-05 8.15000021248125E-05
      endloop
   endfacet
   facet normal 0 0 1
      outer loop
         vertex 5.13941358804004E-06 -3.62068967660889E-05 8.15000021248125E-05
         vertex 1.69113786796515E-06 -3.2758620363893E-05 8.15000021248125E-05
         vertex 1.69113786796515E-06 -3.62068967660889E-05 8.15000021248125E-05
      endloop
   endfacet
   facet normal 0 0 1
      outer loop
         vertex 5.13941358804004E-06 -3.62068967660889E-05 8.15000021248125E-05
         vertex 1.69113786796515E-06 -3.62068967660889E-05 8.15000021248125E-05
         vertex 5.13941358804004E-06 -3.9655169530306E-05 8.15000021248125E-05
      endloop
   endfacet
   facet normal 0 0 1
      outer loop
         vertex 5.13941358804004E-06 -3.9655169530306E-05 8.15000021248125E-05
         vertex 1.69113786796515E-06 -3.62068967660889E-05 8.15000021248125E-05
         vertex 1.69113786796515E-06 -3.9655169530306E-05 8.15000021248125E-05
      endloop
   endfacet
   facet normal 0 0 1
      outer loop
         vertex 5.13941358804004E-06 -3.9655169530306E-05 8.15000021248125E-05
         vertex 1.69113786796515E-06 -3.9655169530306E-05 8.15000021248125E-05
         vertex 5.13941358804004E-06 -4.31034495704807E-05 8.15000021248125E-05
      endloop
   endfacet
   facet normal 0 0 1
      outer loop
         vertex 5.13941358804004E-06 -4.31034495704807E-05 8.15000021248125E-05
         vertex 1.69113786796515E-06 -3.9655169530306E-05 8.15000021248125E-05
         vertex 1.69113786796515E-06 -4.31034495704807E-05 8.15000021248125E-05
      endloop
   endfacet
   facet normal 0 0 1
      outer loop
         vertex 5.13941358804004E-06 -4.31034495704807E-05 8.15000021248125E-05
         vertex 1.69113786796515E-06 -4.31034495704807E-05 8.15000021248125E-05
         vertex 5.13941358804004E-06 -4.65517223346978E-05 8.15000021248125E-05
      endloop
   endfacet
   facet normal 0 0 1
      outer loop
         vertex 5.13941358804004E-06 -4.65517223346978E-05 8.15000021248125E-05
         vertex 1.69113786796515E-06 -4.31034495704807E-05 8.15000021248125E-05
         vertex 1.69113786796515E-06 -4.65517223346978E-05 8.15000021248125E-05
      endloop
   endfacet
   facet normal 0 0 1
      outer loop
         vertex 5.13941358804004E-06 -4.65517223346978E-05 8.15000021248125E-05
         vertex 1.69113786796515E-06 -4.65517223346978E-05 8.15000021248125E-05
         vertex 1.21353457416262E-06 -4.99844572914299E-05 8.15000021248125E-05
      endloop
   endfacet
   facet normal 0 0 1
      outer loop
         vertex 8.58768999023596E-06 -2.58620693784906E-05 8.15000021248125E-05
         vertex 5.13941358804004E-06 -2.58620693784906E-05 8.15000021248125E-05
         vertex 8.58768999023596E-06 -2.93103457806865E-05 8.15000021248125E-05
      endloop
   endfacet
   facet normal 0 0 1
      outer loop
         vertex 8.58768999023596E-06 -2.93103457806865E-05 8.15000021248125E-05
         vertex 5.13941358804004E-06 -2.58620693784906E-05 8.15000021248125E-05
         vertex 5.13941358804004E-06 -2.93103457806865E-05 8.15000021248125E-05
      endloop
   endfacet
   facet normal 0 0 1
      outer loop
         vertex 8.58768999023596E-06 -2.93103457806865E-05 8.15000021248125E-05
         vertex 5.13941358804004E-06 -2.93103457806865E-05 8.15000021248125E-05
         vertex 8.58768999023596E-06 -3.2758620363893E-05 8.15000021248125E-05
      endloop
   endfacet
   facet normal 0 0 1
      outer loop
         vertex 8.58768999023596E-06 -3.2758620363893E-05 8.15000021248125E-05
         vertex 5.13941358804004E-06 -2.93103457806865E-05 8.15000021248125E-05
         vertex 5.13941358804004E-06 -3.2758620363893E-05 8.15000021248125E-05
      endloop
   endfacet
   facet normal 0 0 1
      outer loop
         vertex 8.58768999023596E-06 -3.2758620363893E-05 8.15000021248125E-05
         vertex 5.13941358804004E-06 -3.2758620363893E-05 8.15000021248125E-05
         vertex 8.58768999023596E-06 -3.62068967660889E-05 8.15000021248125E-05
      endloop
   endfacet
   facet normal 0 0 1
      outer loop
         vertex 8.58768999023596E-06 -3.62068967660889E-05 8.15000021248125E-05
         vertex 5.13941358804004E-06 -3.2758620363893E-05 8.15000021248125E-05
         vertex 5.13941358804004E-06 -3.62068967660889E-05 8.15000021248125E-05
      endloop
   endfacet
   facet normal 0 0 1
      outer loop
         vertex 8.58768999023596E-06 -3.62068967660889E-05 8.15000021248125E-05
         vertex 5.13941358804004E-06 -3.62068967660889E-05 8.15000021248125E-05
         vertex 8.58768999023596E-06 -3.9655169530306E-05 8.15000021248125E-05
      endloop
   endfacet
   facet normal 0 0 1
      outer loop
         vertex 8.58768999023596E-06 -3.9655169530306E-05 8.15000021248125E-05
         vertex 5.13941358804004E-06 -3.62068967660889E-05 8.15000021248125E-05
         vertex 5.13941358804004E-06 -3.9655169530306E-05 8.15000021248125E-05
      endloop
   endfacet
   facet normal 0 0 1
      outer loop
         vertex 8.58768999023596E-06 -3.9655169530306E-05 8.15000021248125E-05
         vertex 5.13941358804004E-06 -3.9655169530306E-05 8.15000021248125E-05
         vertex 8.58768999023596E-06 -4.31034495704807E-05 8.15000021248125E-05
      endloop
   endfacet
   facet normal 0 0 1
      outer loop
         vertex 8.58768999023596E-06 -4.31034495704807E-05 8.15000021248125E-05
         vertex 5.13941358804004E-06 -3.9655169530306E-05 8.15000021248125E-05
         vertex 5.13941358804004E-06 -4.31034495704807E-05 8.15000021248125E-05
      endloop
   endfacet
   facet normal 0 0 1
      outer loop
         vertex 8.58768999023596E-06 -4.31034495704807E-05 8.15000021248125E-05
         vertex 5.13941358804004E-06 -4.31034495704807E-05 8.15000021248125E-05
         vertex 8.58768999023596E-06 -4.65517223346978E-05 8.15000021248125E-05
      endloop
   endfacet
   facet normal 0 0 1
      outer loop
         vertex 8.58768999023596E-06 -4.65517223346978E-05 8.15000021248125E-05
         vertex 5.13941358804004E-06 -4.31034495704807E-05 8.15000021248125E-05
         vertex 5.13941358804004E-06 -4.65517223346978E-05 8.15000021248125E-05
      endloop
   endfacet
   facet normal 0 0 1
      outer loop
         vertex 8.58768999023596E-06 -4.65517223346978E-05 8.15000021248125E-05
         vertex 5.13941358804004E-06 -4.65517223346978E-05 8.15000021248125E-05
         vertex 6.18418516751262E-06 -4.96119610033929E-05 8.15000021248125E-05
      endloop
   endfacet
   facet normal 0 0 1
      outer loop
         vertex 6.18418516751262E-06 -4.96119610033929E-05 8.15000021248125E-05
         vertex 5.13941358804004E-06 -4.65517223346978E-05 8.15000021248125E-05
         vertex 1.21353457416262E-06 -4.99844572914299E-05 8.15000021248125E-05
      endloop
   endfacet
   facet normal 0 0 1
      outer loop
         vertex 1.20359654829372E-05 -2.58620693784906E-05 8.15000021248125E-05
         vertex 8.58768999023596E-06 -2.58620693784906E-05 8.15000021248125E-05
         vertex 1.20359654829372E-05 -2.93103457806865E-05 8.15000021248125E-05
      endloop
   endfacet
   facet normal 0 0 1
      outer loop
         vertex 1.20359654829372E-05 -2.93103457806865E-05 8.15000021248125E-05
         vertex 8.58768999023596E-06 -2.58620693784906E-05 8.15000021248125E-05
         vertex 8.58768999023596E-06 -2.93103457806865E-05 8.15000021248125E-05
      endloop
   endfacet
   facet normal 0 0 1
      outer loop
         vertex 1.20359654829372E-05 -2.93103457806865E-05 8.15000021248125E-05
         vertex 8.58768999023596E-06 -2.93103457806865E-05 8.15000021248125E-05
         vertex 1.20359654829372E-05 -3.2758620363893E-05 8.15000021248125E-05
      endloop
   endfacet
   facet normal 0 0 1
      outer loop
         vertex 1.20359654829372E-05 -3.2758620363893E-05 8.15000021248125E-05
         vertex 8.58768999023596E-06 -2.93103457806865E-05 8.15000021248125E-05
         vertex 8.58768999023596E-06 -3.2758620363893E-05 8.15000021248125E-05
      endloop
   endfacet
   facet normal 0 0 1
      outer loop
         vertex 1.20359654829372E-05 -3.2758620363893E-05 8.15000021248125E-05
         vertex 8.58768999023596E-06 -3.2758620363893E-05 8.15000021248125E-05
         vertex 1.20359654829372E-05 -3.62068967660889E-05 8.15000021248125E-05
      endloop
   endfacet
   facet normal 0 0 1
      outer loop
         vertex 1.20359654829372E-05 -3.62068967660889E-05 8.15000021248125E-05
         vertex 8.58768999023596E-06 -3.2758620363893E-05 8.15000021248125E-05
         vertex 8.58768999023596E-06 -3.62068967660889E-05 8.15000021248125E-05
      endloop
   endfacet
   facet normal 0 0 1
      outer loop
         vertex 1.20359654829372E-05 -3.62068967660889E-05 8.15000021248125E-05
         vertex 8.58768999023596E-06 -3.62068967660889E-05 8.15000021248125E-05
         vertex 1.20359654829372E-05 -3.9655169530306E-05 8.15000021248125E-05
      endloop
   endfacet
   facet normal 0 0 1
      outer loop
         vertex 1.20359654829372E-05 -3.9655169530306E-05 8.15000021248125E-05
         vertex 8.58768999023596E-06 -3.62068967660889E-05 8.15000021248125E-05
         vertex 8.58768999023596E-06 -3.9655169530306E-05 8.15000021248125E-05
      endloop
   endfacet
   facet normal 0 0 1
      outer loop
         vertex 1.20359654829372E-05 -3.9655169530306E-05 8.15000021248125E-05
         vertex 8.58768999023596E-06 -3.9655169530306E-05 8.15000021248125E-05
         vertex 1.20359654829372E-05 -4.31034495704807E-05 8.15000021248125E-05
      endloop
   endfacet
   facet normal 0 0 1
      outer loop
         vertex 1.20359654829372E-05 -4.31034495704807E-05 8.15000021248125E-05
         vertex 8.58768999023596E-06 -3.9655169530306E-05 8.15000021248125E-05
         vertex 8.58768999023596E-06 -4.31034495704807E-05 8.15000021248125E-05
      endloop
   endfacet
   facet normal 0 0 1
      outer loop
         vertex 1.20359654829372E-05 -4.31034495704807E-05 8.15000021248125E-05
         vertex 8.58768999023596E-06 -4.31034495704807E-05 8.15000021248125E-05
         vertex 1.20359654829372E-05 -4.65517223346978E-05 8.15000021248125E-05
      endloop
   endfacet
   facet normal 0 0 1
      outer loop
         vertex 1.20359654829372E-05 -4.65517223346978E-05 8.15000021248125E-05
         vertex 8.58768999023596E-06 -4.31034495704807E-05 8.15000021248125E-05
         vertex 8.58768999023596E-06 -4.65517223346978E-05 8.15000021248125E-05
      endloop
   endfacet
   facet normal 0 0 1
      outer loop
         vertex 1.20359654829372E-05 -4.65517223346978E-05 8.15000021248125E-05
         vertex 8.58768999023596E-06 -4.65517223346978E-05 8.15000021248125E-05
         vertex 1.10930468508741E-05 -4.87463948957156E-05 8.15000021248125E-05
      endloop
   endfacet
   facet normal 0 0 1
      outer loop
         vertex 1.10930468508741E-05 -4.87463948957156E-05 8.15000021248125E-05
         vertex 8.58768999023596E-06 -4.65517223346978E-05 8.15000021248125E-05
         vertex 6.18418516751262E-06 -4.96119610033929E-05 8.15000021248125E-05
      endloop
   endfacet
   facet normal 0 0 1
      outer loop
         vertex 1.54842418851331E-05 -2.58620693784906E-05 8.15000021248125E-05
         vertex 1.20359654829372E-05 -2.58620693784906E-05 8.15000021248125E-05
         vertex 1.54842418851331E-05 -2.93103457806865E-05 8.15000021248125E-05
      endloop
   endfacet
   facet normal 0 0 1
      outer loop
         vertex 1.54842418851331E-05 -2.93103457806865E-05 8.15000021248125E-05
         vertex 1.20359654829372E-05 -2.58620693784906E-05 8.15000021248125E-05
         vertex 1.20359654829372E-05 -2.93103457806865E-05 8.15000021248125E-05
      endloop
   endfacet
   facet normal 0 0 1
      outer loop
         vertex 1.54842418851331E-05 -2.93103457806865E-05 8.15000021248125E-05
         vertex 1.20359654829372E-05 -2.93103457806865E-05 8.15000021248125E-05
         vertex 1.54842418851331E-05 -3.2758620363893E-05 8.15000021248125E-05
      endloop
   endfacet
   facet normal 0 0 1
      outer loop
         vertex 1.54842418851331E-05 -3.2758620363893E-05 8.15000021248125E-05
         vertex 1.20359654829372E-05 -2.93103457806865E-05 8.15000021248125E-05
         vertex 1.20359654829372E-05 -3.2758620363893E-05 8.15000021248125E-05
      endloop
   endfacet
   facet normal 0 0 1
      outer loop
         vertex 1.54842418851331E-05 -3.2758620363893E-05 8.15000021248125E-05
         vertex 1.20359654829372E-05 -3.2758620363893E-05 8.15000021248125E-05
         vertex 1.54842418851331E-05 -3.62068967660889E-05 8.15000021248125E-05
      endloop
   endfacet
   facet normal 0 0 1
      outer loop
         vertex 1.54842418851331E-05 -3.62068967660889E-05 8.15000021248125E-05
         vertex 1.20359654829372E-05 -3.2758620363893E-05 8.15000021248125E-05
         vertex 1.20359654829372E-05 -3.62068967660889E-05 8.15000021248125E-05
      endloop
   endfacet
   facet normal 0 0 1
      outer loop
         vertex 1.54842418851331E-05 -3.62068967660889E-05 8.15000021248125E-05
         vertex 1.20359654829372E-05 -3.62068967660889E-05 8.15000021248125E-05
         vertex 1.54842418851331E-05 -3.9655169530306E-05 8.15000021248125E-05
      endloop
   endfacet
   facet normal 0 0 1
      outer loop
         vertex 1.54842418851331E-05 -3.9655169530306E-05 8.15000021248125E-05
         vertex 1.20359654829372E-05 -3.62068967660889E-05 8.15000021248125E-05
         vertex 1.20359654829372E-05 -3.9655169530306E-05 8.15000021248125E-05
      endloop
   endfacet
   facet normal 0 0 1
      outer loop
         vertex 1.54842418851331E-05 -3.9655169530306E-05 8.15000021248125E-05
         vertex 1.20359654829372E-05 -3.9655169530306E-05 8.15000021248125E-05
         vertex 1.54842418851331E-05 -4.31034495704807E-05 8.15000021248125E-05
      endloop
   endfacet
   facet normal 0 0 1
      outer loop
         vertex 1.54842418851331E-05 -4.31034495704807E-05 8.15000021248125E-05
         vertex 1.20359654829372E-05 -3.9655169530306E-05 8.15000021248125E-05
         vertex 1.20359654829372E-05 -4.31034495704807E-05 8.15000021248125E-05
      endloop
   endfacet
   facet normal 0 0 1
      outer loop
         vertex 1.54842418851331E-05 -4.31034495704807E-05 8.15000021248125E-05
         vertex 1.20359654829372E-05 -4.31034495704807E-05 8.15000021248125E-05
         vertex 1.54842418851331E-05 -4.65517223346978E-05 8.15000021248125E-05
      endloop
   endfacet
   facet normal 0 0 1
      outer loop
         vertex 1.54842418851331E-05 -4.65517223346978E-05 8.15000021248125E-05
         vertex 1.20359654829372E-05 -4.31034495704807E-05 8.15000021248125E-05
         vertex 1.20359654829372E-05 -4.65517223346978E-05 8.15000021248125E-05
      endloop
   endfacet
   facet normal 0 0 1
      outer loop
         vertex 1.54842418851331E-05 -4.65517223346978E-05 8.15000021248125E-05
         vertex 1.20359654829372E-05 -4.65517223346978E-05 8.15000021248125E-05
         vertex 1.58913317136467E-05 -4.73963664262556E-05 8.15000021248125E-05
      endloop
   endfacet
   facet normal 0 0 1
      outer loop
         vertex 1.58913317136467E-05 -4.73963664262556E-05 8.15000021248125E-05
         vertex 1.20359654829372E-05 -4.65517223346978E-05 8.15000021248125E-05
         vertex 1.10930468508741E-05 -4.87463948957156E-05 8.15000021248125E-05
      endloop
   endfacet
   facet normal 0 0 1
      outer loop
         vertex 1.8932518287329E-05 -2.58620693784906E-05 8.15000021248125E-05
         vertex 1.54842418851331E-05 -2.58620693784906E-05 8.15000021248125E-05
         vertex 1.8932518287329E-05 -2.93103457806865E-05 8.15000021248125E-05
      endloop
   endfacet
   facet normal 0 0 1
      outer loop
         vertex 1.8932518287329E-05 -2.93103457806865E-05 8.15000021248125E-05
         vertex 1.54842418851331E-05 -2.58620693784906E-05 8.15000021248125E-05
         vertex 1.54842418851331E-05 -2.93103457806865E-05 8.15000021248125E-05
      endloop
   endfacet
   facet normal 0 0 1
      outer loop
         vertex 1.8932518287329E-05 -2.93103457806865E-05 8.15000021248125E-05
         vertex 1.54842418851331E-05 -2.93103457806865E-05 8.15000021248125E-05
         vertex 1.8932518287329E-05 -3.2758620363893E-05 8.15000021248125E-05
      endloop
   endfacet
   facet normal 0 0 1
      outer loop
         vertex 1.8932518287329E-05 -3.2758620363893E-05 8.15000021248125E-05
         vertex 1.54842418851331E-05 -2.93103457806865E-05 8.15000021248125E-05
         vertex 1.54842418851331E-05 -3.2758620363893E-05 8.15000021248125E-05
      endloop
   endfacet
   facet normal 0 0 1
      outer loop
         vertex 1.8932518287329E-05 -3.2758620363893E-05 8.15000021248125E-05
         vertex 1.54842418851331E-05 -3.2758620363893E-05 8.15000021248125E-05
         vertex 1.8932518287329E-05 -3.62068967660889E-05 8.15000021248125E-05
      endloop
   endfacet
   facet normal 0 0 1
      outer loop
         vertex 1.8932518287329E-05 -3.62068967660889E-05 8.15000021248125E-05
         vertex 1.54842418851331E-05 -3.2758620363893E-05 8.15000021248125E-05
         vertex 1.54842418851331E-05 -3.62068967660889E-05 8.15000021248125E-05
      endloop
   endfacet
   facet normal 0 0 1
      outer loop
         vertex 1.8932518287329E-05 -3.62068967660889E-05 8.15000021248125E-05
         vertex 1.54842418851331E-05 -3.62068967660889E-05 8.15000021248125E-05
         vertex 1.8932518287329E-05 -3.9655169530306E-05 8.15000021248125E-05
      endloop
   endfacet
   facet normal 0 0 1
      outer loop
         vertex 1.8932518287329E-05 -3.9655169530306E-05 8.15000021248125E-05
         vertex 1.54842418851331E-05 -3.62068967660889E-05 8.15000021248125E-05
         vertex 1.54842418851331E-05 -3.9655169530306E-05 8.15000021248125E-05
      endloop
   endfacet
   facet normal 0 0 1
      outer loop
         vertex 1.8932518287329E-05 -3.9655169530306E-05 8.15000021248125E-05
         vertex 1.54842418851331E-05 -3.9655169530306E-05 8.15000021248125E-05
         vertex 1.8932518287329E-05 -4.31034495704807E-05 8.15000021248125E-05
      endloop
   endfacet
   facet normal 0 0 1
      outer loop
         vertex 1.8932518287329E-05 -4.31034495704807E-05 8.15000021248125E-05
         vertex 1.54842418851331E-05 -3.9655169530306E-05 8.15000021248125E-05
         vertex 1.54842418851331E-05 -4.31034495704807E-05 8.15000021248125E-05
      endloop
   endfacet
   facet normal 0 0 1
      outer loop
         vertex 1.8932518287329E-05 -4.31034495704807E-05 8.15000021248125E-05
         vertex 1.54842418851331E-05 -4.31034495704807E-05 8.15000021248125E-05
         vertex 1.54842418851331E-05 -4.65517223346978E-05 8.15000021248125E-05
      endloop
   endfacet
   facet normal 0 0 1
      outer loop
         vertex 2.23807928705355E-05 -2.58620693784906E-05 8.15000021248125E-05
         vertex 1.8932518287329E-05 -2.58620693784906E-05 8.15000021248125E-05
         vertex 2.23807928705355E-05 -2.93103457806865E-05 8.15000021248125E-05
      endloop
   endfacet
   facet normal 0 0 1
      outer loop
         vertex 2.23807928705355E-05 -2.93103457806865E-05 8.15000021248125E-05
         vertex 1.8932518287329E-05 -2.58620693784906E-05 8.15000021248125E-05
         vertex 1.8932518287329E-05 -2.93103457806865E-05 8.15000021248125E-05
      endloop
   endfacet
   facet normal 0 0 1
      outer loop
         vertex 2.23807928705355E-05 -2.93103457806865E-05 8.15000021248125E-05
         vertex 1.8932518287329E-05 -2.93103457806865E-05 8.15000021248125E-05
         vertex 2.23807928705355E-05 -3.2758620363893E-05 8.15000021248125E-05
      endloop
   endfacet
   facet normal 0 0 1
      outer loop
         vertex 2.23807928705355E-05 -3.2758620363893E-05 8.15000021248125E-05
         vertex 1.8932518287329E-05 -2.93103457806865E-05 8.15000021248125E-05
         vertex 1.8932518287329E-05 -3.2758620363893E-05 8.15000021248125E-05
      endloop
   endfacet
   facet normal 0 0 1
      outer loop
         vertex 2.23807928705355E-05 -3.2758620363893E-05 8.15000021248125E-05
         vertex 1.8932518287329E-05 -3.2758620363893E-05 8.15000021248125E-05
         vertex 2.23807928705355E-05 -3.62068967660889E-05 8.15000021248125E-05
      endloop
   endfacet
   facet normal 0 0 1
      outer loop
         vertex 2.23807928705355E-05 -3.62068967660889E-05 8.15000021248125E-05
         vertex 1.8932518287329E-05 -3.2758620363893E-05 8.15000021248125E-05
         vertex 1.8932518287329E-05 -3.62068967660889E-05 8.15000021248125E-05
      endloop
   endfacet
   facet normal 0 0 1
      outer loop
         vertex 2.23807928705355E-05 -3.62068967660889E-05 8.15000021248125E-05
         vertex 1.8932518287329E-05 -3.62068967660889E-05 8.15000021248125E-05
         vertex 2.23807928705355E-05 -3.9655169530306E-05 8.15000021248125E-05
      endloop
   endfacet
   facet normal 0 0 1
      outer loop
         vertex 2.23807928705355E-05 -3.9655169530306E-05 8.15000021248125E-05
         vertex 1.8932518287329E-05 -3.62068967660889E-05 8.15000021248125E-05
         vertex 1.8932518287329E-05 -3.9655169530306E-05 8.15000021248125E-05
      endloop
   endfacet
   facet normal 0 0 1
      outer loop
         vertex 2.23807928705355E-05 -3.9655169530306E-05 8.15000021248125E-05
         vertex 1.8932518287329E-05 -3.9655169530306E-05 8.15000021248125E-05
         vertex 2.23807928705355E-05 -4.31034495704807E-05 8.15000021248125E-05
      endloop
   endfacet
   facet normal 0 0 1
      outer loop
         vertex 2.23807928705355E-05 -4.31034495704807E-05 8.15000021248125E-05
         vertex 1.8932518287329E-05 -3.9655169530306E-05 8.15000021248125E-05
         vertex 1.8932518287329E-05 -4.31034495704807E-05 8.15000021248125E-05
      endloop
   endfacet
   facet normal 0 0 1
      outer loop
         vertex 2.23807928705355E-05 -4.31034495704807E-05 8.15000021248125E-05
         vertex 1.8932518287329E-05 -4.31034495704807E-05 8.15000021248125E-05
         vertex 2.05313535843743E-05 -4.55752924608532E-05 8.15000021248125E-05
      endloop
   endfacet
   facet normal 0 0 1
      outer loop
         vertex 2.05313535843743E-05 -4.55752924608532E-05 8.15000021248125E-05
         vertex 1.8932518287329E-05 -4.31034495704807E-05 8.15000021248125E-05
         vertex 1.54842418851331E-05 -4.65517223346978E-05 8.15000021248125E-05
      endloop
   endfacet
   facet normal 0 0 1
      outer loop
         vertex 2.05313535843743E-05 -4.55752924608532E-05 8.15000021248125E-05
         vertex 1.54842418851331E-05 -4.65517223346978E-05 8.15000021248125E-05
         vertex 1.58913317136467E-05 -4.73963664262556E-05 8.15000021248125E-05
      endloop
   endfacet
   facet normal 0 0 1
      outer loop
         vertex 2.58290692727314E-05 -2.58620693784906E-05 8.15000021248125E-05
         vertex 2.23807928705355E-05 -2.58620693784906E-05 8.15000021248125E-05
         vertex 2.58290692727314E-05 -2.93103457806865E-05 8.15000021248125E-05
      endloop
   endfacet
   facet normal 0 0 1
      outer loop
         vertex 2.58290692727314E-05 -2.93103457806865E-05 8.15000021248125E-05
         vertex 2.23807928705355E-05 -2.58620693784906E-05 8.15000021248125E-05
         vertex 2.23807928705355E-05 -2.93103457806865E-05 8.15000021248125E-05
      endloop
   endfacet
   facet normal 0 0 1
      outer loop
         vertex 2.58290692727314E-05 -2.93103457806865E-05 8.15000021248125E-05
         vertex 2.23807928705355E-05 -2.93103457806865E-05 8.15000021248125E-05
         vertex 2.58290692727314E-05 -3.2758620363893E-05 8.15000021248125E-05
      endloop
   endfacet
   facet normal 0 0 1
      outer loop
         vertex 2.58290692727314E-05 -3.2758620363893E-05 8.15000021248125E-05
         vertex 2.23807928705355E-05 -2.93103457806865E-05 8.15000021248125E-05
         vertex 2.23807928705355E-05 -3.2758620363893E-05 8.15000021248125E-05
      endloop
   endfacet
   facet normal 0 0 1
      outer loop
         vertex 2.58290692727314E-05 -3.2758620363893E-05 8.15000021248125E-05
         vertex 2.23807928705355E-05 -3.2758620363893E-05 8.15000021248125E-05
         vertex 2.58290692727314E-05 -3.62068967660889E-05 8.15000021248125E-05
      endloop
   endfacet
   facet normal 0 0 1
      outer loop
         vertex 2.58290692727314E-05 -3.62068967660889E-05 8.15000021248125E-05
         vertex 2.23807928705355E-05 -3.2758620363893E-05 8.15000021248125E-05
         vertex 2.23807928705355E-05 -3.62068967660889E-05 8.15000021248125E-05
      endloop
   endfacet
   facet normal 0 0 1
      outer loop
         vertex 2.58290692727314E-05 -3.62068967660889E-05 8.15000021248125E-05
         vertex 2.23807928705355E-05 -3.62068967660889E-05 8.15000021248125E-05
         vertex 2.58290692727314E-05 -3.9655169530306E-05 8.15000021248125E-05
      endloop
   endfacet
   facet normal 0 0 1
      outer loop
         vertex 2.58290692727314E-05 -3.9655169530306E-05 8.15000021248125E-05
         vertex 2.23807928705355E-05 -3.62068967660889E-05 8.15000021248125E-05
         vertex 2.23807928705355E-05 -3.9655169530306E-05 8.15000021248125E-05
      endloop
   endfacet
   facet normal 0 0 1
      outer loop
         vertex 2.58290692727314E-05 -3.9655169530306E-05 8.15000021248125E-05
         vertex 2.23807928705355E-05 -3.9655169530306E-05 8.15000021248125E-05
         vertex 2.49669992626878E-05 -4.33012683060952E-05 8.15000021248125E-05
      endloop
   endfacet
   facet normal 0 0 1
      outer loop
         vertex 2.49669992626878E-05 -4.33012683060952E-05 8.15000021248125E-05
         vertex 2.23807928705355E-05 -3.9655169530306E-05 8.15000021248125E-05
         vertex 2.23807928705355E-05 -4.31034495704807E-05 8.15000021248125E-05
      endloop
   endfacet
   facet normal 0 0 1
      outer loop
         vertex 2.49669992626878E-05 -4.33012683060952E-05 8.15000021248125E-05
         vertex 2.23807928705355E-05 -4.31034495704807E-05 8.15000021248125E-05
         vertex 2.05313535843743E-05 -4.55752924608532E-05 8.15000021248125E-05
      endloop
   endfacet
   facet normal 0 0 1
      outer loop
         vertex 2.92773456749273E-05 -2.58620693784906E-05 8.15000021248125E-05
         vertex 2.58290692727314E-05 -2.58620693784906E-05 8.15000021248125E-05
         vertex 2.92773456749273E-05 -2.93103457806865E-05 8.15000021248125E-05
      endloop
   endfacet
   facet normal 0 0 1
      outer loop
         vertex 2.92773456749273E-05 -2.93103457806865E-05 8.15000021248125E-05
         vertex 2.58290692727314E-05 -2.58620693784906E-05 8.15000021248125E-05
         vertex 2.58290692727314E-05 -2.93103457806865E-05 8.15000021248125E-05
      endloop
   endfacet
   facet normal 0 0 1
      outer loop
         vertex 2.92773456749273E-05 -2.93103457806865E-05 8.15000021248125E-05
         vertex 2.58290692727314E-05 -2.93103457806865E-05 8.15000021248125E-05
         vertex 2.92773456749273E-05 -3.2758620363893E-05 8.15000021248125E-05
      endloop
   endfacet
   facet normal 0 0 1
      outer loop
         vertex 2.92773456749273E-05 -3.2758620363893E-05 8.15000021248125E-05
         vertex 2.58290692727314E-05 -2.93103457806865E-05 8.15000021248125E-05
         vertex 2.58290692727314E-05 -3.2758620363893E-05 8.15000021248125E-05
      endloop
   endfacet
   facet normal 0 0 1
      outer loop
         vertex 2.92773456749273E-05 -3.2758620363893E-05 8.15000021248125E-05
         vertex 2.58290692727314E-05 -3.2758620363893E-05 8.15000021248125E-05
         vertex 2.92773456749273E-05 -3.62068967660889E-05 8.15000021248125E-05
      endloop
   endfacet
   facet normal 0 0 1
      outer loop
         vertex 2.92773456749273E-05 -3.62068967660889E-05 8.15000021248125E-05
         vertex 2.58290692727314E-05 -3.2758620363893E-05 8.15000021248125E-05
         vertex 2.58290692727314E-05 -3.62068967660889E-05 8.15000021248125E-05
      endloop
   endfacet
   facet normal 0 0 1
      outer loop
         vertex 2.92773456749273E-05 -3.62068967660889E-05 8.15000021248125E-05
         vertex 2.58290692727314E-05 -3.62068967660889E-05 8.15000021248125E-05
         vertex 2.92773456749273E-05 -3.9655169530306E-05 8.15000021248125E-05
      endloop
   endfacet
   facet normal 0 0 1
      outer loop
         vertex 2.92773456749273E-05 -3.9655169530306E-05 8.15000021248125E-05
         vertex 2.58290692727314E-05 -3.62068967660889E-05 8.15000021248125E-05
         vertex 2.58290692727314E-05 -3.9655169530306E-05 8.15000021248125E-05
      endloop
   endfacet
   facet normal 0 0 1
      outer loop
         vertex 2.92773456749273E-05 -3.9655169530306E-05 8.15000021248125E-05
         vertex 2.58290692727314E-05 -3.9655169530306E-05 8.15000021248125E-05
         vertex 2.91541837214027E-05 -4.05969003622886E-05 8.15000021248125E-05
      endloop
   endfacet
   facet normal 0 0 1
      outer loop
         vertex 2.91541837214027E-05 -4.05969003622886E-05 8.15000021248125E-05
         vertex 2.58290692727314E-05 -3.9655169530306E-05 8.15000021248125E-05
         vertex 2.49669992626878E-05 -4.33012683060952E-05 8.15000021248125E-05
      endloop
   endfacet
   facet normal 0 0 1
      outer loop
         vertex 3.27256202581339E-05 -2.58620693784906E-05 8.15000021248125E-05
         vertex 2.92773456749273E-05 -2.58620693784906E-05 8.15000021248125E-05
         vertex 3.27256202581339E-05 -2.93103457806865E-05 8.15000021248125E-05
      endloop
   endfacet
   facet normal 0 0 1
      outer loop
         vertex 3.27256202581339E-05 -2.93103457806865E-05 8.15000021248125E-05
         vertex 2.92773456749273E-05 -2.58620693784906E-05 8.15000021248125E-05
         vertex 2.92773456749273E-05 -2.93103457806865E-05 8.15000021248125E-05
      endloop
   endfacet
   facet normal 0 0 1
      outer loop
         vertex 3.27256202581339E-05 -2.93103457806865E-05 8.15000021248125E-05
         vertex 2.92773456749273E-05 -2.93103457806865E-05 8.15000021248125E-05
         vertex 3.27256202581339E-05 -3.2758620363893E-05 8.15000021248125E-05
      endloop
   endfacet
   facet normal 0 0 1
      outer loop
         vertex 3.27256202581339E-05 -3.2758620363893E-05 8.15000021248125E-05
         vertex 2.92773456749273E-05 -2.93103457806865E-05 8.15000021248125E-05
         vertex 2.92773456749273E-05 -3.2758620363893E-05 8.15000021248125E-05
      endloop
   endfacet
   facet normal 0 0 1
      outer loop
         vertex 3.27256202581339E-05 -3.2758620363893E-05 8.15000021248125E-05
         vertex 2.92773456749273E-05 -3.2758620363893E-05 8.15000021248125E-05
         vertex 3.27256202581339E-05 -3.62068967660889E-05 8.15000021248125E-05
      endloop
   endfacet
   facet normal 0 0 1
      outer loop
         vertex 3.27256202581339E-05 -3.62068967660889E-05 8.15000021248125E-05
         vertex 2.92773456749273E-05 -3.2758620363893E-05 8.15000021248125E-05
         vertex 2.92773456749273E-05 -3.62068967660889E-05 8.15000021248125E-05
      endloop
   endfacet
   facet normal 0 0 1
      outer loop
         vertex 3.27256202581339E-05 -3.62068967660889E-05 8.15000021248125E-05
         vertex 2.92773456749273E-05 -3.62068967660889E-05 8.15000021248125E-05
         vertex 3.30512921209447E-05 -3.74890587409027E-05 8.15000021248125E-05
      endloop
   endfacet
   facet normal 0 0 1
      outer loop
         vertex 3.30512921209447E-05 -3.74890587409027E-05 8.15000021248125E-05
         vertex 2.92773456749273E-05 -3.62068967660889E-05 8.15000021248125E-05
         vertex 2.92773456749273E-05 -3.9655169530306E-05 8.15000021248125E-05
      endloop
   endfacet
   facet normal 0 0 1
      outer loop
         vertex 3.30512921209447E-05 -3.74890587409027E-05 8.15000021248125E-05
         vertex 2.92773456749273E-05 -3.9655169530306E-05 8.15000021248125E-05
         vertex 2.91541837214027E-05 -4.05969003622886E-05 8.15000021248125E-05
      endloop
   endfacet
   facet normal 0 0 1
      outer loop
         vertex 3.61738966603298E-05 -2.58620693784906E-05 8.15000021248125E-05
         vertex 3.27256202581339E-05 -2.58620693784906E-05 8.15000021248125E-05
         vertex 3.61738966603298E-05 -2.93103457806865E-05 8.15000021248125E-05
      endloop
   endfacet
   facet normal 0 0 1
      outer loop
         vertex 3.61738966603298E-05 -2.93103457806865E-05 8.15000021248125E-05
         vertex 3.27256202581339E-05 -2.58620693784906E-05 8.15000021248125E-05
         vertex 3.27256202581339E-05 -2.93103457806865E-05 8.15000021248125E-05
      endloop
   endfacet
   facet normal 0 0 1
      outer loop
         vertex 3.61738966603298E-05 -2.93103457806865E-05 8.15000021248125E-05
         vertex 3.27256202581339E-05 -2.93103457806865E-05 8.15000021248125E-05
         vertex 3.61738966603298E-05 -3.2758620363893E-05 8.15000021248125E-05
      endloop
   endfacet
   facet normal 0 0 1
      outer loop
         vertex 3.61738966603298E-05 -3.2758620363893E-05 8.15000021248125E-05
         vertex 3.27256202581339E-05 -2.93103457806865E-05 8.15000021248125E-05
         vertex 3.27256202581339E-05 -3.2758620363893E-05 8.15000021248125E-05
      endloop
   endfacet
   facet normal 0 0 1
      outer loop
         vertex 3.61738966603298E-05 -3.2758620363893E-05 8.15000021248125E-05
         vertex 3.27256202581339E-05 -3.2758620363893E-05 8.15000021248125E-05
         vertex 3.66195927199442E-05 -3.40086371579673E-05 8.15000021248125E-05
      endloop
   endfacet
   facet normal 0 0 1
      outer loop
         vertex 3.66195927199442E-05 -3.40086371579673E-05 8.15000021248125E-05
         vertex 3.27256202581339E-05 -3.2758620363893E-05 8.15000021248125E-05
         vertex 3.27256202581339E-05 -3.62068967660889E-05 8.15000021248125E-05
      endloop
   endfacet
   facet normal 0 0 1
      outer loop
         vertex 3.66195927199442E-05 -3.40086371579673E-05 8.15000021248125E-05
         vertex 3.27256202581339E-05 -3.62068967660889E-05 8.15000021248125E-05
         vertex 3.30512921209447E-05 -3.74890587409027E-05 8.15000021248125E-05
      endloop
   endfacet
   facet normal 0 0 1
      outer loop
         vertex -3.96881732740439E-05 -2.93103457806865E-05 8.15000021248125E-05
         vertex -3.96881732740439E-05 -2.58620693784906E-05 8.15000021248125E-05
         vertex -4.1344937926624E-05 -2.81660031760111E-05 8.15000021248125E-05
      endloop
   endfacet
   facet normal 0 0 1
      outer loop
         vertex -4.1344937926624E-05 -2.81660031760111E-05 8.15000021248125E-05
         vertex -3.96881732740439E-05 -2.58620693784906E-05 8.15000021248125E-05
         vertex -4.39440809714142E-05 -2.39126984524773E-05 8.15000021248125E-05
      endloop
   endfacet
   facet normal 0 0 1
      outer loop
         vertex 3.98236261389684E-05 -3.01902200590121E-05 8.15000021248125E-05
         vertex 3.96221730625257E-05 -2.93103457806865E-05 8.15000021248125E-05
         vertex 3.61738966603298E-05 -2.93103457806865E-05 8.15000021248125E-05
      endloop
   endfacet
   facet normal 0 0 1
      outer loop
         vertex 3.61738966603298E-05 -2.93103457806865E-05 8.15000021248125E-05
         vertex 3.96221730625257E-05 -2.93103457806865E-05 8.15000021248125E-05
         vertex 3.61738966603298E-05 -2.58620693784906E-05 8.15000021248125E-05
      endloop
   endfacet
   facet normal 0 0 1
      outer loop
         vertex -3.6239896871848E-05 -3.2758620363893E-05 8.15000021248125E-05
         vertex -3.6239896871848E-05 -2.93103457806865E-05 8.15000021248125E-05
         vertex -3.83352235076018E-05 -3.21393781632651E-05 8.15000021248125E-05
      endloop
   endfacet
   facet normal 0 0 1
      outer loop
         vertex 3.66195927199442E-05 -3.40086371579673E-05 8.15000021248125E-05
         vertex 3.98236261389684E-05 -3.01902200590121E-05 8.15000021248125E-05
         vertex 3.61738966603298E-05 -3.2758620363893E-05 8.15000021248125E-05
      endloop
   endfacet
   facet normal 0 0 1
      outer loop
         vertex 3.61738966603298E-05 -3.2758620363893E-05 8.15000021248125E-05
         vertex 3.98236261389684E-05 -3.01902200590121E-05 8.15000021248125E-05
         vertex 3.61738966603298E-05 -2.93103457806865E-05 8.15000021248125E-05
      endloop
   endfacet
   facet normal 0 0 1
      outer loop
         vertex -3.27916204696521E-05 -3.62068967660889E-05 8.15000021248125E-05
         vertex -3.27916204696521E-05 -3.2758620363893E-05 8.15000021248125E-05
         vertex -3.49448382621631E-05 -3.57933422492351E-05 8.15000021248125E-05
      endloop
   endfacet
   facet normal 0 0 1
      outer loop
         vertex -2.93433440674562E-05 -3.9655169530306E-05 8.15000021248125E-05
         vertex -2.93433440674562E-05 -3.62068967660889E-05 8.15000021248125E-05
         vertex -3.12074917019345E-05 -3.90915774914902E-05 8.15000021248125E-05
      endloop
   endfacet
   facet normal 0 0 1
      outer loop
         vertex -1.55502420966513E-05 -4.65517223346978E-05 8.15000021248125E-05
         vertex -1.55502420966513E-05 -4.31034495704807E-05 8.15000021248125E-05
         vertex -1.83000502147479E-05 -4.6543686039513E-05 8.15000021248125E-05
      endloop
   endfacet
   facet normal 0 0 1
      outer loop
         vertex -4.31364460382611E-05 -1.89655183930881E-05 8.15000021248125E-05
         vertex -4.65847260784358E-05 -1.55172419908922E-05 8.15000021248125E-05
         vertex -4.61068120785058E-05 -1.94217391253915E-05 8.15000021248125E-05
      endloop
   endfacet
   facet normal 0 0 1
      outer loop
         vertex -4.61068120785058E-05 -1.94217391253915E-05 8.15000021248125E-05
         vertex -4.65847260784358E-05 -1.55172419908922E-05 8.15000021248125E-05
         vertex -4.78116380691063E-05 -1.4737758647243E-05 8.15000021248125E-05
      endloop
   endfacet
   facet normal 0 0 1
      outer loop
         vertex 3.96221730625257E-05 8.62068918650039E-06 8.15000021248125E-05
         vertex 3.96221730625257E-05 5.17241369379917E-06 8.15000021248125E-05
         vertex 4.30704458267428E-05 5.17241369379917E-06 8.15000021248125E-05
      endloop
   endfacet
   facet normal 0 0 1
      outer loop
         vertex 4.30704458267428E-05 5.17241369379917E-06 8.15000021248125E-05
         vertex 3.96221730625257E-05 5.17241369379917E-06 8.15000021248125E-05
         vertex 4.30704458267428E-05 1.72413797372428E-06 8.15000021248125E-05
      endloop
   endfacet
   facet normal 0 0 1
      outer loop
         vertex 2.92773456749273E-05 5.17241369379917E-06 8.15000021248125E-05
         vertex 3.27256202581339E-05 5.17241369379917E-06 8.15000021248125E-05
         vertex 2.92773456749273E-05 8.62068918650039E-06 8.15000021248125E-05
      endloop
   endfacet
   facet normal 0 0 1
      outer loop
         vertex -3.96881732740439E-05 1.72413797372428E-06 8.15000021248125E-05
         vertex -3.96881732740439E-05 5.17241369379917E-06 8.15000021248125E-05
         vertex -4.31364460382611E-05 5.17241369379917E-06 8.15000021248125E-05
      endloop
   endfacet
   facet normal 0 0 1
      outer loop
         vertex -4.31364460382611E-05 5.17241369379917E-06 8.15000021248125E-05
         vertex -3.96881732740439E-05 5.17241369379917E-06 8.15000021248125E-05
         vertex -4.31364460382611E-05 8.62068918650039E-06 8.15000021248125E-05
      endloop
   endfacet
   facet normal 0 0 1
      outer loop
         vertex -4.31364460382611E-05 5.17241369379917E-06 8.15000021248125E-05
         vertex -4.31364460382611E-05 8.62068918650039E-06 8.15000021248125E-05
         vertex -4.65847260784358E-05 8.62068918650039E-06 8.15000021248125E-05
      endloop
   endfacet
   facet normal 0 0 1
      outer loop
         vertex -4.65847260784358E-05 8.62068918650039E-06 8.15000021248125E-05
         vertex -4.31364460382611E-05 8.62068918650039E-06 8.15000021248125E-05
         vertex -4.65847260784358E-05 1.20689655886963E-05 8.15000021248125E-05
      endloop
   endfacet
   facet normal 0 0 1
      outer loop
         vertex 3.96221730625257E-05 1.20689655886963E-05 8.15000021248125E-05
         vertex 3.96221730625257E-05 8.62068918650039E-06 8.15000021248125E-05
         vertex 4.30704458267428E-05 8.62068918650039E-06 8.15000021248125E-05
      endloop
   endfacet
   facet normal 0 0 1
      outer loop
         vertex 4.30704458267428E-05 8.62068918650039E-06 8.15000021248125E-05
         vertex 3.96221730625257E-05 8.62068918650039E-06 8.15000021248125E-05
         vertex 4.30704458267428E-05 5.17241369379917E-06 8.15000021248125E-05
      endloop
   endfacet
   facet normal 0 0 1
      outer loop
         vertex 3.61738966603298E-05 5.17241369379917E-06 8.15000021248125E-05
         vertex 3.61738966603298E-05 8.62068918650039E-06 8.15000021248125E-05
         vertex 3.27256202581339E-05 8.62068918650039E-06 8.15000021248125E-05
      endloop
   endfacet
   facet normal 0 0 1
      outer loop
         vertex 3.27256202581339E-05 8.62068918650039E-06 8.15000021248125E-05
         vertex 3.61738966603298E-05 8.62068918650039E-06 8.15000021248125E-05
         vertex 3.27256202581339E-05 1.20689655886963E-05 8.15000021248125E-05
      endloop
   endfacet
   facet normal 0 0 1
      outer loop
         vertex 3.27256202581339E-05 8.62068918650039E-06 8.15000021248125E-05
         vertex 3.27256202581339E-05 1.20689655886963E-05 8.15000021248125E-05
         vertex 2.92773456749273E-05 1.20689655886963E-05 8.15000021248125E-05
      endloop
   endfacet
   facet normal 0 0 1
      outer loop
         vertex 2.92773456749273E-05 1.20689655886963E-05 8.15000021248125E-05
         vertex 3.27256202581339E-05 1.20689655886963E-05 8.15000021248125E-05
         vertex 2.92773456749273E-05 1.55172419908922E-05 8.15000021248125E-05
      endloop
   endfacet
   facet normal 0 0 1
      outer loop
         vertex 2.92773456749273E-05 1.20689655886963E-05 8.15000021248125E-05
         vertex 2.92773456749273E-05 1.55172419908922E-05 8.15000021248125E-05
         vertex 2.58290692727314E-05 1.55172419908922E-05 8.15000021248125E-05
      endloop
   endfacet
   facet normal 0 0 1
      outer loop
         vertex 2.58290692727314E-05 1.55172419908922E-05 8.15000021248125E-05
         vertex 2.92773456749273E-05 1.55172419908922E-05 8.15000021248125E-05
         vertex 2.58290692727314E-05 1.89655183930881E-05 8.15000021248125E-05
      endloop
   endfacet
   facet normal 0 0 1
      outer loop
         vertex 2.58290692727314E-05 1.55172419908922E-05 8.15000021248125E-05
         vertex 2.58290692727314E-05 1.89655183930881E-05 8.15000021248125E-05
         vertex 2.23807928705355E-05 1.89655183930881E-05 8.15000021248125E-05
      endloop
   endfacet
   facet normal 0 0 1
      outer loop
         vertex 2.23807928705355E-05 1.89655183930881E-05 8.15000021248125E-05
         vertex 2.58290692727314E-05 1.89655183930881E-05 8.15000021248125E-05
         vertex 2.23807928705355E-05 2.2413794795284E-05 8.15000021248125E-05
      endloop
   endfacet
   facet normal 0 0 1
      outer loop
         vertex 2.23807928705355E-05 1.89655183930881E-05 8.15000021248125E-05
         vertex 2.23807928705355E-05 2.2413794795284E-05 8.15000021248125E-05
         vertex 1.8932518287329E-05 2.2413794795284E-05 8.15000021248125E-05
      endloop
   endfacet
   facet normal 0 0 1
      outer loop
         vertex 1.8932518287329E-05 2.2413794795284E-05 8.15000021248125E-05
         vertex 2.23807928705355E-05 2.2413794795284E-05 8.15000021248125E-05
         vertex 1.8932518287329E-05 2.58620693784906E-05 8.15000021248125E-05
      endloop
   endfacet
   facet normal 0 0 1
      outer loop
         vertex 1.8932518287329E-05 2.2413794795284E-05 8.15000021248125E-05
         vertex 1.8932518287329E-05 2.58620693784906E-05 8.15000021248125E-05
         vertex 1.54842418851331E-05 2.58620693784906E-05 8.15000021248125E-05
      endloop
   endfacet
   facet normal 0 0 1
      outer loop
         vertex 1.54842418851331E-05 2.58620693784906E-05 8.15000021248125E-05
         vertex 1.8932518287329E-05 2.58620693784906E-05 8.15000021248125E-05
         vertex 1.54842418851331E-05 2.93103457806865E-05 8.15000021248125E-05
      endloop
   endfacet
   facet normal 0 0 1
      outer loop
         vertex 1.54842418851331E-05 2.58620693784906E-05 8.15000021248125E-05
         vertex 1.54842418851331E-05 2.93103457806865E-05 8.15000021248125E-05
         vertex 1.20359654829372E-05 2.93103457806865E-05 8.15000021248125E-05
      endloop
   endfacet
   facet normal 0 0 1
      outer loop
         vertex 1.20359654829372E-05 2.93103457806865E-05 8.15000021248125E-05
         vertex 1.54842418851331E-05 2.93103457806865E-05 8.15000021248125E-05
         vertex 1.20359654829372E-05 3.2758620363893E-05 8.15000021248125E-05
      endloop
   endfacet
   facet normal 0 0 1
      outer loop
         vertex 1.20359654829372E-05 2.93103457806865E-05 8.15000021248125E-05
         vertex 1.20359654829372E-05 3.2758620363893E-05 8.15000021248125E-05
         vertex 8.58768999023596E-06 3.2758620363893E-05 8.15000021248125E-05
      endloop
   endfacet
   facet normal 0 0 1
      outer loop
         vertex 8.58768999023596E-06 3.2758620363893E-05 8.15000021248125E-05
         vertex 1.20359654829372E-05 3.2758620363893E-05 8.15000021248125E-05
         vertex 8.58768999023596E-06 3.62068967660889E-05 8.15000021248125E-05
      endloop
   endfacet
   facet normal 0 0 1
      outer loop
         vertex 8.58768999023596E-06 3.2758620363893E-05 8.15000021248125E-05
         vertex 8.58768999023596E-06 3.62068967660889E-05 8.15000021248125E-05
         vertex 5.13941358804004E-06 3.62068967660889E-05 8.15000021248125E-05
      endloop
   endfacet
   facet normal 0 0 1
      outer loop
         vertex 5.13941358804004E-06 3.62068967660889E-05 8.15000021248125E-05
         vertex 8.58768999023596E-06 3.62068967660889E-05 8.15000021248125E-05
         vertex 5.13941358804004E-06 3.9655169530306E-05 8.15000021248125E-05
      endloop
   endfacet
   facet normal 0 0 1
      outer loop
         vertex 5.13941358804004E-06 3.62068967660889E-05 8.15000021248125E-05
         vertex 5.13941358804004E-06 3.9655169530306E-05 8.15000021248125E-05
         vertex 1.69113786796515E-06 3.9655169530306E-05 8.15000021248125E-05
      endloop
   endfacet
   facet normal 0 0 1
      outer loop
         vertex 1.69113786796515E-06 3.9655169530306E-05 8.15000021248125E-05
         vertex 5.13941358804004E-06 3.9655169530306E-05 8.15000021248125E-05
         vertex 1.69113786796515E-06 4.31034495704807E-05 8.15000021248125E-05
      endloop
   endfacet
   facet normal 0 0 1
      outer loop
         vertex 1.69113786796515E-06 3.9655169530306E-05 8.15000021248125E-05
         vertex 1.69113786796515E-06 4.31034495704807E-05 8.15000021248125E-05
         vertex -1.75713796579657E-06 4.31034495704807E-05 8.15000021248125E-05
      endloop
   endfacet
   facet normal 0 0 1
      outer loop
         vertex -1.75713796579657E-06 4.31034495704807E-05 8.15000021248125E-05
         vertex 1.69113786796515E-06 4.31034495704807E-05 8.15000021248125E-05
         vertex -1.75713796579657E-06 4.65517223346978E-05 8.15000021248125E-05
      endloop
   endfacet
   facet normal 0 0 1
      outer loop
         vertex -1.75713796579657E-06 4.31034495704807E-05 8.15000021248125E-05
         vertex -1.75713796579657E-06 4.65517223346978E-05 8.15000021248125E-05
         vertex -5.2054137995583E-06 4.65517223346978E-05 8.15000021248125E-05
      endloop
   endfacet
   facet normal 0 0 1
      outer loop
         vertex -5.2054137995583E-06 4.65517223346978E-05 8.15000021248125E-05
         vertex -1.75713796579657E-06 4.65517223346978E-05 8.15000021248125E-05
         vertex -3.76950470126758E-06 4.98601912113372E-05 8.15000021248125E-05
      endloop
   endfacet
   facet normal 0 0 1
      outer loop
         vertex -5.2054137995583E-06 4.65517223346978E-05 8.15000021248125E-05
         vertex -3.76950470126758E-06 4.98601912113372E-05 8.15000021248125E-05
         vertex -8.71540851221653E-06 4.9240388761973E-05 8.15000021248125E-05
      endloop
   endfacet
   facet normal 0 0 1
      outer loop
         vertex 2.58290692727314E-05 8.62068918650039E-06 8.15000021248125E-05
         vertex 2.92773456749273E-05 8.62068918650039E-06 8.15000021248125E-05
         vertex 2.58290692727314E-05 1.20689655886963E-05 8.15000021248125E-05
      endloop
   endfacet
   facet normal 0 0 1
      outer loop
         vertex -3.96881732740439E-05 5.17241369379917E-06 8.15000021248125E-05
         vertex -3.96881732740439E-05 8.62068918650039E-06 8.15000021248125E-05
         vertex -4.31364460382611E-05 8.62068918650039E-06 8.15000021248125E-05
      endloop
   endfacet
   facet normal 0 0 1
      outer loop
         vertex -4.31364460382611E-05 8.62068918650039E-06 8.15000021248125E-05
         vertex -3.96881732740439E-05 8.62068918650039E-06 8.15000021248125E-05
         vertex -4.31364460382611E-05 1.20689655886963E-05 8.15000021248125E-05
      endloop
   endfacet
   facet normal 0 0 1
      outer loop
         vertex -4.31364460382611E-05 8.62068918650039E-06 8.15000021248125E-05
         vertex -4.31364460382611E-05 1.20689655886963E-05 8.15000021248125E-05
         vertex -4.65847260784358E-05 1.20689655886963E-05 8.15000021248125E-05
      endloop
   endfacet
   facet normal 0 0 1
      outer loop
         vertex -4.65847260784358E-05 1.20689655886963E-05 8.15000021248125E-05
         vertex -4.31364460382611E-05 1.20689655886963E-05 8.15000021248125E-05
         vertex -4.65847260784358E-05 1.55172419908922E-05 8.15000021248125E-05
      endloop
   endfacet
   facet normal 0 0 1
      outer loop
         vertex -4.31364460382611E-05 1.20689655886963E-05 8.15000021248125E-05
         vertex -3.96881732740439E-05 1.20689655886963E-05 8.15000021248125E-05
         vertex -4.31364460382611E-05 1.55172419908922E-05 8.15000021248125E-05
      endloop
   endfacet
   facet normal 0 0 1
      outer loop
         vertex -4.31364460382611E-05 1.55172419908922E-05 8.15000021248125E-05
         vertex -3.96881732740439E-05 1.20689655886963E-05 8.15000021248125E-05
         vertex -3.96881732740439E-05 1.55172419908922E-05 8.15000021248125E-05
      endloop
   endfacet
   facet normal 0 0 1
      outer loop
         vertex -4.31364460382611E-05 1.55172419908922E-05 8.15000021248125E-05
         vertex -3.96881732740439E-05 1.55172419908922E-05 8.15000021248125E-05
         vertex -4.31364460382611E-05 1.89655183930881E-05 8.15000021248125E-05
      endloop
   endfacet
   facet normal 0 0 1
      outer loop
         vertex -4.31364460382611E-05 1.89655183930881E-05 8.15000021248125E-05
         vertex -3.96881732740439E-05 1.55172419908922E-05 8.15000021248125E-05
         vertex -3.96881732740439E-05 1.89655183930881E-05 8.15000021248125E-05
      endloop
   endfacet
   facet normal 0 0 1
      outer loop
         vertex -3.96881732740439E-05 1.20689655886963E-05 8.15000021248125E-05
         vertex -4.31364460382611E-05 1.20689655886963E-05 8.15000021248125E-05
         vertex -3.96881732740439E-05 8.62068918650039E-06 8.15000021248125E-05
      endloop
   endfacet
   facet normal 0 0 1
      outer loop
         vertex 2.23807928705355E-05 1.20689655886963E-05 8.15000021248125E-05
         vertex 2.58290692727314E-05 1.20689655886963E-05 8.15000021248125E-05
         vertex 2.23807928705355E-05 1.55172419908922E-05 8.15000021248125E-05
      endloop
   endfacet
   facet normal 0 0 1
      outer loop
         vertex 3.27256202581339E-05 1.20689655886963E-05 8.15000021248125E-05
         vertex 3.61738966603298E-05 1.20689655886963E-05 8.15000021248125E-05
         vertex 3.27256202581339E-05 1.55172419908922E-05 8.15000021248125E-05
      endloop
   endfacet
   facet normal 0 0 1
      outer loop
         vertex 3.27256202581339E-05 1.55172419908922E-05 8.15000021248125E-05
         vertex 3.61738966603298E-05 1.20689655886963E-05 8.15000021248125E-05
         vertex 3.61738966603298E-05 1.55172419908922E-05 8.15000021248125E-05
      endloop
   endfacet
   facet normal 0 0 1
      outer loop
         vertex 3.27256202581339E-05 1.55172419908922E-05 8.15000021248125E-05
         vertex 3.61738966603298E-05 1.55172419908922E-05 8.15000021248125E-05
         vertex 3.27256202581339E-05 1.89655183930881E-05 8.15000021248125E-05
      endloop
   endfacet
   facet normal 0 0 1
      outer loop
         vertex 3.27256202581339E-05 1.89655183930881E-05 8.15000021248125E-05
         vertex 3.61738966603298E-05 1.55172419908922E-05 8.15000021248125E-05
         vertex 3.61738966603298E-05 1.89655183930881E-05 8.15000021248125E-05
      endloop
   endfacet
   facet normal 0 0 1
      outer loop
         vertex 3.27256202581339E-05 1.89655183930881E-05 8.15000021248125E-05
         vertex 3.61738966603298E-05 1.89655183930881E-05 8.15000021248125E-05
         vertex 3.27256202581339E-05 2.2413794795284E-05 8.15000021248125E-05
      endloop
   endfacet
   facet normal 0 0 1
      outer loop
         vertex 3.27256202581339E-05 2.2413794795284E-05 8.15000021248125E-05
         vertex 3.61738966603298E-05 1.89655183930881E-05 8.15000021248125E-05
         vertex 3.61738966603298E-05 2.2413794795284E-05 8.15000021248125E-05
      endloop
   endfacet
   facet normal 0 0 1
      outer loop
         vertex 3.27256202581339E-05 2.2413794795284E-05 8.15000021248125E-05
         vertex 3.61738966603298E-05 2.2413794795284E-05 8.15000021248125E-05
         vertex 3.27256202581339E-05 2.58620693784906E-05 8.15000021248125E-05
      endloop
   endfacet
   facet normal 0 0 1
      outer loop
         vertex 3.27256202581339E-05 2.58620693784906E-05 8.15000021248125E-05
         vertex 3.61738966603298E-05 2.2413794795284E-05 8.15000021248125E-05
         vertex 3.61738966603298E-05 2.58620693784906E-05 8.15000021248125E-05
      endloop
   endfacet
   facet normal 0 0 1
      outer loop
         vertex 3.27256202581339E-05 2.58620693784906E-05 8.15000021248125E-05
         vertex 3.61738966603298E-05 2.58620693784906E-05 8.15000021248125E-05
         vertex 3.27256202581339E-05 2.93103457806865E-05 8.15000021248125E-05
      endloop
   endfacet
   facet normal 0 0 1
      outer loop
         vertex 3.27256202581339E-05 2.93103457806865E-05 8.15000021248125E-05
         vertex 3.61738966603298E-05 2.58620693784906E-05 8.15000021248125E-05
         vertex 3.61738966603298E-05 2.93103457806865E-05 8.15000021248125E-05
      endloop
   endfacet
   facet normal 0 0 1
      outer loop
         vertex 3.27256202581339E-05 2.93103457806865E-05 8.15000021248125E-05
         vertex 3.61738966603298E-05 2.93103457806865E-05 8.15000021248125E-05
         vertex 3.27256202581339E-05 3.2758620363893E-05 8.15000021248125E-05
      endloop
   endfacet
   facet normal 0 0 1
      outer loop
         vertex 3.27256202581339E-05 3.2758620363893E-05 8.15000021248125E-05
         vertex 3.61738966603298E-05 2.93103457806865E-05 8.15000021248125E-05
         vertex 3.61738966603298E-05 3.2758620363893E-05 8.15000021248125E-05
      endloop
   endfacet
   facet normal 0 0 1
      outer loop
         vertex 3.27256202581339E-05 3.2758620363893E-05 8.15000021248125E-05
         vertex 3.61738966603298E-05 3.2758620363893E-05 8.15000021248125E-05
         vertex 3.66195927199442E-05 3.40086371579673E-05 8.15000021248125E-05
      endloop
   endfacet
   facet normal 0 0 1
      outer loop
         vertex 3.66195927199442E-05 3.40086371579673E-05 8.15000021248125E-05
         vertex 3.61738966603298E-05 3.2758620363893E-05 8.15000021248125E-05
         vertex 3.98236261389684E-05 3.01902200590121E-05 8.15000021248125E-05
      endloop
   endfacet
   facet normal 0 0 1
      outer loop
         vertex 3.61738966603298E-05 1.20689655886963E-05 8.15000021248125E-05
         vertex 3.27256202581339E-05 1.20689655886963E-05 8.15000021248125E-05
         vertex 3.61738966603298E-05 8.62068918650039E-06 8.15000021248125E-05
      endloop
   endfacet
   facet normal 0 0 1
      outer loop
         vertex 3.96221730625257E-05 1.20689655886963E-05 8.15000021248125E-05
         vertex 4.30704458267428E-05 1.20689655886963E-05 8.15000021248125E-05
         vertex 3.96221730625257E-05 1.55172419908922E-05 8.15000021248125E-05
      endloop
   endfacet
   facet normal 0 0 1
      outer loop
         vertex 3.96221730625257E-05 1.55172419908922E-05 8.15000021248125E-05
         vertex 4.30704458267428E-05 1.20689655886963E-05 8.15000021248125E-05
         vertex 4.30704458267428E-05 1.55172419908922E-05 8.15000021248125E-05
      endloop
   endfacet
   facet normal 0 0 1
      outer loop
         vertex 3.96221730625257E-05 1.55172419908922E-05 8.15000021248125E-05
         vertex 4.30704458267428E-05 1.55172419908922E-05 8.15000021248125E-05
         vertex 3.96221730625257E-05 1.89655183930881E-05 8.15000021248125E-05
      endloop
   endfacet
   facet normal 0 0 1
      outer loop
         vertex 3.96221730625257E-05 1.89655183930881E-05 8.15000021248125E-05
         vertex 4.30704458267428E-05 1.55172419908922E-05 8.15000021248125E-05
         vertex 4.30704458267428E-05 1.89655183930881E-05 8.15000021248125E-05
      endloop
   endfacet
   facet normal 0 0 1
      outer loop
         vertex 3.96221730625257E-05 1.89655183930881E-05 8.15000021248125E-05
         vertex 4.30704458267428E-05 1.89655183930881E-05 8.15000021248125E-05
         vertex 3.96221730625257E-05 2.2413794795284E-05 8.15000021248125E-05
      endloop
   endfacet
   facet normal 0 0 1
      outer loop
         vertex 3.96221730625257E-05 2.2413794795284E-05 8.15000021248125E-05
         vertex 4.30704458267428E-05 1.89655183930881E-05 8.15000021248125E-05
         vertex 4.30704458267428E-05 2.2413794795284E-05 8.15000021248125E-05
      endloop
   endfacet
   facet normal 0 0 1
      outer loop
         vertex 3.96221730625257E-05 2.2413794795284E-05 8.15000021248125E-05
         vertex 4.30704458267428E-05 2.2413794795284E-05 8.15000021248125E-05
         vertex 4.263154551154E-05 2.60717606579419E-05 8.15000021248125E-05
      endloop
   endfacet
   facet normal 0 0 1
      outer loop
         vertex 4.263154551154E-05 2.60717606579419E-05 8.15000021248125E-05
         vertex 4.30704458267428E-05 2.2413794795284E-05 8.15000021248125E-05
         vertex 4.50154439022299E-05 2.16941862163367E-05 8.15000021248125E-05
      endloop
   endfacet
   facet normal 0 0 1
      outer loop
         vertex 4.30704458267428E-05 1.20689655886963E-05 8.15000021248125E-05
         vertex 3.96221730625257E-05 1.20689655886963E-05 8.15000021248125E-05
         vertex 4.30704458267428E-05 8.62068918650039E-06 8.15000021248125E-05
      endloop
   endfacet
   facet normal 0 0 1
      outer loop
         vertex 3.27256202581339E-05 1.20689655886963E-05 8.15000021248125E-05
         vertex 3.27256202581339E-05 1.55172419908922E-05 8.15000021248125E-05
         vertex 2.92773456749273E-05 1.55172419908922E-05 8.15000021248125E-05
      endloop
   endfacet
   facet normal 0 0 1
      outer loop
         vertex 2.92773456749273E-05 1.55172419908922E-05 8.15000021248125E-05
         vertex 3.27256202581339E-05 1.55172419908922E-05 8.15000021248125E-05
         vertex 2.92773456749273E-05 1.89655183930881E-05 8.15000021248125E-05
      endloop
   endfacet
   facet normal 0 0 1
      outer loop
         vertex 2.92773456749273E-05 1.55172419908922E-05 8.15000021248125E-05
         vertex 2.92773456749273E-05 1.89655183930881E-05 8.15000021248125E-05
         vertex 2.58290692727314E-05 1.89655183930881E-05 8.15000021248125E-05
      endloop
   endfacet
   facet normal 0 0 1
      outer loop
         vertex 2.58290692727314E-05 1.89655183930881E-05 8.15000021248125E-05
         vertex 2.92773456749273E-05 1.89655183930881E-05 8.15000021248125E-05
         vertex 2.58290692727314E-05 2.2413794795284E-05 8.15000021248125E-05
      endloop
   endfacet
   facet normal 0 0 1
      outer loop
         vertex 2.58290692727314E-05 1.89655183930881E-05 8.15000021248125E-05
         vertex 2.58290692727314E-05 2.2413794795284E-05 8.15000021248125E-05
         vertex 2.23807928705355E-05 2.2413794795284E-05 8.15000021248125E-05
      endloop
   endfacet
   facet normal 0 0 1
      outer loop
         vertex 2.23807928705355E-05 2.2413794795284E-05 8.15000021248125E-05
         vertex 2.58290692727314E-05 2.2413794795284E-05 8.15000021248125E-05
         vertex 2.23807928705355E-05 2.58620693784906E-05 8.15000021248125E-05
      endloop
   endfacet
   facet normal 0 0 1
      outer loop
         vertex 2.23807928705355E-05 2.2413794795284E-05 8.15000021248125E-05
         vertex 2.23807928705355E-05 2.58620693784906E-05 8.15000021248125E-05
         vertex 1.8932518287329E-05 2.58620693784906E-05 8.15000021248125E-05
      endloop
   endfacet
   facet normal 0 0 1
      outer loop
         vertex 1.8932518287329E-05 2.58620693784906E-05 8.15000021248125E-05
         vertex 2.23807928705355E-05 2.58620693784906E-05 8.15000021248125E-05
         vertex 1.8932518287329E-05 2.93103457806865E-05 8.15000021248125E-05
      endloop
   endfacet
   facet normal 0 0 1
      outer loop
         vertex 1.8932518287329E-05 2.58620693784906E-05 8.15000021248125E-05
         vertex 1.8932518287329E-05 2.93103457806865E-05 8.15000021248125E-05
         vertex 1.54842418851331E-05 2.93103457806865E-05 8.15000021248125E-05
      endloop
   endfacet
   facet normal 0 0 1
      outer loop
         vertex 1.54842418851331E-05 2.93103457806865E-05 8.15000021248125E-05
         vertex 1.8932518287329E-05 2.93103457806865E-05 8.15000021248125E-05
         vertex 1.54842418851331E-05 3.2758620363893E-05 8.15000021248125E-05
      endloop
   endfacet
   facet normal 0 0 1
      outer loop
         vertex 1.54842418851331E-05 2.93103457806865E-05 8.15000021248125E-05
         vertex 1.54842418851331E-05 3.2758620363893E-05 8.15000021248125E-05
         vertex 1.20359654829372E-05 3.2758620363893E-05 8.15000021248125E-05
      endloop
   endfacet
   facet normal 0 0 1
      outer loop
         vertex 1.20359654829372E-05 3.2758620363893E-05 8.15000021248125E-05
         vertex 1.54842418851331E-05 3.2758620363893E-05 8.15000021248125E-05
         vertex 1.20359654829372E-05 3.62068967660889E-05 8.15000021248125E-05
      endloop
   endfacet
   facet normal 0 0 1
      outer loop
         vertex 1.20359654829372E-05 3.2758620363893E-05 8.15000021248125E-05
         vertex 1.20359654829372E-05 3.62068967660889E-05 8.15000021248125E-05
         vertex 8.58768999023596E-06 3.62068967660889E-05 8.15000021248125E-05
      endloop
   endfacet
   facet normal 0 0 1
      outer loop
         vertex 8.58768999023596E-06 3.62068967660889E-05 8.15000021248125E-05
         vertex 1.20359654829372E-05 3.62068967660889E-05 8.15000021248125E-05
         vertex 8.58768999023596E-06 3.9655169530306E-05 8.15000021248125E-05
      endloop
   endfacet
   facet normal 0 0 1
      outer loop
         vertex 8.58768999023596E-06 3.62068967660889E-05 8.15000021248125E-05
         vertex 8.58768999023596E-06 3.9655169530306E-05 8.15000021248125E-05
         vertex 5.13941358804004E-06 3.9655169530306E-05 8.15000021248125E-05
      endloop
   endfacet
   facet normal 0 0 1
      outer loop
         vertex 5.13941358804004E-06 3.9655169530306E-05 8.15000021248125E-05
         vertex 8.58768999023596E-06 3.9655169530306E-05 8.15000021248125E-05
         vertex 5.13941358804004E-06 4.31034495704807E-05 8.15000021248125E-05
      endloop
   endfacet
   facet normal 0 0 1
      outer loop
         vertex 5.13941358804004E-06 3.9655169530306E-05 8.15000021248125E-05
         vertex 5.13941358804004E-06 4.31034495704807E-05 8.15000021248125E-05
         vertex 1.69113786796515E-06 4.31034495704807E-05 8.15000021248125E-05
      endloop
   endfacet
   facet normal 0 0 1
      outer loop
         vertex 1.69113786796515E-06 4.31034495704807E-05 8.15000021248125E-05
         vertex 5.13941358804004E-06 4.31034495704807E-05 8.15000021248125E-05
         vertex 1.69113786796515E-06 4.65517223346978E-05 8.15000021248125E-05
      endloop
   endfacet
   facet normal 0 0 1
      outer loop
         vertex 1.69113786796515E-06 4.31034495704807E-05 8.15000021248125E-05
         vertex 1.69113786796515E-06 4.65517223346978E-05 8.15000021248125E-05
         vertex -1.75713796579657E-06 4.65517223346978E-05 8.15000021248125E-05
      endloop
   endfacet
   facet normal 0 0 1
      outer loop
         vertex -1.75713796579657E-06 4.65517223346978E-05 8.15000021248125E-05
         vertex 1.69113786796515E-06 4.65517223346978E-05 8.15000021248125E-05
         vertex 1.21353457416262E-06 4.99844572914299E-05 8.15000021248125E-05
      endloop
   endfacet
   facet normal 0 0 1
      outer loop
         vertex -1.75713796579657E-06 4.65517223346978E-05 8.15000021248125E-05
         vertex 1.21353457416262E-06 4.99844572914299E-05 8.15000021248125E-05
         vertex -3.76950470126758E-06 4.98601912113372E-05 8.15000021248125E-05
      endloop
   endfacet
   facet normal 0 0 1
      outer loop
         vertex 1.8932518287329E-05 1.55172419908922E-05 8.15000021248125E-05
         vertex 2.23807928705355E-05 1.55172419908922E-05 8.15000021248125E-05
         vertex 1.8932518287329E-05 1.89655183930881E-05 8.15000021248125E-05
      endloop
   endfacet
   facet normal 0 0 1
      outer loop
         vertex -4.31364460382611E-05 1.89655183930881E-05 8.15000021248125E-05
         vertex -4.65847260784358E-05 1.55172419908922E-05 8.15000021248125E-05
         vertex -4.31364460382611E-05 1.55172419908922E-05 8.15000021248125E-05
      endloop
   endfacet
   facet normal 0 0 1
      outer loop
         vertex -4.31364460382611E-05 1.55172419908922E-05 8.15000021248125E-05
         vertex -4.65847260784358E-05 1.55172419908922E-05 8.15000021248125E-05
         vertex -4.31364460382611E-05 1.20689655886963E-05 8.15000021248125E-05
      endloop
   endfacet
   facet normal 0 0 1
      outer loop
         vertex 3.27256202581339E-05 1.55172419908922E-05 8.15000021248125E-05
         vertex 3.27256202581339E-05 1.89655183930881E-05 8.15000021248125E-05
         vertex 2.92773456749273E-05 1.89655183930881E-05 8.15000021248125E-05
      endloop
   endfacet
   facet normal 0 0 1
      outer loop
         vertex 2.92773456749273E-05 1.89655183930881E-05 8.15000021248125E-05
         vertex 3.27256202581339E-05 1.89655183930881E-05 8.15000021248125E-05
         vertex 2.92773456749273E-05 2.2413794795284E-05 8.15000021248125E-05
      endloop
   endfacet
   facet normal 0 0 1
      outer loop
         vertex 2.92773456749273E-05 1.89655183930881E-05 8.15000021248125E-05
         vertex 2.92773456749273E-05 2.2413794795284E-05 8.15000021248125E-05
         vertex 2.58290692727314E-05 2.2413794795284E-05 8.15000021248125E-05
      endloop
   endfacet
   facet normal 0 0 1
      outer loop
         vertex 2.58290692727314E-05 2.2413794795284E-05 8.15000021248125E-05
         vertex 2.92773456749273E-05 2.2413794795284E-05 8.15000021248125E-05
         vertex 2.58290692727314E-05 2.58620693784906E-05 8.15000021248125E-05
      endloop
   endfacet
   facet normal 0 0 1
      outer loop
         vertex 2.58290692727314E-05 2.2413794795284E-05 8.15000021248125E-05
         vertex 2.58290692727314E-05 2.58620693784906E-05 8.15000021248125E-05
         vertex 2.23807928705355E-05 2.58620693784906E-05 8.15000021248125E-05
      endloop
   endfacet
   facet normal 0 0 1
      outer loop
         vertex 2.23807928705355E-05 2.58620693784906E-05 8.15000021248125E-05
         vertex 2.58290692727314E-05 2.58620693784906E-05 8.15000021248125E-05
         vertex 2.23807928705355E-05 2.93103457806865E-05 8.15000021248125E-05
      endloop
   endfacet
   facet normal 0 0 1
      outer loop
         vertex 2.23807928705355E-05 2.58620693784906E-05 8.15000021248125E-05
         vertex 2.23807928705355E-05 2.93103457806865E-05 8.15000021248125E-05
         vertex 1.8932518287329E-05 2.93103457806865E-05 8.15000021248125E-05
      endloop
   endfacet
   facet normal 0 0 1
      outer loop
         vertex 1.8932518287329E-05 2.93103457806865E-05 8.15000021248125E-05
         vertex 2.23807928705355E-05 2.93103457806865E-05 8.15000021248125E-05
         vertex 1.8932518287329E-05 3.2758620363893E-05 8.15000021248125E-05
      endloop
   endfacet
   facet normal 0 0 1
      outer loop
         vertex 1.8932518287329E-05 2.93103457806865E-05 8.15000021248125E-05
         vertex 1.8932518287329E-05 3.2758620363893E-05 8.15000021248125E-05
         vertex 1.54842418851331E-05 3.2758620363893E-05 8.15000021248125E-05
      endloop
   endfacet
   facet normal 0 0 1
      outer loop
         vertex 1.54842418851331E-05 3.2758620363893E-05 8.15000021248125E-05
         vertex 1.8932518287329E-05 3.2758620363893E-05 8.15000021248125E-05
         vertex 1.54842418851331E-05 3.62068967660889E-05 8.15000021248125E-05
      endloop
   endfacet
   facet normal 0 0 1
      outer loop
         vertex 1.54842418851331E-05 3.2758620363893E-05 8.15000021248125E-05
         vertex 1.54842418851331E-05 3.62068967660889E-05 8.15000021248125E-05
         vertex 1.20359654829372E-05 3.62068967660889E-05 8.15000021248125E-05
      endloop
   endfacet
   facet normal 0 0 1
      outer loop
         vertex 1.20359654829372E-05 3.62068967660889E-05 8.15000021248125E-05
         vertex 1.54842418851331E-05 3.62068967660889E-05 8.15000021248125E-05
         vertex 1.20359654829372E-05 3.9655169530306E-05 8.15000021248125E-05
      endloop
   endfacet
   facet normal 0 0 1
      outer loop
         vertex 1.20359654829372E-05 3.62068967660889E-05 8.15000021248125E-05
         vertex 1.20359654829372E-05 3.9655169530306E-05 8.15000021248125E-05
         vertex 8.58768999023596E-06 3.9655169530306E-05 8.15000021248125E-05
      endloop
   endfacet
   facet normal 0 0 1
      outer loop
         vertex 8.58768999023596E-06 3.9655169530306E-05 8.15000021248125E-05
         vertex 1.20359654829372E-05 3.9655169530306E-05 8.15000021248125E-05
         vertex 8.58768999023596E-06 4.31034495704807E-05 8.15000021248125E-05
      endloop
   endfacet
   facet normal 0 0 1
      outer loop
         vertex 8.58768999023596E-06 3.9655169530306E-05 8.15000021248125E-05
         vertex 8.58768999023596E-06 4.31034495704807E-05 8.15000021248125E-05
         vertex 5.13941358804004E-06 4.31034495704807E-05 8.15000021248125E-05
      endloop
   endfacet
   facet normal 0 0 1
      outer loop
         vertex 5.13941358804004E-06 4.31034495704807E-05 8.15000021248125E-05
         vertex 8.58768999023596E-06 4.31034495704807E-05 8.15000021248125E-05
         vertex 5.13941358804004E-06 4.65517223346978E-05 8.15000021248125E-05
      endloop
   endfacet
   facet normal 0 0 1
      outer loop
         vertex 5.13941358804004E-06 4.31034495704807E-05 8.15000021248125E-05
         vertex 5.13941358804004E-06 4.65517223346978E-05 8.15000021248125E-05
         vertex 1.69113786796515E-06 4.65517223346978E-05 8.15000021248125E-05
      endloop
   endfacet
   facet normal 0 0 1
      outer loop
         vertex 1.69113786796515E-06 4.65517223346978E-05 8.15000021248125E-05
         vertex 5.13941358804004E-06 4.65517223346978E-05 8.15000021248125E-05
         vertex 1.21353457416262E-06 4.99844572914299E-05 8.15000021248125E-05
      endloop
   endfacet
   facet normal 0 0 1
      outer loop
         vertex 1.54842418851331E-05 1.89655183930881E-05 8.15000021248125E-05
         vertex 1.8932518287329E-05 1.89655183930881E-05 8.15000021248125E-05
         vertex 1.54842418851331E-05 2.2413794795284E-05 8.15000021248125E-05
      endloop
   endfacet
   facet normal 0 0 1
      outer loop
         vertex 4.30704458267428E-05 1.55172419908922E-05 8.15000021248125E-05
         vertex 4.69516307930462E-05 1.71010069607291E-05 8.15000021248125E-05
         vertex 4.30704458267428E-05 1.89655183930881E-05 8.15000021248125E-05
      endloop
   endfacet
   facet normal 0 0 1
      outer loop
         vertex 4.30704458267428E-05 1.89655183930881E-05 8.15000021248125E-05
         vertex 4.69516307930462E-05 1.71010069607291E-05 8.15000021248125E-05
         vertex 4.50154439022299E-05 2.16941862163367E-05 8.15000021248125E-05
      endloop
   endfacet
   facet normal 0 0 1
      outer loop
         vertex 4.30704458267428E-05 1.89655183930881E-05 8.15000021248125E-05
         vertex 4.50154439022299E-05 2.16941862163367E-05 8.15000021248125E-05
         vertex 4.30704458267428E-05 2.2413794795284E-05 8.15000021248125E-05
      endloop
   endfacet
   facet normal 0 0 1
      outer loop
         vertex 3.27256202581339E-05 1.89655183930881E-05 8.15000021248125E-05
         vertex 3.27256202581339E-05 2.2413794795284E-05 8.15000021248125E-05
         vertex 2.92773456749273E-05 2.2413794795284E-05 8.15000021248125E-05
      endloop
   endfacet
   facet normal 0 0 1
      outer loop
         vertex 2.92773456749273E-05 2.2413794795284E-05 8.15000021248125E-05
         vertex 3.27256202581339E-05 2.2413794795284E-05 8.15000021248125E-05
         vertex 2.92773456749273E-05 2.58620693784906E-05 8.15000021248125E-05
      endloop
   endfacet
   facet normal 0 0 1
      outer loop
         vertex 2.92773456749273E-05 2.2413794795284E-05 8.15000021248125E-05
         vertex 2.92773456749273E-05 2.58620693784906E-05 8.15000021248125E-05
         vertex 2.58290692727314E-05 2.58620693784906E-05 8.15000021248125E-05
      endloop
   endfacet
   facet normal 0 0 1
      outer loop
         vertex 2.58290692727314E-05 2.58620693784906E-05 8.15000021248125E-05
         vertex 2.92773456749273E-05 2.58620693784906E-05 8.15000021248125E-05
         vertex 2.58290692727314E-05 2.93103457806865E-05 8.15000021248125E-05
      endloop
   endfacet
   facet normal 0 0 1
      outer loop
         vertex 2.58290692727314E-05 2.58620693784906E-05 8.15000021248125E-05
         vertex 2.58290692727314E-05 2.93103457806865E-05 8.15000021248125E-05
         vertex 2.23807928705355E-05 2.93103457806865E-05 8.15000021248125E-05
      endloop
   endfacet
   facet normal 0 0 1
      outer loop
         vertex 2.23807928705355E-05 2.93103457806865E-05 8.15000021248125E-05
         vertex 2.58290692727314E-05 2.93103457806865E-05 8.15000021248125E-05
         vertex 2.23807928705355E-05 3.2758620363893E-05 8.15000021248125E-05
      endloop
   endfacet
   facet normal 0 0 1
      outer loop
         vertex 2.23807928705355E-05 2.93103457806865E-05 8.15000021248125E-05
         vertex 2.23807928705355E-05 3.2758620363893E-05 8.15000021248125E-05
         vertex 1.8932518287329E-05 3.2758620363893E-05 8.15000021248125E-05
      endloop
   endfacet
   facet normal 0 0 1
      outer loop
         vertex 1.8932518287329E-05 3.2758620363893E-05 8.15000021248125E-05
         vertex 2.23807928705355E-05 3.2758620363893E-05 8.15000021248125E-05
         vertex 1.8932518287329E-05 3.62068967660889E-05 8.15000021248125E-05
      endloop
   endfacet
   facet normal 0 0 1
      outer loop
         vertex 1.8932518287329E-05 3.2758620363893E-05 8.15000021248125E-05
         vertex 1.8932518287329E-05 3.62068967660889E-05 8.15000021248125E-05
         vertex 1.54842418851331E-05 3.62068967660889E-05 8.15000021248125E-05
      endloop
   endfacet
   facet normal 0 0 1
      outer loop
         vertex 1.54842418851331E-05 3.62068967660889E-05 8.15000021248125E-05
         vertex 1.8932518287329E-05 3.62068967660889E-05 8.15000021248125E-05
         vertex 1.54842418851331E-05 3.9655169530306E-05 8.15000021248125E-05
      endloop
   endfacet
   facet normal 0 0 1
      outer loop
         vertex 1.54842418851331E-05 3.62068967660889E-05 8.15000021248125E-05
         vertex 1.54842418851331E-05 3.9655169530306E-05 8.15000021248125E-05
         vertex 1.20359654829372E-05 3.9655169530306E-05 8.15000021248125E-05
      endloop
   endfacet
   facet normal 0 0 1
      outer loop
         vertex 1.20359654829372E-05 3.9655169530306E-05 8.15000021248125E-05
         vertex 1.54842418851331E-05 3.9655169530306E-05 8.15000021248125E-05
         vertex 1.20359654829372E-05 4.31034495704807E-05 8.15000021248125E-05
      endloop
   endfacet
   facet normal 0 0 1
      outer loop
         vertex 1.20359654829372E-05 3.9655169530306E-05 8.15000021248125E-05
         vertex 1.20359654829372E-05 4.31034495704807E-05 8.15000021248125E-05
         vertex 8.58768999023596E-06 4.31034495704807E-05 8.15000021248125E-05
      endloop
   endfacet
   facet normal 0 0 1
      outer loop
         vertex 8.58768999023596E-06 4.31034495704807E-05 8.15000021248125E-05
         vertex 1.20359654829372E-05 4.31034495704807E-05 8.15000021248125E-05
         vertex 8.58768999023596E-06 4.65517223346978E-05 8.15000021248125E-05
      endloop
   endfacet
   facet normal 0 0 1
      outer loop
         vertex 8.58768999023596E-06 4.31034495704807E-05 8.15000021248125E-05
         vertex 8.58768999023596E-06 4.65517223346978E-05 8.15000021248125E-05
         vertex 5.13941358804004E-06 4.65517223346978E-05 8.15000021248125E-05
      endloop
   endfacet
   facet normal 0 0 1
      outer loop
         vertex 5.13941358804004E-06 4.65517223346978E-05 8.15000021248125E-05
         vertex 8.58768999023596E-06 4.65517223346978E-05 8.15000021248125E-05
         vertex 6.18418516751262E-06 4.96119610033929E-05 8.15000021248125E-05
      endloop
   endfacet
   facet normal 0 0 1
      outer loop
         vertex 5.13941358804004E-06 4.65517223346978E-05 8.15000021248125E-05
         vertex 6.18418516751262E-06 4.96119610033929E-05 8.15000021248125E-05
         vertex 1.21353457416262E-06 4.99844572914299E-05 8.15000021248125E-05
      endloop
   endfacet
   facet normal 0 0 1
      outer loop
         vertex 1.20359654829372E-05 2.2413794795284E-05 8.15000021248125E-05
         vertex 1.54842418851331E-05 2.2413794795284E-05 8.15000021248125E-05
         vertex 1.20359654829372E-05 2.58620693784906E-05 8.15000021248125E-05
      endloop
   endfacet
   facet normal 0 0 1
      outer loop
         vertex -4.31364460382611E-05 2.2413794795284E-05 8.15000021248125E-05
         vertex -3.96881732740439E-05 2.2413794795284E-05 8.15000021248125E-05
         vertex -3.96881732740439E-05 2.58620693784906E-05 8.15000021248125E-05
      endloop
   endfacet
   facet normal 0 0 1
      outer loop
         vertex 8.58768999023596E-06 2.58620693784906E-05 8.15000021248125E-05
         vertex 1.20359654829372E-05 2.58620693784906E-05 8.15000021248125E-05
         vertex 8.58768999023596E-06 2.93103457806865E-05 8.15000021248125E-05
      endloop
   endfacet
   facet normal 0 0 1
      outer loop
         vertex 2.92773456749273E-05 2.58620693784906E-05 8.15000021248125E-05
         vertex 3.27256202581339E-05 2.58620693784906E-05 8.15000021248125E-05
         vertex 2.92773456749273E-05 2.93103457806865E-05 8.15000021248125E-05
      endloop
   endfacet
   facet normal 0 0 1
      outer loop
         vertex 2.92773456749273E-05 2.93103457806865E-05 8.15000021248125E-05
         vertex 3.27256202581339E-05 2.58620693784906E-05 8.15000021248125E-05
         vertex 3.27256202581339E-05 2.93103457806865E-05 8.15000021248125E-05
      endloop
   endfacet
   facet normal 0 0 1
      outer loop
         vertex 2.92773456749273E-05 2.93103457806865E-05 8.15000021248125E-05
         vertex 3.27256202581339E-05 2.93103457806865E-05 8.15000021248125E-05
         vertex 2.92773456749273E-05 3.2758620363893E-05 8.15000021248125E-05
      endloop
   endfacet
   facet normal 0 0 1
      outer loop
         vertex 2.92773456749273E-05 3.2758620363893E-05 8.15000021248125E-05
         vertex 3.27256202581339E-05 2.93103457806865E-05 8.15000021248125E-05
         vertex 3.27256202581339E-05 3.2758620363893E-05 8.15000021248125E-05
      endloop
   endfacet
   facet normal 0 0 1
      outer loop
         vertex 2.92773456749273E-05 3.2758620363893E-05 8.15000021248125E-05
         vertex 3.27256202581339E-05 3.2758620363893E-05 8.15000021248125E-05
         vertex 2.92773456749273E-05 3.62068967660889E-05 8.15000021248125E-05
      endloop
   endfacet
   facet normal 0 0 1
      outer loop
         vertex 2.92773456749273E-05 3.62068967660889E-05 8.15000021248125E-05
         vertex 3.27256202581339E-05 3.2758620363893E-05 8.15000021248125E-05
         vertex 3.27256202581339E-05 3.62068967660889E-05 8.15000021248125E-05
      endloop
   endfacet
   facet normal 0 0 1
      outer loop
         vertex 2.92773456749273E-05 3.62068967660889E-05 8.15000021248125E-05
         vertex 3.27256202581339E-05 3.62068967660889E-05 8.15000021248125E-05
         vertex 3.30512921209447E-05 3.74890587409027E-05 8.15000021248125E-05
      endloop
   endfacet
   facet normal 0 0 1
      outer loop
         vertex 3.30512921209447E-05 3.74890587409027E-05 8.15000021248125E-05
         vertex 3.27256202581339E-05 3.62068967660889E-05 8.15000021248125E-05
         vertex 3.66195927199442E-05 3.40086371579673E-05 8.15000021248125E-05
      endloop
   endfacet
   facet normal 0 0 1
      outer loop
         vertex 3.27256202581339E-05 2.58620693784906E-05 8.15000021248125E-05
         vertex 2.92773456749273E-05 2.58620693784906E-05 8.15000021248125E-05
         vertex 3.27256202581339E-05 2.2413794795284E-05 8.15000021248125E-05
      endloop
   endfacet
   facet normal 0 0 1
      outer loop
         vertex 2.92773456749273E-05 2.58620693784906E-05 8.15000021248125E-05
         vertex 2.92773456749273E-05 2.93103457806865E-05 8.15000021248125E-05
         vertex 2.58290692727314E-05 2.93103457806865E-05 8.15000021248125E-05
      endloop
   endfacet
   facet normal 0 0 1
      outer loop
         vertex 2.58290692727314E-05 2.93103457806865E-05 8.15000021248125E-05
         vertex 2.92773456749273E-05 2.93103457806865E-05 8.15000021248125E-05
         vertex 2.58290692727314E-05 3.2758620363893E-05 8.15000021248125E-05
      endloop
   endfacet
   facet normal 0 0 1
      outer loop
         vertex 2.58290692727314E-05 2.93103457806865E-05 8.15000021248125E-05
         vertex 2.58290692727314E-05 3.2758620363893E-05 8.15000021248125E-05
         vertex 2.23807928705355E-05 3.2758620363893E-05 8.15000021248125E-05
      endloop
   endfacet
   facet normal 0 0 1
      outer loop
         vertex 2.23807928705355E-05 3.2758620363893E-05 8.15000021248125E-05
         vertex 2.58290692727314E-05 3.2758620363893E-05 8.15000021248125E-05
         vertex 2.23807928705355E-05 3.62068967660889E-05 8.15000021248125E-05
      endloop
   endfacet
   facet normal 0 0 1
      outer loop
         vertex 2.23807928705355E-05 3.2758620363893E-05 8.15000021248125E-05
         vertex 2.23807928705355E-05 3.62068967660889E-05 8.15000021248125E-05
         vertex 1.8932518287329E-05 3.62068967660889E-05 8.15000021248125E-05
      endloop
   endfacet
   facet normal 0 0 1
      outer loop
         vertex 1.8932518287329E-05 3.62068967660889E-05 8.15000021248125E-05
         vertex 2.23807928705355E-05 3.62068967660889E-05 8.15000021248125E-05
         vertex 1.8932518287329E-05 3.9655169530306E-05 8.15000021248125E-05
      endloop
   endfacet
   facet normal 0 0 1
      outer loop
         vertex 1.8932518287329E-05 3.62068967660889E-05 8.15000021248125E-05
         vertex 1.8932518287329E-05 3.9655169530306E-05 8.15000021248125E-05
         vertex 1.54842418851331E-05 3.9655169530306E-05 8.15000021248125E-05
      endloop
   endfacet
   facet normal 0 0 1
      outer loop
         vertex 1.54842418851331E-05 3.9655169530306E-05 8.15000021248125E-05
         vertex 1.8932518287329E-05 3.9655169530306E-05 8.15000021248125E-05
         vertex 1.54842418851331E-05 4.31034495704807E-05 8.15000021248125E-05
      endloop
   endfacet
   facet normal 0 0 1
      outer loop
         vertex 1.54842418851331E-05 3.9655169530306E-05 8.15000021248125E-05
         vertex 1.54842418851331E-05 4.31034495704807E-05 8.15000021248125E-05
         vertex 1.20359654829372E-05 4.31034495704807E-05 8.15000021248125E-05
      endloop
   endfacet
   facet normal 0 0 1
      outer loop
         vertex 1.20359654829372E-05 4.31034495704807E-05 8.15000021248125E-05
         vertex 1.54842418851331E-05 4.31034495704807E-05 8.15000021248125E-05
         vertex 1.20359654829372E-05 4.65517223346978E-05 8.15000021248125E-05
      endloop
   endfacet
   facet normal 0 0 1
      outer loop
         vertex 1.20359654829372E-05 4.31034495704807E-05 8.15000021248125E-05
         vertex 1.20359654829372E-05 4.65517223346978E-05 8.15000021248125E-05
         vertex 8.58768999023596E-06 4.65517223346978E-05 8.15000021248125E-05
      endloop
   endfacet
   facet normal 0 0 1
      outer loop
         vertex 8.58768999023596E-06 4.65517223346978E-05 8.15000021248125E-05
         vertex 1.20359654829372E-05 4.65517223346978E-05 8.15000021248125E-05
         vertex 1.10930468508741E-05 4.87463948957156E-05 8.15000021248125E-05
      endloop
   endfacet
   facet normal 0 0 1
      outer loop
         vertex 8.58768999023596E-06 4.65517223346978E-05 8.15000021248125E-05
         vertex 1.10930468508741E-05 4.87463948957156E-05 8.15000021248125E-05
         vertex 6.18418516751262E-06 4.96119610033929E-05 8.15000021248125E-05
      endloop
   endfacet
   facet normal 0 0 1
      outer loop
         vertex 5.13941358804004E-06 2.93103457806865E-05 8.15000021248125E-05
         vertex 8.58768999023596E-06 2.93103457806865E-05 8.15000021248125E-05
         vertex 5.13941358804004E-06 3.2758620363893E-05 8.15000021248125E-05
      endloop
   endfacet
   facet normal 0 0 1
      outer loop
         vertex 3.96221730625257E-05 2.2413794795284E-05 8.15000021248125E-05
         vertex 4.263154551154E-05 2.60717606579419E-05 8.15000021248125E-05
         vertex 3.96221730625257E-05 2.58620693784906E-05 8.15000021248125E-05
      endloop
   endfacet
   facet normal 0 0 1
      outer loop
         vertex 3.96221730625257E-05 2.58620693784906E-05 8.15000021248125E-05
         vertex 4.263154551154E-05 2.60717606579419E-05 8.15000021248125E-05
         vertex 3.96221730625257E-05 2.93103457806865E-05 8.15000021248125E-05
      endloop
   endfacet
   facet normal 0 0 1
      outer loop
         vertex 2.92773456749273E-05 2.93103457806865E-05 8.15000021248125E-05
         vertex 2.92773456749273E-05 3.2758620363893E-05 8.15000021248125E-05
         vertex 2.58290692727314E-05 3.2758620363893E-05 8.15000021248125E-05
      endloop
   endfacet
   facet normal 0 0 1
      outer loop
         vertex 2.58290692727314E-05 3.2758620363893E-05 8.15000021248125E-05
         vertex 2.92773456749273E-05 3.2758620363893E-05 8.15000021248125E-05
         vertex 2.58290692727314E-05 3.62068967660889E-05 8.15000021248125E-05
      endloop
   endfacet
   facet normal 0 0 1
      outer loop
         vertex 2.58290692727314E-05 3.2758620363893E-05 8.15000021248125E-05
         vertex 2.58290692727314E-05 3.62068967660889E-05 8.15000021248125E-05
         vertex 2.23807928705355E-05 3.62068967660889E-05 8.15000021248125E-05
      endloop
   endfacet
   facet normal 0 0 1
      outer loop
         vertex 2.23807928705355E-05 3.62068967660889E-05 8.15000021248125E-05
         vertex 2.58290692727314E-05 3.62068967660889E-05 8.15000021248125E-05
         vertex 2.23807928705355E-05 3.9655169530306E-05 8.15000021248125E-05
      endloop
   endfacet
   facet normal 0 0 1
      outer loop
         vertex 2.23807928705355E-05 3.62068967660889E-05 8.15000021248125E-05
         vertex 2.23807928705355E-05 3.9655169530306E-05 8.15000021248125E-05
         vertex 1.8932518287329E-05 3.9655169530306E-05 8.15000021248125E-05
      endloop
   endfacet
   facet normal 0 0 1
      outer loop
         vertex 1.8932518287329E-05 3.9655169530306E-05 8.15000021248125E-05
         vertex 2.23807928705355E-05 3.9655169530306E-05 8.15000021248125E-05
         vertex 1.8932518287329E-05 4.31034495704807E-05 8.15000021248125E-05
      endloop
   endfacet
   facet normal 0 0 1
      outer loop
         vertex 1.8932518287329E-05 3.9655169530306E-05 8.15000021248125E-05
         vertex 1.8932518287329E-05 4.31034495704807E-05 8.15000021248125E-05
         vertex 1.54842418851331E-05 4.31034495704807E-05 8.15000021248125E-05
      endloop
   endfacet
   facet normal 0 0 1
      outer loop
         vertex 1.54842418851331E-05 4.31034495704807E-05 8.15000021248125E-05
         vertex 1.8932518287329E-05 4.31034495704807E-05 8.15000021248125E-05
         vertex 1.54842418851331E-05 4.65517223346978E-05 8.15000021248125E-05
      endloop
   endfacet
   facet normal 0 0 1
      outer loop
         vertex 1.54842418851331E-05 4.31034495704807E-05 8.15000021248125E-05
         vertex 1.54842418851331E-05 4.65517223346978E-05 8.15000021248125E-05
         vertex 1.20359654829372E-05 4.65517223346978E-05 8.15000021248125E-05
      endloop
   endfacet
   facet normal 0 0 1
      outer loop
         vertex 1.20359654829372E-05 4.65517223346978E-05 8.15000021248125E-05
         vertex 1.54842418851331E-05 4.65517223346978E-05 8.15000021248125E-05
         vertex 1.58913317136467E-05 4.73963664262556E-05 8.15000021248125E-05
      endloop
   endfacet
   facet normal 0 0 1
      outer loop
         vertex 1.20359654829372E-05 4.65517223346978E-05 8.15000021248125E-05
         vertex 1.58913317136467E-05 4.73963664262556E-05 8.15000021248125E-05
         vertex 1.10930468508741E-05 4.87463948957156E-05 8.15000021248125E-05
      endloop
   endfacet
   facet normal 0 0 1
      outer loop
         vertex 1.69113786796515E-06 3.2758620363893E-05 8.15000021248125E-05
         vertex 5.13941358804004E-06 3.2758620363893E-05 8.15000021248125E-05
         vertex 1.69113786796515E-06 3.62068967660889E-05 8.15000021248125E-05
      endloop
   endfacet
   facet normal 0 0 1
      outer loop
         vertex 3.61738966603298E-05 3.2758620363893E-05 8.15000021248125E-05
         vertex 3.61738966603298E-05 2.93103457806865E-05 8.15000021248125E-05
         vertex 3.98236261389684E-05 3.01902200590121E-05 8.15000021248125E-05
      endloop
   endfacet
   facet normal 0 0 1
      outer loop
         vertex 2.92773456749273E-05 3.2758620363893E-05 8.15000021248125E-05
         vertex 2.92773456749273E-05 3.62068967660889E-05 8.15000021248125E-05
         vertex 2.58290692727314E-05 3.62068967660889E-05 8.15000021248125E-05
      endloop
   endfacet
   facet normal 0 0 1
      outer loop
         vertex 2.58290692727314E-05 3.62068967660889E-05 8.15000021248125E-05
         vertex 2.92773456749273E-05 3.62068967660889E-05 8.15000021248125E-05
         vertex 2.58290692727314E-05 3.9655169530306E-05 8.15000021248125E-05
      endloop
   endfacet
   facet normal 0 0 1
      outer loop
         vertex 2.58290692727314E-05 3.62068967660889E-05 8.15000021248125E-05
         vertex 2.58290692727314E-05 3.9655169530306E-05 8.15000021248125E-05
         vertex 2.23807928705355E-05 3.9655169530306E-05 8.15000021248125E-05
      endloop
   endfacet
   facet normal 0 0 1
      outer loop
         vertex 2.23807928705355E-05 3.9655169530306E-05 8.15000021248125E-05
         vertex 2.58290692727314E-05 3.9655169530306E-05 8.15000021248125E-05
         vertex 2.49669992626878E-05 4.33012683060952E-05 8.15000021248125E-05
      endloop
   endfacet
   facet normal 0 0 1
      outer loop
         vertex 2.23807928705355E-05 3.9655169530306E-05 8.15000021248125E-05
         vertex 2.49669992626878E-05 4.33012683060952E-05 8.15000021248125E-05
         vertex 2.23807928705355E-05 4.31034495704807E-05 8.15000021248125E-05
      endloop
   endfacet
   facet normal 0 0 1
      outer loop
         vertex 2.23807928705355E-05 4.31034495704807E-05 8.15000021248125E-05
         vertex 2.49669992626878E-05 4.33012683060952E-05 8.15000021248125E-05
         vertex 2.05313535843743E-05 4.55752924608532E-05 8.15000021248125E-05
      endloop
   endfacet
   facet normal 0 0 1
      outer loop
         vertex 2.23807928705355E-05 4.31034495704807E-05 8.15000021248125E-05
         vertex 2.05313535843743E-05 4.55752924608532E-05 8.15000021248125E-05
         vertex 1.8932518287329E-05 4.31034495704807E-05 8.15000021248125E-05
      endloop
   endfacet
   facet normal 0 0 1
      outer loop
         vertex 1.8932518287329E-05 4.31034495704807E-05 8.15000021248125E-05
         vertex 2.05313535843743E-05 4.55752924608532E-05 8.15000021248125E-05
         vertex 1.54842418851331E-05 4.65517223346978E-05 8.15000021248125E-05
      endloop
   endfacet
   facet normal 0 0 1
      outer loop
         vertex -1.75713796579657E-06 3.62068967660889E-05 8.15000021248125E-05
         vertex 1.69113786796515E-06 3.62068967660889E-05 8.15000021248125E-05
         vertex -1.75713796579657E-06 3.9655169530306E-05 8.15000021248125E-05
      endloop
   endfacet
   facet normal 0 0 1
      outer loop
         vertex -2.24467930820538E-05 3.62068967660889E-05 8.15000021248125E-05
         vertex -1.89985166798579E-05 3.62068967660889E-05 8.15000021248125E-05
         vertex -2.24467930820538E-05 3.9655169530306E-05 8.15000021248125E-05
      endloop
   endfacet
   facet normal 0 0 1
      outer loop
         vertex 3.27256202581339E-05 3.62068967660889E-05 8.15000021248125E-05
         vertex 3.27256202581339E-05 3.2758620363893E-05 8.15000021248125E-05
         vertex 3.66195927199442E-05 3.40086371579673E-05 8.15000021248125E-05
      endloop
   endfacet
   facet normal 0 0 1
      outer loop
         vertex 2.58290692727314E-05 3.9655169530306E-05 8.15000021248125E-05
         vertex 2.92773456749273E-05 3.62068967660889E-05 8.15000021248125E-05
         vertex 2.92773456749273E-05 3.9655169530306E-05 8.15000021248125E-05
      endloop
   endfacet
   facet normal 0 0 1
      outer loop
         vertex 2.92773456749273E-05 3.9655169530306E-05 8.15000021248125E-05
         vertex 2.92773456749273E-05 3.62068967660889E-05 8.15000021248125E-05
         vertex 3.30512921209447E-05 3.74890587409027E-05 8.15000021248125E-05
      endloop
   endfacet
   facet normal 0 0 1
      outer loop
         vertex 2.92773456749273E-05 3.9655169530306E-05 8.15000021248125E-05
         vertex 3.30512921209447E-05 3.74890587409027E-05 8.15000021248125E-05
         vertex 2.91541837214027E-05 4.05969003622886E-05 8.15000021248125E-05
      endloop
   endfacet
   facet normal 0 0 1
      outer loop
         vertex 2.49669992626878E-05 4.33012683060952E-05 8.15000021248125E-05
         vertex 2.58290692727314E-05 3.9655169530306E-05 8.15000021248125E-05
         vertex 2.91541837214027E-05 4.05969003622886E-05 8.15000021248125E-05
      endloop
   endfacet
   facet normal 0 0 1
      outer loop
         vertex 2.91541837214027E-05 4.05969003622886E-05 8.15000021248125E-05
         vertex 2.58290692727314E-05 3.9655169530306E-05 8.15000021248125E-05
         vertex 2.92773456749273E-05 3.9655169530306E-05 8.15000021248125E-05
      endloop
   endfacet
   facet normal 0 0 1
      outer loop
         vertex -5.2054137995583E-06 3.9655169530306E-05 8.15000021248125E-05
         vertex -1.75713796579657E-06 3.9655169530306E-05 8.15000021248125E-05
         vertex -5.2054137995583E-06 4.31034495704807E-05 8.15000021248125E-05
      endloop
   endfacet
   facet normal 0 0 1
      outer loop
         vertex 2.23807928705355E-05 4.31034495704807E-05 8.15000021248125E-05
         vertex 1.8932518287329E-05 4.31034495704807E-05 8.15000021248125E-05
         vertex 2.23807928705355E-05 3.9655169530306E-05 8.15000021248125E-05
      endloop
   endfacet
   facet normal 0 0 1
      outer loop
         vertex -8.65369020175422E-06 4.31034495704807E-05 8.15000021248125E-05
         vertex -5.2054137995583E-06 4.31034495704807E-05 8.15000021248125E-05
         vertex -8.65369020175422E-06 4.65517223346978E-05 8.15000021248125E-05
      endloop
   endfacet
   facet normal 0 0 1
      outer loop
         vertex -1.89985166798579E-05 3.9655169530306E-05 8.15000021248125E-05
         vertex -1.89985166798579E-05 4.31034495704807E-05 8.15000021248125E-05
         vertex -2.24467930820538E-05 4.31034495704807E-05 8.15000021248125E-05
      endloop
   endfacet
   facet normal 0 0 1
      outer loop
         vertex -2.24467930820538E-05 4.31034495704807E-05 8.15000021248125E-05
         vertex -1.89985166798579E-05 4.31034495704807E-05 8.15000021248125E-05
         vertex -2.28435328608612E-05 4.44935903942678E-05 8.15000021248125E-05
      endloop
   endfacet
   facet normal 0 0 1
      outer loop
         vertex -2.24467930820538E-05 4.31034495704807E-05 8.15000021248125E-05
         vertex -2.28435328608612E-05 4.44935903942678E-05 8.15000021248125E-05
         vertex -2.71603130386211E-05 4.20012947870418E-05 8.15000021248125E-05
      endloop
   endfacet
   facet normal 0 0 1
      outer loop
         vertex -2.28435328608612E-05 4.44935903942678E-05 8.15000021248125E-05
         vertex -1.89985166798579E-05 4.31034495704807E-05 8.15000021248125E-05
         vertex -1.83000502147479E-05 4.6543686039513E-05 8.15000021248125E-05
      endloop
   endfacet
   facet normal 0 0 1
      outer loop
         vertex 2.05313535843743E-05 4.55752924608532E-05 8.15000021248125E-05
         vertex 1.58913317136467E-05 4.73963664262556E-05 8.15000021248125E-05
         vertex 1.54842418851331E-05 4.65517223346978E-05 8.15000021248125E-05
      endloop
   endfacet
   facet normal 0 0 -1
      outer loop
         vertex -4.84868651255965E-05 1.23378695207066E-05 7.65000004321337E-05
         vertex -4.70176310045645E-05 1.71010069607291E-05 7.65000004321337E-05
         vertex -4.65847260784358E-05 1.55172419908922E-05 7.65000004321337E-05
      endloop
   endfacet
   facet normal 0 0 -1
      outer loop
         vertex -4.65847260784358E-05 1.55172419908922E-05 7.65000004321337E-05
         vertex -4.70176310045645E-05 1.71010069607291E-05 7.65000004321337E-05
         vertex -4.31364460382611E-05 1.55172419908922E-05 7.65000004321337E-05
      endloop
   endfacet
   facet normal 0 0 -1
      outer loop
         vertex -4.65847260784358E-05 1.55172419908922E-05 7.65000004321337E-05
         vertex -4.31364460382611E-05 1.55172419908922E-05 7.65000004321337E-05
         vertex -4.65847260784358E-05 1.20689655886963E-05 7.65000004321337E-05
      endloop
   endfacet
   facet normal 0 0 -1
      outer loop
         vertex -4.65847260784358E-05 1.20689655886963E-05 7.65000004321337E-05
         vertex -4.31364460382611E-05 1.55172419908922E-05 7.65000004321337E-05
         vertex -4.31364460382611E-05 1.20689655886963E-05 7.65000004321337E-05
      endloop
   endfacet
   facet normal 0 0 -1
      outer loop
         vertex -4.65847260784358E-05 1.20689655886963E-05 7.65000004321337E-05
         vertex -4.31364460382611E-05 1.20689655886963E-05 7.65000004321337E-05
         vertex -4.65847260784358E-05 8.62068918650039E-06 7.65000004321337E-05
      endloop
   endfacet
   facet normal 0 0 -1
      outer loop
         vertex -4.65847260784358E-05 8.62068918650039E-06 7.65000004321337E-05
         vertex -4.31364460382611E-05 1.20689655886963E-05 7.65000004321337E-05
         vertex -4.31364460382611E-05 8.62068918650039E-06 7.65000004321337E-05
      endloop
   endfacet
   facet normal 0 0 -1
      outer loop
         vertex -4.65847260784358E-05 8.62068918650039E-06 7.65000004321337E-05
         vertex -4.31364460382611E-05 8.62068918650039E-06 7.65000004321337E-05
         vertex -4.65847260784358E-05 5.17241369379917E-06 7.65000004321337E-05
      endloop
   endfacet
   facet normal 0 0 -1
      outer loop
         vertex -4.65847260784358E-05 5.17241369379917E-06 7.65000004321337E-05
         vertex -4.31364460382611E-05 8.62068918650039E-06 7.65000004321337E-05
         vertex -4.31364460382611E-05 5.17241369379917E-06 7.65000004321337E-05
      endloop
   endfacet
   facet normal 0 0 -1
      outer loop
         vertex -4.65847260784358E-05 5.17241369379917E-06 7.65000004321337E-05
         vertex -4.31364460382611E-05 5.17241369379917E-06 7.65000004321337E-05
         vertex -4.65847260784358E-05 1.72413797372428E-06 7.65000004321337E-05
      endloop
   endfacet
   facet normal 0 0 -1
      outer loop
         vertex -4.65847260784358E-05 1.72413797372428E-06 7.65000004321337E-05
         vertex -4.31364460382611E-05 5.17241369379917E-06 7.65000004321337E-05
         vertex -4.31364460382611E-05 1.72413797372428E-06 7.65000004321337E-05
      endloop
   endfacet
   facet normal 0 0 -1
      outer loop
         vertex -4.65847260784358E-05 1.72413797372428E-06 7.65000004321337E-05
         vertex -4.31364460382611E-05 1.72413797372428E-06 7.65000004321337E-05
         vertex -4.65847260784358E-05 -1.72413797372428E-06 7.65000004321337E-05
      endloop
   endfacet
   facet normal 0 0 -1
      outer loop
         vertex -4.65847260784358E-05 -1.72413797372428E-06 7.65000004321337E-05
         vertex -4.31364460382611E-05 1.72413797372428E-06 7.65000004321337E-05
         vertex -4.31364460382611E-05 -1.72413797372428E-06 7.65000004321337E-05
      endloop
   endfacet
   facet normal 0 0 -1
      outer loop
         vertex -4.65847260784358E-05 -1.72413797372428E-06 7.65000004321337E-05
         vertex -4.31364460382611E-05 -1.72413797372428E-06 7.65000004321337E-05
         vertex -4.65847260784358E-05 -5.17241369379917E-06 7.65000004321337E-05
      endloop
   endfacet
   facet normal 0 0 -1
      outer loop
         vertex -4.65847260784358E-05 -5.17241369379917E-06 7.65000004321337E-05
         vertex -4.31364460382611E-05 -1.72413797372428E-06 7.65000004321337E-05
         vertex -4.31364460382611E-05 -5.17241369379917E-06 7.65000004321337E-05
      endloop
   endfacet
   facet normal 0 0 -1
      outer loop
         vertex -4.65847260784358E-05 -5.17241369379917E-06 7.65000004321337E-05
         vertex -4.31364460382611E-05 -5.17241369379917E-06 7.65000004321337E-05
         vertex -4.65847260784358E-05 -8.62068918650039E-06 7.65000004321337E-05
      endloop
   endfacet
   facet normal 0 0 -1
      outer loop
         vertex -4.65847260784358E-05 -8.62068918650039E-06 7.65000004321337E-05
         vertex -4.31364460382611E-05 -5.17241369379917E-06 7.65000004321337E-05
         vertex -4.31364460382611E-05 -8.62068918650039E-06 7.65000004321337E-05
      endloop
   endfacet
   facet normal 0 0 -1
      outer loop
         vertex -4.65847260784358E-05 -8.62068918650039E-06 7.65000004321337E-05
         vertex -4.31364460382611E-05 -8.62068918650039E-06 7.65000004321337E-05
         vertex -4.65847260784358E-05 -1.20689655886963E-05 7.65000004321337E-05
      endloop
   endfacet
   facet normal 0 0 -1
      outer loop
         vertex -4.65847260784358E-05 -1.20689655886963E-05 7.65000004321337E-05
         vertex -4.31364460382611E-05 -8.62068918650039E-06 7.65000004321337E-05
         vertex -4.31364460382611E-05 -1.20689655886963E-05 7.65000004321337E-05
      endloop
   endfacet
   facet normal 0 0 -1
      outer loop
         vertex -4.65847260784358E-05 -1.20689655886963E-05 7.65000004321337E-05
         vertex -4.31364460382611E-05 -1.20689655886963E-05 7.65000004321337E-05
         vertex -4.65847260784358E-05 -1.55172419908922E-05 7.65000004321337E-05
      endloop
   endfacet
   facet normal 0 0 -1
      outer loop
         vertex -4.65847260784358E-05 -1.55172419908922E-05 7.65000004321337E-05
         vertex -4.31364460382611E-05 -1.20689655886963E-05 7.65000004321337E-05
         vertex -4.31364460382611E-05 -1.55172419908922E-05 7.65000004321337E-05
      endloop
   endfacet
   facet normal 0 0 -1
      outer loop
         vertex -4.65847260784358E-05 -1.55172419908922E-05 7.65000004321337E-05
         vertex -4.31364460382611E-05 -1.55172419908922E-05 7.65000004321337E-05
         vertex -4.70176310045645E-05 -1.71010069607291E-05 7.65000004321337E-05
      endloop
   endfacet
   facet normal 0 0 -1
      outer loop
         vertex -4.70176310045645E-05 -1.71010069607291E-05 7.65000004321337E-05
         vertex -4.31364460382611E-05 -1.55172419908922E-05 7.65000004321337E-05
         vertex -4.31364460382611E-05 -1.89655183930881E-05 7.65000004321337E-05
      endloop
   endfacet
   facet normal 0 0 -1
      outer loop
         vertex -4.70176310045645E-05 -1.71010069607291E-05 7.65000004321337E-05
         vertex -4.31364460382611E-05 -1.89655183930881E-05 7.65000004321337E-05
         vertex -4.50814441137481E-05 -2.16941862163367E-05 7.65000004321337E-05
      endloop
   endfacet
   facet normal 0 0 -1
      outer loop
         vertex -4.50814441137481E-05 -2.16941862163367E-05 7.65000004321337E-05
         vertex -4.31364460382611E-05 -1.89655183930881E-05 7.65000004321337E-05
         vertex -4.31364460382611E-05 -2.2413794795284E-05 7.65000004321337E-05
      endloop
   endfacet
   facet normal 0 0 -1
      outer loop
         vertex -4.50814441137481E-05 -2.16941862163367E-05 7.65000004321337E-05
         vertex -4.31364460382611E-05 -2.2413794795284E-05 7.65000004321337E-05
         vertex -4.26975457230583E-05 -2.60717606579419E-05 7.65000004321337E-05
      endloop
   endfacet
   facet normal 0 0 -1
      outer loop
         vertex -4.26975457230583E-05 -2.60717606579419E-05 7.65000004321337E-05
         vertex -4.31364460382611E-05 -2.2413794795284E-05 7.65000004321337E-05
         vertex -3.96881732740439E-05 -2.2413794795284E-05 7.65000004321337E-05
      endloop
   endfacet
   facet normal 0 0 -1
      outer loop
         vertex -4.26975457230583E-05 -2.60717606579419E-05 7.65000004321337E-05
         vertex -3.96881732740439E-05 -2.2413794795284E-05 7.65000004321337E-05
         vertex -3.96881732740439E-05 -2.58620693784906E-05 7.65000004321337E-05
      endloop
   endfacet
   facet normal 0 0 -1
      outer loop
         vertex -3.96881732740439E-05 -2.58620693784906E-05 7.65000004321337E-05
         vertex -3.96881732740439E-05 -2.2413794795284E-05 7.65000004321337E-05
         vertex -3.6239896871848E-05 -2.2413794795284E-05 7.65000004321337E-05
      endloop
   endfacet
   facet normal 0 0 -1
      outer loop
         vertex -3.96881732740439E-05 -2.58620693784906E-05 7.65000004321337E-05
         vertex -3.6239896871848E-05 -2.2413794795284E-05 7.65000004321337E-05
         vertex -3.6239896871848E-05 -2.58620693784906E-05 7.65000004321337E-05
      endloop
   endfacet
   facet normal 0 0 -1
      outer loop
         vertex -3.6239896871848E-05 -2.58620693784906E-05 7.65000004321337E-05
         vertex -3.6239896871848E-05 -2.2413794795284E-05 7.65000004321337E-05
         vertex -3.27916204696521E-05 -2.2413794795284E-05 7.65000004321337E-05
      endloop
   endfacet
   facet normal 0 0 -1
      outer loop
         vertex -3.6239896871848E-05 -2.58620693784906E-05 7.65000004321337E-05
         vertex -3.27916204696521E-05 -2.2413794795284E-05 7.65000004321337E-05
         vertex -3.27916204696521E-05 -2.58620693784906E-05 7.65000004321337E-05
      endloop
   endfacet
   facet normal 0 0 -1
      outer loop
         vertex -3.27916204696521E-05 -2.58620693784906E-05 7.65000004321337E-05
         vertex -3.27916204696521E-05 -2.2413794795284E-05 7.65000004321337E-05
         vertex -2.93433440674562E-05 -2.2413794795284E-05 7.65000004321337E-05
      endloop
   endfacet
   facet normal 0 0 -1
      outer loop
         vertex -3.27916204696521E-05 -2.58620693784906E-05 7.65000004321337E-05
         vertex -2.93433440674562E-05 -2.2413794795284E-05 7.65000004321337E-05
         vertex -2.93433440674562E-05 -2.58620693784906E-05 7.65000004321337E-05
      endloop
   endfacet
   facet normal 0 0 -1
      outer loop
         vertex -2.93433440674562E-05 -2.58620693784906E-05 7.65000004321337E-05
         vertex -2.93433440674562E-05 -2.2413794795284E-05 7.65000004321337E-05
         vertex -2.58950676652603E-05 -2.2413794795284E-05 7.65000004321337E-05
      endloop
   endfacet
   facet normal 0 0 -1
      outer loop
         vertex -2.93433440674562E-05 -2.58620693784906E-05 7.65000004321337E-05
         vertex -2.58950676652603E-05 -2.2413794795284E-05 7.65000004321337E-05
         vertex -2.58950676652603E-05 -2.58620693784906E-05 7.65000004321337E-05
      endloop
   endfacet
   facet normal 0 0 -1
      outer loop
         vertex -2.58950676652603E-05 -2.58620693784906E-05 7.65000004321337E-05
         vertex -2.58950676652603E-05 -2.2413794795284E-05 7.65000004321337E-05
         vertex -2.24467930820538E-05 -2.2413794795284E-05 7.65000004321337E-05
      endloop
   endfacet
   facet normal 0 0 -1
      outer loop
         vertex -2.58950676652603E-05 -2.58620693784906E-05 7.65000004321337E-05
         vertex -2.24467930820538E-05 -2.2413794795284E-05 7.65000004321337E-05
         vertex -2.24467930820538E-05 -2.58620693784906E-05 7.65000004321337E-05
      endloop
   endfacet
   facet normal 0 0 -1
      outer loop
         vertex -2.24467930820538E-05 -2.58620693784906E-05 7.65000004321337E-05
         vertex -2.24467930820538E-05 -2.2413794795284E-05 7.65000004321337E-05
         vertex -1.89985166798579E-05 -2.2413794795284E-05 7.65000004321337E-05
      endloop
   endfacet
   facet normal 0 0 -1
      outer loop
         vertex -2.24467930820538E-05 -2.58620693784906E-05 7.65000004321337E-05
         vertex -1.89985166798579E-05 -2.2413794795284E-05 7.65000004321337E-05
         vertex -1.89985166798579E-05 -2.58620693784906E-05 7.65000004321337E-05
      endloop
   endfacet
   facet normal 0 0 -1
      outer loop
         vertex -1.89985166798579E-05 -2.58620693784906E-05 7.65000004321337E-05
         vertex -1.89985166798579E-05 -2.2413794795284E-05 7.65000004321337E-05
         vertex -1.55502420966513E-05 -2.2413794795284E-05 7.65000004321337E-05
      endloop
   endfacet
   facet normal 0 0 -1
      outer loop
         vertex -1.89985166798579E-05 -2.58620693784906E-05 7.65000004321337E-05
         vertex -1.55502420966513E-05 -2.2413794795284E-05 7.65000004321337E-05
         vertex -1.55502420966513E-05 -2.58620693784906E-05 7.65000004321337E-05
      endloop
   endfacet
   facet normal 0 0 -1
      outer loop
         vertex -1.55502420966513E-05 -2.58620693784906E-05 7.65000004321337E-05
         vertex -1.55502420966513E-05 -2.2413794795284E-05 7.65000004321337E-05
         vertex -1.21019656944554E-05 -2.2413794795284E-05 7.65000004321337E-05
      endloop
   endfacet
   facet normal 0 0 -1
      outer loop
         vertex -1.55502420966513E-05 -2.58620693784906E-05 7.65000004321337E-05
         vertex -1.21019656944554E-05 -2.2413794795284E-05 7.65000004321337E-05
         vertex -1.21019656944554E-05 -2.58620693784906E-05 7.65000004321337E-05
      endloop
   endfacet
   facet normal 0 0 -1
      outer loop
         vertex -1.21019656944554E-05 -2.58620693784906E-05 7.65000004321337E-05
         vertex -1.21019656944554E-05 -2.2413794795284E-05 7.65000004321337E-05
         vertex -8.65369020175422E-06 -2.2413794795284E-05 7.65000004321337E-05
      endloop
   endfacet
   facet normal 0 0 -1
      outer loop
         vertex -1.21019656944554E-05 -2.58620693784906E-05 7.65000004321337E-05
         vertex -8.65369020175422E-06 -2.2413794795284E-05 7.65000004321337E-05
         vertex -8.65369020175422E-06 -2.58620693784906E-05 7.65000004321337E-05
      endloop
   endfacet
   facet normal 0 0 -1
      outer loop
         vertex -8.65369020175422E-06 -2.58620693784906E-05 7.65000004321337E-05
         vertex -8.65369020175422E-06 -2.2413794795284E-05 7.65000004321337E-05
         vertex -5.2054137995583E-06 -2.2413794795284E-05 7.65000004321337E-05
      endloop
   endfacet
   facet normal 0 0 -1
      outer loop
         vertex -8.65369020175422E-06 -2.58620693784906E-05 7.65000004321337E-05
         vertex -5.2054137995583E-06 -2.2413794795284E-05 7.65000004321337E-05
         vertex -5.2054137995583E-06 -2.58620693784906E-05 7.65000004321337E-05
      endloop
   endfacet
   facet normal 0 0 -1
      outer loop
         vertex -5.2054137995583E-06 -2.58620693784906E-05 7.65000004321337E-05
         vertex -5.2054137995583E-06 -2.2413794795284E-05 7.65000004321337E-05
         vertex -1.75713796579657E-06 -2.2413794795284E-05 7.65000004321337E-05
      endloop
   endfacet
   facet normal 0 0 -1
      outer loop
         vertex -5.2054137995583E-06 -2.58620693784906E-05 7.65000004321337E-05
         vertex -1.75713796579657E-06 -2.2413794795284E-05 7.65000004321337E-05
         vertex -1.75713796579657E-06 -2.58620693784906E-05 7.65000004321337E-05
      endloop
   endfacet
   facet normal 0 0 -1
      outer loop
         vertex -1.75713796579657E-06 -2.58620693784906E-05 7.65000004321337E-05
         vertex -1.75713796579657E-06 -2.2413794795284E-05 7.65000004321337E-05
         vertex 1.69113786796515E-06 -2.2413794795284E-05 7.65000004321337E-05
      endloop
   endfacet
   facet normal 0 0 -1
      outer loop
         vertex -1.75713796579657E-06 -2.58620693784906E-05 7.65000004321337E-05
         vertex 1.69113786796515E-06 -2.2413794795284E-05 7.65000004321337E-05
         vertex 1.69113786796515E-06 -2.58620693784906E-05 7.65000004321337E-05
      endloop
   endfacet
   facet normal 0 0 -1
      outer loop
         vertex 1.69113786796515E-06 -2.58620693784906E-05 7.65000004321337E-05
         vertex 1.69113786796515E-06 -2.2413794795284E-05 7.65000004321337E-05
         vertex 5.13941358804004E-06 -2.2413794795284E-05 7.65000004321337E-05
      endloop
   endfacet
   facet normal 0 0 -1
      outer loop
         vertex 1.69113786796515E-06 -2.58620693784906E-05 7.65000004321337E-05
         vertex 5.13941358804004E-06 -2.2413794795284E-05 7.65000004321337E-05
         vertex 5.13941358804004E-06 -2.58620693784906E-05 7.65000004321337E-05
      endloop
   endfacet
   facet normal 0 0 -1
      outer loop
         vertex 5.13941358804004E-06 -2.58620693784906E-05 7.65000004321337E-05
         vertex 5.13941358804004E-06 -2.2413794795284E-05 7.65000004321337E-05
         vertex 8.58768999023596E-06 -2.2413794795284E-05 7.65000004321337E-05
      endloop
   endfacet
   facet normal 0 0 -1
      outer loop
         vertex 5.13941358804004E-06 -2.58620693784906E-05 7.65000004321337E-05
         vertex 8.58768999023596E-06 -2.2413794795284E-05 7.65000004321337E-05
         vertex 8.58768999023596E-06 -2.58620693784906E-05 7.65000004321337E-05
      endloop
   endfacet
   facet normal 0 0 -1
      outer loop
         vertex 8.58768999023596E-06 -2.58620693784906E-05 7.65000004321337E-05
         vertex 8.58768999023596E-06 -2.2413794795284E-05 7.65000004321337E-05
         vertex 1.20359654829372E-05 -2.2413794795284E-05 7.65000004321337E-05
      endloop
   endfacet
   facet normal 0 0 -1
      outer loop
         vertex 8.58768999023596E-06 -2.58620693784906E-05 7.65000004321337E-05
         vertex 1.20359654829372E-05 -2.2413794795284E-05 7.65000004321337E-05
         vertex 1.20359654829372E-05 -2.58620693784906E-05 7.65000004321337E-05
      endloop
   endfacet
   facet normal 0 0 -1
      outer loop
         vertex 1.20359654829372E-05 -2.58620693784906E-05 7.65000004321337E-05
         vertex 1.20359654829372E-05 -2.2413794795284E-05 7.65000004321337E-05
         vertex 1.54842418851331E-05 -2.2413794795284E-05 7.65000004321337E-05
      endloop
   endfacet
   facet normal 0 0 -1
      outer loop
         vertex 1.20359654829372E-05 -2.58620693784906E-05 7.65000004321337E-05
         vertex 1.54842418851331E-05 -2.2413794795284E-05 7.65000004321337E-05
         vertex 1.54842418851331E-05 -2.58620693784906E-05 7.65000004321337E-05
      endloop
   endfacet
   facet normal 0 0 -1
      outer loop
         vertex 1.54842418851331E-05 -2.58620693784906E-05 7.65000004321337E-05
         vertex 1.54842418851331E-05 -2.2413794795284E-05 7.65000004321337E-05
         vertex 1.8932518287329E-05 -2.2413794795284E-05 7.65000004321337E-05
      endloop
   endfacet
   facet normal 0 0 -1
      outer loop
         vertex 1.54842418851331E-05 -2.58620693784906E-05 7.65000004321337E-05
         vertex 1.8932518287329E-05 -2.2413794795284E-05 7.65000004321337E-05
         vertex 1.8932518287329E-05 -2.58620693784906E-05 7.65000004321337E-05
      endloop
   endfacet
   facet normal 0 0 -1
      outer loop
         vertex 1.8932518287329E-05 -2.58620693784906E-05 7.65000004321337E-05
         vertex 1.8932518287329E-05 -2.2413794795284E-05 7.65000004321337E-05
         vertex 2.23807928705355E-05 -2.2413794795284E-05 7.65000004321337E-05
      endloop
   endfacet
   facet normal 0 0 -1
      outer loop
         vertex 1.8932518287329E-05 -2.58620693784906E-05 7.65000004321337E-05
         vertex 2.23807928705355E-05 -2.2413794795284E-05 7.65000004321337E-05
         vertex 2.23807928705355E-05 -2.58620693784906E-05 7.65000004321337E-05
      endloop
   endfacet
   facet normal 0 0 -1
      outer loop
         vertex 2.23807928705355E-05 -2.58620693784906E-05 7.65000004321337E-05
         vertex 2.23807928705355E-05 -2.2413794795284E-05 7.65000004321337E-05
         vertex 2.58290692727314E-05 -2.2413794795284E-05 7.65000004321337E-05
      endloop
   endfacet
   facet normal 0 0 -1
      outer loop
         vertex 2.23807928705355E-05 -2.58620693784906E-05 7.65000004321337E-05
         vertex 2.58290692727314E-05 -2.2413794795284E-05 7.65000004321337E-05
         vertex 2.58290692727314E-05 -2.58620693784906E-05 7.65000004321337E-05
      endloop
   endfacet
   facet normal 0 0 -1
      outer loop
         vertex 2.58290692727314E-05 -2.58620693784906E-05 7.65000004321337E-05
         vertex 2.58290692727314E-05 -2.2413794795284E-05 7.65000004321337E-05
         vertex 2.92773456749273E-05 -2.2413794795284E-05 7.65000004321337E-05
      endloop
   endfacet
   facet normal 0 0 -1
      outer loop
         vertex 2.58290692727314E-05 -2.58620693784906E-05 7.65000004321337E-05
         vertex 2.92773456749273E-05 -2.2413794795284E-05 7.65000004321337E-05
         vertex 2.92773456749273E-05 -2.58620693784906E-05 7.65000004321337E-05
      endloop
   endfacet
   facet normal 0 0 -1
      outer loop
         vertex 2.92773456749273E-05 -2.58620693784906E-05 7.65000004321337E-05
         vertex 2.92773456749273E-05 -2.2413794795284E-05 7.65000004321337E-05
         vertex 3.27256202581339E-05 -2.2413794795284E-05 7.65000004321337E-05
      endloop
   endfacet
   facet normal 0 0 -1
      outer loop
         vertex 2.92773456749273E-05 -2.58620693784906E-05 7.65000004321337E-05
         vertex 3.27256202581339E-05 -2.2413794795284E-05 7.65000004321337E-05
         vertex 3.27256202581339E-05 -2.58620693784906E-05 7.65000004321337E-05
      endloop
   endfacet
   facet normal 0 0 -1
      outer loop
         vertex 3.27256202581339E-05 -2.58620693784906E-05 7.65000004321337E-05
         vertex 3.27256202581339E-05 -2.2413794795284E-05 7.65000004321337E-05
         vertex 3.61738966603298E-05 -2.2413794795284E-05 7.65000004321337E-05
      endloop
   endfacet
   facet normal 0 0 -1
      outer loop
         vertex 3.27256202581339E-05 -2.58620693784906E-05 7.65000004321337E-05
         vertex 3.61738966603298E-05 -2.2413794795284E-05 7.65000004321337E-05
         vertex 3.61738966603298E-05 -2.58620693784906E-05 7.65000004321337E-05
      endloop
   endfacet
   facet normal 0 0 -1
      outer loop
         vertex 3.61738966603298E-05 -2.58620693784906E-05 7.65000004321337E-05
         vertex 3.61738966603298E-05 -2.2413794795284E-05 7.65000004321337E-05
         vertex 3.96221730625257E-05 -2.2413794795284E-05 7.65000004321337E-05
      endloop
   endfacet
   facet normal 0 0 -1
      outer loop
         vertex 3.61738966603298E-05 -2.58620693784906E-05 7.65000004321337E-05
         vertex 3.96221730625257E-05 -2.2413794795284E-05 7.65000004321337E-05
         vertex 3.96221730625257E-05 -2.58620693784906E-05 7.65000004321337E-05
      endloop
   endfacet
   facet normal 0 0 -1
      outer loop
         vertex 3.96221730625257E-05 -2.58620693784906E-05 7.65000004321337E-05
         vertex 3.96221730625257E-05 -2.2413794795284E-05 7.65000004321337E-05
         vertex 4.30704458267428E-05 -2.2413794795284E-05 7.65000004321337E-05
      endloop
   endfacet
   facet normal 0 0 -1
      outer loop
         vertex 3.96221730625257E-05 -2.58620693784906E-05 7.65000004321337E-05
         vertex 4.30704458267428E-05 -2.2413794795284E-05 7.65000004321337E-05
         vertex 4.38780771219172E-05 -2.39126984524773E-05 7.65000004321337E-05
      endloop
   endfacet
   facet normal 0 0 -1
      outer loop
         vertex 4.38780771219172E-05 -2.39126984524773E-05 7.65000004321337E-05
         vertex 4.30704458267428E-05 -2.2413794795284E-05 7.65000004321337E-05
         vertex 4.60408118669875E-05 -1.94217391253915E-05 7.65000004321337E-05
      endloop
   endfacet
   facet normal 0 0 -1
      outer loop
         vertex 1.8932518287329E-05 -2.2413794795284E-05 7.65000004321337E-05
         vertex 1.54842418851331E-05 -2.2413794795284E-05 7.65000004321337E-05
         vertex 1.8932518287329E-05 -1.89655183930881E-05 7.65000004321337E-05
      endloop
   endfacet
   facet normal 0 0 -1
      outer loop
         vertex 1.8932518287329E-05 -1.89655183930881E-05 7.65000004321337E-05
         vertex 1.54842418851331E-05 -2.2413794795284E-05 7.65000004321337E-05
         vertex 1.54842418851331E-05 -1.89655183930881E-05 7.65000004321337E-05
      endloop
   endfacet
   facet normal 0 0 -1
      outer loop
         vertex 1.8932518287329E-05 -1.89655183930881E-05 7.65000004321337E-05
         vertex 1.54842418851331E-05 -1.89655183930881E-05 7.65000004321337E-05
         vertex 1.8932518287329E-05 -1.55172419908922E-05 7.65000004321337E-05
      endloop
   endfacet
   facet normal 0 0 -1
      outer loop
         vertex 1.8932518287329E-05 -1.55172419908922E-05 7.65000004321337E-05
         vertex 1.54842418851331E-05 -1.89655183930881E-05 7.65000004321337E-05
         vertex 1.54842418851331E-05 -1.55172419908922E-05 7.65000004321337E-05
      endloop
   endfacet
   facet normal 0 0 -1
      outer loop
         vertex 1.8932518287329E-05 -1.55172419908922E-05 7.65000004321337E-05
         vertex 1.54842418851331E-05 -1.55172419908922E-05 7.65000004321337E-05
         vertex 1.8932518287329E-05 -1.20689655886963E-05 7.65000004321337E-05
      endloop
   endfacet
   facet normal 0 0 -1
      outer loop
         vertex 1.8932518287329E-05 -1.20689655886963E-05 7.65000004321337E-05
         vertex 1.54842418851331E-05 -1.55172419908922E-05 7.65000004321337E-05
         vertex 1.54842418851331E-05 -1.20689655886963E-05 7.65000004321337E-05
      endloop
   endfacet
   facet normal 0 0 -1
      outer loop
         vertex 1.8932518287329E-05 -1.20689655886963E-05 7.65000004321337E-05
         vertex 1.54842418851331E-05 -1.20689655886963E-05 7.65000004321337E-05
         vertex 1.8932518287329E-05 -8.62068918650039E-06 7.65000004321337E-05
      endloop
   endfacet
   facet normal 0 0 -1
      outer loop
         vertex 1.8932518287329E-05 -8.62068918650039E-06 7.65000004321337E-05
         vertex 1.54842418851331E-05 -1.20689655886963E-05 7.65000004321337E-05
         vertex 1.54842418851331E-05 -8.62068918650039E-06 7.65000004321337E-05
      endloop
   endfacet
   facet normal 0 0 -1
      outer loop
         vertex 1.8932518287329E-05 -8.62068918650039E-06 7.65000004321337E-05
         vertex 1.54842418851331E-05 -8.62068918650039E-06 7.65000004321337E-05
         vertex 1.8932518287329E-05 -5.17241369379917E-06 7.65000004321337E-05
      endloop
   endfacet
   facet normal 0 0 -1
      outer loop
         vertex 1.8932518287329E-05 -5.17241369379917E-06 7.65000004321337E-05
         vertex 1.54842418851331E-05 -8.62068918650039E-06 7.65000004321337E-05
         vertex 1.54842418851331E-05 -5.17241369379917E-06 7.65000004321337E-05
      endloop
   endfacet
   facet normal 0 0 -1
      outer loop
         vertex 1.8932518287329E-05 -5.17241369379917E-06 7.65000004321337E-05
         vertex 1.54842418851331E-05 -5.17241369379917E-06 7.65000004321337E-05
         vertex 1.8932518287329E-05 -1.72413797372428E-06 7.65000004321337E-05
      endloop
   endfacet
   facet normal 0 0 -1
      outer loop
         vertex 1.8932518287329E-05 -1.72413797372428E-06 7.65000004321337E-05
         vertex 1.54842418851331E-05 -5.17241369379917E-06 7.65000004321337E-05
         vertex 1.54842418851331E-05 -1.72413797372428E-06 7.65000004321337E-05
      endloop
   endfacet
   facet normal 0 0 -1
      outer loop
         vertex 1.8932518287329E-05 -1.72413797372428E-06 7.65000004321337E-05
         vertex 1.54842418851331E-05 -1.72413797372428E-06 7.65000004321337E-05
         vertex 1.8932518287329E-05 1.72413797372428E-06 7.65000004321337E-05
      endloop
   endfacet
   facet normal 0 0 -1
      outer loop
         vertex 1.8932518287329E-05 1.72413797372428E-06 7.65000004321337E-05
         vertex 1.54842418851331E-05 -1.72413797372428E-06 7.65000004321337E-05
         vertex 1.54842418851331E-05 1.72413797372428E-06 7.65000004321337E-05
      endloop
   endfacet
   facet normal 0 0 -1
      outer loop
         vertex 1.8932518287329E-05 1.72413797372428E-06 7.65000004321337E-05
         vertex 1.54842418851331E-05 1.72413797372428E-06 7.65000004321337E-05
         vertex 1.8932518287329E-05 5.17241369379917E-06 7.65000004321337E-05
      endloop
   endfacet
   facet normal 0 0 -1
      outer loop
         vertex 1.8932518287329E-05 5.17241369379917E-06 7.65000004321337E-05
         vertex 1.54842418851331E-05 1.72413797372428E-06 7.65000004321337E-05
         vertex 1.54842418851331E-05 5.17241369379917E-06 7.65000004321337E-05
      endloop
   endfacet
   facet normal 0 0 -1
      outer loop
         vertex 1.8932518287329E-05 5.17241369379917E-06 7.65000004321337E-05
         vertex 1.54842418851331E-05 5.17241369379917E-06 7.65000004321337E-05
         vertex 1.8932518287329E-05 8.62068918650039E-06 7.65000004321337E-05
      endloop
   endfacet
   facet normal 0 0 -1
      outer loop
         vertex 1.8932518287329E-05 8.62068918650039E-06 7.65000004321337E-05
         vertex 1.54842418851331E-05 5.17241369379917E-06 7.65000004321337E-05
         vertex 1.54842418851331E-05 8.62068918650039E-06 7.65000004321337E-05
      endloop
   endfacet
   facet normal 0 0 -1
      outer loop
         vertex 1.8932518287329E-05 8.62068918650039E-06 7.65000004321337E-05
         vertex 1.54842418851331E-05 8.62068918650039E-06 7.65000004321337E-05
         vertex 1.8932518287329E-05 1.20689655886963E-05 7.65000004321337E-05
      endloop
   endfacet
   facet normal 0 0 -1
      outer loop
         vertex 1.8932518287329E-05 1.20689655886963E-05 7.65000004321337E-05
         vertex 1.54842418851331E-05 8.62068918650039E-06 7.65000004321337E-05
         vertex 1.54842418851331E-05 1.20689655886963E-05 7.65000004321337E-05
      endloop
   endfacet
   facet normal 0 0 -1
      outer loop
         vertex 1.8932518287329E-05 1.20689655886963E-05 7.65000004321337E-05
         vertex 1.54842418851331E-05 1.20689655886963E-05 7.65000004321337E-05
         vertex 1.8932518287329E-05 1.55172419908922E-05 7.65000004321337E-05
      endloop
   endfacet
   facet normal 0 0 -1
      outer loop
         vertex 1.8932518287329E-05 1.55172419908922E-05 7.65000004321337E-05
         vertex 1.54842418851331E-05 1.20689655886963E-05 7.65000004321337E-05
         vertex 1.54842418851331E-05 1.55172419908922E-05 7.65000004321337E-05
      endloop
   endfacet
   facet normal 0 0 -1
      outer loop
         vertex 1.8932518287329E-05 1.55172419908922E-05 7.65000004321337E-05
         vertex 1.54842418851331E-05 1.55172419908922E-05 7.65000004321337E-05
         vertex 1.8932518287329E-05 1.89655183930881E-05 7.65000004321337E-05
      endloop
   endfacet
   facet normal 0 0 -1
      outer loop
         vertex 1.8932518287329E-05 1.89655183930881E-05 7.65000004321337E-05
         vertex 1.54842418851331E-05 1.55172419908922E-05 7.65000004321337E-05
         vertex 1.54842418851331E-05 1.89655183930881E-05 7.65000004321337E-05
      endloop
   endfacet
   facet normal 0 0 -1
      outer loop
         vertex 1.8932518287329E-05 1.89655183930881E-05 7.65000004321337E-05
         vertex 1.54842418851331E-05 1.89655183930881E-05 7.65000004321337E-05
         vertex 1.8932518287329E-05 2.2413794795284E-05 7.65000004321337E-05
      endloop
   endfacet
   facet normal 0 0 -1
      outer loop
         vertex 1.8932518287329E-05 2.2413794795284E-05 7.65000004321337E-05
         vertex 1.54842418851331E-05 1.89655183930881E-05 7.65000004321337E-05
         vertex 1.54842418851331E-05 2.2413794795284E-05 7.65000004321337E-05
      endloop
   endfacet
   facet normal 0 0 -1
      outer loop
         vertex 1.8932518287329E-05 2.2413794795284E-05 7.65000004321337E-05
         vertex 1.54842418851331E-05 2.2413794795284E-05 7.65000004321337E-05
         vertex 1.8932518287329E-05 2.58620693784906E-05 7.65000004321337E-05
      endloop
   endfacet
   facet normal 0 0 -1
      outer loop
         vertex 1.8932518287329E-05 2.58620693784906E-05 7.65000004321337E-05
         vertex 1.54842418851331E-05 2.2413794795284E-05 7.65000004321337E-05
         vertex 1.54842418851331E-05 2.58620693784906E-05 7.65000004321337E-05
      endloop
   endfacet
   facet normal 0 0 -1
      outer loop
         vertex 1.8932518287329E-05 2.58620693784906E-05 7.65000004321337E-05
         vertex 1.54842418851331E-05 2.58620693784906E-05 7.65000004321337E-05
         vertex 1.8932518287329E-05 2.93103457806865E-05 7.65000004321337E-05
      endloop
   endfacet
   facet normal 0 0 -1
      outer loop
         vertex 1.8932518287329E-05 2.93103457806865E-05 7.65000004321337E-05
         vertex 1.54842418851331E-05 2.58620693784906E-05 7.65000004321337E-05
         vertex 1.54842418851331E-05 2.93103457806865E-05 7.65000004321337E-05
      endloop
   endfacet
   facet normal 0 0 -1
      outer loop
         vertex 1.8932518287329E-05 2.93103457806865E-05 7.65000004321337E-05
         vertex 1.54842418851331E-05 2.93103457806865E-05 7.65000004321337E-05
         vertex 1.8932518287329E-05 3.2758620363893E-05 7.65000004321337E-05
      endloop
   endfacet
   facet normal 0 0 -1
      outer loop
         vertex 1.8932518287329E-05 3.2758620363893E-05 7.65000004321337E-05
         vertex 1.54842418851331E-05 2.93103457806865E-05 7.65000004321337E-05
         vertex 1.54842418851331E-05 3.2758620363893E-05 7.65000004321337E-05
      endloop
   endfacet
   facet normal 0 0 -1
      outer loop
         vertex 1.8932518287329E-05 3.2758620363893E-05 7.65000004321337E-05
         vertex 1.54842418851331E-05 3.2758620363893E-05 7.65000004321337E-05
         vertex 1.8932518287329E-05 3.62068967660889E-05 7.65000004321337E-05
      endloop
   endfacet
   facet normal 0 0 -1
      outer loop
         vertex 1.8932518287329E-05 3.62068967660889E-05 7.65000004321337E-05
         vertex 1.54842418851331E-05 3.2758620363893E-05 7.65000004321337E-05
         vertex 1.54842418851331E-05 3.62068967660889E-05 7.65000004321337E-05
      endloop
   endfacet
   facet normal 0 0 -1
      outer loop
         vertex 1.8932518287329E-05 3.62068967660889E-05 7.65000004321337E-05
         vertex 1.54842418851331E-05 3.62068967660889E-05 7.65000004321337E-05
         vertex 1.8932518287329E-05 3.9655169530306E-05 7.65000004321337E-05
      endloop
   endfacet
   facet normal 0 0 -1
      outer loop
         vertex 1.8932518287329E-05 3.9655169530306E-05 7.65000004321337E-05
         vertex 1.54842418851331E-05 3.62068967660889E-05 7.65000004321337E-05
         vertex 1.54842418851331E-05 3.9655169530306E-05 7.65000004321337E-05
      endloop
   endfacet
   facet normal 0 0 -1
      outer loop
         vertex 1.8932518287329E-05 3.9655169530306E-05 7.65000004321337E-05
         vertex 1.54842418851331E-05 3.9655169530306E-05 7.65000004321337E-05
         vertex 1.8932518287329E-05 4.31034495704807E-05 7.65000004321337E-05
      endloop
   endfacet
   facet normal 0 0 -1
      outer loop
         vertex 1.8932518287329E-05 4.31034495704807E-05 7.65000004321337E-05
         vertex 1.54842418851331E-05 3.9655169530306E-05 7.65000004321337E-05
         vertex 1.54842418851331E-05 4.31034495704807E-05 7.65000004321337E-05
      endloop
   endfacet
   facet normal 0 0 -1
      outer loop
         vertex 1.8932518287329E-05 4.31034495704807E-05 7.65000004321337E-05
         vertex 1.54842418851331E-05 4.31034495704807E-05 7.65000004321337E-05
         vertex 1.8234051822219E-05 4.6543686039513E-05 7.65000004321337E-05
      endloop
   endfacet
   facet normal 0 0 -1
      outer loop
         vertex 1.8234051822219E-05 4.6543686039513E-05 7.65000004321337E-05
         vertex 1.54842418851331E-05 4.31034495704807E-05 7.65000004321337E-05
         vertex 1.54842418851331E-05 4.65517223346978E-05 7.65000004321337E-05
      endloop
   endfacet
   facet normal 0 0 -1
      outer loop
         vertex 1.8234051822219E-05 4.6543686039513E-05 7.65000004321337E-05
         vertex 1.54842418851331E-05 4.65517223346978E-05 7.65000004321337E-05
         vertex 1.35090231196955E-05 4.81312126794364E-05 7.65000004321337E-05
      endloop
   endfacet
   facet normal 0 0 -1
      outer loop
         vertex 1.35090231196955E-05 4.81312126794364E-05 7.65000004321337E-05
         vertex 1.54842418851331E-05 4.65517223346978E-05 7.65000004321337E-05
         vertex 1.20359654829372E-05 4.65517223346978E-05 7.65000004321337E-05
      endloop
   endfacet
   facet normal 0 0 -1
      outer loop
         vertex 1.35090231196955E-05 4.81312126794364E-05 7.65000004321337E-05
         vertex 1.20359654829372E-05 4.65517223346978E-05 7.65000004321337E-05
         vertex 8.64940921019297E-06 4.9240388761973E-05 7.65000004321337E-05
      endloop
   endfacet
   facet normal 0 0 -1
      outer loop
         vertex 8.64940921019297E-06 4.9240388761973E-05 7.65000004321337E-05
         vertex 1.20359654829372E-05 4.65517223346978E-05 7.65000004321337E-05
         vertex 8.58768999023596E-06 4.65517223346978E-05 7.65000004321337E-05
      endloop
   endfacet
   facet normal 0 0 -1
      outer loop
         vertex 8.64940921019297E-06 4.9240388761973E-05 7.65000004321337E-05
         vertex 8.58768999023596E-06 4.65517223346978E-05 7.65000004321337E-05
         vertex 5.13941358804004E-06 4.65517223346978E-05 7.65000004321337E-05
      endloop
   endfacet
   facet normal 0 0 -1
      outer loop
         vertex 5.13941358804004E-06 4.65517223346978E-05 7.65000004321337E-05
         vertex 8.58768999023596E-06 4.65517223346978E-05 7.65000004321337E-05
         vertex 5.13941358804004E-06 4.31034495704807E-05 7.65000004321337E-05
      endloop
   endfacet
   facet normal 0 0 -1
      outer loop
         vertex 5.13941358804004E-06 4.65517223346978E-05 7.65000004321337E-05
         vertex 5.13941358804004E-06 4.31034495704807E-05 7.65000004321337E-05
         vertex 1.69113786796515E-06 4.31034495704807E-05 7.65000004321337E-05
      endloop
   endfacet
   facet normal 0 0 -1
      outer loop
         vertex 1.69113786796515E-06 4.31034495704807E-05 7.65000004321337E-05
         vertex 5.13941358804004E-06 4.31034495704807E-05 7.65000004321337E-05
         vertex 1.69113786796515E-06 3.9655169530306E-05 7.65000004321337E-05
      endloop
   endfacet
   facet normal 0 0 -1
      outer loop
         vertex 1.69113786796515E-06 4.31034495704807E-05 7.65000004321337E-05
         vertex 1.69113786796515E-06 3.9655169530306E-05 7.65000004321337E-05
         vertex -1.75713796579657E-06 3.9655169530306E-05 7.65000004321337E-05
      endloop
   endfacet
   facet normal 0 0 -1
      outer loop
         vertex -1.75713796579657E-06 3.9655169530306E-05 7.65000004321337E-05
         vertex 1.69113786796515E-06 3.9655169530306E-05 7.65000004321337E-05
         vertex -1.75713796579657E-06 3.62068967660889E-05 7.65000004321337E-05
      endloop
   endfacet
   facet normal 0 0 -1
      outer loop
         vertex -1.75713796579657E-06 3.9655169530306E-05 7.65000004321337E-05
         vertex -1.75713796579657E-06 3.62068967660889E-05 7.65000004321337E-05
         vertex -5.2054137995583E-06 3.62068967660889E-05 7.65000004321337E-05
      endloop
   endfacet
   facet normal 0 0 -1
      outer loop
         vertex -5.2054137995583E-06 3.62068967660889E-05 7.65000004321337E-05
         vertex -1.75713796579657E-06 3.62068967660889E-05 7.65000004321337E-05
         vertex -5.2054137995583E-06 3.2758620363893E-05 7.65000004321337E-05
      endloop
   endfacet
   facet normal 0 0 -1
      outer loop
         vertex -5.2054137995583E-06 3.62068967660889E-05 7.65000004321337E-05
         vertex -5.2054137995583E-06 3.2758620363893E-05 7.65000004321337E-05
         vertex -8.65369020175422E-06 3.2758620363893E-05 7.65000004321337E-05
      endloop
   endfacet
   facet normal 0 0 -1
      outer loop
         vertex -8.65369020175422E-06 3.2758620363893E-05 7.65000004321337E-05
         vertex -5.2054137995583E-06 3.2758620363893E-05 7.65000004321337E-05
         vertex -8.65369020175422E-06 2.93103457806865E-05 7.65000004321337E-05
      endloop
   endfacet
   facet normal 0 0 -1
      outer loop
         vertex -8.65369020175422E-06 3.2758620363893E-05 7.65000004321337E-05
         vertex -8.65369020175422E-06 2.93103457806865E-05 7.65000004321337E-05
         vertex -1.21019656944554E-05 2.93103457806865E-05 7.65000004321337E-05
      endloop
   endfacet
   facet normal 0 0 -1
      outer loop
         vertex -1.21019656944554E-05 2.93103457806865E-05 7.65000004321337E-05
         vertex -8.65369020175422E-06 2.93103457806865E-05 7.65000004321337E-05
         vertex -1.21019656944554E-05 2.58620693784906E-05 7.65000004321337E-05
      endloop
   endfacet
   facet normal 0 0 -1
      outer loop
         vertex -1.21019656944554E-05 2.93103457806865E-05 7.65000004321337E-05
         vertex -1.21019656944554E-05 2.58620693784906E-05 7.65000004321337E-05
         vertex -1.55502420966513E-05 2.58620693784906E-05 7.65000004321337E-05
      endloop
   endfacet
   facet normal 0 0 -1
      outer loop
         vertex -1.55502420966513E-05 2.58620693784906E-05 7.65000004321337E-05
         vertex -1.21019656944554E-05 2.58620693784906E-05 7.65000004321337E-05
         vertex -1.55502420966513E-05 2.2413794795284E-05 7.65000004321337E-05
      endloop
   endfacet
   facet normal 0 0 -1
      outer loop
         vertex -1.55502420966513E-05 2.58620693784906E-05 7.65000004321337E-05
         vertex -1.55502420966513E-05 2.2413794795284E-05 7.65000004321337E-05
         vertex -1.89985166798579E-05 2.2413794795284E-05 7.65000004321337E-05
      endloop
   endfacet
   facet normal 0 0 -1
      outer loop
         vertex -1.89985166798579E-05 2.2413794795284E-05 7.65000004321337E-05
         vertex -1.55502420966513E-05 2.2413794795284E-05 7.65000004321337E-05
         vertex -1.89985166798579E-05 1.89655183930881E-05 7.65000004321337E-05
      endloop
   endfacet
   facet normal 0 0 -1
      outer loop
         vertex -1.89985166798579E-05 2.2413794795284E-05 7.65000004321337E-05
         vertex -1.89985166798579E-05 1.89655183930881E-05 7.65000004321337E-05
         vertex -2.24467930820538E-05 1.89655183930881E-05 7.65000004321337E-05
      endloop
   endfacet
   facet normal 0 0 -1
      outer loop
         vertex -2.24467930820538E-05 1.89655183930881E-05 7.65000004321337E-05
         vertex -1.89985166798579E-05 1.89655183930881E-05 7.65000004321337E-05
         vertex -2.24467930820538E-05 1.55172419908922E-05 7.65000004321337E-05
      endloop
   endfacet
   facet normal 0 0 -1
      outer loop
         vertex -2.24467930820538E-05 1.89655183930881E-05 7.65000004321337E-05
         vertex -2.24467930820538E-05 1.55172419908922E-05 7.65000004321337E-05
         vertex -2.58950676652603E-05 1.55172419908922E-05 7.65000004321337E-05
      endloop
   endfacet
   facet normal 0 0 -1
      outer loop
         vertex -2.58950676652603E-05 1.55172419908922E-05 7.65000004321337E-05
         vertex -2.24467930820538E-05 1.55172419908922E-05 7.65000004321337E-05
         vertex -2.58950676652603E-05 1.20689655886963E-05 7.65000004321337E-05
      endloop
   endfacet
   facet normal 0 0 -1
      outer loop
         vertex -2.58950676652603E-05 1.55172419908922E-05 7.65000004321337E-05
         vertex -2.58950676652603E-05 1.20689655886963E-05 7.65000004321337E-05
         vertex -2.93433440674562E-05 1.20689655886963E-05 7.65000004321337E-05
      endloop
   endfacet
   facet normal 0 0 -1
      outer loop
         vertex -2.93433440674562E-05 1.20689655886963E-05 7.65000004321337E-05
         vertex -2.58950676652603E-05 1.20689655886963E-05 7.65000004321337E-05
         vertex -2.93433440674562E-05 8.62068918650039E-06 7.65000004321337E-05
      endloop
   endfacet
   facet normal 0 0 -1
      outer loop
         vertex -2.93433440674562E-05 1.20689655886963E-05 7.65000004321337E-05
         vertex -2.93433440674562E-05 8.62068918650039E-06 7.65000004321337E-05
         vertex -3.27916204696521E-05 8.62068918650039E-06 7.65000004321337E-05
      endloop
   endfacet
   facet normal 0 0 -1
      outer loop
         vertex -3.27916204696521E-05 8.62068918650039E-06 7.65000004321337E-05
         vertex -2.93433440674562E-05 8.62068918650039E-06 7.65000004321337E-05
         vertex -3.27916204696521E-05 5.17241369379917E-06 7.65000004321337E-05
      endloop
   endfacet
   facet normal 0 0 -1
      outer loop
         vertex -3.27916204696521E-05 8.62068918650039E-06 7.65000004321337E-05
         vertex -3.27916204696521E-05 5.17241369379917E-06 7.65000004321337E-05
         vertex -3.6239896871848E-05 5.17241369379917E-06 7.65000004321337E-05
      endloop
   endfacet
   facet normal 0 0 -1
      outer loop
         vertex -3.6239896871848E-05 5.17241369379917E-06 7.65000004321337E-05
         vertex -3.27916204696521E-05 5.17241369379917E-06 7.65000004321337E-05
         vertex -3.6239896871848E-05 1.72413797372428E-06 7.65000004321337E-05
      endloop
   endfacet
   facet normal 0 0 -1
      outer loop
         vertex -3.6239896871848E-05 5.17241369379917E-06 7.65000004321337E-05
         vertex -3.6239896871848E-05 1.72413797372428E-06 7.65000004321337E-05
         vertex -3.96881732740439E-05 1.72413797372428E-06 7.65000004321337E-05
      endloop
   endfacet
   facet normal 0 0 -1
      outer loop
         vertex -3.96881732740439E-05 1.72413797372428E-06 7.65000004321337E-05
         vertex -3.6239896871848E-05 1.72413797372428E-06 7.65000004321337E-05
         vertex -3.96881732740439E-05 -1.72413797372428E-06 7.65000004321337E-05
      endloop
   endfacet
   facet normal 0 0 -1
      outer loop
         vertex -3.96881732740439E-05 1.72413797372428E-06 7.65000004321337E-05
         vertex -3.96881732740439E-05 -1.72413797372428E-06 7.65000004321337E-05
         vertex -4.31364460382611E-05 -1.72413797372428E-06 7.65000004321337E-05
      endloop
   endfacet
   facet normal 0 0 -1
      outer loop
         vertex -4.31364460382611E-05 -1.72413797372428E-06 7.65000004321337E-05
         vertex -3.96881732740439E-05 -1.72413797372428E-06 7.65000004321337E-05
         vertex -4.31364460382611E-05 -5.17241369379917E-06 7.65000004321337E-05
      endloop
   endfacet
   facet normal 0 0 -1
      outer loop
         vertex 3.27256202581339E-05 -2.2413794795284E-05 7.65000004321337E-05
         vertex 2.92773456749273E-05 -2.2413794795284E-05 7.65000004321337E-05
         vertex 3.27256202581339E-05 -1.89655183930881E-05 7.65000004321337E-05
      endloop
   endfacet
   facet normal 0 0 -1
      outer loop
         vertex 3.27256202581339E-05 -1.89655183930881E-05 7.65000004321337E-05
         vertex 2.92773456749273E-05 -2.2413794795284E-05 7.65000004321337E-05
         vertex 2.92773456749273E-05 -1.89655183930881E-05 7.65000004321337E-05
      endloop
   endfacet
   facet normal 0 0 -1
      outer loop
         vertex 3.27256202581339E-05 -1.89655183930881E-05 7.65000004321337E-05
         vertex 2.92773456749273E-05 -1.89655183930881E-05 7.65000004321337E-05
         vertex 3.27256202581339E-05 -1.55172419908922E-05 7.65000004321337E-05
      endloop
   endfacet
   facet normal 0 0 -1
      outer loop
         vertex 3.27256202581339E-05 -1.55172419908922E-05 7.65000004321337E-05
         vertex 2.92773456749273E-05 -1.89655183930881E-05 7.65000004321337E-05
         vertex 2.92773456749273E-05 -1.55172419908922E-05 7.65000004321337E-05
      endloop
   endfacet
   facet normal 0 0 -1
      outer loop
         vertex 3.27256202581339E-05 -1.55172419908922E-05 7.65000004321337E-05
         vertex 2.92773456749273E-05 -1.55172419908922E-05 7.65000004321337E-05
         vertex 3.27256202581339E-05 -1.20689655886963E-05 7.65000004321337E-05
      endloop
   endfacet
   facet normal 0 0 -1
      outer loop
         vertex 3.27256202581339E-05 -1.20689655886963E-05 7.65000004321337E-05
         vertex 2.92773456749273E-05 -1.55172419908922E-05 7.65000004321337E-05
         vertex 2.92773456749273E-05 -1.20689655886963E-05 7.65000004321337E-05
      endloop
   endfacet
   facet normal 0 0 -1
      outer loop
         vertex 3.27256202581339E-05 -1.20689655886963E-05 7.65000004321337E-05
         vertex 2.92773456749273E-05 -1.20689655886963E-05 7.65000004321337E-05
         vertex 3.27256202581339E-05 -8.62068918650039E-06 7.65000004321337E-05
      endloop
   endfacet
   facet normal 0 0 -1
      outer loop
         vertex 3.27256202581339E-05 -8.62068918650039E-06 7.65000004321337E-05
         vertex 2.92773456749273E-05 -1.20689655886963E-05 7.65000004321337E-05
         vertex 2.92773456749273E-05 -8.62068918650039E-06 7.65000004321337E-05
      endloop
   endfacet
   facet normal 0 0 -1
      outer loop
         vertex 3.27256202581339E-05 -8.62068918650039E-06 7.65000004321337E-05
         vertex 2.92773456749273E-05 -8.62068918650039E-06 7.65000004321337E-05
         vertex 3.27256202581339E-05 -5.17241369379917E-06 7.65000004321337E-05
      endloop
   endfacet
   facet normal 0 0 -1
      outer loop
         vertex 3.27256202581339E-05 -5.17241369379917E-06 7.65000004321337E-05
         vertex 2.92773456749273E-05 -8.62068918650039E-06 7.65000004321337E-05
         vertex 2.92773456749273E-05 -5.17241369379917E-06 7.65000004321337E-05
      endloop
   endfacet
   facet normal 0 0 -1
      outer loop
         vertex 3.27256202581339E-05 -5.17241369379917E-06 7.65000004321337E-05
         vertex 2.92773456749273E-05 -5.17241369379917E-06 7.65000004321337E-05
         vertex 3.27256202581339E-05 -1.72413797372428E-06 7.65000004321337E-05
      endloop
   endfacet
   facet normal 0 0 -1
      outer loop
         vertex 3.27256202581339E-05 -1.72413797372428E-06 7.65000004321337E-05
         vertex 2.92773456749273E-05 -5.17241369379917E-06 7.65000004321337E-05
         vertex 2.92773456749273E-05 -1.72413797372428E-06 7.65000004321337E-05
      endloop
   endfacet
   facet normal 0 0 -1
      outer loop
         vertex 3.27256202581339E-05 -1.72413797372428E-06 7.65000004321337E-05
         vertex 2.92773456749273E-05 -1.72413797372428E-06 7.65000004321337E-05
         vertex 3.27256202581339E-05 1.72413797372428E-06 7.65000004321337E-05
      endloop
   endfacet
   facet normal 0 0 -1
      outer loop
         vertex 3.27256202581339E-05 1.72413797372428E-06 7.65000004321337E-05
         vertex 2.92773456749273E-05 -1.72413797372428E-06 7.65000004321337E-05
         vertex 2.92773456749273E-05 1.72413797372428E-06 7.65000004321337E-05
      endloop
   endfacet
   facet normal 0 0 -1
      outer loop
         vertex 3.27256202581339E-05 1.72413797372428E-06 7.65000004321337E-05
         vertex 2.92773456749273E-05 1.72413797372428E-06 7.65000004321337E-05
         vertex 3.27256202581339E-05 5.17241369379917E-06 7.65000004321337E-05
      endloop
   endfacet
   facet normal 0 0 -1
      outer loop
         vertex 3.27256202581339E-05 5.17241369379917E-06 7.65000004321337E-05
         vertex 2.92773456749273E-05 1.72413797372428E-06 7.65000004321337E-05
         vertex 2.92773456749273E-05 5.17241369379917E-06 7.65000004321337E-05
      endloop
   endfacet
   facet normal 0 0 -1
      outer loop
         vertex 3.27256202581339E-05 5.17241369379917E-06 7.65000004321337E-05
         vertex 2.92773456749273E-05 5.17241369379917E-06 7.65000004321337E-05
         vertex 3.27256202581339E-05 8.62068918650039E-06 7.65000004321337E-05
      endloop
   endfacet
   facet normal 0 0 -1
      outer loop
         vertex 3.27256202581339E-05 8.62068918650039E-06 7.65000004321337E-05
         vertex 2.92773456749273E-05 5.17241369379917E-06 7.65000004321337E-05
         vertex 2.92773456749273E-05 8.62068918650039E-06 7.65000004321337E-05
      endloop
   endfacet
   facet normal 0 0 -1
      outer loop
         vertex 3.27256202581339E-05 8.62068918650039E-06 7.65000004321337E-05
         vertex 2.92773456749273E-05 8.62068918650039E-06 7.65000004321337E-05
         vertex 3.27256202581339E-05 1.20689655886963E-05 7.65000004321337E-05
      endloop
   endfacet
   facet normal 0 0 -1
      outer loop
         vertex 3.27256202581339E-05 1.20689655886963E-05 7.65000004321337E-05
         vertex 2.92773456749273E-05 8.62068918650039E-06 7.65000004321337E-05
         vertex 2.92773456749273E-05 1.20689655886963E-05 7.65000004321337E-05
      endloop
   endfacet
   facet normal 0 0 -1
      outer loop
         vertex 3.27256202581339E-05 1.20689655886963E-05 7.65000004321337E-05
         vertex 2.92773456749273E-05 1.20689655886963E-05 7.65000004321337E-05
         vertex 3.27256202581339E-05 1.55172419908922E-05 7.65000004321337E-05
      endloop
   endfacet
   facet normal 0 0 -1
      outer loop
         vertex 3.27256202581339E-05 1.55172419908922E-05 7.65000004321337E-05
         vertex 2.92773456749273E-05 1.20689655886963E-05 7.65000004321337E-05
         vertex 2.92773456749273E-05 1.55172419908922E-05 7.65000004321337E-05
      endloop
   endfacet
   facet normal 0 0 -1
      outer loop
         vertex 3.27256202581339E-05 1.55172419908922E-05 7.65000004321337E-05
         vertex 2.92773456749273E-05 1.55172419908922E-05 7.65000004321337E-05
         vertex 3.27256202581339E-05 1.89655183930881E-05 7.65000004321337E-05
      endloop
   endfacet
   facet normal 0 0 -1
      outer loop
         vertex 3.27256202581339E-05 1.89655183930881E-05 7.65000004321337E-05
         vertex 2.92773456749273E-05 1.55172419908922E-05 7.65000004321337E-05
         vertex 2.92773456749273E-05 1.89655183930881E-05 7.65000004321337E-05
      endloop
   endfacet
   facet normal 0 0 -1
      outer loop
         vertex 3.27256202581339E-05 1.89655183930881E-05 7.65000004321337E-05
         vertex 2.92773456749273E-05 1.89655183930881E-05 7.65000004321337E-05
         vertex 3.27256202581339E-05 2.2413794795284E-05 7.65000004321337E-05
      endloop
   endfacet
   facet normal 0 0 -1
      outer loop
         vertex 3.27256202581339E-05 2.2413794795284E-05 7.65000004321337E-05
         vertex 2.92773456749273E-05 1.89655183930881E-05 7.65000004321337E-05
         vertex 2.92773456749273E-05 2.2413794795284E-05 7.65000004321337E-05
      endloop
   endfacet
   facet normal 0 0 -1
      outer loop
         vertex 3.27256202581339E-05 2.2413794795284E-05 7.65000004321337E-05
         vertex 2.92773456749273E-05 2.2413794795284E-05 7.65000004321337E-05
         vertex 3.27256202581339E-05 2.58620693784906E-05 7.65000004321337E-05
      endloop
   endfacet
   facet normal 0 0 -1
      outer loop
         vertex 3.27256202581339E-05 2.58620693784906E-05 7.65000004321337E-05
         vertex 2.92773456749273E-05 2.2413794795284E-05 7.65000004321337E-05
         vertex 2.92773456749273E-05 2.58620693784906E-05 7.65000004321337E-05
      endloop
   endfacet
   facet normal 0 0 -1
      outer loop
         vertex 3.27256202581339E-05 2.58620693784906E-05 7.65000004321337E-05
         vertex 2.92773456749273E-05 2.58620693784906E-05 7.65000004321337E-05
         vertex 3.27256202581339E-05 2.93103457806865E-05 7.65000004321337E-05
      endloop
   endfacet
   facet normal 0 0 -1
      outer loop
         vertex 3.27256202581339E-05 2.93103457806865E-05 7.65000004321337E-05
         vertex 2.92773456749273E-05 2.58620693784906E-05 7.65000004321337E-05
         vertex 2.92773456749273E-05 2.93103457806865E-05 7.65000004321337E-05
      endloop
   endfacet
   facet normal 0 0 -1
      outer loop
         vertex 3.27256202581339E-05 2.93103457806865E-05 7.65000004321337E-05
         vertex 2.92773456749273E-05 2.93103457806865E-05 7.65000004321337E-05
         vertex 3.27256202581339E-05 3.2758620363893E-05 7.65000004321337E-05
      endloop
   endfacet
   facet normal 0 0 -1
      outer loop
         vertex 3.27256202581339E-05 3.2758620363893E-05 7.65000004321337E-05
         vertex 2.92773456749273E-05 2.93103457806865E-05 7.65000004321337E-05
         vertex 2.92773456749273E-05 3.2758620363893E-05 7.65000004321337E-05
      endloop
   endfacet
   facet normal 0 0 -1
      outer loop
         vertex 3.27256202581339E-05 3.2758620363893E-05 7.65000004321337E-05
         vertex 2.92773456749273E-05 3.2758620363893E-05 7.65000004321337E-05
         vertex 3.27256202581339E-05 3.62068967660889E-05 7.65000004321337E-05
      endloop
   endfacet
   facet normal 0 0 -1
      outer loop
         vertex 3.27256202581339E-05 3.62068967660889E-05 7.65000004321337E-05
         vertex 2.92773456749273E-05 3.2758620363893E-05 7.65000004321337E-05
         vertex 2.92773456749273E-05 3.62068967660889E-05 7.65000004321337E-05
      endloop
   endfacet
   facet normal 0 0 -1
      outer loop
         vertex 3.27256202581339E-05 3.62068967660889E-05 7.65000004321337E-05
         vertex 2.92773456749273E-05 3.62068967660889E-05 7.65000004321337E-05
         vertex 3.11414914904162E-05 3.90915774914902E-05 7.65000004321337E-05
      endloop
   endfacet
   facet normal 0 0 -1
      outer loop
         vertex 3.11414914904162E-05 3.90915774914902E-05 7.65000004321337E-05
         vertex 2.92773456749273E-05 3.62068967660889E-05 7.65000004321337E-05
         vertex 2.92773456749273E-05 3.9655169530306E-05 7.65000004321337E-05
      endloop
   endfacet
   facet normal 0 0 -1
      outer loop
         vertex 3.11414914904162E-05 3.90915774914902E-05 7.65000004321337E-05
         vertex 2.92773456749273E-05 3.9655169530306E-05 7.65000004321337E-05
         vertex 2.70943146460922E-05 4.20012947870418E-05 7.65000004321337E-05
      endloop
   endfacet
   facet normal 0 0 -1
      outer loop
         vertex 2.70943146460922E-05 4.20012947870418E-05 7.65000004321337E-05
         vertex 2.92773456749273E-05 3.9655169530306E-05 7.65000004321337E-05
         vertex 2.58290692727314E-05 3.9655169530306E-05 7.65000004321337E-05
      endloop
   endfacet
   facet normal 0 0 -1
      outer loop
         vertex 2.70943146460922E-05 4.20012947870418E-05 7.65000004321337E-05
         vertex 2.58290692727314E-05 3.9655169530306E-05 7.65000004321337E-05
         vertex 2.23807928705355E-05 4.31034495704807E-05 7.65000004321337E-05
      endloop
   endfacet
   facet normal 0 0 -1
      outer loop
         vertex 2.23807928705355E-05 4.31034495704807E-05 7.65000004321337E-05
         vertex 2.58290692727314E-05 3.9655169530306E-05 7.65000004321337E-05
         vertex 2.23807928705355E-05 3.9655169530306E-05 7.65000004321337E-05
      endloop
   endfacet
   facet normal 0 0 -1
      outer loop
         vertex 2.23807928705355E-05 4.31034495704807E-05 7.65000004321337E-05
         vertex 2.23807928705355E-05 3.9655169530306E-05 7.65000004321337E-05
         vertex 1.8932518287329E-05 3.9655169530306E-05 7.65000004321337E-05
      endloop
   endfacet
   facet normal 0 0 -1
      outer loop
         vertex 1.8932518287329E-05 3.9655169530306E-05 7.65000004321337E-05
         vertex 2.23807928705355E-05 3.9655169530306E-05 7.65000004321337E-05
         vertex 1.8932518287329E-05 3.62068967660889E-05 7.65000004321337E-05
      endloop
   endfacet
   facet normal 0 0 -1
      outer loop
         vertex 3.11414914904162E-05 3.90915774914902E-05 7.65000004321337E-05
         vertex 3.48788416886237E-05 3.57933422492351E-05 7.65000004321337E-05
         vertex 3.27256202581339E-05 3.62068967660889E-05 7.65000004321337E-05
      endloop
   endfacet
   facet normal 0 0 -1
      outer loop
         vertex 3.27256202581339E-05 3.62068967660889E-05 7.65000004321337E-05
         vertex 3.48788416886237E-05 3.57933422492351E-05 7.65000004321337E-05
         vertex 3.27256202581339E-05 3.2758620363893E-05 7.65000004321337E-05
      endloop
   endfacet
   facet normal 0 0 -1
      outer loop
         vertex 3.27256202581339E-05 3.2758620363893E-05 7.65000004321337E-05
         vertex 3.48788416886237E-05 3.57933422492351E-05 7.65000004321337E-05
         vertex 3.61738966603298E-05 3.2758620363893E-05 7.65000004321337E-05
      endloop
   endfacet
   facet normal 0 0 -1
      outer loop
         vertex 3.61738966603298E-05 3.2758620363893E-05 7.65000004321337E-05
         vertex 3.48788416886237E-05 3.57933422492351E-05 7.65000004321337E-05
         vertex 3.82692232960835E-05 3.21393781632651E-05 7.65000004321337E-05
      endloop
   endfacet
   facet normal 0 0 -1
      outer loop
         vertex 3.61738966603298E-05 3.2758620363893E-05 7.65000004321337E-05
         vertex 3.82692232960835E-05 3.21393781632651E-05 7.65000004321337E-05
         vertex 3.61738966603298E-05 2.93103457806865E-05 7.65000004321337E-05
      endloop
   endfacet
   facet normal 0 0 -1
      outer loop
         vertex 3.61738966603298E-05 2.93103457806865E-05 7.65000004321337E-05
         vertex 3.82692232960835E-05 3.21393781632651E-05 7.65000004321337E-05
         vertex 3.96221730625257E-05 2.93103457806865E-05 7.65000004321337E-05
      endloop
   endfacet
   facet normal 0 0 -1
      outer loop
         vertex 3.61738966603298E-05 2.93103457806865E-05 7.65000004321337E-05
         vertex 3.96221730625257E-05 2.93103457806865E-05 7.65000004321337E-05
         vertex 3.61738966603298E-05 2.58620693784906E-05 7.65000004321337E-05
      endloop
   endfacet
   facet normal 0 0 -1
      outer loop
         vertex 3.61738966603298E-05 2.58620693784906E-05 7.65000004321337E-05
         vertex 3.96221730625257E-05 2.93103457806865E-05 7.65000004321337E-05
         vertex 3.96221730625257E-05 2.58620693784906E-05 7.65000004321337E-05
      endloop
   endfacet
   facet normal 0 0 -1
      outer loop
         vertex 3.61738966603298E-05 2.58620693784906E-05 7.65000004321337E-05
         vertex 3.96221730625257E-05 2.58620693784906E-05 7.65000004321337E-05
         vertex 3.61738966603298E-05 2.2413794795284E-05 7.65000004321337E-05
      endloop
   endfacet
   facet normal 0 0 -1
      outer loop
         vertex 3.61738966603298E-05 2.2413794795284E-05 7.65000004321337E-05
         vertex 3.96221730625257E-05 2.58620693784906E-05 7.65000004321337E-05
         vertex 3.96221730625257E-05 2.2413794795284E-05 7.65000004321337E-05
      endloop
   endfacet
   facet normal 0 0 -1
      outer loop
         vertex 3.61738966603298E-05 2.2413794795284E-05 7.65000004321337E-05
         vertex 3.96221730625257E-05 2.2413794795284E-05 7.65000004321337E-05
         vertex 3.61738966603298E-05 1.89655183930881E-05 7.65000004321337E-05
      endloop
   endfacet
   facet normal 0 0 -1
      outer loop
         vertex 3.61738966603298E-05 1.89655183930881E-05 7.65000004321337E-05
         vertex 3.96221730625257E-05 2.2413794795284E-05 7.65000004321337E-05
         vertex 3.96221730625257E-05 1.89655183930881E-05 7.65000004321337E-05
      endloop
   endfacet
   facet normal 0 0 -1
      outer loop
         vertex 3.61738966603298E-05 1.89655183930881E-05 7.65000004321337E-05
         vertex 3.96221730625257E-05 1.89655183930881E-05 7.65000004321337E-05
         vertex 3.61738966603298E-05 1.55172419908922E-05 7.65000004321337E-05
      endloop
   endfacet
   facet normal 0 0 -1
      outer loop
         vertex 3.61738966603298E-05 1.55172419908922E-05 7.65000004321337E-05
         vertex 3.96221730625257E-05 1.89655183930881E-05 7.65000004321337E-05
         vertex 3.96221730625257E-05 1.55172419908922E-05 7.65000004321337E-05
      endloop
   endfacet
   facet normal 0 0 -1
      outer loop
         vertex 3.61738966603298E-05 1.55172419908922E-05 7.65000004321337E-05
         vertex 3.96221730625257E-05 1.55172419908922E-05 7.65000004321337E-05
         vertex 3.61738966603298E-05 1.20689655886963E-05 7.65000004321337E-05
      endloop
   endfacet
   facet normal 0 0 -1
      outer loop
         vertex 3.61738966603298E-05 1.20689655886963E-05 7.65000004321337E-05
         vertex 3.96221730625257E-05 1.55172419908922E-05 7.65000004321337E-05
         vertex 3.96221730625257E-05 1.20689655886963E-05 7.65000004321337E-05
      endloop
   endfacet
   facet normal 0 0 -1
      outer loop
         vertex 3.61738966603298E-05 1.20689655886963E-05 7.65000004321337E-05
         vertex 3.96221730625257E-05 1.20689655886963E-05 7.65000004321337E-05
         vertex 3.61738966603298E-05 8.62068918650039E-06 7.65000004321337E-05
      endloop
   endfacet
   facet normal 0 0 -1
      outer loop
         vertex 3.61738966603298E-05 8.62068918650039E-06 7.65000004321337E-05
         vertex 3.96221730625257E-05 1.20689655886963E-05 7.65000004321337E-05
         vertex 3.96221730625257E-05 8.62068918650039E-06 7.65000004321337E-05
      endloop
   endfacet
   facet normal 0 0 -1
      outer loop
         vertex 3.61738966603298E-05 8.62068918650039E-06 7.65000004321337E-05
         vertex 3.96221730625257E-05 8.62068918650039E-06 7.65000004321337E-05
         vertex 3.61738966603298E-05 5.17241369379917E-06 7.65000004321337E-05
      endloop
   endfacet
   facet normal 0 0 -1
      outer loop
         vertex 3.61738966603298E-05 5.17241369379917E-06 7.65000004321337E-05
         vertex 3.96221730625257E-05 8.62068918650039E-06 7.65000004321337E-05
         vertex 3.96221730625257E-05 5.17241369379917E-06 7.65000004321337E-05
      endloop
   endfacet
   facet normal 0 0 -1
      outer loop
         vertex 3.61738966603298E-05 5.17241369379917E-06 7.65000004321337E-05
         vertex 3.96221730625257E-05 5.17241369379917E-06 7.65000004321337E-05
         vertex 3.61738966603298E-05 1.72413797372428E-06 7.65000004321337E-05
      endloop
   endfacet
   facet normal 0 0 -1
      outer loop
         vertex 3.61738966603298E-05 1.72413797372428E-06 7.65000004321337E-05
         vertex 3.96221730625257E-05 5.17241369379917E-06 7.65000004321337E-05
         vertex 3.96221730625257E-05 1.72413797372428E-06 7.65000004321337E-05
      endloop
   endfacet
   facet normal 0 0 -1
      outer loop
         vertex 3.61738966603298E-05 1.72413797372428E-06 7.65000004321337E-05
         vertex 3.96221730625257E-05 1.72413797372428E-06 7.65000004321337E-05
         vertex 3.61738966603298E-05 -1.72413797372428E-06 7.65000004321337E-05
      endloop
   endfacet
   facet normal 0 0 -1
      outer loop
         vertex 3.61738966603298E-05 -1.72413797372428E-06 7.65000004321337E-05
         vertex 3.96221730625257E-05 1.72413797372428E-06 7.65000004321337E-05
         vertex 3.96221730625257E-05 -1.72413797372428E-06 7.65000004321337E-05
      endloop
   endfacet
   facet normal 0 0 -1
      outer loop
         vertex 3.61738966603298E-05 -1.72413797372428E-06 7.65000004321337E-05
         vertex 3.96221730625257E-05 -1.72413797372428E-06 7.65000004321337E-05
         vertex 3.61738966603298E-05 -5.17241369379917E-06 7.65000004321337E-05
      endloop
   endfacet
   facet normal 0 0 -1
      outer loop
         vertex 3.61738966603298E-05 -5.17241369379917E-06 7.65000004321337E-05
         vertex 3.96221730625257E-05 -1.72413797372428E-06 7.65000004321337E-05
         vertex 3.96221730625257E-05 -5.17241369379917E-06 7.65000004321337E-05
      endloop
   endfacet
   facet normal 0 0 -1
      outer loop
         vertex 3.61738966603298E-05 -5.17241369379917E-06 7.65000004321337E-05
         vertex 3.96221730625257E-05 -5.17241369379917E-06 7.65000004321337E-05
         vertex 3.61738966603298E-05 -8.62068918650039E-06 7.65000004321337E-05
      endloop
   endfacet
   facet normal 0 0 -1
      outer loop
         vertex 3.61738966603298E-05 -8.62068918650039E-06 7.65000004321337E-05
         vertex 3.96221730625257E-05 -5.17241369379917E-06 7.65000004321337E-05
         vertex 3.96221730625257E-05 -8.62068918650039E-06 7.65000004321337E-05
      endloop
   endfacet
   facet normal 0 0 -1
      outer loop
         vertex 3.61738966603298E-05 -8.62068918650039E-06 7.65000004321337E-05
         vertex 3.96221730625257E-05 -8.62068918650039E-06 7.65000004321337E-05
         vertex 3.61738966603298E-05 -1.20689655886963E-05 7.65000004321337E-05
      endloop
   endfacet
   facet normal 0 0 -1
      outer loop
         vertex 3.61738966603298E-05 -1.20689655886963E-05 7.65000004321337E-05
         vertex 3.96221730625257E-05 -8.62068918650039E-06 7.65000004321337E-05
         vertex 3.96221730625257E-05 -1.20689655886963E-05 7.65000004321337E-05
      endloop
   endfacet
   facet normal 0 0 -1
      outer loop
         vertex 3.61738966603298E-05 -1.20689655886963E-05 7.65000004321337E-05
         vertex 3.96221730625257E-05 -1.20689655886963E-05 7.65000004321337E-05
         vertex 3.61738966603298E-05 -1.55172419908922E-05 7.65000004321337E-05
      endloop
   endfacet
   facet normal 0 0 -1
      outer loop
         vertex 3.61738966603298E-05 -1.55172419908922E-05 7.65000004321337E-05
         vertex 3.96221730625257E-05 -1.20689655886963E-05 7.65000004321337E-05
         vertex 3.96221730625257E-05 -1.55172419908922E-05 7.65000004321337E-05
      endloop
   endfacet
   facet normal 0 0 -1
      outer loop
         vertex 3.61738966603298E-05 -1.55172419908922E-05 7.65000004321337E-05
         vertex 3.96221730625257E-05 -1.55172419908922E-05 7.65000004321337E-05
         vertex 3.61738966603298E-05 -1.89655183930881E-05 7.65000004321337E-05
      endloop
   endfacet
   facet normal 0 0 -1
      outer loop
         vertex 3.61738966603298E-05 -1.89655183930881E-05 7.65000004321337E-05
         vertex 3.96221730625257E-05 -1.55172419908922E-05 7.65000004321337E-05
         vertex 3.96221730625257E-05 -1.89655183930881E-05 7.65000004321337E-05
      endloop
   endfacet
   facet normal 0 0 -1
      outer loop
         vertex 3.61738966603298E-05 -1.89655183930881E-05 7.65000004321337E-05
         vertex 3.96221730625257E-05 -1.89655183930881E-05 7.65000004321337E-05
         vertex 3.61738966603298E-05 -2.2413794795284E-05 7.65000004321337E-05
      endloop
   endfacet
   facet normal 0 0 -1
      outer loop
         vertex 3.61738966603298E-05 -2.2413794795284E-05 7.65000004321337E-05
         vertex 3.96221730625257E-05 -1.89655183930881E-05 7.65000004321337E-05
         vertex 3.96221730625257E-05 -2.2413794795284E-05 7.65000004321337E-05
      endloop
   endfacet
   facet normal 0 0 -1
      outer loop
         vertex 3.82692232960835E-05 3.21393781632651E-05 7.65000004321337E-05
         vertex 4.12789413530845E-05 2.81660031760111E-05 7.65000004321337E-05
         vertex 3.96221730625257E-05 2.93103457806865E-05 7.65000004321337E-05
      endloop
   endfacet
   facet normal 0 0 -1
      outer loop
         vertex 3.96221730625257E-05 2.93103457806865E-05 7.65000004321337E-05
         vertex 4.12789413530845E-05 2.81660031760111E-05 7.65000004321337E-05
         vertex 3.96221730625257E-05 2.58620693784906E-05 7.65000004321337E-05
      endloop
   endfacet
   facet normal 0 0 -1
      outer loop
         vertex 3.96221730625257E-05 -5.17241369379917E-06 7.65000004321337E-05
         vertex 3.96221730625257E-05 -1.72413797372428E-06 7.65000004321337E-05
         vertex 4.30704458267428E-05 -1.72413797372428E-06 7.65000004321337E-05
      endloop
   endfacet
   facet normal 0 0 -1
      outer loop
         vertex 4.30704458267428E-05 -1.72413797372428E-06 7.65000004321337E-05
         vertex 3.96221730625257E-05 -1.72413797372428E-06 7.65000004321337E-05
         vertex 4.30704458267428E-05 1.72413797372428E-06 7.65000004321337E-05
      endloop
   endfacet
   facet normal 0 0 -1
      outer loop
         vertex 4.30704458267428E-05 -1.72413797372428E-06 7.65000004321337E-05
         vertex 4.30704458267428E-05 1.72413797372428E-06 7.65000004321337E-05
         vertex 4.65187258669175E-05 1.72413797372428E-06 7.65000004321337E-05
      endloop
   endfacet
   facet normal 0 0 -1
      outer loop
         vertex 4.65187258669175E-05 1.72413797372428E-06 7.65000004321337E-05
         vertex 4.30704458267428E-05 1.72413797372428E-06 7.65000004321337E-05
         vertex 4.65187258669175E-05 5.17241369379917E-06 7.65000004321337E-05
      endloop
   endfacet
   facet normal 0 0 -1
      outer loop
         vertex 4.65187258669175E-05 1.72413797372428E-06 7.65000004321337E-05
         vertex 4.65187258669175E-05 5.17241369379917E-06 7.65000004321337E-05
         vertex 4.97185392305255E-05 4.97839209856465E-06 7.65000004321337E-05
      endloop
   endfacet
   facet normal 0 0 -1
      outer loop
         vertex 4.97185392305255E-05 4.97839209856465E-06 7.65000004321337E-05
         vertex 4.65187258669175E-05 5.17241369379917E-06 7.65000004321337E-05
         vertex 4.65187258669175E-05 8.62068918650039E-06 7.65000004321337E-05
      endloop
   endfacet
   facet normal 0 0 -1
      outer loop
         vertex 4.97185392305255E-05 4.97839209856465E-06 7.65000004321337E-05
         vertex 4.65187258669175E-05 8.62068918650039E-06 7.65000004321337E-05
         vertex 4.89756239403505E-05 9.90730677585816E-06 7.65000004321337E-05
      endloop
   endfacet
   facet normal 0 0 -1
      outer loop
         vertex 4.89756239403505E-05 9.90730677585816E-06 7.65000004321337E-05
         vertex 4.65187258669175E-05 8.62068918650039E-06 7.65000004321337E-05
         vertex 4.65187258669175E-05 1.20689655886963E-05 7.65000004321337E-05
      endloop
   endfacet
   facet normal 0 0 -1
      outer loop
         vertex 4.89756239403505E-05 9.90730677585816E-06 7.65000004321337E-05
         vertex 4.65187258669175E-05 1.20689655886963E-05 7.65000004321337E-05
         vertex 4.77456414955668E-05 1.4737758647243E-05 7.65000004321337E-05
      endloop
   endfacet
   facet normal 0 0 -1
      outer loop
         vertex 4.77456414955668E-05 1.4737758647243E-05 7.65000004321337E-05
         vertex 4.65187258669175E-05 1.20689655886963E-05 7.65000004321337E-05
         vertex 4.65187258669175E-05 1.55172419908922E-05 7.65000004321337E-05
      endloop
   endfacet
   facet normal 0 0 -1
      outer loop
         vertex 4.77456414955668E-05 1.4737758647243E-05 7.65000004321337E-05
         vertex 4.65187258669175E-05 1.55172419908922E-05 7.65000004321337E-05
         vertex 4.60408118669875E-05 1.94217391253915E-05 7.65000004321337E-05
      endloop
   endfacet
   facet normal 0 0 -1
      outer loop
         vertex 4.60408118669875E-05 1.94217391253915E-05 7.65000004321337E-05
         vertex 4.65187258669175E-05 1.55172419908922E-05 7.65000004321337E-05
         vertex 4.30704458267428E-05 1.89655183930881E-05 7.65000004321337E-05
      endloop
   endfacet
   facet normal 0 0 -1
      outer loop
         vertex 4.60408118669875E-05 1.94217391253915E-05 7.65000004321337E-05
         vertex 4.30704458267428E-05 1.89655183930881E-05 7.65000004321337E-05
         vertex 4.30704458267428E-05 2.2413794795284E-05 7.65000004321337E-05
      endloop
   endfacet
   facet normal 0 0 -1
      outer loop
         vertex 4.30704458267428E-05 2.2413794795284E-05 7.65000004321337E-05
         vertex 4.30704458267428E-05 1.89655183930881E-05 7.65000004321337E-05
         vertex 3.96221730625257E-05 1.89655183930881E-05 7.65000004321337E-05
      endloop
   endfacet
   facet normal 0 0 -1
      outer loop
         vertex 4.30704458267428E-05 2.2413794795284E-05 7.65000004321337E-05
         vertex 3.96221730625257E-05 1.89655183930881E-05 7.65000004321337E-05
         vertex 3.96221730625257E-05 2.2413794795284E-05 7.65000004321337E-05
      endloop
   endfacet
   facet normal 0 0 -1
      outer loop
         vertex -3.98896263504867E-05 -3.01902200590121E-05 7.65000004321337E-05
         vertex -4.26975457230583E-05 -2.60717606579419E-05 7.65000004321337E-05
         vertex -3.96881732740439E-05 -2.93103457806865E-05 7.65000004321337E-05
      endloop
   endfacet
   facet normal 0 0 -1
      outer loop
         vertex -3.96881732740439E-05 -2.93103457806865E-05 7.65000004321337E-05
         vertex -4.26975457230583E-05 -2.60717606579419E-05 7.65000004321337E-05
         vertex -3.96881732740439E-05 -2.58620693784906E-05 7.65000004321337E-05
      endloop
   endfacet
   facet normal 0 0 -1
      outer loop
         vertex -3.96881732740439E-05 -2.93103457806865E-05 7.65000004321337E-05
         vertex -3.96881732740439E-05 -2.58620693784906E-05 7.65000004321337E-05
         vertex -3.6239896871848E-05 -2.58620693784906E-05 7.65000004321337E-05
      endloop
   endfacet
   facet normal 0 0 -1
      outer loop
         vertex -4.65847260784358E-05 -1.20689655886963E-05 7.65000004321337E-05
         vertex -4.65847260784358E-05 -1.55172419908922E-05 7.65000004321337E-05
         vertex -4.84868651255965E-05 -1.23378695207066E-05 7.65000004321337E-05
      endloop
   endfacet
   facet normal 0 0 -1
      outer loop
         vertex -4.84868651255965E-05 -1.23378695207066E-05 7.65000004321337E-05
         vertex -4.65847260784358E-05 -1.55172419908922E-05 7.65000004321337E-05
         vertex -4.70176310045645E-05 -1.71010069607291E-05 7.65000004321337E-05
      endloop
   endfacet
   facet normal 0 0 -1
      outer loop
         vertex 4.89756239403505E-05 -9.90730677585816E-06 7.65000004321337E-05
         vertex 4.77456414955668E-05 -1.4737758647243E-05 7.65000004321337E-05
         vertex 4.65187258669175E-05 -1.20689655886963E-05 7.65000004321337E-05
      endloop
   endfacet
   facet normal 0 0 -1
      outer loop
         vertex 4.65187258669175E-05 -1.20689655886963E-05 7.65000004321337E-05
         vertex 4.77456414955668E-05 -1.4737758647243E-05 7.65000004321337E-05
         vertex 4.65187258669175E-05 -1.55172419908922E-05 7.65000004321337E-05
      endloop
   endfacet
   facet normal 0 0 -1
      outer loop
         vertex 4.65187258669175E-05 -1.20689655886963E-05 7.65000004321337E-05
         vertex 4.65187258669175E-05 -1.55172419908922E-05 7.65000004321337E-05
         vertex 4.30704458267428E-05 -1.55172419908922E-05 7.65000004321337E-05
      endloop
   endfacet
   facet normal 0 0 -1
      outer loop
         vertex 4.30704458267428E-05 -1.55172419908922E-05 7.65000004321337E-05
         vertex 4.65187258669175E-05 -1.55172419908922E-05 7.65000004321337E-05
         vertex 4.30704458267428E-05 -1.89655183930881E-05 7.65000004321337E-05
      endloop
   endfacet
   facet normal 0 0 -1
      outer loop
         vertex 4.30704458267428E-05 -1.55172419908922E-05 7.65000004321337E-05
         vertex 4.30704458267428E-05 -1.89655183930881E-05 7.65000004321337E-05
         vertex 3.96221730625257E-05 -1.89655183930881E-05 7.65000004321337E-05
      endloop
   endfacet
   facet normal 0 0 -1
      outer loop
         vertex 3.96221730625257E-05 -1.89655183930881E-05 7.65000004321337E-05
         vertex 4.30704458267428E-05 -1.89655183930881E-05 7.65000004321337E-05
         vertex 3.96221730625257E-05 -2.2413794795284E-05 7.65000004321337E-05
      endloop
   endfacet
   facet normal 0 0 -1
      outer loop
         vertex 4.97185392305255E-05 -4.97839209856465E-06 7.65000004321337E-05
         vertex 4.89756239403505E-05 -9.90730677585816E-06 7.65000004321337E-05
         vertex 4.65187258669175E-05 -8.62068918650039E-06 7.65000004321337E-05
      endloop
   endfacet
   facet normal 0 0 -1
      outer loop
         vertex 4.65187258669175E-05 -8.62068918650039E-06 7.65000004321337E-05
         vertex 4.89756239403505E-05 -9.90730677585816E-06 7.65000004321337E-05
         vertex 4.65187258669175E-05 -1.20689655886963E-05 7.65000004321337E-05
      endloop
   endfacet
   facet normal 0 0 -1
      outer loop
         vertex 4.65187258669175E-05 -8.62068918650039E-06 7.65000004321337E-05
         vertex 4.65187258669175E-05 -1.20689655886963E-05 7.65000004321337E-05
         vertex 4.30704458267428E-05 -1.20689655886963E-05 7.65000004321337E-05
      endloop
   endfacet
   facet normal 0 0 -1
      outer loop
         vertex 4.30704458267428E-05 -1.20689655886963E-05 7.65000004321337E-05
         vertex 4.65187258669175E-05 -1.20689655886963E-05 7.65000004321337E-05
         vertex 4.30704458267428E-05 -1.55172419908922E-05 7.65000004321337E-05
      endloop
   endfacet
   facet normal 0 0 -1
      outer loop
         vertex 4.30704458267428E-05 -1.20689655886963E-05 7.65000004321337E-05
         vertex 4.30704458267428E-05 -1.55172419908922E-05 7.65000004321337E-05
         vertex 3.96221730625257E-05 -1.55172419908922E-05 7.65000004321337E-05
      endloop
   endfacet
   facet normal 0 0 -1
      outer loop
         vertex 3.96221730625257E-05 -1.55172419908922E-05 7.65000004321337E-05
         vertex 4.30704458267428E-05 -1.55172419908922E-05 7.65000004321337E-05
         vertex 3.96221730625257E-05 -1.89655183930881E-05 7.65000004321337E-05
      endloop
   endfacet
   facet normal 0 0 -1
      outer loop
         vertex -4.65847260784358E-05 -5.17241369379917E-06 7.65000004321337E-05
         vertex -4.65847260784358E-05 -8.62068918650039E-06 7.65000004321337E-05
         vertex -4.94745399919339E-05 -7.45211309549632E-06 7.65000004321337E-05
      endloop
   endfacet
   facet normal 0 0 -1
      outer loop
         vertex -4.94745399919339E-05 -7.45211309549632E-06 7.65000004321337E-05
         vertex -4.65847260784358E-05 -8.62068918650039E-06 7.65000004321337E-05
         vertex -4.84868651255965E-05 -1.23378695207066E-05 7.65000004321337E-05
      endloop
   endfacet
   facet normal 0 0 -1
      outer loop
         vertex -4.65847260784358E-05 -1.72413797372428E-06 7.65000004321337E-05
         vertex -4.65847260784358E-05 -5.17241369379917E-06 7.65000004321337E-05
         vertex -4.99708476127125E-05 -2.49229424298392E-06 7.65000004321337E-05
      endloop
   endfacet
   facet normal 0 0 -1
      outer loop
         vertex -4.99708476127125E-05 -2.49229424298392E-06 7.65000004321337E-05
         vertex -4.65847260784358E-05 -5.17241369379917E-06 7.65000004321337E-05
         vertex -4.94745399919339E-05 -7.45211309549632E-06 7.65000004321337E-05
      endloop
   endfacet
   facet normal 0 0 -1
      outer loop
         vertex 4.99669986311346E-05 4.68411943711536E-21 7.65000004321337E-05
         vertex 4.97185392305255E-05 -4.97839209856465E-06 7.65000004321337E-05
         vertex 4.65187258669175E-05 -1.72413797372428E-06 7.65000004321337E-05
      endloop
   endfacet
   facet normal 0 0 -1
      outer loop
         vertex 4.65187258669175E-05 -1.72413797372428E-06 7.65000004321337E-05
         vertex 4.97185392305255E-05 -4.97839209856465E-06 7.65000004321337E-05
         vertex 4.65187258669175E-05 -5.17241369379917E-06 7.65000004321337E-05
      endloop
   endfacet
   facet normal 0 0 -1
      outer loop
         vertex 4.65187258669175E-05 -1.72413797372428E-06 7.65000004321337E-05
         vertex 4.65187258669175E-05 -5.17241369379917E-06 7.65000004321337E-05
         vertex 4.30704458267428E-05 -5.17241369379917E-06 7.65000004321337E-05
      endloop
   endfacet
   facet normal 0 0 -1
      outer loop
         vertex 4.30704458267428E-05 -5.17241369379917E-06 7.65000004321337E-05
         vertex 4.65187258669175E-05 -5.17241369379917E-06 7.65000004321337E-05
         vertex 4.30704458267428E-05 -8.62068918650039E-06 7.65000004321337E-05
      endloop
   endfacet
   facet normal 0 0 -1
      outer loop
         vertex 4.30704458267428E-05 -5.17241369379917E-06 7.65000004321337E-05
         vertex 4.30704458267428E-05 -8.62068918650039E-06 7.65000004321337E-05
         vertex 3.96221730625257E-05 -8.62068918650039E-06 7.65000004321337E-05
      endloop
   endfacet
   facet normal 0 0 -1
      outer loop
         vertex 3.96221730625257E-05 -8.62068918650039E-06 7.65000004321337E-05
         vertex 4.30704458267428E-05 -8.62068918650039E-06 7.65000004321337E-05
         vertex 3.96221730625257E-05 -1.20689655886963E-05 7.65000004321337E-05
      endloop
   endfacet
   facet normal 0 0 -1
      outer loop
         vertex 4.97185392305255E-05 4.97839209856465E-06 7.65000004321337E-05
         vertex 4.99669986311346E-05 4.68411943711536E-21 7.65000004321337E-05
         vertex 4.65187258669175E-05 1.72413797372428E-06 7.65000004321337E-05
      endloop
   endfacet
   facet normal 0 0 -1
      outer loop
         vertex 4.65187258669175E-05 1.72413797372428E-06 7.65000004321337E-05
         vertex 4.99669986311346E-05 4.68411943711536E-21 7.65000004321337E-05
         vertex 4.65187258669175E-05 -1.72413797372428E-06 7.65000004321337E-05
      endloop
   endfacet
   facet normal 0 0 -1
      outer loop
         vertex 4.65187258669175E-05 1.72413797372428E-06 7.65000004321337E-05
         vertex 4.65187258669175E-05 -1.72413797372428E-06 7.65000004321337E-05
         vertex 4.30704458267428E-05 -1.72413797372428E-06 7.65000004321337E-05
      endloop
   endfacet
   facet normal 0 0 -1
      outer loop
         vertex 4.30704458267428E-05 -1.72413797372428E-06 7.65000004321337E-05
         vertex 4.65187258669175E-05 -1.72413797372428E-06 7.65000004321337E-05
         vertex 4.30704458267428E-05 -5.17241369379917E-06 7.65000004321337E-05
      endloop
   endfacet
   facet normal 0 0 -1
      outer loop
         vertex 4.30704458267428E-05 -1.72413797372428E-06 7.65000004321337E-05
         vertex 4.30704458267428E-05 -5.17241369379917E-06 7.65000004321337E-05
         vertex 3.96221730625257E-05 -5.17241369379917E-06 7.65000004321337E-05
      endloop
   endfacet
   facet normal 0 0 -1
      outer loop
         vertex 3.96221730625257E-05 -5.17241369379917E-06 7.65000004321337E-05
         vertex 4.30704458267428E-05 -5.17241369379917E-06 7.65000004321337E-05
         vertex 3.96221730625257E-05 -8.62068918650039E-06 7.65000004321337E-05
      endloop
   endfacet
   facet normal 0 0 -1
      outer loop
         vertex -4.65847260784358E-05 5.17241369379917E-06 7.65000004321337E-05
         vertex -4.65847260784358E-05 1.72413797372428E-06 7.65000004321337E-05
         vertex -4.99708476127125E-05 2.49229424298392E-06 7.65000004321337E-05
      endloop
   endfacet
   facet normal 0 0 -1
      outer loop
         vertex -4.99708476127125E-05 2.49229424298392E-06 7.65000004321337E-05
         vertex -4.65847260784358E-05 1.72413797372428E-06 7.65000004321337E-05
         vertex -4.65847260784358E-05 -1.72413797372428E-06 7.65000004321337E-05
      endloop
   endfacet
   facet normal 0 0 -1
      outer loop
         vertex -4.99708476127125E-05 2.49229424298392E-06 7.65000004321337E-05
         vertex -4.65847260784358E-05 -1.72413797372428E-06 7.65000004321337E-05
         vertex -4.99708476127125E-05 -2.49229424298392E-06 7.65000004321337E-05
      endloop
   endfacet
   facet normal 0 0 -1
      outer loop
         vertex -4.65847260784358E-05 8.62068918650039E-06 7.65000004321337E-05
         vertex -4.65847260784358E-05 5.17241369379917E-06 7.65000004321337E-05
         vertex -4.94745399919339E-05 7.45211309549632E-06 7.65000004321337E-05
      endloop
   endfacet
   facet normal 0 0 -1
      outer loop
         vertex -4.94745399919339E-05 7.45211309549632E-06 7.65000004321337E-05
         vertex -4.65847260784358E-05 5.17241369379917E-06 7.65000004321337E-05
         vertex -4.99708476127125E-05 2.49229424298392E-06 7.65000004321337E-05
      endloop
   endfacet
   facet normal 0 0 -1
      outer loop
         vertex -4.65847260784358E-05 1.55172419908922E-05 7.65000004321337E-05
         vertex -4.65847260784358E-05 1.20689655886963E-05 7.65000004321337E-05
         vertex -4.84868651255965E-05 1.23378695207066E-05 7.65000004321337E-05
      endloop
   endfacet
   facet normal 0 0 -1
      outer loop
         vertex -4.84868651255965E-05 1.23378695207066E-05 7.65000004321337E-05
         vertex -4.65847260784358E-05 1.20689655886963E-05 7.65000004321337E-05
         vertex -4.65847260784358E-05 8.62068918650039E-06 7.65000004321337E-05
      endloop
   endfacet
   facet normal 0 0 -1
      outer loop
         vertex -4.84868651255965E-05 1.23378695207066E-05 7.65000004321337E-05
         vertex -4.65847260784358E-05 8.62068918650039E-06 7.65000004321337E-05
         vertex -4.94745399919339E-05 7.45211309549632E-06 7.65000004321337E-05
      endloop
   endfacet
   facet normal 0 0 -1
      outer loop
         vertex 4.60408118669875E-05 1.94217391253915E-05 7.65000004321337E-05
         vertex 4.30704458267428E-05 2.2413794795284E-05 7.65000004321337E-05
         vertex 4.38780771219172E-05 2.39126984524773E-05 7.65000004321337E-05
      endloop
   endfacet
   facet normal 0 0 -1
      outer loop
         vertex 4.38780771219172E-05 2.39126984524773E-05 7.65000004321337E-05
         vertex 4.30704458267428E-05 2.2413794795284E-05 7.65000004321337E-05
         vertex 3.96221730625257E-05 2.58620693784906E-05 7.65000004321337E-05
      endloop
   endfacet
   facet normal 0 0 -1
      outer loop
         vertex 4.38780771219172E-05 2.39126984524773E-05 7.65000004321337E-05
         vertex 3.96221730625257E-05 2.58620693784906E-05 7.65000004321337E-05
         vertex 4.12789413530845E-05 2.81660031760111E-05 7.65000004321337E-05
      endloop
   endfacet
   facet normal 0 0 -1
      outer loop
         vertex -4.26975457230583E-05 2.60717606579419E-05 7.65000004321337E-05
         vertex -3.98896263504867E-05 3.01902200590121E-05 7.65000004321337E-05
         vertex -3.96881732740439E-05 2.93103457806865E-05 7.65000004321337E-05
      endloop
   endfacet
   facet normal 0 0 -1
      outer loop
         vertex -3.96881732740439E-05 2.93103457806865E-05 7.65000004321337E-05
         vertex -3.98896263504867E-05 3.01902200590121E-05 7.65000004321337E-05
         vertex -3.6239896871848E-05 2.93103457806865E-05 7.65000004321337E-05
      endloop
   endfacet
   facet normal 0 0 -1
      outer loop
         vertex -3.96881732740439E-05 2.93103457806865E-05 7.65000004321337E-05
         vertex -3.6239896871848E-05 2.93103457806865E-05 7.65000004321337E-05
         vertex -3.96881732740439E-05 2.58620693784906E-05 7.65000004321337E-05
      endloop
   endfacet
   facet normal 0 0 -1
      outer loop
         vertex -3.96881732740439E-05 2.58620693784906E-05 7.65000004321337E-05
         vertex -3.6239896871848E-05 2.93103457806865E-05 7.65000004321337E-05
         vertex -3.6239896871848E-05 2.58620693784906E-05 7.65000004321337E-05
      endloop
   endfacet
   facet normal 0 0 -1
      outer loop
         vertex -3.96881732740439E-05 2.58620693784906E-05 7.65000004321337E-05
         vertex -3.6239896871848E-05 2.58620693784906E-05 7.65000004321337E-05
         vertex -3.96881732740439E-05 2.2413794795284E-05 7.65000004321337E-05
      endloop
   endfacet
   facet normal 0 0 -1
      outer loop
         vertex -3.96881732740439E-05 2.2413794795284E-05 7.65000004321337E-05
         vertex -3.6239896871848E-05 2.58620693784906E-05 7.65000004321337E-05
         vertex -3.6239896871848E-05 2.2413794795284E-05 7.65000004321337E-05
      endloop
   endfacet
   facet normal 0 0 -1
      outer loop
         vertex -3.96881732740439E-05 2.2413794795284E-05 7.65000004321337E-05
         vertex -3.6239896871848E-05 2.2413794795284E-05 7.65000004321337E-05
         vertex -3.96881732740439E-05 1.89655183930881E-05 7.65000004321337E-05
      endloop
   endfacet
   facet normal 0 0 -1
      outer loop
         vertex -3.96881732740439E-05 1.89655183930881E-05 7.65000004321337E-05
         vertex -3.6239896871848E-05 2.2413794795284E-05 7.65000004321337E-05
         vertex -3.6239896871848E-05 1.89655183930881E-05 7.65000004321337E-05
      endloop
   endfacet
   facet normal 0 0 -1
      outer loop
         vertex -3.96881732740439E-05 1.89655183930881E-05 7.65000004321337E-05
         vertex -3.6239896871848E-05 1.89655183930881E-05 7.65000004321337E-05
         vertex -3.96881732740439E-05 1.55172419908922E-05 7.65000004321337E-05
      endloop
   endfacet
   facet normal 0 0 -1
      outer loop
         vertex -3.96881732740439E-05 1.55172419908922E-05 7.65000004321337E-05
         vertex -3.6239896871848E-05 1.89655183930881E-05 7.65000004321337E-05
         vertex -3.6239896871848E-05 1.55172419908922E-05 7.65000004321337E-05
      endloop
   endfacet
   facet normal 0 0 -1
      outer loop
         vertex -3.96881732740439E-05 1.55172419908922E-05 7.65000004321337E-05
         vertex -3.6239896871848E-05 1.55172419908922E-05 7.65000004321337E-05
         vertex -3.96881732740439E-05 1.20689655886963E-05 7.65000004321337E-05
      endloop
   endfacet
   facet normal 0 0 -1
      outer loop
         vertex -3.96881732740439E-05 1.20689655886963E-05 7.65000004321337E-05
         vertex -3.6239896871848E-05 1.55172419908922E-05 7.65000004321337E-05
         vertex -3.6239896871848E-05 1.20689655886963E-05 7.65000004321337E-05
      endloop
   endfacet
   facet normal 0 0 -1
      outer loop
         vertex -3.96881732740439E-05 1.20689655886963E-05 7.65000004321337E-05
         vertex -3.6239896871848E-05 1.20689655886963E-05 7.65000004321337E-05
         vertex -3.96881732740439E-05 8.62068918650039E-06 7.65000004321337E-05
      endloop
   endfacet
   facet normal 0 0 -1
      outer loop
         vertex -3.96881732740439E-05 8.62068918650039E-06 7.65000004321337E-05
         vertex -3.6239896871848E-05 1.20689655886963E-05 7.65000004321337E-05
         vertex -3.6239896871848E-05 8.62068918650039E-06 7.65000004321337E-05
      endloop
   endfacet
   facet normal 0 0 -1
      outer loop
         vertex -3.96881732740439E-05 8.62068918650039E-06 7.65000004321337E-05
         vertex -3.6239896871848E-05 8.62068918650039E-06 7.65000004321337E-05
         vertex -3.96881732740439E-05 5.17241369379917E-06 7.65000004321337E-05
      endloop
   endfacet
   facet normal 0 0 -1
      outer loop
         vertex -3.96881732740439E-05 5.17241369379917E-06 7.65000004321337E-05
         vertex -3.6239896871848E-05 8.62068918650039E-06 7.65000004321337E-05
         vertex -3.6239896871848E-05 5.17241369379917E-06 7.65000004321337E-05
      endloop
   endfacet
   facet normal 0 0 -1
      outer loop
         vertex -3.96881732740439E-05 5.17241369379917E-06 7.65000004321337E-05
         vertex -3.6239896871848E-05 5.17241369379917E-06 7.65000004321337E-05
         vertex -3.96881732740439E-05 1.72413797372428E-06 7.65000004321337E-05
      endloop
   endfacet
   facet normal 0 0 -1
      outer loop
         vertex -3.96881732740439E-05 5.17241369379917E-06 7.65000004321337E-05
         vertex -3.96881732740439E-05 1.72413797372428E-06 7.65000004321337E-05
         vertex -4.31364460382611E-05 1.72413797372428E-06 7.65000004321337E-05
      endloop
   endfacet
   facet normal 0 0 -1
      outer loop
         vertex -4.31364460382611E-05 1.72413797372428E-06 7.65000004321337E-05
         vertex -3.96881732740439E-05 1.72413797372428E-06 7.65000004321337E-05
         vertex -4.31364460382611E-05 -1.72413797372428E-06 7.65000004321337E-05
      endloop
   endfacet
   facet normal 0 0 -1
      outer loop
         vertex -3.6239896871848E-05 1.72413797372428E-06 7.65000004321337E-05
         vertex -3.27916204696521E-05 1.72413797372428E-06 7.65000004321337E-05
         vertex -3.6239896871848E-05 -1.72413797372428E-06 7.65000004321337E-05
      endloop
   endfacet
   facet normal 0 0 -1
      outer loop
         vertex -3.6239896871848E-05 -1.72413797372428E-06 7.65000004321337E-05
         vertex -3.27916204696521E-05 1.72413797372428E-06 7.65000004321337E-05
         vertex -3.27916204696521E-05 -1.72413797372428E-06 7.65000004321337E-05
      endloop
   endfacet
   facet normal 0 0 -1
      outer loop
         vertex -3.6239896871848E-05 -1.72413797372428E-06 7.65000004321337E-05
         vertex -3.27916204696521E-05 -1.72413797372428E-06 7.65000004321337E-05
         vertex -3.6239896871848E-05 -5.17241369379917E-06 7.65000004321337E-05
      endloop
   endfacet
   facet normal 0 0 -1
      outer loop
         vertex -3.6239896871848E-05 -5.17241369379917E-06 7.65000004321337E-05
         vertex -3.27916204696521E-05 -1.72413797372428E-06 7.65000004321337E-05
         vertex -3.27916204696521E-05 -5.17241369379917E-06 7.65000004321337E-05
      endloop
   endfacet
   facet normal 0 0 -1
      outer loop
         vertex -3.6239896871848E-05 -5.17241369379917E-06 7.65000004321337E-05
         vertex -3.27916204696521E-05 -5.17241369379917E-06 7.65000004321337E-05
         vertex -3.6239896871848E-05 -8.62068918650039E-06 7.65000004321337E-05
      endloop
   endfacet
   facet normal 0 0 -1
      outer loop
         vertex -3.6239896871848E-05 -8.62068918650039E-06 7.65000004321337E-05
         vertex -3.27916204696521E-05 -5.17241369379917E-06 7.65000004321337E-05
         vertex -3.27916204696521E-05 -8.62068918650039E-06 7.65000004321337E-05
      endloop
   endfacet
   facet normal 0 0 -1
      outer loop
         vertex -3.6239896871848E-05 -8.62068918650039E-06 7.65000004321337E-05
         vertex -3.27916204696521E-05 -8.62068918650039E-06 7.65000004321337E-05
         vertex -3.6239896871848E-05 -1.20689655886963E-05 7.65000004321337E-05
      endloop
   endfacet
   facet normal 0 0 -1
      outer loop
         vertex -3.6239896871848E-05 -1.20689655886963E-05 7.65000004321337E-05
         vertex -3.27916204696521E-05 -8.62068918650039E-06 7.65000004321337E-05
         vertex -3.27916204696521E-05 -1.20689655886963E-05 7.65000004321337E-05
      endloop
   endfacet
   facet normal 0 0 -1
      outer loop
         vertex -3.6239896871848E-05 -1.20689655886963E-05 7.65000004321337E-05
         vertex -3.27916204696521E-05 -1.20689655886963E-05 7.65000004321337E-05
         vertex -3.6239896871848E-05 -1.55172419908922E-05 7.65000004321337E-05
      endloop
   endfacet
   facet normal 0 0 -1
      outer loop
         vertex -3.6239896871848E-05 -1.55172419908922E-05 7.65000004321337E-05
         vertex -3.27916204696521E-05 -1.20689655886963E-05 7.65000004321337E-05
         vertex -3.27916204696521E-05 -1.55172419908922E-05 7.65000004321337E-05
      endloop
   endfacet
   facet normal 0 0 -1
      outer loop
         vertex -3.6239896871848E-05 -1.55172419908922E-05 7.65000004321337E-05
         vertex -3.27916204696521E-05 -1.55172419908922E-05 7.65000004321337E-05
         vertex -3.6239896871848E-05 -1.89655183930881E-05 7.65000004321337E-05
      endloop
   endfacet
   facet normal 0 0 -1
      outer loop
         vertex -3.6239896871848E-05 -1.89655183930881E-05 7.65000004321337E-05
         vertex -3.27916204696521E-05 -1.55172419908922E-05 7.65000004321337E-05
         vertex -3.27916204696521E-05 -1.89655183930881E-05 7.65000004321337E-05
      endloop
   endfacet
   facet normal 0 0 -1
      outer loop
         vertex -3.6239896871848E-05 -1.89655183930881E-05 7.65000004321337E-05
         vertex -3.27916204696521E-05 -1.89655183930881E-05 7.65000004321337E-05
         vertex -3.6239896871848E-05 -2.2413794795284E-05 7.65000004321337E-05
      endloop
   endfacet
   facet normal 0 0 -1
      outer loop
         vertex -3.6239896871848E-05 -2.2413794795284E-05 7.65000004321337E-05
         vertex -3.27916204696521E-05 -1.89655183930881E-05 7.65000004321337E-05
         vertex -3.27916204696521E-05 -2.2413794795284E-05 7.65000004321337E-05
      endloop
   endfacet
   facet normal 0 0 -1
      outer loop
         vertex -3.27916204696521E-05 5.17241369379917E-06 7.65000004321337E-05
         vertex -2.93433440674562E-05 5.17241369379917E-06 7.65000004321337E-05
         vertex -3.27916204696521E-05 1.72413797372428E-06 7.65000004321337E-05
      endloop
   endfacet
   facet normal 0 0 -1
      outer loop
         vertex -3.27916204696521E-05 1.72413797372428E-06 7.65000004321337E-05
         vertex -2.93433440674562E-05 5.17241369379917E-06 7.65000004321337E-05
         vertex -2.93433440674562E-05 1.72413797372428E-06 7.65000004321337E-05
      endloop
   endfacet
   facet normal 0 0 -1
      outer loop
         vertex -3.27916204696521E-05 1.72413797372428E-06 7.65000004321337E-05
         vertex -2.93433440674562E-05 1.72413797372428E-06 7.65000004321337E-05
         vertex -3.27916204696521E-05 -1.72413797372428E-06 7.65000004321337E-05
      endloop
   endfacet
   facet normal 0 0 -1
      outer loop
         vertex -3.27916204696521E-05 -1.72413797372428E-06 7.65000004321337E-05
         vertex -2.93433440674562E-05 1.72413797372428E-06 7.65000004321337E-05
         vertex -2.93433440674562E-05 -1.72413797372428E-06 7.65000004321337E-05
      endloop
   endfacet
   facet normal 0 0 -1
      outer loop
         vertex -3.27916204696521E-05 -1.72413797372428E-06 7.65000004321337E-05
         vertex -2.93433440674562E-05 -1.72413797372428E-06 7.65000004321337E-05
         vertex -3.27916204696521E-05 -5.17241369379917E-06 7.65000004321337E-05
      endloop
   endfacet
   facet normal 0 0 -1
      outer loop
         vertex -3.27916204696521E-05 -5.17241369379917E-06 7.65000004321337E-05
         vertex -2.93433440674562E-05 -1.72413797372428E-06 7.65000004321337E-05
         vertex -2.93433440674562E-05 -5.17241369379917E-06 7.65000004321337E-05
      endloop
   endfacet
   facet normal 0 0 -1
      outer loop
         vertex -3.27916204696521E-05 -5.17241369379917E-06 7.65000004321337E-05
         vertex -2.93433440674562E-05 -5.17241369379917E-06 7.65000004321337E-05
         vertex -3.27916204696521E-05 -8.62068918650039E-06 7.65000004321337E-05
      endloop
   endfacet
   facet normal 0 0 -1
      outer loop
         vertex -3.27916204696521E-05 -8.62068918650039E-06 7.65000004321337E-05
         vertex -2.93433440674562E-05 -5.17241369379917E-06 7.65000004321337E-05
         vertex -2.93433440674562E-05 -8.62068918650039E-06 7.65000004321337E-05
      endloop
   endfacet
   facet normal 0 0 -1
      outer loop
         vertex -3.27916204696521E-05 -8.62068918650039E-06 7.65000004321337E-05
         vertex -2.93433440674562E-05 -8.62068918650039E-06 7.65000004321337E-05
         vertex -3.27916204696521E-05 -1.20689655886963E-05 7.65000004321337E-05
      endloop
   endfacet
   facet normal 0 0 -1
      outer loop
         vertex -3.27916204696521E-05 -1.20689655886963E-05 7.65000004321337E-05
         vertex -2.93433440674562E-05 -8.62068918650039E-06 7.65000004321337E-05
         vertex -2.93433440674562E-05 -1.20689655886963E-05 7.65000004321337E-05
      endloop
   endfacet
   facet normal 0 0 -1
      outer loop
         vertex -3.27916204696521E-05 -1.20689655886963E-05 7.65000004321337E-05
         vertex -2.93433440674562E-05 -1.20689655886963E-05 7.65000004321337E-05
         vertex -3.27916204696521E-05 -1.55172419908922E-05 7.65000004321337E-05
      endloop
   endfacet
   facet normal 0 0 -1
      outer loop
         vertex -3.27916204696521E-05 -1.55172419908922E-05 7.65000004321337E-05
         vertex -2.93433440674562E-05 -1.20689655886963E-05 7.65000004321337E-05
         vertex -2.93433440674562E-05 -1.55172419908922E-05 7.65000004321337E-05
      endloop
   endfacet
   facet normal 0 0 -1
      outer loop
         vertex -3.27916204696521E-05 -1.55172419908922E-05 7.65000004321337E-05
         vertex -2.93433440674562E-05 -1.55172419908922E-05 7.65000004321337E-05
         vertex -3.27916204696521E-05 -1.89655183930881E-05 7.65000004321337E-05
      endloop
   endfacet
   facet normal 0 0 -1
      outer loop
         vertex -3.27916204696521E-05 -1.89655183930881E-05 7.65000004321337E-05
         vertex -2.93433440674562E-05 -1.55172419908922E-05 7.65000004321337E-05
         vertex -2.93433440674562E-05 -1.89655183930881E-05 7.65000004321337E-05
      endloop
   endfacet
   facet normal 0 0 -1
      outer loop
         vertex -3.27916204696521E-05 -1.89655183930881E-05 7.65000004321337E-05
         vertex -2.93433440674562E-05 -1.89655183930881E-05 7.65000004321337E-05
         vertex -3.27916204696521E-05 -2.2413794795284E-05 7.65000004321337E-05
      endloop
   endfacet
   facet normal 0 0 -1
      outer loop
         vertex -3.27916204696521E-05 -2.2413794795284E-05 7.65000004321337E-05
         vertex -2.93433440674562E-05 -1.89655183930881E-05 7.65000004321337E-05
         vertex -2.93433440674562E-05 -2.2413794795284E-05 7.65000004321337E-05
      endloop
   endfacet
   facet normal 0 0 -1
      outer loop
         vertex -3.27916204696521E-05 1.72413797372428E-06 7.65000004321337E-05
         vertex -3.6239896871848E-05 1.72413797372428E-06 7.65000004321337E-05
         vertex -3.27916204696521E-05 5.17241369379917E-06 7.65000004321337E-05
      endloop
   endfacet
   facet normal 0 0 -1
      outer loop
         vertex -2.93433440674562E-05 8.62068918650039E-06 7.65000004321337E-05
         vertex -2.58950676652603E-05 8.62068918650039E-06 7.65000004321337E-05
         vertex -2.93433440674562E-05 5.17241369379917E-06 7.65000004321337E-05
      endloop
   endfacet
   facet normal 0 0 -1
      outer loop
         vertex -2.93433440674562E-05 5.17241369379917E-06 7.65000004321337E-05
         vertex -2.58950676652603E-05 8.62068918650039E-06 7.65000004321337E-05
         vertex -2.58950676652603E-05 5.17241369379917E-06 7.65000004321337E-05
      endloop
   endfacet
   facet normal 0 0 -1
      outer loop
         vertex -2.93433440674562E-05 5.17241369379917E-06 7.65000004321337E-05
         vertex -2.58950676652603E-05 5.17241369379917E-06 7.65000004321337E-05
         vertex -2.93433440674562E-05 1.72413797372428E-06 7.65000004321337E-05
      endloop
   endfacet
   facet normal 0 0 -1
      outer loop
         vertex -2.93433440674562E-05 1.72413797372428E-06 7.65000004321337E-05
         vertex -2.58950676652603E-05 5.17241369379917E-06 7.65000004321337E-05
         vertex -2.58950676652603E-05 1.72413797372428E-06 7.65000004321337E-05
      endloop
   endfacet
   facet normal 0 0 -1
      outer loop
         vertex -2.93433440674562E-05 1.72413797372428E-06 7.65000004321337E-05
         vertex -2.58950676652603E-05 1.72413797372428E-06 7.65000004321337E-05
         vertex -2.93433440674562E-05 -1.72413797372428E-06 7.65000004321337E-05
      endloop
   endfacet
   facet normal 0 0 -1
      outer loop
         vertex -2.93433440674562E-05 -1.72413797372428E-06 7.65000004321337E-05
         vertex -2.58950676652603E-05 1.72413797372428E-06 7.65000004321337E-05
         vertex -2.58950676652603E-05 -1.72413797372428E-06 7.65000004321337E-05
      endloop
   endfacet
   facet normal 0 0 -1
      outer loop
         vertex -2.93433440674562E-05 -1.72413797372428E-06 7.65000004321337E-05
         vertex -2.58950676652603E-05 -1.72413797372428E-06 7.65000004321337E-05
         vertex -2.93433440674562E-05 -5.17241369379917E-06 7.65000004321337E-05
      endloop
   endfacet
   facet normal 0 0 -1
      outer loop
         vertex -2.93433440674562E-05 -5.17241369379917E-06 7.65000004321337E-05
         vertex -2.58950676652603E-05 -1.72413797372428E-06 7.65000004321337E-05
         vertex -2.58950676652603E-05 -5.17241369379917E-06 7.65000004321337E-05
      endloop
   endfacet
   facet normal 0 0 -1
      outer loop
         vertex -2.93433440674562E-05 -5.17241369379917E-06 7.65000004321337E-05
         vertex -2.58950676652603E-05 -5.17241369379917E-06 7.65000004321337E-05
         vertex -2.93433440674562E-05 -8.62068918650039E-06 7.65000004321337E-05
      endloop
   endfacet
   facet normal 0 0 -1
      outer loop
         vertex -2.93433440674562E-05 -8.62068918650039E-06 7.65000004321337E-05
         vertex -2.58950676652603E-05 -5.17241369379917E-06 7.65000004321337E-05
         vertex -2.58950676652603E-05 -8.62068918650039E-06 7.65000004321337E-05
      endloop
   endfacet
   facet normal 0 0 -1
      outer loop
         vertex -2.93433440674562E-05 -8.62068918650039E-06 7.65000004321337E-05
         vertex -2.58950676652603E-05 -8.62068918650039E-06 7.65000004321337E-05
         vertex -2.93433440674562E-05 -1.20689655886963E-05 7.65000004321337E-05
      endloop
   endfacet
   facet normal 0 0 -1
      outer loop
         vertex -2.93433440674562E-05 -1.20689655886963E-05 7.65000004321337E-05
         vertex -2.58950676652603E-05 -8.62068918650039E-06 7.65000004321337E-05
         vertex -2.58950676652603E-05 -1.20689655886963E-05 7.65000004321337E-05
      endloop
   endfacet
   facet normal 0 0 -1
      outer loop
         vertex -2.93433440674562E-05 -1.20689655886963E-05 7.65000004321337E-05
         vertex -2.58950676652603E-05 -1.20689655886963E-05 7.65000004321337E-05
         vertex -2.93433440674562E-05 -1.55172419908922E-05 7.65000004321337E-05
      endloop
   endfacet
   facet normal 0 0 -1
      outer loop
         vertex -2.93433440674562E-05 -1.55172419908922E-05 7.65000004321337E-05
         vertex -2.58950676652603E-05 -1.20689655886963E-05 7.65000004321337E-05
         vertex -2.58950676652603E-05 -1.55172419908922E-05 7.65000004321337E-05
      endloop
   endfacet
   facet normal 0 0 -1
      outer loop
         vertex -2.93433440674562E-05 -1.55172419908922E-05 7.65000004321337E-05
         vertex -2.58950676652603E-05 -1.55172419908922E-05 7.65000004321337E-05
         vertex -2.93433440674562E-05 -1.89655183930881E-05 7.65000004321337E-05
      endloop
   endfacet
   facet normal 0 0 -1
      outer loop
         vertex -2.93433440674562E-05 -1.89655183930881E-05 7.65000004321337E-05
         vertex -2.58950676652603E-05 -1.55172419908922E-05 7.65000004321337E-05
         vertex -2.58950676652603E-05 -1.89655183930881E-05 7.65000004321337E-05
      endloop
   endfacet
   facet normal 0 0 -1
      outer loop
         vertex -2.93433440674562E-05 -1.89655183930881E-05 7.65000004321337E-05
         vertex -2.58950676652603E-05 -1.89655183930881E-05 7.65000004321337E-05
         vertex -2.93433440674562E-05 -2.2413794795284E-05 7.65000004321337E-05
      endloop
   endfacet
   facet normal 0 0 -1
      outer loop
         vertex -2.93433440674562E-05 -2.2413794795284E-05 7.65000004321337E-05
         vertex -2.58950676652603E-05 -1.89655183930881E-05 7.65000004321337E-05
         vertex -2.58950676652603E-05 -2.2413794795284E-05 7.65000004321337E-05
      endloop
   endfacet
   facet normal 0 0 -1
      outer loop
         vertex -2.58950676652603E-05 1.20689655886963E-05 7.65000004321337E-05
         vertex -2.24467930820538E-05 1.20689655886963E-05 7.65000004321337E-05
         vertex -2.58950676652603E-05 8.62068918650039E-06 7.65000004321337E-05
      endloop
   endfacet
   facet normal 0 0 -1
      outer loop
         vertex -2.58950676652603E-05 8.62068918650039E-06 7.65000004321337E-05
         vertex -2.24467930820538E-05 1.20689655886963E-05 7.65000004321337E-05
         vertex -2.24467930820538E-05 8.62068918650039E-06 7.65000004321337E-05
      endloop
   endfacet
   facet normal 0 0 -1
      outer loop
         vertex -2.58950676652603E-05 8.62068918650039E-06 7.65000004321337E-05
         vertex -2.24467930820538E-05 8.62068918650039E-06 7.65000004321337E-05
         vertex -2.58950676652603E-05 5.17241369379917E-06 7.65000004321337E-05
      endloop
   endfacet
   facet normal 0 0 -1
      outer loop
         vertex -2.58950676652603E-05 5.17241369379917E-06 7.65000004321337E-05
         vertex -2.24467930820538E-05 8.62068918650039E-06 7.65000004321337E-05
         vertex -2.24467930820538E-05 5.17241369379917E-06 7.65000004321337E-05
      endloop
   endfacet
   facet normal 0 0 -1
      outer loop
         vertex -2.58950676652603E-05 5.17241369379917E-06 7.65000004321337E-05
         vertex -2.24467930820538E-05 5.17241369379917E-06 7.65000004321337E-05
         vertex -2.58950676652603E-05 1.72413797372428E-06 7.65000004321337E-05
      endloop
   endfacet
   facet normal 0 0 -1
      outer loop
         vertex -2.58950676652603E-05 1.72413797372428E-06 7.65000004321337E-05
         vertex -2.24467930820538E-05 5.17241369379917E-06 7.65000004321337E-05
         vertex -2.24467930820538E-05 1.72413797372428E-06 7.65000004321337E-05
      endloop
   endfacet
   facet normal 0 0 -1
      outer loop
         vertex -2.58950676652603E-05 1.72413797372428E-06 7.65000004321337E-05
         vertex -2.24467930820538E-05 1.72413797372428E-06 7.65000004321337E-05
         vertex -2.58950676652603E-05 -1.72413797372428E-06 7.65000004321337E-05
      endloop
   endfacet
   facet normal 0 0 -1
      outer loop
         vertex -2.58950676652603E-05 -1.72413797372428E-06 7.65000004321337E-05
         vertex -2.24467930820538E-05 1.72413797372428E-06 7.65000004321337E-05
         vertex -2.24467930820538E-05 -1.72413797372428E-06 7.65000004321337E-05
      endloop
   endfacet
   facet normal 0 0 -1
      outer loop
         vertex -2.58950676652603E-05 -1.72413797372428E-06 7.65000004321337E-05
         vertex -2.24467930820538E-05 -1.72413797372428E-06 7.65000004321337E-05
         vertex -2.58950676652603E-05 -5.17241369379917E-06 7.65000004321337E-05
      endloop
   endfacet
   facet normal 0 0 -1
      outer loop
         vertex -2.58950676652603E-05 -5.17241369379917E-06 7.65000004321337E-05
         vertex -2.24467930820538E-05 -1.72413797372428E-06 7.65000004321337E-05
         vertex -2.24467930820538E-05 -5.17241369379917E-06 7.65000004321337E-05
      endloop
   endfacet
   facet normal 0 0 -1
      outer loop
         vertex -2.58950676652603E-05 -5.17241369379917E-06 7.65000004321337E-05
         vertex -2.24467930820538E-05 -5.17241369379917E-06 7.65000004321337E-05
         vertex -2.58950676652603E-05 -8.62068918650039E-06 7.65000004321337E-05
      endloop
   endfacet
   facet normal 0 0 -1
      outer loop
         vertex -2.58950676652603E-05 -8.62068918650039E-06 7.65000004321337E-05
         vertex -2.24467930820538E-05 -5.17241369379917E-06 7.65000004321337E-05
         vertex -2.24467930820538E-05 -8.62068918650039E-06 7.65000004321337E-05
      endloop
   endfacet
   facet normal 0 0 -1
      outer loop
         vertex -2.58950676652603E-05 -8.62068918650039E-06 7.65000004321337E-05
         vertex -2.24467930820538E-05 -8.62068918650039E-06 7.65000004321337E-05
         vertex -2.58950676652603E-05 -1.20689655886963E-05 7.65000004321337E-05
      endloop
   endfacet
   facet normal 0 0 -1
      outer loop
         vertex -2.58950676652603E-05 -1.20689655886963E-05 7.65000004321337E-05
         vertex -2.24467930820538E-05 -8.62068918650039E-06 7.65000004321337E-05
         vertex -2.24467930820538E-05 -1.20689655886963E-05 7.65000004321337E-05
      endloop
   endfacet
   facet normal 0 0 -1
      outer loop
         vertex -2.58950676652603E-05 -1.20689655886963E-05 7.65000004321337E-05
         vertex -2.24467930820538E-05 -1.20689655886963E-05 7.65000004321337E-05
         vertex -2.58950676652603E-05 -1.55172419908922E-05 7.65000004321337E-05
      endloop
   endfacet
   facet normal 0 0 -1
      outer loop
         vertex -2.58950676652603E-05 -1.55172419908922E-05 7.65000004321337E-05
         vertex -2.24467930820538E-05 -1.20689655886963E-05 7.65000004321337E-05
         vertex -2.24467930820538E-05 -1.55172419908922E-05 7.65000004321337E-05
      endloop
   endfacet
   facet normal 0 0 -1
      outer loop
         vertex -2.58950676652603E-05 -1.55172419908922E-05 7.65000004321337E-05
         vertex -2.24467930820538E-05 -1.55172419908922E-05 7.65000004321337E-05
         vertex -2.58950676652603E-05 -1.89655183930881E-05 7.65000004321337E-05
      endloop
   endfacet
   facet normal 0 0 -1
      outer loop
         vertex -2.58950676652603E-05 -1.89655183930881E-05 7.65000004321337E-05
         vertex -2.24467930820538E-05 -1.55172419908922E-05 7.65000004321337E-05
         vertex -2.24467930820538E-05 -1.89655183930881E-05 7.65000004321337E-05
      endloop
   endfacet
   facet normal 0 0 -1
      outer loop
         vertex -2.58950676652603E-05 -1.89655183930881E-05 7.65000004321337E-05
         vertex -2.24467930820538E-05 -1.89655183930881E-05 7.65000004321337E-05
         vertex -2.58950676652603E-05 -2.2413794795284E-05 7.65000004321337E-05
      endloop
   endfacet
   facet normal 0 0 -1
      outer loop
         vertex -2.58950676652603E-05 -2.2413794795284E-05 7.65000004321337E-05
         vertex -2.24467930820538E-05 -1.89655183930881E-05 7.65000004321337E-05
         vertex -2.24467930820538E-05 -2.2413794795284E-05 7.65000004321337E-05
      endloop
   endfacet
   facet normal 0 0 -1
      outer loop
         vertex -2.24467930820538E-05 1.55172419908922E-05 7.65000004321337E-05
         vertex -1.89985166798579E-05 1.55172419908922E-05 7.65000004321337E-05
         vertex -2.24467930820538E-05 1.20689655886963E-05 7.65000004321337E-05
      endloop
   endfacet
   facet normal 0 0 -1
      outer loop
         vertex -2.24467930820538E-05 1.20689655886963E-05 7.65000004321337E-05
         vertex -1.89985166798579E-05 1.55172419908922E-05 7.65000004321337E-05
         vertex -1.89985166798579E-05 1.20689655886963E-05 7.65000004321337E-05
      endloop
   endfacet
   facet normal 0 0 -1
      outer loop
         vertex -2.24467930820538E-05 1.20689655886963E-05 7.65000004321337E-05
         vertex -1.89985166798579E-05 1.20689655886963E-05 7.65000004321337E-05
         vertex -2.24467930820538E-05 8.62068918650039E-06 7.65000004321337E-05
      endloop
   endfacet
   facet normal 0 0 -1
      outer loop
         vertex -2.24467930820538E-05 8.62068918650039E-06 7.65000004321337E-05
         vertex -1.89985166798579E-05 1.20689655886963E-05 7.65000004321337E-05
         vertex -1.89985166798579E-05 8.62068918650039E-06 7.65000004321337E-05
      endloop
   endfacet
   facet normal 0 0 -1
      outer loop
         vertex -2.24467930820538E-05 8.62068918650039E-06 7.65000004321337E-05
         vertex -1.89985166798579E-05 8.62068918650039E-06 7.65000004321337E-05
         vertex -2.24467930820538E-05 5.17241369379917E-06 7.65000004321337E-05
      endloop
   endfacet
   facet normal 0 0 -1
      outer loop
         vertex -2.24467930820538E-05 5.17241369379917E-06 7.65000004321337E-05
         vertex -1.89985166798579E-05 8.62068918650039E-06 7.65000004321337E-05
         vertex -1.89985166798579E-05 5.17241369379917E-06 7.65000004321337E-05
      endloop
   endfacet
   facet normal 0 0 -1
      outer loop
         vertex -2.24467930820538E-05 5.17241369379917E-06 7.65000004321337E-05
         vertex -1.89985166798579E-05 5.17241369379917E-06 7.65000004321337E-05
         vertex -2.24467930820538E-05 1.72413797372428E-06 7.65000004321337E-05
      endloop
   endfacet
   facet normal 0 0 -1
      outer loop
         vertex -2.24467930820538E-05 1.72413797372428E-06 7.65000004321337E-05
         vertex -1.89985166798579E-05 5.17241369379917E-06 7.65000004321337E-05
         vertex -1.89985166798579E-05 1.72413797372428E-06 7.65000004321337E-05
      endloop
   endfacet
   facet normal 0 0 -1
      outer loop
         vertex -2.24467930820538E-05 1.72413797372428E-06 7.65000004321337E-05
         vertex -1.89985166798579E-05 1.72413797372428E-06 7.65000004321337E-05
         vertex -2.24467930820538E-05 -1.72413797372428E-06 7.65000004321337E-05
      endloop
   endfacet
   facet normal 0 0 -1
      outer loop
         vertex -2.24467930820538E-05 -1.72413797372428E-06 7.65000004321337E-05
         vertex -1.89985166798579E-05 1.72413797372428E-06 7.65000004321337E-05
         vertex -1.89985166798579E-05 -1.72413797372428E-06 7.65000004321337E-05
      endloop
   endfacet
   facet normal 0 0 -1
      outer loop
         vertex -2.24467930820538E-05 -1.72413797372428E-06 7.65000004321337E-05
         vertex -1.89985166798579E-05 -1.72413797372428E-06 7.65000004321337E-05
         vertex -2.24467930820538E-05 -5.17241369379917E-06 7.65000004321337E-05
      endloop
   endfacet
   facet normal 0 0 -1
      outer loop
         vertex -2.24467930820538E-05 -5.17241369379917E-06 7.65000004321337E-05
         vertex -1.89985166798579E-05 -1.72413797372428E-06 7.65000004321337E-05
         vertex -1.89985166798579E-05 -5.17241369379917E-06 7.65000004321337E-05
      endloop
   endfacet
   facet normal 0 0 -1
      outer loop
         vertex -2.24467930820538E-05 -5.17241369379917E-06 7.65000004321337E-05
         vertex -1.89985166798579E-05 -5.17241369379917E-06 7.65000004321337E-05
         vertex -2.24467930820538E-05 -8.62068918650039E-06 7.65000004321337E-05
      endloop
   endfacet
   facet normal 0 0 -1
      outer loop
         vertex -2.24467930820538E-05 -8.62068918650039E-06 7.65000004321337E-05
         vertex -1.89985166798579E-05 -5.17241369379917E-06 7.65000004321337E-05
         vertex -1.89985166798579E-05 -8.62068918650039E-06 7.65000004321337E-05
      endloop
   endfacet
   facet normal 0 0 -1
      outer loop
         vertex -2.24467930820538E-05 -8.62068918650039E-06 7.65000004321337E-05
         vertex -1.89985166798579E-05 -8.62068918650039E-06 7.65000004321337E-05
         vertex -2.24467930820538E-05 -1.20689655886963E-05 7.65000004321337E-05
      endloop
   endfacet
   facet normal 0 0 -1
      outer loop
         vertex -2.24467930820538E-05 -1.20689655886963E-05 7.65000004321337E-05
         vertex -1.89985166798579E-05 -8.62068918650039E-06 7.65000004321337E-05
         vertex -1.89985166798579E-05 -1.20689655886963E-05 7.65000004321337E-05
      endloop
   endfacet
   facet normal 0 0 -1
      outer loop
         vertex -2.24467930820538E-05 -1.20689655886963E-05 7.65000004321337E-05
         vertex -1.89985166798579E-05 -1.20689655886963E-05 7.65000004321337E-05
         vertex -2.24467930820538E-05 -1.55172419908922E-05 7.65000004321337E-05
      endloop
   endfacet
   facet normal 0 0 -1
      outer loop
         vertex -2.24467930820538E-05 -1.55172419908922E-05 7.65000004321337E-05
         vertex -1.89985166798579E-05 -1.20689655886963E-05 7.65000004321337E-05
         vertex -1.89985166798579E-05 -1.55172419908922E-05 7.65000004321337E-05
      endloop
   endfacet
   facet normal 0 0 -1
      outer loop
         vertex -2.24467930820538E-05 -1.55172419908922E-05 7.65000004321337E-05
         vertex -1.89985166798579E-05 -1.55172419908922E-05 7.65000004321337E-05
         vertex -2.24467930820538E-05 -1.89655183930881E-05 7.65000004321337E-05
      endloop
   endfacet
   facet normal 0 0 -1
      outer loop
         vertex -2.24467930820538E-05 -1.89655183930881E-05 7.65000004321337E-05
         vertex -1.89985166798579E-05 -1.55172419908922E-05 7.65000004321337E-05
         vertex -1.89985166798579E-05 -1.89655183930881E-05 7.65000004321337E-05
      endloop
   endfacet
   facet normal 0 0 -1
      outer loop
         vertex -2.24467930820538E-05 -1.89655183930881E-05 7.65000004321337E-05
         vertex -1.89985166798579E-05 -1.89655183930881E-05 7.65000004321337E-05
         vertex -2.24467930820538E-05 -2.2413794795284E-05 7.65000004321337E-05
      endloop
   endfacet
   facet normal 0 0 -1
      outer loop
         vertex -2.24467930820538E-05 -2.2413794795284E-05 7.65000004321337E-05
         vertex -1.89985166798579E-05 -1.89655183930881E-05 7.65000004321337E-05
         vertex -1.89985166798579E-05 -2.2413794795284E-05 7.65000004321337E-05
      endloop
   endfacet
   facet normal 0 0 -1
      outer loop
         vertex -1.89985166798579E-05 1.89655183930881E-05 7.65000004321337E-05
         vertex -1.55502420966513E-05 1.89655183930881E-05 7.65000004321337E-05
         vertex -1.89985166798579E-05 1.55172419908922E-05 7.65000004321337E-05
      endloop
   endfacet
   facet normal 0 0 -1
      outer loop
         vertex -1.89985166798579E-05 1.55172419908922E-05 7.65000004321337E-05
         vertex -1.55502420966513E-05 1.89655183930881E-05 7.65000004321337E-05
         vertex -1.55502420966513E-05 1.55172419908922E-05 7.65000004321337E-05
      endloop
   endfacet
   facet normal 0 0 -1
      outer loop
         vertex -1.89985166798579E-05 1.55172419908922E-05 7.65000004321337E-05
         vertex -1.55502420966513E-05 1.55172419908922E-05 7.65000004321337E-05
         vertex -1.89985166798579E-05 1.20689655886963E-05 7.65000004321337E-05
      endloop
   endfacet
   facet normal 0 0 -1
      outer loop
         vertex -1.89985166798579E-05 1.20689655886963E-05 7.65000004321337E-05
         vertex -1.55502420966513E-05 1.55172419908922E-05 7.65000004321337E-05
         vertex -1.55502420966513E-05 1.20689655886963E-05 7.65000004321337E-05
      endloop
   endfacet
   facet normal 0 0 -1
      outer loop
         vertex -1.89985166798579E-05 1.20689655886963E-05 7.65000004321337E-05
         vertex -1.55502420966513E-05 1.20689655886963E-05 7.65000004321337E-05
         vertex -1.89985166798579E-05 8.62068918650039E-06 7.65000004321337E-05
      endloop
   endfacet
   facet normal 0 0 -1
      outer loop
         vertex -1.89985166798579E-05 8.62068918650039E-06 7.65000004321337E-05
         vertex -1.55502420966513E-05 1.20689655886963E-05 7.65000004321337E-05
         vertex -1.55502420966513E-05 8.62068918650039E-06 7.65000004321337E-05
      endloop
   endfacet
   facet normal 0 0 -1
      outer loop
         vertex -1.89985166798579E-05 8.62068918650039E-06 7.65000004321337E-05
         vertex -1.55502420966513E-05 8.62068918650039E-06 7.65000004321337E-05
         vertex -1.89985166798579E-05 5.17241369379917E-06 7.65000004321337E-05
      endloop
   endfacet
   facet normal 0 0 -1
      outer loop
         vertex -1.89985166798579E-05 5.17241369379917E-06 7.65000004321337E-05
         vertex -1.55502420966513E-05 8.62068918650039E-06 7.65000004321337E-05
         vertex -1.55502420966513E-05 5.17241369379917E-06 7.65000004321337E-05
      endloop
   endfacet
   facet normal 0 0 -1
      outer loop
         vertex -1.89985166798579E-05 5.17241369379917E-06 7.65000004321337E-05
         vertex -1.55502420966513E-05 5.17241369379917E-06 7.65000004321337E-05
         vertex -1.89985166798579E-05 1.72413797372428E-06 7.65000004321337E-05
      endloop
   endfacet
   facet normal 0 0 -1
      outer loop
         vertex -1.89985166798579E-05 1.72413797372428E-06 7.65000004321337E-05
         vertex -1.55502420966513E-05 5.17241369379917E-06 7.65000004321337E-05
         vertex -1.55502420966513E-05 1.72413797372428E-06 7.65000004321337E-05
      endloop
   endfacet
   facet normal 0 0 -1
      outer loop
         vertex -1.89985166798579E-05 1.72413797372428E-06 7.65000004321337E-05
         vertex -1.55502420966513E-05 1.72413797372428E-06 7.65000004321337E-05
         vertex -1.89985166798579E-05 -1.72413797372428E-06 7.65000004321337E-05
      endloop
   endfacet
   facet normal 0 0 -1
      outer loop
         vertex -1.89985166798579E-05 -1.72413797372428E-06 7.65000004321337E-05
         vertex -1.55502420966513E-05 1.72413797372428E-06 7.65000004321337E-05
         vertex -1.55502420966513E-05 -1.72413797372428E-06 7.65000004321337E-05
      endloop
   endfacet
   facet normal 0 0 -1
      outer loop
         vertex -1.89985166798579E-05 -1.72413797372428E-06 7.65000004321337E-05
         vertex -1.55502420966513E-05 -1.72413797372428E-06 7.65000004321337E-05
         vertex -1.89985166798579E-05 -5.17241369379917E-06 7.65000004321337E-05
      endloop
   endfacet
   facet normal 0 0 -1
      outer loop
         vertex -1.89985166798579E-05 -5.17241369379917E-06 7.65000004321337E-05
         vertex -1.55502420966513E-05 -1.72413797372428E-06 7.65000004321337E-05
         vertex -1.55502420966513E-05 -5.17241369379917E-06 7.65000004321337E-05
      endloop
   endfacet
   facet normal 0 0 -1
      outer loop
         vertex -1.89985166798579E-05 -5.17241369379917E-06 7.65000004321337E-05
         vertex -1.55502420966513E-05 -5.17241369379917E-06 7.65000004321337E-05
         vertex -1.89985166798579E-05 -8.62068918650039E-06 7.65000004321337E-05
      endloop
   endfacet
   facet normal 0 0 -1
      outer loop
         vertex -1.89985166798579E-05 -8.62068918650039E-06 7.65000004321337E-05
         vertex -1.55502420966513E-05 -5.17241369379917E-06 7.65000004321337E-05
         vertex -1.55502420966513E-05 -8.62068918650039E-06 7.65000004321337E-05
      endloop
   endfacet
   facet normal 0 0 -1
      outer loop
         vertex -1.89985166798579E-05 -8.62068918650039E-06 7.65000004321337E-05
         vertex -1.55502420966513E-05 -8.62068918650039E-06 7.65000004321337E-05
         vertex -1.89985166798579E-05 -1.20689655886963E-05 7.65000004321337E-05
      endloop
   endfacet
   facet normal 0 0 -1
      outer loop
         vertex -1.89985166798579E-05 -1.20689655886963E-05 7.65000004321337E-05
         vertex -1.55502420966513E-05 -8.62068918650039E-06 7.65000004321337E-05
         vertex -1.55502420966513E-05 -1.20689655886963E-05 7.65000004321337E-05
      endloop
   endfacet
   facet normal 0 0 -1
      outer loop
         vertex -1.89985166798579E-05 -1.20689655886963E-05 7.65000004321337E-05
         vertex -1.55502420966513E-05 -1.20689655886963E-05 7.65000004321337E-05
         vertex -1.89985166798579E-05 -1.55172419908922E-05 7.65000004321337E-05
      endloop
   endfacet
   facet normal 0 0 -1
      outer loop
         vertex -1.89985166798579E-05 -1.55172419908922E-05 7.65000004321337E-05
         vertex -1.55502420966513E-05 -1.20689655886963E-05 7.65000004321337E-05
         vertex -1.55502420966513E-05 -1.55172419908922E-05 7.65000004321337E-05
      endloop
   endfacet
   facet normal 0 0 -1
      outer loop
         vertex -1.89985166798579E-05 -1.55172419908922E-05 7.65000004321337E-05
         vertex -1.55502420966513E-05 -1.55172419908922E-05 7.65000004321337E-05
         vertex -1.89985166798579E-05 -1.89655183930881E-05 7.65000004321337E-05
      endloop
   endfacet
   facet normal 0 0 -1
      outer loop
         vertex -1.89985166798579E-05 -1.89655183930881E-05 7.65000004321337E-05
         vertex -1.55502420966513E-05 -1.55172419908922E-05 7.65000004321337E-05
         vertex -1.55502420966513E-05 -1.89655183930881E-05 7.65000004321337E-05
      endloop
   endfacet
   facet normal 0 0 -1
      outer loop
         vertex -1.89985166798579E-05 -1.89655183930881E-05 7.65000004321337E-05
         vertex -1.55502420966513E-05 -1.89655183930881E-05 7.65000004321337E-05
         vertex -1.89985166798579E-05 -2.2413794795284E-05 7.65000004321337E-05
      endloop
   endfacet
   facet normal 0 0 -1
      outer loop
         vertex -1.89985166798579E-05 -2.2413794795284E-05 7.65000004321337E-05
         vertex -1.55502420966513E-05 -1.89655183930881E-05 7.65000004321337E-05
         vertex -1.55502420966513E-05 -2.2413794795284E-05 7.65000004321337E-05
      endloop
   endfacet
   facet normal 0 0 -1
      outer loop
         vertex -1.55502420966513E-05 2.2413794795284E-05 7.65000004321337E-05
         vertex -1.21019656944554E-05 2.2413794795284E-05 7.65000004321337E-05
         vertex -1.55502420966513E-05 1.89655183930881E-05 7.65000004321337E-05
      endloop
   endfacet
   facet normal 0 0 -1
      outer loop
         vertex -1.55502420966513E-05 1.89655183930881E-05 7.65000004321337E-05
         vertex -1.21019656944554E-05 2.2413794795284E-05 7.65000004321337E-05
         vertex -1.21019656944554E-05 1.89655183930881E-05 7.65000004321337E-05
      endloop
   endfacet
   facet normal 0 0 -1
      outer loop
         vertex -1.55502420966513E-05 1.89655183930881E-05 7.65000004321337E-05
         vertex -1.21019656944554E-05 1.89655183930881E-05 7.65000004321337E-05
         vertex -1.55502420966513E-05 1.55172419908922E-05 7.65000004321337E-05
      endloop
   endfacet
   facet normal 0 0 -1
      outer loop
         vertex -1.55502420966513E-05 1.55172419908922E-05 7.65000004321337E-05
         vertex -1.21019656944554E-05 1.89655183930881E-05 7.65000004321337E-05
         vertex -1.21019656944554E-05 1.55172419908922E-05 7.65000004321337E-05
      endloop
   endfacet
   facet normal 0 0 -1
      outer loop
         vertex -1.55502420966513E-05 1.55172419908922E-05 7.65000004321337E-05
         vertex -1.21019656944554E-05 1.55172419908922E-05 7.65000004321337E-05
         vertex -1.55502420966513E-05 1.20689655886963E-05 7.65000004321337E-05
      endloop
   endfacet
   facet normal 0 0 -1
      outer loop
         vertex -1.55502420966513E-05 1.20689655886963E-05 7.65000004321337E-05
         vertex -1.21019656944554E-05 1.55172419908922E-05 7.65000004321337E-05
         vertex -1.21019656944554E-05 1.20689655886963E-05 7.65000004321337E-05
      endloop
   endfacet
   facet normal 0 0 -1
      outer loop
         vertex -1.55502420966513E-05 1.20689655886963E-05 7.65000004321337E-05
         vertex -1.21019656944554E-05 1.20689655886963E-05 7.65000004321337E-05
         vertex -1.55502420966513E-05 8.62068918650039E-06 7.65000004321337E-05
      endloop
   endfacet
   facet normal 0 0 -1
      outer loop
         vertex -1.55502420966513E-05 8.62068918650039E-06 7.65000004321337E-05
         vertex -1.21019656944554E-05 1.20689655886963E-05 7.65000004321337E-05
         vertex -1.21019656944554E-05 8.62068918650039E-06 7.65000004321337E-05
      endloop
   endfacet
   facet normal 0 0 -1
      outer loop
         vertex -1.55502420966513E-05 8.62068918650039E-06 7.65000004321337E-05
         vertex -1.21019656944554E-05 8.62068918650039E-06 7.65000004321337E-05
         vertex -1.55502420966513E-05 5.17241369379917E-06 7.65000004321337E-05
      endloop
   endfacet
   facet normal 0 0 -1
      outer loop
         vertex -1.55502420966513E-05 5.17241369379917E-06 7.65000004321337E-05
         vertex -1.21019656944554E-05 8.62068918650039E-06 7.65000004321337E-05
         vertex -1.21019656944554E-05 5.17241369379917E-06 7.65000004321337E-05
      endloop
   endfacet
   facet normal 0 0 -1
      outer loop
         vertex -1.55502420966513E-05 5.17241369379917E-06 7.65000004321337E-05
         vertex -1.21019656944554E-05 5.17241369379917E-06 7.65000004321337E-05
         vertex -1.55502420966513E-05 1.72413797372428E-06 7.65000004321337E-05
      endloop
   endfacet
   facet normal 0 0 -1
      outer loop
         vertex -1.55502420966513E-05 1.72413797372428E-06 7.65000004321337E-05
         vertex -1.21019656944554E-05 5.17241369379917E-06 7.65000004321337E-05
         vertex -1.21019656944554E-05 1.72413797372428E-06 7.65000004321337E-05
      endloop
   endfacet
   facet normal 0 0 -1
      outer loop
         vertex -1.55502420966513E-05 1.72413797372428E-06 7.65000004321337E-05
         vertex -1.21019656944554E-05 1.72413797372428E-06 7.65000004321337E-05
         vertex -1.55502420966513E-05 -1.72413797372428E-06 7.65000004321337E-05
      endloop
   endfacet
   facet normal 0 0 -1
      outer loop
         vertex -1.55502420966513E-05 -1.72413797372428E-06 7.65000004321337E-05
         vertex -1.21019656944554E-05 1.72413797372428E-06 7.65000004321337E-05
         vertex -1.21019656944554E-05 -1.72413797372428E-06 7.65000004321337E-05
      endloop
   endfacet
   facet normal 0 0 -1
      outer loop
         vertex -1.55502420966513E-05 -1.72413797372428E-06 7.65000004321337E-05
         vertex -1.21019656944554E-05 -1.72413797372428E-06 7.65000004321337E-05
         vertex -1.55502420966513E-05 -5.17241369379917E-06 7.65000004321337E-05
      endloop
   endfacet
   facet normal 0 0 -1
      outer loop
         vertex -1.55502420966513E-05 -5.17241369379917E-06 7.65000004321337E-05
         vertex -1.21019656944554E-05 -1.72413797372428E-06 7.65000004321337E-05
         vertex -1.21019656944554E-05 -5.17241369379917E-06 7.65000004321337E-05
      endloop
   endfacet
   facet normal 0 0 -1
      outer loop
         vertex -1.55502420966513E-05 -5.17241369379917E-06 7.65000004321337E-05
         vertex -1.21019656944554E-05 -5.17241369379917E-06 7.65000004321337E-05
         vertex -1.55502420966513E-05 -8.62068918650039E-06 7.65000004321337E-05
      endloop
   endfacet
   facet normal 0 0 -1
      outer loop
         vertex -1.55502420966513E-05 -8.62068918650039E-06 7.65000004321337E-05
         vertex -1.21019656944554E-05 -5.17241369379917E-06 7.65000004321337E-05
         vertex -1.21019656944554E-05 -8.62068918650039E-06 7.65000004321337E-05
      endloop
   endfacet
   facet normal 0 0 -1
      outer loop
         vertex -1.55502420966513E-05 -8.62068918650039E-06 7.65000004321337E-05
         vertex -1.21019656944554E-05 -8.62068918650039E-06 7.65000004321337E-05
         vertex -1.55502420966513E-05 -1.20689655886963E-05 7.65000004321337E-05
      endloop
   endfacet
   facet normal 0 0 -1
      outer loop
         vertex -1.55502420966513E-05 -1.20689655886963E-05 7.65000004321337E-05
         vertex -1.21019656944554E-05 -8.62068918650039E-06 7.65000004321337E-05
         vertex -1.21019656944554E-05 -1.20689655886963E-05 7.65000004321337E-05
      endloop
   endfacet
   facet normal 0 0 -1
      outer loop
         vertex -1.55502420966513E-05 -1.20689655886963E-05 7.65000004321337E-05
         vertex -1.21019656944554E-05 -1.20689655886963E-05 7.65000004321337E-05
         vertex -1.55502420966513E-05 -1.55172419908922E-05 7.65000004321337E-05
      endloop
   endfacet
   facet normal 0 0 -1
      outer loop
         vertex -1.55502420966513E-05 -1.55172419908922E-05 7.65000004321337E-05
         vertex -1.21019656944554E-05 -1.20689655886963E-05 7.65000004321337E-05
         vertex -1.21019656944554E-05 -1.55172419908922E-05 7.65000004321337E-05
      endloop
   endfacet
   facet normal 0 0 -1
      outer loop
         vertex -1.55502420966513E-05 -1.55172419908922E-05 7.65000004321337E-05
         vertex -1.21019656944554E-05 -1.55172419908922E-05 7.65000004321337E-05
         vertex -1.55502420966513E-05 -1.89655183930881E-05 7.65000004321337E-05
      endloop
   endfacet
   facet normal 0 0 -1
      outer loop
         vertex -1.55502420966513E-05 -1.89655183930881E-05 7.65000004321337E-05
         vertex -1.21019656944554E-05 -1.55172419908922E-05 7.65000004321337E-05
         vertex -1.21019656944554E-05 -1.89655183930881E-05 7.65000004321337E-05
      endloop
   endfacet
   facet normal 0 0 -1
      outer loop
         vertex -1.55502420966513E-05 -1.89655183930881E-05 7.65000004321337E-05
         vertex -1.21019656944554E-05 -1.89655183930881E-05 7.65000004321337E-05
         vertex -1.55502420966513E-05 -2.2413794795284E-05 7.65000004321337E-05
      endloop
   endfacet
   facet normal 0 0 -1
      outer loop
         vertex -1.55502420966513E-05 -2.2413794795284E-05 7.65000004321337E-05
         vertex -1.21019656944554E-05 -1.89655183930881E-05 7.65000004321337E-05
         vertex -1.21019656944554E-05 -2.2413794795284E-05 7.65000004321337E-05
      endloop
   endfacet
   facet normal 0 0 -1
      outer loop
         vertex -1.21019656944554E-05 2.58620693784906E-05 7.65000004321337E-05
         vertex -8.65369020175422E-06 2.58620693784906E-05 7.65000004321337E-05
         vertex -1.21019656944554E-05 2.2413794795284E-05 7.65000004321337E-05
      endloop
   endfacet
   facet normal 0 0 -1
      outer loop
         vertex -1.21019656944554E-05 2.2413794795284E-05 7.65000004321337E-05
         vertex -8.65369020175422E-06 2.58620693784906E-05 7.65000004321337E-05
         vertex -8.65369020175422E-06 2.2413794795284E-05 7.65000004321337E-05
      endloop
   endfacet
   facet normal 0 0 -1
      outer loop
         vertex -1.21019656944554E-05 2.2413794795284E-05 7.65000004321337E-05
         vertex -8.65369020175422E-06 2.2413794795284E-05 7.65000004321337E-05
         vertex -1.21019656944554E-05 1.89655183930881E-05 7.65000004321337E-05
      endloop
   endfacet
   facet normal 0 0 -1
      outer loop
         vertex -1.21019656944554E-05 1.89655183930881E-05 7.65000004321337E-05
         vertex -8.65369020175422E-06 2.2413794795284E-05 7.65000004321337E-05
         vertex -8.65369020175422E-06 1.89655183930881E-05 7.65000004321337E-05
      endloop
   endfacet
   facet normal 0 0 -1
      outer loop
         vertex -1.21019656944554E-05 1.89655183930881E-05 7.65000004321337E-05
         vertex -8.65369020175422E-06 1.89655183930881E-05 7.65000004321337E-05
         vertex -1.21019656944554E-05 1.55172419908922E-05 7.65000004321337E-05
      endloop
   endfacet
   facet normal 0 0 -1
      outer loop
         vertex -1.21019656944554E-05 1.55172419908922E-05 7.65000004321337E-05
         vertex -8.65369020175422E-06 1.89655183930881E-05 7.65000004321337E-05
         vertex -8.65369020175422E-06 1.55172419908922E-05 7.65000004321337E-05
      endloop
   endfacet
   facet normal 0 0 -1
      outer loop
         vertex -1.21019656944554E-05 1.55172419908922E-05 7.65000004321337E-05
         vertex -8.65369020175422E-06 1.55172419908922E-05 7.65000004321337E-05
         vertex -1.21019656944554E-05 1.20689655886963E-05 7.65000004321337E-05
      endloop
   endfacet
   facet normal 0 0 -1
      outer loop
         vertex -1.21019656944554E-05 1.20689655886963E-05 7.65000004321337E-05
         vertex -8.65369020175422E-06 1.55172419908922E-05 7.65000004321337E-05
         vertex -8.65369020175422E-06 1.20689655886963E-05 7.65000004321337E-05
      endloop
   endfacet
   facet normal 0 0 -1
      outer loop
         vertex -1.21019656944554E-05 1.20689655886963E-05 7.65000004321337E-05
         vertex -8.65369020175422E-06 1.20689655886963E-05 7.65000004321337E-05
         vertex -1.21019656944554E-05 8.62068918650039E-06 7.65000004321337E-05
      endloop
   endfacet
   facet normal 0 0 -1
      outer loop
         vertex -1.21019656944554E-05 8.62068918650039E-06 7.65000004321337E-05
         vertex -8.65369020175422E-06 1.20689655886963E-05 7.65000004321337E-05
         vertex -8.65369020175422E-06 8.62068918650039E-06 7.65000004321337E-05
      endloop
   endfacet
   facet normal 0 0 -1
      outer loop
         vertex -1.21019656944554E-05 8.62068918650039E-06 7.65000004321337E-05
         vertex -8.65369020175422E-06 8.62068918650039E-06 7.65000004321337E-05
         vertex -1.21019656944554E-05 5.17241369379917E-06 7.65000004321337E-05
      endloop
   endfacet
   facet normal 0 0 -1
      outer loop
         vertex -1.21019656944554E-05 5.17241369379917E-06 7.65000004321337E-05
         vertex -8.65369020175422E-06 8.62068918650039E-06 7.65000004321337E-05
         vertex -8.65369020175422E-06 5.17241369379917E-06 7.65000004321337E-05
      endloop
   endfacet
   facet normal 0 0 -1
      outer loop
         vertex -1.21019656944554E-05 5.17241369379917E-06 7.65000004321337E-05
         vertex -8.65369020175422E-06 5.17241369379917E-06 7.65000004321337E-05
         vertex -1.21019656944554E-05 1.72413797372428E-06 7.65000004321337E-05
      endloop
   endfacet
   facet normal 0 0 -1
      outer loop
         vertex -1.21019656944554E-05 1.72413797372428E-06 7.65000004321337E-05
         vertex -8.65369020175422E-06 5.17241369379917E-06 7.65000004321337E-05
         vertex -8.65369020175422E-06 1.72413797372428E-06 7.65000004321337E-05
      endloop
   endfacet
   facet normal 0 0 -1
      outer loop
         vertex -1.21019656944554E-05 1.72413797372428E-06 7.65000004321337E-05
         vertex -8.65369020175422E-06 1.72413797372428E-06 7.65000004321337E-05
         vertex -1.21019656944554E-05 -1.72413797372428E-06 7.65000004321337E-05
      endloop
   endfacet
   facet normal 0 0 -1
      outer loop
         vertex -1.21019656944554E-05 -1.72413797372428E-06 7.65000004321337E-05
         vertex -8.65369020175422E-06 1.72413797372428E-06 7.65000004321337E-05
         vertex -8.65369020175422E-06 -1.72413797372428E-06 7.65000004321337E-05
      endloop
   endfacet
   facet normal 0 0 -1
      outer loop
         vertex -1.21019656944554E-05 -1.72413797372428E-06 7.65000004321337E-05
         vertex -8.65369020175422E-06 -1.72413797372428E-06 7.65000004321337E-05
         vertex -1.21019656944554E-05 -5.17241369379917E-06 7.65000004321337E-05
      endloop
   endfacet
   facet normal 0 0 -1
      outer loop
         vertex -1.21019656944554E-05 -5.17241369379917E-06 7.65000004321337E-05
         vertex -8.65369020175422E-06 -1.72413797372428E-06 7.65000004321337E-05
         vertex -8.65369020175422E-06 -5.17241369379917E-06 7.65000004321337E-05
      endloop
   endfacet
   facet normal 0 0 -1
      outer loop
         vertex -1.21019656944554E-05 -5.17241369379917E-06 7.65000004321337E-05
         vertex -8.65369020175422E-06 -5.17241369379917E-06 7.65000004321337E-05
         vertex -1.21019656944554E-05 -8.62068918650039E-06 7.65000004321337E-05
      endloop
   endfacet
   facet normal 0 0 -1
      outer loop
         vertex -1.21019656944554E-05 -8.62068918650039E-06 7.65000004321337E-05
         vertex -8.65369020175422E-06 -5.17241369379917E-06 7.65000004321337E-05
         vertex -8.65369020175422E-06 -8.62068918650039E-06 7.65000004321337E-05
      endloop
   endfacet
   facet normal 0 0 -1
      outer loop
         vertex -1.21019656944554E-05 -8.62068918650039E-06 7.65000004321337E-05
         vertex -8.65369020175422E-06 -8.62068918650039E-06 7.65000004321337E-05
         vertex -1.21019656944554E-05 -1.20689655886963E-05 7.65000004321337E-05
      endloop
   endfacet
   facet normal 0 0 -1
      outer loop
         vertex -1.21019656944554E-05 -1.20689655886963E-05 7.65000004321337E-05
         vertex -8.65369020175422E-06 -8.62068918650039E-06 7.65000004321337E-05
         vertex -8.65369020175422E-06 -1.20689655886963E-05 7.65000004321337E-05
      endloop
   endfacet
   facet normal 0 0 -1
      outer loop
         vertex -1.21019656944554E-05 -1.20689655886963E-05 7.65000004321337E-05
         vertex -8.65369020175422E-06 -1.20689655886963E-05 7.65000004321337E-05
         vertex -1.21019656944554E-05 -1.55172419908922E-05 7.65000004321337E-05
      endloop
   endfacet
   facet normal 0 0 -1
      outer loop
         vertex -1.21019656944554E-05 -1.55172419908922E-05 7.65000004321337E-05
         vertex -8.65369020175422E-06 -1.20689655886963E-05 7.65000004321337E-05
         vertex -8.65369020175422E-06 -1.55172419908922E-05 7.65000004321337E-05
      endloop
   endfacet
   facet normal 0 0 -1
      outer loop
         vertex -1.21019656944554E-05 -1.55172419908922E-05 7.65000004321337E-05
         vertex -8.65369020175422E-06 -1.55172419908922E-05 7.65000004321337E-05
         vertex -1.21019656944554E-05 -1.89655183930881E-05 7.65000004321337E-05
      endloop
   endfacet
   facet normal 0 0 -1
      outer loop
         vertex -1.21019656944554E-05 -1.89655183930881E-05 7.65000004321337E-05
         vertex -8.65369020175422E-06 -1.55172419908922E-05 7.65000004321337E-05
         vertex -8.65369020175422E-06 -1.89655183930881E-05 7.65000004321337E-05
      endloop
   endfacet
   facet normal 0 0 -1
      outer loop
         vertex -1.21019656944554E-05 -1.89655183930881E-05 7.65000004321337E-05
         vertex -8.65369020175422E-06 -1.89655183930881E-05 7.65000004321337E-05
         vertex -1.21019656944554E-05 -2.2413794795284E-05 7.65000004321337E-05
      endloop
   endfacet
   facet normal 0 0 -1
      outer loop
         vertex -1.21019656944554E-05 -2.2413794795284E-05 7.65000004321337E-05
         vertex -8.65369020175422E-06 -1.89655183930881E-05 7.65000004321337E-05
         vertex -8.65369020175422E-06 -2.2413794795284E-05 7.65000004321337E-05
      endloop
   endfacet
   facet normal 0 0 -1
      outer loop
         vertex -8.65369020175422E-06 2.93103457806865E-05 7.65000004321337E-05
         vertex -5.2054137995583E-06 2.93103457806865E-05 7.65000004321337E-05
         vertex -8.65369020175422E-06 2.58620693784906E-05 7.65000004321337E-05
      endloop
   endfacet
   facet normal 0 0 -1
      outer loop
         vertex -8.65369020175422E-06 2.58620693784906E-05 7.65000004321337E-05
         vertex -5.2054137995583E-06 2.93103457806865E-05 7.65000004321337E-05
         vertex -5.2054137995583E-06 2.58620693784906E-05 7.65000004321337E-05
      endloop
   endfacet
   facet normal 0 0 -1
      outer loop
         vertex -8.65369020175422E-06 2.58620693784906E-05 7.65000004321337E-05
         vertex -5.2054137995583E-06 2.58620693784906E-05 7.65000004321337E-05
         vertex -8.65369020175422E-06 2.2413794795284E-05 7.65000004321337E-05
      endloop
   endfacet
   facet normal 0 0 -1
      outer loop
         vertex -8.65369020175422E-06 2.2413794795284E-05 7.65000004321337E-05
         vertex -5.2054137995583E-06 2.58620693784906E-05 7.65000004321337E-05
         vertex -5.2054137995583E-06 2.2413794795284E-05 7.65000004321337E-05
      endloop
   endfacet
   facet normal 0 0 -1
      outer loop
         vertex -8.65369020175422E-06 2.2413794795284E-05 7.65000004321337E-05
         vertex -5.2054137995583E-06 2.2413794795284E-05 7.65000004321337E-05
         vertex -8.65369020175422E-06 1.89655183930881E-05 7.65000004321337E-05
      endloop
   endfacet
   facet normal 0 0 -1
      outer loop
         vertex -8.65369020175422E-06 1.89655183930881E-05 7.65000004321337E-05
         vertex -5.2054137995583E-06 2.2413794795284E-05 7.65000004321337E-05
         vertex -5.2054137995583E-06 1.89655183930881E-05 7.65000004321337E-05
      endloop
   endfacet
   facet normal 0 0 -1
      outer loop
         vertex -8.65369020175422E-06 1.89655183930881E-05 7.65000004321337E-05
         vertex -5.2054137995583E-06 1.89655183930881E-05 7.65000004321337E-05
         vertex -8.65369020175422E-06 1.55172419908922E-05 7.65000004321337E-05
      endloop
   endfacet
   facet normal 0 0 -1
      outer loop
         vertex -8.65369020175422E-06 1.55172419908922E-05 7.65000004321337E-05
         vertex -5.2054137995583E-06 1.89655183930881E-05 7.65000004321337E-05
         vertex -5.2054137995583E-06 1.55172419908922E-05 7.65000004321337E-05
      endloop
   endfacet
   facet normal 0 0 -1
      outer loop
         vertex -8.65369020175422E-06 1.55172419908922E-05 7.65000004321337E-05
         vertex -5.2054137995583E-06 1.55172419908922E-05 7.65000004321337E-05
         vertex -8.65369020175422E-06 1.20689655886963E-05 7.65000004321337E-05
      endloop
   endfacet
   facet normal 0 0 -1
      outer loop
         vertex -8.65369020175422E-06 1.20689655886963E-05 7.65000004321337E-05
         vertex -5.2054137995583E-06 1.55172419908922E-05 7.65000004321337E-05
         vertex -5.2054137995583E-06 1.20689655886963E-05 7.65000004321337E-05
      endloop
   endfacet
   facet normal 0 0 -1
      outer loop
         vertex -8.65369020175422E-06 1.20689655886963E-05 7.65000004321337E-05
         vertex -5.2054137995583E-06 1.20689655886963E-05 7.65000004321337E-05
         vertex -8.65369020175422E-06 8.62068918650039E-06 7.65000004321337E-05
      endloop
   endfacet
   facet normal 0 0 -1
      outer loop
         vertex -8.65369020175422E-06 8.62068918650039E-06 7.65000004321337E-05
         vertex -5.2054137995583E-06 1.20689655886963E-05 7.65000004321337E-05
         vertex -5.2054137995583E-06 8.62068918650039E-06 7.65000004321337E-05
      endloop
   endfacet
   facet normal 0 0 -1
      outer loop
         vertex -8.65369020175422E-06 8.62068918650039E-06 7.65000004321337E-05
         vertex -5.2054137995583E-06 8.62068918650039E-06 7.65000004321337E-05
         vertex -8.65369020175422E-06 5.17241369379917E-06 7.65000004321337E-05
      endloop
   endfacet
   facet normal 0 0 -1
      outer loop
         vertex -8.65369020175422E-06 5.17241369379917E-06 7.65000004321337E-05
         vertex -5.2054137995583E-06 8.62068918650039E-06 7.65000004321337E-05
         vertex -5.2054137995583E-06 5.17241369379917E-06 7.65000004321337E-05
      endloop
   endfacet
   facet normal 0 0 -1
      outer loop
         vertex -8.65369020175422E-06 5.17241369379917E-06 7.65000004321337E-05
         vertex -5.2054137995583E-06 5.17241369379917E-06 7.65000004321337E-05
         vertex -8.65369020175422E-06 1.72413797372428E-06 7.65000004321337E-05
      endloop
   endfacet
   facet normal 0 0 -1
      outer loop
         vertex -8.65369020175422E-06 1.72413797372428E-06 7.65000004321337E-05
         vertex -5.2054137995583E-06 5.17241369379917E-06 7.65000004321337E-05
         vertex -5.2054137995583E-06 1.72413797372428E-06 7.65000004321337E-05
      endloop
   endfacet
   facet normal 0 0 -1
      outer loop
         vertex -8.65369020175422E-06 1.72413797372428E-06 7.65000004321337E-05
         vertex -5.2054137995583E-06 1.72413797372428E-06 7.65000004321337E-05
         vertex -8.65369020175422E-06 -1.72413797372428E-06 7.65000004321337E-05
      endloop
   endfacet
   facet normal 0 0 -1
      outer loop
         vertex -8.65369020175422E-06 -1.72413797372428E-06 7.65000004321337E-05
         vertex -5.2054137995583E-06 1.72413797372428E-06 7.65000004321337E-05
         vertex -5.2054137995583E-06 -1.72413797372428E-06 7.65000004321337E-05
      endloop
   endfacet
   facet normal 0 0 -1
      outer loop
         vertex -8.65369020175422E-06 -1.72413797372428E-06 7.65000004321337E-05
         vertex -5.2054137995583E-06 -1.72413797372428E-06 7.65000004321337E-05
         vertex -8.65369020175422E-06 -5.17241369379917E-06 7.65000004321337E-05
      endloop
   endfacet
   facet normal 0 0 -1
      outer loop
         vertex -8.65369020175422E-06 -5.17241369379917E-06 7.65000004321337E-05
         vertex -5.2054137995583E-06 -1.72413797372428E-06 7.65000004321337E-05
         vertex -5.2054137995583E-06 -5.17241369379917E-06 7.65000004321337E-05
      endloop
   endfacet
   facet normal 0 0 -1
      outer loop
         vertex -8.65369020175422E-06 -5.17241369379917E-06 7.65000004321337E-05
         vertex -5.2054137995583E-06 -5.17241369379917E-06 7.65000004321337E-05
         vertex -8.65369020175422E-06 -8.62068918650039E-06 7.65000004321337E-05
      endloop
   endfacet
   facet normal 0 0 -1
      outer loop
         vertex -8.65369020175422E-06 -8.62068918650039E-06 7.65000004321337E-05
         vertex -5.2054137995583E-06 -5.17241369379917E-06 7.65000004321337E-05
         vertex -5.2054137995583E-06 -8.62068918650039E-06 7.65000004321337E-05
      endloop
   endfacet
   facet normal 0 0 -1
      outer loop
         vertex -8.65369020175422E-06 -8.62068918650039E-06 7.65000004321337E-05
         vertex -5.2054137995583E-06 -8.62068918650039E-06 7.65000004321337E-05
         vertex -8.65369020175422E-06 -1.20689655886963E-05 7.65000004321337E-05
      endloop
   endfacet
   facet normal 0 0 -1
      outer loop
         vertex -8.65369020175422E-06 -1.20689655886963E-05 7.65000004321337E-05
         vertex -5.2054137995583E-06 -8.62068918650039E-06 7.65000004321337E-05
         vertex -5.2054137995583E-06 -1.20689655886963E-05 7.65000004321337E-05
      endloop
   endfacet
   facet normal 0 0 -1
      outer loop
         vertex -8.65369020175422E-06 -1.20689655886963E-05 7.65000004321337E-05
         vertex -5.2054137995583E-06 -1.20689655886963E-05 7.65000004321337E-05
         vertex -8.65369020175422E-06 -1.55172419908922E-05 7.65000004321337E-05
      endloop
   endfacet
   facet normal 0 0 -1
      outer loop
         vertex -8.65369020175422E-06 -1.55172419908922E-05 7.65000004321337E-05
         vertex -5.2054137995583E-06 -1.20689655886963E-05 7.65000004321337E-05
         vertex -5.2054137995583E-06 -1.55172419908922E-05 7.65000004321337E-05
      endloop
   endfacet
   facet normal 0 0 -1
      outer loop
         vertex -8.65369020175422E-06 -1.55172419908922E-05 7.65000004321337E-05
         vertex -5.2054137995583E-06 -1.55172419908922E-05 7.65000004321337E-05
         vertex -8.65369020175422E-06 -1.89655183930881E-05 7.65000004321337E-05
      endloop
   endfacet
   facet normal 0 0 -1
      outer loop
         vertex -8.65369020175422E-06 -1.89655183930881E-05 7.65000004321337E-05
         vertex -5.2054137995583E-06 -1.55172419908922E-05 7.65000004321337E-05
         vertex -5.2054137995583E-06 -1.89655183930881E-05 7.65000004321337E-05
      endloop
   endfacet
   facet normal 0 0 -1
      outer loop
         vertex -8.65369020175422E-06 -1.89655183930881E-05 7.65000004321337E-05
         vertex -5.2054137995583E-06 -1.89655183930881E-05 7.65000004321337E-05
         vertex -8.65369020175422E-06 -2.2413794795284E-05 7.65000004321337E-05
      endloop
   endfacet
   facet normal 0 0 -1
      outer loop
         vertex -8.65369020175422E-06 -2.2413794795284E-05 7.65000004321337E-05
         vertex -5.2054137995583E-06 -1.89655183930881E-05 7.65000004321337E-05
         vertex -5.2054137995583E-06 -2.2413794795284E-05 7.65000004321337E-05
      endloop
   endfacet
   facet normal 0 0 -1
      outer loop
         vertex -5.2054137995583E-06 3.2758620363893E-05 7.65000004321337E-05
         vertex -1.75713796579657E-06 3.2758620363893E-05 7.65000004321337E-05
         vertex -5.2054137995583E-06 2.93103457806865E-05 7.65000004321337E-05
      endloop
   endfacet
   facet normal 0 0 -1
      outer loop
         vertex -5.2054137995583E-06 2.93103457806865E-05 7.65000004321337E-05
         vertex -1.75713796579657E-06 3.2758620363893E-05 7.65000004321337E-05
         vertex -1.75713796579657E-06 2.93103457806865E-05 7.65000004321337E-05
      endloop
   endfacet
   facet normal 0 0 -1
      outer loop
         vertex -5.2054137995583E-06 2.93103457806865E-05 7.65000004321337E-05
         vertex -1.75713796579657E-06 2.93103457806865E-05 7.65000004321337E-05
         vertex -5.2054137995583E-06 2.58620693784906E-05 7.65000004321337E-05
      endloop
   endfacet
   facet normal 0 0 -1
      outer loop
         vertex -5.2054137995583E-06 2.58620693784906E-05 7.65000004321337E-05
         vertex -1.75713796579657E-06 2.93103457806865E-05 7.65000004321337E-05
         vertex -1.75713796579657E-06 2.58620693784906E-05 7.65000004321337E-05
      endloop
   endfacet
   facet normal 0 0 -1
      outer loop
         vertex -5.2054137995583E-06 2.58620693784906E-05 7.65000004321337E-05
         vertex -1.75713796579657E-06 2.58620693784906E-05 7.65000004321337E-05
         vertex -5.2054137995583E-06 2.2413794795284E-05 7.65000004321337E-05
      endloop
   endfacet
   facet normal 0 0 -1
      outer loop
         vertex -5.2054137995583E-06 2.2413794795284E-05 7.65000004321337E-05
         vertex -1.75713796579657E-06 2.58620693784906E-05 7.65000004321337E-05
         vertex -1.75713796579657E-06 2.2413794795284E-05 7.65000004321337E-05
      endloop
   endfacet
   facet normal 0 0 -1
      outer loop
         vertex -5.2054137995583E-06 2.2413794795284E-05 7.65000004321337E-05
         vertex -1.75713796579657E-06 2.2413794795284E-05 7.65000004321337E-05
         vertex -5.2054137995583E-06 1.89655183930881E-05 7.65000004321337E-05
      endloop
   endfacet
   facet normal 0 0 -1
      outer loop
         vertex -5.2054137995583E-06 1.89655183930881E-05 7.65000004321337E-05
         vertex -1.75713796579657E-06 2.2413794795284E-05 7.65000004321337E-05
         vertex -1.75713796579657E-06 1.89655183930881E-05 7.65000004321337E-05
      endloop
   endfacet
   facet normal 0 0 -1
      outer loop
         vertex -5.2054137995583E-06 1.89655183930881E-05 7.65000004321337E-05
         vertex -1.75713796579657E-06 1.89655183930881E-05 7.65000004321337E-05
         vertex -5.2054137995583E-06 1.55172419908922E-05 7.65000004321337E-05
      endloop
   endfacet
   facet normal 0 0 -1
      outer loop
         vertex -5.2054137995583E-06 1.55172419908922E-05 7.65000004321337E-05
         vertex -1.75713796579657E-06 1.89655183930881E-05 7.65000004321337E-05
         vertex -1.75713796579657E-06 1.55172419908922E-05 7.65000004321337E-05
      endloop
   endfacet
   facet normal 0 0 -1
      outer loop
         vertex -5.2054137995583E-06 1.55172419908922E-05 7.65000004321337E-05
         vertex -1.75713796579657E-06 1.55172419908922E-05 7.65000004321337E-05
         vertex -5.2054137995583E-06 1.20689655886963E-05 7.65000004321337E-05
      endloop
   endfacet
   facet normal 0 0 -1
      outer loop
         vertex -5.2054137995583E-06 1.20689655886963E-05 7.65000004321337E-05
         vertex -1.75713796579657E-06 1.55172419908922E-05 7.65000004321337E-05
         vertex -1.75713796579657E-06 1.20689655886963E-05 7.65000004321337E-05
      endloop
   endfacet
   facet normal 0 0 -1
      outer loop
         vertex -5.2054137995583E-06 1.20689655886963E-05 7.65000004321337E-05
         vertex -1.75713796579657E-06 1.20689655886963E-05 7.65000004321337E-05
         vertex -5.2054137995583E-06 8.62068918650039E-06 7.65000004321337E-05
      endloop
   endfacet
   facet normal 0 0 -1
      outer loop
         vertex -5.2054137995583E-06 8.62068918650039E-06 7.65000004321337E-05
         vertex -1.75713796579657E-06 1.20689655886963E-05 7.65000004321337E-05
         vertex -1.75713796579657E-06 8.62068918650039E-06 7.65000004321337E-05
      endloop
   endfacet
   facet normal 0 0 -1
      outer loop
         vertex -5.2054137995583E-06 8.62068918650039E-06 7.65000004321337E-05
         vertex -1.75713796579657E-06 8.62068918650039E-06 7.65000004321337E-05
         vertex -5.2054137995583E-06 5.17241369379917E-06 7.65000004321337E-05
      endloop
   endfacet
   facet normal 0 0 -1
      outer loop
         vertex -5.2054137995583E-06 5.17241369379917E-06 7.65000004321337E-05
         vertex -1.75713796579657E-06 8.62068918650039E-06 7.65000004321337E-05
         vertex -1.75713796579657E-06 5.17241369379917E-06 7.65000004321337E-05
      endloop
   endfacet
   facet normal 0 0 -1
      outer loop
         vertex -5.2054137995583E-06 5.17241369379917E-06 7.65000004321337E-05
         vertex -1.75713796579657E-06 5.17241369379917E-06 7.65000004321337E-05
         vertex -5.2054137995583E-06 1.72413797372428E-06 7.65000004321337E-05
      endloop
   endfacet
   facet normal 0 0 -1
      outer loop
         vertex -5.2054137995583E-06 1.72413797372428E-06 7.65000004321337E-05
         vertex -1.75713796579657E-06 5.17241369379917E-06 7.65000004321337E-05
         vertex -1.75713796579657E-06 1.72413797372428E-06 7.65000004321337E-05
      endloop
   endfacet
   facet normal 0 0 -1
      outer loop
         vertex -5.2054137995583E-06 1.72413797372428E-06 7.65000004321337E-05
         vertex -1.75713796579657E-06 1.72413797372428E-06 7.65000004321337E-05
         vertex -5.2054137995583E-06 -1.72413797372428E-06 7.65000004321337E-05
      endloop
   endfacet
   facet normal 0 0 -1
      outer loop
         vertex -5.2054137995583E-06 -1.72413797372428E-06 7.65000004321337E-05
         vertex -1.75713796579657E-06 1.72413797372428E-06 7.65000004321337E-05
         vertex -1.75713796579657E-06 -1.72413797372428E-06 7.65000004321337E-05
      endloop
   endfacet
   facet normal 0 0 -1
      outer loop
         vertex -5.2054137995583E-06 -1.72413797372428E-06 7.65000004321337E-05
         vertex -1.75713796579657E-06 -1.72413797372428E-06 7.65000004321337E-05
         vertex -5.2054137995583E-06 -5.17241369379917E-06 7.65000004321337E-05
      endloop
   endfacet
   facet normal 0 0 -1
      outer loop
         vertex -5.2054137995583E-06 -5.17241369379917E-06 7.65000004321337E-05
         vertex -1.75713796579657E-06 -1.72413797372428E-06 7.65000004321337E-05
         vertex -1.75713796579657E-06 -5.17241369379917E-06 7.65000004321337E-05
      endloop
   endfacet
   facet normal 0 0 -1
      outer loop
         vertex -5.2054137995583E-06 -5.17241369379917E-06 7.65000004321337E-05
         vertex -1.75713796579657E-06 -5.17241369379917E-06 7.65000004321337E-05
         vertex -5.2054137995583E-06 -8.62068918650039E-06 7.65000004321337E-05
      endloop
   endfacet
   facet normal 0 0 -1
      outer loop
         vertex -5.2054137995583E-06 -8.62068918650039E-06 7.65000004321337E-05
         vertex -1.75713796579657E-06 -5.17241369379917E-06 7.65000004321337E-05
         vertex -1.75713796579657E-06 -8.62068918650039E-06 7.65000004321337E-05
      endloop
   endfacet
   facet normal 0 0 -1
      outer loop
         vertex -5.2054137995583E-06 -8.62068918650039E-06 7.65000004321337E-05
         vertex -1.75713796579657E-06 -8.62068918650039E-06 7.65000004321337E-05
         vertex -5.2054137995583E-06 -1.20689655886963E-05 7.65000004321337E-05
      endloop
   endfacet
   facet normal 0 0 -1
      outer loop
         vertex -5.2054137995583E-06 -1.20689655886963E-05 7.65000004321337E-05
         vertex -1.75713796579657E-06 -8.62068918650039E-06 7.65000004321337E-05
         vertex -1.75713796579657E-06 -1.20689655886963E-05 7.65000004321337E-05
      endloop
   endfacet
   facet normal 0 0 -1
      outer loop
         vertex -5.2054137995583E-06 -1.20689655886963E-05 7.65000004321337E-05
         vertex -1.75713796579657E-06 -1.20689655886963E-05 7.65000004321337E-05
         vertex -5.2054137995583E-06 -1.55172419908922E-05 7.65000004321337E-05
      endloop
   endfacet
   facet normal 0 0 -1
      outer loop
         vertex -5.2054137995583E-06 -1.55172419908922E-05 7.65000004321337E-05
         vertex -1.75713796579657E-06 -1.20689655886963E-05 7.65000004321337E-05
         vertex -1.75713796579657E-06 -1.55172419908922E-05 7.65000004321337E-05
      endloop
   endfacet
   facet normal 0 0 -1
      outer loop
         vertex -5.2054137995583E-06 -1.55172419908922E-05 7.65000004321337E-05
         vertex -1.75713796579657E-06 -1.55172419908922E-05 7.65000004321337E-05
         vertex -5.2054137995583E-06 -1.89655183930881E-05 7.65000004321337E-05
      endloop
   endfacet
   facet normal 0 0 -1
      outer loop
         vertex -5.2054137995583E-06 -1.89655183930881E-05 7.65000004321337E-05
         vertex -1.75713796579657E-06 -1.55172419908922E-05 7.65000004321337E-05
         vertex -1.75713796579657E-06 -1.89655183930881E-05 7.65000004321337E-05
      endloop
   endfacet
   facet normal 0 0 -1
      outer loop
         vertex -5.2054137995583E-06 -1.89655183930881E-05 7.65000004321337E-05
         vertex -1.75713796579657E-06 -1.89655183930881E-05 7.65000004321337E-05
         vertex -5.2054137995583E-06 -2.2413794795284E-05 7.65000004321337E-05
      endloop
   endfacet
   facet normal 0 0 -1
      outer loop
         vertex -5.2054137995583E-06 -2.2413794795284E-05 7.65000004321337E-05
         vertex -1.75713796579657E-06 -1.89655183930881E-05 7.65000004321337E-05
         vertex -1.75713796579657E-06 -2.2413794795284E-05 7.65000004321337E-05
      endloop
   endfacet
   facet normal 0 0 -1
      outer loop
         vertex -1.75713796579657E-06 3.62068967660889E-05 7.65000004321337E-05
         vertex 1.69113786796515E-06 3.62068967660889E-05 7.65000004321337E-05
         vertex -1.75713796579657E-06 3.2758620363893E-05 7.65000004321337E-05
      endloop
   endfacet
   facet normal 0 0 -1
      outer loop
         vertex -1.75713796579657E-06 3.2758620363893E-05 7.65000004321337E-05
         vertex 1.69113786796515E-06 3.62068967660889E-05 7.65000004321337E-05
         vertex 1.69113786796515E-06 3.2758620363893E-05 7.65000004321337E-05
      endloop
   endfacet
   facet normal 0 0 -1
      outer loop
         vertex -1.75713796579657E-06 3.2758620363893E-05 7.65000004321337E-05
         vertex 1.69113786796515E-06 3.2758620363893E-05 7.65000004321337E-05
         vertex -1.75713796579657E-06 2.93103457806865E-05 7.65000004321337E-05
      endloop
   endfacet
   facet normal 0 0 -1
      outer loop
         vertex -1.75713796579657E-06 2.93103457806865E-05 7.65000004321337E-05
         vertex 1.69113786796515E-06 3.2758620363893E-05 7.65000004321337E-05
         vertex 1.69113786796515E-06 2.93103457806865E-05 7.65000004321337E-05
      endloop
   endfacet
   facet normal 0 0 -1
      outer loop
         vertex -1.75713796579657E-06 2.93103457806865E-05 7.65000004321337E-05
         vertex 1.69113786796515E-06 2.93103457806865E-05 7.65000004321337E-05
         vertex -1.75713796579657E-06 2.58620693784906E-05 7.65000004321337E-05
      endloop
   endfacet
   facet normal 0 0 -1
      outer loop
         vertex -1.75713796579657E-06 2.58620693784906E-05 7.65000004321337E-05
         vertex 1.69113786796515E-06 2.93103457806865E-05 7.65000004321337E-05
         vertex 1.69113786796515E-06 2.58620693784906E-05 7.65000004321337E-05
      endloop
   endfacet
   facet normal 0 0 -1
      outer loop
         vertex -1.75713796579657E-06 2.58620693784906E-05 7.65000004321337E-05
         vertex 1.69113786796515E-06 2.58620693784906E-05 7.65000004321337E-05
         vertex -1.75713796579657E-06 2.2413794795284E-05 7.65000004321337E-05
      endloop
   endfacet
   facet normal 0 0 -1
      outer loop
         vertex -1.75713796579657E-06 2.2413794795284E-05 7.65000004321337E-05
         vertex 1.69113786796515E-06 2.58620693784906E-05 7.65000004321337E-05
         vertex 1.69113786796515E-06 2.2413794795284E-05 7.65000004321337E-05
      endloop
   endfacet
   facet normal 0 0 -1
      outer loop
         vertex -1.75713796579657E-06 2.2413794795284E-05 7.65000004321337E-05
         vertex 1.69113786796515E-06 2.2413794795284E-05 7.65000004321337E-05
         vertex -1.75713796579657E-06 1.89655183930881E-05 7.65000004321337E-05
      endloop
   endfacet
   facet normal 0 0 -1
      outer loop
         vertex -1.75713796579657E-06 1.89655183930881E-05 7.65000004321337E-05
         vertex 1.69113786796515E-06 2.2413794795284E-05 7.65000004321337E-05
         vertex 1.69113786796515E-06 1.89655183930881E-05 7.65000004321337E-05
      endloop
   endfacet
   facet normal 0 0 -1
      outer loop
         vertex -1.75713796579657E-06 1.89655183930881E-05 7.65000004321337E-05
         vertex 1.69113786796515E-06 1.89655183930881E-05 7.65000004321337E-05
         vertex -1.75713796579657E-06 1.55172419908922E-05 7.65000004321337E-05
      endloop
   endfacet
   facet normal 0 0 -1
      outer loop
         vertex -1.75713796579657E-06 1.55172419908922E-05 7.65000004321337E-05
         vertex 1.69113786796515E-06 1.89655183930881E-05 7.65000004321337E-05
         vertex 1.69113786796515E-06 1.55172419908922E-05 7.65000004321337E-05
      endloop
   endfacet
   facet normal 0 0 -1
      outer loop
         vertex -1.75713796579657E-06 1.55172419908922E-05 7.65000004321337E-05
         vertex 1.69113786796515E-06 1.55172419908922E-05 7.65000004321337E-05
         vertex -1.75713796579657E-06 1.20689655886963E-05 7.65000004321337E-05
      endloop
   endfacet
   facet normal 0 0 -1
      outer loop
         vertex -1.75713796579657E-06 1.20689655886963E-05 7.65000004321337E-05
         vertex 1.69113786796515E-06 1.55172419908922E-05 7.65000004321337E-05
         vertex 1.69113786796515E-06 1.20689655886963E-05 7.65000004321337E-05
      endloop
   endfacet
   facet normal 0 0 -1
      outer loop
         vertex -1.75713796579657E-06 1.20689655886963E-05 7.65000004321337E-05
         vertex 1.69113786796515E-06 1.20689655886963E-05 7.65000004321337E-05
         vertex -1.75713796579657E-06 8.62068918650039E-06 7.65000004321337E-05
      endloop
   endfacet
   facet normal 0 0 -1
      outer loop
         vertex -1.75713796579657E-06 8.62068918650039E-06 7.65000004321337E-05
         vertex 1.69113786796515E-06 1.20689655886963E-05 7.65000004321337E-05
         vertex 1.69113786796515E-06 8.62068918650039E-06 7.65000004321337E-05
      endloop
   endfacet
   facet normal 0 0 -1
      outer loop
         vertex -1.75713796579657E-06 8.62068918650039E-06 7.65000004321337E-05
         vertex 1.69113786796515E-06 8.62068918650039E-06 7.65000004321337E-05
         vertex -1.75713796579657E-06 5.17241369379917E-06 7.65000004321337E-05
      endloop
   endfacet
   facet normal 0 0 -1
      outer loop
         vertex -1.75713796579657E-06 5.17241369379917E-06 7.65000004321337E-05
         vertex 1.69113786796515E-06 8.62068918650039E-06 7.65000004321337E-05
         vertex 1.69113786796515E-06 5.17241369379917E-06 7.65000004321337E-05
      endloop
   endfacet
   facet normal 0 0 -1
      outer loop
         vertex -1.75713796579657E-06 5.17241369379917E-06 7.65000004321337E-05
         vertex 1.69113786796515E-06 5.17241369379917E-06 7.65000004321337E-05
         vertex -1.75713796579657E-06 1.72413797372428E-06 7.65000004321337E-05
      endloop
   endfacet
   facet normal 0 0 -1
      outer loop
         vertex -1.75713796579657E-06 1.72413797372428E-06 7.65000004321337E-05
         vertex 1.69113786796515E-06 5.17241369379917E-06 7.65000004321337E-05
         vertex 1.69113786796515E-06 1.72413797372428E-06 7.65000004321337E-05
      endloop
   endfacet
   facet normal 0 0 -1
      outer loop
         vertex -1.75713796579657E-06 1.72413797372428E-06 7.65000004321337E-05
         vertex 1.69113786796515E-06 1.72413797372428E-06 7.65000004321337E-05
         vertex -1.75713796579657E-06 -1.72413797372428E-06 7.65000004321337E-05
      endloop
   endfacet
   facet normal 0 0 -1
      outer loop
         vertex -1.75713796579657E-06 -1.72413797372428E-06 7.65000004321337E-05
         vertex 1.69113786796515E-06 1.72413797372428E-06 7.65000004321337E-05
         vertex 1.69113786796515E-06 -1.72413797372428E-06 7.65000004321337E-05
      endloop
   endfacet
   facet normal 0 0 -1
      outer loop
         vertex -1.75713796579657E-06 -1.72413797372428E-06 7.65000004321337E-05
         vertex 1.69113786796515E-06 -1.72413797372428E-06 7.65000004321337E-05
         vertex -1.75713796579657E-06 -5.17241369379917E-06 7.65000004321337E-05
      endloop
   endfacet
   facet normal 0 0 -1
      outer loop
         vertex -1.75713796579657E-06 -5.17241369379917E-06 7.65000004321337E-05
         vertex 1.69113786796515E-06 -1.72413797372428E-06 7.65000004321337E-05
         vertex 1.69113786796515E-06 -5.17241369379917E-06 7.65000004321337E-05
      endloop
   endfacet
   facet normal 0 0 -1
      outer loop
         vertex -1.75713796579657E-06 -5.17241369379917E-06 7.65000004321337E-05
         vertex 1.69113786796515E-06 -5.17241369379917E-06 7.65000004321337E-05
         vertex -1.75713796579657E-06 -8.62068918650039E-06 7.65000004321337E-05
      endloop
   endfacet
   facet normal 0 0 -1
      outer loop
         vertex -1.75713796579657E-06 -8.62068918650039E-06 7.65000004321337E-05
         vertex 1.69113786796515E-06 -5.17241369379917E-06 7.65000004321337E-05
         vertex 1.69113786796515E-06 -8.62068918650039E-06 7.65000004321337E-05
      endloop
   endfacet
   facet normal 0 0 -1
      outer loop
         vertex -1.75713796579657E-06 -8.62068918650039E-06 7.65000004321337E-05
         vertex 1.69113786796515E-06 -8.62068918650039E-06 7.65000004321337E-05
         vertex -1.75713796579657E-06 -1.20689655886963E-05 7.65000004321337E-05
      endloop
   endfacet
   facet normal 0 0 -1
      outer loop
         vertex -1.75713796579657E-06 -1.20689655886963E-05 7.65000004321337E-05
         vertex 1.69113786796515E-06 -8.62068918650039E-06 7.65000004321337E-05
         vertex 1.69113786796515E-06 -1.20689655886963E-05 7.65000004321337E-05
      endloop
   endfacet
   facet normal 0 0 -1
      outer loop
         vertex -1.75713796579657E-06 -1.20689655886963E-05 7.65000004321337E-05
         vertex 1.69113786796515E-06 -1.20689655886963E-05 7.65000004321337E-05
         vertex -1.75713796579657E-06 -1.55172419908922E-05 7.65000004321337E-05
      endloop
   endfacet
   facet normal 0 0 -1
      outer loop
         vertex -1.75713796579657E-06 -1.55172419908922E-05 7.65000004321337E-05
         vertex 1.69113786796515E-06 -1.20689655886963E-05 7.65000004321337E-05
         vertex 1.69113786796515E-06 -1.55172419908922E-05 7.65000004321337E-05
      endloop
   endfacet
   facet normal 0 0 -1
      outer loop
         vertex -1.75713796579657E-06 -1.55172419908922E-05 7.65000004321337E-05
         vertex 1.69113786796515E-06 -1.55172419908922E-05 7.65000004321337E-05
         vertex -1.75713796579657E-06 -1.89655183930881E-05 7.65000004321337E-05
      endloop
   endfacet
   facet normal 0 0 -1
      outer loop
         vertex -1.75713796579657E-06 -1.89655183930881E-05 7.65000004321337E-05
         vertex 1.69113786796515E-06 -1.55172419908922E-05 7.65000004321337E-05
         vertex 1.69113786796515E-06 -1.89655183930881E-05 7.65000004321337E-05
      endloop
   endfacet
   facet normal 0 0 -1
      outer loop
         vertex -1.75713796579657E-06 -1.89655183930881E-05 7.65000004321337E-05
         vertex 1.69113786796515E-06 -1.89655183930881E-05 7.65000004321337E-05
         vertex -1.75713796579657E-06 -2.2413794795284E-05 7.65000004321337E-05
      endloop
   endfacet
   facet normal 0 0 -1
      outer loop
         vertex -1.75713796579657E-06 -2.2413794795284E-05 7.65000004321337E-05
         vertex 1.69113786796515E-06 -1.89655183930881E-05 7.65000004321337E-05
         vertex 1.69113786796515E-06 -2.2413794795284E-05 7.65000004321337E-05
      endloop
   endfacet
   facet normal 0 0 -1
      outer loop
         vertex 1.69113786796515E-06 3.9655169530306E-05 7.65000004321337E-05
         vertex 5.13941358804004E-06 3.9655169530306E-05 7.65000004321337E-05
         vertex 1.69113786796515E-06 3.62068967660889E-05 7.65000004321337E-05
      endloop
   endfacet
   facet normal 0 0 -1
      outer loop
         vertex 1.69113786796515E-06 3.62068967660889E-05 7.65000004321337E-05
         vertex 5.13941358804004E-06 3.9655169530306E-05 7.65000004321337E-05
         vertex 5.13941358804004E-06 3.62068967660889E-05 7.65000004321337E-05
      endloop
   endfacet
   facet normal 0 0 -1
      outer loop
         vertex 1.69113786796515E-06 3.62068967660889E-05 7.65000004321337E-05
         vertex 5.13941358804004E-06 3.62068967660889E-05 7.65000004321337E-05
         vertex 1.69113786796515E-06 3.2758620363893E-05 7.65000004321337E-05
      endloop
   endfacet
   facet normal 0 0 -1
      outer loop
         vertex 1.69113786796515E-06 3.2758620363893E-05 7.65000004321337E-05
         vertex 5.13941358804004E-06 3.62068967660889E-05 7.65000004321337E-05
         vertex 5.13941358804004E-06 3.2758620363893E-05 7.65000004321337E-05
      endloop
   endfacet
   facet normal 0 0 -1
      outer loop
         vertex 1.69113786796515E-06 3.2758620363893E-05 7.65000004321337E-05
         vertex 5.13941358804004E-06 3.2758620363893E-05 7.65000004321337E-05
         vertex 1.69113786796515E-06 2.93103457806865E-05 7.65000004321337E-05
      endloop
   endfacet
   facet normal 0 0 -1
      outer loop
         vertex 1.69113786796515E-06 2.93103457806865E-05 7.65000004321337E-05
         vertex 5.13941358804004E-06 3.2758620363893E-05 7.65000004321337E-05
         vertex 5.13941358804004E-06 2.93103457806865E-05 7.65000004321337E-05
      endloop
   endfacet
   facet normal 0 0 -1
      outer loop
         vertex 1.69113786796515E-06 2.93103457806865E-05 7.65000004321337E-05
         vertex 5.13941358804004E-06 2.93103457806865E-05 7.65000004321337E-05
         vertex 1.69113786796515E-06 2.58620693784906E-05 7.65000004321337E-05
      endloop
   endfacet
   facet normal 0 0 -1
      outer loop
         vertex 1.69113786796515E-06 2.58620693784906E-05 7.65000004321337E-05
         vertex 5.13941358804004E-06 2.93103457806865E-05 7.65000004321337E-05
         vertex 5.13941358804004E-06 2.58620693784906E-05 7.65000004321337E-05
      endloop
   endfacet
   facet normal 0 0 -1
      outer loop
         vertex 1.69113786796515E-06 2.58620693784906E-05 7.65000004321337E-05
         vertex 5.13941358804004E-06 2.58620693784906E-05 7.65000004321337E-05
         vertex 1.69113786796515E-06 2.2413794795284E-05 7.65000004321337E-05
      endloop
   endfacet
   facet normal 0 0 -1
      outer loop
         vertex 1.69113786796515E-06 2.2413794795284E-05 7.65000004321337E-05
         vertex 5.13941358804004E-06 2.58620693784906E-05 7.65000004321337E-05
         vertex 5.13941358804004E-06 2.2413794795284E-05 7.65000004321337E-05
      endloop
   endfacet
   facet normal 0 0 -1
      outer loop
         vertex 1.69113786796515E-06 2.2413794795284E-05 7.65000004321337E-05
         vertex 5.13941358804004E-06 2.2413794795284E-05 7.65000004321337E-05
         vertex 1.69113786796515E-06 1.89655183930881E-05 7.65000004321337E-05
      endloop
   endfacet
   facet normal 0 0 -1
      outer loop
         vertex 1.69113786796515E-06 1.89655183930881E-05 7.65000004321337E-05
         vertex 5.13941358804004E-06 2.2413794795284E-05 7.65000004321337E-05
         vertex 5.13941358804004E-06 1.89655183930881E-05 7.65000004321337E-05
      endloop
   endfacet
   facet normal 0 0 -1
      outer loop
         vertex 1.69113786796515E-06 1.89655183930881E-05 7.65000004321337E-05
         vertex 5.13941358804004E-06 1.89655183930881E-05 7.65000004321337E-05
         vertex 1.69113786796515E-06 1.55172419908922E-05 7.65000004321337E-05
      endloop
   endfacet
   facet normal 0 0 -1
      outer loop
         vertex 1.69113786796515E-06 1.55172419908922E-05 7.65000004321337E-05
         vertex 5.13941358804004E-06 1.89655183930881E-05 7.65000004321337E-05
         vertex 5.13941358804004E-06 1.55172419908922E-05 7.65000004321337E-05
      endloop
   endfacet
   facet normal 0 0 -1
      outer loop
         vertex 1.69113786796515E-06 1.55172419908922E-05 7.65000004321337E-05
         vertex 5.13941358804004E-06 1.55172419908922E-05 7.65000004321337E-05
         vertex 1.69113786796515E-06 1.20689655886963E-05 7.65000004321337E-05
      endloop
   endfacet
   facet normal 0 0 -1
      outer loop
         vertex 1.69113786796515E-06 1.20689655886963E-05 7.65000004321337E-05
         vertex 5.13941358804004E-06 1.55172419908922E-05 7.65000004321337E-05
         vertex 5.13941358804004E-06 1.20689655886963E-05 7.65000004321337E-05
      endloop
   endfacet
   facet normal 0 0 -1
      outer loop
         vertex 1.69113786796515E-06 1.20689655886963E-05 7.65000004321337E-05
         vertex 5.13941358804004E-06 1.20689655886963E-05 7.65000004321337E-05
         vertex 1.69113786796515E-06 8.62068918650039E-06 7.65000004321337E-05
      endloop
   endfacet
   facet normal 0 0 -1
      outer loop
         vertex 1.69113786796515E-06 8.62068918650039E-06 7.65000004321337E-05
         vertex 5.13941358804004E-06 1.20689655886963E-05 7.65000004321337E-05
         vertex 5.13941358804004E-06 8.62068918650039E-06 7.65000004321337E-05
      endloop
   endfacet
   facet normal 0 0 -1
      outer loop
         vertex 1.69113786796515E-06 8.62068918650039E-06 7.65000004321337E-05
         vertex 5.13941358804004E-06 8.62068918650039E-06 7.65000004321337E-05
         vertex 1.69113786796515E-06 5.17241369379917E-06 7.65000004321337E-05
      endloop
   endfacet
   facet normal 0 0 -1
      outer loop
         vertex 1.69113786796515E-06 5.17241369379917E-06 7.65000004321337E-05
         vertex 5.13941358804004E-06 8.62068918650039E-06 7.65000004321337E-05
         vertex 5.13941358804004E-06 5.17241369379917E-06 7.65000004321337E-05
      endloop
   endfacet
   facet normal 0 0 -1
      outer loop
         vertex 1.69113786796515E-06 5.17241369379917E-06 7.65000004321337E-05
         vertex 5.13941358804004E-06 5.17241369379917E-06 7.65000004321337E-05
         vertex 1.69113786796515E-06 1.72413797372428E-06 7.65000004321337E-05
      endloop
   endfacet
   facet normal 0 0 -1
      outer loop
         vertex 1.69113786796515E-06 1.72413797372428E-06 7.65000004321337E-05
         vertex 5.13941358804004E-06 5.17241369379917E-06 7.65000004321337E-05
         vertex 5.13941358804004E-06 1.72413797372428E-06 7.65000004321337E-05
      endloop
   endfacet
   facet normal 0 0 -1
      outer loop
         vertex 1.69113786796515E-06 1.72413797372428E-06 7.65000004321337E-05
         vertex 5.13941358804004E-06 1.72413797372428E-06 7.65000004321337E-05
         vertex 1.69113786796515E-06 -1.72413797372428E-06 7.65000004321337E-05
      endloop
   endfacet
   facet normal 0 0 -1
      outer loop
         vertex 1.69113786796515E-06 -1.72413797372428E-06 7.65000004321337E-05
         vertex 5.13941358804004E-06 1.72413797372428E-06 7.65000004321337E-05
         vertex 5.13941358804004E-06 -1.72413797372428E-06 7.65000004321337E-05
      endloop
   endfacet
   facet normal 0 0 -1
      outer loop
         vertex 1.69113786796515E-06 -1.72413797372428E-06 7.65000004321337E-05
         vertex 5.13941358804004E-06 -1.72413797372428E-06 7.65000004321337E-05
         vertex 1.69113786796515E-06 -5.17241369379917E-06 7.65000004321337E-05
      endloop
   endfacet
   facet normal 0 0 -1
      outer loop
         vertex 1.69113786796515E-06 -5.17241369379917E-06 7.65000004321337E-05
         vertex 5.13941358804004E-06 -1.72413797372428E-06 7.65000004321337E-05
         vertex 5.13941358804004E-06 -5.17241369379917E-06 7.65000004321337E-05
      endloop
   endfacet
   facet normal 0 0 -1
      outer loop
         vertex 1.69113786796515E-06 -5.17241369379917E-06 7.65000004321337E-05
         vertex 5.13941358804004E-06 -5.17241369379917E-06 7.65000004321337E-05
         vertex 1.69113786796515E-06 -8.62068918650039E-06 7.65000004321337E-05
      endloop
   endfacet
   facet normal 0 0 -1
      outer loop
         vertex 1.69113786796515E-06 -8.62068918650039E-06 7.65000004321337E-05
         vertex 5.13941358804004E-06 -5.17241369379917E-06 7.65000004321337E-05
         vertex 5.13941358804004E-06 -8.62068918650039E-06 7.65000004321337E-05
      endloop
   endfacet
   facet normal 0 0 -1
      outer loop
         vertex 1.69113786796515E-06 -8.62068918650039E-06 7.65000004321337E-05
         vertex 5.13941358804004E-06 -8.62068918650039E-06 7.65000004321337E-05
         vertex 1.69113786796515E-06 -1.20689655886963E-05 7.65000004321337E-05
      endloop
   endfacet
   facet normal 0 0 -1
      outer loop
         vertex 1.69113786796515E-06 -1.20689655886963E-05 7.65000004321337E-05
         vertex 5.13941358804004E-06 -8.62068918650039E-06 7.65000004321337E-05
         vertex 5.13941358804004E-06 -1.20689655886963E-05 7.65000004321337E-05
      endloop
   endfacet
   facet normal 0 0 -1
      outer loop
         vertex 1.69113786796515E-06 -1.20689655886963E-05 7.65000004321337E-05
         vertex 5.13941358804004E-06 -1.20689655886963E-05 7.65000004321337E-05
         vertex 1.69113786796515E-06 -1.55172419908922E-05 7.65000004321337E-05
      endloop
   endfacet
   facet normal 0 0 -1
      outer loop
         vertex 1.69113786796515E-06 -1.55172419908922E-05 7.65000004321337E-05
         vertex 5.13941358804004E-06 -1.20689655886963E-05 7.65000004321337E-05
         vertex 5.13941358804004E-06 -1.55172419908922E-05 7.65000004321337E-05
      endloop
   endfacet
   facet normal 0 0 -1
      outer loop
         vertex 1.69113786796515E-06 -1.55172419908922E-05 7.65000004321337E-05
         vertex 5.13941358804004E-06 -1.55172419908922E-05 7.65000004321337E-05
         vertex 1.69113786796515E-06 -1.89655183930881E-05 7.65000004321337E-05
      endloop
   endfacet
   facet normal 0 0 -1
      outer loop
         vertex 1.69113786796515E-06 -1.89655183930881E-05 7.65000004321337E-05
         vertex 5.13941358804004E-06 -1.55172419908922E-05 7.65000004321337E-05
         vertex 5.13941358804004E-06 -1.89655183930881E-05 7.65000004321337E-05
      endloop
   endfacet
   facet normal 0 0 -1
      outer loop
         vertex 1.69113786796515E-06 -1.89655183930881E-05 7.65000004321337E-05
         vertex 5.13941358804004E-06 -1.89655183930881E-05 7.65000004321337E-05
         vertex 1.69113786796515E-06 -2.2413794795284E-05 7.65000004321337E-05
      endloop
   endfacet
   facet normal 0 0 -1
      outer loop
         vertex 1.69113786796515E-06 -2.2413794795284E-05 7.65000004321337E-05
         vertex 5.13941358804004E-06 -1.89655183930881E-05 7.65000004321337E-05
         vertex 5.13941358804004E-06 -2.2413794795284E-05 7.65000004321337E-05
      endloop
   endfacet
   facet normal 0 0 -1
      outer loop
         vertex 5.13941358804004E-06 4.31034495704807E-05 7.65000004321337E-05
         vertex 8.58768999023596E-06 4.31034495704807E-05 7.65000004321337E-05
         vertex 5.13941358804004E-06 3.9655169530306E-05 7.65000004321337E-05
      endloop
   endfacet
   facet normal 0 0 -1
      outer loop
         vertex 5.13941358804004E-06 3.9655169530306E-05 7.65000004321337E-05
         vertex 8.58768999023596E-06 4.31034495704807E-05 7.65000004321337E-05
         vertex 8.58768999023596E-06 3.9655169530306E-05 7.65000004321337E-05
      endloop
   endfacet
   facet normal 0 0 -1
      outer loop
         vertex 5.13941358804004E-06 3.9655169530306E-05 7.65000004321337E-05
         vertex 8.58768999023596E-06 3.9655169530306E-05 7.65000004321337E-05
         vertex 5.13941358804004E-06 3.62068967660889E-05 7.65000004321337E-05
      endloop
   endfacet
   facet normal 0 0 -1
      outer loop
         vertex 5.13941358804004E-06 3.62068967660889E-05 7.65000004321337E-05
         vertex 8.58768999023596E-06 3.9655169530306E-05 7.65000004321337E-05
         vertex 8.58768999023596E-06 3.62068967660889E-05 7.65000004321337E-05
      endloop
   endfacet
   facet normal 0 0 -1
      outer loop
         vertex 5.13941358804004E-06 3.62068967660889E-05 7.65000004321337E-05
         vertex 8.58768999023596E-06 3.62068967660889E-05 7.65000004321337E-05
         vertex 5.13941358804004E-06 3.2758620363893E-05 7.65000004321337E-05
      endloop
   endfacet
   facet normal 0 0 -1
      outer loop
         vertex 5.13941358804004E-06 3.2758620363893E-05 7.65000004321337E-05
         vertex 8.58768999023596E-06 3.62068967660889E-05 7.65000004321337E-05
         vertex 8.58768999023596E-06 3.2758620363893E-05 7.65000004321337E-05
      endloop
   endfacet
   facet normal 0 0 -1
      outer loop
         vertex 5.13941358804004E-06 3.2758620363893E-05 7.65000004321337E-05
         vertex 8.58768999023596E-06 3.2758620363893E-05 7.65000004321337E-05
         vertex 5.13941358804004E-06 2.93103457806865E-05 7.65000004321337E-05
      endloop
   endfacet
   facet normal 0 0 -1
      outer loop
         vertex 5.13941358804004E-06 2.93103457806865E-05 7.65000004321337E-05
         vertex 8.58768999023596E-06 3.2758620363893E-05 7.65000004321337E-05
         vertex 8.58768999023596E-06 2.93103457806865E-05 7.65000004321337E-05
      endloop
   endfacet
   facet normal 0 0 -1
      outer loop
         vertex 5.13941358804004E-06 2.93103457806865E-05 7.65000004321337E-05
         vertex 8.58768999023596E-06 2.93103457806865E-05 7.65000004321337E-05
         vertex 5.13941358804004E-06 2.58620693784906E-05 7.65000004321337E-05
      endloop
   endfacet
   facet normal 0 0 -1
      outer loop
         vertex 5.13941358804004E-06 2.58620693784906E-05 7.65000004321337E-05
         vertex 8.58768999023596E-06 2.93103457806865E-05 7.65000004321337E-05
         vertex 8.58768999023596E-06 2.58620693784906E-05 7.65000004321337E-05
      endloop
   endfacet
   facet normal 0 0 -1
      outer loop
         vertex 5.13941358804004E-06 2.58620693784906E-05 7.65000004321337E-05
         vertex 8.58768999023596E-06 2.58620693784906E-05 7.65000004321337E-05
         vertex 5.13941358804004E-06 2.2413794795284E-05 7.65000004321337E-05
      endloop
   endfacet
   facet normal 0 0 -1
      outer loop
         vertex 5.13941358804004E-06 2.2413794795284E-05 7.65000004321337E-05
         vertex 8.58768999023596E-06 2.58620693784906E-05 7.65000004321337E-05
         vertex 8.58768999023596E-06 2.2413794795284E-05 7.65000004321337E-05
      endloop
   endfacet
   facet normal 0 0 -1
      outer loop
         vertex 5.13941358804004E-06 2.2413794795284E-05 7.65000004321337E-05
         vertex 8.58768999023596E-06 2.2413794795284E-05 7.65000004321337E-05
         vertex 5.13941358804004E-06 1.89655183930881E-05 7.65000004321337E-05
      endloop
   endfacet
   facet normal 0 0 -1
      outer loop
         vertex 5.13941358804004E-06 1.89655183930881E-05 7.65000004321337E-05
         vertex 8.58768999023596E-06 2.2413794795284E-05 7.65000004321337E-05
         vertex 8.58768999023596E-06 1.89655183930881E-05 7.65000004321337E-05
      endloop
   endfacet
   facet normal 0 0 -1
      outer loop
         vertex 5.13941358804004E-06 1.89655183930881E-05 7.65000004321337E-05
         vertex 8.58768999023596E-06 1.89655183930881E-05 7.65000004321337E-05
         vertex 5.13941358804004E-06 1.55172419908922E-05 7.65000004321337E-05
      endloop
   endfacet
   facet normal 0 0 -1
      outer loop
         vertex 5.13941358804004E-06 1.55172419908922E-05 7.65000004321337E-05
         vertex 8.58768999023596E-06 1.89655183930881E-05 7.65000004321337E-05
         vertex 8.58768999023596E-06 1.55172419908922E-05 7.65000004321337E-05
      endloop
   endfacet
   facet normal 0 0 -1
      outer loop
         vertex 5.13941358804004E-06 1.55172419908922E-05 7.65000004321337E-05
         vertex 8.58768999023596E-06 1.55172419908922E-05 7.65000004321337E-05
         vertex 5.13941358804004E-06 1.20689655886963E-05 7.65000004321337E-05
      endloop
   endfacet
   facet normal 0 0 -1
      outer loop
         vertex 5.13941358804004E-06 1.20689655886963E-05 7.65000004321337E-05
         vertex 8.58768999023596E-06 1.55172419908922E-05 7.65000004321337E-05
         vertex 8.58768999023596E-06 1.20689655886963E-05 7.65000004321337E-05
      endloop
   endfacet
   facet normal 0 0 -1
      outer loop
         vertex 5.13941358804004E-06 1.20689655886963E-05 7.65000004321337E-05
         vertex 8.58768999023596E-06 1.20689655886963E-05 7.65000004321337E-05
         vertex 5.13941358804004E-06 8.62068918650039E-06 7.65000004321337E-05
      endloop
   endfacet
   facet normal 0 0 -1
      outer loop
         vertex 5.13941358804004E-06 8.62068918650039E-06 7.65000004321337E-05
         vertex 8.58768999023596E-06 1.20689655886963E-05 7.65000004321337E-05
         vertex 8.58768999023596E-06 8.62068918650039E-06 7.65000004321337E-05
      endloop
   endfacet
   facet normal 0 0 -1
      outer loop
         vertex 5.13941358804004E-06 8.62068918650039E-06 7.65000004321337E-05
         vertex 8.58768999023596E-06 8.62068918650039E-06 7.65000004321337E-05
         vertex 5.13941358804004E-06 5.17241369379917E-06 7.65000004321337E-05
      endloop
   endfacet
   facet normal 0 0 -1
      outer loop
         vertex 5.13941358804004E-06 5.17241369379917E-06 7.65000004321337E-05
         vertex 8.58768999023596E-06 8.62068918650039E-06 7.65000004321337E-05
         vertex 8.58768999023596E-06 5.17241369379917E-06 7.65000004321337E-05
      endloop
   endfacet
   facet normal 0 0 -1
      outer loop
         vertex 5.13941358804004E-06 5.17241369379917E-06 7.65000004321337E-05
         vertex 8.58768999023596E-06 5.17241369379917E-06 7.65000004321337E-05
         vertex 5.13941358804004E-06 1.72413797372428E-06 7.65000004321337E-05
      endloop
   endfacet
   facet normal 0 0 -1
      outer loop
         vertex 5.13941358804004E-06 1.72413797372428E-06 7.65000004321337E-05
         vertex 8.58768999023596E-06 5.17241369379917E-06 7.65000004321337E-05
         vertex 8.58768999023596E-06 1.72413797372428E-06 7.65000004321337E-05
      endloop
   endfacet
   facet normal 0 0 -1
      outer loop
         vertex 5.13941358804004E-06 1.72413797372428E-06 7.65000004321337E-05
         vertex 8.58768999023596E-06 1.72413797372428E-06 7.65000004321337E-05
         vertex 5.13941358804004E-06 -1.72413797372428E-06 7.65000004321337E-05
      endloop
   endfacet
   facet normal 0 0 -1
      outer loop
         vertex 5.13941358804004E-06 -1.72413797372428E-06 7.65000004321337E-05
         vertex 8.58768999023596E-06 1.72413797372428E-06 7.65000004321337E-05
         vertex 8.58768999023596E-06 -1.72413797372428E-06 7.65000004321337E-05
      endloop
   endfacet
   facet normal 0 0 -1
      outer loop
         vertex 5.13941358804004E-06 -1.72413797372428E-06 7.65000004321337E-05
         vertex 8.58768999023596E-06 -1.72413797372428E-06 7.65000004321337E-05
         vertex 5.13941358804004E-06 -5.17241369379917E-06 7.65000004321337E-05
      endloop
   endfacet
   facet normal 0 0 -1
      outer loop
         vertex 5.13941358804004E-06 -5.17241369379917E-06 7.65000004321337E-05
         vertex 8.58768999023596E-06 -1.72413797372428E-06 7.65000004321337E-05
         vertex 8.58768999023596E-06 -5.17241369379917E-06 7.65000004321337E-05
      endloop
   endfacet
   facet normal 0 0 -1
      outer loop
         vertex 5.13941358804004E-06 -5.17241369379917E-06 7.65000004321337E-05
         vertex 8.58768999023596E-06 -5.17241369379917E-06 7.65000004321337E-05
         vertex 5.13941358804004E-06 -8.62068918650039E-06 7.65000004321337E-05
      endloop
   endfacet
   facet normal 0 0 -1
      outer loop
         vertex 5.13941358804004E-06 -8.62068918650039E-06 7.65000004321337E-05
         vertex 8.58768999023596E-06 -5.17241369379917E-06 7.65000004321337E-05
         vertex 8.58768999023596E-06 -8.62068918650039E-06 7.65000004321337E-05
      endloop
   endfacet
   facet normal 0 0 -1
      outer loop
         vertex 5.13941358804004E-06 -8.62068918650039E-06 7.65000004321337E-05
         vertex 8.58768999023596E-06 -8.62068918650039E-06 7.65000004321337E-05
         vertex 5.13941358804004E-06 -1.20689655886963E-05 7.65000004321337E-05
      endloop
   endfacet
   facet normal 0 0 -1
      outer loop
         vertex 5.13941358804004E-06 -1.20689655886963E-05 7.65000004321337E-05
         vertex 8.58768999023596E-06 -8.62068918650039E-06 7.65000004321337E-05
         vertex 8.58768999023596E-06 -1.20689655886963E-05 7.65000004321337E-05
      endloop
   endfacet
   facet normal 0 0 -1
      outer loop
         vertex 5.13941358804004E-06 -1.20689655886963E-05 7.65000004321337E-05
         vertex 8.58768999023596E-06 -1.20689655886963E-05 7.65000004321337E-05
         vertex 5.13941358804004E-06 -1.55172419908922E-05 7.65000004321337E-05
      endloop
   endfacet
   facet normal 0 0 -1
      outer loop
         vertex 5.13941358804004E-06 -1.55172419908922E-05 7.65000004321337E-05
         vertex 8.58768999023596E-06 -1.20689655886963E-05 7.65000004321337E-05
         vertex 8.58768999023596E-06 -1.55172419908922E-05 7.65000004321337E-05
      endloop
   endfacet
   facet normal 0 0 -1
      outer loop
         vertex 5.13941358804004E-06 -1.55172419908922E-05 7.65000004321337E-05
         vertex 8.58768999023596E-06 -1.55172419908922E-05 7.65000004321337E-05
         vertex 5.13941358804004E-06 -1.89655183930881E-05 7.65000004321337E-05
      endloop
   endfacet
   facet normal 0 0 -1
      outer loop
         vertex 5.13941358804004E-06 -1.89655183930881E-05 7.65000004321337E-05
         vertex 8.58768999023596E-06 -1.55172419908922E-05 7.65000004321337E-05
         vertex 8.58768999023596E-06 -1.89655183930881E-05 7.65000004321337E-05
      endloop
   endfacet
   facet normal 0 0 -1
      outer loop
         vertex 5.13941358804004E-06 -1.89655183930881E-05 7.65000004321337E-05
         vertex 8.58768999023596E-06 -1.89655183930881E-05 7.65000004321337E-05
         vertex 5.13941358804004E-06 -2.2413794795284E-05 7.65000004321337E-05
      endloop
   endfacet
   facet normal 0 0 -1
      outer loop
         vertex 5.13941358804004E-06 -2.2413794795284E-05 7.65000004321337E-05
         vertex 8.58768999023596E-06 -1.89655183930881E-05 7.65000004321337E-05
         vertex 8.58768999023596E-06 -2.2413794795284E-05 7.65000004321337E-05
      endloop
   endfacet
   facet normal 0 0 -1
      outer loop
         vertex 8.58768999023596E-06 4.65517223346978E-05 7.65000004321337E-05
         vertex 1.20359654829372E-05 4.65517223346978E-05 7.65000004321337E-05
         vertex 8.58768999023596E-06 4.31034495704807E-05 7.65000004321337E-05
      endloop
   endfacet
   facet normal 0 0 -1
      outer loop
         vertex 8.58768999023596E-06 4.31034495704807E-05 7.65000004321337E-05
         vertex 1.20359654829372E-05 4.65517223346978E-05 7.65000004321337E-05
         vertex 1.20359654829372E-05 4.31034495704807E-05 7.65000004321337E-05
      endloop
   endfacet
   facet normal 0 0 -1
      outer loop
         vertex 8.58768999023596E-06 4.31034495704807E-05 7.65000004321337E-05
         vertex 1.20359654829372E-05 4.31034495704807E-05 7.65000004321337E-05
         vertex 8.58768999023596E-06 3.9655169530306E-05 7.65000004321337E-05
      endloop
   endfacet
   facet normal 0 0 -1
      outer loop
         vertex 8.58768999023596E-06 3.9655169530306E-05 7.65000004321337E-05
         vertex 1.20359654829372E-05 4.31034495704807E-05 7.65000004321337E-05
         vertex 1.20359654829372E-05 3.9655169530306E-05 7.65000004321337E-05
      endloop
   endfacet
   facet normal 0 0 -1
      outer loop
         vertex 8.58768999023596E-06 3.9655169530306E-05 7.65000004321337E-05
         vertex 1.20359654829372E-05 3.9655169530306E-05 7.65000004321337E-05
         vertex 8.58768999023596E-06 3.62068967660889E-05 7.65000004321337E-05
      endloop
   endfacet
   facet normal 0 0 -1
      outer loop
         vertex 8.58768999023596E-06 3.62068967660889E-05 7.65000004321337E-05
         vertex 1.20359654829372E-05 3.9655169530306E-05 7.65000004321337E-05
         vertex 1.20359654829372E-05 3.62068967660889E-05 7.65000004321337E-05
      endloop
   endfacet
   facet normal 0 0 -1
      outer loop
         vertex 8.58768999023596E-06 3.62068967660889E-05 7.65000004321337E-05
         vertex 1.20359654829372E-05 3.62068967660889E-05 7.65000004321337E-05
         vertex 8.58768999023596E-06 3.2758620363893E-05 7.65000004321337E-05
      endloop
   endfacet
   facet normal 0 0 -1
      outer loop
         vertex 8.58768999023596E-06 3.2758620363893E-05 7.65000004321337E-05
         vertex 1.20359654829372E-05 3.62068967660889E-05 7.65000004321337E-05
         vertex 1.20359654829372E-05 3.2758620363893E-05 7.65000004321337E-05
      endloop
   endfacet
   facet normal 0 0 -1
      outer loop
         vertex 8.58768999023596E-06 3.2758620363893E-05 7.65000004321337E-05
         vertex 1.20359654829372E-05 3.2758620363893E-05 7.65000004321337E-05
         vertex 8.58768999023596E-06 2.93103457806865E-05 7.65000004321337E-05
      endloop
   endfacet
   facet normal 0 0 -1
      outer loop
         vertex 8.58768999023596E-06 2.93103457806865E-05 7.65000004321337E-05
         vertex 1.20359654829372E-05 3.2758620363893E-05 7.65000004321337E-05
         vertex 1.20359654829372E-05 2.93103457806865E-05 7.65000004321337E-05
      endloop
   endfacet
   facet normal 0 0 -1
      outer loop
         vertex 8.58768999023596E-06 2.93103457806865E-05 7.65000004321337E-05
         vertex 1.20359654829372E-05 2.93103457806865E-05 7.65000004321337E-05
         vertex 8.58768999023596E-06 2.58620693784906E-05 7.65000004321337E-05
      endloop
   endfacet
   facet normal 0 0 -1
      outer loop
         vertex 8.58768999023596E-06 2.58620693784906E-05 7.65000004321337E-05
         vertex 1.20359654829372E-05 2.93103457806865E-05 7.65000004321337E-05
         vertex 1.20359654829372E-05 2.58620693784906E-05 7.65000004321337E-05
      endloop
   endfacet
   facet normal 0 0 -1
      outer loop
         vertex 8.58768999023596E-06 2.58620693784906E-05 7.65000004321337E-05
         vertex 1.20359654829372E-05 2.58620693784906E-05 7.65000004321337E-05
         vertex 8.58768999023596E-06 2.2413794795284E-05 7.65000004321337E-05
      endloop
   endfacet
   facet normal 0 0 -1
      outer loop
         vertex 8.58768999023596E-06 2.2413794795284E-05 7.65000004321337E-05
         vertex 1.20359654829372E-05 2.58620693784906E-05 7.65000004321337E-05
         vertex 1.20359654829372E-05 2.2413794795284E-05 7.65000004321337E-05
      endloop
   endfacet
   facet normal 0 0 -1
      outer loop
         vertex 8.58768999023596E-06 2.2413794795284E-05 7.65000004321337E-05
         vertex 1.20359654829372E-05 2.2413794795284E-05 7.65000004321337E-05
         vertex 8.58768999023596E-06 1.89655183930881E-05 7.65000004321337E-05
      endloop
   endfacet
   facet normal 0 0 -1
      outer loop
         vertex 8.58768999023596E-06 1.89655183930881E-05 7.65000004321337E-05
         vertex 1.20359654829372E-05 2.2413794795284E-05 7.65000004321337E-05
         vertex 1.20359654829372E-05 1.89655183930881E-05 7.65000004321337E-05
      endloop
   endfacet
   facet normal 0 0 -1
      outer loop
         vertex 8.58768999023596E-06 1.89655183930881E-05 7.65000004321337E-05
         vertex 1.20359654829372E-05 1.89655183930881E-05 7.65000004321337E-05
         vertex 8.58768999023596E-06 1.55172419908922E-05 7.65000004321337E-05
      endloop
   endfacet
   facet normal 0 0 -1
      outer loop
         vertex 8.58768999023596E-06 1.55172419908922E-05 7.65000004321337E-05
         vertex 1.20359654829372E-05 1.89655183930881E-05 7.65000004321337E-05
         vertex 1.20359654829372E-05 1.55172419908922E-05 7.65000004321337E-05
      endloop
   endfacet
   facet normal 0 0 -1
      outer loop
         vertex 8.58768999023596E-06 1.55172419908922E-05 7.65000004321337E-05
         vertex 1.20359654829372E-05 1.55172419908922E-05 7.65000004321337E-05
         vertex 8.58768999023596E-06 1.20689655886963E-05 7.65000004321337E-05
      endloop
   endfacet
   facet normal 0 0 -1
      outer loop
         vertex 8.58768999023596E-06 1.20689655886963E-05 7.65000004321337E-05
         vertex 1.20359654829372E-05 1.55172419908922E-05 7.65000004321337E-05
         vertex 1.20359654829372E-05 1.20689655886963E-05 7.65000004321337E-05
      endloop
   endfacet
   facet normal 0 0 -1
      outer loop
         vertex 8.58768999023596E-06 1.20689655886963E-05 7.65000004321337E-05
         vertex 1.20359654829372E-05 1.20689655886963E-05 7.65000004321337E-05
         vertex 8.58768999023596E-06 8.62068918650039E-06 7.65000004321337E-05
      endloop
   endfacet
   facet normal 0 0 -1
      outer loop
         vertex 8.58768999023596E-06 8.62068918650039E-06 7.65000004321337E-05
         vertex 1.20359654829372E-05 1.20689655886963E-05 7.65000004321337E-05
         vertex 1.20359654829372E-05 8.62068918650039E-06 7.65000004321337E-05
      endloop
   endfacet
   facet normal 0 0 -1
      outer loop
         vertex 8.58768999023596E-06 8.62068918650039E-06 7.65000004321337E-05
         vertex 1.20359654829372E-05 8.62068918650039E-06 7.65000004321337E-05
         vertex 8.58768999023596E-06 5.17241369379917E-06 7.65000004321337E-05
      endloop
   endfacet
   facet normal 0 0 -1
      outer loop
         vertex 8.58768999023596E-06 5.17241369379917E-06 7.65000004321337E-05
         vertex 1.20359654829372E-05 8.62068918650039E-06 7.65000004321337E-05
         vertex 1.20359654829372E-05 5.17241369379917E-06 7.65000004321337E-05
      endloop
   endfacet
   facet normal 0 0 -1
      outer loop
         vertex 8.58768999023596E-06 5.17241369379917E-06 7.65000004321337E-05
         vertex 1.20359654829372E-05 5.17241369379917E-06 7.65000004321337E-05
         vertex 8.58768999023596E-06 1.72413797372428E-06 7.65000004321337E-05
      endloop
   endfacet
   facet normal 0 0 -1
      outer loop
         vertex 8.58768999023596E-06 1.72413797372428E-06 7.65000004321337E-05
         vertex 1.20359654829372E-05 5.17241369379917E-06 7.65000004321337E-05
         vertex 1.20359654829372E-05 1.72413797372428E-06 7.65000004321337E-05
      endloop
   endfacet
   facet normal 0 0 -1
      outer loop
         vertex 8.58768999023596E-06 1.72413797372428E-06 7.65000004321337E-05
         vertex 1.20359654829372E-05 1.72413797372428E-06 7.65000004321337E-05
         vertex 8.58768999023596E-06 -1.72413797372428E-06 7.65000004321337E-05
      endloop
   endfacet
   facet normal 0 0 -1
      outer loop
         vertex 8.58768999023596E-06 -1.72413797372428E-06 7.65000004321337E-05
         vertex 1.20359654829372E-05 1.72413797372428E-06 7.65000004321337E-05
         vertex 1.20359654829372E-05 -1.72413797372428E-06 7.65000004321337E-05
      endloop
   endfacet
   facet normal 0 0 -1
      outer loop
         vertex 8.58768999023596E-06 -1.72413797372428E-06 7.65000004321337E-05
         vertex 1.20359654829372E-05 -1.72413797372428E-06 7.65000004321337E-05
         vertex 8.58768999023596E-06 -5.17241369379917E-06 7.65000004321337E-05
      endloop
   endfacet
   facet normal 0 0 -1
      outer loop
         vertex 8.58768999023596E-06 -5.17241369379917E-06 7.65000004321337E-05
         vertex 1.20359654829372E-05 -1.72413797372428E-06 7.65000004321337E-05
         vertex 1.20359654829372E-05 -5.17241369379917E-06 7.65000004321337E-05
      endloop
   endfacet
   facet normal 0 0 -1
      outer loop
         vertex 8.58768999023596E-06 -5.17241369379917E-06 7.65000004321337E-05
         vertex 1.20359654829372E-05 -5.17241369379917E-06 7.65000004321337E-05
         vertex 8.58768999023596E-06 -8.62068918650039E-06 7.65000004321337E-05
      endloop
   endfacet
   facet normal 0 0 -1
      outer loop
         vertex 8.58768999023596E-06 -8.62068918650039E-06 7.65000004321337E-05
         vertex 1.20359654829372E-05 -5.17241369379917E-06 7.65000004321337E-05
         vertex 1.20359654829372E-05 -8.62068918650039E-06 7.65000004321337E-05
      endloop
   endfacet
   facet normal 0 0 -1
      outer loop
         vertex 8.58768999023596E-06 -8.62068918650039E-06 7.65000004321337E-05
         vertex 1.20359654829372E-05 -8.62068918650039E-06 7.65000004321337E-05
         vertex 8.58768999023596E-06 -1.20689655886963E-05 7.65000004321337E-05
      endloop
   endfacet
   facet normal 0 0 -1
      outer loop
         vertex 8.58768999023596E-06 -1.20689655886963E-05 7.65000004321337E-05
         vertex 1.20359654829372E-05 -8.62068918650039E-06 7.65000004321337E-05
         vertex 1.20359654829372E-05 -1.20689655886963E-05 7.65000004321337E-05
      endloop
   endfacet
   facet normal 0 0 -1
      outer loop
         vertex 8.58768999023596E-06 -1.20689655886963E-05 7.65000004321337E-05
         vertex 1.20359654829372E-05 -1.20689655886963E-05 7.65000004321337E-05
         vertex 8.58768999023596E-06 -1.55172419908922E-05 7.65000004321337E-05
      endloop
   endfacet
   facet normal 0 0 -1
      outer loop
         vertex 8.58768999023596E-06 -1.55172419908922E-05 7.65000004321337E-05
         vertex 1.20359654829372E-05 -1.20689655886963E-05 7.65000004321337E-05
         vertex 1.20359654829372E-05 -1.55172419908922E-05 7.65000004321337E-05
      endloop
   endfacet
   facet normal 0 0 -1
      outer loop
         vertex 8.58768999023596E-06 -1.55172419908922E-05 7.65000004321337E-05
         vertex 1.20359654829372E-05 -1.55172419908922E-05 7.65000004321337E-05
         vertex 8.58768999023596E-06 -1.89655183930881E-05 7.65000004321337E-05
      endloop
   endfacet
   facet normal 0 0 -1
      outer loop
         vertex 8.58768999023596E-06 -1.89655183930881E-05 7.65000004321337E-05
         vertex 1.20359654829372E-05 -1.55172419908922E-05 7.65000004321337E-05
         vertex 1.20359654829372E-05 -1.89655183930881E-05 7.65000004321337E-05
      endloop
   endfacet
   facet normal 0 0 -1
      outer loop
         vertex 8.58768999023596E-06 -1.89655183930881E-05 7.65000004321337E-05
         vertex 1.20359654829372E-05 -1.89655183930881E-05 7.65000004321337E-05
         vertex 8.58768999023596E-06 -2.2413794795284E-05 7.65000004321337E-05
      endloop
   endfacet
   facet normal 0 0 -1
      outer loop
         vertex 8.58768999023596E-06 -2.2413794795284E-05 7.65000004321337E-05
         vertex 1.20359654829372E-05 -1.89655183930881E-05 7.65000004321337E-05
         vertex 1.20359654829372E-05 -2.2413794795284E-05 7.65000004321337E-05
      endloop
   endfacet
   facet normal 0 0 -1
      outer loop
         vertex 1.20359654829372E-05 4.65517223346978E-05 7.65000004321337E-05
         vertex 1.54842418851331E-05 4.65517223346978E-05 7.65000004321337E-05
         vertex 1.20359654829372E-05 4.31034495704807E-05 7.65000004321337E-05
      endloop
   endfacet
   facet normal 0 0 -1
      outer loop
         vertex 1.20359654829372E-05 4.31034495704807E-05 7.65000004321337E-05
         vertex 1.54842418851331E-05 4.65517223346978E-05 7.65000004321337E-05
         vertex 1.54842418851331E-05 4.31034495704807E-05 7.65000004321337E-05
      endloop
   endfacet
   facet normal 0 0 -1
      outer loop
         vertex 1.20359654829372E-05 4.31034495704807E-05 7.65000004321337E-05
         vertex 1.54842418851331E-05 4.31034495704807E-05 7.65000004321337E-05
         vertex 1.20359654829372E-05 3.9655169530306E-05 7.65000004321337E-05
      endloop
   endfacet
   facet normal 0 0 -1
      outer loop
         vertex 1.20359654829372E-05 3.9655169530306E-05 7.65000004321337E-05
         vertex 1.54842418851331E-05 4.31034495704807E-05 7.65000004321337E-05
         vertex 1.54842418851331E-05 3.9655169530306E-05 7.65000004321337E-05
      endloop
   endfacet
   facet normal 0 0 -1
      outer loop
         vertex 1.20359654829372E-05 3.9655169530306E-05 7.65000004321337E-05
         vertex 1.54842418851331E-05 3.9655169530306E-05 7.65000004321337E-05
         vertex 1.20359654829372E-05 3.62068967660889E-05 7.65000004321337E-05
      endloop
   endfacet
   facet normal 0 0 -1
      outer loop
         vertex 1.20359654829372E-05 3.62068967660889E-05 7.65000004321337E-05
         vertex 1.54842418851331E-05 3.9655169530306E-05 7.65000004321337E-05
         vertex 1.54842418851331E-05 3.62068967660889E-05 7.65000004321337E-05
      endloop
   endfacet
   facet normal 0 0 -1
      outer loop
         vertex 1.20359654829372E-05 3.62068967660889E-05 7.65000004321337E-05
         vertex 1.54842418851331E-05 3.62068967660889E-05 7.65000004321337E-05
         vertex 1.20359654829372E-05 3.2758620363893E-05 7.65000004321337E-05
      endloop
   endfacet
   facet normal 0 0 -1
      outer loop
         vertex 1.20359654829372E-05 3.2758620363893E-05 7.65000004321337E-05
         vertex 1.54842418851331E-05 3.62068967660889E-05 7.65000004321337E-05
         vertex 1.54842418851331E-05 3.2758620363893E-05 7.65000004321337E-05
      endloop
   endfacet
   facet normal 0 0 -1
      outer loop
         vertex 1.20359654829372E-05 3.2758620363893E-05 7.65000004321337E-05
         vertex 1.54842418851331E-05 3.2758620363893E-05 7.65000004321337E-05
         vertex 1.20359654829372E-05 2.93103457806865E-05 7.65000004321337E-05
      endloop
   endfacet
   facet normal 0 0 -1
      outer loop
         vertex 1.20359654829372E-05 2.93103457806865E-05 7.65000004321337E-05
         vertex 1.54842418851331E-05 3.2758620363893E-05 7.65000004321337E-05
         vertex 1.54842418851331E-05 2.93103457806865E-05 7.65000004321337E-05
      endloop
   endfacet
   facet normal 0 0 -1
      outer loop
         vertex 1.20359654829372E-05 2.93103457806865E-05 7.65000004321337E-05
         vertex 1.54842418851331E-05 2.93103457806865E-05 7.65000004321337E-05
         vertex 1.20359654829372E-05 2.58620693784906E-05 7.65000004321337E-05
      endloop
   endfacet
   facet normal 0 0 -1
      outer loop
         vertex 1.20359654829372E-05 2.58620693784906E-05 7.65000004321337E-05
         vertex 1.54842418851331E-05 2.93103457806865E-05 7.65000004321337E-05
         vertex 1.54842418851331E-05 2.58620693784906E-05 7.65000004321337E-05
      endloop
   endfacet
   facet normal 0 0 -1
      outer loop
         vertex 1.20359654829372E-05 2.58620693784906E-05 7.65000004321337E-05
         vertex 1.54842418851331E-05 2.58620693784906E-05 7.65000004321337E-05
         vertex 1.20359654829372E-05 2.2413794795284E-05 7.65000004321337E-05
      endloop
   endfacet
   facet normal 0 0 -1
      outer loop
         vertex 1.20359654829372E-05 2.2413794795284E-05 7.65000004321337E-05
         vertex 1.54842418851331E-05 2.58620693784906E-05 7.65000004321337E-05
         vertex 1.54842418851331E-05 2.2413794795284E-05 7.65000004321337E-05
      endloop
   endfacet
   facet normal 0 0 -1
      outer loop
         vertex 1.20359654829372E-05 2.2413794795284E-05 7.65000004321337E-05
         vertex 1.54842418851331E-05 2.2413794795284E-05 7.65000004321337E-05
         vertex 1.20359654829372E-05 1.89655183930881E-05 7.65000004321337E-05
      endloop
   endfacet
   facet normal 0 0 -1
      outer loop
         vertex 1.20359654829372E-05 1.89655183930881E-05 7.65000004321337E-05
         vertex 1.54842418851331E-05 2.2413794795284E-05 7.65000004321337E-05
         vertex 1.54842418851331E-05 1.89655183930881E-05 7.65000004321337E-05
      endloop
   endfacet
   facet normal 0 0 -1
      outer loop
         vertex 1.20359654829372E-05 1.89655183930881E-05 7.65000004321337E-05
         vertex 1.54842418851331E-05 1.89655183930881E-05 7.65000004321337E-05
         vertex 1.20359654829372E-05 1.55172419908922E-05 7.65000004321337E-05
      endloop
   endfacet
   facet normal 0 0 -1
      outer loop
         vertex 1.20359654829372E-05 1.55172419908922E-05 7.65000004321337E-05
         vertex 1.54842418851331E-05 1.89655183930881E-05 7.65000004321337E-05
         vertex 1.54842418851331E-05 1.55172419908922E-05 7.65000004321337E-05
      endloop
   endfacet
   facet normal 0 0 -1
      outer loop
         vertex 1.20359654829372E-05 1.55172419908922E-05 7.65000004321337E-05
         vertex 1.54842418851331E-05 1.55172419908922E-05 7.65000004321337E-05
         vertex 1.20359654829372E-05 1.20689655886963E-05 7.65000004321337E-05
      endloop
   endfacet
   facet normal 0 0 -1
      outer loop
         vertex 1.20359654829372E-05 1.20689655886963E-05 7.65000004321337E-05
         vertex 1.54842418851331E-05 1.55172419908922E-05 7.65000004321337E-05
         vertex 1.54842418851331E-05 1.20689655886963E-05 7.65000004321337E-05
      endloop
   endfacet
   facet normal 0 0 -1
      outer loop
         vertex 1.20359654829372E-05 1.20689655886963E-05 7.65000004321337E-05
         vertex 1.54842418851331E-05 1.20689655886963E-05 7.65000004321337E-05
         vertex 1.20359654829372E-05 8.62068918650039E-06 7.65000004321337E-05
      endloop
   endfacet
   facet normal 0 0 -1
      outer loop
         vertex 1.20359654829372E-05 8.62068918650039E-06 7.65000004321337E-05
         vertex 1.54842418851331E-05 1.20689655886963E-05 7.65000004321337E-05
         vertex 1.54842418851331E-05 8.62068918650039E-06 7.65000004321337E-05
      endloop
   endfacet
   facet normal 0 0 -1
      outer loop
         vertex 1.20359654829372E-05 8.62068918650039E-06 7.65000004321337E-05
         vertex 1.54842418851331E-05 8.62068918650039E-06 7.65000004321337E-05
         vertex 1.20359654829372E-05 5.17241369379917E-06 7.65000004321337E-05
      endloop
   endfacet
   facet normal 0 0 -1
      outer loop
         vertex 1.20359654829372E-05 5.17241369379917E-06 7.65000004321337E-05
         vertex 1.54842418851331E-05 8.62068918650039E-06 7.65000004321337E-05
         vertex 1.54842418851331E-05 5.17241369379917E-06 7.65000004321337E-05
      endloop
   endfacet
   facet normal 0 0 -1
      outer loop
         vertex 1.20359654829372E-05 5.17241369379917E-06 7.65000004321337E-05
         vertex 1.54842418851331E-05 5.17241369379917E-06 7.65000004321337E-05
         vertex 1.20359654829372E-05 1.72413797372428E-06 7.65000004321337E-05
      endloop
   endfacet
   facet normal 0 0 -1
      outer loop
         vertex 1.20359654829372E-05 1.72413797372428E-06 7.65000004321337E-05
         vertex 1.54842418851331E-05 5.17241369379917E-06 7.65000004321337E-05
         vertex 1.54842418851331E-05 1.72413797372428E-06 7.65000004321337E-05
      endloop
   endfacet
   facet normal 0 0 -1
      outer loop
         vertex 1.20359654829372E-05 1.72413797372428E-06 7.65000004321337E-05
         vertex 1.54842418851331E-05 1.72413797372428E-06 7.65000004321337E-05
         vertex 1.20359654829372E-05 -1.72413797372428E-06 7.65000004321337E-05
      endloop
   endfacet
   facet normal 0 0 -1
      outer loop
         vertex 1.20359654829372E-05 -1.72413797372428E-06 7.65000004321337E-05
         vertex 1.54842418851331E-05 1.72413797372428E-06 7.65000004321337E-05
         vertex 1.54842418851331E-05 -1.72413797372428E-06 7.65000004321337E-05
      endloop
   endfacet
   facet normal 0 0 -1
      outer loop
         vertex 1.20359654829372E-05 -1.72413797372428E-06 7.65000004321337E-05
         vertex 1.54842418851331E-05 -1.72413797372428E-06 7.65000004321337E-05
         vertex 1.20359654829372E-05 -5.17241369379917E-06 7.65000004321337E-05
      endloop
   endfacet
   facet normal 0 0 -1
      outer loop
         vertex 1.20359654829372E-05 -5.17241369379917E-06 7.65000004321337E-05
         vertex 1.54842418851331E-05 -1.72413797372428E-06 7.65000004321337E-05
         vertex 1.54842418851331E-05 -5.17241369379917E-06 7.65000004321337E-05
      endloop
   endfacet
   facet normal 0 0 -1
      outer loop
         vertex 1.20359654829372E-05 -5.17241369379917E-06 7.65000004321337E-05
         vertex 1.54842418851331E-05 -5.17241369379917E-06 7.65000004321337E-05
         vertex 1.20359654829372E-05 -8.62068918650039E-06 7.65000004321337E-05
      endloop
   endfacet
   facet normal 0 0 -1
      outer loop
         vertex 1.20359654829372E-05 -8.62068918650039E-06 7.65000004321337E-05
         vertex 1.54842418851331E-05 -5.17241369379917E-06 7.65000004321337E-05
         vertex 1.54842418851331E-05 -8.62068918650039E-06 7.65000004321337E-05
      endloop
   endfacet
   facet normal 0 0 -1
      outer loop
         vertex 1.20359654829372E-05 -8.62068918650039E-06 7.65000004321337E-05
         vertex 1.54842418851331E-05 -8.62068918650039E-06 7.65000004321337E-05
         vertex 1.20359654829372E-05 -1.20689655886963E-05 7.65000004321337E-05
      endloop
   endfacet
   facet normal 0 0 -1
      outer loop
         vertex 1.20359654829372E-05 -1.20689655886963E-05 7.65000004321337E-05
         vertex 1.54842418851331E-05 -8.62068918650039E-06 7.65000004321337E-05
         vertex 1.54842418851331E-05 -1.20689655886963E-05 7.65000004321337E-05
      endloop
   endfacet
   facet normal 0 0 -1
      outer loop
         vertex 1.20359654829372E-05 -1.20689655886963E-05 7.65000004321337E-05
         vertex 1.54842418851331E-05 -1.20689655886963E-05 7.65000004321337E-05
         vertex 1.20359654829372E-05 -1.55172419908922E-05 7.65000004321337E-05
      endloop
   endfacet
   facet normal 0 0 -1
      outer loop
         vertex 1.20359654829372E-05 -1.55172419908922E-05 7.65000004321337E-05
         vertex 1.54842418851331E-05 -1.20689655886963E-05 7.65000004321337E-05
         vertex 1.54842418851331E-05 -1.55172419908922E-05 7.65000004321337E-05
      endloop
   endfacet
   facet normal 0 0 -1
      outer loop
         vertex 1.20359654829372E-05 -1.55172419908922E-05 7.65000004321337E-05
         vertex 1.54842418851331E-05 -1.55172419908922E-05 7.65000004321337E-05
         vertex 1.20359654829372E-05 -1.89655183930881E-05 7.65000004321337E-05
      endloop
   endfacet
   facet normal 0 0 -1
      outer loop
         vertex 1.20359654829372E-05 -1.89655183930881E-05 7.65000004321337E-05
         vertex 1.54842418851331E-05 -1.55172419908922E-05 7.65000004321337E-05
         vertex 1.54842418851331E-05 -1.89655183930881E-05 7.65000004321337E-05
      endloop
   endfacet
   facet normal 0 0 -1
      outer loop
         vertex 1.20359654829372E-05 -1.89655183930881E-05 7.65000004321337E-05
         vertex 1.54842418851331E-05 -1.89655183930881E-05 7.65000004321337E-05
         vertex 1.20359654829372E-05 -2.2413794795284E-05 7.65000004321337E-05
      endloop
   endfacet
   facet normal 0 0 -1
      outer loop
         vertex 1.20359654829372E-05 -2.2413794795284E-05 7.65000004321337E-05
         vertex 1.54842418851331E-05 -1.89655183930881E-05 7.65000004321337E-05
         vertex 1.54842418851331E-05 -2.2413794795284E-05 7.65000004321337E-05
      endloop
   endfacet
   facet normal 0 0 -1
      outer loop
         vertex 1.8932518287329E-05 3.62068967660889E-05 7.65000004321337E-05
         vertex 2.23807928705355E-05 3.62068967660889E-05 7.65000004321337E-05
         vertex 1.8932518287329E-05 3.2758620363893E-05 7.65000004321337E-05
      endloop
   endfacet
   facet normal 0 0 -1
      outer loop
         vertex 1.8932518287329E-05 3.2758620363893E-05 7.65000004321337E-05
         vertex 2.23807928705355E-05 3.62068967660889E-05 7.65000004321337E-05
         vertex 2.23807928705355E-05 3.2758620363893E-05 7.65000004321337E-05
      endloop
   endfacet
   facet normal 0 0 -1
      outer loop
         vertex 1.8932518287329E-05 3.2758620363893E-05 7.65000004321337E-05
         vertex 2.23807928705355E-05 3.2758620363893E-05 7.65000004321337E-05
         vertex 1.8932518287329E-05 2.93103457806865E-05 7.65000004321337E-05
      endloop
   endfacet
   facet normal 0 0 -1
      outer loop
         vertex 1.8932518287329E-05 2.93103457806865E-05 7.65000004321337E-05
         vertex 2.23807928705355E-05 3.2758620363893E-05 7.65000004321337E-05
         vertex 2.23807928705355E-05 2.93103457806865E-05 7.65000004321337E-05
      endloop
   endfacet
   facet normal 0 0 -1
      outer loop
         vertex 1.8932518287329E-05 2.93103457806865E-05 7.65000004321337E-05
         vertex 2.23807928705355E-05 2.93103457806865E-05 7.65000004321337E-05
         vertex 1.8932518287329E-05 2.58620693784906E-05 7.65000004321337E-05
      endloop
   endfacet
   facet normal 0 0 -1
      outer loop
         vertex 1.8932518287329E-05 2.58620693784906E-05 7.65000004321337E-05
         vertex 2.23807928705355E-05 2.93103457806865E-05 7.65000004321337E-05
         vertex 2.23807928705355E-05 2.58620693784906E-05 7.65000004321337E-05
      endloop
   endfacet
   facet normal 0 0 -1
      outer loop
         vertex 1.8932518287329E-05 2.58620693784906E-05 7.65000004321337E-05
         vertex 2.23807928705355E-05 2.58620693784906E-05 7.65000004321337E-05
         vertex 1.8932518287329E-05 2.2413794795284E-05 7.65000004321337E-05
      endloop
   endfacet
   facet normal 0 0 -1
      outer loop
         vertex 1.8932518287329E-05 2.2413794795284E-05 7.65000004321337E-05
         vertex 2.23807928705355E-05 2.58620693784906E-05 7.65000004321337E-05
         vertex 2.23807928705355E-05 2.2413794795284E-05 7.65000004321337E-05
      endloop
   endfacet
   facet normal 0 0 -1
      outer loop
         vertex 1.8932518287329E-05 2.2413794795284E-05 7.65000004321337E-05
         vertex 2.23807928705355E-05 2.2413794795284E-05 7.65000004321337E-05
         vertex 1.8932518287329E-05 1.89655183930881E-05 7.65000004321337E-05
      endloop
   endfacet
   facet normal 0 0 -1
      outer loop
         vertex 1.8932518287329E-05 1.89655183930881E-05 7.65000004321337E-05
         vertex 2.23807928705355E-05 2.2413794795284E-05 7.65000004321337E-05
         vertex 2.23807928705355E-05 1.89655183930881E-05 7.65000004321337E-05
      endloop
   endfacet
   facet normal 0 0 -1
      outer loop
         vertex 1.8932518287329E-05 1.89655183930881E-05 7.65000004321337E-05
         vertex 2.23807928705355E-05 1.89655183930881E-05 7.65000004321337E-05
         vertex 1.8932518287329E-05 1.55172419908922E-05 7.65000004321337E-05
      endloop
   endfacet
   facet normal 0 0 -1
      outer loop
         vertex 1.8932518287329E-05 1.55172419908922E-05 7.65000004321337E-05
         vertex 2.23807928705355E-05 1.89655183930881E-05 7.65000004321337E-05
         vertex 2.23807928705355E-05 1.55172419908922E-05 7.65000004321337E-05
      endloop
   endfacet
   facet normal 0 0 -1
      outer loop
         vertex 1.8932518287329E-05 1.55172419908922E-05 7.65000004321337E-05
         vertex 2.23807928705355E-05 1.55172419908922E-05 7.65000004321337E-05
         vertex 1.8932518287329E-05 1.20689655886963E-05 7.65000004321337E-05
      endloop
   endfacet
   facet normal 0 0 -1
      outer loop
         vertex 1.8932518287329E-05 1.20689655886963E-05 7.65000004321337E-05
         vertex 2.23807928705355E-05 1.55172419908922E-05 7.65000004321337E-05
         vertex 2.23807928705355E-05 1.20689655886963E-05 7.65000004321337E-05
      endloop
   endfacet
   facet normal 0 0 -1
      outer loop
         vertex 1.8932518287329E-05 1.20689655886963E-05 7.65000004321337E-05
         vertex 2.23807928705355E-05 1.20689655886963E-05 7.65000004321337E-05
         vertex 1.8932518287329E-05 8.62068918650039E-06 7.65000004321337E-05
      endloop
   endfacet
   facet normal 0 0 -1
      outer loop
         vertex 1.8932518287329E-05 8.62068918650039E-06 7.65000004321337E-05
         vertex 2.23807928705355E-05 1.20689655886963E-05 7.65000004321337E-05
         vertex 2.23807928705355E-05 8.62068918650039E-06 7.65000004321337E-05
      endloop
   endfacet
   facet normal 0 0 -1
      outer loop
         vertex 1.8932518287329E-05 8.62068918650039E-06 7.65000004321337E-05
         vertex 2.23807928705355E-05 8.62068918650039E-06 7.65000004321337E-05
         vertex 1.8932518287329E-05 5.17241369379917E-06 7.65000004321337E-05
      endloop
   endfacet
   facet normal 0 0 -1
      outer loop
         vertex 1.8932518287329E-05 5.17241369379917E-06 7.65000004321337E-05
         vertex 2.23807928705355E-05 8.62068918650039E-06 7.65000004321337E-05
         vertex 2.23807928705355E-05 5.17241369379917E-06 7.65000004321337E-05
      endloop
   endfacet
   facet normal 0 0 -1
      outer loop
         vertex 1.8932518287329E-05 5.17241369379917E-06 7.65000004321337E-05
         vertex 2.23807928705355E-05 5.17241369379917E-06 7.65000004321337E-05
         vertex 1.8932518287329E-05 1.72413797372428E-06 7.65000004321337E-05
      endloop
   endfacet
   facet normal 0 0 -1
      outer loop
         vertex 1.8932518287329E-05 1.72413797372428E-06 7.65000004321337E-05
         vertex 2.23807928705355E-05 5.17241369379917E-06 7.65000004321337E-05
         vertex 2.23807928705355E-05 1.72413797372428E-06 7.65000004321337E-05
      endloop
   endfacet
   facet normal 0 0 -1
      outer loop
         vertex 1.8932518287329E-05 1.72413797372428E-06 7.65000004321337E-05
         vertex 2.23807928705355E-05 1.72413797372428E-06 7.65000004321337E-05
         vertex 1.8932518287329E-05 -1.72413797372428E-06 7.65000004321337E-05
      endloop
   endfacet
   facet normal 0 0 -1
      outer loop
         vertex 1.8932518287329E-05 -1.72413797372428E-06 7.65000004321337E-05
         vertex 2.23807928705355E-05 1.72413797372428E-06 7.65000004321337E-05
         vertex 2.23807928705355E-05 -1.72413797372428E-06 7.65000004321337E-05
      endloop
   endfacet
   facet normal 0 0 -1
      outer loop
         vertex 1.8932518287329E-05 -1.72413797372428E-06 7.65000004321337E-05
         vertex 2.23807928705355E-05 -1.72413797372428E-06 7.65000004321337E-05
         vertex 1.8932518287329E-05 -5.17241369379917E-06 7.65000004321337E-05
      endloop
   endfacet
   facet normal 0 0 -1
      outer loop
         vertex 1.8932518287329E-05 -5.17241369379917E-06 7.65000004321337E-05
         vertex 2.23807928705355E-05 -1.72413797372428E-06 7.65000004321337E-05
         vertex 2.23807928705355E-05 -5.17241369379917E-06 7.65000004321337E-05
      endloop
   endfacet
   facet normal 0 0 -1
      outer loop
         vertex 1.8932518287329E-05 -5.17241369379917E-06 7.65000004321337E-05
         vertex 2.23807928705355E-05 -5.17241369379917E-06 7.65000004321337E-05
         vertex 1.8932518287329E-05 -8.62068918650039E-06 7.65000004321337E-05
      endloop
   endfacet
   facet normal 0 0 -1
      outer loop
         vertex 1.8932518287329E-05 -8.62068918650039E-06 7.65000004321337E-05
         vertex 2.23807928705355E-05 -5.17241369379917E-06 7.65000004321337E-05
         vertex 2.23807928705355E-05 -8.62068918650039E-06 7.65000004321337E-05
      endloop
   endfacet
   facet normal 0 0 -1
      outer loop
         vertex 1.8932518287329E-05 -8.62068918650039E-06 7.65000004321337E-05
         vertex 2.23807928705355E-05 -8.62068918650039E-06 7.65000004321337E-05
         vertex 1.8932518287329E-05 -1.20689655886963E-05 7.65000004321337E-05
      endloop
   endfacet
   facet normal 0 0 -1
      outer loop
         vertex 1.8932518287329E-05 -1.20689655886963E-05 7.65000004321337E-05
         vertex 2.23807928705355E-05 -8.62068918650039E-06 7.65000004321337E-05
         vertex 2.23807928705355E-05 -1.20689655886963E-05 7.65000004321337E-05
      endloop
   endfacet
   facet normal 0 0 -1
      outer loop
         vertex 1.8932518287329E-05 -1.20689655886963E-05 7.65000004321337E-05
         vertex 2.23807928705355E-05 -1.20689655886963E-05 7.65000004321337E-05
         vertex 1.8932518287329E-05 -1.55172419908922E-05 7.65000004321337E-05
      endloop
   endfacet
   facet normal 0 0 -1
      outer loop
         vertex 1.8932518287329E-05 -1.55172419908922E-05 7.65000004321337E-05
         vertex 2.23807928705355E-05 -1.20689655886963E-05 7.65000004321337E-05
         vertex 2.23807928705355E-05 -1.55172419908922E-05 7.65000004321337E-05
      endloop
   endfacet
   facet normal 0 0 -1
      outer loop
         vertex 1.8932518287329E-05 -1.55172419908922E-05 7.65000004321337E-05
         vertex 2.23807928705355E-05 -1.55172419908922E-05 7.65000004321337E-05
         vertex 1.8932518287329E-05 -1.89655183930881E-05 7.65000004321337E-05
      endloop
   endfacet
   facet normal 0 0 -1
      outer loop
         vertex 1.8932518287329E-05 -1.89655183930881E-05 7.65000004321337E-05
         vertex 2.23807928705355E-05 -1.55172419908922E-05 7.65000004321337E-05
         vertex 2.23807928705355E-05 -1.89655183930881E-05 7.65000004321337E-05
      endloop
   endfacet
   facet normal 0 0 -1
      outer loop
         vertex 1.8932518287329E-05 -1.89655183930881E-05 7.65000004321337E-05
         vertex 2.23807928705355E-05 -1.89655183930881E-05 7.65000004321337E-05
         vertex 1.8932518287329E-05 -2.2413794795284E-05 7.65000004321337E-05
      endloop
   endfacet
   facet normal 0 0 -1
      outer loop
         vertex 1.8932518287329E-05 -2.2413794795284E-05 7.65000004321337E-05
         vertex 2.23807928705355E-05 -1.89655183930881E-05 7.65000004321337E-05
         vertex 2.23807928705355E-05 -2.2413794795284E-05 7.65000004321337E-05
      endloop
   endfacet
   facet normal 0 0 -1
      outer loop
         vertex 2.23807928705355E-05 3.9655169530306E-05 7.65000004321337E-05
         vertex 2.58290692727314E-05 3.9655169530306E-05 7.65000004321337E-05
         vertex 2.23807928705355E-05 3.62068967660889E-05 7.65000004321337E-05
      endloop
   endfacet
   facet normal 0 0 -1
      outer loop
         vertex 2.23807928705355E-05 3.62068967660889E-05 7.65000004321337E-05
         vertex 2.58290692727314E-05 3.9655169530306E-05 7.65000004321337E-05
         vertex 2.58290692727314E-05 3.62068967660889E-05 7.65000004321337E-05
      endloop
   endfacet
   facet normal 0 0 -1
      outer loop
         vertex 2.23807928705355E-05 3.62068967660889E-05 7.65000004321337E-05
         vertex 2.58290692727314E-05 3.62068967660889E-05 7.65000004321337E-05
         vertex 2.23807928705355E-05 3.2758620363893E-05 7.65000004321337E-05
      endloop
   endfacet
   facet normal 0 0 -1
      outer loop
         vertex 2.23807928705355E-05 3.2758620363893E-05 7.65000004321337E-05
         vertex 2.58290692727314E-05 3.62068967660889E-05 7.65000004321337E-05
         vertex 2.58290692727314E-05 3.2758620363893E-05 7.65000004321337E-05
      endloop
   endfacet
   facet normal 0 0 -1
      outer loop
         vertex 2.23807928705355E-05 3.2758620363893E-05 7.65000004321337E-05
         vertex 2.58290692727314E-05 3.2758620363893E-05 7.65000004321337E-05
         vertex 2.23807928705355E-05 2.93103457806865E-05 7.65000004321337E-05
      endloop
   endfacet
   facet normal 0 0 -1
      outer loop
         vertex 2.23807928705355E-05 2.93103457806865E-05 7.65000004321337E-05
         vertex 2.58290692727314E-05 3.2758620363893E-05 7.65000004321337E-05
         vertex 2.58290692727314E-05 2.93103457806865E-05 7.65000004321337E-05
      endloop
   endfacet
   facet normal 0 0 -1
      outer loop
         vertex 2.23807928705355E-05 2.93103457806865E-05 7.65000004321337E-05
         vertex 2.58290692727314E-05 2.93103457806865E-05 7.65000004321337E-05
         vertex 2.23807928705355E-05 2.58620693784906E-05 7.65000004321337E-05
      endloop
   endfacet
   facet normal 0 0 -1
      outer loop
         vertex 2.23807928705355E-05 2.58620693784906E-05 7.65000004321337E-05
         vertex 2.58290692727314E-05 2.93103457806865E-05 7.65000004321337E-05
         vertex 2.58290692727314E-05 2.58620693784906E-05 7.65000004321337E-05
      endloop
   endfacet
   facet normal 0 0 -1
      outer loop
         vertex 2.23807928705355E-05 2.58620693784906E-05 7.65000004321337E-05
         vertex 2.58290692727314E-05 2.58620693784906E-05 7.65000004321337E-05
         vertex 2.23807928705355E-05 2.2413794795284E-05 7.65000004321337E-05
      endloop
   endfacet
   facet normal 0 0 -1
      outer loop
         vertex 2.23807928705355E-05 2.2413794795284E-05 7.65000004321337E-05
         vertex 2.58290692727314E-05 2.58620693784906E-05 7.65000004321337E-05
         vertex 2.58290692727314E-05 2.2413794795284E-05 7.65000004321337E-05
      endloop
   endfacet
   facet normal 0 0 -1
      outer loop
         vertex 2.23807928705355E-05 2.2413794795284E-05 7.65000004321337E-05
         vertex 2.58290692727314E-05 2.2413794795284E-05 7.65000004321337E-05
         vertex 2.23807928705355E-05 1.89655183930881E-05 7.65000004321337E-05
      endloop
   endfacet
   facet normal 0 0 -1
      outer loop
         vertex 2.23807928705355E-05 1.89655183930881E-05 7.65000004321337E-05
         vertex 2.58290692727314E-05 2.2413794795284E-05 7.65000004321337E-05
         vertex 2.58290692727314E-05 1.89655183930881E-05 7.65000004321337E-05
      endloop
   endfacet
   facet normal 0 0 -1
      outer loop
         vertex 2.23807928705355E-05 1.89655183930881E-05 7.65000004321337E-05
         vertex 2.58290692727314E-05 1.89655183930881E-05 7.65000004321337E-05
         vertex 2.23807928705355E-05 1.55172419908922E-05 7.65000004321337E-05
      endloop
   endfacet
   facet normal 0 0 -1
      outer loop
         vertex 2.23807928705355E-05 1.55172419908922E-05 7.65000004321337E-05
         vertex 2.58290692727314E-05 1.89655183930881E-05 7.65000004321337E-05
         vertex 2.58290692727314E-05 1.55172419908922E-05 7.65000004321337E-05
      endloop
   endfacet
   facet normal 0 0 -1
      outer loop
         vertex 2.23807928705355E-05 1.55172419908922E-05 7.65000004321337E-05
         vertex 2.58290692727314E-05 1.55172419908922E-05 7.65000004321337E-05
         vertex 2.23807928705355E-05 1.20689655886963E-05 7.65000004321337E-05
      endloop
   endfacet
   facet normal 0 0 -1
      outer loop
         vertex 2.23807928705355E-05 1.20689655886963E-05 7.65000004321337E-05
         vertex 2.58290692727314E-05 1.55172419908922E-05 7.65000004321337E-05
         vertex 2.58290692727314E-05 1.20689655886963E-05 7.65000004321337E-05
      endloop
   endfacet
   facet normal 0 0 -1
      outer loop
         vertex 2.23807928705355E-05 1.20689655886963E-05 7.65000004321337E-05
         vertex 2.58290692727314E-05 1.20689655886963E-05 7.65000004321337E-05
         vertex 2.23807928705355E-05 8.62068918650039E-06 7.65000004321337E-05
      endloop
   endfacet
   facet normal 0 0 -1
      outer loop
         vertex 2.23807928705355E-05 8.62068918650039E-06 7.65000004321337E-05
         vertex 2.58290692727314E-05 1.20689655886963E-05 7.65000004321337E-05
         vertex 2.58290692727314E-05 8.62068918650039E-06 7.65000004321337E-05
      endloop
   endfacet
   facet normal 0 0 -1
      outer loop
         vertex 2.23807928705355E-05 8.62068918650039E-06 7.65000004321337E-05
         vertex 2.58290692727314E-05 8.62068918650039E-06 7.65000004321337E-05
         vertex 2.23807928705355E-05 5.17241369379917E-06 7.65000004321337E-05
      endloop
   endfacet
   facet normal 0 0 -1
      outer loop
         vertex 2.23807928705355E-05 5.17241369379917E-06 7.65000004321337E-05
         vertex 2.58290692727314E-05 8.62068918650039E-06 7.65000004321337E-05
         vertex 2.58290692727314E-05 5.17241369379917E-06 7.65000004321337E-05
      endloop
   endfacet
   facet normal 0 0 -1
      outer loop
         vertex 2.23807928705355E-05 5.17241369379917E-06 7.65000004321337E-05
         vertex 2.58290692727314E-05 5.17241369379917E-06 7.65000004321337E-05
         vertex 2.23807928705355E-05 1.72413797372428E-06 7.65000004321337E-05
      endloop
   endfacet
   facet normal 0 0 -1
      outer loop
         vertex 2.23807928705355E-05 1.72413797372428E-06 7.65000004321337E-05
         vertex 2.58290692727314E-05 5.17241369379917E-06 7.65000004321337E-05
         vertex 2.58290692727314E-05 1.72413797372428E-06 7.65000004321337E-05
      endloop
   endfacet
   facet normal 0 0 -1
      outer loop
         vertex 2.23807928705355E-05 1.72413797372428E-06 7.65000004321337E-05
         vertex 2.58290692727314E-05 1.72413797372428E-06 7.65000004321337E-05
         vertex 2.23807928705355E-05 -1.72413797372428E-06 7.65000004321337E-05
      endloop
   endfacet
   facet normal 0 0 -1
      outer loop
         vertex 2.23807928705355E-05 -1.72413797372428E-06 7.65000004321337E-05
         vertex 2.58290692727314E-05 1.72413797372428E-06 7.65000004321337E-05
         vertex 2.58290692727314E-05 -1.72413797372428E-06 7.65000004321337E-05
      endloop
   endfacet
   facet normal 0 0 -1
      outer loop
         vertex 2.23807928705355E-05 -1.72413797372428E-06 7.65000004321337E-05
         vertex 2.58290692727314E-05 -1.72413797372428E-06 7.65000004321337E-05
         vertex 2.23807928705355E-05 -5.17241369379917E-06 7.65000004321337E-05
      endloop
   endfacet
   facet normal 0 0 -1
      outer loop
         vertex 2.23807928705355E-05 -5.17241369379917E-06 7.65000004321337E-05
         vertex 2.58290692727314E-05 -1.72413797372428E-06 7.65000004321337E-05
         vertex 2.58290692727314E-05 -5.17241369379917E-06 7.65000004321337E-05
      endloop
   endfacet
   facet normal 0 0 -1
      outer loop
         vertex 2.23807928705355E-05 -5.17241369379917E-06 7.65000004321337E-05
         vertex 2.58290692727314E-05 -5.17241369379917E-06 7.65000004321337E-05
         vertex 2.23807928705355E-05 -8.62068918650039E-06 7.65000004321337E-05
      endloop
   endfacet
   facet normal 0 0 -1
      outer loop
         vertex 2.23807928705355E-05 -8.62068918650039E-06 7.65000004321337E-05
         vertex 2.58290692727314E-05 -5.17241369379917E-06 7.65000004321337E-05
         vertex 2.58290692727314E-05 -8.62068918650039E-06 7.65000004321337E-05
      endloop
   endfacet
   facet normal 0 0 -1
      outer loop
         vertex 2.23807928705355E-05 -8.62068918650039E-06 7.65000004321337E-05
         vertex 2.58290692727314E-05 -8.62068918650039E-06 7.65000004321337E-05
         vertex 2.23807928705355E-05 -1.20689655886963E-05 7.65000004321337E-05
      endloop
   endfacet
   facet normal 0 0 -1
      outer loop
         vertex 2.23807928705355E-05 -1.20689655886963E-05 7.65000004321337E-05
         vertex 2.58290692727314E-05 -8.62068918650039E-06 7.65000004321337E-05
         vertex 2.58290692727314E-05 -1.20689655886963E-05 7.65000004321337E-05
      endloop
   endfacet
   facet normal 0 0 -1
      outer loop
         vertex 2.23807928705355E-05 -1.20689655886963E-05 7.65000004321337E-05
         vertex 2.58290692727314E-05 -1.20689655886963E-05 7.65000004321337E-05
         vertex 2.23807928705355E-05 -1.55172419908922E-05 7.65000004321337E-05
      endloop
   endfacet
   facet normal 0 0 -1
      outer loop
         vertex 2.23807928705355E-05 -1.55172419908922E-05 7.65000004321337E-05
         vertex 2.58290692727314E-05 -1.20689655886963E-05 7.65000004321337E-05
         vertex 2.58290692727314E-05 -1.55172419908922E-05 7.65000004321337E-05
      endloop
   endfacet
   facet normal 0 0 -1
      outer loop
         vertex 2.23807928705355E-05 -1.55172419908922E-05 7.65000004321337E-05
         vertex 2.58290692727314E-05 -1.55172419908922E-05 7.65000004321337E-05
         vertex 2.23807928705355E-05 -1.89655183930881E-05 7.65000004321337E-05
      endloop
   endfacet
   facet normal 0 0 -1
      outer loop
         vertex 2.23807928705355E-05 -1.89655183930881E-05 7.65000004321337E-05
         vertex 2.58290692727314E-05 -1.55172419908922E-05 7.65000004321337E-05
         vertex 2.58290692727314E-05 -1.89655183930881E-05 7.65000004321337E-05
      endloop
   endfacet
   facet normal 0 0 -1
      outer loop
         vertex 2.23807928705355E-05 -1.89655183930881E-05 7.65000004321337E-05
         vertex 2.58290692727314E-05 -1.89655183930881E-05 7.65000004321337E-05
         vertex 2.23807928705355E-05 -2.2413794795284E-05 7.65000004321337E-05
      endloop
   endfacet
   facet normal 0 0 -1
      outer loop
         vertex 2.23807928705355E-05 -2.2413794795284E-05 7.65000004321337E-05
         vertex 2.58290692727314E-05 -1.89655183930881E-05 7.65000004321337E-05
         vertex 2.58290692727314E-05 -2.2413794795284E-05 7.65000004321337E-05
      endloop
   endfacet
   facet normal 0 0 -1
      outer loop
         vertex 2.58290692727314E-05 3.9655169530306E-05 7.65000004321337E-05
         vertex 2.92773456749273E-05 3.9655169530306E-05 7.65000004321337E-05
         vertex 2.58290692727314E-05 3.62068967660889E-05 7.65000004321337E-05
      endloop
   endfacet
   facet normal 0 0 -1
      outer loop
         vertex 2.58290692727314E-05 3.62068967660889E-05 7.65000004321337E-05
         vertex 2.92773456749273E-05 3.9655169530306E-05 7.65000004321337E-05
         vertex 2.92773456749273E-05 3.62068967660889E-05 7.65000004321337E-05
      endloop
   endfacet
   facet normal 0 0 -1
      outer loop
         vertex 2.58290692727314E-05 3.62068967660889E-05 7.65000004321337E-05
         vertex 2.92773456749273E-05 3.62068967660889E-05 7.65000004321337E-05
         vertex 2.58290692727314E-05 3.2758620363893E-05 7.65000004321337E-05
      endloop
   endfacet
   facet normal 0 0 -1
      outer loop
         vertex 2.58290692727314E-05 3.2758620363893E-05 7.65000004321337E-05
         vertex 2.92773456749273E-05 3.62068967660889E-05 7.65000004321337E-05
         vertex 2.92773456749273E-05 3.2758620363893E-05 7.65000004321337E-05
      endloop
   endfacet
   facet normal 0 0 -1
      outer loop
         vertex 2.58290692727314E-05 3.2758620363893E-05 7.65000004321337E-05
         vertex 2.92773456749273E-05 3.2758620363893E-05 7.65000004321337E-05
         vertex 2.58290692727314E-05 2.93103457806865E-05 7.65000004321337E-05
      endloop
   endfacet
   facet normal 0 0 -1
      outer loop
         vertex 2.58290692727314E-05 2.93103457806865E-05 7.65000004321337E-05
         vertex 2.92773456749273E-05 3.2758620363893E-05 7.65000004321337E-05
         vertex 2.92773456749273E-05 2.93103457806865E-05 7.65000004321337E-05
      endloop
   endfacet
   facet normal 0 0 -1
      outer loop
         vertex 2.58290692727314E-05 2.93103457806865E-05 7.65000004321337E-05
         vertex 2.92773456749273E-05 2.93103457806865E-05 7.65000004321337E-05
         vertex 2.58290692727314E-05 2.58620693784906E-05 7.65000004321337E-05
      endloop
   endfacet
   facet normal 0 0 -1
      outer loop
         vertex 2.58290692727314E-05 2.58620693784906E-05 7.65000004321337E-05
         vertex 2.92773456749273E-05 2.93103457806865E-05 7.65000004321337E-05
         vertex 2.92773456749273E-05 2.58620693784906E-05 7.65000004321337E-05
      endloop
   endfacet
   facet normal 0 0 -1
      outer loop
         vertex 2.58290692727314E-05 2.58620693784906E-05 7.65000004321337E-05
         vertex 2.92773456749273E-05 2.58620693784906E-05 7.65000004321337E-05
         vertex 2.58290692727314E-05 2.2413794795284E-05 7.65000004321337E-05
      endloop
   endfacet
   facet normal 0 0 -1
      outer loop
         vertex 2.58290692727314E-05 2.2413794795284E-05 7.65000004321337E-05
         vertex 2.92773456749273E-05 2.58620693784906E-05 7.65000004321337E-05
         vertex 2.92773456749273E-05 2.2413794795284E-05 7.65000004321337E-05
      endloop
   endfacet
   facet normal 0 0 -1
      outer loop
         vertex 2.58290692727314E-05 2.2413794795284E-05 7.65000004321337E-05
         vertex 2.92773456749273E-05 2.2413794795284E-05 7.65000004321337E-05
         vertex 2.58290692727314E-05 1.89655183930881E-05 7.65000004321337E-05
      endloop
   endfacet
   facet normal 0 0 -1
      outer loop
         vertex 2.58290692727314E-05 1.89655183930881E-05 7.65000004321337E-05
         vertex 2.92773456749273E-05 2.2413794795284E-05 7.65000004321337E-05
         vertex 2.92773456749273E-05 1.89655183930881E-05 7.65000004321337E-05
      endloop
   endfacet
   facet normal 0 0 -1
      outer loop
         vertex 2.58290692727314E-05 1.89655183930881E-05 7.65000004321337E-05
         vertex 2.92773456749273E-05 1.89655183930881E-05 7.65000004321337E-05
         vertex 2.58290692727314E-05 1.55172419908922E-05 7.65000004321337E-05
      endloop
   endfacet
   facet normal 0 0 -1
      outer loop
         vertex 2.58290692727314E-05 1.55172419908922E-05 7.65000004321337E-05
         vertex 2.92773456749273E-05 1.89655183930881E-05 7.65000004321337E-05
         vertex 2.92773456749273E-05 1.55172419908922E-05 7.65000004321337E-05
      endloop
   endfacet
   facet normal 0 0 -1
      outer loop
         vertex 2.58290692727314E-05 1.55172419908922E-05 7.65000004321337E-05
         vertex 2.92773456749273E-05 1.55172419908922E-05 7.65000004321337E-05
         vertex 2.58290692727314E-05 1.20689655886963E-05 7.65000004321337E-05
      endloop
   endfacet
   facet normal 0 0 -1
      outer loop
         vertex 2.58290692727314E-05 1.20689655886963E-05 7.65000004321337E-05
         vertex 2.92773456749273E-05 1.55172419908922E-05 7.65000004321337E-05
         vertex 2.92773456749273E-05 1.20689655886963E-05 7.65000004321337E-05
      endloop
   endfacet
   facet normal 0 0 -1
      outer loop
         vertex 2.58290692727314E-05 1.20689655886963E-05 7.65000004321337E-05
         vertex 2.92773456749273E-05 1.20689655886963E-05 7.65000004321337E-05
         vertex 2.58290692727314E-05 8.62068918650039E-06 7.65000004321337E-05
      endloop
   endfacet
   facet normal 0 0 -1
      outer loop
         vertex 2.58290692727314E-05 8.62068918650039E-06 7.65000004321337E-05
         vertex 2.92773456749273E-05 1.20689655886963E-05 7.65000004321337E-05
         vertex 2.92773456749273E-05 8.62068918650039E-06 7.65000004321337E-05
      endloop
   endfacet
   facet normal 0 0 -1
      outer loop
         vertex 2.58290692727314E-05 8.62068918650039E-06 7.65000004321337E-05
         vertex 2.92773456749273E-05 8.62068918650039E-06 7.65000004321337E-05
         vertex 2.58290692727314E-05 5.17241369379917E-06 7.65000004321337E-05
      endloop
   endfacet
   facet normal 0 0 -1
      outer loop
         vertex 2.58290692727314E-05 5.17241369379917E-06 7.65000004321337E-05
         vertex 2.92773456749273E-05 8.62068918650039E-06 7.65000004321337E-05
         vertex 2.92773456749273E-05 5.17241369379917E-06 7.65000004321337E-05
      endloop
   endfacet
   facet normal 0 0 -1
      outer loop
         vertex 2.58290692727314E-05 5.17241369379917E-06 7.65000004321337E-05
         vertex 2.92773456749273E-05 5.17241369379917E-06 7.65000004321337E-05
         vertex 2.58290692727314E-05 1.72413797372428E-06 7.65000004321337E-05
      endloop
   endfacet
   facet normal 0 0 -1
      outer loop
         vertex 2.58290692727314E-05 1.72413797372428E-06 7.65000004321337E-05
         vertex 2.92773456749273E-05 5.17241369379917E-06 7.65000004321337E-05
         vertex 2.92773456749273E-05 1.72413797372428E-06 7.65000004321337E-05
      endloop
   endfacet
   facet normal 0 0 -1
      outer loop
         vertex 2.58290692727314E-05 1.72413797372428E-06 7.65000004321337E-05
         vertex 2.92773456749273E-05 1.72413797372428E-06 7.65000004321337E-05
         vertex 2.58290692727314E-05 -1.72413797372428E-06 7.65000004321337E-05
      endloop
   endfacet
   facet normal 0 0 -1
      outer loop
         vertex 2.58290692727314E-05 -1.72413797372428E-06 7.65000004321337E-05
         vertex 2.92773456749273E-05 1.72413797372428E-06 7.65000004321337E-05
         vertex 2.92773456749273E-05 -1.72413797372428E-06 7.65000004321337E-05
      endloop
   endfacet
   facet normal 0 0 -1
      outer loop
         vertex 2.58290692727314E-05 -1.72413797372428E-06 7.65000004321337E-05
         vertex 2.92773456749273E-05 -1.72413797372428E-06 7.65000004321337E-05
         vertex 2.58290692727314E-05 -5.17241369379917E-06 7.65000004321337E-05
      endloop
   endfacet
   facet normal 0 0 -1
      outer loop
         vertex 2.58290692727314E-05 -5.17241369379917E-06 7.65000004321337E-05
         vertex 2.92773456749273E-05 -1.72413797372428E-06 7.65000004321337E-05
         vertex 2.92773456749273E-05 -5.17241369379917E-06 7.65000004321337E-05
      endloop
   endfacet
   facet normal 0 0 -1
      outer loop
         vertex 2.58290692727314E-05 -5.17241369379917E-06 7.65000004321337E-05
         vertex 2.92773456749273E-05 -5.17241369379917E-06 7.65000004321337E-05
         vertex 2.58290692727314E-05 -8.62068918650039E-06 7.65000004321337E-05
      endloop
   endfacet
   facet normal 0 0 -1
      outer loop
         vertex 2.58290692727314E-05 -8.62068918650039E-06 7.65000004321337E-05
         vertex 2.92773456749273E-05 -5.17241369379917E-06 7.65000004321337E-05
         vertex 2.92773456749273E-05 -8.62068918650039E-06 7.65000004321337E-05
      endloop
   endfacet
   facet normal 0 0 -1
      outer loop
         vertex 2.58290692727314E-05 -8.62068918650039E-06 7.65000004321337E-05
         vertex 2.92773456749273E-05 -8.62068918650039E-06 7.65000004321337E-05
         vertex 2.58290692727314E-05 -1.20689655886963E-05 7.65000004321337E-05
      endloop
   endfacet
   facet normal 0 0 -1
      outer loop
         vertex 2.58290692727314E-05 -1.20689655886963E-05 7.65000004321337E-05
         vertex 2.92773456749273E-05 -8.62068918650039E-06 7.65000004321337E-05
         vertex 2.92773456749273E-05 -1.20689655886963E-05 7.65000004321337E-05
      endloop
   endfacet
   facet normal 0 0 -1
      outer loop
         vertex 2.58290692727314E-05 -1.20689655886963E-05 7.65000004321337E-05
         vertex 2.92773456749273E-05 -1.20689655886963E-05 7.65000004321337E-05
         vertex 2.58290692727314E-05 -1.55172419908922E-05 7.65000004321337E-05
      endloop
   endfacet
   facet normal 0 0 -1
      outer loop
         vertex 2.58290692727314E-05 -1.55172419908922E-05 7.65000004321337E-05
         vertex 2.92773456749273E-05 -1.20689655886963E-05 7.65000004321337E-05
         vertex 2.92773456749273E-05 -1.55172419908922E-05 7.65000004321337E-05
      endloop
   endfacet
   facet normal 0 0 -1
      outer loop
         vertex 2.58290692727314E-05 -1.55172419908922E-05 7.65000004321337E-05
         vertex 2.92773456749273E-05 -1.55172419908922E-05 7.65000004321337E-05
         vertex 2.58290692727314E-05 -1.89655183930881E-05 7.65000004321337E-05
      endloop
   endfacet
   facet normal 0 0 -1
      outer loop
         vertex 2.58290692727314E-05 -1.89655183930881E-05 7.65000004321337E-05
         vertex 2.92773456749273E-05 -1.55172419908922E-05 7.65000004321337E-05
         vertex 2.92773456749273E-05 -1.89655183930881E-05 7.65000004321337E-05
      endloop
   endfacet
   facet normal 0 0 -1
      outer loop
         vertex 2.58290692727314E-05 -1.89655183930881E-05 7.65000004321337E-05
         vertex 2.92773456749273E-05 -1.89655183930881E-05 7.65000004321337E-05
         vertex 2.58290692727314E-05 -2.2413794795284E-05 7.65000004321337E-05
      endloop
   endfacet
   facet normal 0 0 -1
      outer loop
         vertex 2.58290692727314E-05 -2.2413794795284E-05 7.65000004321337E-05
         vertex 2.92773456749273E-05 -1.89655183930881E-05 7.65000004321337E-05
         vertex 2.92773456749273E-05 -2.2413794795284E-05 7.65000004321337E-05
      endloop
   endfacet
   facet normal 0 0 -1
      outer loop
         vertex 3.27256202581339E-05 3.2758620363893E-05 7.65000004321337E-05
         vertex 3.61738966603298E-05 3.2758620363893E-05 7.65000004321337E-05
         vertex 3.27256202581339E-05 2.93103457806865E-05 7.65000004321337E-05
      endloop
   endfacet
   facet normal 0 0 -1
      outer loop
         vertex 3.27256202581339E-05 2.93103457806865E-05 7.65000004321337E-05
         vertex 3.61738966603298E-05 3.2758620363893E-05 7.65000004321337E-05
         vertex 3.61738966603298E-05 2.93103457806865E-05 7.65000004321337E-05
      endloop
   endfacet
   facet normal 0 0 -1
      outer loop
         vertex 3.27256202581339E-05 2.93103457806865E-05 7.65000004321337E-05
         vertex 3.61738966603298E-05 2.93103457806865E-05 7.65000004321337E-05
         vertex 3.27256202581339E-05 2.58620693784906E-05 7.65000004321337E-05
      endloop
   endfacet
   facet normal 0 0 -1
      outer loop
         vertex 3.27256202581339E-05 2.58620693784906E-05 7.65000004321337E-05
         vertex 3.61738966603298E-05 2.93103457806865E-05 7.65000004321337E-05
         vertex 3.61738966603298E-05 2.58620693784906E-05 7.65000004321337E-05
      endloop
   endfacet
   facet normal 0 0 -1
      outer loop
         vertex 3.27256202581339E-05 2.58620693784906E-05 7.65000004321337E-05
         vertex 3.61738966603298E-05 2.58620693784906E-05 7.65000004321337E-05
         vertex 3.27256202581339E-05 2.2413794795284E-05 7.65000004321337E-05
      endloop
   endfacet
   facet normal 0 0 -1
      outer loop
         vertex 3.27256202581339E-05 2.2413794795284E-05 7.65000004321337E-05
         vertex 3.61738966603298E-05 2.58620693784906E-05 7.65000004321337E-05
         vertex 3.61738966603298E-05 2.2413794795284E-05 7.65000004321337E-05
      endloop
   endfacet
   facet normal 0 0 -1
      outer loop
         vertex 3.27256202581339E-05 2.2413794795284E-05 7.65000004321337E-05
         vertex 3.61738966603298E-05 2.2413794795284E-05 7.65000004321337E-05
         vertex 3.27256202581339E-05 1.89655183930881E-05 7.65000004321337E-05
      endloop
   endfacet
   facet normal 0 0 -1
      outer loop
         vertex 3.27256202581339E-05 1.89655183930881E-05 7.65000004321337E-05
         vertex 3.61738966603298E-05 2.2413794795284E-05 7.65000004321337E-05
         vertex 3.61738966603298E-05 1.89655183930881E-05 7.65000004321337E-05
      endloop
   endfacet
   facet normal 0 0 -1
      outer loop
         vertex 3.27256202581339E-05 1.89655183930881E-05 7.65000004321337E-05
         vertex 3.61738966603298E-05 1.89655183930881E-05 7.65000004321337E-05
         vertex 3.27256202581339E-05 1.55172419908922E-05 7.65000004321337E-05
      endloop
   endfacet
   facet normal 0 0 -1
      outer loop
         vertex 3.27256202581339E-05 1.55172419908922E-05 7.65000004321337E-05
         vertex 3.61738966603298E-05 1.89655183930881E-05 7.65000004321337E-05
         vertex 3.61738966603298E-05 1.55172419908922E-05 7.65000004321337E-05
      endloop
   endfacet
   facet normal 0 0 -1
      outer loop
         vertex 3.27256202581339E-05 1.55172419908922E-05 7.65000004321337E-05
         vertex 3.61738966603298E-05 1.55172419908922E-05 7.65000004321337E-05
         vertex 3.27256202581339E-05 1.20689655886963E-05 7.65000004321337E-05
      endloop
   endfacet
   facet normal 0 0 -1
      outer loop
         vertex 3.27256202581339E-05 1.20689655886963E-05 7.65000004321337E-05
         vertex 3.61738966603298E-05 1.55172419908922E-05 7.65000004321337E-05
         vertex 3.61738966603298E-05 1.20689655886963E-05 7.65000004321337E-05
      endloop
   endfacet
   facet normal 0 0 -1
      outer loop
         vertex 3.27256202581339E-05 1.20689655886963E-05 7.65000004321337E-05
         vertex 3.61738966603298E-05 1.20689655886963E-05 7.65000004321337E-05
         vertex 3.27256202581339E-05 8.62068918650039E-06 7.65000004321337E-05
      endloop
   endfacet
   facet normal 0 0 -1
      outer loop
         vertex 3.27256202581339E-05 8.62068918650039E-06 7.65000004321337E-05
         vertex 3.61738966603298E-05 1.20689655886963E-05 7.65000004321337E-05
         vertex 3.61738966603298E-05 8.62068918650039E-06 7.65000004321337E-05
      endloop
   endfacet
   facet normal 0 0 -1
      outer loop
         vertex 3.27256202581339E-05 8.62068918650039E-06 7.65000004321337E-05
         vertex 3.61738966603298E-05 8.62068918650039E-06 7.65000004321337E-05
         vertex 3.27256202581339E-05 5.17241369379917E-06 7.65000004321337E-05
      endloop
   endfacet
   facet normal 0 0 -1
      outer loop
         vertex 3.27256202581339E-05 5.17241369379917E-06 7.65000004321337E-05
         vertex 3.61738966603298E-05 8.62068918650039E-06 7.65000004321337E-05
         vertex 3.61738966603298E-05 5.17241369379917E-06 7.65000004321337E-05
      endloop
   endfacet
   facet normal 0 0 -1
      outer loop
         vertex 3.27256202581339E-05 5.17241369379917E-06 7.65000004321337E-05
         vertex 3.61738966603298E-05 5.17241369379917E-06 7.65000004321337E-05
         vertex 3.27256202581339E-05 1.72413797372428E-06 7.65000004321337E-05
      endloop
   endfacet
   facet normal 0 0 -1
      outer loop
         vertex 3.27256202581339E-05 1.72413797372428E-06 7.65000004321337E-05
         vertex 3.61738966603298E-05 5.17241369379917E-06 7.65000004321337E-05
         vertex 3.61738966603298E-05 1.72413797372428E-06 7.65000004321337E-05
      endloop
   endfacet
   facet normal 0 0 -1
      outer loop
         vertex 3.27256202581339E-05 1.72413797372428E-06 7.65000004321337E-05
         vertex 3.61738966603298E-05 1.72413797372428E-06 7.65000004321337E-05
         vertex 3.27256202581339E-05 -1.72413797372428E-06 7.65000004321337E-05
      endloop
   endfacet
   facet normal 0 0 -1
      outer loop
         vertex 3.27256202581339E-05 -1.72413797372428E-06 7.65000004321337E-05
         vertex 3.61738966603298E-05 1.72413797372428E-06 7.65000004321337E-05
         vertex 3.61738966603298E-05 -1.72413797372428E-06 7.65000004321337E-05
      endloop
   endfacet
   facet normal 0 0 -1
      outer loop
         vertex 3.27256202581339E-05 -1.72413797372428E-06 7.65000004321337E-05
         vertex 3.61738966603298E-05 -1.72413797372428E-06 7.65000004321337E-05
         vertex 3.27256202581339E-05 -5.17241369379917E-06 7.65000004321337E-05
      endloop
   endfacet
   facet normal 0 0 -1
      outer loop
         vertex 3.27256202581339E-05 -5.17241369379917E-06 7.65000004321337E-05
         vertex 3.61738966603298E-05 -1.72413797372428E-06 7.65000004321337E-05
         vertex 3.61738966603298E-05 -5.17241369379917E-06 7.65000004321337E-05
      endloop
   endfacet
   facet normal 0 0 -1
      outer loop
         vertex 3.27256202581339E-05 -5.17241369379917E-06 7.65000004321337E-05
         vertex 3.61738966603298E-05 -5.17241369379917E-06 7.65000004321337E-05
         vertex 3.27256202581339E-05 -8.62068918650039E-06 7.65000004321337E-05
      endloop
   endfacet
   facet normal 0 0 -1
      outer loop
         vertex 3.27256202581339E-05 -8.62068918650039E-06 7.65000004321337E-05
         vertex 3.61738966603298E-05 -5.17241369379917E-06 7.65000004321337E-05
         vertex 3.61738966603298E-05 -8.62068918650039E-06 7.65000004321337E-05
      endloop
   endfacet
   facet normal 0 0 -1
      outer loop
         vertex 3.27256202581339E-05 -8.62068918650039E-06 7.65000004321337E-05
         vertex 3.61738966603298E-05 -8.62068918650039E-06 7.65000004321337E-05
         vertex 3.27256202581339E-05 -1.20689655886963E-05 7.65000004321337E-05
      endloop
   endfacet
   facet normal 0 0 -1
      outer loop
         vertex 3.27256202581339E-05 -1.20689655886963E-05 7.65000004321337E-05
         vertex 3.61738966603298E-05 -8.62068918650039E-06 7.65000004321337E-05
         vertex 3.61738966603298E-05 -1.20689655886963E-05 7.65000004321337E-05
      endloop
   endfacet
   facet normal 0 0 -1
      outer loop
         vertex 3.27256202581339E-05 -1.20689655886963E-05 7.65000004321337E-05
         vertex 3.61738966603298E-05 -1.20689655886963E-05 7.65000004321337E-05
         vertex 3.27256202581339E-05 -1.55172419908922E-05 7.65000004321337E-05
      endloop
   endfacet
   facet normal 0 0 -1
      outer loop
         vertex 3.27256202581339E-05 -1.55172419908922E-05 7.65000004321337E-05
         vertex 3.61738966603298E-05 -1.20689655886963E-05 7.65000004321337E-05
         vertex 3.61738966603298E-05 -1.55172419908922E-05 7.65000004321337E-05
      endloop
   endfacet
   facet normal 0 0 -1
      outer loop
         vertex 3.27256202581339E-05 -1.55172419908922E-05 7.65000004321337E-05
         vertex 3.61738966603298E-05 -1.55172419908922E-05 7.65000004321337E-05
         vertex 3.27256202581339E-05 -1.89655183930881E-05 7.65000004321337E-05
      endloop
   endfacet
   facet normal 0 0 -1
      outer loop
         vertex 3.27256202581339E-05 -1.89655183930881E-05 7.65000004321337E-05
         vertex 3.61738966603298E-05 -1.55172419908922E-05 7.65000004321337E-05
         vertex 3.61738966603298E-05 -1.89655183930881E-05 7.65000004321337E-05
      endloop
   endfacet
   facet normal 0 0 -1
      outer loop
         vertex 3.27256202581339E-05 -1.89655183930881E-05 7.65000004321337E-05
         vertex 3.61738966603298E-05 -1.89655183930881E-05 7.65000004321337E-05
         vertex 3.27256202581339E-05 -2.2413794795284E-05 7.65000004321337E-05
      endloop
   endfacet
   facet normal 0 0 -1
      outer loop
         vertex 3.27256202581339E-05 -2.2413794795284E-05 7.65000004321337E-05
         vertex 3.61738966603298E-05 -1.89655183930881E-05 7.65000004321337E-05
         vertex 3.61738966603298E-05 -2.2413794795284E-05 7.65000004321337E-05
      endloop
   endfacet
   facet normal 0 0 -1
      outer loop
         vertex 3.96221730625257E-05 -1.72413797372428E-06 7.65000004321337E-05
         vertex 3.96221730625257E-05 1.72413797372428E-06 7.65000004321337E-05
         vertex 4.30704458267428E-05 1.72413797372428E-06 7.65000004321337E-05
      endloop
   endfacet
   facet normal 0 0 -1
      outer loop
         vertex 4.30704458267428E-05 1.72413797372428E-06 7.65000004321337E-05
         vertex 3.96221730625257E-05 1.72413797372428E-06 7.65000004321337E-05
         vertex 4.30704458267428E-05 5.17241369379917E-06 7.65000004321337E-05
      endloop
   endfacet
   facet normal 0 0 -1
      outer loop
         vertex 4.30704458267428E-05 1.72413797372428E-06 7.65000004321337E-05
         vertex 4.30704458267428E-05 5.17241369379917E-06 7.65000004321337E-05
         vertex 4.65187258669175E-05 5.17241369379917E-06 7.65000004321337E-05
      endloop
   endfacet
   facet normal 0 0 -1
      outer loop
         vertex 4.65187258669175E-05 5.17241369379917E-06 7.65000004321337E-05
         vertex 4.30704458267428E-05 5.17241369379917E-06 7.65000004321337E-05
         vertex 4.65187258669175E-05 8.62068918650039E-06 7.65000004321337E-05
      endloop
   endfacet
   facet normal 0 0 -1
      outer loop
         vertex -3.6239896871848E-05 1.72413797372428E-06 7.65000004321337E-05
         vertex -3.6239896871848E-05 -1.72413797372428E-06 7.65000004321337E-05
         vertex -3.96881732740439E-05 -1.72413797372428E-06 7.65000004321337E-05
      endloop
   endfacet
   facet normal 0 0 -1
      outer loop
         vertex -3.96881732740439E-05 -1.72413797372428E-06 7.65000004321337E-05
         vertex -3.6239896871848E-05 -1.72413797372428E-06 7.65000004321337E-05
         vertex -3.96881732740439E-05 -5.17241369379917E-06 7.65000004321337E-05
      endloop
   endfacet
   facet normal 0 0 -1
      outer loop
         vertex -3.96881732740439E-05 -1.72413797372428E-06 7.65000004321337E-05
         vertex -3.96881732740439E-05 -5.17241369379917E-06 7.65000004321337E-05
         vertex -4.31364460382611E-05 -5.17241369379917E-06 7.65000004321337E-05
      endloop
   endfacet
   facet normal 0 0 -1
      outer loop
         vertex -4.31364460382611E-05 -5.17241369379917E-06 7.65000004321337E-05
         vertex -3.96881732740439E-05 -5.17241369379917E-06 7.65000004321337E-05
         vertex -4.31364460382611E-05 -8.62068918650039E-06 7.65000004321337E-05
      endloop
   endfacet
   facet normal 0 0 -1
      outer loop
         vertex -3.6239896871848E-05 -1.72413797372428E-06 7.65000004321337E-05
         vertex -3.6239896871848E-05 -5.17241369379917E-06 7.65000004321337E-05
         vertex -3.96881732740439E-05 -5.17241369379917E-06 7.65000004321337E-05
      endloop
   endfacet
   facet normal 0 0 -1
      outer loop
         vertex -3.96881732740439E-05 -5.17241369379917E-06 7.65000004321337E-05
         vertex -3.6239896871848E-05 -5.17241369379917E-06 7.65000004321337E-05
         vertex -3.96881732740439E-05 -8.62068918650039E-06 7.65000004321337E-05
      endloop
   endfacet
   facet normal 0 0 -1
      outer loop
         vertex -3.96881732740439E-05 -5.17241369379917E-06 7.65000004321337E-05
         vertex -3.96881732740439E-05 -8.62068918650039E-06 7.65000004321337E-05
         vertex -4.31364460382611E-05 -8.62068918650039E-06 7.65000004321337E-05
      endloop
   endfacet
   facet normal 0 0 -1
      outer loop
         vertex -4.31364460382611E-05 -8.62068918650039E-06 7.65000004321337E-05
         vertex -3.96881732740439E-05 -8.62068918650039E-06 7.65000004321337E-05
         vertex -4.31364460382611E-05 -1.20689655886963E-05 7.65000004321337E-05
      endloop
   endfacet
   facet normal 0 0 -1
      outer loop
         vertex -4.84868651255965E-05 -1.23378695207066E-05 7.65000004321337E-05
         vertex -4.65847260784358E-05 -8.62068918650039E-06 7.65000004321337E-05
         vertex -4.65847260784358E-05 -1.20689655886963E-05 7.65000004321337E-05
      endloop
   endfacet
   facet normal 0 0 -1
      outer loop
         vertex -3.96881732740439E-05 -8.62068918650039E-06 7.65000004321337E-05
         vertex -3.6239896871848E-05 -8.62068918650039E-06 7.65000004321337E-05
         vertex -3.96881732740439E-05 -1.20689655886963E-05 7.65000004321337E-05
      endloop
   endfacet
   facet normal 0 0 -1
      outer loop
         vertex -3.96881732740439E-05 -1.20689655886963E-05 7.65000004321337E-05
         vertex -3.6239896871848E-05 -8.62068918650039E-06 7.65000004321337E-05
         vertex -3.6239896871848E-05 -1.20689655886963E-05 7.65000004321337E-05
      endloop
   endfacet
   facet normal 0 0 -1
      outer loop
         vertex -3.96881732740439E-05 -1.20689655886963E-05 7.65000004321337E-05
         vertex -3.6239896871848E-05 -1.20689655886963E-05 7.65000004321337E-05
         vertex -3.96881732740439E-05 -1.55172419908922E-05 7.65000004321337E-05
      endloop
   endfacet
   facet normal 0 0 -1
      outer loop
         vertex -3.96881732740439E-05 -1.55172419908922E-05 7.65000004321337E-05
         vertex -3.6239896871848E-05 -1.20689655886963E-05 7.65000004321337E-05
         vertex -3.6239896871848E-05 -1.55172419908922E-05 7.65000004321337E-05
      endloop
   endfacet
   facet normal 0 0 -1
      outer loop
         vertex -3.96881732740439E-05 -1.55172419908922E-05 7.65000004321337E-05
         vertex -3.6239896871848E-05 -1.55172419908922E-05 7.65000004321337E-05
         vertex -3.96881732740439E-05 -1.89655183930881E-05 7.65000004321337E-05
      endloop
   endfacet
   facet normal 0 0 -1
      outer loop
         vertex -3.96881732740439E-05 -1.89655183930881E-05 7.65000004321337E-05
         vertex -3.6239896871848E-05 -1.55172419908922E-05 7.65000004321337E-05
         vertex -3.6239896871848E-05 -1.89655183930881E-05 7.65000004321337E-05
      endloop
   endfacet
   facet normal 0 0 -1
      outer loop
         vertex -3.96881732740439E-05 -1.89655183930881E-05 7.65000004321337E-05
         vertex -3.6239896871848E-05 -1.89655183930881E-05 7.65000004321337E-05
         vertex -3.96881732740439E-05 -2.2413794795284E-05 7.65000004321337E-05
      endloop
   endfacet
   facet normal 0 0 -1
      outer loop
         vertex -3.96881732740439E-05 -2.2413794795284E-05 7.65000004321337E-05
         vertex -3.6239896871848E-05 -1.89655183930881E-05 7.65000004321337E-05
         vertex -3.6239896871848E-05 -2.2413794795284E-05 7.65000004321337E-05
      endloop
   endfacet
   facet normal 0 0 -1
      outer loop
         vertex -3.6239896871848E-05 -8.62068918650039E-06 7.65000004321337E-05
         vertex -3.96881732740439E-05 -8.62068918650039E-06 7.65000004321337E-05
         vertex -3.6239896871848E-05 -5.17241369379917E-06 7.65000004321337E-05
      endloop
   endfacet
   facet normal 0 0 -1
      outer loop
         vertex 3.96221730625257E-05 -1.20689655886963E-05 7.65000004321337E-05
         vertex 4.30704458267428E-05 -8.62068918650039E-06 7.65000004321337E-05
         vertex 4.30704458267428E-05 -1.20689655886963E-05 7.65000004321337E-05
      endloop
   endfacet
   facet normal 0 0 -1
      outer loop
         vertex 4.30704458267428E-05 -1.20689655886963E-05 7.65000004321337E-05
         vertex 4.30704458267428E-05 -8.62068918650039E-06 7.65000004321337E-05
         vertex 4.65187258669175E-05 -8.62068918650039E-06 7.65000004321337E-05
      endloop
   endfacet
   facet normal 0 0 -1
      outer loop
         vertex 4.30704458267428E-05 -8.62068918650039E-06 7.65000004321337E-05
         vertex 4.65187258669175E-05 -5.17241369379917E-06 7.65000004321337E-05
         vertex 4.65187258669175E-05 -8.62068918650039E-06 7.65000004321337E-05
      endloop
   endfacet
   facet normal 0 0 -1
      outer loop
         vertex 4.65187258669175E-05 -8.62068918650039E-06 7.65000004321337E-05
         vertex 4.65187258669175E-05 -5.17241369379917E-06 7.65000004321337E-05
         vertex 4.97185392305255E-05 -4.97839209856465E-06 7.65000004321337E-05
      endloop
   endfacet
   facet normal 0 0 -1
      outer loop
         vertex 3.96221730625257E-05 -1.20689655886963E-05 7.65000004321337E-05
         vertex 4.30704458267428E-05 -1.20689655886963E-05 7.65000004321337E-05
         vertex 3.96221730625257E-05 -1.55172419908922E-05 7.65000004321337E-05
      endloop
   endfacet
   facet normal 0 0 -1
      outer loop
         vertex -4.31364460382611E-05 -1.55172419908922E-05 7.65000004321337E-05
         vertex -4.31364460382611E-05 -1.20689655886963E-05 7.65000004321337E-05
         vertex -3.96881732740439E-05 -1.20689655886963E-05 7.65000004321337E-05
      endloop
   endfacet
   facet normal 0 0 -1
      outer loop
         vertex -3.96881732740439E-05 -1.20689655886963E-05 7.65000004321337E-05
         vertex -4.31364460382611E-05 -1.20689655886963E-05 7.65000004321337E-05
         vertex -3.96881732740439E-05 -8.62068918650039E-06 7.65000004321337E-05
      endloop
   endfacet
   facet normal 0 0 -1
      outer loop
         vertex -4.31364460382611E-05 -1.89655183930881E-05 7.65000004321337E-05
         vertex -4.31364460382611E-05 -1.55172419908922E-05 7.65000004321337E-05
         vertex -3.96881732740439E-05 -1.55172419908922E-05 7.65000004321337E-05
      endloop
   endfacet
   facet normal 0 0 -1
      outer loop
         vertex -3.96881732740439E-05 -1.55172419908922E-05 7.65000004321337E-05
         vertex -4.31364460382611E-05 -1.55172419908922E-05 7.65000004321337E-05
         vertex -3.96881732740439E-05 -1.20689655886963E-05 7.65000004321337E-05
      endloop
   endfacet
   facet normal 0 0 -1
      outer loop
         vertex -3.96881732740439E-05 -2.2413794795284E-05 7.65000004321337E-05
         vertex -4.31364460382611E-05 -2.2413794795284E-05 7.65000004321337E-05
         vertex -3.96881732740439E-05 -1.89655183930881E-05 7.65000004321337E-05
      endloop
   endfacet
   facet normal 0 0 -1
      outer loop
         vertex -3.96881732740439E-05 -1.89655183930881E-05 7.65000004321337E-05
         vertex -4.31364460382611E-05 -2.2413794795284E-05 7.65000004321337E-05
         vertex -4.31364460382611E-05 -1.89655183930881E-05 7.65000004321337E-05
      endloop
   endfacet
   facet normal 0 0 -1
      outer loop
         vertex -3.96881732740439E-05 -1.89655183930881E-05 7.65000004321337E-05
         vertex -4.31364460382611E-05 -1.89655183930881E-05 7.65000004321337E-05
         vertex -3.96881732740439E-05 -1.55172419908922E-05 7.65000004321337E-05
      endloop
   endfacet
   facet normal 0 0 -1
      outer loop
         vertex 4.60408118669875E-05 -1.94217391253915E-05 7.65000004321337E-05
         vertex 4.30704458267428E-05 -2.2413794795284E-05 7.65000004321337E-05
         vertex 4.30704458267428E-05 -1.89655183930881E-05 7.65000004321337E-05
      endloop
   endfacet
   facet normal 0 0 -1
      outer loop
         vertex 4.30704458267428E-05 -1.89655183930881E-05 7.65000004321337E-05
         vertex 4.30704458267428E-05 -2.2413794795284E-05 7.65000004321337E-05
         vertex 3.96221730625257E-05 -2.2413794795284E-05 7.65000004321337E-05
      endloop
   endfacet
   facet normal 0 0 -1
      outer loop
         vertex 3.61738966603298E-05 -2.58620693784906E-05 7.65000004321337E-05
         vertex 3.96221730625257E-05 -2.58620693784906E-05 7.65000004321337E-05
         vertex 3.61738966603298E-05 -2.93103457806865E-05 7.65000004321337E-05
      endloop
   endfacet
   facet normal 0 0 -1
      outer loop
         vertex 3.61738966603298E-05 -2.93103457806865E-05 7.65000004321337E-05
         vertex 3.96221730625257E-05 -2.58620693784906E-05 7.65000004321337E-05
         vertex 3.96221730625257E-05 -2.93103457806865E-05 7.65000004321337E-05
      endloop
   endfacet
   facet normal 0 0 -1
      outer loop
         vertex 3.61738966603298E-05 -2.93103457806865E-05 7.65000004321337E-05
         vertex 3.96221730625257E-05 -2.93103457806865E-05 7.65000004321337E-05
         vertex 3.82692232960835E-05 -3.21393781632651E-05 7.65000004321337E-05
      endloop
   endfacet
   facet normal 0 0 -1
      outer loop
         vertex 3.82692232960835E-05 -3.21393781632651E-05 7.65000004321337E-05
         vertex 3.96221730625257E-05 -2.93103457806865E-05 7.65000004321337E-05
         vertex 4.12789413530845E-05 -2.81660031760111E-05 7.65000004321337E-05
      endloop
   endfacet
   facet normal 0 0 -1
      outer loop
         vertex 3.27256202581339E-05 -2.58620693784906E-05 7.65000004321337E-05
         vertex 3.61738966603298E-05 -2.58620693784906E-05 7.65000004321337E-05
         vertex 3.27256202581339E-05 -2.93103457806865E-05 7.65000004321337E-05
      endloop
   endfacet
   facet normal 0 0 -1
      outer loop
         vertex 3.27256202581339E-05 -2.93103457806865E-05 7.65000004321337E-05
         vertex 3.61738966603298E-05 -2.58620693784906E-05 7.65000004321337E-05
         vertex 3.61738966603298E-05 -2.93103457806865E-05 7.65000004321337E-05
      endloop
   endfacet
   facet normal 0 0 -1
      outer loop
         vertex 3.27256202581339E-05 -2.93103457806865E-05 7.65000004321337E-05
         vertex 3.61738966603298E-05 -2.93103457806865E-05 7.65000004321337E-05
         vertex 3.27256202581339E-05 -3.2758620363893E-05 7.65000004321337E-05
      endloop
   endfacet
   facet normal 0 0 -1
      outer loop
         vertex 3.27256202581339E-05 -3.2758620363893E-05 7.65000004321337E-05
         vertex 3.61738966603298E-05 -2.93103457806865E-05 7.65000004321337E-05
         vertex 3.61738966603298E-05 -3.2758620363893E-05 7.65000004321337E-05
      endloop
   endfacet
   facet normal 0 0 -1
      outer loop
         vertex 3.27256202581339E-05 -3.2758620363893E-05 7.65000004321337E-05
         vertex 3.61738966603298E-05 -3.2758620363893E-05 7.65000004321337E-05
         vertex 3.48788416886237E-05 -3.57933422492351E-05 7.65000004321337E-05
      endloop
   endfacet
   facet normal 0 0 -1
      outer loop
         vertex 3.48788416886237E-05 -3.57933422492351E-05 7.65000004321337E-05
         vertex 3.61738966603298E-05 -3.2758620363893E-05 7.65000004321337E-05
         vertex 3.82692232960835E-05 -3.21393781632651E-05 7.65000004321337E-05
      endloop
   endfacet
   facet normal 0 0 -1
      outer loop
         vertex 2.92773456749273E-05 -2.58620693784906E-05 7.65000004321337E-05
         vertex 3.27256202581339E-05 -2.58620693784906E-05 7.65000004321337E-05
         vertex 2.92773456749273E-05 -2.93103457806865E-05 7.65000004321337E-05
      endloop
   endfacet
   facet normal 0 0 -1
      outer loop
         vertex 2.92773456749273E-05 -2.93103457806865E-05 7.65000004321337E-05
         vertex 3.27256202581339E-05 -2.58620693784906E-05 7.65000004321337E-05
         vertex 3.27256202581339E-05 -2.93103457806865E-05 7.65000004321337E-05
      endloop
   endfacet
   facet normal 0 0 -1
      outer loop
         vertex 2.92773456749273E-05 -2.93103457806865E-05 7.65000004321337E-05
         vertex 3.27256202581339E-05 -2.93103457806865E-05 7.65000004321337E-05
         vertex 2.92773456749273E-05 -3.2758620363893E-05 7.65000004321337E-05
      endloop
   endfacet
   facet normal 0 0 -1
      outer loop
         vertex 2.92773456749273E-05 -3.2758620363893E-05 7.65000004321337E-05
         vertex 3.27256202581339E-05 -2.93103457806865E-05 7.65000004321337E-05
         vertex 3.27256202581339E-05 -3.2758620363893E-05 7.65000004321337E-05
      endloop
   endfacet
   facet normal 0 0 -1
      outer loop
         vertex 2.92773456749273E-05 -3.2758620363893E-05 7.65000004321337E-05
         vertex 3.27256202581339E-05 -3.2758620363893E-05 7.65000004321337E-05
         vertex 2.92773456749273E-05 -3.62068967660889E-05 7.65000004321337E-05
      endloop
   endfacet
   facet normal 0 0 -1
      outer loop
         vertex 2.92773456749273E-05 -3.62068967660889E-05 7.65000004321337E-05
         vertex 3.27256202581339E-05 -3.2758620363893E-05 7.65000004321337E-05
         vertex 3.27256202581339E-05 -3.62068967660889E-05 7.65000004321337E-05
      endloop
   endfacet
   facet normal 0 0 -1
      outer loop
         vertex 2.92773456749273E-05 -3.62068967660889E-05 7.65000004321337E-05
         vertex 3.27256202581339E-05 -3.62068967660889E-05 7.65000004321337E-05
         vertex 3.11414914904162E-05 -3.90915774914902E-05 7.65000004321337E-05
      endloop
   endfacet
   facet normal 0 0 -1
      outer loop
         vertex 3.11414914904162E-05 -3.90915774914902E-05 7.65000004321337E-05
         vertex 3.27256202581339E-05 -3.62068967660889E-05 7.65000004321337E-05
         vertex 3.48788416886237E-05 -3.57933422492351E-05 7.65000004321337E-05
      endloop
   endfacet
   facet normal 0 0 -1
      outer loop
         vertex 2.58290692727314E-05 -2.58620693784906E-05 7.65000004321337E-05
         vertex 2.92773456749273E-05 -2.58620693784906E-05 7.65000004321337E-05
         vertex 2.58290692727314E-05 -2.93103457806865E-05 7.65000004321337E-05
      endloop
   endfacet
   facet normal 0 0 -1
      outer loop
         vertex 2.58290692727314E-05 -2.93103457806865E-05 7.65000004321337E-05
         vertex 2.92773456749273E-05 -2.58620693784906E-05 7.65000004321337E-05
         vertex 2.92773456749273E-05 -2.93103457806865E-05 7.65000004321337E-05
      endloop
   endfacet
   facet normal 0 0 -1
      outer loop
         vertex 2.58290692727314E-05 -2.93103457806865E-05 7.65000004321337E-05
         vertex 2.92773456749273E-05 -2.93103457806865E-05 7.65000004321337E-05
         vertex 2.58290692727314E-05 -3.2758620363893E-05 7.65000004321337E-05
      endloop
   endfacet
   facet normal 0 0 -1
      outer loop
         vertex 2.58290692727314E-05 -3.2758620363893E-05 7.65000004321337E-05
         vertex 2.92773456749273E-05 -2.93103457806865E-05 7.65000004321337E-05
         vertex 2.92773456749273E-05 -3.2758620363893E-05 7.65000004321337E-05
      endloop
   endfacet
   facet normal 0 0 -1
      outer loop
         vertex 2.58290692727314E-05 -3.2758620363893E-05 7.65000004321337E-05
         vertex 2.92773456749273E-05 -3.2758620363893E-05 7.65000004321337E-05
         vertex 2.58290692727314E-05 -3.62068967660889E-05 7.65000004321337E-05
      endloop
   endfacet
   facet normal 0 0 -1
      outer loop
         vertex 2.58290692727314E-05 -3.62068967660889E-05 7.65000004321337E-05
         vertex 2.92773456749273E-05 -3.2758620363893E-05 7.65000004321337E-05
         vertex 2.92773456749273E-05 -3.62068967660889E-05 7.65000004321337E-05
      endloop
   endfacet
   facet normal 0 0 -1
      outer loop
         vertex 2.58290692727314E-05 -3.62068967660889E-05 7.65000004321337E-05
         vertex 2.92773456749273E-05 -3.62068967660889E-05 7.65000004321337E-05
         vertex 2.58290692727314E-05 -3.9655169530306E-05 7.65000004321337E-05
      endloop
   endfacet
   facet normal 0 0 -1
      outer loop
         vertex 2.58290692727314E-05 -3.9655169530306E-05 7.65000004321337E-05
         vertex 2.92773456749273E-05 -3.62068967660889E-05 7.65000004321337E-05
         vertex 2.92773456749273E-05 -3.9655169530306E-05 7.65000004321337E-05
      endloop
   endfacet
   facet normal 0 0 -1
      outer loop
         vertex 2.58290692727314E-05 -3.9655169530306E-05 7.65000004321337E-05
         vertex 2.92773456749273E-05 -3.9655169530306E-05 7.65000004321337E-05
         vertex 2.70943146460922E-05 -4.20012947870418E-05 7.65000004321337E-05
      endloop
   endfacet
   facet normal 0 0 -1
      outer loop
         vertex 2.70943146460922E-05 -4.20012947870418E-05 7.65000004321337E-05
         vertex 2.92773456749273E-05 -3.9655169530306E-05 7.65000004321337E-05
         vertex 3.11414914904162E-05 -3.90915774914902E-05 7.65000004321337E-05
      endloop
   endfacet
   facet normal 0 0 -1
      outer loop
         vertex 2.23807928705355E-05 -2.58620693784906E-05 7.65000004321337E-05
         vertex 2.58290692727314E-05 -2.58620693784906E-05 7.65000004321337E-05
         vertex 2.23807928705355E-05 -2.93103457806865E-05 7.65000004321337E-05
      endloop
   endfacet
   facet normal 0 0 -1
      outer loop
         vertex 2.23807928705355E-05 -2.93103457806865E-05 7.65000004321337E-05
         vertex 2.58290692727314E-05 -2.58620693784906E-05 7.65000004321337E-05
         vertex 2.58290692727314E-05 -2.93103457806865E-05 7.65000004321337E-05
      endloop
   endfacet
   facet normal 0 0 -1
      outer loop
         vertex 2.23807928705355E-05 -2.93103457806865E-05 7.65000004321337E-05
         vertex 2.58290692727314E-05 -2.93103457806865E-05 7.65000004321337E-05
         vertex 2.23807928705355E-05 -3.2758620363893E-05 7.65000004321337E-05
      endloop
   endfacet
   facet normal 0 0 -1
      outer loop
         vertex 2.23807928705355E-05 -3.2758620363893E-05 7.65000004321337E-05
         vertex 2.58290692727314E-05 -2.93103457806865E-05 7.65000004321337E-05
         vertex 2.58290692727314E-05 -3.2758620363893E-05 7.65000004321337E-05
      endloop
   endfacet
   facet normal 0 0 -1
      outer loop
         vertex 2.23807928705355E-05 -3.2758620363893E-05 7.65000004321337E-05
         vertex 2.58290692727314E-05 -3.2758620363893E-05 7.65000004321337E-05
         vertex 2.23807928705355E-05 -3.62068967660889E-05 7.65000004321337E-05
      endloop
   endfacet
   facet normal 0 0 -1
      outer loop
         vertex 2.23807928705355E-05 -3.62068967660889E-05 7.65000004321337E-05
         vertex 2.58290692727314E-05 -3.2758620363893E-05 7.65000004321337E-05
         vertex 2.58290692727314E-05 -3.62068967660889E-05 7.65000004321337E-05
      endloop
   endfacet
   facet normal 0 0 -1
      outer loop
         vertex 2.23807928705355E-05 -3.62068967660889E-05 7.65000004321337E-05
         vertex 2.58290692727314E-05 -3.62068967660889E-05 7.65000004321337E-05
         vertex 2.23807928705355E-05 -3.9655169530306E-05 7.65000004321337E-05
      endloop
   endfacet
   facet normal 0 0 -1
      outer loop
         vertex 2.23807928705355E-05 -3.9655169530306E-05 7.65000004321337E-05
         vertex 2.58290692727314E-05 -3.62068967660889E-05 7.65000004321337E-05
         vertex 2.58290692727314E-05 -3.9655169530306E-05 7.65000004321337E-05
      endloop
   endfacet
   facet normal 0 0 -1
      outer loop
         vertex 2.23807928705355E-05 -3.9655169530306E-05 7.65000004321337E-05
         vertex 2.58290692727314E-05 -3.9655169530306E-05 7.65000004321337E-05
         vertex 2.23807928705355E-05 -4.31034495704807E-05 7.65000004321337E-05
      endloop
   endfacet
   facet normal 0 0 -1
      outer loop
         vertex 2.23807928705355E-05 -4.31034495704807E-05 7.65000004321337E-05
         vertex 2.58290692727314E-05 -3.9655169530306E-05 7.65000004321337E-05
         vertex 2.70943146460922E-05 -4.20012947870418E-05 7.65000004321337E-05
      endloop
   endfacet
   facet normal 0 0 -1
      outer loop
         vertex 2.23807928705355E-05 -4.31034495704807E-05 7.65000004321337E-05
         vertex 2.70943146460922E-05 -4.20012947870418E-05 7.65000004321337E-05
         vertex 2.27775326493429E-05 -4.44935903942678E-05 7.65000004321337E-05
      endloop
   endfacet
   facet normal 0 0 -1
      outer loop
         vertex 1.8932518287329E-05 -2.58620693784906E-05 7.65000004321337E-05
         vertex 2.23807928705355E-05 -2.58620693784906E-05 7.65000004321337E-05
         vertex 1.8932518287329E-05 -2.93103457806865E-05 7.65000004321337E-05
      endloop
   endfacet
   facet normal 0 0 -1
      outer loop
         vertex 1.8932518287329E-05 -2.93103457806865E-05 7.65000004321337E-05
         vertex 2.23807928705355E-05 -2.58620693784906E-05 7.65000004321337E-05
         vertex 2.23807928705355E-05 -2.93103457806865E-05 7.65000004321337E-05
      endloop
   endfacet
   facet normal 0 0 -1
      outer loop
         vertex 1.8932518287329E-05 -2.93103457806865E-05 7.65000004321337E-05
         vertex 2.23807928705355E-05 -2.93103457806865E-05 7.65000004321337E-05
         vertex 1.8932518287329E-05 -3.2758620363893E-05 7.65000004321337E-05
      endloop
   endfacet
   facet normal 0 0 -1
      outer loop
         vertex 1.8932518287329E-05 -3.2758620363893E-05 7.65000004321337E-05
         vertex 2.23807928705355E-05 -2.93103457806865E-05 7.65000004321337E-05
         vertex 2.23807928705355E-05 -3.2758620363893E-05 7.65000004321337E-05
      endloop
   endfacet
   facet normal 0 0 -1
      outer loop
         vertex 1.8932518287329E-05 -3.2758620363893E-05 7.65000004321337E-05
         vertex 2.23807928705355E-05 -3.2758620363893E-05 7.65000004321337E-05
         vertex 1.8932518287329E-05 -3.62068967660889E-05 7.65000004321337E-05
      endloop
   endfacet
   facet normal 0 0 -1
      outer loop
         vertex 1.8932518287329E-05 -3.62068967660889E-05 7.65000004321337E-05
         vertex 2.23807928705355E-05 -3.2758620363893E-05 7.65000004321337E-05
         vertex 2.23807928705355E-05 -3.62068967660889E-05 7.65000004321337E-05
      endloop
   endfacet
   facet normal 0 0 -1
      outer loop
         vertex 1.8932518287329E-05 -3.62068967660889E-05 7.65000004321337E-05
         vertex 2.23807928705355E-05 -3.62068967660889E-05 7.65000004321337E-05
         vertex 1.8932518287329E-05 -3.9655169530306E-05 7.65000004321337E-05
      endloop
   endfacet
   facet normal 0 0 -1
      outer loop
         vertex 1.8932518287329E-05 -3.9655169530306E-05 7.65000004321337E-05
         vertex 2.23807928705355E-05 -3.62068967660889E-05 7.65000004321337E-05
         vertex 2.23807928705355E-05 -3.9655169530306E-05 7.65000004321337E-05
      endloop
   endfacet
   facet normal 0 0 -1
      outer loop
         vertex 1.8932518287329E-05 -3.9655169530306E-05 7.65000004321337E-05
         vertex 2.23807928705355E-05 -3.9655169530306E-05 7.65000004321337E-05
         vertex 1.8932518287329E-05 -4.31034495704807E-05 7.65000004321337E-05
      endloop
   endfacet
   facet normal 0 0 -1
      outer loop
         vertex 1.8932518287329E-05 -4.31034495704807E-05 7.65000004321337E-05
         vertex 2.23807928705355E-05 -3.9655169530306E-05 7.65000004321337E-05
         vertex 2.23807928705355E-05 -4.31034495704807E-05 7.65000004321337E-05
      endloop
   endfacet
   facet normal 0 0 -1
      outer loop
         vertex 1.8932518287329E-05 -4.31034495704807E-05 7.65000004321337E-05
         vertex 2.23807928705355E-05 -4.31034495704807E-05 7.65000004321337E-05
         vertex 2.27775326493429E-05 -4.44935903942678E-05 7.65000004321337E-05
      endloop
   endfacet
   facet normal 0 0 -1
      outer loop
         vertex 1.54842418851331E-05 -2.58620693784906E-05 7.65000004321337E-05
         vertex 1.8932518287329E-05 -2.58620693784906E-05 7.65000004321337E-05
         vertex 1.54842418851331E-05 -2.93103457806865E-05 7.65000004321337E-05
      endloop
   endfacet
   facet normal 0 0 -1
      outer loop
         vertex 1.54842418851331E-05 -2.93103457806865E-05 7.65000004321337E-05
         vertex 1.8932518287329E-05 -2.58620693784906E-05 7.65000004321337E-05
         vertex 1.8932518287329E-05 -2.93103457806865E-05 7.65000004321337E-05
      endloop
   endfacet
   facet normal 0 0 -1
      outer loop
         vertex 1.54842418851331E-05 -2.93103457806865E-05 7.65000004321337E-05
         vertex 1.8932518287329E-05 -2.93103457806865E-05 7.65000004321337E-05
         vertex 1.54842418851331E-05 -3.2758620363893E-05 7.65000004321337E-05
      endloop
   endfacet
   facet normal 0 0 -1
      outer loop
         vertex 1.54842418851331E-05 -3.2758620363893E-05 7.65000004321337E-05
         vertex 1.8932518287329E-05 -2.93103457806865E-05 7.65000004321337E-05
         vertex 1.8932518287329E-05 -3.2758620363893E-05 7.65000004321337E-05
      endloop
   endfacet
   facet normal 0 0 -1
      outer loop
         vertex 1.54842418851331E-05 -3.2758620363893E-05 7.65000004321337E-05
         vertex 1.8932518287329E-05 -3.2758620363893E-05 7.65000004321337E-05
         vertex 1.54842418851331E-05 -3.62068967660889E-05 7.65000004321337E-05
      endloop
   endfacet
   facet normal 0 0 -1
      outer loop
         vertex 1.54842418851331E-05 -3.62068967660889E-05 7.65000004321337E-05
         vertex 1.8932518287329E-05 -3.2758620363893E-05 7.65000004321337E-05
         vertex 1.8932518287329E-05 -3.62068967660889E-05 7.65000004321337E-05
      endloop
   endfacet
   facet normal 0 0 -1
      outer loop
         vertex 1.54842418851331E-05 -3.62068967660889E-05 7.65000004321337E-05
         vertex 1.8932518287329E-05 -3.62068967660889E-05 7.65000004321337E-05
         vertex 1.54842418851331E-05 -3.9655169530306E-05 7.65000004321337E-05
      endloop
   endfacet
   facet normal 0 0 -1
      outer loop
         vertex 1.54842418851331E-05 -3.9655169530306E-05 7.65000004321337E-05
         vertex 1.8932518287329E-05 -3.62068967660889E-05 7.65000004321337E-05
         vertex 1.8932518287329E-05 -3.9655169530306E-05 7.65000004321337E-05
      endloop
   endfacet
   facet normal 0 0 -1
      outer loop
         vertex 1.54842418851331E-05 -3.9655169530306E-05 7.65000004321337E-05
         vertex 1.8932518287329E-05 -3.9655169530306E-05 7.65000004321337E-05
         vertex 1.54842418851331E-05 -4.31034495704807E-05 7.65000004321337E-05
      endloop
   endfacet
   facet normal 0 0 -1
      outer loop
         vertex 1.54842418851331E-05 -4.31034495704807E-05 7.65000004321337E-05
         vertex 1.8932518287329E-05 -3.9655169530306E-05 7.65000004321337E-05
         vertex 1.8932518287329E-05 -4.31034495704807E-05 7.65000004321337E-05
      endloop
   endfacet
   facet normal 0 0 -1
      outer loop
         vertex 1.54842418851331E-05 -4.31034495704807E-05 7.65000004321337E-05
         vertex 1.8932518287329E-05 -4.31034495704807E-05 7.65000004321337E-05
         vertex 1.8234051822219E-05 -4.6543686039513E-05 7.65000004321337E-05
      endloop
   endfacet
   facet normal 0 0 -1
      outer loop
         vertex 1.8234051822219E-05 -4.6543686039513E-05 7.65000004321337E-05
         vertex 1.8932518287329E-05 -4.31034495704807E-05 7.65000004321337E-05
         vertex 2.27775326493429E-05 -4.44935903942678E-05 7.65000004321337E-05
      endloop
   endfacet
   facet normal 0 0 -1
      outer loop
         vertex 1.20359654829372E-05 -2.58620693784906E-05 7.65000004321337E-05
         vertex 1.54842418851331E-05 -2.58620693784906E-05 7.65000004321337E-05
         vertex 1.20359654829372E-05 -2.93103457806865E-05 7.65000004321337E-05
      endloop
   endfacet
   facet normal 0 0 -1
      outer loop
         vertex 1.20359654829372E-05 -2.93103457806865E-05 7.65000004321337E-05
         vertex 1.54842418851331E-05 -2.58620693784906E-05 7.65000004321337E-05
         vertex 1.54842418851331E-05 -2.93103457806865E-05 7.65000004321337E-05
      endloop
   endfacet
   facet normal 0 0 -1
      outer loop
         vertex 1.20359654829372E-05 -2.93103457806865E-05 7.65000004321337E-05
         vertex 1.54842418851331E-05 -2.93103457806865E-05 7.65000004321337E-05
         vertex 1.20359654829372E-05 -3.2758620363893E-05 7.65000004321337E-05
      endloop
   endfacet
   facet normal 0 0 -1
      outer loop
         vertex 1.20359654829372E-05 -3.2758620363893E-05 7.65000004321337E-05
         vertex 1.54842418851331E-05 -2.93103457806865E-05 7.65000004321337E-05
         vertex 1.54842418851331E-05 -3.2758620363893E-05 7.65000004321337E-05
      endloop
   endfacet
   facet normal 0 0 -1
      outer loop
         vertex 1.20359654829372E-05 -3.2758620363893E-05 7.65000004321337E-05
         vertex 1.54842418851331E-05 -3.2758620363893E-05 7.65000004321337E-05
         vertex 1.20359654829372E-05 -3.62068967660889E-05 7.65000004321337E-05
      endloop
   endfacet
   facet normal 0 0 -1
      outer loop
         vertex 1.20359654829372E-05 -3.62068967660889E-05 7.65000004321337E-05
         vertex 1.54842418851331E-05 -3.2758620363893E-05 7.65000004321337E-05
         vertex 1.54842418851331E-05 -3.62068967660889E-05 7.65000004321337E-05
      endloop
   endfacet
   facet normal 0 0 -1
      outer loop
         vertex 1.20359654829372E-05 -3.62068967660889E-05 7.65000004321337E-05
         vertex 1.54842418851331E-05 -3.62068967660889E-05 7.65000004321337E-05
         vertex 1.20359654829372E-05 -3.9655169530306E-05 7.65000004321337E-05
      endloop
   endfacet
   facet normal 0 0 -1
      outer loop
         vertex 1.20359654829372E-05 -3.9655169530306E-05 7.65000004321337E-05
         vertex 1.54842418851331E-05 -3.62068967660889E-05 7.65000004321337E-05
         vertex 1.54842418851331E-05 -3.9655169530306E-05 7.65000004321337E-05
      endloop
   endfacet
   facet normal 0 0 -1
      outer loop
         vertex 1.20359654829372E-05 -3.9655169530306E-05 7.65000004321337E-05
         vertex 1.54842418851331E-05 -3.9655169530306E-05 7.65000004321337E-05
         vertex 1.20359654829372E-05 -4.31034495704807E-05 7.65000004321337E-05
      endloop
   endfacet
   facet normal 0 0 -1
      outer loop
         vertex 1.20359654829372E-05 -4.31034495704807E-05 7.65000004321337E-05
         vertex 1.54842418851331E-05 -3.9655169530306E-05 7.65000004321337E-05
         vertex 1.54842418851331E-05 -4.31034495704807E-05 7.65000004321337E-05
      endloop
   endfacet
   facet normal 0 0 -1
      outer loop
         vertex 1.20359654829372E-05 -4.31034495704807E-05 7.65000004321337E-05
         vertex 1.54842418851331E-05 -4.31034495704807E-05 7.65000004321337E-05
         vertex 1.20359654829372E-05 -4.65517223346978E-05 7.65000004321337E-05
      endloop
   endfacet
   facet normal 0 0 -1
      outer loop
         vertex 1.20359654829372E-05 -4.65517223346978E-05 7.65000004321337E-05
         vertex 1.54842418851331E-05 -4.31034495704807E-05 7.65000004321337E-05
         vertex 1.54842418851331E-05 -4.65517223346978E-05 7.65000004321337E-05
      endloop
   endfacet
   facet normal 0 0 -1
      outer loop
         vertex 1.20359654829372E-05 -4.65517223346978E-05 7.65000004321337E-05
         vertex 1.54842418851331E-05 -4.65517223346978E-05 7.65000004321337E-05
         vertex 1.35090231196955E-05 -4.81312126794364E-05 7.65000004321337E-05
      endloop
   endfacet
   facet normal 0 0 -1
      outer loop
         vertex 1.35090231196955E-05 -4.81312126794364E-05 7.65000004321337E-05
         vertex 1.54842418851331E-05 -4.65517223346978E-05 7.65000004321337E-05
         vertex 1.8234051822219E-05 -4.6543686039513E-05 7.65000004321337E-05
      endloop
   endfacet
   facet normal 0 0 -1
      outer loop
         vertex 8.58768999023596E-06 -2.58620693784906E-05 7.65000004321337E-05
         vertex 1.20359654829372E-05 -2.58620693784906E-05 7.65000004321337E-05
         vertex 8.58768999023596E-06 -2.93103457806865E-05 7.65000004321337E-05
      endloop
   endfacet
   facet normal 0 0 -1
      outer loop
         vertex 8.58768999023596E-06 -2.93103457806865E-05 7.65000004321337E-05
         vertex 1.20359654829372E-05 -2.58620693784906E-05 7.65000004321337E-05
         vertex 1.20359654829372E-05 -2.93103457806865E-05 7.65000004321337E-05
      endloop
   endfacet
   facet normal 0 0 -1
      outer loop
         vertex 8.58768999023596E-06 -2.93103457806865E-05 7.65000004321337E-05
         vertex 1.20359654829372E-05 -2.93103457806865E-05 7.65000004321337E-05
         vertex 8.58768999023596E-06 -3.2758620363893E-05 7.65000004321337E-05
      endloop
   endfacet
   facet normal 0 0 -1
      outer loop
         vertex 8.58768999023596E-06 -3.2758620363893E-05 7.65000004321337E-05
         vertex 1.20359654829372E-05 -2.93103457806865E-05 7.65000004321337E-05
         vertex 1.20359654829372E-05 -3.2758620363893E-05 7.65000004321337E-05
      endloop
   endfacet
   facet normal 0 0 -1
      outer loop
         vertex 8.58768999023596E-06 -3.2758620363893E-05 7.65000004321337E-05
         vertex 1.20359654829372E-05 -3.2758620363893E-05 7.65000004321337E-05
         vertex 8.58768999023596E-06 -3.62068967660889E-05 7.65000004321337E-05
      endloop
   endfacet
   facet normal 0 0 -1
      outer loop
         vertex 8.58768999023596E-06 -3.62068967660889E-05 7.65000004321337E-05
         vertex 1.20359654829372E-05 -3.2758620363893E-05 7.65000004321337E-05
         vertex 1.20359654829372E-05 -3.62068967660889E-05 7.65000004321337E-05
      endloop
   endfacet
   facet normal 0 0 -1
      outer loop
         vertex 8.58768999023596E-06 -3.62068967660889E-05 7.65000004321337E-05
         vertex 1.20359654829372E-05 -3.62068967660889E-05 7.65000004321337E-05
         vertex 8.58768999023596E-06 -3.9655169530306E-05 7.65000004321337E-05
      endloop
   endfacet
   facet normal 0 0 -1
      outer loop
         vertex 8.58768999023596E-06 -3.9655169530306E-05 7.65000004321337E-05
         vertex 1.20359654829372E-05 -3.62068967660889E-05 7.65000004321337E-05
         vertex 1.20359654829372E-05 -3.9655169530306E-05 7.65000004321337E-05
      endloop
   endfacet
   facet normal 0 0 -1
      outer loop
         vertex 8.58768999023596E-06 -3.9655169530306E-05 7.65000004321337E-05
         vertex 1.20359654829372E-05 -3.9655169530306E-05 7.65000004321337E-05
         vertex 8.58768999023596E-06 -4.31034495704807E-05 7.65000004321337E-05
      endloop
   endfacet
   facet normal 0 0 -1
      outer loop
         vertex 8.58768999023596E-06 -4.31034495704807E-05 7.65000004321337E-05
         vertex 1.20359654829372E-05 -3.9655169530306E-05 7.65000004321337E-05
         vertex 1.20359654829372E-05 -4.31034495704807E-05 7.65000004321337E-05
      endloop
   endfacet
   facet normal 0 0 -1
      outer loop
         vertex 8.58768999023596E-06 -4.31034495704807E-05 7.65000004321337E-05
         vertex 1.20359654829372E-05 -4.31034495704807E-05 7.65000004321337E-05
         vertex 8.58768999023596E-06 -4.65517223346978E-05 7.65000004321337E-05
      endloop
   endfacet
   facet normal 0 0 -1
      outer loop
         vertex 8.58768999023596E-06 -4.65517223346978E-05 7.65000004321337E-05
         vertex 1.20359654829372E-05 -4.31034495704807E-05 7.65000004321337E-05
         vertex 1.20359654829372E-05 -4.65517223346978E-05 7.65000004321337E-05
      endloop
   endfacet
   facet normal 0 0 -1
      outer loop
         vertex 8.58768999023596E-06 -4.65517223346978E-05 7.65000004321337E-05
         vertex 1.20359654829372E-05 -4.65517223346978E-05 7.65000004321337E-05
         vertex 8.64940921019297E-06 -4.9240388761973E-05 7.65000004321337E-05
      endloop
   endfacet
   facet normal 0 0 -1
      outer loop
         vertex 8.64940921019297E-06 -4.9240388761973E-05 7.65000004321337E-05
         vertex 1.20359654829372E-05 -4.65517223346978E-05 7.65000004321337E-05
         vertex 1.35090231196955E-05 -4.81312126794364E-05 7.65000004321337E-05
      endloop
   endfacet
   facet normal 0 0 -1
      outer loop
         vertex 5.13941358804004E-06 -2.58620693784906E-05 7.65000004321337E-05
         vertex 8.58768999023596E-06 -2.58620693784906E-05 7.65000004321337E-05
         vertex 5.13941358804004E-06 -2.93103457806865E-05 7.65000004321337E-05
      endloop
   endfacet
   facet normal 0 0 -1
      outer loop
         vertex 5.13941358804004E-06 -2.93103457806865E-05 7.65000004321337E-05
         vertex 8.58768999023596E-06 -2.58620693784906E-05 7.65000004321337E-05
         vertex 8.58768999023596E-06 -2.93103457806865E-05 7.65000004321337E-05
      endloop
   endfacet
   facet normal 0 0 -1
      outer loop
         vertex 5.13941358804004E-06 -2.93103457806865E-05 7.65000004321337E-05
         vertex 8.58768999023596E-06 -2.93103457806865E-05 7.65000004321337E-05
         vertex 5.13941358804004E-06 -3.2758620363893E-05 7.65000004321337E-05
      endloop
   endfacet
   facet normal 0 0 -1
      outer loop
         vertex 5.13941358804004E-06 -3.2758620363893E-05 7.65000004321337E-05
         vertex 8.58768999023596E-06 -2.93103457806865E-05 7.65000004321337E-05
         vertex 8.58768999023596E-06 -3.2758620363893E-05 7.65000004321337E-05
      endloop
   endfacet
   facet normal 0 0 -1
      outer loop
         vertex 5.13941358804004E-06 -3.2758620363893E-05 7.65000004321337E-05
         vertex 8.58768999023596E-06 -3.2758620363893E-05 7.65000004321337E-05
         vertex 5.13941358804004E-06 -3.62068967660889E-05 7.65000004321337E-05
      endloop
   endfacet
   facet normal 0 0 -1
      outer loop
         vertex 5.13941358804004E-06 -3.62068967660889E-05 7.65000004321337E-05
         vertex 8.58768999023596E-06 -3.2758620363893E-05 7.65000004321337E-05
         vertex 8.58768999023596E-06 -3.62068967660889E-05 7.65000004321337E-05
      endloop
   endfacet
   facet normal 0 0 -1
      outer loop
         vertex 5.13941358804004E-06 -3.62068967660889E-05 7.65000004321337E-05
         vertex 8.58768999023596E-06 -3.62068967660889E-05 7.65000004321337E-05
         vertex 5.13941358804004E-06 -3.9655169530306E-05 7.65000004321337E-05
      endloop
   endfacet
   facet normal 0 0 -1
      outer loop
         vertex 5.13941358804004E-06 -3.9655169530306E-05 7.65000004321337E-05
         vertex 8.58768999023596E-06 -3.62068967660889E-05 7.65000004321337E-05
         vertex 8.58768999023596E-06 -3.9655169530306E-05 7.65000004321337E-05
      endloop
   endfacet
   facet normal 0 0 -1
      outer loop
         vertex 5.13941358804004E-06 -3.9655169530306E-05 7.65000004321337E-05
         vertex 8.58768999023596E-06 -3.9655169530306E-05 7.65000004321337E-05
         vertex 5.13941358804004E-06 -4.31034495704807E-05 7.65000004321337E-05
      endloop
   endfacet
   facet normal 0 0 -1
      outer loop
         vertex 5.13941358804004E-06 -4.31034495704807E-05 7.65000004321337E-05
         vertex 8.58768999023596E-06 -3.9655169530306E-05 7.65000004321337E-05
         vertex 8.58768999023596E-06 -4.31034495704807E-05 7.65000004321337E-05
      endloop
   endfacet
   facet normal 0 0 -1
      outer loop
         vertex 5.13941358804004E-06 -4.31034495704807E-05 7.65000004321337E-05
         vertex 8.58768999023596E-06 -4.31034495704807E-05 7.65000004321337E-05
         vertex 5.13941358804004E-06 -4.65517223346978E-05 7.65000004321337E-05
      endloop
   endfacet
   facet normal 0 0 -1
      outer loop
         vertex 5.13941358804004E-06 -4.65517223346978E-05 7.65000004321337E-05
         vertex 8.58768999023596E-06 -4.31034495704807E-05 7.65000004321337E-05
         vertex 8.58768999023596E-06 -4.65517223346978E-05 7.65000004321337E-05
      endloop
   endfacet
   facet normal 0 0 -1
      outer loop
         vertex 5.13941358804004E-06 -4.65517223346978E-05 7.65000004321337E-05
         vertex 8.58768999023596E-06 -4.65517223346978E-05 7.65000004321337E-05
         vertex 8.64940921019297E-06 -4.9240388761973E-05 7.65000004321337E-05
      endloop
   endfacet
   facet normal 0 0 -1
      outer loop
         vertex 1.69113786796515E-06 -2.58620693784906E-05 7.65000004321337E-05
         vertex 5.13941358804004E-06 -2.58620693784906E-05 7.65000004321337E-05
         vertex 1.69113786796515E-06 -2.93103457806865E-05 7.65000004321337E-05
      endloop
   endfacet
   facet normal 0 0 -1
      outer loop
         vertex 1.69113786796515E-06 -2.93103457806865E-05 7.65000004321337E-05
         vertex 5.13941358804004E-06 -2.58620693784906E-05 7.65000004321337E-05
         vertex 5.13941358804004E-06 -2.93103457806865E-05 7.65000004321337E-05
      endloop
   endfacet
   facet normal 0 0 -1
      outer loop
         vertex 1.69113786796515E-06 -2.93103457806865E-05 7.65000004321337E-05
         vertex 5.13941358804004E-06 -2.93103457806865E-05 7.65000004321337E-05
         vertex 1.69113786796515E-06 -3.2758620363893E-05 7.65000004321337E-05
      endloop
   endfacet
   facet normal 0 0 -1
      outer loop
         vertex 1.69113786796515E-06 -3.2758620363893E-05 7.65000004321337E-05
         vertex 5.13941358804004E-06 -2.93103457806865E-05 7.65000004321337E-05
         vertex 5.13941358804004E-06 -3.2758620363893E-05 7.65000004321337E-05
      endloop
   endfacet
   facet normal 0 0 -1
      outer loop
         vertex 1.69113786796515E-06 -3.2758620363893E-05 7.65000004321337E-05
         vertex 5.13941358804004E-06 -3.2758620363893E-05 7.65000004321337E-05
         vertex 1.69113786796515E-06 -3.62068967660889E-05 7.65000004321337E-05
      endloop
   endfacet
   facet normal 0 0 -1
      outer loop
         vertex 1.69113786796515E-06 -3.62068967660889E-05 7.65000004321337E-05
         vertex 5.13941358804004E-06 -3.2758620363893E-05 7.65000004321337E-05
         vertex 5.13941358804004E-06 -3.62068967660889E-05 7.65000004321337E-05
      endloop
   endfacet
   facet normal 0 0 -1
      outer loop
         vertex 1.69113786796515E-06 -3.62068967660889E-05 7.65000004321337E-05
         vertex 5.13941358804004E-06 -3.62068967660889E-05 7.65000004321337E-05
         vertex 1.69113786796515E-06 -3.9655169530306E-05 7.65000004321337E-05
      endloop
   endfacet
   facet normal 0 0 -1
      outer loop
         vertex 1.69113786796515E-06 -3.9655169530306E-05 7.65000004321337E-05
         vertex 5.13941358804004E-06 -3.62068967660889E-05 7.65000004321337E-05
         vertex 5.13941358804004E-06 -3.9655169530306E-05 7.65000004321337E-05
      endloop
   endfacet
   facet normal 0 0 -1
      outer loop
         vertex 1.69113786796515E-06 -3.9655169530306E-05 7.65000004321337E-05
         vertex 5.13941358804004E-06 -3.9655169530306E-05 7.65000004321337E-05
         vertex 1.69113786796515E-06 -4.31034495704807E-05 7.65000004321337E-05
      endloop
   endfacet
   facet normal 0 0 -1
      outer loop
         vertex 1.69113786796515E-06 -4.31034495704807E-05 7.65000004321337E-05
         vertex 5.13941358804004E-06 -3.9655169530306E-05 7.65000004321337E-05
         vertex 5.13941358804004E-06 -4.31034495704807E-05 7.65000004321337E-05
      endloop
   endfacet
   facet normal 0 0 -1
      outer loop
         vertex 1.69113786796515E-06 -4.31034495704807E-05 7.65000004321337E-05
         vertex 5.13941358804004E-06 -4.31034495704807E-05 7.65000004321337E-05
         vertex 1.69113786796515E-06 -4.65517223346978E-05 7.65000004321337E-05
      endloop
   endfacet
   facet normal 0 0 -1
      outer loop
         vertex 1.69113786796515E-06 -4.65517223346978E-05 7.65000004321337E-05
         vertex 5.13941358804004E-06 -4.31034495704807E-05 7.65000004321337E-05
         vertex 5.13941358804004E-06 -4.65517223346978E-05 7.65000004321337E-05
      endloop
   endfacet
   facet normal 0 0 -1
      outer loop
         vertex 1.69113786796515E-06 -4.65517223346978E-05 7.65000004321337E-05
         vertex 5.13941358804004E-06 -4.65517223346978E-05 7.65000004321337E-05
         vertex 3.70350448974932E-06 -4.98601912113372E-05 7.65000004321337E-05
      endloop
   endfacet
   facet normal 0 0 -1
      outer loop
         vertex 3.70350448974932E-06 -4.98601912113372E-05 7.65000004321337E-05
         vertex 5.13941358804004E-06 -4.65517223346978E-05 7.65000004321337E-05
         vertex 8.64940921019297E-06 -4.9240388761973E-05 7.65000004321337E-05
      endloop
   endfacet
   facet normal 0 0 -1
      outer loop
         vertex -1.75713796579657E-06 -2.58620693784906E-05 7.65000004321337E-05
         vertex 1.69113786796515E-06 -2.58620693784906E-05 7.65000004321337E-05
         vertex -1.75713796579657E-06 -2.93103457806865E-05 7.65000004321337E-05
      endloop
   endfacet
   facet normal 0 0 -1
      outer loop
         vertex -1.75713796579657E-06 -2.93103457806865E-05 7.65000004321337E-05
         vertex 1.69113786796515E-06 -2.58620693784906E-05 7.65000004321337E-05
         vertex 1.69113786796515E-06 -2.93103457806865E-05 7.65000004321337E-05
      endloop
   endfacet
   facet normal 0 0 -1
      outer loop
         vertex -1.75713796579657E-06 -2.93103457806865E-05 7.65000004321337E-05
         vertex 1.69113786796515E-06 -2.93103457806865E-05 7.65000004321337E-05
         vertex -1.75713796579657E-06 -3.2758620363893E-05 7.65000004321337E-05
      endloop
   endfacet
   facet normal 0 0 -1
      outer loop
         vertex -1.75713796579657E-06 -3.2758620363893E-05 7.65000004321337E-05
         vertex 1.69113786796515E-06 -2.93103457806865E-05 7.65000004321337E-05
         vertex 1.69113786796515E-06 -3.2758620363893E-05 7.65000004321337E-05
      endloop
   endfacet
   facet normal 0 0 -1
      outer loop
         vertex -1.75713796579657E-06 -3.2758620363893E-05 7.65000004321337E-05
         vertex 1.69113786796515E-06 -3.2758620363893E-05 7.65000004321337E-05
         vertex -1.75713796579657E-06 -3.62068967660889E-05 7.65000004321337E-05
      endloop
   endfacet
   facet normal 0 0 -1
      outer loop
         vertex -1.75713796579657E-06 -3.62068967660889E-05 7.65000004321337E-05
         vertex 1.69113786796515E-06 -3.2758620363893E-05 7.65000004321337E-05
         vertex 1.69113786796515E-06 -3.62068967660889E-05 7.65000004321337E-05
      endloop
   endfacet
   facet normal 0 0 -1
      outer loop
         vertex -1.75713796579657E-06 -3.62068967660889E-05 7.65000004321337E-05
         vertex 1.69113786796515E-06 -3.62068967660889E-05 7.65000004321337E-05
         vertex -1.75713796579657E-06 -3.9655169530306E-05 7.65000004321337E-05
      endloop
   endfacet
   facet normal 0 0 -1
      outer loop
         vertex -1.75713796579657E-06 -3.9655169530306E-05 7.65000004321337E-05
         vertex 1.69113786796515E-06 -3.62068967660889E-05 7.65000004321337E-05
         vertex 1.69113786796515E-06 -3.9655169530306E-05 7.65000004321337E-05
      endloop
   endfacet
   facet normal 0 0 -1
      outer loop
         vertex -1.75713796579657E-06 -3.9655169530306E-05 7.65000004321337E-05
         vertex 1.69113786796515E-06 -3.9655169530306E-05 7.65000004321337E-05
         vertex -1.75713796579657E-06 -4.31034495704807E-05 7.65000004321337E-05
      endloop
   endfacet
   facet normal 0 0 -1
      outer loop
         vertex -1.75713796579657E-06 -4.31034495704807E-05 7.65000004321337E-05
         vertex 1.69113786796515E-06 -3.9655169530306E-05 7.65000004321337E-05
         vertex 1.69113786796515E-06 -4.31034495704807E-05 7.65000004321337E-05
      endloop
   endfacet
   facet normal 0 0 -1
      outer loop
         vertex -1.75713796579657E-06 -4.31034495704807E-05 7.65000004321337E-05
         vertex 1.69113786796515E-06 -4.31034495704807E-05 7.65000004321337E-05
         vertex -1.75713796579657E-06 -4.65517223346978E-05 7.65000004321337E-05
      endloop
   endfacet
   facet normal 0 0 -1
      outer loop
         vertex -1.75713796579657E-06 -4.65517223346978E-05 7.65000004321337E-05
         vertex 1.69113786796515E-06 -4.31034495704807E-05 7.65000004321337E-05
         vertex 1.69113786796515E-06 -4.65517223346978E-05 7.65000004321337E-05
      endloop
   endfacet
   facet normal 0 0 -1
      outer loop
         vertex -1.75713796579657E-06 -4.65517223346978E-05 7.65000004321337E-05
         vertex 1.69113786796515E-06 -4.65517223346978E-05 7.65000004321337E-05
         vertex -1.2795345583072E-06 -4.99844572914299E-05 7.65000004321337E-05
      endloop
   endfacet
   facet normal 0 0 -1
      outer loop
         vertex -1.2795345583072E-06 -4.99844572914299E-05 7.65000004321337E-05
         vertex 1.69113786796515E-06 -4.65517223346978E-05 7.65000004321337E-05
         vertex 3.70350448974932E-06 -4.98601912113372E-05 7.65000004321337E-05
      endloop
   endfacet
   facet normal 0 0 -1
      outer loop
         vertex -5.2054137995583E-06 -2.58620693784906E-05 7.65000004321337E-05
         vertex -1.75713796579657E-06 -2.58620693784906E-05 7.65000004321337E-05
         vertex -5.2054137995583E-06 -2.93103457806865E-05 7.65000004321337E-05
      endloop
   endfacet
   facet normal 0 0 -1
      outer loop
         vertex -5.2054137995583E-06 -2.93103457806865E-05 7.65000004321337E-05
         vertex -1.75713796579657E-06 -2.58620693784906E-05 7.65000004321337E-05
         vertex -1.75713796579657E-06 -2.93103457806865E-05 7.65000004321337E-05
      endloop
   endfacet
   facet normal 0 0 -1
      outer loop
         vertex -5.2054137995583E-06 -2.93103457806865E-05 7.65000004321337E-05
         vertex -1.75713796579657E-06 -2.93103457806865E-05 7.65000004321337E-05
         vertex -5.2054137995583E-06 -3.2758620363893E-05 7.65000004321337E-05
      endloop
   endfacet
   facet normal 0 0 -1
      outer loop
         vertex -5.2054137995583E-06 -3.2758620363893E-05 7.65000004321337E-05
         vertex -1.75713796579657E-06 -2.93103457806865E-05 7.65000004321337E-05
         vertex -1.75713796579657E-06 -3.2758620363893E-05 7.65000004321337E-05
      endloop
   endfacet
   facet normal 0 0 -1
      outer loop
         vertex -5.2054137995583E-06 -3.2758620363893E-05 7.65000004321337E-05
         vertex -1.75713796579657E-06 -3.2758620363893E-05 7.65000004321337E-05
         vertex -5.2054137995583E-06 -3.62068967660889E-05 7.65000004321337E-05
      endloop
   endfacet
   facet normal 0 0 -1
      outer loop
         vertex -5.2054137995583E-06 -3.62068967660889E-05 7.65000004321337E-05
         vertex -1.75713796579657E-06 -3.2758620363893E-05 7.65000004321337E-05
         vertex -1.75713796579657E-06 -3.62068967660889E-05 7.65000004321337E-05
      endloop
   endfacet
   facet normal 0 0 -1
      outer loop
         vertex -5.2054137995583E-06 -3.62068967660889E-05 7.65000004321337E-05
         vertex -1.75713796579657E-06 -3.62068967660889E-05 7.65000004321337E-05
         vertex -5.2054137995583E-06 -3.9655169530306E-05 7.65000004321337E-05
      endloop
   endfacet
   facet normal 0 0 -1
      outer loop
         vertex -5.2054137995583E-06 -3.9655169530306E-05 7.65000004321337E-05
         vertex -1.75713796579657E-06 -3.62068967660889E-05 7.65000004321337E-05
         vertex -1.75713796579657E-06 -3.9655169530306E-05 7.65000004321337E-05
      endloop
   endfacet
   facet normal 0 0 -1
      outer loop
         vertex -5.2054137995583E-06 -3.9655169530306E-05 7.65000004321337E-05
         vertex -1.75713796579657E-06 -3.9655169530306E-05 7.65000004321337E-05
         vertex -5.2054137995583E-06 -4.31034495704807E-05 7.65000004321337E-05
      endloop
   endfacet
   facet normal 0 0 -1
      outer loop
         vertex -5.2054137995583E-06 -4.31034495704807E-05 7.65000004321337E-05
         vertex -1.75713796579657E-06 -3.9655169530306E-05 7.65000004321337E-05
         vertex -1.75713796579657E-06 -4.31034495704807E-05 7.65000004321337E-05
      endloop
   endfacet
   facet normal 0 0 -1
      outer loop
         vertex -5.2054137995583E-06 -4.31034495704807E-05 7.65000004321337E-05
         vertex -1.75713796579657E-06 -4.31034495704807E-05 7.65000004321337E-05
         vertex -5.2054137995583E-06 -4.65517223346978E-05 7.65000004321337E-05
      endloop
   endfacet
   facet normal 0 0 -1
      outer loop
         vertex -5.2054137995583E-06 -4.65517223346978E-05 7.65000004321337E-05
         vertex -1.75713796579657E-06 -4.31034495704807E-05 7.65000004321337E-05
         vertex -1.75713796579657E-06 -4.65517223346978E-05 7.65000004321337E-05
      endloop
   endfacet
   facet normal 0 0 -1
      outer loop
         vertex -5.2054137995583E-06 -4.65517223346978E-05 7.65000004321337E-05
         vertex -1.75713796579657E-06 -4.65517223346978E-05 7.65000004321337E-05
         vertex -1.2795345583072E-06 -4.99844572914299E-05 7.65000004321337E-05
      endloop
   endfacet
   facet normal 0 0 -1
      outer loop
         vertex -8.65369020175422E-06 -2.58620693784906E-05 7.65000004321337E-05
         vertex -5.2054137995583E-06 -2.58620693784906E-05 7.65000004321337E-05
         vertex -8.65369020175422E-06 -2.93103457806865E-05 7.65000004321337E-05
      endloop
   endfacet
   facet normal 0 0 -1
      outer loop
         vertex -8.65369020175422E-06 -2.93103457806865E-05 7.65000004321337E-05
         vertex -5.2054137995583E-06 -2.58620693784906E-05 7.65000004321337E-05
         vertex -5.2054137995583E-06 -2.93103457806865E-05 7.65000004321337E-05
      endloop
   endfacet
   facet normal 0 0 -1
      outer loop
         vertex -8.65369020175422E-06 -2.93103457806865E-05 7.65000004321337E-05
         vertex -5.2054137995583E-06 -2.93103457806865E-05 7.65000004321337E-05
         vertex -8.65369020175422E-06 -3.2758620363893E-05 7.65000004321337E-05
      endloop
   endfacet
   facet normal 0 0 -1
      outer loop
         vertex -8.65369020175422E-06 -3.2758620363893E-05 7.65000004321337E-05
         vertex -5.2054137995583E-06 -2.93103457806865E-05 7.65000004321337E-05
         vertex -5.2054137995583E-06 -3.2758620363893E-05 7.65000004321337E-05
      endloop
   endfacet
   facet normal 0 0 -1
      outer loop
         vertex -8.65369020175422E-06 -3.2758620363893E-05 7.65000004321337E-05
         vertex -5.2054137995583E-06 -3.2758620363893E-05 7.65000004321337E-05
         vertex -8.65369020175422E-06 -3.62068967660889E-05 7.65000004321337E-05
      endloop
   endfacet
   facet normal 0 0 -1
      outer loop
         vertex -8.65369020175422E-06 -3.62068967660889E-05 7.65000004321337E-05
         vertex -5.2054137995583E-06 -3.2758620363893E-05 7.65000004321337E-05
         vertex -5.2054137995583E-06 -3.62068967660889E-05 7.65000004321337E-05
      endloop
   endfacet
   facet normal 0 0 -1
      outer loop
         vertex -8.65369020175422E-06 -3.62068967660889E-05 7.65000004321337E-05
         vertex -5.2054137995583E-06 -3.62068967660889E-05 7.65000004321337E-05
         vertex -8.65369020175422E-06 -3.9655169530306E-05 7.65000004321337E-05
      endloop
   endfacet
   facet normal 0 0 -1
      outer loop
         vertex -8.65369020175422E-06 -3.9655169530306E-05 7.65000004321337E-05
         vertex -5.2054137995583E-06 -3.62068967660889E-05 7.65000004321337E-05
         vertex -5.2054137995583E-06 -3.9655169530306E-05 7.65000004321337E-05
      endloop
   endfacet
   facet normal 0 0 -1
      outer loop
         vertex -8.65369020175422E-06 -3.9655169530306E-05 7.65000004321337E-05
         vertex -5.2054137995583E-06 -3.9655169530306E-05 7.65000004321337E-05
         vertex -8.65369020175422E-06 -4.31034495704807E-05 7.65000004321337E-05
      endloop
   endfacet
   facet normal 0 0 -1
      outer loop
         vertex -8.65369020175422E-06 -4.31034495704807E-05 7.65000004321337E-05
         vertex -5.2054137995583E-06 -3.9655169530306E-05 7.65000004321337E-05
         vertex -5.2054137995583E-06 -4.31034495704807E-05 7.65000004321337E-05
      endloop
   endfacet
   facet normal 0 0 -1
      outer loop
         vertex -8.65369020175422E-06 -4.31034495704807E-05 7.65000004321337E-05
         vertex -5.2054137995583E-06 -4.31034495704807E-05 7.65000004321337E-05
         vertex -8.65369020175422E-06 -4.65517223346978E-05 7.65000004321337E-05
      endloop
   endfacet
   facet normal 0 0 -1
      outer loop
         vertex -8.65369020175422E-06 -4.65517223346978E-05 7.65000004321337E-05
         vertex -5.2054137995583E-06 -4.31034495704807E-05 7.65000004321337E-05
         vertex -5.2054137995583E-06 -4.65517223346978E-05 7.65000004321337E-05
      endloop
   endfacet
   facet normal 0 0 -1
      outer loop
         vertex -8.65369020175422E-06 -4.65517223346978E-05 7.65000004321337E-05
         vertex -5.2054137995583E-06 -4.65517223346978E-05 7.65000004321337E-05
         vertex -6.25018537903088E-06 -4.96119610033929E-05 7.65000004321337E-05
      endloop
   endfacet
   facet normal 0 0 -1
      outer loop
         vertex -6.25018537903088E-06 -4.96119610033929E-05 7.65000004321337E-05
         vertex -5.2054137995583E-06 -4.65517223346978E-05 7.65000004321337E-05
         vertex -1.2795345583072E-06 -4.99844572914299E-05 7.65000004321337E-05
      endloop
   endfacet
   facet normal 0 0 -1
      outer loop
         vertex -1.21019656944554E-05 -2.58620693784906E-05 7.65000004321337E-05
         vertex -8.65369020175422E-06 -2.58620693784906E-05 7.65000004321337E-05
         vertex -1.21019656944554E-05 -2.93103457806865E-05 7.65000004321337E-05
      endloop
   endfacet
   facet normal 0 0 -1
      outer loop
         vertex -1.21019656944554E-05 -2.93103457806865E-05 7.65000004321337E-05
         vertex -8.65369020175422E-06 -2.58620693784906E-05 7.65000004321337E-05
         vertex -8.65369020175422E-06 -2.93103457806865E-05 7.65000004321337E-05
      endloop
   endfacet
   facet normal 0 0 -1
      outer loop
         vertex -1.21019656944554E-05 -2.93103457806865E-05 7.65000004321337E-05
         vertex -8.65369020175422E-06 -2.93103457806865E-05 7.65000004321337E-05
         vertex -1.21019656944554E-05 -3.2758620363893E-05 7.65000004321337E-05
      endloop
   endfacet
   facet normal 0 0 -1
      outer loop
         vertex -1.21019656944554E-05 -3.2758620363893E-05 7.65000004321337E-05
         vertex -8.65369020175422E-06 -2.93103457806865E-05 7.65000004321337E-05
         vertex -8.65369020175422E-06 -3.2758620363893E-05 7.65000004321337E-05
      endloop
   endfacet
   facet normal 0 0 -1
      outer loop
         vertex -1.21019656944554E-05 -3.2758620363893E-05 7.65000004321337E-05
         vertex -8.65369020175422E-06 -3.2758620363893E-05 7.65000004321337E-05
         vertex -1.21019656944554E-05 -3.62068967660889E-05 7.65000004321337E-05
      endloop
   endfacet
   facet normal 0 0 -1
      outer loop
         vertex -1.21019656944554E-05 -3.62068967660889E-05 7.65000004321337E-05
         vertex -8.65369020175422E-06 -3.2758620363893E-05 7.65000004321337E-05
         vertex -8.65369020175422E-06 -3.62068967660889E-05 7.65000004321337E-05
      endloop
   endfacet
   facet normal 0 0 -1
      outer loop
         vertex -1.21019656944554E-05 -3.62068967660889E-05 7.65000004321337E-05
         vertex -8.65369020175422E-06 -3.62068967660889E-05 7.65000004321337E-05
         vertex -1.21019656944554E-05 -3.9655169530306E-05 7.65000004321337E-05
      endloop
   endfacet
   facet normal 0 0 -1
      outer loop
         vertex -1.21019656944554E-05 -3.9655169530306E-05 7.65000004321337E-05
         vertex -8.65369020175422E-06 -3.62068967660889E-05 7.65000004321337E-05
         vertex -8.65369020175422E-06 -3.9655169530306E-05 7.65000004321337E-05
      endloop
   endfacet
   facet normal 0 0 -1
      outer loop
         vertex -1.21019656944554E-05 -3.9655169530306E-05 7.65000004321337E-05
         vertex -8.65369020175422E-06 -3.9655169530306E-05 7.65000004321337E-05
         vertex -1.21019656944554E-05 -4.31034495704807E-05 7.65000004321337E-05
      endloop
   endfacet
   facet normal 0 0 -1
      outer loop
         vertex -1.21019656944554E-05 -4.31034495704807E-05 7.65000004321337E-05
         vertex -8.65369020175422E-06 -3.9655169530306E-05 7.65000004321337E-05
         vertex -8.65369020175422E-06 -4.31034495704807E-05 7.65000004321337E-05
      endloop
   endfacet
   facet normal 0 0 -1
      outer loop
         vertex -1.21019656944554E-05 -4.31034495704807E-05 7.65000004321337E-05
         vertex -8.65369020175422E-06 -4.31034495704807E-05 7.65000004321337E-05
         vertex -1.21019656944554E-05 -4.65517223346978E-05 7.65000004321337E-05
      endloop
   endfacet
   facet normal 0 0 -1
      outer loop
         vertex -1.21019656944554E-05 -4.65517223346978E-05 7.65000004321337E-05
         vertex -8.65369020175422E-06 -4.31034495704807E-05 7.65000004321337E-05
         vertex -8.65369020175422E-06 -4.65517223346978E-05 7.65000004321337E-05
      endloop
   endfacet
   facet normal 0 0 -1
      outer loop
         vertex -1.21019656944554E-05 -4.65517223346978E-05 7.65000004321337E-05
         vertex -8.65369020175422E-06 -4.65517223346978E-05 7.65000004321337E-05
         vertex -1.11590461528976E-05 -4.87463948957156E-05 7.65000004321337E-05
      endloop
   endfacet
   facet normal 0 0 -1
      outer loop
         vertex -1.11590461528976E-05 -4.87463948957156E-05 7.65000004321337E-05
         vertex -8.65369020175422E-06 -4.65517223346978E-05 7.65000004321337E-05
         vertex -6.25018537903088E-06 -4.96119610033929E-05 7.65000004321337E-05
      endloop
   endfacet
   facet normal 0 0 -1
      outer loop
         vertex -1.55502420966513E-05 -2.58620693784906E-05 7.65000004321337E-05
         vertex -1.21019656944554E-05 -2.58620693784906E-05 7.65000004321337E-05
         vertex -1.55502420966513E-05 -2.93103457806865E-05 7.65000004321337E-05
      endloop
   endfacet
   facet normal 0 0 -1
      outer loop
         vertex -1.55502420966513E-05 -2.93103457806865E-05 7.65000004321337E-05
         vertex -1.21019656944554E-05 -2.58620693784906E-05 7.65000004321337E-05
         vertex -1.21019656944554E-05 -2.93103457806865E-05 7.65000004321337E-05
      endloop
   endfacet
   facet normal 0 0 -1
      outer loop
         vertex -1.55502420966513E-05 -2.93103457806865E-05 7.65000004321337E-05
         vertex -1.21019656944554E-05 -2.93103457806865E-05 7.65000004321337E-05
         vertex -1.55502420966513E-05 -3.2758620363893E-05 7.65000004321337E-05
      endloop
   endfacet
   facet normal 0 0 -1
      outer loop
         vertex -1.55502420966513E-05 -3.2758620363893E-05 7.65000004321337E-05
         vertex -1.21019656944554E-05 -2.93103457806865E-05 7.65000004321337E-05
         vertex -1.21019656944554E-05 -3.2758620363893E-05 7.65000004321337E-05
      endloop
   endfacet
   facet normal 0 0 -1
      outer loop
         vertex -1.55502420966513E-05 -3.2758620363893E-05 7.65000004321337E-05
         vertex -1.21019656944554E-05 -3.2758620363893E-05 7.65000004321337E-05
         vertex -1.55502420966513E-05 -3.62068967660889E-05 7.65000004321337E-05
      endloop
   endfacet
   facet normal 0 0 -1
      outer loop
         vertex -1.55502420966513E-05 -3.62068967660889E-05 7.65000004321337E-05
         vertex -1.21019656944554E-05 -3.2758620363893E-05 7.65000004321337E-05
         vertex -1.21019656944554E-05 -3.62068967660889E-05 7.65000004321337E-05
      endloop
   endfacet
   facet normal 0 0 -1
      outer loop
         vertex -1.55502420966513E-05 -3.62068967660889E-05 7.65000004321337E-05
         vertex -1.21019656944554E-05 -3.62068967660889E-05 7.65000004321337E-05
         vertex -1.55502420966513E-05 -3.9655169530306E-05 7.65000004321337E-05
      endloop
   endfacet
   facet normal 0 0 -1
      outer loop
         vertex -1.55502420966513E-05 -3.9655169530306E-05 7.65000004321337E-05
         vertex -1.21019656944554E-05 -3.62068967660889E-05 7.65000004321337E-05
         vertex -1.21019656944554E-05 -3.9655169530306E-05 7.65000004321337E-05
      endloop
   endfacet
   facet normal 0 0 -1
      outer loop
         vertex -1.55502420966513E-05 -3.9655169530306E-05 7.65000004321337E-05
         vertex -1.21019656944554E-05 -3.9655169530306E-05 7.65000004321337E-05
         vertex -1.55502420966513E-05 -4.31034495704807E-05 7.65000004321337E-05
      endloop
   endfacet
   facet normal 0 0 -1
      outer loop
         vertex -1.55502420966513E-05 -4.31034495704807E-05 7.65000004321337E-05
         vertex -1.21019656944554E-05 -3.9655169530306E-05 7.65000004321337E-05
         vertex -1.21019656944554E-05 -4.31034495704807E-05 7.65000004321337E-05
      endloop
   endfacet
   facet normal 0 0 -1
      outer loop
         vertex -1.55502420966513E-05 -4.31034495704807E-05 7.65000004321337E-05
         vertex -1.21019656944554E-05 -4.31034495704807E-05 7.65000004321337E-05
         vertex -1.55502420966513E-05 -4.65517223346978E-05 7.65000004321337E-05
      endloop
   endfacet
   facet normal 0 0 -1
      outer loop
         vertex -1.55502420966513E-05 -4.65517223346978E-05 7.65000004321337E-05
         vertex -1.21019656944554E-05 -4.31034495704807E-05 7.65000004321337E-05
         vertex -1.21019656944554E-05 -4.65517223346978E-05 7.65000004321337E-05
      endloop
   endfacet
   facet normal 0 0 -1
      outer loop
         vertex -1.55502420966513E-05 -4.65517223346978E-05 7.65000004321337E-05
         vertex -1.21019656944554E-05 -4.65517223346978E-05 7.65000004321337E-05
         vertex -1.59573337441543E-05 -4.73963664262556E-05 7.65000004321337E-05
      endloop
   endfacet
   facet normal 0 0 -1
      outer loop
         vertex -1.59573337441543E-05 -4.73963664262556E-05 7.65000004321337E-05
         vertex -1.21019656944554E-05 -4.65517223346978E-05 7.65000004321337E-05
         vertex -1.11590461528976E-05 -4.87463948957156E-05 7.65000004321337E-05
      endloop
   endfacet
   facet normal 0 0 -1
      outer loop
         vertex -1.89985166798579E-05 -2.58620693784906E-05 7.65000004321337E-05
         vertex -1.55502420966513E-05 -2.58620693784906E-05 7.65000004321337E-05
         vertex -1.89985166798579E-05 -2.93103457806865E-05 7.65000004321337E-05
      endloop
   endfacet
   facet normal 0 0 -1
      outer loop
         vertex -1.89985166798579E-05 -2.93103457806865E-05 7.65000004321337E-05
         vertex -1.55502420966513E-05 -2.58620693784906E-05 7.65000004321337E-05
         vertex -1.55502420966513E-05 -2.93103457806865E-05 7.65000004321337E-05
      endloop
   endfacet
   facet normal 0 0 -1
      outer loop
         vertex -1.89985166798579E-05 -2.93103457806865E-05 7.65000004321337E-05
         vertex -1.55502420966513E-05 -2.93103457806865E-05 7.65000004321337E-05
         vertex -1.89985166798579E-05 -3.2758620363893E-05 7.65000004321337E-05
      endloop
   endfacet
   facet normal 0 0 -1
      outer loop
         vertex -1.89985166798579E-05 -3.2758620363893E-05 7.65000004321337E-05
         vertex -1.55502420966513E-05 -2.93103457806865E-05 7.65000004321337E-05
         vertex -1.55502420966513E-05 -3.2758620363893E-05 7.65000004321337E-05
      endloop
   endfacet
   facet normal 0 0 -1
      outer loop
         vertex -1.89985166798579E-05 -3.2758620363893E-05 7.65000004321337E-05
         vertex -1.55502420966513E-05 -3.2758620363893E-05 7.65000004321337E-05
         vertex -1.89985166798579E-05 -3.62068967660889E-05 7.65000004321337E-05
      endloop
   endfacet
   facet normal 0 0 -1
      outer loop
         vertex -1.89985166798579E-05 -3.62068967660889E-05 7.65000004321337E-05
         vertex -1.55502420966513E-05 -3.2758620363893E-05 7.65000004321337E-05
         vertex -1.55502420966513E-05 -3.62068967660889E-05 7.65000004321337E-05
      endloop
   endfacet
   facet normal 0 0 -1
      outer loop
         vertex -1.89985166798579E-05 -3.62068967660889E-05 7.65000004321337E-05
         vertex -1.55502420966513E-05 -3.62068967660889E-05 7.65000004321337E-05
         vertex -1.89985166798579E-05 -3.9655169530306E-05 7.65000004321337E-05
      endloop
   endfacet
   facet normal 0 0 -1
      outer loop
         vertex -1.89985166798579E-05 -3.9655169530306E-05 7.65000004321337E-05
         vertex -1.55502420966513E-05 -3.62068967660889E-05 7.65000004321337E-05
         vertex -1.55502420966513E-05 -3.9655169530306E-05 7.65000004321337E-05
      endloop
   endfacet
   facet normal 0 0 -1
      outer loop
         vertex -1.89985166798579E-05 -3.9655169530306E-05 7.65000004321337E-05
         vertex -1.55502420966513E-05 -3.9655169530306E-05 7.65000004321337E-05
         vertex -1.89985166798579E-05 -4.31034495704807E-05 7.65000004321337E-05
      endloop
   endfacet
   facet normal 0 0 -1
      outer loop
         vertex -1.89985166798579E-05 -4.31034495704807E-05 7.65000004321337E-05
         vertex -1.55502420966513E-05 -3.9655169530306E-05 7.65000004321337E-05
         vertex -1.55502420966513E-05 -4.31034495704807E-05 7.65000004321337E-05
      endloop
   endfacet
   facet normal 0 0 -1
      outer loop
         vertex -1.89985166798579E-05 -4.31034495704807E-05 7.65000004321337E-05
         vertex -1.55502420966513E-05 -4.31034495704807E-05 7.65000004321337E-05
         vertex -1.55502420966513E-05 -4.65517223346978E-05 7.65000004321337E-05
      endloop
   endfacet
   facet normal 0 0 -1
      outer loop
         vertex -2.24467930820538E-05 -2.58620693784906E-05 7.65000004321337E-05
         vertex -1.89985166798579E-05 -2.58620693784906E-05 7.65000004321337E-05
         vertex -2.24467930820538E-05 -2.93103457806865E-05 7.65000004321337E-05
      endloop
   endfacet
   facet normal 0 0 -1
      outer loop
         vertex -2.24467930820538E-05 -2.93103457806865E-05 7.65000004321337E-05
         vertex -1.89985166798579E-05 -2.58620693784906E-05 7.65000004321337E-05
         vertex -1.89985166798579E-05 -2.93103457806865E-05 7.65000004321337E-05
      endloop
   endfacet
   facet normal 0 0 -1
      outer loop
         vertex -2.24467930820538E-05 -2.93103457806865E-05 7.65000004321337E-05
         vertex -1.89985166798579E-05 -2.93103457806865E-05 7.65000004321337E-05
         vertex -2.24467930820538E-05 -3.2758620363893E-05 7.65000004321337E-05
      endloop
   endfacet
   facet normal 0 0 -1
      outer loop
         vertex -2.24467930820538E-05 -3.2758620363893E-05 7.65000004321337E-05
         vertex -1.89985166798579E-05 -2.93103457806865E-05 7.65000004321337E-05
         vertex -1.89985166798579E-05 -3.2758620363893E-05 7.65000004321337E-05
      endloop
   endfacet
   facet normal 0 0 -1
      outer loop
         vertex -2.24467930820538E-05 -3.2758620363893E-05 7.65000004321337E-05
         vertex -1.89985166798579E-05 -3.2758620363893E-05 7.65000004321337E-05
         vertex -2.24467930820538E-05 -3.62068967660889E-05 7.65000004321337E-05
      endloop
   endfacet
   facet normal 0 0 -1
      outer loop
         vertex -2.24467930820538E-05 -3.62068967660889E-05 7.65000004321337E-05
         vertex -1.89985166798579E-05 -3.2758620363893E-05 7.65000004321337E-05
         vertex -1.89985166798579E-05 -3.62068967660889E-05 7.65000004321337E-05
      endloop
   endfacet
   facet normal 0 0 -1
      outer loop
         vertex -2.24467930820538E-05 -3.62068967660889E-05 7.65000004321337E-05
         vertex -1.89985166798579E-05 -3.62068967660889E-05 7.65000004321337E-05
         vertex -2.24467930820538E-05 -3.9655169530306E-05 7.65000004321337E-05
      endloop
   endfacet
   facet normal 0 0 -1
      outer loop
         vertex -2.24467930820538E-05 -3.9655169530306E-05 7.65000004321337E-05
         vertex -1.89985166798579E-05 -3.62068967660889E-05 7.65000004321337E-05
         vertex -1.89985166798579E-05 -3.9655169530306E-05 7.65000004321337E-05
      endloop
   endfacet
   facet normal 0 0 -1
      outer loop
         vertex -2.24467930820538E-05 -3.9655169530306E-05 7.65000004321337E-05
         vertex -1.89985166798579E-05 -3.9655169530306E-05 7.65000004321337E-05
         vertex -2.24467930820538E-05 -4.31034495704807E-05 7.65000004321337E-05
      endloop
   endfacet
   facet normal 0 0 -1
      outer loop
         vertex -2.24467930820538E-05 -4.31034495704807E-05 7.65000004321337E-05
         vertex -1.89985166798579E-05 -3.9655169530306E-05 7.65000004321337E-05
         vertex -1.89985166798579E-05 -4.31034495704807E-05 7.65000004321337E-05
      endloop
   endfacet
   facet normal 0 0 -1
      outer loop
         vertex -2.24467930820538E-05 -4.31034495704807E-05 7.65000004321337E-05
         vertex -1.89985166798579E-05 -4.31034495704807E-05 7.65000004321337E-05
         vertex -2.0597355614882E-05 -4.55752924608532E-05 7.65000004321337E-05
      endloop
   endfacet
   facet normal 0 0 -1
      outer loop
         vertex -2.0597355614882E-05 -4.55752924608532E-05 7.65000004321337E-05
         vertex -1.89985166798579E-05 -4.31034495704807E-05 7.65000004321337E-05
         vertex -1.55502420966513E-05 -4.65517223346978E-05 7.65000004321337E-05
      endloop
   endfacet
   facet normal 0 0 -1
      outer loop
         vertex -2.0597355614882E-05 -4.55752924608532E-05 7.65000004321337E-05
         vertex -1.55502420966513E-05 -4.65517223346978E-05 7.65000004321337E-05
         vertex -1.59573337441543E-05 -4.73963664262556E-05 7.65000004321337E-05
      endloop
   endfacet
   facet normal 0 0 -1
      outer loop
         vertex -2.58950676652603E-05 -2.58620693784906E-05 7.65000004321337E-05
         vertex -2.24467930820538E-05 -2.58620693784906E-05 7.65000004321337E-05
         vertex -2.58950676652603E-05 -2.93103457806865E-05 7.65000004321337E-05
      endloop
   endfacet
   facet normal 0 0 -1
      outer loop
         vertex -2.58950676652603E-05 -2.93103457806865E-05 7.65000004321337E-05
         vertex -2.24467930820538E-05 -2.58620693784906E-05 7.65000004321337E-05
         vertex -2.24467930820538E-05 -2.93103457806865E-05 7.65000004321337E-05
      endloop
   endfacet
   facet normal 0 0 -1
      outer loop
         vertex -2.58950676652603E-05 -2.93103457806865E-05 7.65000004321337E-05
         vertex -2.24467930820538E-05 -2.93103457806865E-05 7.65000004321337E-05
         vertex -2.58950676652603E-05 -3.2758620363893E-05 7.65000004321337E-05
      endloop
   endfacet
   facet normal 0 0 -1
      outer loop
         vertex -2.58950676652603E-05 -3.2758620363893E-05 7.65000004321337E-05
         vertex -2.24467930820538E-05 -2.93103457806865E-05 7.65000004321337E-05
         vertex -2.24467930820538E-05 -3.2758620363893E-05 7.65000004321337E-05
      endloop
   endfacet
   facet normal 0 0 -1
      outer loop
         vertex -2.58950676652603E-05 -3.2758620363893E-05 7.65000004321337E-05
         vertex -2.24467930820538E-05 -3.2758620363893E-05 7.65000004321337E-05
         vertex -2.58950676652603E-05 -3.62068967660889E-05 7.65000004321337E-05
      endloop
   endfacet
   facet normal 0 0 -1
      outer loop
         vertex -2.58950676652603E-05 -3.62068967660889E-05 7.65000004321337E-05
         vertex -2.24467930820538E-05 -3.2758620363893E-05 7.65000004321337E-05
         vertex -2.24467930820538E-05 -3.62068967660889E-05 7.65000004321337E-05
      endloop
   endfacet
   facet normal 0 0 -1
      outer loop
         vertex -2.58950676652603E-05 -3.62068967660889E-05 7.65000004321337E-05
         vertex -2.24467930820538E-05 -3.62068967660889E-05 7.65000004321337E-05
         vertex -2.58950676652603E-05 -3.9655169530306E-05 7.65000004321337E-05
      endloop
   endfacet
   facet normal 0 0 -1
      outer loop
         vertex -2.58950676652603E-05 -3.9655169530306E-05 7.65000004321337E-05
         vertex -2.24467930820538E-05 -3.62068967660889E-05 7.65000004321337E-05
         vertex -2.24467930820538E-05 -3.9655169530306E-05 7.65000004321337E-05
      endloop
   endfacet
   facet normal 0 0 -1
      outer loop
         vertex -2.58950676652603E-05 -3.9655169530306E-05 7.65000004321337E-05
         vertex -2.24467930820538E-05 -3.9655169530306E-05 7.65000004321337E-05
         vertex -2.50330012931954E-05 -4.33012683060952E-05 7.65000004321337E-05
      endloop
   endfacet
   facet normal 0 0 -1
      outer loop
         vertex -2.50330012931954E-05 -4.33012683060952E-05 7.65000004321337E-05
         vertex -2.24467930820538E-05 -3.9655169530306E-05 7.65000004321337E-05
         vertex -2.24467930820538E-05 -4.31034495704807E-05 7.65000004321337E-05
      endloop
   endfacet
   facet normal 0 0 -1
      outer loop
         vertex -2.50330012931954E-05 -4.33012683060952E-05 7.65000004321337E-05
         vertex -2.24467930820538E-05 -4.31034495704807E-05 7.65000004321337E-05
         vertex -2.0597355614882E-05 -4.55752924608532E-05 7.65000004321337E-05
      endloop
   endfacet
   facet normal 0 0 -1
      outer loop
         vertex -2.93433440674562E-05 -2.58620693784906E-05 7.65000004321337E-05
         vertex -2.58950676652603E-05 -2.58620693784906E-05 7.65000004321337E-05
         vertex -2.93433440674562E-05 -2.93103457806865E-05 7.65000004321337E-05
      endloop
   endfacet
   facet normal 0 0 -1
      outer loop
         vertex -2.93433440674562E-05 -2.93103457806865E-05 7.65000004321337E-05
         vertex -2.58950676652603E-05 -2.58620693784906E-05 7.65000004321337E-05
         vertex -2.58950676652603E-05 -2.93103457806865E-05 7.65000004321337E-05
      endloop
   endfacet
   facet normal 0 0 -1
      outer loop
         vertex -2.93433440674562E-05 -2.93103457806865E-05 7.65000004321337E-05
         vertex -2.58950676652603E-05 -2.93103457806865E-05 7.65000004321337E-05
         vertex -2.93433440674562E-05 -3.2758620363893E-05 7.65000004321337E-05
      endloop
   endfacet
   facet normal 0 0 -1
      outer loop
         vertex -2.93433440674562E-05 -3.2758620363893E-05 7.65000004321337E-05
         vertex -2.58950676652603E-05 -2.93103457806865E-05 7.65000004321337E-05
         vertex -2.58950676652603E-05 -3.2758620363893E-05 7.65000004321337E-05
      endloop
   endfacet
   facet normal 0 0 -1
      outer loop
         vertex -2.93433440674562E-05 -3.2758620363893E-05 7.65000004321337E-05
         vertex -2.58950676652603E-05 -3.2758620363893E-05 7.65000004321337E-05
         vertex -2.93433440674562E-05 -3.62068967660889E-05 7.65000004321337E-05
      endloop
   endfacet
   facet normal 0 0 -1
      outer loop
         vertex -2.93433440674562E-05 -3.62068967660889E-05 7.65000004321337E-05
         vertex -2.58950676652603E-05 -3.2758620363893E-05 7.65000004321337E-05
         vertex -2.58950676652603E-05 -3.62068967660889E-05 7.65000004321337E-05
      endloop
   endfacet
   facet normal 0 0 -1
      outer loop
         vertex -2.93433440674562E-05 -3.62068967660889E-05 7.65000004321337E-05
         vertex -2.58950676652603E-05 -3.62068967660889E-05 7.65000004321337E-05
         vertex -2.93433440674562E-05 -3.9655169530306E-05 7.65000004321337E-05
      endloop
   endfacet
   facet normal 0 0 -1
      outer loop
         vertex -2.93433440674562E-05 -3.9655169530306E-05 7.65000004321337E-05
         vertex -2.58950676652603E-05 -3.62068967660889E-05 7.65000004321337E-05
         vertex -2.58950676652603E-05 -3.9655169530306E-05 7.65000004321337E-05
      endloop
   endfacet
   facet normal 0 0 -1
      outer loop
         vertex -2.93433440674562E-05 -3.9655169530306E-05 7.65000004321337E-05
         vertex -2.58950676652603E-05 -3.9655169530306E-05 7.65000004321337E-05
         vertex -2.92201839329209E-05 -4.05969003622886E-05 7.65000004321337E-05
      endloop
   endfacet
   facet normal 0 0 -1
      outer loop
         vertex -2.92201839329209E-05 -4.05969003622886E-05 7.65000004321337E-05
         vertex -2.58950676652603E-05 -3.9655169530306E-05 7.65000004321337E-05
         vertex -2.50330012931954E-05 -4.33012683060952E-05 7.65000004321337E-05
      endloop
   endfacet
   facet normal 0 0 -1
      outer loop
         vertex -3.27916204696521E-05 -2.58620693784906E-05 7.65000004321337E-05
         vertex -2.93433440674562E-05 -2.58620693784906E-05 7.65000004321337E-05
         vertex -3.27916204696521E-05 -2.93103457806865E-05 7.65000004321337E-05
      endloop
   endfacet
   facet normal 0 0 -1
      outer loop
         vertex -3.27916204696521E-05 -2.93103457806865E-05 7.65000004321337E-05
         vertex -2.93433440674562E-05 -2.58620693784906E-05 7.65000004321337E-05
         vertex -2.93433440674562E-05 -2.93103457806865E-05 7.65000004321337E-05
      endloop
   endfacet
   facet normal 0 0 -1
      outer loop
         vertex -3.27916204696521E-05 -2.93103457806865E-05 7.65000004321337E-05
         vertex -2.93433440674562E-05 -2.93103457806865E-05 7.65000004321337E-05
         vertex -3.27916204696521E-05 -3.2758620363893E-05 7.65000004321337E-05
      endloop
   endfacet
   facet normal 0 0 -1
      outer loop
         vertex -3.27916204696521E-05 -3.2758620363893E-05 7.65000004321337E-05
         vertex -2.93433440674562E-05 -2.93103457806865E-05 7.65000004321337E-05
         vertex -2.93433440674562E-05 -3.2758620363893E-05 7.65000004321337E-05
      endloop
   endfacet
   facet normal 0 0 -1
      outer loop
         vertex -3.27916204696521E-05 -3.2758620363893E-05 7.65000004321337E-05
         vertex -2.93433440674562E-05 -3.2758620363893E-05 7.65000004321337E-05
         vertex -3.27916204696521E-05 -3.62068967660889E-05 7.65000004321337E-05
      endloop
   endfacet
   facet normal 0 0 -1
      outer loop
         vertex -3.27916204696521E-05 -3.62068967660889E-05 7.65000004321337E-05
         vertex -2.93433440674562E-05 -3.2758620363893E-05 7.65000004321337E-05
         vertex -2.93433440674562E-05 -3.62068967660889E-05 7.65000004321337E-05
      endloop
   endfacet
   facet normal 0 0 -1
      outer loop
         vertex -3.27916204696521E-05 -3.62068967660889E-05 7.65000004321337E-05
         vertex -2.93433440674562E-05 -3.62068967660889E-05 7.65000004321337E-05
         vertex -3.3117292332463E-05 -3.74890587409027E-05 7.65000004321337E-05
      endloop
   endfacet
   facet normal 0 0 -1
      outer loop
         vertex -3.3117292332463E-05 -3.74890587409027E-05 7.65000004321337E-05
         vertex -2.93433440674562E-05 -3.62068967660889E-05 7.65000004321337E-05
         vertex -2.93433440674562E-05 -3.9655169530306E-05 7.65000004321337E-05
      endloop
   endfacet
   facet normal 0 0 -1
      outer loop
         vertex -3.3117292332463E-05 -3.74890587409027E-05 7.65000004321337E-05
         vertex -2.93433440674562E-05 -3.9655169530306E-05 7.65000004321337E-05
         vertex -2.92201839329209E-05 -4.05969003622886E-05 7.65000004321337E-05
      endloop
   endfacet
   facet normal 0 0 -1
      outer loop
         vertex -3.6239896871848E-05 -2.58620693784906E-05 7.65000004321337E-05
         vertex -3.27916204696521E-05 -2.58620693784906E-05 7.65000004321337E-05
         vertex -3.6239896871848E-05 -2.93103457806865E-05 7.65000004321337E-05
      endloop
   endfacet
   facet normal 0 0 -1
      outer loop
         vertex -3.6239896871848E-05 -2.93103457806865E-05 7.65000004321337E-05
         vertex -3.27916204696521E-05 -2.58620693784906E-05 7.65000004321337E-05
         vertex -3.27916204696521E-05 -2.93103457806865E-05 7.65000004321337E-05
      endloop
   endfacet
   facet normal 0 0 -1
      outer loop
         vertex -3.6239896871848E-05 -2.93103457806865E-05 7.65000004321337E-05
         vertex -3.27916204696521E-05 -2.93103457806865E-05 7.65000004321337E-05
         vertex -3.6239896871848E-05 -3.2758620363893E-05 7.65000004321337E-05
      endloop
   endfacet
   facet normal 0 0 -1
      outer loop
         vertex -3.6239896871848E-05 -3.2758620363893E-05 7.65000004321337E-05
         vertex -3.27916204696521E-05 -2.93103457806865E-05 7.65000004321337E-05
         vertex -3.27916204696521E-05 -3.2758620363893E-05 7.65000004321337E-05
      endloop
   endfacet
   facet normal 0 0 -1
      outer loop
         vertex -3.6239896871848E-05 -3.2758620363893E-05 7.65000004321337E-05
         vertex -3.27916204696521E-05 -3.2758620363893E-05 7.65000004321337E-05
         vertex -3.66855929314625E-05 -3.40086371579673E-05 7.65000004321337E-05
      endloop
   endfacet
   facet normal 0 0 -1
      outer loop
         vertex -3.66855929314625E-05 -3.40086371579673E-05 7.65000004321337E-05
         vertex -3.27916204696521E-05 -3.2758620363893E-05 7.65000004321337E-05
         vertex -3.27916204696521E-05 -3.62068967660889E-05 7.65000004321337E-05
      endloop
   endfacet
   facet normal 0 0 -1
      outer loop
         vertex -3.66855929314625E-05 -3.40086371579673E-05 7.65000004321337E-05
         vertex -3.27916204696521E-05 -3.62068967660889E-05 7.65000004321337E-05
         vertex -3.3117292332463E-05 -3.74890587409027E-05 7.65000004321337E-05
      endloop
   endfacet
   facet normal 0 0 -1
      outer loop
         vertex 3.96221730625257E-05 -2.93103457806865E-05 7.65000004321337E-05
         vertex 3.96221730625257E-05 -2.58620693784906E-05 7.65000004321337E-05
         vertex 4.12789413530845E-05 -2.81660031760111E-05 7.65000004321337E-05
      endloop
   endfacet
   facet normal 0 0 -1
      outer loop
         vertex 4.12789413530845E-05 -2.81660031760111E-05 7.65000004321337E-05
         vertex 3.96221730625257E-05 -2.58620693784906E-05 7.65000004321337E-05
         vertex 4.38780771219172E-05 -2.39126984524773E-05 7.65000004321337E-05
      endloop
   endfacet
   facet normal 0 0 -1
      outer loop
         vertex -3.98896263504867E-05 -3.01902200590121E-05 7.65000004321337E-05
         vertex -3.96881732740439E-05 -2.93103457806865E-05 7.65000004321337E-05
         vertex -3.6239896871848E-05 -2.93103457806865E-05 7.65000004321337E-05
      endloop
   endfacet
   facet normal 0 0 -1
      outer loop
         vertex -3.6239896871848E-05 -2.93103457806865E-05 7.65000004321337E-05
         vertex -3.96881732740439E-05 -2.93103457806865E-05 7.65000004321337E-05
         vertex -3.6239896871848E-05 -2.58620693784906E-05 7.65000004321337E-05
      endloop
   endfacet
   facet normal 0 0 -1
      outer loop
         vertex 3.61738966603298E-05 -3.2758620363893E-05 7.65000004321337E-05
         vertex 3.61738966603298E-05 -2.93103457806865E-05 7.65000004321337E-05
         vertex 3.82692232960835E-05 -3.21393781632651E-05 7.65000004321337E-05
      endloop
   endfacet
   facet normal 0 0 -1
      outer loop
         vertex -3.66855929314625E-05 -3.40086371579673E-05 7.65000004321337E-05
         vertex -3.98896263504867E-05 -3.01902200590121E-05 7.65000004321337E-05
         vertex -3.6239896871848E-05 -3.2758620363893E-05 7.65000004321337E-05
      endloop
   endfacet
   facet normal 0 0 -1
      outer loop
         vertex -3.6239896871848E-05 -3.2758620363893E-05 7.65000004321337E-05
         vertex -3.98896263504867E-05 -3.01902200590121E-05 7.65000004321337E-05
         vertex -3.6239896871848E-05 -2.93103457806865E-05 7.65000004321337E-05
      endloop
   endfacet
   facet normal 0 0 -1
      outer loop
         vertex 3.27256202581339E-05 -3.62068967660889E-05 7.65000004321337E-05
         vertex 3.27256202581339E-05 -3.2758620363893E-05 7.65000004321337E-05
         vertex 3.48788416886237E-05 -3.57933422492351E-05 7.65000004321337E-05
      endloop
   endfacet
   facet normal 0 0 -1
      outer loop
         vertex 2.92773456749273E-05 -3.9655169530306E-05 7.65000004321337E-05
         vertex 2.92773456749273E-05 -3.62068967660889E-05 7.65000004321337E-05
         vertex 3.11414914904162E-05 -3.90915774914902E-05 7.65000004321337E-05
      endloop
   endfacet
   facet normal 0 0 -1
      outer loop
         vertex 1.54842418851331E-05 -4.65517223346978E-05 7.65000004321337E-05
         vertex 1.54842418851331E-05 -4.31034495704807E-05 7.65000004321337E-05
         vertex 1.8234051822219E-05 -4.6543686039513E-05 7.65000004321337E-05
      endloop
   endfacet
   facet normal 0 0 -1
      outer loop
         vertex 4.30704458267428E-05 -1.89655183930881E-05 7.65000004321337E-05
         vertex 4.65187258669175E-05 -1.55172419908922E-05 7.65000004321337E-05
         vertex 4.60408118669875E-05 -1.94217391253915E-05 7.65000004321337E-05
      endloop
   endfacet
   facet normal 0 0 -1
      outer loop
         vertex 4.60408118669875E-05 -1.94217391253915E-05 7.65000004321337E-05
         vertex 4.65187258669175E-05 -1.55172419908922E-05 7.65000004321337E-05
         vertex 4.77456414955668E-05 -1.4737758647243E-05 7.65000004321337E-05
      endloop
   endfacet
   facet normal 0 0 -1
      outer loop
         vertex -3.96881732740439E-05 8.62068918650039E-06 7.65000004321337E-05
         vertex -3.96881732740439E-05 5.17241369379917E-06 7.65000004321337E-05
         vertex -4.31364460382611E-05 5.17241369379917E-06 7.65000004321337E-05
      endloop
   endfacet
   facet normal 0 0 -1
      outer loop
         vertex -4.31364460382611E-05 5.17241369379917E-06 7.65000004321337E-05
         vertex -3.96881732740439E-05 5.17241369379917E-06 7.65000004321337E-05
         vertex -4.31364460382611E-05 1.72413797372428E-06 7.65000004321337E-05
      endloop
   endfacet
   facet normal 0 0 -1
      outer loop
         vertex -2.93433440674562E-05 5.17241369379917E-06 7.65000004321337E-05
         vertex -3.27916204696521E-05 5.17241369379917E-06 7.65000004321337E-05
         vertex -2.93433440674562E-05 8.62068918650039E-06 7.65000004321337E-05
      endloop
   endfacet
   facet normal 0 0 -1
      outer loop
         vertex 3.96221730625257E-05 1.72413797372428E-06 7.65000004321337E-05
         vertex 3.96221730625257E-05 5.17241369379917E-06 7.65000004321337E-05
         vertex 4.30704458267428E-05 5.17241369379917E-06 7.65000004321337E-05
      endloop
   endfacet
   facet normal 0 0 -1
      outer loop
         vertex 4.30704458267428E-05 5.17241369379917E-06 7.65000004321337E-05
         vertex 3.96221730625257E-05 5.17241369379917E-06 7.65000004321337E-05
         vertex 4.30704458267428E-05 8.62068918650039E-06 7.65000004321337E-05
      endloop
   endfacet
   facet normal 0 0 -1
      outer loop
         vertex 4.30704458267428E-05 5.17241369379917E-06 7.65000004321337E-05
         vertex 4.30704458267428E-05 8.62068918650039E-06 7.65000004321337E-05
         vertex 4.65187258669175E-05 8.62068918650039E-06 7.65000004321337E-05
      endloop
   endfacet
   facet normal 0 0 -1
      outer loop
         vertex 4.65187258669175E-05 8.62068918650039E-06 7.65000004321337E-05
         vertex 4.30704458267428E-05 8.62068918650039E-06 7.65000004321337E-05
         vertex 4.65187258669175E-05 1.20689655886963E-05 7.65000004321337E-05
      endloop
   endfacet
   facet normal 0 0 -1
      outer loop
         vertex -3.96881732740439E-05 1.20689655886963E-05 7.65000004321337E-05
         vertex -3.96881732740439E-05 8.62068918650039E-06 7.65000004321337E-05
         vertex -4.31364460382611E-05 8.62068918650039E-06 7.65000004321337E-05
      endloop
   endfacet
   facet normal 0 0 -1
      outer loop
         vertex -4.31364460382611E-05 8.62068918650039E-06 7.65000004321337E-05
         vertex -3.96881732740439E-05 8.62068918650039E-06 7.65000004321337E-05
         vertex -4.31364460382611E-05 5.17241369379917E-06 7.65000004321337E-05
      endloop
   endfacet
   facet normal 0 0 -1
      outer loop
         vertex -3.6239896871848E-05 5.17241369379917E-06 7.65000004321337E-05
         vertex -3.6239896871848E-05 8.62068918650039E-06 7.65000004321337E-05
         vertex -3.27916204696521E-05 8.62068918650039E-06 7.65000004321337E-05
      endloop
   endfacet
   facet normal 0 0 -1
      outer loop
         vertex -3.27916204696521E-05 8.62068918650039E-06 7.65000004321337E-05
         vertex -3.6239896871848E-05 8.62068918650039E-06 7.65000004321337E-05
         vertex -3.27916204696521E-05 1.20689655886963E-05 7.65000004321337E-05
      endloop
   endfacet
   facet normal 0 0 -1
      outer loop
         vertex -3.27916204696521E-05 8.62068918650039E-06 7.65000004321337E-05
         vertex -3.27916204696521E-05 1.20689655886963E-05 7.65000004321337E-05
         vertex -2.93433440674562E-05 1.20689655886963E-05 7.65000004321337E-05
      endloop
   endfacet
   facet normal 0 0 -1
      outer loop
         vertex -2.93433440674562E-05 1.20689655886963E-05 7.65000004321337E-05
         vertex -3.27916204696521E-05 1.20689655886963E-05 7.65000004321337E-05
         vertex -2.93433440674562E-05 1.55172419908922E-05 7.65000004321337E-05
      endloop
   endfacet
   facet normal 0 0 -1
      outer loop
         vertex -2.93433440674562E-05 1.20689655886963E-05 7.65000004321337E-05
         vertex -2.93433440674562E-05 1.55172419908922E-05 7.65000004321337E-05
         vertex -2.58950676652603E-05 1.55172419908922E-05 7.65000004321337E-05
      endloop
   endfacet
   facet normal 0 0 -1
      outer loop
         vertex -2.58950676652603E-05 1.55172419908922E-05 7.65000004321337E-05
         vertex -2.93433440674562E-05 1.55172419908922E-05 7.65000004321337E-05
         vertex -2.58950676652603E-05 1.89655183930881E-05 7.65000004321337E-05
      endloop
   endfacet
   facet normal 0 0 -1
      outer loop
         vertex -2.58950676652603E-05 1.55172419908922E-05 7.65000004321337E-05
         vertex -2.58950676652603E-05 1.89655183930881E-05 7.65000004321337E-05
         vertex -2.24467930820538E-05 1.89655183930881E-05 7.65000004321337E-05
      endloop
   endfacet
   facet normal 0 0 -1
      outer loop
         vertex -2.24467930820538E-05 1.89655183930881E-05 7.65000004321337E-05
         vertex -2.58950676652603E-05 1.89655183930881E-05 7.65000004321337E-05
         vertex -2.24467930820538E-05 2.2413794795284E-05 7.65000004321337E-05
      endloop
   endfacet
   facet normal 0 0 -1
      outer loop
         vertex -2.24467930820538E-05 1.89655183930881E-05 7.65000004321337E-05
         vertex -2.24467930820538E-05 2.2413794795284E-05 7.65000004321337E-05
         vertex -1.89985166798579E-05 2.2413794795284E-05 7.65000004321337E-05
      endloop
   endfacet
   facet normal 0 0 -1
      outer loop
         vertex -1.89985166798579E-05 2.2413794795284E-05 7.65000004321337E-05
         vertex -2.24467930820538E-05 2.2413794795284E-05 7.65000004321337E-05
         vertex -1.89985166798579E-05 2.58620693784906E-05 7.65000004321337E-05
      endloop
   endfacet
   facet normal 0 0 -1
      outer loop
         vertex -1.89985166798579E-05 2.2413794795284E-05 7.65000004321337E-05
         vertex -1.89985166798579E-05 2.58620693784906E-05 7.65000004321337E-05
         vertex -1.55502420966513E-05 2.58620693784906E-05 7.65000004321337E-05
      endloop
   endfacet
   facet normal 0 0 -1
      outer loop
         vertex -1.55502420966513E-05 2.58620693784906E-05 7.65000004321337E-05
         vertex -1.89985166798579E-05 2.58620693784906E-05 7.65000004321337E-05
         vertex -1.55502420966513E-05 2.93103457806865E-05 7.65000004321337E-05
      endloop
   endfacet
   facet normal 0 0 -1
      outer loop
         vertex -1.55502420966513E-05 2.58620693784906E-05 7.65000004321337E-05
         vertex -1.55502420966513E-05 2.93103457806865E-05 7.65000004321337E-05
         vertex -1.21019656944554E-05 2.93103457806865E-05 7.65000004321337E-05
      endloop
   endfacet
   facet normal 0 0 -1
      outer loop
         vertex -1.21019656944554E-05 2.93103457806865E-05 7.65000004321337E-05
         vertex -1.55502420966513E-05 2.93103457806865E-05 7.65000004321337E-05
         vertex -1.21019656944554E-05 3.2758620363893E-05 7.65000004321337E-05
      endloop
   endfacet
   facet normal 0 0 -1
      outer loop
         vertex -1.21019656944554E-05 2.93103457806865E-05 7.65000004321337E-05
         vertex -1.21019656944554E-05 3.2758620363893E-05 7.65000004321337E-05
         vertex -8.65369020175422E-06 3.2758620363893E-05 7.65000004321337E-05
      endloop
   endfacet
   facet normal 0 0 -1
      outer loop
         vertex -8.65369020175422E-06 3.2758620363893E-05 7.65000004321337E-05
         vertex -1.21019656944554E-05 3.2758620363893E-05 7.65000004321337E-05
         vertex -8.65369020175422E-06 3.62068967660889E-05 7.65000004321337E-05
      endloop
   endfacet
   facet normal 0 0 -1
      outer loop
         vertex -8.65369020175422E-06 3.2758620363893E-05 7.65000004321337E-05
         vertex -8.65369020175422E-06 3.62068967660889E-05 7.65000004321337E-05
         vertex -5.2054137995583E-06 3.62068967660889E-05 7.65000004321337E-05
      endloop
   endfacet
   facet normal 0 0 -1
      outer loop
         vertex -5.2054137995583E-06 3.62068967660889E-05 7.65000004321337E-05
         vertex -8.65369020175422E-06 3.62068967660889E-05 7.65000004321337E-05
         vertex -5.2054137995583E-06 3.9655169530306E-05 7.65000004321337E-05
      endloop
   endfacet
   facet normal 0 0 -1
      outer loop
         vertex -5.2054137995583E-06 3.62068967660889E-05 7.65000004321337E-05
         vertex -5.2054137995583E-06 3.9655169530306E-05 7.65000004321337E-05
         vertex -1.75713796579657E-06 3.9655169530306E-05 7.65000004321337E-05
      endloop
   endfacet
   facet normal 0 0 -1
      outer loop
         vertex -1.75713796579657E-06 3.9655169530306E-05 7.65000004321337E-05
         vertex -5.2054137995583E-06 3.9655169530306E-05 7.65000004321337E-05
         vertex -1.75713796579657E-06 4.31034495704807E-05 7.65000004321337E-05
      endloop
   endfacet
   facet normal 0 0 -1
      outer loop
         vertex -1.75713796579657E-06 3.9655169530306E-05 7.65000004321337E-05
         vertex -1.75713796579657E-06 4.31034495704807E-05 7.65000004321337E-05
         vertex 1.69113786796515E-06 4.31034495704807E-05 7.65000004321337E-05
      endloop
   endfacet
   facet normal 0 0 -1
      outer loop
         vertex 1.69113786796515E-06 4.31034495704807E-05 7.65000004321337E-05
         vertex -1.75713796579657E-06 4.31034495704807E-05 7.65000004321337E-05
         vertex 1.69113786796515E-06 4.65517223346978E-05 7.65000004321337E-05
      endloop
   endfacet
   facet normal 0 0 -1
      outer loop
         vertex 1.69113786796515E-06 4.31034495704807E-05 7.65000004321337E-05
         vertex 1.69113786796515E-06 4.65517223346978E-05 7.65000004321337E-05
         vertex 5.13941358804004E-06 4.65517223346978E-05 7.65000004321337E-05
      endloop
   endfacet
   facet normal 0 0 -1
      outer loop
         vertex 5.13941358804004E-06 4.65517223346978E-05 7.65000004321337E-05
         vertex 1.69113786796515E-06 4.65517223346978E-05 7.65000004321337E-05
         vertex 3.70350448974932E-06 4.98601912113372E-05 7.65000004321337E-05
      endloop
   endfacet
   facet normal 0 0 -1
      outer loop
         vertex 5.13941358804004E-06 4.65517223346978E-05 7.65000004321337E-05
         vertex 3.70350448974932E-06 4.98601912113372E-05 7.65000004321337E-05
         vertex 8.64940921019297E-06 4.9240388761973E-05 7.65000004321337E-05
      endloop
   endfacet
   facet normal 0 0 -1
      outer loop
         vertex -2.58950676652603E-05 8.62068918650039E-06 7.65000004321337E-05
         vertex -2.93433440674562E-05 8.62068918650039E-06 7.65000004321337E-05
         vertex -2.58950676652603E-05 1.20689655886963E-05 7.65000004321337E-05
      endloop
   endfacet
   facet normal 0 0 -1
      outer loop
         vertex 3.96221730625257E-05 5.17241369379917E-06 7.65000004321337E-05
         vertex 3.96221730625257E-05 8.62068918650039E-06 7.65000004321337E-05
         vertex 4.30704458267428E-05 8.62068918650039E-06 7.65000004321337E-05
      endloop
   endfacet
   facet normal 0 0 -1
      outer loop
         vertex 4.30704458267428E-05 8.62068918650039E-06 7.65000004321337E-05
         vertex 3.96221730625257E-05 8.62068918650039E-06 7.65000004321337E-05
         vertex 4.30704458267428E-05 1.20689655886963E-05 7.65000004321337E-05
      endloop
   endfacet
   facet normal 0 0 -1
      outer loop
         vertex 4.30704458267428E-05 8.62068918650039E-06 7.65000004321337E-05
         vertex 4.30704458267428E-05 1.20689655886963E-05 7.65000004321337E-05
         vertex 4.65187258669175E-05 1.20689655886963E-05 7.65000004321337E-05
      endloop
   endfacet
   facet normal 0 0 -1
      outer loop
         vertex 4.65187258669175E-05 1.20689655886963E-05 7.65000004321337E-05
         vertex 4.30704458267428E-05 1.20689655886963E-05 7.65000004321337E-05
         vertex 4.65187258669175E-05 1.55172419908922E-05 7.65000004321337E-05
      endloop
   endfacet
   facet normal 0 0 -1
      outer loop
         vertex 4.30704458267428E-05 1.20689655886963E-05 7.65000004321337E-05
         vertex 3.96221730625257E-05 1.20689655886963E-05 7.65000004321337E-05
         vertex 4.30704458267428E-05 1.55172419908922E-05 7.65000004321337E-05
      endloop
   endfacet
   facet normal 0 0 -1
      outer loop
         vertex 4.30704458267428E-05 1.55172419908922E-05 7.65000004321337E-05
         vertex 3.96221730625257E-05 1.20689655886963E-05 7.65000004321337E-05
         vertex 3.96221730625257E-05 1.55172419908922E-05 7.65000004321337E-05
      endloop
   endfacet
   facet normal 0 0 -1
      outer loop
         vertex 4.30704458267428E-05 1.55172419908922E-05 7.65000004321337E-05
         vertex 3.96221730625257E-05 1.55172419908922E-05 7.65000004321337E-05
         vertex 4.30704458267428E-05 1.89655183930881E-05 7.65000004321337E-05
      endloop
   endfacet
   facet normal 0 0 -1
      outer loop
         vertex 4.30704458267428E-05 1.89655183930881E-05 7.65000004321337E-05
         vertex 3.96221730625257E-05 1.55172419908922E-05 7.65000004321337E-05
         vertex 3.96221730625257E-05 1.89655183930881E-05 7.65000004321337E-05
      endloop
   endfacet
   facet normal 0 0 -1
      outer loop
         vertex 3.96221730625257E-05 1.20689655886963E-05 7.65000004321337E-05
         vertex 4.30704458267428E-05 1.20689655886963E-05 7.65000004321337E-05
         vertex 3.96221730625257E-05 8.62068918650039E-06 7.65000004321337E-05
      endloop
   endfacet
   facet normal 0 0 -1
      outer loop
         vertex -2.24467930820538E-05 1.20689655886963E-05 7.65000004321337E-05
         vertex -2.58950676652603E-05 1.20689655886963E-05 7.65000004321337E-05
         vertex -2.24467930820538E-05 1.55172419908922E-05 7.65000004321337E-05
      endloop
   endfacet
   facet normal 0 0 -1
      outer loop
         vertex -3.27916204696521E-05 1.20689655886963E-05 7.65000004321337E-05
         vertex -3.6239896871848E-05 1.20689655886963E-05 7.65000004321337E-05
         vertex -3.27916204696521E-05 1.55172419908922E-05 7.65000004321337E-05
      endloop
   endfacet
   facet normal 0 0 -1
      outer loop
         vertex -3.27916204696521E-05 1.55172419908922E-05 7.65000004321337E-05
         vertex -3.6239896871848E-05 1.20689655886963E-05 7.65000004321337E-05
         vertex -3.6239896871848E-05 1.55172419908922E-05 7.65000004321337E-05
      endloop
   endfacet
   facet normal 0 0 -1
      outer loop
         vertex -3.27916204696521E-05 1.55172419908922E-05 7.65000004321337E-05
         vertex -3.6239896871848E-05 1.55172419908922E-05 7.65000004321337E-05
         vertex -3.27916204696521E-05 1.89655183930881E-05 7.65000004321337E-05
      endloop
   endfacet
   facet normal 0 0 -1
      outer loop
         vertex -3.27916204696521E-05 1.89655183930881E-05 7.65000004321337E-05
         vertex -3.6239896871848E-05 1.55172419908922E-05 7.65000004321337E-05
         vertex -3.6239896871848E-05 1.89655183930881E-05 7.65000004321337E-05
      endloop
   endfacet
   facet normal 0 0 -1
      outer loop
         vertex -3.27916204696521E-05 1.89655183930881E-05 7.65000004321337E-05
         vertex -3.6239896871848E-05 1.89655183930881E-05 7.65000004321337E-05
         vertex -3.27916204696521E-05 2.2413794795284E-05 7.65000004321337E-05
      endloop
   endfacet
   facet normal 0 0 -1
      outer loop
         vertex -3.27916204696521E-05 2.2413794795284E-05 7.65000004321337E-05
         vertex -3.6239896871848E-05 1.89655183930881E-05 7.65000004321337E-05
         vertex -3.6239896871848E-05 2.2413794795284E-05 7.65000004321337E-05
      endloop
   endfacet
   facet normal 0 0 -1
      outer loop
         vertex -3.27916204696521E-05 2.2413794795284E-05 7.65000004321337E-05
         vertex -3.6239896871848E-05 2.2413794795284E-05 7.65000004321337E-05
         vertex -3.27916204696521E-05 2.58620693784906E-05 7.65000004321337E-05
      endloop
   endfacet
   facet normal 0 0 -1
      outer loop
         vertex -3.27916204696521E-05 2.58620693784906E-05 7.65000004321337E-05
         vertex -3.6239896871848E-05 2.2413794795284E-05 7.65000004321337E-05
         vertex -3.6239896871848E-05 2.58620693784906E-05 7.65000004321337E-05
      endloop
   endfacet
   facet normal 0 0 -1
      outer loop
         vertex -3.27916204696521E-05 2.58620693784906E-05 7.65000004321337E-05
         vertex -3.6239896871848E-05 2.58620693784906E-05 7.65000004321337E-05
         vertex -3.27916204696521E-05 2.93103457806865E-05 7.65000004321337E-05
      endloop
   endfacet
   facet normal 0 0 -1
      outer loop
         vertex -3.27916204696521E-05 2.93103457806865E-05 7.65000004321337E-05
         vertex -3.6239896871848E-05 2.58620693784906E-05 7.65000004321337E-05
         vertex -3.6239896871848E-05 2.93103457806865E-05 7.65000004321337E-05
      endloop
   endfacet
   facet normal 0 0 -1
      outer loop
         vertex -3.27916204696521E-05 2.93103457806865E-05 7.65000004321337E-05
         vertex -3.6239896871848E-05 2.93103457806865E-05 7.65000004321337E-05
         vertex -3.27916204696521E-05 3.2758620363893E-05 7.65000004321337E-05
      endloop
   endfacet
   facet normal 0 0 -1
      outer loop
         vertex -3.27916204696521E-05 3.2758620363893E-05 7.65000004321337E-05
         vertex -3.6239896871848E-05 2.93103457806865E-05 7.65000004321337E-05
         vertex -3.6239896871848E-05 3.2758620363893E-05 7.65000004321337E-05
      endloop
   endfacet
   facet normal 0 0 -1
      outer loop
         vertex -3.27916204696521E-05 3.2758620363893E-05 7.65000004321337E-05
         vertex -3.6239896871848E-05 3.2758620363893E-05 7.65000004321337E-05
         vertex -3.66855929314625E-05 3.40086371579673E-05 7.65000004321337E-05
      endloop
   endfacet
   facet normal 0 0 -1
      outer loop
         vertex -3.66855929314625E-05 3.40086371579673E-05 7.65000004321337E-05
         vertex -3.6239896871848E-05 3.2758620363893E-05 7.65000004321337E-05
         vertex -3.98896263504867E-05 3.01902200590121E-05 7.65000004321337E-05
      endloop
   endfacet
   facet normal 0 0 -1
      outer loop
         vertex -3.6239896871848E-05 1.20689655886963E-05 7.65000004321337E-05
         vertex -3.27916204696521E-05 1.20689655886963E-05 7.65000004321337E-05
         vertex -3.6239896871848E-05 8.62068918650039E-06 7.65000004321337E-05
      endloop
   endfacet
   facet normal 0 0 -1
      outer loop
         vertex -3.96881732740439E-05 1.20689655886963E-05 7.65000004321337E-05
         vertex -4.31364460382611E-05 1.20689655886963E-05 7.65000004321337E-05
         vertex -3.96881732740439E-05 1.55172419908922E-05 7.65000004321337E-05
      endloop
   endfacet
   facet normal 0 0 -1
      outer loop
         vertex -3.96881732740439E-05 1.55172419908922E-05 7.65000004321337E-05
         vertex -4.31364460382611E-05 1.20689655886963E-05 7.65000004321337E-05
         vertex -4.31364460382611E-05 1.55172419908922E-05 7.65000004321337E-05
      endloop
   endfacet
   facet normal 0 0 -1
      outer loop
         vertex -3.96881732740439E-05 1.55172419908922E-05 7.65000004321337E-05
         vertex -4.31364460382611E-05 1.55172419908922E-05 7.65000004321337E-05
         vertex -3.96881732740439E-05 1.89655183930881E-05 7.65000004321337E-05
      endloop
   endfacet
   facet normal 0 0 -1
      outer loop
         vertex -3.96881732740439E-05 1.89655183930881E-05 7.65000004321337E-05
         vertex -4.31364460382611E-05 1.55172419908922E-05 7.65000004321337E-05
         vertex -4.31364460382611E-05 1.89655183930881E-05 7.65000004321337E-05
      endloop
   endfacet
   facet normal 0 0 -1
      outer loop
         vertex -3.96881732740439E-05 1.89655183930881E-05 7.65000004321337E-05
         vertex -4.31364460382611E-05 1.89655183930881E-05 7.65000004321337E-05
         vertex -3.96881732740439E-05 2.2413794795284E-05 7.65000004321337E-05
      endloop
   endfacet
   facet normal 0 0 -1
      outer loop
         vertex -3.96881732740439E-05 2.2413794795284E-05 7.65000004321337E-05
         vertex -4.31364460382611E-05 1.89655183930881E-05 7.65000004321337E-05
         vertex -4.31364460382611E-05 2.2413794795284E-05 7.65000004321337E-05
      endloop
   endfacet
   facet normal 0 0 -1
      outer loop
         vertex -3.96881732740439E-05 2.2413794795284E-05 7.65000004321337E-05
         vertex -4.31364460382611E-05 2.2413794795284E-05 7.65000004321337E-05
         vertex -4.26975457230583E-05 2.60717606579419E-05 7.65000004321337E-05
      endloop
   endfacet
   facet normal 0 0 -1
      outer loop
         vertex -4.26975457230583E-05 2.60717606579419E-05 7.65000004321337E-05
         vertex -4.31364460382611E-05 2.2413794795284E-05 7.65000004321337E-05
         vertex -4.50814441137481E-05 2.16941862163367E-05 7.65000004321337E-05
      endloop
   endfacet
   facet normal 0 0 -1
      outer loop
         vertex -4.31364460382611E-05 1.20689655886963E-05 7.65000004321337E-05
         vertex -3.96881732740439E-05 1.20689655886963E-05 7.65000004321337E-05
         vertex -4.31364460382611E-05 8.62068918650039E-06 7.65000004321337E-05
      endloop
   endfacet
   facet normal 0 0 -1
      outer loop
         vertex -3.27916204696521E-05 1.20689655886963E-05 7.65000004321337E-05
         vertex -3.27916204696521E-05 1.55172419908922E-05 7.65000004321337E-05
         vertex -2.93433440674562E-05 1.55172419908922E-05 7.65000004321337E-05
      endloop
   endfacet
   facet normal 0 0 -1
      outer loop
         vertex -2.93433440674562E-05 1.55172419908922E-05 7.65000004321337E-05
         vertex -3.27916204696521E-05 1.55172419908922E-05 7.65000004321337E-05
         vertex -2.93433440674562E-05 1.89655183930881E-05 7.65000004321337E-05
      endloop
   endfacet
   facet normal 0 0 -1
      outer loop
         vertex -2.93433440674562E-05 1.55172419908922E-05 7.65000004321337E-05
         vertex -2.93433440674562E-05 1.89655183930881E-05 7.65000004321337E-05
         vertex -2.58950676652603E-05 1.89655183930881E-05 7.65000004321337E-05
      endloop
   endfacet
   facet normal 0 0 -1
      outer loop
         vertex -2.58950676652603E-05 1.89655183930881E-05 7.65000004321337E-05
         vertex -2.93433440674562E-05 1.89655183930881E-05 7.65000004321337E-05
         vertex -2.58950676652603E-05 2.2413794795284E-05 7.65000004321337E-05
      endloop
   endfacet
   facet normal 0 0 -1
      outer loop
         vertex -2.58950676652603E-05 1.89655183930881E-05 7.65000004321337E-05
         vertex -2.58950676652603E-05 2.2413794795284E-05 7.65000004321337E-05
         vertex -2.24467930820538E-05 2.2413794795284E-05 7.65000004321337E-05
      endloop
   endfacet
   facet normal 0 0 -1
      outer loop
         vertex -2.24467930820538E-05 2.2413794795284E-05 7.65000004321337E-05
         vertex -2.58950676652603E-05 2.2413794795284E-05 7.65000004321337E-05
         vertex -2.24467930820538E-05 2.58620693784906E-05 7.65000004321337E-05
      endloop
   endfacet
   facet normal 0 0 -1
      outer loop
         vertex -2.24467930820538E-05 2.2413794795284E-05 7.65000004321337E-05
         vertex -2.24467930820538E-05 2.58620693784906E-05 7.65000004321337E-05
         vertex -1.89985166798579E-05 2.58620693784906E-05 7.65000004321337E-05
      endloop
   endfacet
   facet normal 0 0 -1
      outer loop
         vertex -1.89985166798579E-05 2.58620693784906E-05 7.65000004321337E-05
         vertex -2.24467930820538E-05 2.58620693784906E-05 7.65000004321337E-05
         vertex -1.89985166798579E-05 2.93103457806865E-05 7.65000004321337E-05
      endloop
   endfacet
   facet normal 0 0 -1
      outer loop
         vertex -1.89985166798579E-05 2.58620693784906E-05 7.65000004321337E-05
         vertex -1.89985166798579E-05 2.93103457806865E-05 7.65000004321337E-05
         vertex -1.55502420966513E-05 2.93103457806865E-05 7.65000004321337E-05
      endloop
   endfacet
   facet normal 0 0 -1
      outer loop
         vertex -1.55502420966513E-05 2.93103457806865E-05 7.65000004321337E-05
         vertex -1.89985166798579E-05 2.93103457806865E-05 7.65000004321337E-05
         vertex -1.55502420966513E-05 3.2758620363893E-05 7.65000004321337E-05
      endloop
   endfacet
   facet normal 0 0 -1
      outer loop
         vertex -1.55502420966513E-05 2.93103457806865E-05 7.65000004321337E-05
         vertex -1.55502420966513E-05 3.2758620363893E-05 7.65000004321337E-05
         vertex -1.21019656944554E-05 3.2758620363893E-05 7.65000004321337E-05
      endloop
   endfacet
   facet normal 0 0 -1
      outer loop
         vertex -1.21019656944554E-05 3.2758620363893E-05 7.65000004321337E-05
         vertex -1.55502420966513E-05 3.2758620363893E-05 7.65000004321337E-05
         vertex -1.21019656944554E-05 3.62068967660889E-05 7.65000004321337E-05
      endloop
   endfacet
   facet normal 0 0 -1
      outer loop
         vertex -1.21019656944554E-05 3.2758620363893E-05 7.65000004321337E-05
         vertex -1.21019656944554E-05 3.62068967660889E-05 7.65000004321337E-05
         vertex -8.65369020175422E-06 3.62068967660889E-05 7.65000004321337E-05
      endloop
   endfacet
   facet normal 0 0 -1
      outer loop
         vertex -8.65369020175422E-06 3.62068967660889E-05 7.65000004321337E-05
         vertex -1.21019656944554E-05 3.62068967660889E-05 7.65000004321337E-05
         vertex -8.65369020175422E-06 3.9655169530306E-05 7.65000004321337E-05
      endloop
   endfacet
   facet normal 0 0 -1
      outer loop
         vertex -8.65369020175422E-06 3.62068967660889E-05 7.65000004321337E-05
         vertex -8.65369020175422E-06 3.9655169530306E-05 7.65000004321337E-05
         vertex -5.2054137995583E-06 3.9655169530306E-05 7.65000004321337E-05
      endloop
   endfacet
   facet normal 0 0 -1
      outer loop
         vertex -5.2054137995583E-06 3.9655169530306E-05 7.65000004321337E-05
         vertex -8.65369020175422E-06 3.9655169530306E-05 7.65000004321337E-05
         vertex -5.2054137995583E-06 4.31034495704807E-05 7.65000004321337E-05
      endloop
   endfacet
   facet normal 0 0 -1
      outer loop
         vertex -5.2054137995583E-06 3.9655169530306E-05 7.65000004321337E-05
         vertex -5.2054137995583E-06 4.31034495704807E-05 7.65000004321337E-05
         vertex -1.75713796579657E-06 4.31034495704807E-05 7.65000004321337E-05
      endloop
   endfacet
   facet normal 0 0 -1
      outer loop
         vertex -1.75713796579657E-06 4.31034495704807E-05 7.65000004321337E-05
         vertex -5.2054137995583E-06 4.31034495704807E-05 7.65000004321337E-05
         vertex -1.75713796579657E-06 4.65517223346978E-05 7.65000004321337E-05
      endloop
   endfacet
   facet normal 0 0 -1
      outer loop
         vertex -1.75713796579657E-06 4.31034495704807E-05 7.65000004321337E-05
         vertex -1.75713796579657E-06 4.65517223346978E-05 7.65000004321337E-05
         vertex 1.69113786796515E-06 4.65517223346978E-05 7.65000004321337E-05
      endloop
   endfacet
   facet normal 0 0 -1
      outer loop
         vertex 1.69113786796515E-06 4.65517223346978E-05 7.65000004321337E-05
         vertex -1.75713796579657E-06 4.65517223346978E-05 7.65000004321337E-05
         vertex -1.2795345583072E-06 4.99844572914299E-05 7.65000004321337E-05
      endloop
   endfacet
   facet normal 0 0 -1
      outer loop
         vertex 1.69113786796515E-06 4.65517223346978E-05 7.65000004321337E-05
         vertex -1.2795345583072E-06 4.99844572914299E-05 7.65000004321337E-05
         vertex 3.70350448974932E-06 4.98601912113372E-05 7.65000004321337E-05
      endloop
   endfacet
   facet normal 0 0 -1
      outer loop
         vertex -1.89985166798579E-05 1.55172419908922E-05 7.65000004321337E-05
         vertex -2.24467930820538E-05 1.55172419908922E-05 7.65000004321337E-05
         vertex -1.89985166798579E-05 1.89655183930881E-05 7.65000004321337E-05
      endloop
   endfacet
   facet normal 0 0 -1
      outer loop
         vertex 4.30704458267428E-05 1.89655183930881E-05 7.65000004321337E-05
         vertex 4.65187258669175E-05 1.55172419908922E-05 7.65000004321337E-05
         vertex 4.30704458267428E-05 1.55172419908922E-05 7.65000004321337E-05
      endloop
   endfacet
   facet normal 0 0 -1
      outer loop
         vertex 4.30704458267428E-05 1.55172419908922E-05 7.65000004321337E-05
         vertex 4.65187258669175E-05 1.55172419908922E-05 7.65000004321337E-05
         vertex 4.30704458267428E-05 1.20689655886963E-05 7.65000004321337E-05
      endloop
   endfacet
   facet normal 0 0 -1
      outer loop
         vertex -3.27916204696521E-05 1.55172419908922E-05 7.65000004321337E-05
         vertex -3.27916204696521E-05 1.89655183930881E-05 7.65000004321337E-05
         vertex -2.93433440674562E-05 1.89655183930881E-05 7.65000004321337E-05
      endloop
   endfacet
   facet normal 0 0 -1
      outer loop
         vertex -2.93433440674562E-05 1.89655183930881E-05 7.65000004321337E-05
         vertex -3.27916204696521E-05 1.89655183930881E-05 7.65000004321337E-05
         vertex -2.93433440674562E-05 2.2413794795284E-05 7.65000004321337E-05
      endloop
   endfacet
   facet normal 0 0 -1
      outer loop
         vertex -2.93433440674562E-05 1.89655183930881E-05 7.65000004321337E-05
         vertex -2.93433440674562E-05 2.2413794795284E-05 7.65000004321337E-05
         vertex -2.58950676652603E-05 2.2413794795284E-05 7.65000004321337E-05
      endloop
   endfacet
   facet normal 0 0 -1
      outer loop
         vertex -2.58950676652603E-05 2.2413794795284E-05 7.65000004321337E-05
         vertex -2.93433440674562E-05 2.2413794795284E-05 7.65000004321337E-05
         vertex -2.58950676652603E-05 2.58620693784906E-05 7.65000004321337E-05
      endloop
   endfacet
   facet normal 0 0 -1
      outer loop
         vertex -2.58950676652603E-05 2.2413794795284E-05 7.65000004321337E-05
         vertex -2.58950676652603E-05 2.58620693784906E-05 7.65000004321337E-05
         vertex -2.24467930820538E-05 2.58620693784906E-05 7.65000004321337E-05
      endloop
   endfacet
   facet normal 0 0 -1
      outer loop
         vertex -2.24467930820538E-05 2.58620693784906E-05 7.65000004321337E-05
         vertex -2.58950676652603E-05 2.58620693784906E-05 7.65000004321337E-05
         vertex -2.24467930820538E-05 2.93103457806865E-05 7.65000004321337E-05
      endloop
   endfacet
   facet normal 0 0 -1
      outer loop
         vertex -2.24467930820538E-05 2.58620693784906E-05 7.65000004321337E-05
         vertex -2.24467930820538E-05 2.93103457806865E-05 7.65000004321337E-05
         vertex -1.89985166798579E-05 2.93103457806865E-05 7.65000004321337E-05
      endloop
   endfacet
   facet normal 0 0 -1
      outer loop
         vertex -1.89985166798579E-05 2.93103457806865E-05 7.65000004321337E-05
         vertex -2.24467930820538E-05 2.93103457806865E-05 7.65000004321337E-05
         vertex -1.89985166798579E-05 3.2758620363893E-05 7.65000004321337E-05
      endloop
   endfacet
   facet normal 0 0 -1
      outer loop
         vertex -1.89985166798579E-05 2.93103457806865E-05 7.65000004321337E-05
         vertex -1.89985166798579E-05 3.2758620363893E-05 7.65000004321337E-05
         vertex -1.55502420966513E-05 3.2758620363893E-05 7.65000004321337E-05
      endloop
   endfacet
   facet normal 0 0 -1
      outer loop
         vertex -1.55502420966513E-05 3.2758620363893E-05 7.65000004321337E-05
         vertex -1.89985166798579E-05 3.2758620363893E-05 7.65000004321337E-05
         vertex -1.55502420966513E-05 3.62068967660889E-05 7.65000004321337E-05
      endloop
   endfacet
   facet normal 0 0 -1
      outer loop
         vertex -1.55502420966513E-05 3.2758620363893E-05 7.65000004321337E-05
         vertex -1.55502420966513E-05 3.62068967660889E-05 7.65000004321337E-05
         vertex -1.21019656944554E-05 3.62068967660889E-05 7.65000004321337E-05
      endloop
   endfacet
   facet normal 0 0 -1
      outer loop
         vertex -1.21019656944554E-05 3.62068967660889E-05 7.65000004321337E-05
         vertex -1.55502420966513E-05 3.62068967660889E-05 7.65000004321337E-05
         vertex -1.21019656944554E-05 3.9655169530306E-05 7.65000004321337E-05
      endloop
   endfacet
   facet normal 0 0 -1
      outer loop
         vertex -1.21019656944554E-05 3.62068967660889E-05 7.65000004321337E-05
         vertex -1.21019656944554E-05 3.9655169530306E-05 7.65000004321337E-05
         vertex -8.65369020175422E-06 3.9655169530306E-05 7.65000004321337E-05
      endloop
   endfacet
   facet normal 0 0 -1
      outer loop
         vertex -8.65369020175422E-06 3.9655169530306E-05 7.65000004321337E-05
         vertex -1.21019656944554E-05 3.9655169530306E-05 7.65000004321337E-05
         vertex -8.65369020175422E-06 4.31034495704807E-05 7.65000004321337E-05
      endloop
   endfacet
   facet normal 0 0 -1
      outer loop
         vertex -8.65369020175422E-06 3.9655169530306E-05 7.65000004321337E-05
         vertex -8.65369020175422E-06 4.31034495704807E-05 7.65000004321337E-05
         vertex -5.2054137995583E-06 4.31034495704807E-05 7.65000004321337E-05
      endloop
   endfacet
   facet normal 0 0 -1
      outer loop
         vertex -5.2054137995583E-06 4.31034495704807E-05 7.65000004321337E-05
         vertex -8.65369020175422E-06 4.31034495704807E-05 7.65000004321337E-05
         vertex -5.2054137995583E-06 4.65517223346978E-05 7.65000004321337E-05
      endloop
   endfacet
   facet normal 0 0 -1
      outer loop
         vertex -5.2054137995583E-06 4.31034495704807E-05 7.65000004321337E-05
         vertex -5.2054137995583E-06 4.65517223346978E-05 7.65000004321337E-05
         vertex -1.75713796579657E-06 4.65517223346978E-05 7.65000004321337E-05
      endloop
   endfacet
   facet normal 0 0 -1
      outer loop
         vertex -1.75713796579657E-06 4.65517223346978E-05 7.65000004321337E-05
         vertex -5.2054137995583E-06 4.65517223346978E-05 7.65000004321337E-05
         vertex -1.2795345583072E-06 4.99844572914299E-05 7.65000004321337E-05
      endloop
   endfacet
   facet normal 0 0 -1
      outer loop
         vertex -1.55502420966513E-05 1.89655183930881E-05 7.65000004321337E-05
         vertex -1.89985166798579E-05 1.89655183930881E-05 7.65000004321337E-05
         vertex -1.55502420966513E-05 2.2413794795284E-05 7.65000004321337E-05
      endloop
   endfacet
   facet normal 0 0 -1
      outer loop
         vertex -4.31364460382611E-05 1.55172419908922E-05 7.65000004321337E-05
         vertex -4.70176310045645E-05 1.71010069607291E-05 7.65000004321337E-05
         vertex -4.31364460382611E-05 1.89655183930881E-05 7.65000004321337E-05
      endloop
   endfacet
   facet normal 0 0 -1
      outer loop
         vertex -4.31364460382611E-05 1.89655183930881E-05 7.65000004321337E-05
         vertex -4.70176310045645E-05 1.71010069607291E-05 7.65000004321337E-05
         vertex -4.50814441137481E-05 2.16941862163367E-05 7.65000004321337E-05
      endloop
   endfacet
   facet normal 0 0 -1
      outer loop
         vertex -4.31364460382611E-05 1.89655183930881E-05 7.65000004321337E-05
         vertex -4.50814441137481E-05 2.16941862163367E-05 7.65000004321337E-05
         vertex -4.31364460382611E-05 2.2413794795284E-05 7.65000004321337E-05
      endloop
   endfacet
   facet normal 0 0 -1
      outer loop
         vertex -3.27916204696521E-05 1.89655183930881E-05 7.65000004321337E-05
         vertex -3.27916204696521E-05 2.2413794795284E-05 7.65000004321337E-05
         vertex -2.93433440674562E-05 2.2413794795284E-05 7.65000004321337E-05
      endloop
   endfacet
   facet normal 0 0 -1
      outer loop
         vertex -2.93433440674562E-05 2.2413794795284E-05 7.65000004321337E-05
         vertex -3.27916204696521E-05 2.2413794795284E-05 7.65000004321337E-05
         vertex -2.93433440674562E-05 2.58620693784906E-05 7.65000004321337E-05
      endloop
   endfacet
   facet normal 0 0 -1
      outer loop
         vertex -2.93433440674562E-05 2.2413794795284E-05 7.65000004321337E-05
         vertex -2.93433440674562E-05 2.58620693784906E-05 7.65000004321337E-05
         vertex -2.58950676652603E-05 2.58620693784906E-05 7.65000004321337E-05
      endloop
   endfacet
   facet normal 0 0 -1
      outer loop
         vertex -2.58950676652603E-05 2.58620693784906E-05 7.65000004321337E-05
         vertex -2.93433440674562E-05 2.58620693784906E-05 7.65000004321337E-05
         vertex -2.58950676652603E-05 2.93103457806865E-05 7.65000004321337E-05
      endloop
   endfacet
   facet normal 0 0 -1
      outer loop
         vertex -2.58950676652603E-05 2.58620693784906E-05 7.65000004321337E-05
         vertex -2.58950676652603E-05 2.93103457806865E-05 7.65000004321337E-05
         vertex -2.24467930820538E-05 2.93103457806865E-05 7.65000004321337E-05
      endloop
   endfacet
   facet normal 0 0 -1
      outer loop
         vertex -2.24467930820538E-05 2.93103457806865E-05 7.65000004321337E-05
         vertex -2.58950676652603E-05 2.93103457806865E-05 7.65000004321337E-05
         vertex -2.24467930820538E-05 3.2758620363893E-05 7.65000004321337E-05
      endloop
   endfacet
   facet normal 0 0 -1
      outer loop
         vertex -2.24467930820538E-05 2.93103457806865E-05 7.65000004321337E-05
         vertex -2.24467930820538E-05 3.2758620363893E-05 7.65000004321337E-05
         vertex -1.89985166798579E-05 3.2758620363893E-05 7.65000004321337E-05
      endloop
   endfacet
   facet normal 0 0 -1
      outer loop
         vertex -1.89985166798579E-05 3.2758620363893E-05 7.65000004321337E-05
         vertex -2.24467930820538E-05 3.2758620363893E-05 7.65000004321337E-05
         vertex -1.89985166798579E-05 3.62068967660889E-05 7.65000004321337E-05
      endloop
   endfacet
   facet normal 0 0 -1
      outer loop
         vertex -1.89985166798579E-05 3.2758620363893E-05 7.65000004321337E-05
         vertex -1.89985166798579E-05 3.62068967660889E-05 7.65000004321337E-05
         vertex -1.55502420966513E-05 3.62068967660889E-05 7.65000004321337E-05
      endloop
   endfacet
   facet normal 0 0 -1
      outer loop
         vertex -1.55502420966513E-05 3.62068967660889E-05 7.65000004321337E-05
         vertex -1.89985166798579E-05 3.62068967660889E-05 7.65000004321337E-05
         vertex -1.55502420966513E-05 3.9655169530306E-05 7.65000004321337E-05
      endloop
   endfacet
   facet normal 0 0 -1
      outer loop
         vertex -1.55502420966513E-05 3.62068967660889E-05 7.65000004321337E-05
         vertex -1.55502420966513E-05 3.9655169530306E-05 7.65000004321337E-05
         vertex -1.21019656944554E-05 3.9655169530306E-05 7.65000004321337E-05
      endloop
   endfacet
   facet normal 0 0 -1
      outer loop
         vertex -1.21019656944554E-05 3.9655169530306E-05 7.65000004321337E-05
         vertex -1.55502420966513E-05 3.9655169530306E-05 7.65000004321337E-05
         vertex -1.21019656944554E-05 4.31034495704807E-05 7.65000004321337E-05
      endloop
   endfacet
   facet normal 0 0 -1
      outer loop
         vertex -1.21019656944554E-05 3.9655169530306E-05 7.65000004321337E-05
         vertex -1.21019656944554E-05 4.31034495704807E-05 7.65000004321337E-05
         vertex -8.65369020175422E-06 4.31034495704807E-05 7.65000004321337E-05
      endloop
   endfacet
   facet normal 0 0 -1
      outer loop
         vertex -8.65369020175422E-06 4.31034495704807E-05 7.65000004321337E-05
         vertex -1.21019656944554E-05 4.31034495704807E-05 7.65000004321337E-05
         vertex -8.65369020175422E-06 4.65517223346978E-05 7.65000004321337E-05
      endloop
   endfacet
   facet normal 0 0 -1
      outer loop
         vertex -8.65369020175422E-06 4.31034495704807E-05 7.65000004321337E-05
         vertex -8.65369020175422E-06 4.65517223346978E-05 7.65000004321337E-05
         vertex -5.2054137995583E-06 4.65517223346978E-05 7.65000004321337E-05
      endloop
   endfacet
   facet normal 0 0 -1
      outer loop
         vertex -5.2054137995583E-06 4.65517223346978E-05 7.65000004321337E-05
         vertex -8.65369020175422E-06 4.65517223346978E-05 7.65000004321337E-05
         vertex -6.25018537903088E-06 4.96119610033929E-05 7.65000004321337E-05
      endloop
   endfacet
   facet normal 0 0 -1
      outer loop
         vertex -5.2054137995583E-06 4.65517223346978E-05 7.65000004321337E-05
         vertex -6.25018537903088E-06 4.96119610033929E-05 7.65000004321337E-05
         vertex -1.2795345583072E-06 4.99844572914299E-05 7.65000004321337E-05
      endloop
   endfacet
   facet normal 0 0 -1
      outer loop
         vertex -1.21019656944554E-05 2.2413794795284E-05 7.65000004321337E-05
         vertex -1.55502420966513E-05 2.2413794795284E-05 7.65000004321337E-05
         vertex -1.21019656944554E-05 2.58620693784906E-05 7.65000004321337E-05
      endloop
   endfacet
   facet normal 0 0 -1
      outer loop
         vertex 4.30704458267428E-05 2.2413794795284E-05 7.65000004321337E-05
         vertex 3.96221730625257E-05 2.2413794795284E-05 7.65000004321337E-05
         vertex 3.96221730625257E-05 2.58620693784906E-05 7.65000004321337E-05
      endloop
   endfacet
   facet normal 0 0 -1
      outer loop
         vertex -8.65369020175422E-06 2.58620693784906E-05 7.65000004321337E-05
         vertex -1.21019656944554E-05 2.58620693784906E-05 7.65000004321337E-05
         vertex -8.65369020175422E-06 2.93103457806865E-05 7.65000004321337E-05
      endloop
   endfacet
   facet normal 0 0 -1
      outer loop
         vertex -2.93433440674562E-05 2.58620693784906E-05 7.65000004321337E-05
         vertex -3.27916204696521E-05 2.58620693784906E-05 7.65000004321337E-05
         vertex -2.93433440674562E-05 2.93103457806865E-05 7.65000004321337E-05
      endloop
   endfacet
   facet normal 0 0 -1
      outer loop
         vertex -2.93433440674562E-05 2.93103457806865E-05 7.65000004321337E-05
         vertex -3.27916204696521E-05 2.58620693784906E-05 7.65000004321337E-05
         vertex -3.27916204696521E-05 2.93103457806865E-05 7.65000004321337E-05
      endloop
   endfacet
   facet normal 0 0 -1
      outer loop
         vertex -2.93433440674562E-05 2.93103457806865E-05 7.65000004321337E-05
         vertex -3.27916204696521E-05 2.93103457806865E-05 7.65000004321337E-05
         vertex -2.93433440674562E-05 3.2758620363893E-05 7.65000004321337E-05
      endloop
   endfacet
   facet normal 0 0 -1
      outer loop
         vertex -2.93433440674562E-05 3.2758620363893E-05 7.65000004321337E-05
         vertex -3.27916204696521E-05 2.93103457806865E-05 7.65000004321337E-05
         vertex -3.27916204696521E-05 3.2758620363893E-05 7.65000004321337E-05
      endloop
   endfacet
   facet normal 0 0 -1
      outer loop
         vertex -2.93433440674562E-05 3.2758620363893E-05 7.65000004321337E-05
         vertex -3.27916204696521E-05 3.2758620363893E-05 7.65000004321337E-05
         vertex -2.93433440674562E-05 3.62068967660889E-05 7.65000004321337E-05
      endloop
   endfacet
   facet normal 0 0 -1
      outer loop
         vertex -2.93433440674562E-05 3.62068967660889E-05 7.65000004321337E-05
         vertex -3.27916204696521E-05 3.2758620363893E-05 7.65000004321337E-05
         vertex -3.27916204696521E-05 3.62068967660889E-05 7.65000004321337E-05
      endloop
   endfacet
   facet normal 0 0 -1
      outer loop
         vertex -2.93433440674562E-05 3.62068967660889E-05 7.65000004321337E-05
         vertex -3.27916204696521E-05 3.62068967660889E-05 7.65000004321337E-05
         vertex -3.3117292332463E-05 3.74890587409027E-05 7.65000004321337E-05
      endloop
   endfacet
   facet normal 0 0 -1
      outer loop
         vertex -3.3117292332463E-05 3.74890587409027E-05 7.65000004321337E-05
         vertex -3.27916204696521E-05 3.62068967660889E-05 7.65000004321337E-05
         vertex -3.66855929314625E-05 3.40086371579673E-05 7.65000004321337E-05
      endloop
   endfacet
   facet normal 0 0 -1
      outer loop
         vertex -3.27916204696521E-05 2.58620693784906E-05 7.65000004321337E-05
         vertex -2.93433440674562E-05 2.58620693784906E-05 7.65000004321337E-05
         vertex -3.27916204696521E-05 2.2413794795284E-05 7.65000004321337E-05
      endloop
   endfacet
   facet normal 0 0 -1
      outer loop
         vertex -2.93433440674562E-05 2.58620693784906E-05 7.65000004321337E-05
         vertex -2.93433440674562E-05 2.93103457806865E-05 7.65000004321337E-05
         vertex -2.58950676652603E-05 2.93103457806865E-05 7.65000004321337E-05
      endloop
   endfacet
   facet normal 0 0 -1
      outer loop
         vertex -2.58950676652603E-05 2.93103457806865E-05 7.65000004321337E-05
         vertex -2.93433440674562E-05 2.93103457806865E-05 7.65000004321337E-05
         vertex -2.58950676652603E-05 3.2758620363893E-05 7.65000004321337E-05
      endloop
   endfacet
   facet normal 0 0 -1
      outer loop
         vertex -2.58950676652603E-05 2.93103457806865E-05 7.65000004321337E-05
         vertex -2.58950676652603E-05 3.2758620363893E-05 7.65000004321337E-05
         vertex -2.24467930820538E-05 3.2758620363893E-05 7.65000004321337E-05
      endloop
   endfacet
   facet normal 0 0 -1
      outer loop
         vertex -2.24467930820538E-05 3.2758620363893E-05 7.65000004321337E-05
         vertex -2.58950676652603E-05 3.2758620363893E-05 7.65000004321337E-05
         vertex -2.24467930820538E-05 3.62068967660889E-05 7.65000004321337E-05
      endloop
   endfacet
   facet normal 0 0 -1
      outer loop
         vertex -2.24467930820538E-05 3.2758620363893E-05 7.65000004321337E-05
         vertex -2.24467930820538E-05 3.62068967660889E-05 7.65000004321337E-05
         vertex -1.89985166798579E-05 3.62068967660889E-05 7.65000004321337E-05
      endloop
   endfacet
   facet normal 0 0 -1
      outer loop
         vertex -1.89985166798579E-05 3.62068967660889E-05 7.65000004321337E-05
         vertex -2.24467930820538E-05 3.62068967660889E-05 7.65000004321337E-05
         vertex -1.89985166798579E-05 3.9655169530306E-05 7.65000004321337E-05
      endloop
   endfacet
   facet normal 0 0 -1
      outer loop
         vertex -1.89985166798579E-05 3.62068967660889E-05 7.65000004321337E-05
         vertex -1.89985166798579E-05 3.9655169530306E-05 7.65000004321337E-05
         vertex -1.55502420966513E-05 3.9655169530306E-05 7.65000004321337E-05
      endloop
   endfacet
   facet normal 0 0 -1
      outer loop
         vertex -1.55502420966513E-05 3.9655169530306E-05 7.65000004321337E-05
         vertex -1.89985166798579E-05 3.9655169530306E-05 7.65000004321337E-05
         vertex -1.55502420966513E-05 4.31034495704807E-05 7.65000004321337E-05
      endloop
   endfacet
   facet normal 0 0 -1
      outer loop
         vertex -1.55502420966513E-05 3.9655169530306E-05 7.65000004321337E-05
         vertex -1.55502420966513E-05 4.31034495704807E-05 7.65000004321337E-05
         vertex -1.21019656944554E-05 4.31034495704807E-05 7.65000004321337E-05
      endloop
   endfacet
   facet normal 0 0 -1
      outer loop
         vertex -1.21019656944554E-05 4.31034495704807E-05 7.65000004321337E-05
         vertex -1.55502420966513E-05 4.31034495704807E-05 7.65000004321337E-05
         vertex -1.21019656944554E-05 4.65517223346978E-05 7.65000004321337E-05
      endloop
   endfacet
   facet normal 0 0 -1
      outer loop
         vertex -1.21019656944554E-05 4.31034495704807E-05 7.65000004321337E-05
         vertex -1.21019656944554E-05 4.65517223346978E-05 7.65000004321337E-05
         vertex -8.65369020175422E-06 4.65517223346978E-05 7.65000004321337E-05
      endloop
   endfacet
   facet normal 0 0 -1
      outer loop
         vertex -8.65369020175422E-06 4.65517223346978E-05 7.65000004321337E-05
         vertex -1.21019656944554E-05 4.65517223346978E-05 7.65000004321337E-05
         vertex -1.11590461528976E-05 4.87463948957156E-05 7.65000004321337E-05
      endloop
   endfacet
   facet normal 0 0 -1
      outer loop
         vertex -8.65369020175422E-06 4.65517223346978E-05 7.65000004321337E-05
         vertex -1.11590461528976E-05 4.87463948957156E-05 7.65000004321337E-05
         vertex -6.25018537903088E-06 4.96119610033929E-05 7.65000004321337E-05
      endloop
   endfacet
   facet normal 0 0 -1
      outer loop
         vertex -5.2054137995583E-06 2.93103457806865E-05 7.65000004321337E-05
         vertex -8.65369020175422E-06 2.93103457806865E-05 7.65000004321337E-05
         vertex -5.2054137995583E-06 3.2758620363893E-05 7.65000004321337E-05
      endloop
   endfacet
   facet normal 0 0 -1
      outer loop
         vertex -3.96881732740439E-05 2.2413794795284E-05 7.65000004321337E-05
         vertex -4.26975457230583E-05 2.60717606579419E-05 7.65000004321337E-05
         vertex -3.96881732740439E-05 2.58620693784906E-05 7.65000004321337E-05
      endloop
   endfacet
   facet normal 0 0 -1
      outer loop
         vertex -3.96881732740439E-05 2.58620693784906E-05 7.65000004321337E-05
         vertex -4.26975457230583E-05 2.60717606579419E-05 7.65000004321337E-05
         vertex -3.96881732740439E-05 2.93103457806865E-05 7.65000004321337E-05
      endloop
   endfacet
   facet normal 0 0 -1
      outer loop
         vertex -2.93433440674562E-05 2.93103457806865E-05 7.65000004321337E-05
         vertex -2.93433440674562E-05 3.2758620363893E-05 7.65000004321337E-05
         vertex -2.58950676652603E-05 3.2758620363893E-05 7.65000004321337E-05
      endloop
   endfacet
   facet normal 0 0 -1
      outer loop
         vertex -2.58950676652603E-05 3.2758620363893E-05 7.65000004321337E-05
         vertex -2.93433440674562E-05 3.2758620363893E-05 7.65000004321337E-05
         vertex -2.58950676652603E-05 3.62068967660889E-05 7.65000004321337E-05
      endloop
   endfacet
   facet normal 0 0 -1
      outer loop
         vertex -2.58950676652603E-05 3.2758620363893E-05 7.65000004321337E-05
         vertex -2.58950676652603E-05 3.62068967660889E-05 7.65000004321337E-05
         vertex -2.24467930820538E-05 3.62068967660889E-05 7.65000004321337E-05
      endloop
   endfacet
   facet normal 0 0 -1
      outer loop
         vertex -2.24467930820538E-05 3.62068967660889E-05 7.65000004321337E-05
         vertex -2.58950676652603E-05 3.62068967660889E-05 7.65000004321337E-05
         vertex -2.24467930820538E-05 3.9655169530306E-05 7.65000004321337E-05
      endloop
   endfacet
   facet normal 0 0 -1
      outer loop
         vertex -2.24467930820538E-05 3.62068967660889E-05 7.65000004321337E-05
         vertex -2.24467930820538E-05 3.9655169530306E-05 7.65000004321337E-05
         vertex -1.89985166798579E-05 3.9655169530306E-05 7.65000004321337E-05
      endloop
   endfacet
   facet normal 0 0 -1
      outer loop
         vertex -1.89985166798579E-05 3.9655169530306E-05 7.65000004321337E-05
         vertex -2.24467930820538E-05 3.9655169530306E-05 7.65000004321337E-05
         vertex -1.89985166798579E-05 4.31034495704807E-05 7.65000004321337E-05
      endloop
   endfacet
   facet normal 0 0 -1
      outer loop
         vertex -1.89985166798579E-05 3.9655169530306E-05 7.65000004321337E-05
         vertex -1.89985166798579E-05 4.31034495704807E-05 7.65000004321337E-05
         vertex -1.55502420966513E-05 4.31034495704807E-05 7.65000004321337E-05
      endloop
   endfacet
   facet normal 0 0 -1
      outer loop
         vertex -1.55502420966513E-05 4.31034495704807E-05 7.65000004321337E-05
         vertex -1.89985166798579E-05 4.31034495704807E-05 7.65000004321337E-05
         vertex -1.55502420966513E-05 4.65517223346978E-05 7.65000004321337E-05
      endloop
   endfacet
   facet normal 0 0 -1
      outer loop
         vertex -1.55502420966513E-05 4.31034495704807E-05 7.65000004321337E-05
         vertex -1.55502420966513E-05 4.65517223346978E-05 7.65000004321337E-05
         vertex -1.21019656944554E-05 4.65517223346978E-05 7.65000004321337E-05
      endloop
   endfacet
   facet normal 0 0 -1
      outer loop
         vertex -1.21019656944554E-05 4.65517223346978E-05 7.65000004321337E-05
         vertex -1.55502420966513E-05 4.65517223346978E-05 7.65000004321337E-05
         vertex -1.59573337441543E-05 4.73963664262556E-05 7.65000004321337E-05
      endloop
   endfacet
   facet normal 0 0 -1
      outer loop
         vertex -1.21019656944554E-05 4.65517223346978E-05 7.65000004321337E-05
         vertex -1.59573337441543E-05 4.73963664262556E-05 7.65000004321337E-05
         vertex -1.11590461528976E-05 4.87463948957156E-05 7.65000004321337E-05
      endloop
   endfacet
   facet normal 0 0 -1
      outer loop
         vertex -1.75713796579657E-06 3.2758620363893E-05 7.65000004321337E-05
         vertex -5.2054137995583E-06 3.2758620363893E-05 7.65000004321337E-05
         vertex -1.75713796579657E-06 3.62068967660889E-05 7.65000004321337E-05
      endloop
   endfacet
   facet normal 0 0 -1
      outer loop
         vertex -3.6239896871848E-05 3.2758620363893E-05 7.65000004321337E-05
         vertex -3.6239896871848E-05 2.93103457806865E-05 7.65000004321337E-05
         vertex -3.98896263504867E-05 3.01902200590121E-05 7.65000004321337E-05
      endloop
   endfacet
   facet normal 0 0 -1
      outer loop
         vertex -2.93433440674562E-05 3.2758620363893E-05 7.65000004321337E-05
         vertex -2.93433440674562E-05 3.62068967660889E-05 7.65000004321337E-05
         vertex -2.58950676652603E-05 3.62068967660889E-05 7.65000004321337E-05
      endloop
   endfacet
   facet normal 0 0 -1
      outer loop
         vertex -2.58950676652603E-05 3.62068967660889E-05 7.65000004321337E-05
         vertex -2.93433440674562E-05 3.62068967660889E-05 7.65000004321337E-05
         vertex -2.58950676652603E-05 3.9655169530306E-05 7.65000004321337E-05
      endloop
   endfacet
   facet normal 0 0 -1
      outer loop
         vertex -2.58950676652603E-05 3.62068967660889E-05 7.65000004321337E-05
         vertex -2.58950676652603E-05 3.9655169530306E-05 7.65000004321337E-05
         vertex -2.24467930820538E-05 3.9655169530306E-05 7.65000004321337E-05
      endloop
   endfacet
   facet normal 0 0 -1
      outer loop
         vertex -2.24467930820538E-05 3.9655169530306E-05 7.65000004321337E-05
         vertex -2.58950676652603E-05 3.9655169530306E-05 7.65000004321337E-05
         vertex -2.50330012931954E-05 4.33012683060952E-05 7.65000004321337E-05
      endloop
   endfacet
   facet normal 0 0 -1
      outer loop
         vertex -2.24467930820538E-05 3.9655169530306E-05 7.65000004321337E-05
         vertex -2.50330012931954E-05 4.33012683060952E-05 7.65000004321337E-05
         vertex -2.24467930820538E-05 4.31034495704807E-05 7.65000004321337E-05
      endloop
   endfacet
   facet normal 0 0 -1
      outer loop
         vertex -2.24467930820538E-05 4.31034495704807E-05 7.65000004321337E-05
         vertex -2.50330012931954E-05 4.33012683060952E-05 7.65000004321337E-05
         vertex -2.0597355614882E-05 4.55752924608532E-05 7.65000004321337E-05
      endloop
   endfacet
   facet normal 0 0 -1
      outer loop
         vertex -2.24467930820538E-05 4.31034495704807E-05 7.65000004321337E-05
         vertex -2.0597355614882E-05 4.55752924608532E-05 7.65000004321337E-05
         vertex -1.89985166798579E-05 4.31034495704807E-05 7.65000004321337E-05
      endloop
   endfacet
   facet normal 0 0 -1
      outer loop
         vertex -1.89985166798579E-05 4.31034495704807E-05 7.65000004321337E-05
         vertex -2.0597355614882E-05 4.55752924608532E-05 7.65000004321337E-05
         vertex -1.55502420966513E-05 4.65517223346978E-05 7.65000004321337E-05
      endloop
   endfacet
   facet normal 0 0 -1
      outer loop
         vertex 1.69113786796515E-06 3.62068967660889E-05 7.65000004321337E-05
         vertex -1.75713796579657E-06 3.62068967660889E-05 7.65000004321337E-05
         vertex 1.69113786796515E-06 3.9655169530306E-05 7.65000004321337E-05
      endloop
   endfacet
   facet normal 0 0 -1
      outer loop
         vertex 2.23807928705355E-05 3.62068967660889E-05 7.65000004321337E-05
         vertex 1.8932518287329E-05 3.62068967660889E-05 7.65000004321337E-05
         vertex 2.23807928705355E-05 3.9655169530306E-05 7.65000004321337E-05
      endloop
   endfacet
   facet normal 0 0 -1
      outer loop
         vertex -3.27916204696521E-05 3.62068967660889E-05 7.65000004321337E-05
         vertex -3.27916204696521E-05 3.2758620363893E-05 7.65000004321337E-05
         vertex -3.66855929314625E-05 3.40086371579673E-05 7.65000004321337E-05
      endloop
   endfacet
   facet normal 0 0 -1
      outer loop
         vertex -2.58950676652603E-05 3.9655169530306E-05 7.65000004321337E-05
         vertex -2.93433440674562E-05 3.62068967660889E-05 7.65000004321337E-05
         vertex -2.93433440674562E-05 3.9655169530306E-05 7.65000004321337E-05
      endloop
   endfacet
   facet normal 0 0 -1
      outer loop
         vertex -2.93433440674562E-05 3.9655169530306E-05 7.65000004321337E-05
         vertex -2.93433440674562E-05 3.62068967660889E-05 7.65000004321337E-05
         vertex -3.3117292332463E-05 3.74890587409027E-05 7.65000004321337E-05
      endloop
   endfacet
   facet normal 0 0 -1
      outer loop
         vertex -2.93433440674562E-05 3.9655169530306E-05 7.65000004321337E-05
         vertex -3.3117292332463E-05 3.74890587409027E-05 7.65000004321337E-05
         vertex -2.92201839329209E-05 4.05969003622886E-05 7.65000004321337E-05
      endloop
   endfacet
   facet normal 0 0 -1
      outer loop
         vertex -2.50330012931954E-05 4.33012683060952E-05 7.65000004321337E-05
         vertex -2.58950676652603E-05 3.9655169530306E-05 7.65000004321337E-05
         vertex -2.92201839329209E-05 4.05969003622886E-05 7.65000004321337E-05
      endloop
   endfacet
   facet normal 0 0 -1
      outer loop
         vertex -2.92201839329209E-05 4.05969003622886E-05 7.65000004321337E-05
         vertex -2.58950676652603E-05 3.9655169530306E-05 7.65000004321337E-05
         vertex -2.93433440674562E-05 3.9655169530306E-05 7.65000004321337E-05
      endloop
   endfacet
   facet normal 0 0 -1
      outer loop
         vertex 5.13941358804004E-06 3.9655169530306E-05 7.65000004321337E-05
         vertex 1.69113786796515E-06 3.9655169530306E-05 7.65000004321337E-05
         vertex 5.13941358804004E-06 4.31034495704807E-05 7.65000004321337E-05
      endloop
   endfacet
   facet normal 0 0 -1
      outer loop
         vertex -2.24467930820538E-05 4.31034495704807E-05 7.65000004321337E-05
         vertex -1.89985166798579E-05 4.31034495704807E-05 7.65000004321337E-05
         vertex -2.24467930820538E-05 3.9655169530306E-05 7.65000004321337E-05
      endloop
   endfacet
   facet normal 0 0 -1
      outer loop
         vertex 8.58768999023596E-06 4.31034495704807E-05 7.65000004321337E-05
         vertex 5.13941358804004E-06 4.31034495704807E-05 7.65000004321337E-05
         vertex 8.58768999023596E-06 4.65517223346978E-05 7.65000004321337E-05
      endloop
   endfacet
   facet normal 0 0 -1
      outer loop
         vertex 1.8932518287329E-05 3.9655169530306E-05 7.65000004321337E-05
         vertex 1.8932518287329E-05 4.31034495704807E-05 7.65000004321337E-05
         vertex 2.23807928705355E-05 4.31034495704807E-05 7.65000004321337E-05
      endloop
   endfacet
   facet normal 0 0 -1
      outer loop
         vertex 2.23807928705355E-05 4.31034495704807E-05 7.65000004321337E-05
         vertex 1.8932518287329E-05 4.31034495704807E-05 7.65000004321337E-05
         vertex 2.27775326493429E-05 4.44935903942678E-05 7.65000004321337E-05
      endloop
   endfacet
   facet normal 0 0 -1
      outer loop
         vertex 2.23807928705355E-05 4.31034495704807E-05 7.65000004321337E-05
         vertex 2.27775326493429E-05 4.44935903942678E-05 7.65000004321337E-05
         vertex 2.70943146460922E-05 4.20012947870418E-05 7.65000004321337E-05
      endloop
   endfacet
   facet normal 0 0 -1
      outer loop
         vertex 2.27775326493429E-05 4.44935903942678E-05 7.65000004321337E-05
         vertex 1.8932518287329E-05 4.31034495704807E-05 7.65000004321337E-05
         vertex 1.8234051822219E-05 4.6543686039513E-05 7.65000004321337E-05
      endloop
   endfacet
   facet normal 0 0 -1
      outer loop
         vertex -2.0597355614882E-05 4.55752924608532E-05 7.65000004321337E-05
         vertex -1.59573337441543E-05 4.73963664262556E-05 7.65000004321337E-05
         vertex -1.55502420966513E-05 4.65517223346978E-05 7.65000004321337E-05
      endloop
   endfacet
endsolid
