solid "파셋<stl unit=uM>"
   facet normal -0.955364367023757 0.294691461189441 -0.0208774740648391
      outer loop
         vertex -47.0176301896572 17.1010065823793 76.4999985694885
         vertex -48.4868660569191 12.33786996454 76.4999985694885
         vertex -48.0960831046104 13.7818679213524 79.0000036358833
      endloop
   endfacet
   facet normal -0.970226562654372 0.241904878789727 0.0119351052617864
      outer loop
         vertex -48.0960831046104 13.7818679213524 79.0000036358833
         vertex -48.4868660569191 12.33786996454 76.4999985694885
         vertex -48.9403791725636 10.395584627986 79.0000036358833
      endloop
   endfacet
   facet normal -0.970264973416882 0.24191446656215 0.00795438421798809
      outer loop
         vertex -48.0960831046104 13.7818679213524 79.0000036358833
         vertex -48.9403791725636 10.395584627986 79.0000036358833
         vertex -49.0416251122952 9.90730710327625 81.5000012516975
      endloop
   endfacet
   facet normal -0.984790245760857 0.173644922241872 -0.00596764894109281
      outer loop
         vertex -49.0416251122952 9.90730710327625 81.5000012516975
         vertex -48.9403791725636 10.395584627986 79.0000036358833
         vertex -49.5464019477367 6.95865508168936 79.0000036358833
      endloop
   endfacet
   facet normal -0.988549381799579 0.148999433243796 0.0238597702566062
      outer loop
         vertex -49.0416251122952 9.90730710327625 81.5000012516975
         vertex -49.5464019477367 6.95865508168936 79.0000036358833
         vertex -49.7845374047756 4.97839227318764 81.5000012516975
      endloop
   endfacet
   facet normal -0.994451072221589 0.104521024003962 -0.0119340059701431
      outer loop
         vertex -49.7845374047756 4.97839227318764 81.5000012516975
         vertex -49.5464019477367 6.95865508168936 79.0000036358833
         vertex -49.9112010002136 3.48782376386225 79.0000036358833
      endloop
   endfacet
   facet normal -0.998539208197397 0.049835167766907 0.0208783559256862
      outer loop
         vertex -49.7845374047756 4.97839227318764 81.5000012516975
         vertex -49.9112010002136 3.48782376386225 79.0000036358833
         vertex -50.0329993665218 -1.13296312542701E-15 81.5000012516975
      endloop
   endfacet
   facet normal -0.999390818297984 0.0348997464415759 -2.13692420551423E-18
      outer loop
         vertex -50.0329993665218 -1.13296312542701E-15 81.5000012516975
         vertex -49.9112010002136 3.48782376386225 79.0000036358833
         vertex -50.0329993665218 -1.28603889483939E-15 79.0000036358833
      endloop
   endfacet
   facet normal -0.999390818297984 -0.0348997464415759 2.13692420551423E-18
      outer loop
         vertex -50.0329993665218 -1.13296312542701E-15 81.5000012516975
         vertex -50.0329993665218 -1.28603889483939E-15 79.0000036358833
         vertex -49.9112010002136 -3.48782376386225 79.0000036358833
      endloop
   endfacet
   facet normal -0.999341388472374 -0.034898024743718 0.00994571038666692
      outer loop
         vertex -49.9112010002136 -3.48782376386225 79.0000036358833
         vertex -50.0329993665218 -1.28603889483939E-15 79.0000036358833
         vertex -49.9708466231823 -2.49229418113828 76.4999985694885
      endloop
   endfacet
   facet normal -0.994904857781151 -0.0995554011955672 -0.0159074214207202
      outer loop
         vertex -49.9112010002136 -3.48782376386225 79.0000036358833
         vertex -49.9708466231823 -2.49229418113828 76.4999985694885
         vertex -49.4745410978794 -7.45211308822036 76.4999985694885
      endloop
   endfacet
   facet normal -0.968954539235221 0.246726640932248 0.0159080341258846
      outer loop
         vertex -49.0416251122952 9.90730710327625 81.5000012516975
         vertex -47.8116385638714 14.7377587854862 81.5000012516975
         vertex -48.0960831046104 13.7818679213524 79.0000036358833
      endloop
   endfacet
   facet normal -0.951009539439265 0.309001544109798 -0.00994493002880945
      outer loop
         vertex -48.0960831046104 13.7818679213524 79.0000036358833
         vertex -47.8116385638714 14.7377587854862 81.5000012516975
         vertex -47.0176301896572 17.1010065823793 79.0000036358833
      endloop
   endfacet
   facet normal -0.951056565632928 0.309016842528848 -2.00191642770467E-08
      outer loop
         vertex -48.0960831046104 13.7818679213524 79.0000036358833
         vertex -47.0176301896572 17.1010065823793 79.0000036358833
         vertex -47.0176301896572 17.1010065823793 76.4999985694885
      endloop
   endfacet
   facet normal -0.927184010367743 0.374606207794785 0
      outer loop
         vertex -47.0176301896572 17.1010065823793 76.4999985694885
         vertex -47.0176301896572 17.1010065823793 79.0000036358833
         vertex -45.7102730870247 20.3368328511715 79.0000036358833
      endloop
   endfacet
   facet normal -0.921275486331214 0.388349797022687 -0.020878540121924
      outer loop
         vertex -47.0176301896572 17.1010065823793 76.4999985694885
         vertex -45.7102730870247 20.3368328511715 79.0000036358833
         vertex -45.0814440846443 21.6941870748997 76.4999985694885
      endloop
   endfacet
   facet normal -0.89872980744893 0.438340398747562 0.0119343214569737
      outer loop
         vertex -45.0814440846443 21.6941870748997 76.4999985694885
         vertex -45.7102730870247 20.3368328511715 79.0000036358833
         vertex -44.1803783178329 23.4735775738955 79.0000036358833
      endloop
   endfacet
   facet normal -0.877971628894521 0.478117725809038 -0.0238591517765061
      outer loop
         vertex -45.0814440846443 21.6941870748997 76.4999985694885
         vertex -44.1803783178329 23.4735775738955 79.0000036358833
         vertex -42.6975451409817 26.0717608034611 76.4999985694885
      endloop
   endfacet
   facet normal -0.866010084533494 0.499990918770857 0.00596779967534273
      outer loop
         vertex -42.6975451409817 26.0717608034611 76.4999985694885
         vertex -44.1803783178329 23.4735775738955 79.0000036358833
         vertex -42.4354039132595 26.4959633350372 79.0000036358833
      endloop
   endfacet
   facet normal -0.829011579380964 0.559174868501804 -0.00795409883456179
      outer loop
         vertex -42.6975451409817 26.0717608034611 76.4999985694885
         vertex -42.4354039132595 26.4959633350372 79.0000036358833
         vertex -40.4838509857655 29.3892621994019 79.0000036358833
      endloop
   endfacet
   facet normal -0.828978782600821 0.559152726182528 -0.0119334320422504
      outer loop
         vertex -40.4838509857655 29.3892621994019 79.0000036358833
         vertex -42.4354039132595 26.4959633350372 79.0000036358833
         vertex -41.3449369370937 28.1660035252571 81.5000012516975
      endloop
   endfacet
   facet normal -0.796958862254843 0.603672622513012 0.0208790972441034
      outer loop
         vertex -40.4838509857655 29.3892621994019 79.0000036358833
         vertex -41.3449369370937 28.1660035252571 81.5000012516975
         vertex -38.3352227509022 32.1393795311451 81.5000012516975
      endloop
   endfacet
   facet normal -0.939402512245533 0.341914046562222 0.0248536667360931
      outer loop
         vertex -47.8116385638714 14.7377587854862 81.5000012516975
         vertex -46.1068116128445 19.4217395037413 81.5000012516975
         vertex -47.0176301896572 17.1010065823793 79.0000036358833
      endloop
   endfacet
   facet normal -0.927138142862579 0.374587711894115 -0.00994535807595173
      outer loop
         vertex -47.0176301896572 17.1010065823793 79.0000036358833
         vertex -46.1068116128445 19.4217395037413 81.5000012516975
         vertex -45.7102730870247 20.3368328511715 79.0000036358833
      endloop
   endfacet
   facet normal -0.900854805950717 0.433828940285812 0.0159081477861337
      outer loop
         vertex -46.1068116128445 19.4217395037413 81.5000012516975
         vertex -43.9440794289112 23.9126980304718 81.5000012516975
         vertex -45.7102730870247 20.3368328511715 79.0000036358833
      endloop
   endfacet
   facet normal -0.898765375888566 0.438357765194255 0.00795416857897232
      outer loop
         vertex -45.7102730870247 20.3368328511715 79.0000036358833
         vertex -43.9440794289112 23.9126980304718 81.5000012516975
         vertex -44.1803783178329 23.4735775738955 79.0000036358833
      endloop
   endfacet
   facet normal -0.866010100394055 0.499990893515212 -0.00596761404070986
      outer loop
         vertex -44.1803783178329 23.4735775738955 79.0000036358833
         vertex -43.9440794289112 23.9126980304718 81.5000012516975
         vertex -42.4354039132595 26.4959633350372 79.0000036358833
      endloop
   endfacet
   facet normal -0.853047832810486 0.521286955288495 0.0238601170027509
      outer loop
         vertex -42.4354039132595 26.4959633350372 79.0000036358833
         vertex -43.9440794289112 23.9126980304718 81.5000012516975
         vertex -41.3449369370937 28.1660035252571 81.5000012516975
      endloop
   endfacet
   facet normal -0.542428128145198 0.839842724757788 -0.0208787803358006
      outer loop
         vertex -25.033000856638 43.3012694120407 76.4999985694885
         vertex -29.2201843112707 40.5968986451626 76.4999985694885
         vertex -27.992645278573 41.4518788456917 79.0000036358833
      endloop
   endfacet
   facet normal -0.587743555572164 0.808959271194576 0.0119335841946296
      outer loop
         vertex -27.992645278573 41.4518788456917 79.0000036358833
         vertex -29.2201843112707 40.5968986451626 76.4999985694885
         vertex -30.8160744607449 39.4005365669727 79.0000036358833
      endloop
   endfacet
   facet normal -0.587766810493704 0.808991291427761 0.00795404778091628
      outer loop
         vertex -27.992645278573 41.4518788456917 79.0000036358833
         vertex -30.8160744607449 39.4005365669727 79.0000036358833
         vertex -31.2074907124043 39.0915758907795 81.5000012516975
      endloop
   endfacet
   facet normal -0.642776279593055 0.766030703479801 -0.00596789064505415
      outer loop
         vertex -31.2074907124043 39.0915758907795 81.5000012516975
         vertex -30.8160744607449 39.4005365669727 79.0000036358833
         vertex -33.4895290434361 37.1572412550449 79.0000036358833
      endloop
   endfacet
   facet normal -0.661497917575421 0.749567352119113 0.0238597921307865
      outer loop
         vertex -31.2074907124043 39.0915758907795 81.5000012516975
         vertex -33.4895290434361 37.1572412550449 79.0000036358833
         vertex -34.9448397755623 35.7933416962624 81.5000012516975
      endloop
   endfacet
   facet normal -0.694608458643581 0.71928901381977 -0.0119333054503691
      outer loop
         vertex -34.9448397755623 35.7933416962624 81.5000012516975
         vertex -33.4895290434361 37.1572412550449 79.0000036358833
         vertex -35.9999909996986 34.7329191863537 79.0000036358833
      endloop
   endfacet
   facet normal -0.732891917451692 0.680024624077757 0.020879367372786
      outer loop
         vertex -34.9448397755623 35.7933416962624 81.5000012516975
         vertex -35.9999909996986 34.7329191863537 79.0000036358833
         vertex -38.3352227509022 32.1393795311451 81.5000012516975
      endloop
   endfacet
   facet normal -0.743145121462643 0.66913027763379 0
      outer loop
         vertex -38.3352227509022 32.1393795311451 81.5000012516975
         vertex -35.9999909996986 34.7329191863537 79.0000036358833
         vertex -38.3352227509022 32.1393795311451 79.0000036358833
      endloop
   endfacet
   facet normal -0.78801059469729 0.615661678720402 0
      outer loop
         vertex -38.3352227509022 32.1393795311451 81.5000012516975
         vertex -38.3352227509022 32.1393795311451 79.0000036358833
         vertex -40.4838509857655 29.3892621994019 79.0000036358833
      endloop
   endfacet
   facet normal -0.78797162682312 0.615631231343905 0.00994496433949023
      outer loop
         vertex -40.4838509857655 29.3892621994019 79.0000036358833
         vertex -38.3352227509022 32.1393795311451 79.0000036358833
         vertex -39.8896262049675 30.1902201026678 76.4999985694885
      endloop
   endfacet
   facet normal -0.826134121363174 0.563248916069114 -0.0159082389491672
      outer loop
         vertex -40.4838509857655 29.3892621994019 79.0000036358833
         vertex -39.8896262049675 30.1902201026678 76.4999985694885
         vertex -42.6975451409817 26.0717608034611 76.4999985694885
      endloop
   endfacet
   facet normal -0.583669453734319 0.811835509094064 0.0159083296251711
      outer loop
         vertex -31.2074907124043 39.0915758907795 81.5000012516975
         vertex -27.1603129804134 42.0012958347797 81.5000012516975
         vertex -27.992645278573 41.4518788456917 79.0000036358833
      endloop
   endfacet
   facet normal -0.529892920167 0.848006246424485 -0.00994480678270649
      outer loop
         vertex -27.992645278573 41.4518788456917 79.0000036358833
         vertex -27.1603129804134 42.0012958347797 81.5000012516975
         vertex -25.033000856638 43.3012694120407 79.0000036358833
      endloop
   endfacet
   facet normal -0.52991915583467 0.848048163891338 3.80379964630975E-08
      outer loop
         vertex -27.992645278573 41.4518788456917 79.0000036358833
         vertex -25.033000856638 43.3012694120407 79.0000036358833
         vertex -25.033000856638 43.3012694120407 76.4999985694885
      endloop
   endfacet
   facet normal -0.46947132331427 0.882947720188205 0
      outer loop
         vertex -25.033000856638 43.3012694120407 76.4999985694885
         vertex -25.033000856638 43.3012694120407 79.0000036358833
         vertex -21.9515580683947 44.9397005140781 79.0000036358833
      endloop
   endfacet
   facet normal -0.456111012775366 0.889677939626329 -0.0208784043279003
      outer loop
         vertex -25.033000856638 43.3012694120407 76.4999985694885
         vertex -21.9515580683947 44.9397005140781 79.0000036358833
         vertex -20.597355440259 45.5752909183502 76.4999985694885
      endloop
   endfacet
   facet normal -0.406708019545123 0.913480254096578 0.0119336588410447
      outer loop
         vertex -20.597355440259 45.5752909183502 76.4999985694885
         vertex -21.9515580683947 44.9397005140781 79.0000036358833
         vertex -18.763329833746 46.3591925799847 79.0000036358833
      endloop
   endfacet
   facet normal -0.365237036901738 0.930608713977983 -0.0238606023285956
      outer loop
         vertex -20.597355440259 45.5752909183502 76.4999985694885
         vertex -18.763329833746 46.3591925799847 79.0000036358833
         vertex -15.9573331475258 47.3963655531406 76.4999985694885
      endloop
   endfacet
   facet normal -0.342013627558708 0.939676047107735 0.00596699724441409
      outer loop
         vertex -15.9573331475258 47.3963655531406 76.4999985694885
         vertex -18.763329833746 46.3591925799847 79.0000036358833
         vertex -15.4838496819139 47.5528240203857 79.0000036358833
      endloop
   endfacet
   facet normal -0.275629293629981 0.961231093442067 -0.0079547151554994
      outer loop
         vertex -15.9573331475258 47.3963655531406 76.4999985694885
         vertex -15.4838496819139 47.5528240203857 79.0000036358833
         vertex -12.1290944516659 48.5147871077061 79.0000036358833
      endloop
   endfacet
   facet normal -0.27561838211019 0.961193052183148 -0.0119341475524924
      outer loop
         vertex -12.1290944516659 48.5147871077061 79.0000036358833
         vertex -15.4838496819139 47.5528240203857 79.0000036358833
         vertex -13.5750230401754 48.1312125921249 81.5000012516975
      endloop
   endfacet
   facet normal -0.222472453653703 0.974715387898385 0.020878696305133
      outer loop
         vertex -12.1290944516659 48.5147871077061 79.0000036358833
         vertex -13.5750230401754 48.1312125921249 81.5000012516975
         vertex -8.71540885418653 49.2403879761696 81.5000012516975
      endloop
   endfacet
   facet normal -0.499845397674932 0.865757963198197 0.0248541260578452
      outer loop
         vertex -27.1603129804134 42.0012958347797 81.5000012516975
         vertex -22.8435322642326 44.4935895502567 81.5000012516975
         vertex -25.033000856638 43.3012694120407 79.0000036358833
      endloop
   endfacet
   facet normal -0.469448094799468 0.882904062513893 -0.0099449829368657
      outer loop
         vertex -25.033000856638 43.3012694120407 79.0000036358833
         vertex -22.8435322642326 44.4935895502567 81.5000012516975
         vertex -21.9515580683947 44.9397005140781 79.0000036358833
      endloop
   endfacet
   facet normal -0.411235244007265 0.911390425825212 0.0159080420047324
      outer loop
         vertex -22.8435322642326 44.4935895502567 81.5000012516975
         vertex -18.3000508695841 46.543687582016 81.5000012516975
         vertex -21.9515580683947 44.9397005140781 79.0000036358833
      endloop
   endfacet
   facet normal -0.406724097476127 0.913516407032179 0.00795503709909098
      outer loop
         vertex -21.9515580683947 44.9397005140781 79.0000036358833
         vertex -18.3000508695841 46.543687582016 81.5000012516975
         vertex -18.763329833746 46.3591925799847 79.0000036358833
      endloop
   endfacet
   facet normal -0.34201360095071 0.939676055884084 -0.00596714025816106
      outer loop
         vertex -18.763329833746 46.3591925799847 79.0000036358833
         vertex -18.3000508695841 46.543687582016 81.5000012516975
         vertex -15.4838496819139 47.5528240203857 79.0000036358833
      endloop
   endfacet
   facet normal -0.318396035248538 0.94765747603053 0.0238594396719041
      outer loop
         vertex -15.4838496819139 47.5528240203857 79.0000036358833
         vertex -18.3000508695841 46.543687582016 81.5000012516975
         vertex -13.5750230401754 48.1312125921249 81.5000012516975
      endloop
   endfacet
   facet normal 0.124316689844889 0.992022911567164 -0.0208783033749479
      outer loop
         vertex 8.64940881729126 49.2403879761696 76.4999985694885
         vertex 3.70350456796587 49.8601906001568 76.4999985694885
         vertex 5.19342301413417 49.7260950505733 79.0000036358833
      endloop
   endfacet
   facet normal 0.0697518336036277 0.99749298923011 0.011933907394973
      outer loop
         vertex 5.19342301413417 49.7260950505733 79.0000036358833
         vertex 3.70350456796587 49.8601906001568 76.4999985694885
         vertex 1.71197485178709 49.9695427715778 79.0000036358833
      endloop
   endfacet
   facet normal 0.0697545910179252 0.997532457507885 0.00795570551247057
      outer loop
         vertex 5.19342301413417 49.7260950505733 79.0000036358833
         vertex 1.71197485178709 49.9695427715778 79.0000036358833
         vertex 1.21353461872786 49.9844588339329 81.5000012516975
      endloop
   endfacet
   facet normal -1.36351105982542E-10 0.999982201329723 -0.00596632414148657
      outer loop
         vertex 1.21353461872786 49.9844588339329 81.5000012516975
         vertex 1.71197485178709 49.9695427715778 79.0000036358833
         vertex -1.77797488868237 49.9695427715778 79.0000036358833
      endloop
   endfacet
   facet normal -0.0249233940454062 0.999404571355428 0.0238605780133436
      outer loop
         vertex 1.21353461872786 49.9844588339329 81.5000012516975
         vertex -1.77797488868237 49.9695427715778 79.0000036358833
         vertex -3.76950460486114 49.8601906001568 81.5000012516975
      endloop
   endfacet
   facet normal -0.0697518335733931 0.997492988797738 -0.0119339437113791
      outer loop
         vertex -3.76950460486114 49.8601906001568 81.5000012516975
         vertex -1.77797488868237 49.9695427715778 79.0000036358833
         vertex -5.25942305102944 49.7260950505733 79.0000036358833
      endloop
   endfacet
   facet normal -0.124316682349914 0.99202291121291 0.0208783648347808
      outer loop
         vertex -3.76950460486114 49.8601906001568 81.5000012516975
         vertex -5.25942305102944 49.7260950505733 79.0000036358833
         vertex -8.71540885418653 49.2403879761696 81.5000012516975
      endloop
   endfacet
   facet normal -0.139173093020414 0.990268069857416 0
      outer loop
         vertex -8.71540885418653 49.2403879761696 81.5000012516975
         vertex -5.25942305102944 49.7260950505733 79.0000036358833
         vertex -8.71540885418653 49.2403879761696 79.0000036358833
      endloop
   endfacet
   facet normal -0.207911582569352 0.978147623742709 0
      outer loop
         vertex -8.71540885418653 49.2403879761696 81.5000012516975
         vertex -8.71540885418653 49.2403879761696 79.0000036358833
         vertex -12.1290944516659 48.5147871077061 79.0000036358833
      endloop
   endfacet
   facet normal -0.207901290202283 0.978099255667069 0.00994482758780443
      outer loop
         vertex -12.1290944516659 48.5147871077061 79.0000036358833
         vertex -8.71540885418653 49.2403879761696 79.0000036358833
         vertex -11.1590465530753 48.746395856142 76.4999985694885
      endloop
   endfacet
   facet normal -0.270806514930389 0.962502338141148 -0.0159085054006101
      outer loop
         vertex -12.1290944516659 48.5147871077061 79.0000036358833
         vertex -11.1590465530753 48.746395856142 76.4999985694885
         vertex -15.9573331475258 47.3963655531406 76.4999985694885
      endloop
   endfacet
   facet normal 0.074720726214344 0.997077594904636 0.0159085767178306
      outer loop
         vertex 1.21353461872786 49.9844588339329 81.5000012516975
         vertex 6.18418538942933 49.6119596064091 81.5000012516975
         vertex 5.19342301413417 49.7260950505733 79.0000036358833
      endloop
   endfacet
   facet normal 0.139166218877517 0.990219100947838 -0.00994462877084627
      outer loop
         vertex 5.19342301413417 49.7260950505733 79.0000036358833
         vertex 6.18418538942933 49.6119596064091 81.5000012516975
         vertex 8.64940881729126 49.2403879761696 79.0000036358833
      endloop
   endfacet
   facet normal 0.139173084805781 0.990268071011907 1.09987579018504E-08
      outer loop
         vertex 5.19342301413417 49.7260950505733 79.0000036358833
         vertex 8.64940881729126 49.2403879761696 79.0000036358833
         vertex 8.64940881729126 49.2403879761696 76.4999985694885
      endloop
   endfacet
   facet normal 0.207911580434017 0.978147624196588 0
      outer loop
         vertex 8.64940881729126 49.2403879761696 76.4999985694885
         vertex 8.64940881729126 49.2403879761696 79.0000036358833
         vertex 12.0630944147706 48.5147871077061 79.0000036358833
      endloop
   endfacet
   facet normal 0.22247245396517 0.974715389263009 -0.0208786292791399
      outer loop
         vertex 8.64940881729126 49.2403879761696 76.4999985694885
         vertex 12.0630944147706 48.5147871077061 79.0000036358833
         vertex 13.5090230032802 48.1312125921249 76.4999985694885
      endloop
   endfacet
   facet normal 0.275618393934538 0.961193049091309 0.0119341234909911
      outer loop
         vertex 13.5090230032802 48.1312125921249 76.4999985694885
         vertex 12.0630944147706 48.5147871077061 79.0000036358833
         vertex 15.4178496450186 47.5528240203857 79.0000036358833
      endloop
   endfacet
   facet normal 0.318395955980691 0.947657506208094 -0.0238592988706557
      outer loop
         vertex 13.5090230032802 48.1312125921249 76.4999985694885
         vertex 15.4178496450186 47.5528240203857 79.0000036358833
         vertex 18.2340517640114 46.543687582016 76.4999985694885
      endloop
   endfacet
   facet normal 0.342013705789929 0.939676016402591 0.00596734862369536
      outer loop
         vertex 18.2340517640114 46.543687582016 76.4999985694885
         vertex 15.4178496450186 47.5528240203857 79.0000036358833
         vertex 18.6973288655281 46.3591925799847 79.0000036358833
      endloop
   endfacet
   facet normal 0.406724148338612 0.913516387396988 -0.00795469140743524
      outer loop
         vertex 18.2340517640114 46.543687582016 76.4999985694885
         vertex 18.6973288655281 46.3591925799847 79.0000036358833
         vertex 21.8855571001768 44.9397005140781 79.0000036358833
      endloop
   endfacet
   facet normal 0.406707994432875 0.913480264630645 -0.0119337083387568
      outer loop
         vertex 21.8855571001768 44.9397005140781 79.0000036358833
         vertex 18.6973288655281 46.3591925799847 79.0000036358833
         vertex 20.5313544720411 45.5752909183502 81.5000012516975
      endloop
   endfacet
   facet normal 0.456111036342219 0.889677927463591 0.020878407767763
      outer loop
         vertex 21.8855571001768 44.9397005140781 79.0000036358833
         vertex 20.5313544720411 45.5752909183502 81.5000012516975
         vertex 24.9669998884201 43.3012694120407 81.5000012516975
      endloop
   endfacet
   facet normal 0.173594345159768 0.984503567709189 0.0248541444517585
      outer loop
         vertex 6.18418538942933 49.6119596064091 81.5000012516975
         vertex 11.09304651618 48.746395856142 81.5000012516975
         vertex 8.64940881729126 49.2403879761696 79.0000036358833
      endloop
   endfacet
   facet normal 0.207901290107931 0.978099255223177 -0.00994487321809863
      outer loop
         vertex 8.64940881729126 49.2403879761696 79.0000036358833
         vertex 11.09304651618 48.746395856142 81.5000012516975
         vertex 12.0630944147706 48.5147871077061 79.0000036358833
      endloop
   endfacet
   facet normal 0.270806585443137 0.962502317306153 0.0159085656460514
      outer loop
         vertex 11.09304651618 48.746395856142 81.5000012516975
         vertex 15.8913321793079 47.3963655531406 81.5000012516975
         vertex 12.0630944147706 48.5147871077061 79.0000036358833
      endloop
   endfacet
   facet normal 0.275629293348187 0.961231092459335 0.00795484366988734
      outer loop
         vertex 12.0630944147706 48.5147871077061 79.0000036358833
         vertex 15.8913321793079 47.3963655531406 81.5000012516975
         vertex 15.4178496450186 47.5528240203857 79.0000036358833
      endloop
   endfacet
   facet normal 0.342013706707957 0.939676018924855 -0.00596689881092242
      outer loop
         vertex 15.4178496450186 47.5528240203857 79.0000036358833
         vertex 15.8913321793079 47.3963655531406 81.5000012516975
         vertex 18.6973288655281 46.3591925799847 79.0000036358833
      endloop
   endfacet
   facet normal 0.365237015798457 0.930608719812348 0.0238606978074822
      outer loop
         vertex 18.6973288655281 46.3591925799847 79.0000036358833
         vertex 15.8913321793079 47.3963655531406 81.5000012516975
         vertex 20.5313544720411 45.5752909183502 81.5000012516975
      endloop
   endfacet
   facet normal 0.732892302785787 0.680024232552847 -0.020878593301697
      outer loop
         vertex 38.2692217826843 32.1393795311451 76.4999985694885
         vertex 34.8788425326347 35.7933416962624 76.4999985694885
         vertex 35.9339900314808 34.7329191863537 79.0000036358833
      endloop
   endfacet
   facet normal 0.694609030279988 0.719288452100624 0.0119338899015708
      outer loop
         vertex 35.9339900314808 34.7329191863537 79.0000036358833
         vertex 34.8788425326347 35.7933416962624 76.4999985694885
         vertex 33.4235318005085 37.1572412550449 79.0000036358833
      endloop
   endfacet
   facet normal 0.694636439571166 0.71931699356577 0.0079548467864778
      outer loop
         vertex 35.9339900314808 34.7329191863537 79.0000036358833
         vertex 33.4235318005085 37.1572412550449 79.0000036358833
         vertex 33.0512933433056 37.4890603125095 81.5000012516975
      endloop
   endfacet
   facet normal 0.642775703445046 0.766031192601584 -0.00596716198215873
      outer loop
         vertex 33.0512933433056 37.4890603125095 81.5000012516975
         vertex 33.4235318005085 37.1572412550449 79.0000036358833
         vertex 30.750073492527 39.4005365669727 79.0000036358833
      endloop
   endfacet
   facet normal 0.623311879233773 0.781609239680795 0.0238599591716283
      outer loop
         vertex 33.0512933433056 37.4890603125095 81.5000012516975
         vertex 30.750073492527 39.4005365669727 79.0000036358833
         vertex 29.1541833430529 40.5968986451626 81.5000012516975
      endloop
   endfacet
   facet normal 0.587743555408859 0.808959270969807 -0.0119336074743772
      outer loop
         vertex 29.1541833430529 40.5968986451626 81.5000012516975
         vertex 30.750073492527 39.4005365669727 79.0000036358833
         vertex 27.9266443103552 41.4518788456917 79.0000036358833
      endloop
   endfacet
   facet normal 0.542428126689646 0.839842722504153 0.0208789088022876
      outer loop
         vertex 29.1541833430529 40.5968986451626 81.5000012516975
         vertex 27.9266443103552 41.4518788456917 79.0000036358833
         vertex 24.9669998884201 43.3012694120407 81.5000012516975
      endloop
   endfacet
   facet normal 0.529919129048525 0.848048180629175 0
      outer loop
         vertex 24.9669998884201 43.3012694120407 81.5000012516975
         vertex 27.9266443103552 41.4518788456917 79.0000036358833
         vertex 24.9669998884201 43.3012694120407 79.0000036358833
      endloop
   endfacet
   facet normal 0.469471324787714 0.882947719404761 0
      outer loop
         vertex 24.9669998884201 43.3012694120407 81.5000012516975
         vertex 24.9669998884201 43.3012694120407 79.0000036358833
         vertex 21.8855571001768 44.9397005140781 79.0000036358833
      endloop
   endfacet
   facet normal 0.469448093329813 0.882904059749872 0.00994529769276464
      outer loop
         vertex 21.8855571001768 44.9397005140781 79.0000036358833
         vertex 24.9669998884201 43.3012694120407 79.0000036358833
         vertex 22.7775331586599 44.4935895502567 76.4999985694885
      endloop
   endfacet
   facet normal 0.411235271243176 0.911390420137464 -0.0159076637884907
      outer loop
         vertex 21.8855571001768 44.9397005140781 79.0000036358833
         vertex 22.7775331586599 44.4935895502567 76.4999985694885
         vertex 18.2340517640114 46.543687582016 76.4999985694885
      endloop
   endfacet
   facet normal 0.698148711269505 0.715776009693742 0.0159085165755065
      outer loop
         vertex 33.0512933433056 37.4890603125095 81.5000012516975
         vertex 36.6195924580097 34.0086370706558 81.5000012516975
         vertex 35.9339900314808 34.7329191863537 79.0000036358833
      endloop
   endfacet
   facet normal 0.74310829759622 0.66909727322541 -0.00994469737948811
      outer loop
         vertex 35.9339900314808 34.7329191863537 79.0000036358833
         vertex 36.6195924580097 34.0086370706558 81.5000012516975
         vertex 38.2692217826843 32.1393795311451 79.0000036358833
      endloop
   endfacet
   facet normal 0.743145065136472 0.669130340190386 -8.28106313054643E-08
      outer loop
         vertex 35.9339900314808 34.7329191863537 79.0000036358833
         vertex 38.2692217826843 32.1393795311451 79.0000036358833
         vertex 38.2692217826843 32.1393795311451 76.4999985694885
      endloop
   endfacet
   facet normal 0.78801059469729 0.615661678720402 0
      outer loop
         vertex 38.2692217826843 32.1393795311451 76.4999985694885
         vertex 38.2692217826843 32.1393795311451 79.0000036358833
         vertex 40.4178500175476 29.3892621994019 79.0000036358833
      endloop
   endfacet
   facet normal 0.796958516776305 0.603673108552938 -0.0208782314323914
      outer loop
         vertex 38.2692217826843 32.1393795311451 76.4999985694885
         vertex 40.4178500175476 29.3892621994019 79.0000036358833
         vertex 41.2789396941662 28.1660035252571 76.4999985694885
      endloop
   endfacet
   facet normal 0.828978249187445 0.55915350308562 0.0119340840116548
      outer loop
         vertex 41.2789396941662 28.1660035252571 76.4999985694885
         vertex 40.4178500175476 29.3892621994019 79.0000036358833
         vertex 42.369406670332 26.4959633350372 79.0000036358833
      endloop
   endfacet
   facet normal 0.853048116945064 0.521286469964179 -0.0238605617864554
      outer loop
         vertex 41.2789396941662 28.1660035252571 76.4999985694885
         vertex 42.369406670332 26.4959633350372 79.0000036358833
         vertex 43.8780784606934 23.9126980304718 76.4999985694885
      endloop
   endfacet
   facet normal 0.866010079370293 0.499990945592206 0.00596630160738463
      outer loop
         vertex 43.8780784606934 23.9126980304718 76.4999985694885
         vertex 42.369406670332 26.4959633350372 79.0000036358833
         vertex 44.1143810749054 23.4735775738955 79.0000036358833
      endloop
   endfacet
   facet normal 0.89876576235699 0.438356945526859 -0.00795567239269757
      outer loop
         vertex 43.8780784606934 23.9126980304718 76.4999985694885
         vertex 44.1143810749054 23.4735775738955 79.0000036358833
         vertex 45.6442721188068 20.3368328511715 79.0000036358833
      endloop
   endfacet
   facet normal 0.89873023403718 0.438339539043298 -0.0119337730322033
      outer loop
         vertex 45.6442721188068 20.3368328511715 79.0000036358833
         vertex 44.1143810749054 23.4735775738955 79.0000036358833
         vertex 45.0154431164265 21.6941870748997 81.5000012516975
      endloop
   endfacet
   facet normal 0.921275484898101 0.38834979641858 0.0208786145952509
      outer loop
         vertex 45.6442721188068 20.3368328511715 79.0000036358833
         vertex 45.0154431164265 21.6941870748997 81.5000012516975
         vertex 46.9516292214394 17.1010065823793 81.5000012516975
      endloop
   endfacet
   facet normal 0.765807763778908 0.642589105628233 0.0248537776576369
      outer loop
         vertex 36.6195924580097 34.0086370706558 81.5000012516975
         vertex 39.8236252367496 30.1902201026678 81.5000012516975
         vertex 38.2692217826843 32.1393795311451 79.0000036358833
      endloop
   endfacet
   facet normal 0.787971597792139 0.615631268267048 -0.00994497887425202
      outer loop
         vertex 38.2692217826843 32.1393795311451 79.0000036358833
         vertex 39.8236252367496 30.1902201026678 81.5000012516975
         vertex 40.4178500175476 29.3892621994019 79.0000036358833
      endloop
   endfacet
   facet normal 0.826134147972295 0.563248874606267 0.015908325143236
      outer loop
         vertex 39.8236252367496 30.1902201026678 81.5000012516975
         vertex 42.6315441727638 26.0717608034611 81.5000012516975
         vertex 40.4178500175476 29.3892621994019 79.0000036358833
      endloop
   endfacet
   facet normal 0.829011098220468 0.559175561440595 0.00795553360176006
      outer loop
         vertex 40.4178500175476 29.3892621994019 79.0000036358833
         vertex 42.6315441727638 26.0717608034611 81.5000012516975
         vertex 42.369406670332 26.4959633350372 79.0000036358833
      endloop
   endfacet
   facet normal 0.866010106010417 0.499990896757818 -0.00596652722599666
      outer loop
         vertex 42.369406670332 26.4959633350372 79.0000036358833
         vertex 42.6315441727638 26.0717608034611 81.5000012516975
         vertex 44.1143810749054 23.4735775738955 79.0000036358833
      endloop
   endfacet
   facet normal 0.877971587549114 0.478117733095858 0.023860527147694
      outer loop
         vertex 44.1143810749054 23.4735775738955 79.0000036358833
         vertex 42.6315441727638 26.0717608034611 81.5000012516975
         vertex 45.0154431164265 21.6941870748997 81.5000012516975
      endloop
   endfacet
   facet normal 0.99853923731231 0.0498344241618957 -0.0208787383767132
      outer loop
         vertex 49.966998398304 4.6841194952765E-15 76.4999985694885
         vertex 49.7185401618481 4.97839227318764 76.4999985694885
         vertex 49.8452037572861 3.48782376386225 79.0000036358833
      endloop
   endfacet
   facet normal 0.994451073404961 0.104521016677759 0.0119339715254081
      outer loop
         vertex 49.8452037572861 3.48782376386225 79.0000036358833
         vertex 49.7185401618481 4.97839227318764 76.4999985694885
         vertex 49.4804047048092 6.95865508168936 79.0000036358833
      endloop
   endfacet
   facet normal 0.994490419929729 0.104525152533985 0.00795595096383991
      outer loop
         vertex 49.8452037572861 3.48782376386225 79.0000036358833
         vertex 49.4804047048092 6.95865508168936 79.0000036358833
         vertex 49.4085401296616 7.45211308822036 81.5000012516975
      endloop
   endfacet
   facet normal 0.984790074914459 0.173645941316975 -0.00596618924572446
      outer loop
         vertex 49.4085401296616 7.45211308822036 81.5000012516975
         vertex 49.4804047048092 6.95865508168936 79.0000036358833
         vertex 48.8743782043457 10.395584627986 79.0000036358833
      endloop
   endfacet
   facet normal 0.979893529832244 0.198089366094843 0.0238594474589826
      outer loop
         vertex 49.4085401296616 7.45211308822036 81.5000012516975
         vertex 48.8743782043457 10.395584627986 79.0000036358833
         vertex 48.4208650887012 12.33786996454 81.5000012516975
      endloop
   endfacet
   facet normal 0.970226820063206 0.241903885146739 -0.0119343194591428
      outer loop
         vertex 48.4208650887012 12.33786996454 81.5000012516975
         vertex 48.8743782043457 10.395584627986 79.0000036358833
         vertex 48.0300858616829 13.7818679213524 79.0000036358833
      endloop
   endfacet
   facet normal 0.955364349623252 0.294691414603074 0.0208789278503427
      outer loop
         vertex 48.4208650887012 12.33786996454 81.5000012516975
         vertex 48.0300858616829 13.7818679213524 79.0000036358833
         vertex 46.9516292214394 17.1010065823793 81.5000012516975
      endloop
   endfacet
   facet normal 0.951056259963021 0.309017783283018 0
      outer loop
         vertex 46.9516292214394 17.1010065823793 81.5000012516975
         vertex 48.0300858616829 13.7818679213524 79.0000036358833
         vertex 46.9516292214394 17.1010065823793 79.0000036358833
      endloop
   endfacet
   facet normal 0.927184010367743 0.374606207794785 0
      outer loop
         vertex 46.9516292214394 17.1010065823793 81.5000012516975
         vertex 46.9516292214394 17.1010065823793 79.0000036358833
         vertex 45.6442721188068 20.3368328511715 79.0000036358833
      endloop
   endfacet
   facet normal 0.927138153753772 0.374587686492116 0.00994529951945848
      outer loop
         vertex 45.6442721188068 20.3368328511715 79.0000036358833
         vertex 46.9516292214394 17.1010065823793 79.0000036358833
         vertex 46.0408106446266 19.4217395037413 76.4999985694885
      endloop
   endfacet
   facet normal 0.900854818291996 0.433828916426738 -0.0159080995752943
      outer loop
         vertex 45.6442721188068 20.3368328511715 79.0000036358833
         vertex 46.0408106446266 19.4217395037413 76.4999985694885
         vertex 43.8780784606934 23.9126980304718 76.4999985694885
      endloop
   endfacet
   facet normal 0.994904833518839 0.0995553987677529 0.0159089539896856
      outer loop
         vertex 49.4085401296616 7.45211308822036 81.5000012516975
         vertex 49.9048456549644 2.49229418113828 81.5000012516975
         vertex 49.8452037572861 3.48782376386225 79.0000036358833
      endloop
   endfacet
   facet normal 0.999341436102224 0.0348969551672218 -0.00994467743074726
      outer loop
         vertex 49.8452037572861 3.48782376386225 79.0000036358833
         vertex 49.9048456549644 2.49229418113828 81.5000012516975
         vertex 49.966998398304 4.83719505789372E-15 79.0000036358833
      endloop
   endfacet
   facet normal 0.99939085547337 0.0348986818691809 1.9010532298119E-09
      outer loop
         vertex 49.8452037572861 3.48782376386225 79.0000036358833
         vertex 49.966998398304 4.83719505789372E-15 79.0000036358833
         vertex 49.966998398304 4.6841194952765E-15 76.4999985694885
      endloop
   endfacet
   facet normal 0.999390855400776 -0.0348986839480374 2.13684991793909E-18
      outer loop
         vertex 49.966998398304 4.6841194952765E-15 76.4999985694885
         vertex 49.966998398304 4.83719505789372E-15 79.0000036358833
         vertex 49.8452037572861 -3.48782376386225 79.0000036358833
      endloop
   endfacet
   facet normal 0.99853923731231 -0.0498344241618957 -0.0208787383767132
      outer loop
         vertex 49.966998398304 4.6841194952765E-15 76.4999985694885
         vertex 49.8452037572861 -3.48782376386225 79.0000036358833
         vertex 49.7185401618481 -4.97839227318764 76.4999985694885
      endloop
   endfacet
   facet normal 0.994451073427066 -0.104521016680082 0.0119339696630282
      outer loop
         vertex 49.7185401618481 -4.97839227318764 76.4999985694885
         vertex 49.8452037572861 -3.48782376386225 79.0000036358833
         vertex 49.4804047048092 -6.95865508168936 79.0000036358833
      endloop
   endfacet
   facet normal 0.988549257922915 -0.149000171681152 -0.0238602912605902
      outer loop
         vertex 49.7185401618481 -4.97839227318764 76.4999985694885
         vertex 49.4804047048092 -6.95865508168936 79.0000036358833
         vertex 48.9756241440773 -9.90730710327625 76.4999985694885
      endloop
   endfacet
   facet normal 0.98479006766887 -0.173645940039376 0.00596742227289316
      outer loop
         vertex 48.9756241440773 -9.90730710327625 76.4999985694885
         vertex 49.4804047048092 -6.95865508168936 79.0000036358833
         vertex 48.8743782043457 -10.395584627986 79.0000036358833
      endloop
   endfacet
   facet normal 0.970265223320381 -0.24191347104785 -0.00795417755852876
      outer loop
         vertex 48.9756241440773 -9.90730710327625 76.4999985694885
         vertex 48.8743782043457 -10.395584627986 79.0000036358833
         vertex 48.0300858616829 -13.7818679213524 79.0000036358833
      endloop
   endfacet
   facet normal 0.970226816544311 -0.241903899170544 -0.0119343212785036
      outer loop
         vertex 48.0300858616829 -13.7818679213524 79.0000036358833
         vertex 48.8743782043457 -10.395584627986 79.0000036358833
         vertex 48.4208650887012 -12.33786996454 81.5000012516975
      endloop
   endfacet
   facet normal 0.955364349623252 -0.294691414603074 0.0208789278503427
      outer loop
         vertex 48.0300858616829 -13.7818679213524 79.0000036358833
         vertex 48.4208650887012 -12.33786996454 81.5000012516975
         vertex 46.9516292214394 -17.1010065823793 81.5000012516975
      endloop
   endfacet
   facet normal 0.999691105483374 0 0.024853442768134
      outer loop
         vertex 49.9048456549644 2.49229418113828 81.5000012516975
         vertex 49.9048456549644 -2.49229418113828 81.5000012516975
         vertex 49.966998398304 4.83719505789372E-15 79.0000036358833
      endloop
   endfacet
   facet normal 0.999341436139246 -0.0348969551685147 -0.00994467370582535
      outer loop
         vertex 49.966998398304 4.83719505789372E-15 79.0000036358833
         vertex 49.9048456549644 -2.49229418113828 81.5000012516975
         vertex 49.8452037572861 -3.48782376386225 79.0000036358833
      endloop
   endfacet
   facet normal 0.994904832233992 -0.0995554120541188 0.0159089511969537
      outer loop
         vertex 49.9048456549644 -2.49229418113828 81.5000012516975
         vertex 49.4085401296616 -7.45211308822036 81.5000012516975
         vertex 49.8452037572861 -3.48782376386225 79.0000036358833
      endloop
   endfacet
   facet normal 0.994490419929729 -0.104525152533985 0.00795595096383991
      outer loop
         vertex 49.8452037572861 -3.48782376386225 79.0000036358833
         vertex 49.4085401296616 -7.45211308822036 81.5000012516975
         vertex 49.4804047048092 -6.95865508168936 79.0000036358833
      endloop
   endfacet
   facet normal 0.984790072360817 -0.173645955767858 -0.0059661901615762
      outer loop
         vertex 49.4804047048092 -6.95865508168936 79.0000036358833
         vertex 49.4085401296616 -7.45211308822036 81.5000012516975
         vertex 48.8743782043457 -10.395584627986 79.0000036358833
      endloop
   endfacet
   facet normal 0.979893532811752 -0.198089351796001 0.0238594438062403
      outer loop
         vertex 48.8743782043457 -10.395584627986 79.0000036358833
         vertex 49.4085401296616 -7.45211308822036 81.5000012516975
         vertex 48.4208650887012 -12.33786996454 81.5000012516975
      endloop
   endfacet
   facet normal 0.796958516776305 -0.603673108552938 -0.0208782314323914
      outer loop
         vertex 38.2692217826843 -32.1393795311451 76.4999985694885
         vertex 41.2789396941662 -28.1660035252571 76.4999985694885
         vertex 40.4178500175476 -29.3892621994019 79.0000036358833
      endloop
   endfacet
   facet normal 0.828978295284729 -0.559153434370136 0.0119341015123298
      outer loop
         vertex 40.4178500175476 -29.3892621994019 79.0000036358833
         vertex 41.2789396941662 -28.1660035252571 76.4999985694885
         vertex 42.369406670332 -26.4959633350372 79.0000036358833
      endloop
   endfacet
   facet normal 0.829011098220468 -0.559175561440595 0.00795553360176006
      outer loop
         vertex 40.4178500175476 -29.3892621994019 79.0000036358833
         vertex 42.369406670332 -26.4959633350372 79.0000036358833
         vertex 42.6315441727638 -26.0717608034611 81.5000012516975
      endloop
   endfacet
   facet normal 0.866010078229821 -0.499990944933754 -0.00596652232297977
      outer loop
         vertex 42.6315441727638 -26.0717608034611 81.5000012516975
         vertex 42.369406670332 -26.4959633350372 79.0000036358833
         vertex 44.1143810749054 -23.4735775738955 79.0000036358833
      endloop
   endfacet
   facet normal 0.877971586807728 -0.478117732692121 0.0238605625178031
      outer loop
         vertex 42.6315441727638 -26.0717608034611 81.5000012516975
         vertex 44.1143810749054 -23.4735775738955 79.0000036358833
         vertex 45.0154431164265 -21.6941870748997 81.5000012516975
      endloop
   endfacet
   facet normal 0.8987302221068 -0.438339563026792 -0.011933790568915
      outer loop
         vertex 45.0154431164265 -21.6941870748997 81.5000012516975
         vertex 44.1143810749054 -23.4735775738955 79.0000036358833
         vertex 45.6442721188068 -20.3368328511715 79.0000036358833
      endloop
   endfacet
   facet normal 0.921275484933928 -0.388349796433683 0.0208786127334177
      outer loop
         vertex 45.0154431164265 -21.6941870748997 81.5000012516975
         vertex 45.6442721188068 -20.3368328511715 79.0000036358833
         vertex 46.9516292214394 -17.1010065823793 81.5000012516975
      endloop
   endfacet
   facet normal 0.927184010367743 -0.374606207794785 0
      outer loop
         vertex 46.9516292214394 -17.1010065823793 81.5000012516975
         vertex 45.6442721188068 -20.3368328511715 79.0000036358833
         vertex 46.9516292214394 -17.1010065823793 79.0000036358833
      endloop
   endfacet
   facet normal 0.951056259963021 -0.309017783283018 0
      outer loop
         vertex 46.9516292214394 -17.1010065823793 81.5000012516975
         vertex 46.9516292214394 -17.1010065823793 79.0000036358833
         vertex 48.0300858616829 -13.7818679213524 79.0000036358833
      endloop
   endfacet
   facet normal 0.951009209585185 -0.309002547046289 0.00994531060687799
      outer loop
         vertex 48.0300858616829 -13.7818679213524 79.0000036358833
         vertex 46.9516292214394 -17.1010065823793 79.0000036358833
         vertex 47.7456413209438 -14.7377587854862 76.4999985694885
      endloop
   endfacet
   facet normal 0.968954720730789 -0.246725911458196 -0.0159082930775811
      outer loop
         vertex 48.0300858616829 -13.7818679213524 79.0000036358833
         vertex 47.7456413209438 -14.7377587854862 76.4999985694885
         vertex 48.9756241440773 -9.90730710327625 76.4999985694885
      endloop
   endfacet
   facet normal 0.826134129365913 -0.563248902558419 0.0159083017183246
      outer loop
         vertex 42.6315441727638 -26.0717608034611 81.5000012516975
         vertex 39.8236252367496 -30.1902201026678 81.5000012516975
         vertex 40.4178500175476 -29.3892621994019 79.0000036358833
      endloop
   endfacet
   facet normal 0.787971597872419 -0.61563126832977 -0.00994496863071714
      outer loop
         vertex 40.4178500175476 -29.3892621994019 79.0000036358833
         vertex 39.8236252367496 -30.1902201026678 81.5000012516975
         vertex 38.2692217826843 -32.1393795311451 79.0000036358833
      endloop
   endfacet
   facet normal 0.78801059469729 -0.615661678720402 4.35407886123513E-09
      outer loop
         vertex 40.4178500175476 -29.3892621994019 79.0000036358833
         vertex 38.2692217826843 -32.1393795311451 79.0000036358833
         vertex 38.2692217826843 -32.1393795311451 76.4999985694885
      endloop
   endfacet
   facet normal 0.743145091823584 -0.669130310551329 0
      outer loop
         vertex 38.2692217826843 -32.1393795311451 76.4999985694885
         vertex 38.2692217826843 -32.1393795311451 79.0000036358833
         vertex 35.9339900314808 -34.7329191863537 79.0000036358833
      endloop
   endfacet
   facet normal 0.732892302785787 -0.680024232552847 -0.020878593301697
      outer loop
         vertex 38.2692217826843 -32.1393795311451 76.4999985694885
         vertex 35.9339900314808 -34.7329191863537 79.0000036358833
         vertex 34.8788425326347 -35.7933416962624 76.4999985694885
      endloop
   endfacet
   facet normal 0.694609030519311 -0.71928845234845 0.0119338610346834
      outer loop
         vertex 34.8788425326347 -35.7933416962624 76.4999985694885
         vertex 35.9339900314808 -34.7329191863537 79.0000036358833
         vertex 33.4235318005085 -37.1572412550449 79.0000036358833
      endloop
   endfacet
   facet normal 0.661497562757959 -0.749567653326879 -0.0238601666238133
      outer loop
         vertex 34.8788425326347 -35.7933416962624 76.4999985694885
         vertex 33.4235318005085 -37.1572412550449 79.0000036358833
         vertex 31.1414897441864 -39.0915758907795 76.4999985694885
      endloop
   endfacet
   facet normal 0.642775730612662 -0.766031165374083 0.0059677308068135
      outer loop
         vertex 31.1414897441864 -39.0915758907795 76.4999985694885
         vertex 33.4235318005085 -37.1572412550449 79.0000036358833
         vertex 30.750073492527 -39.4005365669727 79.0000036358833
      endloop
   endfacet
   facet normal 0.587766839136036 -0.808991271245887 -0.00795398390726412
      outer loop
         vertex 31.1414897441864 -39.0915758907795 76.4999985694885
         vertex 30.750073492527 -39.4005365669727 79.0000036358833
         vertex 27.9266443103552 -41.4518788456917 79.0000036358833
      endloop
   endfacet
   facet normal 0.587743555415391 -0.808959270978797 -0.0119336065431873
      outer loop
         vertex 27.9266443103552 -41.4518788456917 79.0000036358833
         vertex 30.750073492527 -39.4005365669727 79.0000036358833
         vertex 29.1541833430529 -40.5968986451626 81.5000012516975
      endloop
   endfacet
   facet normal 0.542428153884989 -0.83984270500612 0.0208789061237885
      outer loop
         vertex 27.9266443103552 -41.4518788456917 79.0000036358833
         vertex 29.1541833430529 -40.5968986451626 81.5000012516975
         vertex 24.9669998884201 -43.3012694120407 81.5000012516975
      endloop
   endfacet
   facet normal 0.765807764204334 -0.642589105985207 0.0248537553197016
      outer loop
         vertex 39.8236252367496 -30.1902201026678 81.5000012516975
         vertex 36.6195924580097 -34.0086370706558 81.5000012516975
         vertex 38.2692217826843 -32.1393795311451 79.0000036358833
      endloop
   endfacet
   facet normal 0.743108356421115 -0.669097206982255 -0.0099447587026856
      outer loop
         vertex 38.2692217826843 -32.1393795311451 79.0000036358833
         vertex 36.6195924580097 -34.0086370706558 81.5000012516975
         vertex 35.9339900314808 -34.7329191863537 79.0000036358833
      endloop
   endfacet
   facet normal 0.698148741013649 -0.71577598058424 0.0159085209785683
      outer loop
         vertex 36.6195924580097 -34.0086370706558 81.5000012516975
         vertex 33.0512933433056 -37.4890603125095 81.5000012516975
         vertex 35.9339900314808 -34.7329191863537 79.0000036358833
      endloop
   endfacet
   facet normal 0.694636439571166 -0.71931699356577 0.0079548467864778
      outer loop
         vertex 35.9339900314808 -34.7329191863537 79.0000036358833
         vertex 33.0512933433056 -37.4890603125095 81.5000012516975
         vertex 33.4235318005085 -37.1572412550449 79.0000036358833
      endloop
   endfacet
   facet normal 0.642775767759401 -0.766031138609762 -0.00596716528550998
      outer loop
         vertex 33.4235318005085 -37.1572412550449 79.0000036358833
         vertex 33.0512933433056 -37.4890603125095 81.5000012516975
         vertex 30.750073492527 -39.4005365669727 79.0000036358833
      endloop
   endfacet
   facet normal 0.623311916207287 -0.781609211302225 0.0238599229150672
      outer loop
         vertex 30.750073492527 -39.4005365669727 79.0000036358833
         vertex 33.0512933433056 -37.4890603125095 81.5000012516975
         vertex 29.1541833430529 -40.5968986451626 81.5000012516975
      endloop
   endfacet
   facet normal 0.22247245396517 -0.974715389263009 -0.0208786292791399
      outer loop
         vertex 8.64940881729126 -49.2403879761696 76.4999985694885
         vertex 13.5090230032802 -48.1312125921249 76.4999985694885
         vertex 12.0630944147706 -48.5147871077061 79.0000036358833
      endloop
   endfacet
   facet normal 0.275618382205154 -0.961193052514328 0.0119341186856037
      outer loop
         vertex 12.0630944147706 -48.5147871077061 79.0000036358833
         vertex 13.5090230032802 -48.1312125921249 76.4999985694885
         vertex 15.4178496450186 -47.5528240203857 79.0000036358833
      endloop
   endfacet
   facet normal 0.275629293348187 -0.961231092459335 0.00795484366988734
      outer loop
         vertex 12.0630944147706 -48.5147871077061 79.0000036358833
         vertex 15.4178496450186 -47.5528240203857 79.0000036358833
         vertex 15.8913321793079 -47.3963655531406 81.5000012516975
      endloop
   endfacet
   facet normal 0.342013680385061 -0.93967602848451 -0.00596690213125473
      outer loop
         vertex 15.8913321793079 -47.3963655531406 81.5000012516975
         vertex 15.4178496450186 -47.5528240203857 79.0000036358833
         vertex 18.6973288655281 -46.3591925799847 79.0000036358833
      endloop
   endfacet
   facet normal 0.365237061786998 -0.930608701449513 0.0238607100407884
      outer loop
         vertex 15.8913321793079 -47.3963655531406 81.5000012516975
         vertex 18.6973288655281 -46.3591925799847 79.0000036358833
         vertex 20.5313544720411 -45.5752909183502 81.5000012516975
      endloop
   endfacet
   facet normal 0.406708041508618 -0.9134802438227 -0.0119336967384032
      outer loop
         vertex 20.5313544720411 -45.5752909183502 81.5000012516975
         vertex 18.6973288655281 -46.3591925799847 79.0000036358833
         vertex 21.8855571001768 -44.9397005140781 79.0000036358833
      endloop
   endfacet
   facet normal 0.456111036430908 -0.889677927636584 0.0208783984585971
      outer loop
         vertex 20.5313544720411 -45.5752909183502 81.5000012516975
         vertex 21.8855571001768 -44.9397005140781 79.0000036358833
         vertex 24.9669998884201 -43.3012694120407 81.5000012516975
      endloop
   endfacet
   facet normal 0.469471324787714 -0.882947719404761 0
      outer loop
         vertex 24.9669998884201 -43.3012694120407 81.5000012516975
         vertex 21.8855571001768 -44.9397005140781 79.0000036358833
         vertex 24.9669998884201 -43.3012694120407 79.0000036358833
      endloop
   endfacet
   facet normal 0.529919129048525 -0.848048180629175 0
      outer loop
         vertex 24.9669998884201 -43.3012694120407 81.5000012516975
         vertex 24.9669998884201 -43.3012694120407 79.0000036358833
         vertex 27.9266443103552 -41.4518788456917 79.0000036358833
      endloop
   endfacet
   facet normal 0.529892961150843 -0.848006216624966 0.0099451640610944
      outer loop
         vertex 27.9266443103552 -41.4518788456917 79.0000036358833
         vertex 24.9669998884201 -43.3012694120407 79.0000036358833
         vertex 27.0943138748407 -42.0012958347797 76.4999985694885
      endloop
   endfacet
   facet normal 0.583669603731719 -0.811835409408024 -0.0159079134698869
      outer loop
         vertex 27.9266443103552 -41.4518788456917 79.0000036358833
         vertex 27.0943138748407 -42.0012958347797 76.4999985694885
         vertex 31.1414897441864 -39.0915758907795 76.4999985694885
      endloop
   endfacet
   facet normal 0.27080654224219 -0.962502329289324 0.015908576034818
      outer loop
         vertex 15.8913321793079 -47.3963655531406 81.5000012516975
         vertex 11.09304651618 -48.746395856142 81.5000012516975
         vertex 12.0630944147706 -48.5147871077061 79.0000036358833
      endloop
   endfacet
   facet normal 0.207901304391978 -0.978099252319881 -0.00994486015006284
      outer loop
         vertex 12.0630944147706 -48.5147871077061 79.0000036358833
         vertex 11.09304651618 -48.746395856142 81.5000012516975
         vertex 8.64940881729126 -49.2403879761696 79.0000036358833
      endloop
   endfacet
   facet normal 0.207911580434017 -0.978147624196588 4.29385504171843E-09
      outer loop
         vertex 12.0630944147706 -48.5147871077061 79.0000036358833
         vertex 8.64940881729126 -49.2403879761696 79.0000036358833
         vertex 8.64940881729126 -49.2403879761696 76.4999985694885
      endloop
   endfacet
   facet normal 0.139173078407875 -0.990268071911074 0
      outer loop
         vertex 8.64940881729126 -49.2403879761696 76.4999985694885
         vertex 8.64940881729126 -49.2403879761696 79.0000036358833
         vertex 5.19342301413417 -49.7260950505733 79.0000036358833
      endloop
   endfacet
   facet normal 0.124316689844889 -0.992022911567164 -0.0208783033749479
      outer loop
         vertex 8.64940881729126 -49.2403879761696 76.4999985694885
         vertex 5.19342301413417 -49.7260950505733 79.0000036358833
         vertex 3.70350456796587 -49.8601906001568 76.4999985694885
      endloop
   endfacet
   facet normal 0.0697518336028524 -0.997492989219024 0.0119339083261629
      outer loop
         vertex 3.70350456796587 -49.8601906001568 76.4999985694885
         vertex 5.19342301413417 -49.7260950505733 79.0000036358833
         vertex 1.71197485178709 -49.9695427715778 79.0000036358833
      endloop
   endfacet
   facet normal 0.0249233926061559 -0.999404573247495 -0.0238605002670193
      outer loop
         vertex 3.70350456796587 -49.8601906001568 76.4999985694885
         vertex 1.71197485178709 -49.9695427715778 79.0000036358833
         vertex -1.27953453920782 -49.9844588339329 76.4999985694885
      endloop
   endfacet
   facet normal 7.06324140125355E-11 -0.999982201435296 0.00596630644698819
      outer loop
         vertex -1.27953453920782 -49.9844588339329 76.4999985694885
         vertex 1.71197485178709 -49.9695427715778 79.0000036358833
         vertex -1.77797488868237 -49.9695427715778 79.0000036358833
      endloop
   endfacet
   facet normal -0.0697545836170348 -0.997532458218482 -0.0079556813037516
      outer loop
         vertex -1.27953453920782 -49.9844588339329 76.4999985694885
         vertex -1.77797488868237 -49.9695427715778 79.0000036358833
         vertex -5.25942305102944 -49.7260950505733 79.0000036358833
      endloop
   endfacet
   facet normal -0.069751837722054 -0.997492988521426 -0.0119339425585344
      outer loop
         vertex -5.25942305102944 -49.7260950505733 79.0000036358833
         vertex -1.77797488868237 -49.9695427715778 79.0000036358833
         vertex -3.76950460486114 -49.8601906001568 81.5000012516975
      endloop
   endfacet
   facet normal -0.124316689700657 -0.992022910265759 0.0208783660693013
      outer loop
         vertex -5.25942305102944 -49.7260950505733 79.0000036358833
         vertex -3.76950460486114 -49.8601906001568 81.5000012516975
         vertex -8.71540885418653 -49.2403879761696 81.5000012516975
      endloop
   endfacet
   facet normal 0.173594345232096 -0.984503568119383 0.0248541276983086
      outer loop
         vertex 11.09304651618 -48.746395856142 81.5000012516975
         vertex 6.18418538942933 -49.6119596064091 81.5000012516975
         vertex 8.64940881729126 -49.2403879761696 79.0000036358833
      endloop
   endfacet
   facet normal 0.13916620428944 -0.990219103175543 -0.00994461109809011
      outer loop
         vertex 8.64940881729126 -49.2403879761696 79.0000036358833
         vertex 6.18418538942933 -49.6119596064091 81.5000012516975
         vertex 5.19342301413417 -49.7260950505733 79.0000036358833
      endloop
   endfacet
   facet normal 0.0747207262099158 -0.997077594845545 0.0159085804421781
      outer loop
         vertex 6.18418538942933 -49.6119596064091 81.5000012516975
         vertex 1.21353461872786 -49.9844588339329 81.5000012516975
         vertex 5.19342301413417 -49.7260950505733 79.0000036358833
      endloop
   endfacet
   facet normal 0.0697545910179252 -0.997532457507885 0.00795570551247057
      outer loop
         vertex 5.19342301413417 -49.7260950505733 79.0000036358833
         vertex 1.21353461872786 -49.9844588339329 81.5000012516975
         vertex 1.71197485178709 -49.9695427715778 79.0000036358833
      endloop
   endfacet
   facet normal 0 -0.999982201327601 -0.00596632449710088
      outer loop
         vertex 1.71197485178709 -49.9695427715778 79.0000036358833
         vertex 1.21353461872786 -49.9844588339329 81.5000012516975
         vertex -1.77797488868237 -49.9695427715778 79.0000036358833
      endloop
   endfacet
   facet normal -0.0249233921850257 -0.999404571446241 0.0238605761528665
      outer loop
         vertex -1.77797488868237 -49.9695427715778 79.0000036358833
         vertex 1.21353461872786 -49.9844588339329 81.5000012516975
         vertex -3.76950460486114 -49.8601906001568 81.5000012516975
      endloop
   endfacet
   facet normal -0.456111012775366 -0.889677939626329 -0.0208784043279003
      outer loop
         vertex -25.033000856638 -43.3012694120407 76.4999985694885
         vertex -20.597355440259 -45.5752909183502 76.4999985694885
         vertex -21.9515580683947 -44.9397005140781 79.0000036358833
      endloop
   endfacet
   facet normal -0.406708019554164 -0.913480254116883 0.0119336569786649
      outer loop
         vertex -21.9515580683947 -44.9397005140781 79.0000036358833
         vertex -20.597355440259 -45.5752909183502 76.4999985694885
         vertex -18.763329833746 -46.3591925799847 79.0000036358833
      endloop
   endfacet
   facet normal -0.406724097476127 -0.913516407032179 0.00795503709909098
      outer loop
         vertex -21.9515580683947 -44.9397005140781 79.0000036358833
         vertex -18.763329833746 -46.3591925799847 79.0000036358833
         vertex -18.3000508695841 -46.543687582016 81.5000012516975
      endloop
   endfacet
   facet normal -0.342013653592705 -0.939676036754334 -0.00596713548007031
      outer loop
         vertex -18.3000508695841 -46.543687582016 81.5000012516975
         vertex -18.763329833746 -46.3591925799847 79.0000036358833
         vertex -15.4838496819139 -47.5528240203857 79.0000036358833
      endloop
   endfacet
   facet normal -0.318395990553676 -0.947657491309786 0.0238594292426859
      outer loop
         vertex -18.3000508695841 -46.543687582016 81.5000012516975
         vertex -15.4838496819139 -47.5528240203857 79.0000036358833
         vertex -13.5750230401754 -48.1312125921249 81.5000012516975
      endloop
   endfacet
   facet normal -0.275618382104063 -0.961193052161782 -0.0119341494148723
      outer loop
         vertex -13.5750230401754 -48.1312125921249 81.5000012516975
         vertex -15.4838496819139 -47.5528240203857 79.0000036358833
         vertex -12.1290944516659 -48.5147871077061 79.0000036358833
      endloop
   endfacet
   facet normal -0.222472452406516 -0.974715388115701 0.0208786994491827
      outer loop
         vertex -13.5750230401754 -48.1312125921249 81.5000012516975
         vertex -12.1290944516659 -48.5147871077061 79.0000036358833
         vertex -8.71540885418653 -49.2403879761696 81.5000012516975
      endloop
   endfacet
   facet normal -0.207911582569352 -0.978147623742709 0
      outer loop
         vertex -8.71540885418653 -49.2403879761696 81.5000012516975
         vertex -12.1290944516659 -48.5147871077061 79.0000036358833
         vertex -8.71540885418653 -49.2403879761696 79.0000036358833
      endloop
   endfacet
   facet normal -0.139173093020414 -0.990268069857416 0
      outer loop
         vertex -8.71540885418653 -49.2403879761696 81.5000012516975
         vertex -8.71540885418653 -49.2403879761696 79.0000036358833
         vertex -5.25942305102944 -49.7260950505733 79.0000036358833
      endloop
   endfacet
   facet normal -0.139166204303618 -0.990219103276425 0.00994460085455506
      outer loop
         vertex -5.25942305102944 -49.7260950505733 79.0000036358833
         vertex -8.71540885418653 -49.2403879761696 79.0000036358833
         vertex -6.25018542632461 -49.6119596064091 76.4999985694885
      endloop
   endfacet
   facet normal -0.0747207188562862 -0.997077596139266 -0.0159085338966904
      outer loop
         vertex -5.25942305102944 -49.7260950505733 79.0000036358833
         vertex -6.25018542632461 -49.6119596064091 76.4999985694885
         vertex -1.27953453920782 -49.9844588339329 76.4999985694885
      endloop
   endfacet
   facet normal -0.411235241596704 -0.911390426926916 0.015908041201698
      outer loop
         vertex -18.3000508695841 -46.543687582016 81.5000012516975
         vertex -22.8435322642326 -44.4935895502567 81.5000012516975
         vertex -21.9515580683947 -44.9397005140781 79.0000036358833
      endloop
   endfacet
   facet normal -0.469448094869036 -0.882904062644732 -0.0099449680371781
      outer loop
         vertex -21.9515580683947 -44.9397005140781 79.0000036358833
         vertex -22.8435322642326 -44.4935895502567 81.5000012516975
         vertex -25.033000856638 -43.3012694120407 79.0000036358833
      endloop
   endfacet
   facet normal -0.469471300080478 -0.882947732541822 -1.56808963965653E-08
      outer loop
         vertex -21.9515580683947 -44.9397005140781 79.0000036358833
         vertex -25.033000856638 -43.3012694120407 79.0000036358833
         vertex -25.033000856638 -43.3012694120407 76.4999985694885
      endloop
   endfacet
   facet normal -0.529919198701477 -0.848048137105191 0
      outer loop
         vertex -25.033000856638 -43.3012694120407 76.4999985694885
         vertex -25.033000856638 -43.3012694120407 79.0000036358833
         vertex -27.992645278573 -41.4518788456917 79.0000036358833
      endloop
   endfacet
   facet normal -0.542428128145198 -0.839842724757788 -0.0208787803358006
      outer loop
         vertex -25.033000856638 -43.3012694120407 76.4999985694885
         vertex -27.992645278573 -41.4518788456917 79.0000036358833
         vertex -29.2201843112707 -40.5968986451626 76.4999985694885
      endloop
   endfacet
   facet normal -0.587743544916752 -0.808959278962744 0.0119335823945303
      outer loop
         vertex -29.2201843112707 -40.5968986451626 76.4999985694885
         vertex -27.992645278573 -41.4518788456917 79.0000036358833
         vertex -30.8160744607449 -39.4005365669727 79.0000036358833
      endloop
   endfacet
   facet normal -0.623312239674641 -0.781608945184959 -0.0238601902473082
      outer loop
         vertex -29.2201843112707 -40.5968986451626 76.4999985694885
         vertex -30.8160744607449 -39.4005365669727 79.0000036358833
         vertex -33.1172905862331 -37.4890603125095 76.4999985694885
      endloop
   endfacet
   facet normal -0.64277625361144 -0.766030732120773 0.0059670126322961
      outer loop
         vertex -33.1172905862331 -37.4890603125095 76.4999985694885
         vertex -30.8160744607449 -39.4005365669727 79.0000036358833
         vertex -33.4895290434361 -37.1572412550449 79.0000036358833
      endloop
   endfacet
   facet normal -0.6946359538881 -0.719317463360523 -0.00795477658723927
      outer loop
         vertex -33.1172905862331 -37.4890603125095 76.4999985694885
         vertex -33.4895290434361 -37.1572412550449 79.0000036358833
         vertex -35.9999909996986 -34.7329191863537 79.0000036358833
      endloop
   endfacet
   facet normal -0.694608489405204 -0.719288983951911 -0.0119333151993968
      outer loop
         vertex -35.9999909996986 -34.7329191863537 79.0000036358833
         vertex -33.4895290434361 -37.1572412550449 79.0000036358833
         vertex -34.9448397755623 -35.7933416962624 81.5000012516975
      endloop
   endfacet
   facet normal -0.732891917223669 -0.680024623866183 0.0208793822674511
      outer loop
         vertex -35.9999909996986 -34.7329191863537 79.0000036358833
         vertex -34.9448397755623 -35.7933416962624 81.5000012516975
         vertex -38.3352227509022 -32.1393795311451 81.5000012516975
      endloop
   endfacet
   facet normal -0.499845420494081 -0.865757951102981 0.0248540884577131
      outer loop
         vertex -22.8435322642326 -44.4935895502567 81.5000012516975
         vertex -27.1603129804134 -42.0012958347797 81.5000012516975
         vertex -25.033000856638 -43.3012694120407 79.0000036358833
      endloop
   endfacet
   facet normal -0.529892962981477 -0.848006219554593 -0.00994481671214371
      outer loop
         vertex -25.033000856638 -43.3012694120407 79.0000036358833
         vertex -27.1603129804134 -42.0012958347797 81.5000012516975
         vertex -27.992645278573 -41.4518788456917 79.0000036358833
      endloop
   endfacet
   facet normal -0.58366942573317 -0.811835529751448 0.0159083027849475
      outer loop
         vertex -27.1603129804134 -42.0012958347797 81.5000012516975
         vertex -31.2074907124043 -39.0915758907795 81.5000012516975
         vertex -27.992645278573 -41.4518788456917 79.0000036358833
      endloop
   endfacet
   facet normal -0.587766810493704 -0.808991291427761 0.00795404778091628
      outer loop
         vertex -27.992645278573 -41.4518788456917 79.0000036358833
         vertex -31.2074907124043 -39.0915758907795 81.5000012516975
         vertex -30.8160744607449 -39.4005365669727 79.0000036358833
      endloop
   endfacet
   facet normal -0.642776220919249 -0.766030752764387 -0.00596788404669762
      outer loop
         vertex -30.8160744607449 -39.4005365669727 79.0000036358833
         vertex -31.2074907124043 -39.0915758907795 81.5000012516975
         vertex -33.4895290434361 -37.1572412550449 79.0000036358833
      endloop
   endfacet
   facet normal -0.661497912930583 -0.749567354791424 0.0238598369539903
      outer loop
         vertex -33.4895290434361 -37.1572412550449 79.0000036358833
         vertex -31.2074907124043 -39.0915758907795 81.5000012516975
         vertex -34.9448397755623 -35.7933416962624 81.5000012516975
      endloop
   endfacet
   facet normal -0.921275486331214 -0.388349797022687 -0.020878540121924
      outer loop
         vertex -47.0176301896572 -17.1010065823793 76.4999985694885
         vertex -45.0814440846443 -21.6941870748997 76.4999985694885
         vertex -45.7102730870247 -20.3368328511715 79.0000036358833
      endloop
   endfacet
   facet normal -0.89872979555848 -0.438340422750517 0.0119343352689178
      outer loop
         vertex -45.7102730870247 -20.3368328511715 79.0000036358833
         vertex -45.0814440846443 -21.6941870748997 76.4999985694885
         vertex -44.1803783178329 -23.4735775738955 79.0000036358833
      endloop
   endfacet
   facet normal -0.898765375888566 -0.438357765194255 0.00795416857897232
      outer loop
         vertex -45.7102730870247 -20.3368328511715 79.0000036358833
         vertex -44.1803783178329 -23.4735775738955 79.0000036358833
         vertex -43.9440794289112 -23.9126980304718 81.5000012516975
      endloop
   endfacet
   facet normal -0.8660100854865 -0.499990919321075 -0.00596761528003693
      outer loop
         vertex -43.9440794289112 -23.9126980304718 81.5000012516975
         vertex -44.1803783178329 -23.4735775738955 79.0000036358833
         vertex -42.4354039132595 -26.4959633350372 79.0000036358833
      endloop
   endfacet
   facet normal -0.853047832848397 -0.521286955311662 0.0238601151411662
      outer loop
         vertex -43.9440794289112 -23.9126980304718 81.5000012516975
         vertex -42.4354039132595 -26.4959633350372 79.0000036358833
         vertex -41.3449369370937 -28.1660035252571 81.5000012516975
      endloop
   endfacet
   facet normal -0.828978754935681 -0.559152767126816 -0.0119334353692914
      outer loop
         vertex -41.3449369370937 -28.1660035252571 81.5000012516975
         vertex -42.4354039132595 -26.4959633350372 79.0000036358833
         vertex -40.4838509857655 -29.3892621994019 79.0000036358833
      endloop
   endfacet
   facet normal -0.796958862316831 -0.603672622559967 0.0208790935204371
      outer loop
         vertex -41.3449369370937 -28.1660035252571 81.5000012516975
         vertex -40.4838509857655 -29.3892621994019 79.0000036358833
         vertex -38.3352227509022 -32.1393795311451 81.5000012516975
      endloop
   endfacet
   facet normal -0.78801059469729 -0.615661678720402 0
      outer loop
         vertex -38.3352227509022 -32.1393795311451 81.5000012516975
         vertex -40.4838509857655 -29.3892621994019 79.0000036358833
         vertex -38.3352227509022 -32.1393795311451 79.0000036358833
      endloop
   endfacet
   facet normal -0.743145121462643 -0.66913027763379 0
      outer loop
         vertex -38.3352227509022 -32.1393795311451 81.5000012516975
         vertex -38.3352227509022 -32.1393795311451 79.0000036358833
         vertex -35.9999909996986 -34.7329191863537 79.0000036358833
      endloop
   endfacet
   facet normal -0.743108300975575 -0.669097270331776 0.00994463954905137
      outer loop
         vertex -35.9999909996986 -34.7329191863537 79.0000036358833
         vertex -38.3352227509022 -32.1393795311451 79.0000036358833
         vertex -36.6855934262276 -34.0086370706558 76.4999985694885
      endloop
   endfacet
   facet normal -0.698148316556917 -0.715776390410141 -0.0159087089411139
      outer loop
         vertex -35.9999909996986 -34.7329191863537 79.0000036358833
         vertex -36.6855934262276 -34.0086370706558 76.4999985694885
         vertex -33.1172905862331 -37.4890603125095 76.4999985694885
      endloop
   endfacet
   facet normal -0.900854817130457 -0.433828916965602 0.015908150656291
      outer loop
         vertex -43.9440794289112 -23.9126980304718 81.5000012516975
         vertex -46.1068116128445 -19.4217395037413 81.5000012516975
         vertex -45.7102730870247 -20.3368328511715 79.0000036358833
      endloop
   endfacet
   facet normal -0.927138161839763 -0.374587665677254 -0.00994532970046749
      outer loop
         vertex -45.7102730870247 -20.3368328511715 79.0000036358833
         vertex -46.1068116128445 -19.4217395037413 81.5000012516975
         vertex -47.0176301896572 -17.1010065823793 79.0000036358833
      endloop
   endfacet
   facet normal -0.927184010367743 -0.374606207794785 1.17971326035664E-08
      outer loop
         vertex -45.7102730870247 -20.3368328511715 79.0000036358833
         vertex -47.0176301896572 -17.1010065823793 79.0000036358833
         vertex -47.0176301896572 -17.1010065823793 76.4999985694885
      endloop
   endfacet
   facet normal -0.951056565632929 -0.309016842528848 0
      outer loop
         vertex -47.0176301896572 -17.1010065823793 76.4999985694885
         vertex -47.0176301896572 -17.1010065823793 79.0000036358833
         vertex -48.0960831046104 -13.7818679213524 79.0000036358833
      endloop
   endfacet
   facet normal -0.955364367023757 -0.294691461189441 -0.0208774740648391
      outer loop
         vertex -47.0176301896572 -17.1010065823793 76.4999985694885
         vertex -48.0960831046104 -13.7818679213524 79.0000036358833
         vertex -48.4868660569191 -12.33786996454 76.4999985694885
      endloop
   endfacet
   facet normal -0.97022656607622 -0.24190486474173 0.0119351118231377
      outer loop
         vertex -48.4868660569191 -12.33786996454 76.4999985694885
         vertex -48.0960831046104 -13.7818679213524 79.0000036358833
         vertex -48.9403791725636 -10.395584627986 79.0000036358833
      endloop
   endfacet
   facet normal -0.979893531533563 -0.198089369290617 -0.0238593510541941
      outer loop
         vertex -48.4868660569191 -12.33786996454 76.4999985694885
         vertex -48.9403791725636 -10.395584627986 79.0000036358833
         vertex -49.4745410978794 -7.45211308822036 76.4999985694885
      endloop
   endfacet
   facet normal -0.984790249586999 -0.173644908015362 0.00596743150044772
      outer loop
         vertex -49.4745410978794 -7.45211308822036 76.4999985694885
         vertex -48.9403791725636 -10.395584627986 79.0000036358833
         vertex -49.5464019477367 -6.95865508168936 79.0000036358833
      endloop
   endfacet
   facet normal -0.994490431739078 -0.104525154961078 -0.00795444277024751
      outer loop
         vertex -49.4745410978794 -7.45211308822036 76.4999985694885
         vertex -49.5464019477367 -6.95865508168936 79.0000036358833
         vertex -49.9112010002136 -3.48782376386225 79.0000036358833
      endloop
   endfacet
   facet normal -0.994451073018116 -0.1045210166371 -0.0119340041170567
      outer loop
         vertex -49.9112010002136 -3.48782376386225 79.0000036358833
         vertex -49.5464019477367 -6.95865508168936 79.0000036358833
         vertex -49.7845374047756 -4.97839227318764 81.5000012516975
      endloop
   endfacet
   facet normal -0.998539208197397 -0.049835167766907 0.0208783559256862
      outer loop
         vertex -49.9112010002136 -3.48782376386225 79.0000036358833
         vertex -49.7845374047756 -4.97839227318764 81.5000012516975
         vertex -50.0329993665218 -1.13296312542701E-15 81.5000012516975
      endloop
   endfacet
   facet normal -0.939402510460879 -0.3419140540207 0.024853631584311
      outer loop
         vertex -46.1068116128445 -19.4217395037413 81.5000012516975
         vertex -47.8116385638714 -14.7377587854862 81.5000012516975
         vertex -47.0176301896572 -17.1010065823793 79.0000036358833
      endloop
   endfacet
   facet normal -0.951009539307142 -0.309001544066869 -0.00994494399726683
      outer loop
         vertex -47.0176301896572 -17.1010065823793 79.0000036358833
         vertex -47.8116385638714 -14.7377587854862 81.5000012516975
         vertex -48.0960831046104 -13.7818679213524 79.0000036358833
      endloop
   endfacet
   facet normal -0.968954542539195 -0.246726626872384 0.0159080509439344
      outer loop
         vertex -47.8116385638714 -14.7377587854862 81.5000012516975
         vertex -49.0416251122952 -9.90730710327625 81.5000012516975
         vertex -48.0960831046104 -13.7818679213524 79.0000036358833
      endloop
   endfacet
   facet normal -0.970264973416882 -0.24191446656215 0.00795438421798809
      outer loop
         vertex -48.0960831046104 -13.7818679213524 79.0000036358833
         vertex -49.0416251122952 -9.90730710327625 81.5000012516975
         vertex -48.9403791725636 -10.395584627986 79.0000036358833
      endloop
   endfacet
   facet normal -0.984790250094685 -0.173644897594985 -0.00596765093446816
      outer loop
         vertex -48.9403791725636 -10.395584627986 79.0000036358833
         vertex -49.0416251122952 -9.90730710327625 81.5000012516975
         vertex -49.5464019477367 -6.95865508168936 79.0000036358833
      endloop
   endfacet
   facet normal -0.988549381843512 -0.148999433250418 0.0238597683950214
      outer loop
         vertex -49.5464019477367 -6.95865508168936 79.0000036358833
         vertex -49.0416251122952 -9.90730710327625 81.5000012516975
         vertex -49.7845374047756 -4.97839227318764 81.5000012516975
      endloop
   endfacet
   facet normal 0.988549257922915 0.149000171681152 -0.0238602912605902
      outer loop
         vertex 49.7185401618481 4.97839227318764 76.4999985694885
         vertex 48.9756241440773 9.90730710327625 76.4999985694885
         vertex 49.4804047048092 6.95865508168936 79.0000036358833
      endloop
   endfacet
   facet normal 0.984790065833919 0.173645950225784 0.0059674286765507
      outer loop
         vertex 49.4804047048092 6.95865508168936 79.0000036358833
         vertex 48.9756241440773 9.90730710327625 76.4999985694885
         vertex 48.8743782043457 10.395584627986 79.0000036358833
      endloop
   endfacet
   facet normal 0.969038549788513 0.246747286070578 -0.00894795175335921
      outer loop
         vertex 48.9756241440773 9.90730710327625 76.4999985694885
         vertex 47.7456413209438 14.7377587854862 76.4999985694885
         vertex 48.8743782043457 10.395584627986 79.0000036358833
      endloop
   endfacet
   facet normal 0.970140546277255 0.241882376282194 -0.0178951533368456
      outer loop
         vertex 48.8743782043457 10.395584627986 79.0000036358833
         vertex 47.7456413209438 14.7377587854862 76.4999985694885
         vertex 48.0300858616829 13.7818679213524 79.0000036358833
      endloop
   endfacet
   facet normal 0.951009209585185 0.309002547046289 0.00994531060687799
      outer loop
         vertex 48.0300858616829 13.7818679213524 79.0000036358833
         vertex 47.7456413209438 14.7377587854862 76.4999985694885
         vertex 46.9516292214394 17.1010065823793 79.0000036358833
      endloop
   endfacet
   facet normal 0.939402289157256 0.341914715901123 -0.024852890704344
      outer loop
         vertex 46.9516292214394 17.1010065823793 79.0000036358833
         vertex 47.7456413209438 14.7377587854862 76.4999985694885
         vertex 46.0408106446266 19.4217395037413 76.4999985694885
      endloop
   endfacet
   facet normal 0.661497562757959 0.749567653326879 -0.0238601666238133
      outer loop
         vertex 34.8788425326347 35.7933416962624 76.4999985694885
         vertex 31.1414897441864 39.0915758907795 76.4999985694885
         vertex 33.4235318005085 37.1572412550449 79.0000036358833
      endloop
   endfacet
   facet normal 0.642775736303239 0.766031160726369 0.00596771447377562
      outer loop
         vertex 33.4235318005085 37.1572412550449 79.0000036358833
         vertex 31.1414897441864 39.0915758907795 76.4999985694885
         vertex 30.750073492527 39.4005365669727 79.0000036358833
      endloop
   endfacet
   facet normal 0.583720144034275 0.811905617509169 -0.00894772069635926
      outer loop
         vertex 31.1414897441864 39.0915758907795 76.4999985694885
         vertex 27.0943138748407 42.0012958347797 76.4999985694885
         vertex 30.750073492527 39.4005365669727 79.0000036358833
      endloop
   endfacet
   facet normal 0.587691289767015 0.808887338667588 -0.0178947275824434
      outer loop
         vertex 30.750073492527 39.4005365669727 79.0000036358833
         vertex 27.0943138748407 42.0012958347797 76.4999985694885
         vertex 27.9266443103552 41.4518788456917 79.0000036358833
      endloop
   endfacet
   facet normal 0.529892961150843 0.848006216624966 0.0099451640610944
      outer loop
         vertex 27.9266443103552 41.4518788456917 79.0000036358833
         vertex 27.0943138748407 42.0012958347797 76.4999985694885
         vertex 24.9669998884201 43.3012694120407 79.0000036358833
      endloop
   endfacet
   facet normal 0.499845425631122 0.8657579600006 -0.0248536752059134
      outer loop
         vertex 24.9669998884201 43.3012694120407 79.0000036358833
         vertex 27.0943138748407 42.0012958347797 76.4999985694885
         vertex 22.7775331586599 44.4935895502567 76.4999985694885
      endloop
   endfacet
   facet normal 0.0249233926061559 0.999404573247495 -0.0238605002670193
      outer loop
         vertex 3.70350456796587 49.8601906001568 76.4999985694885
         vertex -1.27953453920782 49.9844588339329 76.4999985694885
         vertex 1.71197485178709 49.9695427715778 79.0000036358833
      endloop
   endfacet
   facet normal 0 0.999982201432518 0.00596630691263288
      outer loop
         vertex 1.71197485178709 49.9695427715778 79.0000036358833
         vertex -1.27953453920782 49.9844588339329 76.4999985694885
         vertex -1.77797488868237 49.9695427715778 79.0000036358833
      endloop
   endfacet
   facet normal -0.074727182486512 0.997163857311216 -0.00894929437685843
      outer loop
         vertex -1.27953453920782 49.9844588339329 76.4999985694885
         vertex -6.25018542632461 49.6119596064091 76.4999985694885
         vertex -1.77797488868237 49.9695427715778 79.0000036358833
      endloop
   endfacet
   facet normal -0.0697456265899621 0.997404287793868 -0.0178950904434729
      outer loop
         vertex -1.77797488868237 49.9695427715778 79.0000036358833
         vertex -6.25018542632461 49.6119596064091 76.4999985694885
         vertex -5.25942305102944 49.7260950505733 79.0000036358833
      endloop
   endfacet
   facet normal -0.139166204303618 0.990219103276425 0.00994460085455506
      outer loop
         vertex -5.25942305102944 49.7260950505733 79.0000036358833
         vertex -6.25018542632461 49.6119596064091 76.4999985694885
         vertex -8.71540885418653 49.2403879761696 79.0000036358833
      endloop
   endfacet
   facet normal -0.173594355692022 0.984503567835994 -0.0248540658659588
      outer loop
         vertex -8.71540885418653 49.2403879761696 79.0000036358833
         vertex -6.25018542632461 49.6119596064091 76.4999985694885
         vertex -11.1590465530753 48.746395856142 76.4999985694885
      endloop
   endfacet
   facet normal -0.623312239674641 0.781608945184959 -0.0238601902473082
      outer loop
         vertex -29.2201843112707 40.5968986451626 76.4999985694885
         vertex -33.1172905862331 37.4890603125095 76.4999985694885
         vertex -30.8160744607449 39.4005365669727 79.0000036358833
      endloop
   endfacet
   facet normal -0.642776218640271 0.766030761477802 0.00596701099832807
      outer loop
         vertex -30.8160744607449 39.4005365669727 79.0000036358833
         vertex -33.1172905862331 37.4890603125095 76.4999985694885
         vertex -33.4895290434361 37.1572412550449 79.0000036358833
      endloop
   endfacet
   facet normal -0.698208740879501 0.715838304475471 -0.00894851971808821
      outer loop
         vertex -33.1172905862331 37.4890603125095 76.4999985694885
         vertex -36.6855934262276 34.0086370706558 76.4999985694885
         vertex -33.4895290434361 37.1572412550449 79.0000036358833
      endloop
   endfacet
   facet normal -0.694546685801206 0.71922503480855 -0.0178955454568843
      outer loop
         vertex -33.4895290434361 37.1572412550449 79.0000036358833
         vertex -36.6855934262276 34.0086370706558 76.4999985694885
         vertex -35.9999909996986 34.7329191863537 79.0000036358833
      endloop
   endfacet
   facet normal -0.743108300975575 0.669097270331776 0.00994463954905137
      outer loop
         vertex -35.9999909996986 34.7329191863537 79.0000036358833
         vertex -36.6855934262276 34.0086370706558 76.4999985694885
         vertex -38.3352227509022 32.1393795311451 79.0000036358833
      endloop
   endfacet
   facet normal -0.765807765338799 0.642589106937137 -0.0248536957518737
      outer loop
         vertex -38.3352227509022 32.1393795311451 79.0000036358833
         vertex -36.6855934262276 34.0086370706558 76.4999985694885
         vertex -39.8896262049675 30.1902201026678 76.4999985694885
      endloop
   endfacet
   facet normal -0.979893531533563 0.198089369290617 -0.0238593510541941
      outer loop
         vertex -48.4868660569191 12.33786996454 76.4999985694885
         vertex -49.4745410978794 7.45211308822036 76.4999985694885
         vertex -48.9403791725636 10.395584627986 79.0000036358833
      endloop
   endfacet
   facet normal -0.984790249606155 0.17364490801874 0.00596742824093464
      outer loop
         vertex -48.9403791725636 10.395584627986 79.0000036358833
         vertex -49.4745410978794 7.45211308822036 76.4999985694885
         vertex -49.5464019477367 6.95865508168936 79.0000036358833
      endloop
   endfacet
   facet normal -0.9949909241566 0.0995640137933984 -0.00894807260489012
      outer loop
         vertex -49.4745410978794 7.45211308822036 76.4999985694885
         vertex -49.9708466231823 2.49229418113828 76.4999985694885
         vertex -49.5464019477367 6.95865508168936 79.0000036358833
      endloop
   endfacet
   facet normal -0.994362661938752 0.104511723935211 -0.0178940242027958
      outer loop
         vertex -49.5464019477367 6.95865508168936 79.0000036358833
         vertex -49.9708466231823 2.49229418113828 76.4999985694885
         vertex -49.9112010002136 3.48782376386225 79.0000036358833
      endloop
   endfacet
   facet normal -0.999341388472374 0.034898024743718 0.00994571038666692
      outer loop
         vertex -49.9112010002136 3.48782376386225 79.0000036358833
         vertex -49.9708466231823 2.49229418113828 76.4999985694885
         vertex -50.0329993665218 -1.28603889483939E-15 79.0000036358833
      endloop
   endfacet
   facet normal -0.999691107417621 0 -0.0248533649659337
      outer loop
         vertex -50.0329993665218 -1.28603889483939E-15 79.0000036358833
         vertex -49.9708466231823 2.49229418113828 76.4999985694885
         vertex -49.9708466231823 -2.49229418113828 76.4999985694885
      endloop
   endfacet
   facet normal -0.877971628894521 -0.478117725809038 -0.0238591517765061
      outer loop
         vertex -45.0814440846443 -21.6941870748997 76.4999985694885
         vertex -42.6975451409817 -26.0717608034611 76.4999985694885
         vertex -44.1803783178329 -23.4735775738955 79.0000036358833
      endloop
   endfacet
   facet normal -0.866010097478728 -0.499990896442465 0.00596779184830806
      outer loop
         vertex -44.1803783178329 -23.4735775738955 79.0000036358833
         vertex -42.6975451409817 -26.0717608034611 76.4999985694885
         vertex -42.4354039132595 -26.4959633350372 79.0000036358833
      endloop
   endfacet
   facet normal -0.829011588395259 -0.559174855181176 -0.00795409576764799
      outer loop
         vertex -42.4354039132595 -26.4959633350372 79.0000036358833
         vertex -42.6975451409817 -26.0717608034611 76.4999985694885
         vertex -40.4838509857655 -29.3892621994019 79.0000036358833
      endloop
   endfacet
   facet normal -0.826134121363174 -0.563248916069114 -0.0159082389491672
      outer loop
         vertex -40.4838509857655 -29.3892621994019 79.0000036358833
         vertex -42.6975451409817 -26.0717608034611 76.4999985694885
         vertex -39.8896262049675 -30.1902201026678 76.4999985694885
      endloop
   endfacet
   facet normal -0.78797162682312 -0.615631231343905 0.00994496433949023
      outer loop
         vertex -40.4838509857655 -29.3892621994019 79.0000036358833
         vertex -39.8896262049675 -30.1902201026678 76.4999985694885
         vertex -38.3352227509022 -32.1393795311451 79.0000036358833
      endloop
   endfacet
   facet normal -0.765807765338799 -0.642589106937137 -0.0248536957518737
      outer loop
         vertex -38.3352227509022 -32.1393795311451 79.0000036358833
         vertex -39.8896262049675 -30.1902201026678 76.4999985694885
         vertex -36.6855934262276 -34.0086370706558 76.4999985694885
      endloop
   endfacet
   facet normal -0.365237036901738 -0.930608713977983 -0.0238606023285956
      outer loop
         vertex -20.597355440259 -45.5752909183502 76.4999985694885
         vertex -15.9573331475258 -47.3963655531406 76.4999985694885
         vertex -18.763329833746 -46.3591925799847 79.0000036358833
      endloop
   endfacet
   facet normal -0.342013627510241 -0.939676046974575 0.00596702099229419
      outer loop
         vertex -18.763329833746 -46.3591925799847 79.0000036358833
         vertex -15.9573331475258 -47.3963655531406 76.4999985694885
         vertex -15.4838496819139 -47.5528240203857 79.0000036358833
      endloop
   endfacet
   facet normal -0.270829942334411 -0.962585615705708 -0.00894845079347
      outer loop
         vertex -15.9573331475258 -47.3963655531406 76.4999985694885
         vertex -11.1590465530753 -48.746395856142 76.4999985694885
         vertex -15.4838496819139 -47.5528240203857 79.0000036358833
      endloop
   endfacet
   facet normal -0.275593883371891 -0.961107574835484 -0.0178952798764288
      outer loop
         vertex -15.4838496819139 -47.5528240203857 79.0000036358833
         vertex -11.1590465530753 -48.746395856142 76.4999985694885
         vertex -12.1290944516659 -48.5147871077061 79.0000036358833
      endloop
   endfacet
   facet normal -0.207901290202283 -0.978099255667069 0.00994482758780443
      outer loop
         vertex -12.1290944516659 -48.5147871077061 79.0000036358833
         vertex -11.1590465530753 -48.746395856142 76.4999985694885
         vertex -8.71540885418653 -49.2403879761696 79.0000036358833
      endloop
   endfacet
   facet normal -0.173594355692022 -0.984503567835994 -0.0248540658659588
      outer loop
         vertex -8.71540885418653 -49.2403879761696 79.0000036358833
         vertex -11.1590465530753 -48.746395856142 76.4999985694885
         vertex -6.25018542632461 -49.6119596064091 76.4999985694885
      endloop
   endfacet
   facet normal 0.318395955980691 -0.947657506208094 -0.0238592988706557
      outer loop
         vertex 13.5090230032802 -48.1312125921249 76.4999985694885
         vertex 18.2340517640114 -46.543687582016 76.4999985694885
         vertex 15.4178496450186 -47.5528240203857 79.0000036358833
      endloop
   endfacet
   facet normal 0.342013679548765 -0.939676026186802 0.00596731189858842
      outer loop
         vertex 15.4178496450186 -47.5528240203857 79.0000036358833
         vertex 18.2340517640114 -46.543687582016 76.4999985694885
         vertex 18.6973288655281 -46.3591925799847 79.0000036358833
      endloop
   endfacet
   facet normal 0.411270799173537 -0.911469284976866 -0.00894831218279522
      outer loop
         vertex 18.2340517640114 -46.543687582016 76.4999985694885
         vertex 22.7775331586599 -44.4935895502567 76.4999985694885
         vertex 18.6973288655281 -46.3591925799847 79.0000036358833
      endloop
   endfacet
   facet normal 0.406671850121092 -0.913399036763267 -0.0178942996237516
      outer loop
         vertex 18.6973288655281 -46.3591925799847 79.0000036358833
         vertex 22.7775331586599 -44.4935895502567 76.4999985694885
         vertex 21.8855571001768 -44.9397005140781 79.0000036358833
      endloop
   endfacet
   facet normal 0.469448093329813 -0.882904059749872 0.00994529769276464
      outer loop
         vertex 21.8855571001768 -44.9397005140781 79.0000036358833
         vertex 22.7775331586599 -44.4935895502567 76.4999985694885
         vertex 24.9669998884201 -43.3012694120407 79.0000036358833
      endloop
   endfacet
   facet normal 0.499845425631122 -0.8657579600006 -0.0248536752059134
      outer loop
         vertex 24.9669998884201 -43.3012694120407 79.0000036358833
         vertex 22.7775331586599 -44.4935895502567 76.4999985694885
         vertex 27.0943138748407 -42.0012958347797 76.4999985694885
      endloop
   endfacet
   facet normal 0.853048116945064 -0.521286469964179 -0.0238605617864554
      outer loop
         vertex 41.2789396941662 -28.1660035252571 76.4999985694885
         vertex 43.8780784606934 -23.9126980304718 76.4999985694885
         vertex 42.369406670332 -26.4959633350372 79.0000036358833
      endloop
   endfacet
   facet normal 0.866010094309126 -0.499990919804399 0.00596629431474437
      outer loop
         vertex 42.369406670332 -26.4959633350372 79.0000036358833
         vertex 43.8780784606934 -23.9126980304718 76.4999985694885
         vertex 44.1143810749054 -23.4735775738955 79.0000036358833
      endloop
   endfacet
   facet normal 0.900932735497335 -0.433866474063506 -0.00894923421246403
      outer loop
         vertex 43.8780784606934 -23.9126980304718 76.4999985694885
         vertex 46.0408106446266 -19.4217395037413 76.4999985694885
         vertex 44.1143810749054 -23.4735775738955 79.0000036358833
      endloop
   endfacet
   facet normal 0.898650333011339 -0.43830054258257 -0.0178945061522903
      outer loop
         vertex 44.1143810749054 -23.4735775738955 79.0000036358833
         vertex 46.0408106446266 -19.4217395037413 76.4999985694885
         vertex 45.6442721188068 -20.3368328511715 79.0000036358833
      endloop
   endfacet
   facet normal 0.927138153753772 -0.374587686492116 0.00994529951945848
      outer loop
         vertex 45.6442721188068 -20.3368328511715 79.0000036358833
         vertex 46.0408106446266 -19.4217395037413 76.4999985694885
         vertex 46.9516292214394 -17.1010065823793 79.0000036358833
      endloop
   endfacet
   facet normal 0.939402289157256 -0.341914715901123 -0.024852890704344
      outer loop
         vertex 46.9516292214394 -17.1010065823793 79.0000036358833
         vertex 46.0408106446266 -19.4217395037413 76.4999985694885
         vertex 47.7456413209438 -14.7377587854862 76.4999985694885
      endloop
   endfacet
   facet normal 0 0 1
      outer loop
         vertex 48.4208650887012 12.33786996454 81.5000012516975
         vertex 46.9516292214394 17.1010065823793 81.5000012516975
         vertex 46.518724411726 15.5172413215041 81.5000012516975
      endloop
   endfacet
   facet normal 0 0 1
      outer loop
         vertex 46.518724411726 15.5172413215041 81.5000012516975
         vertex 46.9516292214394 17.1010065823793 81.5000012516975
         vertex 43.0704466998577 15.5172413215041 81.5000012516975
      endloop
   endfacet
   facet normal 0 0 1
      outer loop
         vertex 46.518724411726 15.5172413215041 81.5000012516975
         vertex 43.0704466998577 15.5172413215041 81.5000012516975
         vertex 46.518724411726 12.068965472281 81.5000012516975
      endloop
   endfacet
   facet normal 0 0 1
      outer loop
         vertex 46.518724411726 12.068965472281 81.5000012516975
         vertex 43.0704466998577 15.5172413215041 81.5000012516975
         vertex 43.0704466998577 12.068965472281 81.5000012516975
      endloop
   endfacet
   facet normal 0 0 1
      outer loop
         vertex 46.518724411726 12.068965472281 81.5000012516975
         vertex 43.0704466998577 12.068965472281 81.5000012516975
         vertex 46.518724411726 8.62068962305784 81.5000012516975
      endloop
   endfacet
   facet normal 0 0 1
      outer loop
         vertex 46.518724411726 8.62068962305784 81.5000012516975
         vertex 43.0704466998577 12.068965472281 81.5000012516975
         vertex 43.0704466998577 8.62068962305784 81.5000012516975
      endloop
   endfacet
   facet normal 0 0 1
      outer loop
         vertex 46.518724411726 8.62068962305784 81.5000012516975
         vertex 43.0704466998577 8.62068962305784 81.5000012516975
         vertex 46.518724411726 5.17241377383471 81.5000012516975
      endloop
   endfacet
   facet normal 0 0 1
      outer loop
         vertex 46.518724411726 5.17241377383471 81.5000012516975
         vertex 43.0704466998577 8.62068962305784 81.5000012516975
         vertex 43.0704466998577 5.17241377383471 81.5000012516975
      endloop
   endfacet
   facet normal 0 0 1
      outer loop
         vertex 46.518724411726 5.17241377383471 81.5000012516975
         vertex 43.0704466998577 5.17241377383471 81.5000012516975
         vertex 46.518724411726 1.72413792461157 81.5000012516975
      endloop
   endfacet
   facet normal 0 0 1
      outer loop
         vertex 46.518724411726 1.72413792461157 81.5000012516975
         vertex 43.0704466998577 5.17241377383471 81.5000012516975
         vertex 43.0704466998577 1.72413792461157 81.5000012516975
      endloop
   endfacet
   facet normal 0 0 1
      outer loop
         vertex 46.518724411726 1.72413792461157 81.5000012516975
         vertex 43.0704466998577 1.72413792461157 81.5000012516975
         vertex 46.518724411726 -1.72413792461157 81.5000012516975
      endloop
   endfacet
   facet normal 0 0 1
      outer loop
         vertex 46.518724411726 -1.72413792461157 81.5000012516975
         vertex 43.0704466998577 1.72413792461157 81.5000012516975
         vertex 43.0704466998577 -1.72413792461157 81.5000012516975
      endloop
   endfacet
   facet normal 0 0 1
      outer loop
         vertex 46.518724411726 -1.72413792461157 81.5000012516975
         vertex 43.0704466998577 -1.72413792461157 81.5000012516975
         vertex 46.518724411726 -5.17241377383471 81.5000012516975
      endloop
   endfacet
   facet normal 0 0 1
      outer loop
         vertex 46.518724411726 -5.17241377383471 81.5000012516975
         vertex 43.0704466998577 -1.72413792461157 81.5000012516975
         vertex 43.0704466998577 -5.17241377383471 81.5000012516975
      endloop
   endfacet
   facet normal 0 0 1
      outer loop
         vertex 46.518724411726 -5.17241377383471 81.5000012516975
         vertex 43.0704466998577 -5.17241377383471 81.5000012516975
         vertex 46.518724411726 -8.62068962305784 81.5000012516975
      endloop
   endfacet
   facet normal 0 0 1
      outer loop
         vertex 46.518724411726 -8.62068962305784 81.5000012516975
         vertex 43.0704466998577 -5.17241377383471 81.5000012516975
         vertex 43.0704466998577 -8.62068962305784 81.5000012516975
      endloop
   endfacet
   facet normal 0 0 1
      outer loop
         vertex 46.518724411726 -8.62068962305784 81.5000012516975
         vertex 43.0704466998577 -8.62068962305784 81.5000012516975
         vertex 46.518724411726 -12.068965472281 81.5000012516975
      endloop
   endfacet
   facet normal 0 0 1
      outer loop
         vertex 46.518724411726 -12.068965472281 81.5000012516975
         vertex 43.0704466998577 -8.62068962305784 81.5000012516975
         vertex 43.0704466998577 -12.068965472281 81.5000012516975
      endloop
   endfacet
   facet normal 0 0 1
      outer loop
         vertex 46.518724411726 -12.068965472281 81.5000012516975
         vertex 43.0704466998577 -12.068965472281 81.5000012516975
         vertex 46.518724411726 -15.5172413215041 81.5000012516975
      endloop
   endfacet
   facet normal 0 0 1
      outer loop
         vertex 46.518724411726 -15.5172413215041 81.5000012516975
         vertex 43.0704466998577 -12.068965472281 81.5000012516975
         vertex 43.0704466998577 -15.5172413215041 81.5000012516975
      endloop
   endfacet
   facet normal 0 0 1
      outer loop
         vertex 46.518724411726 -15.5172413215041 81.5000012516975
         vertex 43.0704466998577 -15.5172413215041 81.5000012516975
         vertex 46.9516292214394 -17.1010065823793 81.5000012516975
      endloop
   endfacet
   facet normal 0 0 1
      outer loop
         vertex 46.9516292214394 -17.1010065823793 81.5000012516975
         vertex 43.0704466998577 -15.5172413215041 81.5000012516975
         vertex 43.0704466998577 -18.9655181020498 81.5000012516975
      endloop
   endfacet
   facet normal 0 0 1
      outer loop
         vertex 46.9516292214394 -17.1010065823793 81.5000012516975
         vertex 43.0704466998577 -18.9655181020498 81.5000012516975
         vertex 45.0154431164265 -21.6941870748997 81.5000012516975
      endloop
   endfacet
   facet normal 0 0 1
      outer loop
         vertex 45.0154431164265 -21.6941870748997 81.5000012516975
         vertex 43.0704466998577 -18.9655181020498 81.5000012516975
         vertex 43.0704466998577 -22.413793951273 81.5000012516975
      endloop
   endfacet
   facet normal 0 0 1
      outer loop
         vertex 45.0154431164265 -21.6941870748997 81.5000012516975
         vertex 43.0704466998577 -22.413793951273 81.5000012516975
         vertex 42.6315441727638 -26.0717608034611 81.5000012516975
      endloop
   endfacet
   facet normal 0 0 1
      outer loop
         vertex 42.6315441727638 -26.0717608034611 81.5000012516975
         vertex 43.0704466998577 -22.413793951273 81.5000012516975
         vertex 39.6221727132797 -22.413793951273 81.5000012516975
      endloop
   endfacet
   facet normal 0 0 1
      outer loop
         vertex 42.6315441727638 -26.0717608034611 81.5000012516975
         vertex 39.6221727132797 -22.413793951273 81.5000012516975
         vertex 39.6221727132797 -25.8620698004961 81.5000012516975
      endloop
   endfacet
   facet normal 0 0 1
      outer loop
         vertex 39.6221727132797 -25.8620698004961 81.5000012516975
         vertex 39.6221727132797 -22.413793951273 81.5000012516975
         vertex 36.1738950014114 -22.413793951273 81.5000012516975
      endloop
   endfacet
   facet normal 0 0 1
      outer loop
         vertex 39.6221727132797 -25.8620698004961 81.5000012516975
         vertex 36.1738950014114 -22.413793951273 81.5000012516975
         vertex 36.1738950014114 -25.8620698004961 81.5000012516975
      endloop
   endfacet
   facet normal 0 0 1
      outer loop
         vertex 36.1738950014114 -25.8620698004961 81.5000012516975
         vertex 36.1738950014114 -22.413793951273 81.5000012516975
         vertex 32.7256210148335 -22.413793951273 81.5000012516975
      endloop
   endfacet
   facet normal 0 0 1
      outer loop
         vertex 36.1738950014114 -25.8620698004961 81.5000012516975
         vertex 32.7256210148335 -22.413793951273 81.5000012516975
         vertex 32.7256210148335 -25.8620698004961 81.5000012516975
      endloop
   endfacet
   facet normal 0 0 1
      outer loop
         vertex 32.7256210148335 -25.8620698004961 81.5000012516975
         vertex 32.7256210148335 -22.413793951273 81.5000012516975
         vertex 29.2773451656103 -22.413793951273 81.5000012516975
      endloop
   endfacet
   facet normal 0 0 1
      outer loop
         vertex 32.7256210148335 -25.8620698004961 81.5000012516975
         vertex 29.2773451656103 -22.413793951273 81.5000012516975
         vertex 29.2773451656103 -25.8620698004961 81.5000012516975
      endloop
   endfacet
   facet normal 0 0 1
      outer loop
         vertex 29.2773451656103 -25.8620698004961 81.5000012516975
         vertex 29.2773451656103 -22.413793951273 81.5000012516975
         vertex 25.8290693163872 -22.413793951273 81.5000012516975
      endloop
   endfacet
   facet normal 0 0 1
      outer loop
         vertex 29.2773451656103 -25.8620698004961 81.5000012516975
         vertex 25.8290693163872 -22.413793951273 81.5000012516975
         vertex 25.8290693163872 -25.8620698004961 81.5000012516975
      endloop
   endfacet
   facet normal 0 0 1
      outer loop
         vertex 25.8290693163872 -25.8620698004961 81.5000012516975
         vertex 25.8290693163872 -22.413793951273 81.5000012516975
         vertex 22.380793467164 -22.413793951273 81.5000012516975
      endloop
   endfacet
   facet normal 0 0 1
      outer loop
         vertex 25.8290693163872 -25.8620698004961 81.5000012516975
         vertex 22.380793467164 -22.413793951273 81.5000012516975
         vertex 22.380793467164 -25.8620698004961 81.5000012516975
      endloop
   endfacet
   facet normal 0 0 1
      outer loop
         vertex 22.380793467164 -25.8620698004961 81.5000012516975
         vertex 22.380793467164 -22.413793951273 81.5000012516975
         vertex 18.9325176179409 -22.413793951273 81.5000012516975
      endloop
   endfacet
   facet normal 0 0 1
      outer loop
         vertex 22.380793467164 -25.8620698004961 81.5000012516975
         vertex 18.9325176179409 -22.413793951273 81.5000012516975
         vertex 18.9325176179409 -25.8620698004961 81.5000012516975
      endloop
   endfacet
   facet normal 0 0 1
      outer loop
         vertex 18.9325176179409 -25.8620698004961 81.5000012516975
         vertex 18.9325176179409 -22.413793951273 81.5000012516975
         vertex 15.4842417687178 -22.413793951273 81.5000012516975
      endloop
   endfacet
   facet normal 0 0 1
      outer loop
         vertex 18.9325176179409 -25.8620698004961 81.5000012516975
         vertex 15.4842417687178 -22.413793951273 81.5000012516975
         vertex 15.4842417687178 -25.8620698004961 81.5000012516975
      endloop
   endfacet
   facet normal 0 0 1
      outer loop
         vertex 15.4842417687178 -25.8620698004961 81.5000012516975
         vertex 15.4842417687178 -22.413793951273 81.5000012516975
         vertex 12.0359659194946 -22.413793951273 81.5000012516975
      endloop
   endfacet
   facet normal 0 0 1
      outer loop
         vertex 15.4842417687178 -25.8620698004961 81.5000012516975
         vertex 12.0359659194946 -22.413793951273 81.5000012516975
         vertex 12.0359659194946 -25.8620698004961 81.5000012516975
      endloop
   endfacet
   facet normal 0 0 1
      outer loop
         vertex 12.0359659194946 -25.8620698004961 81.5000012516975
         vertex 12.0359659194946 -22.413793951273 81.5000012516975
         vertex 8.58769007027149 -22.413793951273 81.5000012516975
      endloop
   endfacet
   facet normal 0 0 1
      outer loop
         vertex 12.0359659194946 -25.8620698004961 81.5000012516975
         vertex 8.58769007027149 -22.413793951273 81.5000012516975
         vertex 8.58769007027149 -25.8620698004961 81.5000012516975
      endloop
   endfacet
   facet normal 0 0 1
      outer loop
         vertex 8.58769007027149 -25.8620698004961 81.5000012516975
         vertex 8.58769007027149 -22.413793951273 81.5000012516975
         vertex 5.13941375538707 -22.413793951273 81.5000012516975
      endloop
   endfacet
   facet normal 0 0 1
      outer loop
         vertex 8.58769007027149 -25.8620698004961 81.5000012516975
         vertex 5.13941375538707 -22.413793951273 81.5000012516975
         vertex 5.13941375538707 -25.8620698004961 81.5000012516975
      endloop
   endfacet
   facet normal 0 0 1
      outer loop
         vertex 5.13941375538707 -25.8620698004961 81.5000012516975
         vertex 5.13941375538707 -22.413793951273 81.5000012516975
         vertex 1.69113790616393 -22.413793951273 81.5000012516975
      endloop
   endfacet
   facet normal 0 0 1
      outer loop
         vertex 5.13941375538707 -25.8620698004961 81.5000012516975
         vertex 1.69113790616393 -22.413793951273 81.5000012516975
         vertex 1.69113790616393 -25.8620698004961 81.5000012516975
      endloop
   endfacet
   facet normal 0 0 1
      outer loop
         vertex 1.69113790616393 -25.8620698004961 81.5000012516975
         vertex 1.69113790616393 -22.413793951273 81.5000012516975
         vertex -1.75713794305921 -22.413793951273 81.5000012516975
      endloop
   endfacet
   facet normal 0 0 1
      outer loop
         vertex 1.69113790616393 -25.8620698004961 81.5000012516975
         vertex -1.75713794305921 -22.413793951273 81.5000012516975
         vertex -1.75713794305921 -25.8620698004961 81.5000012516975
      endloop
   endfacet
   facet normal 0 0 1
      outer loop
         vertex -1.75713794305921 -25.8620698004961 81.5000012516975
         vertex -1.75713794305921 -22.413793951273 81.5000012516975
         vertex -5.20541379228234 -22.413793951273 81.5000012516975
      endloop
   endfacet
   facet normal 0 0 1
      outer loop
         vertex -1.75713794305921 -25.8620698004961 81.5000012516975
         vertex -5.20541379228234 -22.413793951273 81.5000012516975
         vertex -5.20541379228234 -25.8620698004961 81.5000012516975
      endloop
   endfacet
   facet normal 0 0 1
      outer loop
         vertex -5.20541379228234 -25.8620698004961 81.5000012516975
         vertex -5.20541379228234 -22.413793951273 81.5000012516975
         vertex -8.65369010716677 -22.413793951273 81.5000012516975
      endloop
   endfacet
   facet normal 0 0 1
      outer loop
         vertex -5.20541379228234 -25.8620698004961 81.5000012516975
         vertex -8.65369010716677 -22.413793951273 81.5000012516975
         vertex -8.65369010716677 -25.8620698004961 81.5000012516975
      endloop
   endfacet
   facet normal 0 0 1
      outer loop
         vertex -8.65369010716677 -25.8620698004961 81.5000012516975
         vertex -8.65369010716677 -22.413793951273 81.5000012516975
         vertex -12.1019659563899 -22.413793951273 81.5000012516975
      endloop
   endfacet
   facet normal 0 0 1
      outer loop
         vertex -8.65369010716677 -25.8620698004961 81.5000012516975
         vertex -12.1019659563899 -22.413793951273 81.5000012516975
         vertex -12.1019659563899 -25.8620698004961 81.5000012516975
      endloop
   endfacet
   facet normal 0 0 1
      outer loop
         vertex -12.1019659563899 -25.8620698004961 81.5000012516975
         vertex -12.1019659563899 -22.413793951273 81.5000012516975
         vertex -15.550241805613 -22.413793951273 81.5000012516975
      endloop
   endfacet
   facet normal 0 0 1
      outer loop
         vertex -12.1019659563899 -25.8620698004961 81.5000012516975
         vertex -15.550241805613 -22.413793951273 81.5000012516975
         vertex -15.550241805613 -25.8620698004961 81.5000012516975
      endloop
   endfacet
   facet normal 0 0 1
      outer loop
         vertex -15.550241805613 -25.8620698004961 81.5000012516975
         vertex -15.550241805613 -22.413793951273 81.5000012516975
         vertex -18.9985167235136 -22.413793951273 81.5000012516975
      endloop
   endfacet
   facet normal 0 0 1
      outer loop
         vertex -15.550241805613 -25.8620698004961 81.5000012516975
         vertex -18.9985167235136 -22.413793951273 81.5000012516975
         vertex -18.9985167235136 -25.8620698004961 81.5000012516975
      endloop
   endfacet
   facet normal 0 0 1
      outer loop
         vertex -18.9985167235136 -25.8620698004961 81.5000012516975
         vertex -18.9985167235136 -22.413793951273 81.5000012516975
         vertex -22.4467925727367 -22.413793951273 81.5000012516975
      endloop
   endfacet
   facet normal 0 0 1
      outer loop
         vertex -18.9985167235136 -25.8620698004961 81.5000012516975
         vertex -22.4467925727367 -22.413793951273 81.5000012516975
         vertex -22.4467925727367 -25.8620698004961 81.5000012516975
      endloop
   endfacet
   facet normal 0 0 1
      outer loop
         vertex -22.4467925727367 -25.8620698004961 81.5000012516975
         vertex -22.4467925727367 -22.413793951273 81.5000012516975
         vertex -25.8950684219599 -22.413793951273 81.5000012516975
      endloop
   endfacet
   facet normal 0 0 1
      outer loop
         vertex -22.4467925727367 -25.8620698004961 81.5000012516975
         vertex -25.8950684219599 -22.413793951273 81.5000012516975
         vertex -25.8950684219599 -25.8620698004961 81.5000012516975
      endloop
   endfacet
   facet normal 0 0 1
      outer loop
         vertex -25.8950684219599 -25.8620698004961 81.5000012516975
         vertex -25.8950684219599 -22.413793951273 81.5000012516975
         vertex -29.343344271183 -22.413793951273 81.5000012516975
      endloop
   endfacet
   facet normal 0 0 1
      outer loop
         vertex -25.8950684219599 -25.8620698004961 81.5000012516975
         vertex -29.343344271183 -22.413793951273 81.5000012516975
         vertex -29.343344271183 -25.8620698004961 81.5000012516975
      endloop
   endfacet
   facet normal 0 0 1
      outer loop
         vertex -29.343344271183 -25.8620698004961 81.5000012516975
         vertex -29.343344271183 -22.413793951273 81.5000012516975
         vertex -32.7916219830513 -22.413793951273 81.5000012516975
      endloop
   endfacet
   facet normal 0 0 1
      outer loop
         vertex -29.343344271183 -25.8620698004961 81.5000012516975
         vertex -32.7916219830513 -22.413793951273 81.5000012516975
         vertex -32.7916219830513 -25.8620698004961 81.5000012516975
      endloop
   endfacet
   facet normal 0 0 1
      outer loop
         vertex -32.7916219830513 -25.8620698004961 81.5000012516975
         vertex -32.7916219830513 -22.413793951273 81.5000012516975
         vertex -36.2398959696293 -22.413793951273 81.5000012516975
      endloop
   endfacet
   facet normal 0 0 1
      outer loop
         vertex -32.7916219830513 -25.8620698004961 81.5000012516975
         vertex -36.2398959696293 -22.413793951273 81.5000012516975
         vertex -36.2398959696293 -25.8620698004961 81.5000012516975
      endloop
   endfacet
   facet normal 0 0 1
      outer loop
         vertex -36.2398959696293 -25.8620698004961 81.5000012516975
         vertex -36.2398959696293 -22.413793951273 81.5000012516975
         vertex -39.6881736814976 -22.413793951273 81.5000012516975
      endloop
   endfacet
   facet normal 0 0 1
      outer loop
         vertex -36.2398959696293 -25.8620698004961 81.5000012516975
         vertex -39.6881736814976 -22.413793951273 81.5000012516975
         vertex -39.6881736814976 -25.8620698004961 81.5000012516975
      endloop
   endfacet
   facet normal 0 0 1
      outer loop
         vertex -39.6881736814976 -25.8620698004961 81.5000012516975
         vertex -39.6881736814976 -22.413793951273 81.5000012516975
         vertex -43.1364476680756 -22.413793951273 81.5000012516975
      endloop
   endfacet
   facet normal 0 0 1
      outer loop
         vertex -39.6881736814976 -25.8620698004961 81.5000012516975
         vertex -43.1364476680756 -22.413793951273 81.5000012516975
         vertex -43.9440794289112 -23.9126980304718 81.5000012516975
      endloop
   endfacet
   facet normal 0 0 1
      outer loop
         vertex -43.9440794289112 -23.9126980304718 81.5000012516975
         vertex -43.1364476680756 -22.413793951273 81.5000012516975
         vertex -46.1068116128445 -19.4217395037413 81.5000012516975
      endloop
   endfacet
   facet normal 0 0 1
      outer loop
         vertex -18.9985167235136 -22.413793951273 81.5000012516975
         vertex -15.550241805613 -22.413793951273 81.5000012516975
         vertex -18.9985167235136 -18.9655181020498 81.5000012516975
      endloop
   endfacet
   facet normal 0 0 1
      outer loop
         vertex -18.9985167235136 -18.9655181020498 81.5000012516975
         vertex -15.550241805613 -22.413793951273 81.5000012516975
         vertex -15.550241805613 -18.9655181020498 81.5000012516975
      endloop
   endfacet
   facet normal 0 0 1
      outer loop
         vertex -18.9985167235136 -18.9655181020498 81.5000012516975
         vertex -15.550241805613 -18.9655181020498 81.5000012516975
         vertex -18.9985167235136 -15.5172413215041 81.5000012516975
      endloop
   endfacet
   facet normal 0 0 1
      outer loop
         vertex -18.9985167235136 -15.5172413215041 81.5000012516975
         vertex -15.550241805613 -18.9655181020498 81.5000012516975
         vertex -15.550241805613 -15.5172413215041 81.5000012516975
      endloop
   endfacet
   facet normal 0 0 1
      outer loop
         vertex -18.9985167235136 -15.5172413215041 81.5000012516975
         vertex -15.550241805613 -15.5172413215041 81.5000012516975
         vertex -18.9985167235136 -12.068965472281 81.5000012516975
      endloop
   endfacet
   facet normal 0 0 1
      outer loop
         vertex -18.9985167235136 -12.068965472281 81.5000012516975
         vertex -15.550241805613 -15.5172413215041 81.5000012516975
         vertex -15.550241805613 -12.068965472281 81.5000012516975
      endloop
   endfacet
   facet normal 0 0 1
      outer loop
         vertex -18.9985167235136 -12.068965472281 81.5000012516975
         vertex -15.550241805613 -12.068965472281 81.5000012516975
         vertex -18.9985167235136 -8.62068962305784 81.5000012516975
      endloop
   endfacet
   facet normal 0 0 1
      outer loop
         vertex -18.9985167235136 -8.62068962305784 81.5000012516975
         vertex -15.550241805613 -12.068965472281 81.5000012516975
         vertex -15.550241805613 -8.62068962305784 81.5000012516975
      endloop
   endfacet
   facet normal 0 0 1
      outer loop
         vertex -18.9985167235136 -8.62068962305784 81.5000012516975
         vertex -15.550241805613 -8.62068962305784 81.5000012516975
         vertex -18.9985167235136 -5.17241377383471 81.5000012516975
      endloop
   endfacet
   facet normal 0 0 1
      outer loop
         vertex -18.9985167235136 -5.17241377383471 81.5000012516975
         vertex -15.550241805613 -8.62068962305784 81.5000012516975
         vertex -15.550241805613 -5.17241377383471 81.5000012516975
      endloop
   endfacet
   facet normal 0 0 1
      outer loop
         vertex -18.9985167235136 -5.17241377383471 81.5000012516975
         vertex -15.550241805613 -5.17241377383471 81.5000012516975
         vertex -18.9985167235136 -1.72413792461157 81.5000012516975
      endloop
   endfacet
   facet normal 0 0 1
      outer loop
         vertex -18.9985167235136 -1.72413792461157 81.5000012516975
         vertex -15.550241805613 -5.17241377383471 81.5000012516975
         vertex -15.550241805613 -1.72413792461157 81.5000012516975
      endloop
   endfacet
   facet normal 0 0 1
      outer loop
         vertex -18.9985167235136 -1.72413792461157 81.5000012516975
         vertex -15.550241805613 -1.72413792461157 81.5000012516975
         vertex -18.9985167235136 1.72413792461157 81.5000012516975
      endloop
   endfacet
   facet normal 0 0 1
      outer loop
         vertex -18.9985167235136 1.72413792461157 81.5000012516975
         vertex -15.550241805613 -1.72413792461157 81.5000012516975
         vertex -15.550241805613 1.72413792461157 81.5000012516975
      endloop
   endfacet
   facet normal 0 0 1
      outer loop
         vertex -18.9985167235136 1.72413792461157 81.5000012516975
         vertex -15.550241805613 1.72413792461157 81.5000012516975
         vertex -18.9985167235136 5.17241377383471 81.5000012516975
      endloop
   endfacet
   facet normal 0 0 1
      outer loop
         vertex -18.9985167235136 5.17241377383471 81.5000012516975
         vertex -15.550241805613 1.72413792461157 81.5000012516975
         vertex -15.550241805613 5.17241377383471 81.5000012516975
      endloop
   endfacet
   facet normal 0 0 1
      outer loop
         vertex -18.9985167235136 5.17241377383471 81.5000012516975
         vertex -15.550241805613 5.17241377383471 81.5000012516975
         vertex -18.9985167235136 8.62068962305784 81.5000012516975
      endloop
   endfacet
   facet normal 0 0 1
      outer loop
         vertex -18.9985167235136 8.62068962305784 81.5000012516975
         vertex -15.550241805613 5.17241377383471 81.5000012516975
         vertex -15.550241805613 8.62068962305784 81.5000012516975
      endloop
   endfacet
   facet normal 0 0 1
      outer loop
         vertex -18.9985167235136 8.62068962305784 81.5000012516975
         vertex -15.550241805613 8.62068962305784 81.5000012516975
         vertex -18.9985167235136 12.068965472281 81.5000012516975
      endloop
   endfacet
   facet normal 0 0 1
      outer loop
         vertex -18.9985167235136 12.068965472281 81.5000012516975
         vertex -15.550241805613 8.62068962305784 81.5000012516975
         vertex -15.550241805613 12.068965472281 81.5000012516975
      endloop
   endfacet
   facet normal 0 0 1
      outer loop
         vertex -18.9985167235136 12.068965472281 81.5000012516975
         vertex -15.550241805613 12.068965472281 81.5000012516975
         vertex -18.9985167235136 15.5172413215041 81.5000012516975
      endloop
   endfacet
   facet normal 0 0 1
      outer loop
         vertex -18.9985167235136 15.5172413215041 81.5000012516975
         vertex -15.550241805613 12.068965472281 81.5000012516975
         vertex -15.550241805613 15.5172413215041 81.5000012516975
      endloop
   endfacet
   facet normal 0 0 1
      outer loop
         vertex -18.9985167235136 15.5172413215041 81.5000012516975
         vertex -15.550241805613 15.5172413215041 81.5000012516975
         vertex -18.9985167235136 18.9655181020498 81.5000012516975
      endloop
   endfacet
   facet normal 0 0 1
      outer loop
         vertex -18.9985167235136 18.9655181020498 81.5000012516975
         vertex -15.550241805613 15.5172413215041 81.5000012516975
         vertex -15.550241805613 18.9655181020498 81.5000012516975
      endloop
   endfacet
   facet normal 0 0 1
      outer loop
         vertex -18.9985167235136 18.9655181020498 81.5000012516975
         vertex -15.550241805613 18.9655181020498 81.5000012516975
         vertex -18.9985167235136 22.413793951273 81.5000012516975
      endloop
   endfacet
   facet normal 0 0 1
      outer loop
         vertex -18.9985167235136 22.413793951273 81.5000012516975
         vertex -15.550241805613 18.9655181020498 81.5000012516975
         vertex -15.550241805613 22.413793951273 81.5000012516975
      endloop
   endfacet
   facet normal 0 0 1
      outer loop
         vertex -18.9985167235136 22.413793951273 81.5000012516975
         vertex -15.550241805613 22.413793951273 81.5000012516975
         vertex -18.9985167235136 25.8620698004961 81.5000012516975
      endloop
   endfacet
   facet normal 0 0 1
      outer loop
         vertex -18.9985167235136 25.8620698004961 81.5000012516975
         vertex -15.550241805613 22.413793951273 81.5000012516975
         vertex -15.550241805613 25.8620698004961 81.5000012516975
      endloop
   endfacet
   facet normal 0 0 1
      outer loop
         vertex -18.9985167235136 25.8620698004961 81.5000012516975
         vertex -15.550241805613 25.8620698004961 81.5000012516975
         vertex -18.9985167235136 29.3103456497192 81.5000012516975
      endloop
   endfacet
   facet normal 0 0 1
      outer loop
         vertex -18.9985167235136 29.3103456497192 81.5000012516975
         vertex -15.550241805613 25.8620698004961 81.5000012516975
         vertex -15.550241805613 29.3103456497192 81.5000012516975
      endloop
   endfacet
   facet normal 0 0 1
      outer loop
         vertex -18.9985167235136 29.3103456497192 81.5000012516975
         vertex -15.550241805613 29.3103456497192 81.5000012516975
         vertex -18.9985167235136 32.7586196362972 81.5000012516975
      endloop
   endfacet
   facet normal 0 0 1
      outer loop
         vertex -18.9985167235136 32.7586196362972 81.5000012516975
         vertex -15.550241805613 29.3103456497192 81.5000012516975
         vertex -15.550241805613 32.7586196362972 81.5000012516975
      endloop
   endfacet
   facet normal 0 0 1
      outer loop
         vertex -18.9985167235136 32.7586196362972 81.5000012516975
         vertex -15.550241805613 32.7586196362972 81.5000012516975
         vertex -18.9985167235136 36.2068973481655 81.5000012516975
      endloop
   endfacet
   facet normal 0 0 1
      outer loop
         vertex -18.9985167235136 36.2068973481655 81.5000012516975
         vertex -15.550241805613 32.7586196362972 81.5000012516975
         vertex -15.550241805613 36.2068973481655 81.5000012516975
      endloop
   endfacet
   facet normal 0 0 1
      outer loop
         vertex -18.9985167235136 36.2068973481655 81.5000012516975
         vertex -15.550241805613 36.2068973481655 81.5000012516975
         vertex -18.9985167235136 39.6551713347435 81.5000012516975
      endloop
   endfacet
   facet normal 0 0 1
      outer loop
         vertex -18.9985167235136 39.6551713347435 81.5000012516975
         vertex -15.550241805613 36.2068973481655 81.5000012516975
         vertex -15.550241805613 39.6551713347435 81.5000012516975
      endloop
   endfacet
   facet normal 0 0 1
      outer loop
         vertex -18.9985167235136 39.6551713347435 81.5000012516975
         vertex -15.550241805613 39.6551713347435 81.5000012516975
         vertex -18.9985167235136 43.1034490466118 81.5000012516975
      endloop
   endfacet
   facet normal 0 0 1
      outer loop
         vertex -18.9985167235136 43.1034490466118 81.5000012516975
         vertex -15.550241805613 39.6551713347435 81.5000012516975
         vertex -15.550241805613 43.1034490466118 81.5000012516975
      endloop
   endfacet
   facet normal 0 0 1
      outer loop
         vertex -18.9985167235136 43.1034490466118 81.5000012516975
         vertex -15.550241805613 43.1034490466118 81.5000012516975
         vertex -18.3000508695841 46.543687582016 81.5000012516975
      endloop
   endfacet
   facet normal 0 0 1
      outer loop
         vertex -18.3000508695841 46.543687582016 81.5000012516975
         vertex -15.550241805613 43.1034490466118 81.5000012516975
         vertex -15.550241805613 46.5517230331898 81.5000012516975
      endloop
   endfacet
   facet normal 0 0 1
      outer loop
         vertex -18.3000508695841 46.543687582016 81.5000012516975
         vertex -15.550241805613 46.5517230331898 81.5000012516975
         vertex -13.5750230401754 48.1312125921249 81.5000012516975
      endloop
   endfacet
   facet normal 0 0 1
      outer loop
         vertex -13.5750230401754 48.1312125921249 81.5000012516975
         vertex -15.550241805613 46.5517230331898 81.5000012516975
         vertex -12.1019659563899 46.5517230331898 81.5000012516975
      endloop
   endfacet
   facet normal 0 0 1
      outer loop
         vertex -13.5750230401754 48.1312125921249 81.5000012516975
         vertex -12.1019659563899 46.5517230331898 81.5000012516975
         vertex -8.71540885418653 49.2403879761696 81.5000012516975
      endloop
   endfacet
   facet normal 0 0 1
      outer loop
         vertex -8.71540885418653 49.2403879761696 81.5000012516975
         vertex -12.1019659563899 46.5517230331898 81.5000012516975
         vertex -8.65369010716677 46.5517230331898 81.5000012516975
      endloop
   endfacet
   facet normal 0 0 1
      outer loop
         vertex -8.71540885418653 49.2403879761696 81.5000012516975
         vertex -8.65369010716677 46.5517230331898 81.5000012516975
         vertex -5.20541379228234 46.5517230331898 81.5000012516975
      endloop
   endfacet
   facet normal 0 0 1
      outer loop
         vertex -5.20541379228234 46.5517230331898 81.5000012516975
         vertex -8.65369010716677 46.5517230331898 81.5000012516975
         vertex -5.20541379228234 43.1034490466118 81.5000012516975
      endloop
   endfacet
   facet normal 0 0 1
      outer loop
         vertex -5.20541379228234 46.5517230331898 81.5000012516975
         vertex -5.20541379228234 43.1034490466118 81.5000012516975
         vertex -1.75713794305921 43.1034490466118 81.5000012516975
      endloop
   endfacet
   facet normal 0 0 1
      outer loop
         vertex -1.75713794305921 43.1034490466118 81.5000012516975
         vertex -5.20541379228234 43.1034490466118 81.5000012516975
         vertex -1.75713794305921 39.6551713347435 81.5000012516975
      endloop
   endfacet
   facet normal 0 0 1
      outer loop
         vertex -1.75713794305921 43.1034490466118 81.5000012516975
         vertex -1.75713794305921 39.6551713347435 81.5000012516975
         vertex 1.69113790616393 39.6551713347435 81.5000012516975
      endloop
   endfacet
   facet normal 0 0 1
      outer loop
         vertex 1.69113790616393 39.6551713347435 81.5000012516975
         vertex -1.75713794305921 39.6551713347435 81.5000012516975
         vertex 1.69113790616393 36.2068973481655 81.5000012516975
      endloop
   endfacet
   facet normal 0 0 1
      outer loop
         vertex 1.69113790616393 39.6551713347435 81.5000012516975
         vertex 1.69113790616393 36.2068973481655 81.5000012516975
         vertex 5.13941375538707 36.2068973481655 81.5000012516975
      endloop
   endfacet
   facet normal 0 0 1
      outer loop
         vertex 5.13941375538707 36.2068973481655 81.5000012516975
         vertex 1.69113790616393 36.2068973481655 81.5000012516975
         vertex 5.13941375538707 32.7586196362972 81.5000012516975
      endloop
   endfacet
   facet normal 0 0 1
      outer loop
         vertex 5.13941375538707 36.2068973481655 81.5000012516975
         vertex 5.13941375538707 32.7586196362972 81.5000012516975
         vertex 8.58769007027149 32.7586196362972 81.5000012516975
      endloop
   endfacet
   facet normal 0 0 1
      outer loop
         vertex 8.58769007027149 32.7586196362972 81.5000012516975
         vertex 5.13941375538707 32.7586196362972 81.5000012516975
         vertex 8.58769007027149 29.3103456497192 81.5000012516975
      endloop
   endfacet
   facet normal 0 0 1
      outer loop
         vertex 8.58769007027149 32.7586196362972 81.5000012516975
         vertex 8.58769007027149 29.3103456497192 81.5000012516975
         vertex 12.0359659194946 29.3103456497192 81.5000012516975
      endloop
   endfacet
   facet normal 0 0 1
      outer loop
         vertex 12.0359659194946 29.3103456497192 81.5000012516975
         vertex 8.58769007027149 29.3103456497192 81.5000012516975
         vertex 12.0359659194946 25.8620698004961 81.5000012516975
      endloop
   endfacet
   facet normal 0 0 1
      outer loop
         vertex 12.0359659194946 29.3103456497192 81.5000012516975
         vertex 12.0359659194946 25.8620698004961 81.5000012516975
         vertex 15.4842417687178 25.8620698004961 81.5000012516975
      endloop
   endfacet
   facet normal 0 0 1
      outer loop
         vertex 15.4842417687178 25.8620698004961 81.5000012516975
         vertex 12.0359659194946 25.8620698004961 81.5000012516975
         vertex 15.4842417687178 22.413793951273 81.5000012516975
      endloop
   endfacet
   facet normal 0 0 1
      outer loop
         vertex 15.4842417687178 25.8620698004961 81.5000012516975
         vertex 15.4842417687178 22.413793951273 81.5000012516975
         vertex 18.9325176179409 22.413793951273 81.5000012516975
      endloop
   endfacet
   facet normal 0 0 1
      outer loop
         vertex 18.9325176179409 22.413793951273 81.5000012516975
         vertex 15.4842417687178 22.413793951273 81.5000012516975
         vertex 18.9325176179409 18.9655181020498 81.5000012516975
      endloop
   endfacet
   facet normal 0 0 1
      outer loop
         vertex 18.9325176179409 22.413793951273 81.5000012516975
         vertex 18.9325176179409 18.9655181020498 81.5000012516975
         vertex 22.380793467164 18.9655181020498 81.5000012516975
      endloop
   endfacet
   facet normal 0 0 1
      outer loop
         vertex 22.380793467164 18.9655181020498 81.5000012516975
         vertex 18.9325176179409 18.9655181020498 81.5000012516975
         vertex 22.380793467164 15.5172413215041 81.5000012516975
      endloop
   endfacet
   facet normal 0 0 1
      outer loop
         vertex 22.380793467164 18.9655181020498 81.5000012516975
         vertex 22.380793467164 15.5172413215041 81.5000012516975
         vertex 25.8290693163872 15.5172413215041 81.5000012516975
      endloop
   endfacet
   facet normal 0 0 1
      outer loop
         vertex 25.8290693163872 15.5172413215041 81.5000012516975
         vertex 22.380793467164 15.5172413215041 81.5000012516975
         vertex 25.8290693163872 12.068965472281 81.5000012516975
      endloop
   endfacet
   facet normal 0 0 1
      outer loop
         vertex 25.8290693163872 15.5172413215041 81.5000012516975
         vertex 25.8290693163872 12.068965472281 81.5000012516975
         vertex 29.2773451656103 12.068965472281 81.5000012516975
      endloop
   endfacet
   facet normal 0 0 1
      outer loop
         vertex 29.2773451656103 12.068965472281 81.5000012516975
         vertex 25.8290693163872 12.068965472281 81.5000012516975
         vertex 29.2773451656103 8.62068962305784 81.5000012516975
      endloop
   endfacet
   facet normal 0 0 1
      outer loop
         vertex 29.2773451656103 12.068965472281 81.5000012516975
         vertex 29.2773451656103 8.62068962305784 81.5000012516975
         vertex 32.7256210148335 8.62068962305784 81.5000012516975
      endloop
   endfacet
   facet normal 0 0 1
      outer loop
         vertex 32.7256210148335 8.62068962305784 81.5000012516975
         vertex 29.2773451656103 8.62068962305784 81.5000012516975
         vertex 32.7256210148335 5.17241377383471 81.5000012516975
      endloop
   endfacet
   facet normal 0 0 1
      outer loop
         vertex 32.7256210148335 8.62068962305784 81.5000012516975
         vertex 32.7256210148335 5.17241377383471 81.5000012516975
         vertex 36.1738950014114 5.17241377383471 81.5000012516975
      endloop
   endfacet
   facet normal 0 0 1
      outer loop
         vertex 36.1738950014114 5.17241377383471 81.5000012516975
         vertex 32.7256210148335 5.17241377383471 81.5000012516975
         vertex 36.1738950014114 1.72413792461157 81.5000012516975
      endloop
   endfacet
   facet normal 0 0 1
      outer loop
         vertex 36.1738950014114 5.17241377383471 81.5000012516975
         vertex 36.1738950014114 1.72413792461157 81.5000012516975
         vertex 39.6221727132797 1.72413792461157 81.5000012516975
      endloop
   endfacet
   facet normal 0 0 1
      outer loop
         vertex 39.6221727132797 1.72413792461157 81.5000012516975
         vertex 36.1738950014114 1.72413792461157 81.5000012516975
         vertex 39.6221727132797 -1.72413792461157 81.5000012516975
      endloop
   endfacet
   facet normal 0 0 1
      outer loop
         vertex 39.6221727132797 1.72413792461157 81.5000012516975
         vertex 39.6221727132797 -1.72413792461157 81.5000012516975
         vertex 43.0704466998577 -1.72413792461157 81.5000012516975
      endloop
   endfacet
   facet normal 0 0 1
      outer loop
         vertex 43.0704466998577 -1.72413792461157 81.5000012516975
         vertex 39.6221727132797 -1.72413792461157 81.5000012516975
         vertex 43.0704466998577 -5.17241377383471 81.5000012516975
      endloop
   endfacet
   facet normal 0 0 1
      outer loop
         vertex -32.7916219830513 -22.413793951273 81.5000012516975
         vertex -29.343344271183 -22.413793951273 81.5000012516975
         vertex -32.7916219830513 -18.9655181020498 81.5000012516975
      endloop
   endfacet
   facet normal 0 0 1
      outer loop
         vertex -32.7916219830513 -18.9655181020498 81.5000012516975
         vertex -29.343344271183 -22.413793951273 81.5000012516975
         vertex -29.343344271183 -18.9655181020498 81.5000012516975
      endloop
   endfacet
   facet normal 0 0 1
      outer loop
         vertex -32.7916219830513 -18.9655181020498 81.5000012516975
         vertex -29.343344271183 -18.9655181020498 81.5000012516975
         vertex -32.7916219830513 -15.5172413215041 81.5000012516975
      endloop
   endfacet
   facet normal 0 0 1
      outer loop
         vertex -32.7916219830513 -15.5172413215041 81.5000012516975
         vertex -29.343344271183 -18.9655181020498 81.5000012516975
         vertex -29.343344271183 -15.5172413215041 81.5000012516975
      endloop
   endfacet
   facet normal 0 0 1
      outer loop
         vertex -32.7916219830513 -15.5172413215041 81.5000012516975
         vertex -29.343344271183 -15.5172413215041 81.5000012516975
         vertex -32.7916219830513 -12.068965472281 81.5000012516975
      endloop
   endfacet
   facet normal 0 0 1
      outer loop
         vertex -32.7916219830513 -12.068965472281 81.5000012516975
         vertex -29.343344271183 -15.5172413215041 81.5000012516975
         vertex -29.343344271183 -12.068965472281 81.5000012516975
      endloop
   endfacet
   facet normal 0 0 1
      outer loop
         vertex -32.7916219830513 -12.068965472281 81.5000012516975
         vertex -29.343344271183 -12.068965472281 81.5000012516975
         vertex -32.7916219830513 -8.62068962305784 81.5000012516975
      endloop
   endfacet
   facet normal 0 0 1
      outer loop
         vertex -32.7916219830513 -8.62068962305784 81.5000012516975
         vertex -29.343344271183 -12.068965472281 81.5000012516975
         vertex -29.343344271183 -8.62068962305784 81.5000012516975
      endloop
   endfacet
   facet normal 0 0 1
      outer loop
         vertex -32.7916219830513 -8.62068962305784 81.5000012516975
         vertex -29.343344271183 -8.62068962305784 81.5000012516975
         vertex -32.7916219830513 -5.17241377383471 81.5000012516975
      endloop
   endfacet
   facet normal 0 0 1
      outer loop
         vertex -32.7916219830513 -5.17241377383471 81.5000012516975
         vertex -29.343344271183 -8.62068962305784 81.5000012516975
         vertex -29.343344271183 -5.17241377383471 81.5000012516975
      endloop
   endfacet
   facet normal 0 0 1
      outer loop
         vertex -32.7916219830513 -5.17241377383471 81.5000012516975
         vertex -29.343344271183 -5.17241377383471 81.5000012516975
         vertex -32.7916219830513 -1.72413792461157 81.5000012516975
      endloop
   endfacet
   facet normal 0 0 1
      outer loop
         vertex -32.7916219830513 -1.72413792461157 81.5000012516975
         vertex -29.343344271183 -5.17241377383471 81.5000012516975
         vertex -29.343344271183 -1.72413792461157 81.5000012516975
      endloop
   endfacet
   facet normal 0 0 1
      outer loop
         vertex -32.7916219830513 -1.72413792461157 81.5000012516975
         vertex -29.343344271183 -1.72413792461157 81.5000012516975
         vertex -32.7916219830513 1.72413792461157 81.5000012516975
      endloop
   endfacet
   facet normal 0 0 1
      outer loop
         vertex -32.7916219830513 1.72413792461157 81.5000012516975
         vertex -29.343344271183 -1.72413792461157 81.5000012516975
         vertex -29.343344271183 1.72413792461157 81.5000012516975
      endloop
   endfacet
   facet normal 0 0 1
      outer loop
         vertex -32.7916219830513 1.72413792461157 81.5000012516975
         vertex -29.343344271183 1.72413792461157 81.5000012516975
         vertex -32.7916219830513 5.17241377383471 81.5000012516975
      endloop
   endfacet
   facet normal 0 0 1
      outer loop
         vertex -32.7916219830513 5.17241377383471 81.5000012516975
         vertex -29.343344271183 1.72413792461157 81.5000012516975
         vertex -29.343344271183 5.17241377383471 81.5000012516975
      endloop
   endfacet
   facet normal 0 0 1
      outer loop
         vertex -32.7916219830513 5.17241377383471 81.5000012516975
         vertex -29.343344271183 5.17241377383471 81.5000012516975
         vertex -32.7916219830513 8.62068962305784 81.5000012516975
      endloop
   endfacet
   facet normal 0 0 1
      outer loop
         vertex -32.7916219830513 8.62068962305784 81.5000012516975
         vertex -29.343344271183 5.17241377383471 81.5000012516975
         vertex -29.343344271183 8.62068962305784 81.5000012516975
      endloop
   endfacet
   facet normal 0 0 1
      outer loop
         vertex -32.7916219830513 8.62068962305784 81.5000012516975
         vertex -29.343344271183 8.62068962305784 81.5000012516975
         vertex -32.7916219830513 12.068965472281 81.5000012516975
      endloop
   endfacet
   facet normal 0 0 1
      outer loop
         vertex -32.7916219830513 12.068965472281 81.5000012516975
         vertex -29.343344271183 8.62068962305784 81.5000012516975
         vertex -29.343344271183 12.068965472281 81.5000012516975
      endloop
   endfacet
   facet normal 0 0 1
      outer loop
         vertex -32.7916219830513 12.068965472281 81.5000012516975
         vertex -29.343344271183 12.068965472281 81.5000012516975
         vertex -32.7916219830513 15.5172413215041 81.5000012516975
      endloop
   endfacet
   facet normal 0 0 1
      outer loop
         vertex -32.7916219830513 15.5172413215041 81.5000012516975
         vertex -29.343344271183 12.068965472281 81.5000012516975
         vertex -29.343344271183 15.5172413215041 81.5000012516975
      endloop
   endfacet
   facet normal 0 0 1
      outer loop
         vertex -32.7916219830513 15.5172413215041 81.5000012516975
         vertex -29.343344271183 15.5172413215041 81.5000012516975
         vertex -32.7916219830513 18.9655181020498 81.5000012516975
      endloop
   endfacet
   facet normal 0 0 1
      outer loop
         vertex -32.7916219830513 18.9655181020498 81.5000012516975
         vertex -29.343344271183 15.5172413215041 81.5000012516975
         vertex -29.343344271183 18.9655181020498 81.5000012516975
      endloop
   endfacet
   facet normal 0 0 1
      outer loop
         vertex -32.7916219830513 18.9655181020498 81.5000012516975
         vertex -29.343344271183 18.9655181020498 81.5000012516975
         vertex -32.7916219830513 22.413793951273 81.5000012516975
      endloop
   endfacet
   facet normal 0 0 1
      outer loop
         vertex -32.7916219830513 22.413793951273 81.5000012516975
         vertex -29.343344271183 18.9655181020498 81.5000012516975
         vertex -29.343344271183 22.413793951273 81.5000012516975
      endloop
   endfacet
   facet normal 0 0 1
      outer loop
         vertex -32.7916219830513 22.413793951273 81.5000012516975
         vertex -29.343344271183 22.413793951273 81.5000012516975
         vertex -32.7916219830513 25.8620698004961 81.5000012516975
      endloop
   endfacet
   facet normal 0 0 1
      outer loop
         vertex -32.7916219830513 25.8620698004961 81.5000012516975
         vertex -29.343344271183 22.413793951273 81.5000012516975
         vertex -29.343344271183 25.8620698004961 81.5000012516975
      endloop
   endfacet
   facet normal 0 0 1
      outer loop
         vertex -32.7916219830513 25.8620698004961 81.5000012516975
         vertex -29.343344271183 25.8620698004961 81.5000012516975
         vertex -32.7916219830513 29.3103456497192 81.5000012516975
      endloop
   endfacet
   facet normal 0 0 1
      outer loop
         vertex -32.7916219830513 29.3103456497192 81.5000012516975
         vertex -29.343344271183 25.8620698004961 81.5000012516975
         vertex -29.343344271183 29.3103456497192 81.5000012516975
      endloop
   endfacet
   facet normal 0 0 1
      outer loop
         vertex -32.7916219830513 29.3103456497192 81.5000012516975
         vertex -29.343344271183 29.3103456497192 81.5000012516975
         vertex -32.7916219830513 32.7586196362972 81.5000012516975
      endloop
   endfacet
   facet normal 0 0 1
      outer loop
         vertex -32.7916219830513 32.7586196362972 81.5000012516975
         vertex -29.343344271183 29.3103456497192 81.5000012516975
         vertex -29.343344271183 32.7586196362972 81.5000012516975
      endloop
   endfacet
   facet normal 0 0 1
      outer loop
         vertex -32.7916219830513 32.7586196362972 81.5000012516975
         vertex -29.343344271183 32.7586196362972 81.5000012516975
         vertex -32.7916219830513 36.2068973481655 81.5000012516975
      endloop
   endfacet
   facet normal 0 0 1
      outer loop
         vertex -32.7916219830513 36.2068973481655 81.5000012516975
         vertex -29.343344271183 32.7586196362972 81.5000012516975
         vertex -29.343344271183 36.2068973481655 81.5000012516975
      endloop
   endfacet
   facet normal 0 0 1
      outer loop
         vertex -32.7916219830513 36.2068973481655 81.5000012516975
         vertex -29.343344271183 36.2068973481655 81.5000012516975
         vertex -31.2074907124043 39.0915758907795 81.5000012516975
      endloop
   endfacet
   facet normal 0 0 1
      outer loop
         vertex -31.2074907124043 39.0915758907795 81.5000012516975
         vertex -29.343344271183 36.2068973481655 81.5000012516975
         vertex -29.343344271183 39.6551713347435 81.5000012516975
      endloop
   endfacet
   facet normal 0 0 1
      outer loop
         vertex -31.2074907124043 39.0915758907795 81.5000012516975
         vertex -29.343344271183 39.6551713347435 81.5000012516975
         vertex -27.1603129804134 42.0012958347797 81.5000012516975
      endloop
   endfacet
   facet normal 0 0 1
      outer loop
         vertex -27.1603129804134 42.0012958347797 81.5000012516975
         vertex -29.343344271183 39.6551713347435 81.5000012516975
         vertex -25.8950684219599 39.6551713347435 81.5000012516975
      endloop
   endfacet
   facet normal 0 0 1
      outer loop
         vertex -27.1603129804134 42.0012958347797 81.5000012516975
         vertex -25.8950684219599 39.6551713347435 81.5000012516975
         vertex -22.4467925727367 43.1034490466118 81.5000012516975
      endloop
   endfacet
   facet normal 0 0 1
      outer loop
         vertex -22.4467925727367 43.1034490466118 81.5000012516975
         vertex -25.8950684219599 39.6551713347435 81.5000012516975
         vertex -22.4467925727367 39.6551713347435 81.5000012516975
      endloop
   endfacet
   facet normal 0 0 1
      outer loop
         vertex -22.4467925727367 43.1034490466118 81.5000012516975
         vertex -22.4467925727367 39.6551713347435 81.5000012516975
         vertex -18.9985167235136 39.6551713347435 81.5000012516975
      endloop
   endfacet
   facet normal 0 0 1
      outer loop
         vertex -18.9985167235136 39.6551713347435 81.5000012516975
         vertex -22.4467925727367 39.6551713347435 81.5000012516975
         vertex -18.9985167235136 36.2068973481655 81.5000012516975
      endloop
   endfacet
   facet normal 0 0 1
      outer loop
         vertex -31.2074907124043 39.0915758907795 81.5000012516975
         vertex -34.9448397755623 35.7933416962624 81.5000012516975
         vertex -32.7916219830513 36.2068973481655 81.5000012516975
      endloop
   endfacet
   facet normal 0 0 1
      outer loop
         vertex -32.7916219830513 36.2068973481655 81.5000012516975
         vertex -34.9448397755623 35.7933416962624 81.5000012516975
         vertex -32.7916219830513 32.7586196362972 81.5000012516975
      endloop
   endfacet
   facet normal 0 0 1
      outer loop
         vertex -32.7916219830513 32.7586196362972 81.5000012516975
         vertex -34.9448397755623 35.7933416962624 81.5000012516975
         vertex -36.2398959696293 32.7586196362972 81.5000012516975
      endloop
   endfacet
   facet normal 0 0 1
      outer loop
         vertex -36.2398959696293 32.7586196362972 81.5000012516975
         vertex -34.9448397755623 35.7933416962624 81.5000012516975
         vertex -38.3352227509022 32.1393795311451 81.5000012516975
      endloop
   endfacet
   facet normal 0 0 1
      outer loop
         vertex -36.2398959696293 32.7586196362972 81.5000012516975
         vertex -38.3352227509022 32.1393795311451 81.5000012516975
         vertex -36.2398959696293 29.3103456497192 81.5000012516975
      endloop
   endfacet
   facet normal 0 0 1
      outer loop
         vertex -36.2398959696293 29.3103456497192 81.5000012516975
         vertex -38.3352227509022 32.1393795311451 81.5000012516975
         vertex -39.6881736814976 29.3103456497192 81.5000012516975
      endloop
   endfacet
   facet normal 0 0 1
      outer loop
         vertex -36.2398959696293 29.3103456497192 81.5000012516975
         vertex -39.6881736814976 29.3103456497192 81.5000012516975
         vertex -36.2398959696293 25.8620698004961 81.5000012516975
      endloop
   endfacet
   facet normal 0 0 1
      outer loop
         vertex -36.2398959696293 25.8620698004961 81.5000012516975
         vertex -39.6881736814976 29.3103456497192 81.5000012516975
         vertex -39.6881736814976 25.8620698004961 81.5000012516975
      endloop
   endfacet
   facet normal 0 0 1
      outer loop
         vertex -36.2398959696293 25.8620698004961 81.5000012516975
         vertex -39.6881736814976 25.8620698004961 81.5000012516975
         vertex -36.2398959696293 22.413793951273 81.5000012516975
      endloop
   endfacet
   facet normal 0 0 1
      outer loop
         vertex -36.2398959696293 22.413793951273 81.5000012516975
         vertex -39.6881736814976 25.8620698004961 81.5000012516975
         vertex -39.6881736814976 22.413793951273 81.5000012516975
      endloop
   endfacet
   facet normal 0 0 1
      outer loop
         vertex -36.2398959696293 22.413793951273 81.5000012516975
         vertex -39.6881736814976 22.413793951273 81.5000012516975
         vertex -36.2398959696293 18.9655181020498 81.5000012516975
      endloop
   endfacet
   facet normal 0 0 1
      outer loop
         vertex -36.2398959696293 18.9655181020498 81.5000012516975
         vertex -39.6881736814976 22.413793951273 81.5000012516975
         vertex -39.6881736814976 18.9655181020498 81.5000012516975
      endloop
   endfacet
   facet normal 0 0 1
      outer loop
         vertex -36.2398959696293 18.9655181020498 81.5000012516975
         vertex -39.6881736814976 18.9655181020498 81.5000012516975
         vertex -36.2398959696293 15.5172413215041 81.5000012516975
      endloop
   endfacet
   facet normal 0 0 1
      outer loop
         vertex -36.2398959696293 15.5172413215041 81.5000012516975
         vertex -39.6881736814976 18.9655181020498 81.5000012516975
         vertex -39.6881736814976 15.5172413215041 81.5000012516975
      endloop
   endfacet
   facet normal 0 0 1
      outer loop
         vertex -36.2398959696293 15.5172413215041 81.5000012516975
         vertex -39.6881736814976 15.5172413215041 81.5000012516975
         vertex -36.2398959696293 12.068965472281 81.5000012516975
      endloop
   endfacet
   facet normal 0 0 1
      outer loop
         vertex -36.2398959696293 12.068965472281 81.5000012516975
         vertex -39.6881736814976 15.5172413215041 81.5000012516975
         vertex -39.6881736814976 12.068965472281 81.5000012516975
      endloop
   endfacet
   facet normal 0 0 1
      outer loop
         vertex -36.2398959696293 12.068965472281 81.5000012516975
         vertex -39.6881736814976 12.068965472281 81.5000012516975
         vertex -36.2398959696293 8.62068962305784 81.5000012516975
      endloop
   endfacet
   facet normal 0 0 1
      outer loop
         vertex -36.2398959696293 8.62068962305784 81.5000012516975
         vertex -39.6881736814976 12.068965472281 81.5000012516975
         vertex -39.6881736814976 8.62068962305784 81.5000012516975
      endloop
   endfacet
   facet normal 0 0 1
      outer loop
         vertex -36.2398959696293 8.62068962305784 81.5000012516975
         vertex -39.6881736814976 8.62068962305784 81.5000012516975
         vertex -36.2398959696293 5.17241377383471 81.5000012516975
      endloop
   endfacet
   facet normal 0 0 1
      outer loop
         vertex -36.2398959696293 5.17241377383471 81.5000012516975
         vertex -39.6881736814976 8.62068962305784 81.5000012516975
         vertex -39.6881736814976 5.17241377383471 81.5000012516975
      endloop
   endfacet
   facet normal 0 0 1
      outer loop
         vertex -36.2398959696293 5.17241377383471 81.5000012516975
         vertex -39.6881736814976 5.17241377383471 81.5000012516975
         vertex -36.2398959696293 1.72413792461157 81.5000012516975
      endloop
   endfacet
   facet normal 0 0 1
      outer loop
         vertex -36.2398959696293 1.72413792461157 81.5000012516975
         vertex -39.6881736814976 5.17241377383471 81.5000012516975
         vertex -39.6881736814976 1.72413792461157 81.5000012516975
      endloop
   endfacet
   facet normal 0 0 1
      outer loop
         vertex -36.2398959696293 1.72413792461157 81.5000012516975
         vertex -39.6881736814976 1.72413792461157 81.5000012516975
         vertex -36.2398959696293 -1.72413792461157 81.5000012516975
      endloop
   endfacet
   facet normal 0 0 1
      outer loop
         vertex -36.2398959696293 -1.72413792461157 81.5000012516975
         vertex -39.6881736814976 1.72413792461157 81.5000012516975
         vertex -39.6881736814976 -1.72413792461157 81.5000012516975
      endloop
   endfacet
   facet normal 0 0 1
      outer loop
         vertex -36.2398959696293 -1.72413792461157 81.5000012516975
         vertex -39.6881736814976 -1.72413792461157 81.5000012516975
         vertex -36.2398959696293 -5.17241377383471 81.5000012516975
      endloop
   endfacet
   facet normal 0 0 1
      outer loop
         vertex -36.2398959696293 -5.17241377383471 81.5000012516975
         vertex -39.6881736814976 -1.72413792461157 81.5000012516975
         vertex -39.6881736814976 -5.17241377383471 81.5000012516975
      endloop
   endfacet
   facet normal 0 0 1
      outer loop
         vertex -36.2398959696293 -5.17241377383471 81.5000012516975
         vertex -39.6881736814976 -5.17241377383471 81.5000012516975
         vertex -36.2398959696293 -8.62068962305784 81.5000012516975
      endloop
   endfacet
   facet normal 0 0 1
      outer loop
         vertex -36.2398959696293 -8.62068962305784 81.5000012516975
         vertex -39.6881736814976 -5.17241377383471 81.5000012516975
         vertex -39.6881736814976 -8.62068962305784 81.5000012516975
      endloop
   endfacet
   facet normal 0 0 1
      outer loop
         vertex -36.2398959696293 -8.62068962305784 81.5000012516975
         vertex -39.6881736814976 -8.62068962305784 81.5000012516975
         vertex -36.2398959696293 -12.068965472281 81.5000012516975
      endloop
   endfacet
   facet normal 0 0 1
      outer loop
         vertex -36.2398959696293 -12.068965472281 81.5000012516975
         vertex -39.6881736814976 -8.62068962305784 81.5000012516975
         vertex -39.6881736814976 -12.068965472281 81.5000012516975
      endloop
   endfacet
   facet normal 0 0 1
      outer loop
         vertex -36.2398959696293 -12.068965472281 81.5000012516975
         vertex -39.6881736814976 -12.068965472281 81.5000012516975
         vertex -36.2398959696293 -15.5172413215041 81.5000012516975
      endloop
   endfacet
   facet normal 0 0 1
      outer loop
         vertex -36.2398959696293 -15.5172413215041 81.5000012516975
         vertex -39.6881736814976 -12.068965472281 81.5000012516975
         vertex -39.6881736814976 -15.5172413215041 81.5000012516975
      endloop
   endfacet
   facet normal 0 0 1
      outer loop
         vertex -36.2398959696293 -15.5172413215041 81.5000012516975
         vertex -39.6881736814976 -15.5172413215041 81.5000012516975
         vertex -36.2398959696293 -18.9655181020498 81.5000012516975
      endloop
   endfacet
   facet normal 0 0 1
      outer loop
         vertex -36.2398959696293 -18.9655181020498 81.5000012516975
         vertex -39.6881736814976 -15.5172413215041 81.5000012516975
         vertex -39.6881736814976 -18.9655181020498 81.5000012516975
      endloop
   endfacet
   facet normal 0 0 1
      outer loop
         vertex -36.2398959696293 -18.9655181020498 81.5000012516975
         vertex -39.6881736814976 -18.9655181020498 81.5000012516975
         vertex -36.2398959696293 -22.413793951273 81.5000012516975
      endloop
   endfacet
   facet normal 0 0 1
      outer loop
         vertex -36.2398959696293 -22.413793951273 81.5000012516975
         vertex -39.6881736814976 -18.9655181020498 81.5000012516975
         vertex -39.6881736814976 -22.413793951273 81.5000012516975
      endloop
   endfacet
   facet normal 0 0 1
      outer loop
         vertex -38.3352227509022 32.1393795311451 81.5000012516975
         vertex -41.3449369370937 28.1660035252571 81.5000012516975
         vertex -39.6881736814976 29.3103456497192 81.5000012516975
      endloop
   endfacet
   facet normal 0 0 1
      outer loop
         vertex -39.6881736814976 29.3103456497192 81.5000012516975
         vertex -41.3449369370937 28.1660035252571 81.5000012516975
         vertex -39.6881736814976 25.8620698004961 81.5000012516975
      endloop
   endfacet
   facet normal 0 0 1
      outer loop
         vertex -39.6881736814976 -5.17241377383471 81.5000012516975
         vertex -39.6881736814976 -1.72413792461157 81.5000012516975
         vertex -43.1364476680756 -1.72413792461157 81.5000012516975
      endloop
   endfacet
   facet normal 0 0 1
      outer loop
         vertex -43.1364476680756 -1.72413792461157 81.5000012516975
         vertex -39.6881736814976 -1.72413792461157 81.5000012516975
         vertex -43.1364476680756 1.72413792461157 81.5000012516975
      endloop
   endfacet
   facet normal 0 0 1
      outer loop
         vertex -43.1364476680756 -1.72413792461157 81.5000012516975
         vertex -43.1364476680756 1.72413792461157 81.5000012516975
         vertex -46.5847253799438 1.72413792461157 81.5000012516975
      endloop
   endfacet
   facet normal 0 0 1
      outer loop
         vertex -46.5847253799438 1.72413792461157 81.5000012516975
         vertex -43.1364476680756 1.72413792461157 81.5000012516975
         vertex -46.5847253799438 5.17241377383471 81.5000012516975
      endloop
   endfacet
   facet normal 0 0 1
      outer loop
         vertex -46.5847253799438 1.72413792461157 81.5000012516975
         vertex -46.5847253799438 5.17241377383471 81.5000012516975
         vertex -49.7845374047756 4.97839227318764 81.5000012516975
      endloop
   endfacet
   facet normal 0 0 1
      outer loop
         vertex -49.7845374047756 4.97839227318764 81.5000012516975
         vertex -46.5847253799438 5.17241377383471 81.5000012516975
         vertex -46.5847253799438 8.62068962305784 81.5000012516975
      endloop
   endfacet
   facet normal 0 0 1
      outer loop
         vertex -49.7845374047756 4.97839227318764 81.5000012516975
         vertex -46.5847253799438 8.62068962305784 81.5000012516975
         vertex -49.0416251122952 9.90730710327625 81.5000012516975
      endloop
   endfacet
   facet normal 0 0 1
      outer loop
         vertex -49.0416251122952 9.90730710327625 81.5000012516975
         vertex -46.5847253799438 8.62068962305784 81.5000012516975
         vertex -46.5847253799438 12.068965472281 81.5000012516975
      endloop
   endfacet
   facet normal 0 0 1
      outer loop
         vertex -49.0416251122952 9.90730710327625 81.5000012516975
         vertex -46.5847253799438 12.068965472281 81.5000012516975
         vertex -47.8116385638714 14.7377587854862 81.5000012516975
      endloop
   endfacet
   facet normal 0 0 1
      outer loop
         vertex -47.8116385638714 14.7377587854862 81.5000012516975
         vertex -46.5847253799438 12.068965472281 81.5000012516975
         vertex -46.5847253799438 15.5172413215041 81.5000012516975
      endloop
   endfacet
   facet normal 0 0 1
      outer loop
         vertex -47.8116385638714 14.7377587854862 81.5000012516975
         vertex -46.5847253799438 15.5172413215041 81.5000012516975
         vertex -46.1068116128445 19.4217395037413 81.5000012516975
      endloop
   endfacet
   facet normal 0 0 1
      outer loop
         vertex -46.1068116128445 19.4217395037413 81.5000012516975
         vertex -46.5847253799438 15.5172413215041 81.5000012516975
         vertex -43.1364476680756 18.9655181020498 81.5000012516975
      endloop
   endfacet
   facet normal 0 0 1
      outer loop
         vertex -46.1068116128445 19.4217395037413 81.5000012516975
         vertex -43.1364476680756 18.9655181020498 81.5000012516975
         vertex -43.1364476680756 22.413793951273 81.5000012516975
      endloop
   endfacet
   facet normal 0 0 1
      outer loop
         vertex -43.1364476680756 22.413793951273 81.5000012516975
         vertex -43.1364476680756 18.9655181020498 81.5000012516975
         vertex -39.6881736814976 18.9655181020498 81.5000012516975
      endloop
   endfacet
   facet normal 0 0 1
      outer loop
         vertex -43.1364476680756 22.413793951273 81.5000012516975
         vertex -39.6881736814976 18.9655181020498 81.5000012516975
         vertex -39.6881736814976 22.413793951273 81.5000012516975
      endloop
   endfacet
   facet normal 0 0 1
      outer loop
         vertex 39.8236252367496 -30.1902201026678 81.5000012516975
         vertex 42.6315441727638 -26.0717608034611 81.5000012516975
         vertex 39.6221727132797 -29.3103456497192 81.5000012516975
      endloop
   endfacet
   facet normal 0 0 1
      outer loop
         vertex 39.6221727132797 -29.3103456497192 81.5000012516975
         vertex 42.6315441727638 -26.0717608034611 81.5000012516975
         vertex 39.6221727132797 -25.8620698004961 81.5000012516975
      endloop
   endfacet
   facet normal 0 0 1
      outer loop
         vertex 39.6221727132797 -29.3103456497192 81.5000012516975
         vertex 39.6221727132797 -25.8620698004961 81.5000012516975
         vertex 36.1738950014114 -25.8620698004961 81.5000012516975
      endloop
   endfacet
   facet normal 0 0 1
      outer loop
         vertex 46.518724411726 -12.068965472281 81.5000012516975
         vertex 46.518724411726 -15.5172413215041 81.5000012516975
         vertex 48.4208650887012 -12.33786996454 81.5000012516975
      endloop
   endfacet
   facet normal 0 0 1
      outer loop
         vertex 48.4208650887012 -12.33786996454 81.5000012516975
         vertex 46.518724411726 -15.5172413215041 81.5000012516975
         vertex 46.9516292214394 -17.1010065823793 81.5000012516975
      endloop
   endfacet
   facet normal 0 0 1
      outer loop
         vertex -49.0416251122952 -9.90730710327625 81.5000012516975
         vertex -47.8116385638714 -14.7377587854862 81.5000012516975
         vertex -46.5847253799438 -12.068965472281 81.5000012516975
      endloop
   endfacet
   facet normal 0 0 1
      outer loop
         vertex -46.5847253799438 -12.068965472281 81.5000012516975
         vertex -47.8116385638714 -14.7377587854862 81.5000012516975
         vertex -46.5847253799438 -15.5172413215041 81.5000012516975
      endloop
   endfacet
   facet normal 0 0 1
      outer loop
         vertex -46.5847253799438 -12.068965472281 81.5000012516975
         vertex -46.5847253799438 -15.5172413215041 81.5000012516975
         vertex -43.1364476680756 -15.5172413215041 81.5000012516975
      endloop
   endfacet
   facet normal 0 0 1
      outer loop
         vertex -43.1364476680756 -15.5172413215041 81.5000012516975
         vertex -46.5847253799438 -15.5172413215041 81.5000012516975
         vertex -43.1364476680756 -18.9655181020498 81.5000012516975
      endloop
   endfacet
   facet normal 0 0 1
      outer loop
         vertex -43.1364476680756 -15.5172413215041 81.5000012516975
         vertex -43.1364476680756 -18.9655181020498 81.5000012516975
         vertex -39.6881736814976 -18.9655181020498 81.5000012516975
      endloop
   endfacet
   facet normal 0 0 1
      outer loop
         vertex -39.6881736814976 -18.9655181020498 81.5000012516975
         vertex -43.1364476680756 -18.9655181020498 81.5000012516975
         vertex -39.6881736814976 -22.413793951273 81.5000012516975
      endloop
   endfacet
   facet normal 0 0 1
      outer loop
         vertex -49.7845374047756 -4.97839227318764 81.5000012516975
         vertex -49.0416251122952 -9.90730710327625 81.5000012516975
         vertex -46.5847253799438 -8.62068962305784 81.5000012516975
      endloop
   endfacet
   facet normal 0 0 1
      outer loop
         vertex -46.5847253799438 -8.62068962305784 81.5000012516975
         vertex -49.0416251122952 -9.90730710327625 81.5000012516975
         vertex -46.5847253799438 -12.068965472281 81.5000012516975
      endloop
   endfacet
   facet normal 0 0 1
      outer loop
         vertex -46.5847253799438 -8.62068962305784 81.5000012516975
         vertex -46.5847253799438 -12.068965472281 81.5000012516975
         vertex -43.1364476680756 -12.068965472281 81.5000012516975
      endloop
   endfacet
   facet normal 0 0 1
      outer loop
         vertex -43.1364476680756 -12.068965472281 81.5000012516975
         vertex -46.5847253799438 -12.068965472281 81.5000012516975
         vertex -43.1364476680756 -15.5172413215041 81.5000012516975
      endloop
   endfacet
   facet normal 0 0 1
      outer loop
         vertex -43.1364476680756 -12.068965472281 81.5000012516975
         vertex -43.1364476680756 -15.5172413215041 81.5000012516975
         vertex -39.6881736814976 -15.5172413215041 81.5000012516975
      endloop
   endfacet
   facet normal 0 0 1
      outer loop
         vertex -39.6881736814976 -15.5172413215041 81.5000012516975
         vertex -43.1364476680756 -15.5172413215041 81.5000012516975
         vertex -39.6881736814976 -18.9655181020498 81.5000012516975
      endloop
   endfacet
   facet normal 0 0 1
      outer loop
         vertex 46.518724411726 -5.17241377383471 81.5000012516975
         vertex 46.518724411726 -8.62068962305784 81.5000012516975
         vertex 49.4085401296616 -7.45211308822036 81.5000012516975
      endloop
   endfacet
   facet normal 0 0 1
      outer loop
         vertex 49.4085401296616 -7.45211308822036 81.5000012516975
         vertex 46.518724411726 -8.62068962305784 81.5000012516975
         vertex 48.4208650887012 -12.33786996454 81.5000012516975
      endloop
   endfacet
   facet normal 0 0 1
      outer loop
         vertex 46.518724411726 -1.72413792461157 81.5000012516975
         vertex 46.518724411726 -5.17241377383471 81.5000012516975
         vertex 49.9048456549644 -2.49229418113828 81.5000012516975
      endloop
   endfacet
   facet normal 0 0 1
      outer loop
         vertex 49.9048456549644 -2.49229418113828 81.5000012516975
         vertex 46.518724411726 -5.17241377383471 81.5000012516975
         vertex 49.4085401296616 -7.45211308822036 81.5000012516975
      endloop
   endfacet
   facet normal 0 0 1
      outer loop
         vertex -50.0329993665218 -1.13296312542701E-15 81.5000012516975
         vertex -49.7845374047756 -4.97839227318764 81.5000012516975
         vertex -46.5847253799438 -1.72413792461157 81.5000012516975
      endloop
   endfacet
   facet normal 0 0 1
      outer loop
         vertex -46.5847253799438 -1.72413792461157 81.5000012516975
         vertex -49.7845374047756 -4.97839227318764 81.5000012516975
         vertex -46.5847253799438 -5.17241377383471 81.5000012516975
      endloop
   endfacet
   facet normal 0 0 1
      outer loop
         vertex -46.5847253799438 -1.72413792461157 81.5000012516975
         vertex -46.5847253799438 -5.17241377383471 81.5000012516975
         vertex -43.1364476680756 -5.17241377383471 81.5000012516975
      endloop
   endfacet
   facet normal 0 0 1
      outer loop
         vertex -43.1364476680756 -5.17241377383471 81.5000012516975
         vertex -46.5847253799438 -5.17241377383471 81.5000012516975
         vertex -43.1364476680756 -8.62068962305784 81.5000012516975
      endloop
   endfacet
   facet normal 0 0 1
      outer loop
         vertex -43.1364476680756 -5.17241377383471 81.5000012516975
         vertex -43.1364476680756 -8.62068962305784 81.5000012516975
         vertex -39.6881736814976 -8.62068962305784 81.5000012516975
      endloop
   endfacet
   facet normal 0 0 1
      outer loop
         vertex -39.6881736814976 -8.62068962305784 81.5000012516975
         vertex -43.1364476680756 -8.62068962305784 81.5000012516975
         vertex -39.6881736814976 -12.068965472281 81.5000012516975
      endloop
   endfacet
   facet normal 0 0 1
      outer loop
         vertex -49.7845374047756 4.97839227318764 81.5000012516975
         vertex -50.0329993665218 -1.13296312542701E-15 81.5000012516975
         vertex -46.5847253799438 1.72413792461157 81.5000012516975
      endloop
   endfacet
   facet normal 0 0 1
      outer loop
         vertex -46.5847253799438 1.72413792461157 81.5000012516975
         vertex -50.0329993665218 -1.13296312542701E-15 81.5000012516975
         vertex -46.5847253799438 -1.72413792461157 81.5000012516975
      endloop
   endfacet
   facet normal 0 0 1
      outer loop
         vertex -46.5847253799438 1.72413792461157 81.5000012516975
         vertex -46.5847253799438 -1.72413792461157 81.5000012516975
         vertex -43.1364476680756 -1.72413792461157 81.5000012516975
      endloop
   endfacet
   facet normal 0 0 1
      outer loop
         vertex -43.1364476680756 -1.72413792461157 81.5000012516975
         vertex -46.5847253799438 -1.72413792461157 81.5000012516975
         vertex -43.1364476680756 -5.17241377383471 81.5000012516975
      endloop
   endfacet
   facet normal 0 0 1
      outer loop
         vertex -43.1364476680756 -1.72413792461157 81.5000012516975
         vertex -43.1364476680756 -5.17241377383471 81.5000012516975
         vertex -39.6881736814976 -5.17241377383471 81.5000012516975
      endloop
   endfacet
   facet normal 0 0 1
      outer loop
         vertex -39.6881736814976 -5.17241377383471 81.5000012516975
         vertex -43.1364476680756 -5.17241377383471 81.5000012516975
         vertex -39.6881736814976 -8.62068962305784 81.5000012516975
      endloop
   endfacet
   facet normal 0 0 1
      outer loop
         vertex 46.518724411726 5.17241377383471 81.5000012516975
         vertex 46.518724411726 1.72413792461157 81.5000012516975
         vertex 49.9048456549644 2.49229418113828 81.5000012516975
      endloop
   endfacet
   facet normal 0 0 1
      outer loop
         vertex 49.9048456549644 2.49229418113828 81.5000012516975
         vertex 46.518724411726 1.72413792461157 81.5000012516975
         vertex 46.518724411726 -1.72413792461157 81.5000012516975
      endloop
   endfacet
   facet normal 0 0 1
      outer loop
         vertex 49.9048456549644 2.49229418113828 81.5000012516975
         vertex 46.518724411726 -1.72413792461157 81.5000012516975
         vertex 49.9048456549644 -2.49229418113828 81.5000012516975
      endloop
   endfacet
   facet normal 0 0 1
      outer loop
         vertex 46.518724411726 8.62068962305784 81.5000012516975
         vertex 46.518724411726 5.17241377383471 81.5000012516975
         vertex 49.4085401296616 7.45211308822036 81.5000012516975
      endloop
   endfacet
   facet normal 0 0 1
      outer loop
         vertex 49.4085401296616 7.45211308822036 81.5000012516975
         vertex 46.518724411726 5.17241377383471 81.5000012516975
         vertex 49.9048456549644 2.49229418113828 81.5000012516975
      endloop
   endfacet
   facet normal 0 0 1
      outer loop
         vertex 46.518724411726 15.5172413215041 81.5000012516975
         vertex 46.518724411726 12.068965472281 81.5000012516975
         vertex 48.4208650887012 12.33786996454 81.5000012516975
      endloop
   endfacet
   facet normal 0 0 1
      outer loop
         vertex 48.4208650887012 12.33786996454 81.5000012516975
         vertex 46.518724411726 12.068965472281 81.5000012516975
         vertex 46.518724411726 8.62068962305784 81.5000012516975
      endloop
   endfacet
   facet normal 0 0 1
      outer loop
         vertex 48.4208650887012 12.33786996454 81.5000012516975
         vertex 46.518724411726 8.62068962305784 81.5000012516975
         vertex 49.4085401296616 7.45211308822036 81.5000012516975
      endloop
   endfacet
   facet normal 0 0 1
      outer loop
         vertex -46.1068116128445 19.4217395037413 81.5000012516975
         vertex -43.1364476680756 22.413793951273 81.5000012516975
         vertex -43.9440794289112 23.9126980304718 81.5000012516975
      endloop
   endfacet
   facet normal 0 0 1
      outer loop
         vertex -43.9440794289112 23.9126980304718 81.5000012516975
         vertex -43.1364476680756 22.413793951273 81.5000012516975
         vertex -39.6881736814976 25.8620698004961 81.5000012516975
      endloop
   endfacet
   facet normal 0 0 1
      outer loop
         vertex -43.9440794289112 23.9126980304718 81.5000012516975
         vertex -39.6881736814976 25.8620698004961 81.5000012516975
         vertex -41.3449369370937 28.1660035252571 81.5000012516975
      endloop
   endfacet
   facet normal 0 0 1
      outer loop
         vertex 42.6315441727638 26.0717608034611 81.5000012516975
         vertex 39.8236252367496 30.1902201026678 81.5000012516975
         vertex 39.6221727132797 29.3103456497192 81.5000012516975
      endloop
   endfacet
   facet normal 0 0 1
      outer loop
         vertex 39.6221727132797 29.3103456497192 81.5000012516975
         vertex 39.8236252367496 30.1902201026678 81.5000012516975
         vertex 36.1738950014114 29.3103456497192 81.5000012516975
      endloop
   endfacet
   facet normal 0 0 1
      outer loop
         vertex 39.6221727132797 29.3103456497192 81.5000012516975
         vertex 36.1738950014114 29.3103456497192 81.5000012516975
         vertex 39.6221727132797 25.8620698004961 81.5000012516975
      endloop
   endfacet
   facet normal 0 0 1
      outer loop
         vertex 39.6221727132797 25.8620698004961 81.5000012516975
         vertex 36.1738950014114 29.3103456497192 81.5000012516975
         vertex 36.1738950014114 25.8620698004961 81.5000012516975
      endloop
   endfacet
   facet normal 0 0 1
      outer loop
         vertex 39.6221727132797 25.8620698004961 81.5000012516975
         vertex 36.1738950014114 25.8620698004961 81.5000012516975
         vertex 39.6221727132797 22.413793951273 81.5000012516975
      endloop
   endfacet
   facet normal 0 0 1
      outer loop
         vertex 39.6221727132797 22.413793951273 81.5000012516975
         vertex 36.1738950014114 25.8620698004961 81.5000012516975
         vertex 36.1738950014114 22.413793951273 81.5000012516975
      endloop
   endfacet
   facet normal 0 0 1
      outer loop
         vertex 39.6221727132797 22.413793951273 81.5000012516975
         vertex 36.1738950014114 22.413793951273 81.5000012516975
         vertex 39.6221727132797 18.9655181020498 81.5000012516975
      endloop
   endfacet
   facet normal 0 0 1
      outer loop
         vertex 39.6221727132797 18.9655181020498 81.5000012516975
         vertex 36.1738950014114 22.413793951273 81.5000012516975
         vertex 36.1738950014114 18.9655181020498 81.5000012516975
      endloop
   endfacet
   facet normal 0 0 1
      outer loop
         vertex 39.6221727132797 18.9655181020498 81.5000012516975
         vertex 36.1738950014114 18.9655181020498 81.5000012516975
         vertex 39.6221727132797 15.5172413215041 81.5000012516975
      endloop
   endfacet
   facet normal 0 0 1
      outer loop
         vertex 39.6221727132797 15.5172413215041 81.5000012516975
         vertex 36.1738950014114 18.9655181020498 81.5000012516975
         vertex 36.1738950014114 15.5172413215041 81.5000012516975
      endloop
   endfacet
   facet normal 0 0 1
      outer loop
         vertex 39.6221727132797 15.5172413215041 81.5000012516975
         vertex 36.1738950014114 15.5172413215041 81.5000012516975
         vertex 39.6221727132797 12.068965472281 81.5000012516975
      endloop
   endfacet
   facet normal 0 0 1
      outer loop
         vertex 39.6221727132797 12.068965472281 81.5000012516975
         vertex 36.1738950014114 15.5172413215041 81.5000012516975
         vertex 36.1738950014114 12.068965472281 81.5000012516975
      endloop
   endfacet
   facet normal 0 0 1
      outer loop
         vertex 39.6221727132797 12.068965472281 81.5000012516975
         vertex 36.1738950014114 12.068965472281 81.5000012516975
         vertex 39.6221727132797 8.62068962305784 81.5000012516975
      endloop
   endfacet
   facet normal 0 0 1
      outer loop
         vertex 39.6221727132797 8.62068962305784 81.5000012516975
         vertex 36.1738950014114 12.068965472281 81.5000012516975
         vertex 36.1738950014114 8.62068962305784 81.5000012516975
      endloop
   endfacet
   facet normal 0 0 1
      outer loop
         vertex 39.6221727132797 8.62068962305784 81.5000012516975
         vertex 36.1738950014114 8.62068962305784 81.5000012516975
         vertex 39.6221727132797 5.17241377383471 81.5000012516975
      endloop
   endfacet
   facet normal 0 0 1
      outer loop
         vertex 39.6221727132797 5.17241377383471 81.5000012516975
         vertex 36.1738950014114 8.62068962305784 81.5000012516975
         vertex 36.1738950014114 5.17241377383471 81.5000012516975
      endloop
   endfacet
   facet normal 0 0 1
      outer loop
         vertex 39.6221727132797 5.17241377383471 81.5000012516975
         vertex 36.1738950014114 5.17241377383471 81.5000012516975
         vertex 39.6221727132797 1.72413792461157 81.5000012516975
      endloop
   endfacet
   facet normal 0 0 1
      outer loop
         vertex 39.6221727132797 5.17241377383471 81.5000012516975
         vertex 39.6221727132797 1.72413792461157 81.5000012516975
         vertex 43.0704466998577 1.72413792461157 81.5000012516975
      endloop
   endfacet
   facet normal 0 0 1
      outer loop
         vertex 43.0704466998577 1.72413792461157 81.5000012516975
         vertex 39.6221727132797 1.72413792461157 81.5000012516975
         vertex 43.0704466998577 -1.72413792461157 81.5000012516975
      endloop
   endfacet
   facet normal 0 0 1
      outer loop
         vertex 36.1738950014114 1.72413792461157 81.5000012516975
         vertex 32.7256210148335 1.72413792461157 81.5000012516975
         vertex 36.1738950014114 -1.72413792461157 81.5000012516975
      endloop
   endfacet
   facet normal 0 0 1
      outer loop
         vertex 36.1738950014114 -1.72413792461157 81.5000012516975
         vertex 32.7256210148335 1.72413792461157 81.5000012516975
         vertex 32.7256210148335 -1.72413792461157 81.5000012516975
      endloop
   endfacet
   facet normal 0 0 1
      outer loop
         vertex 36.1738950014114 -1.72413792461157 81.5000012516975
         vertex 32.7256210148335 -1.72413792461157 81.5000012516975
         vertex 36.1738950014114 -5.17241377383471 81.5000012516975
      endloop
   endfacet
   facet normal 0 0 1
      outer loop
         vertex 36.1738950014114 -5.17241377383471 81.5000012516975
         vertex 32.7256210148335 -1.72413792461157 81.5000012516975
         vertex 32.7256210148335 -5.17241377383471 81.5000012516975
      endloop
   endfacet
   facet normal 0 0 1
      outer loop
         vertex 36.1738950014114 -5.17241377383471 81.5000012516975
         vertex 32.7256210148335 -5.17241377383471 81.5000012516975
         vertex 36.1738950014114 -8.62068962305784 81.5000012516975
      endloop
   endfacet
   facet normal 0 0 1
      outer loop
         vertex 36.1738950014114 -8.62068962305784 81.5000012516975
         vertex 32.7256210148335 -5.17241377383471 81.5000012516975
         vertex 32.7256210148335 -8.62068962305784 81.5000012516975
      endloop
   endfacet
   facet normal 0 0 1
      outer loop
         vertex 36.1738950014114 -8.62068962305784 81.5000012516975
         vertex 32.7256210148335 -8.62068962305784 81.5000012516975
         vertex 36.1738950014114 -12.068965472281 81.5000012516975
      endloop
   endfacet
   facet normal 0 0 1
      outer loop
         vertex 36.1738950014114 -12.068965472281 81.5000012516975
         vertex 32.7256210148335 -8.62068962305784 81.5000012516975
         vertex 32.7256210148335 -12.068965472281 81.5000012516975
      endloop
   endfacet
   facet normal 0 0 1
      outer loop
         vertex 36.1738950014114 -12.068965472281 81.5000012516975
         vertex 32.7256210148335 -12.068965472281 81.5000012516975
         vertex 36.1738950014114 -15.5172413215041 81.5000012516975
      endloop
   endfacet
   facet normal 0 0 1
      outer loop
         vertex 36.1738950014114 -15.5172413215041 81.5000012516975
         vertex 32.7256210148335 -12.068965472281 81.5000012516975
         vertex 32.7256210148335 -15.5172413215041 81.5000012516975
      endloop
   endfacet
   facet normal 0 0 1
      outer loop
         vertex 36.1738950014114 -15.5172413215041 81.5000012516975
         vertex 32.7256210148335 -15.5172413215041 81.5000012516975
         vertex 36.1738950014114 -18.9655181020498 81.5000012516975
      endloop
   endfacet
   facet normal 0 0 1
      outer loop
         vertex 36.1738950014114 -18.9655181020498 81.5000012516975
         vertex 32.7256210148335 -15.5172413215041 81.5000012516975
         vertex 32.7256210148335 -18.9655181020498 81.5000012516975
      endloop
   endfacet
   facet normal 0 0 1
      outer loop
         vertex 36.1738950014114 -18.9655181020498 81.5000012516975
         vertex 32.7256210148335 -18.9655181020498 81.5000012516975
         vertex 36.1738950014114 -22.413793951273 81.5000012516975
      endloop
   endfacet
   facet normal 0 0 1
      outer loop
         vertex 36.1738950014114 -22.413793951273 81.5000012516975
         vertex 32.7256210148335 -18.9655181020498 81.5000012516975
         vertex 32.7256210148335 -22.413793951273 81.5000012516975
      endloop
   endfacet
   facet normal 0 0 1
      outer loop
         vertex 32.7256210148335 5.17241377383471 81.5000012516975
         vertex 29.2773451656103 5.17241377383471 81.5000012516975
         vertex 32.7256210148335 1.72413792461157 81.5000012516975
      endloop
   endfacet
   facet normal 0 0 1
      outer loop
         vertex 32.7256210148335 1.72413792461157 81.5000012516975
         vertex 29.2773451656103 5.17241377383471 81.5000012516975
         vertex 29.2773451656103 1.72413792461157 81.5000012516975
      endloop
   endfacet
   facet normal 0 0 1
      outer loop
         vertex 32.7256210148335 1.72413792461157 81.5000012516975
         vertex 29.2773451656103 1.72413792461157 81.5000012516975
         vertex 32.7256210148335 -1.72413792461157 81.5000012516975
      endloop
   endfacet
   facet normal 0 0 1
      outer loop
         vertex 32.7256210148335 -1.72413792461157 81.5000012516975
         vertex 29.2773451656103 1.72413792461157 81.5000012516975
         vertex 29.2773451656103 -1.72413792461157 81.5000012516975
      endloop
   endfacet
   facet normal 0 0 1
      outer loop
         vertex 32.7256210148335 -1.72413792461157 81.5000012516975
         vertex 29.2773451656103 -1.72413792461157 81.5000012516975
         vertex 32.7256210148335 -5.17241377383471 81.5000012516975
      endloop
   endfacet
   facet normal 0 0 1
      outer loop
         vertex 32.7256210148335 -5.17241377383471 81.5000012516975
         vertex 29.2773451656103 -1.72413792461157 81.5000012516975
         vertex 29.2773451656103 -5.17241377383471 81.5000012516975
      endloop
   endfacet
   facet normal 0 0 1
      outer loop
         vertex 32.7256210148335 -5.17241377383471 81.5000012516975
         vertex 29.2773451656103 -5.17241377383471 81.5000012516975
         vertex 32.7256210148335 -8.62068962305784 81.5000012516975
      endloop
   endfacet
   facet normal 0 0 1
      outer loop
         vertex 32.7256210148335 -8.62068962305784 81.5000012516975
         vertex 29.2773451656103 -5.17241377383471 81.5000012516975
         vertex 29.2773451656103 -8.62068962305784 81.5000012516975
      endloop
   endfacet
   facet normal 0 0 1
      outer loop
         vertex 32.7256210148335 -8.62068962305784 81.5000012516975
         vertex 29.2773451656103 -8.62068962305784 81.5000012516975
         vertex 32.7256210148335 -12.068965472281 81.5000012516975
      endloop
   endfacet
   facet normal 0 0 1
      outer loop
         vertex 32.7256210148335 -12.068965472281 81.5000012516975
         vertex 29.2773451656103 -8.62068962305784 81.5000012516975
         vertex 29.2773451656103 -12.068965472281 81.5000012516975
      endloop
   endfacet
   facet normal 0 0 1
      outer loop
         vertex 32.7256210148335 -12.068965472281 81.5000012516975
         vertex 29.2773451656103 -12.068965472281 81.5000012516975
         vertex 32.7256210148335 -15.5172413215041 81.5000012516975
      endloop
   endfacet
   facet normal 0 0 1
      outer loop
         vertex 32.7256210148335 -15.5172413215041 81.5000012516975
         vertex 29.2773451656103 -12.068965472281 81.5000012516975
         vertex 29.2773451656103 -15.5172413215041 81.5000012516975
      endloop
   endfacet
   facet normal 0 0 1
      outer loop
         vertex 32.7256210148335 -15.5172413215041 81.5000012516975
         vertex 29.2773451656103 -15.5172413215041 81.5000012516975
         vertex 32.7256210148335 -18.9655181020498 81.5000012516975
      endloop
   endfacet
   facet normal 0 0 1
      outer loop
         vertex 32.7256210148335 -18.9655181020498 81.5000012516975
         vertex 29.2773451656103 -15.5172413215041 81.5000012516975
         vertex 29.2773451656103 -18.9655181020498 81.5000012516975
      endloop
   endfacet
   facet normal 0 0 1
      outer loop
         vertex 32.7256210148335 -18.9655181020498 81.5000012516975
         vertex 29.2773451656103 -18.9655181020498 81.5000012516975
         vertex 32.7256210148335 -22.413793951273 81.5000012516975
      endloop
   endfacet
   facet normal 0 0 1
      outer loop
         vertex 32.7256210148335 -22.413793951273 81.5000012516975
         vertex 29.2773451656103 -18.9655181020498 81.5000012516975
         vertex 29.2773451656103 -22.413793951273 81.5000012516975
      endloop
   endfacet
   facet normal 0 0 1
      outer loop
         vertex 32.7256210148335 1.72413792461157 81.5000012516975
         vertex 36.1738950014114 1.72413792461157 81.5000012516975
         vertex 32.7256210148335 5.17241377383471 81.5000012516975
      endloop
   endfacet
   facet normal 0 0 1
      outer loop
         vertex 29.2773451656103 8.62068962305784 81.5000012516975
         vertex 25.8290693163872 8.62068962305784 81.5000012516975
         vertex 29.2773451656103 5.17241377383471 81.5000012516975
      endloop
   endfacet
   facet normal 0 0 1
      outer loop
         vertex 29.2773451656103 5.17241377383471 81.5000012516975
         vertex 25.8290693163872 8.62068962305784 81.5000012516975
         vertex 25.8290693163872 5.17241377383471 81.5000012516975
      endloop
   endfacet
   facet normal 0 0 1
      outer loop
         vertex 29.2773451656103 5.17241377383471 81.5000012516975
         vertex 25.8290693163872 5.17241377383471 81.5000012516975
         vertex 29.2773451656103 1.72413792461157 81.5000012516975
      endloop
   endfacet
   facet normal 0 0 1
      outer loop
         vertex 29.2773451656103 1.72413792461157 81.5000012516975
         vertex 25.8290693163872 5.17241377383471 81.5000012516975
         vertex 25.8290693163872 1.72413792461157 81.5000012516975
      endloop
   endfacet
   facet normal 0 0 1
      outer loop
         vertex 29.2773451656103 1.72413792461157 81.5000012516975
         vertex 25.8290693163872 1.72413792461157 81.5000012516975
         vertex 29.2773451656103 -1.72413792461157 81.5000012516975
      endloop
   endfacet
   facet normal 0 0 1
      outer loop
         vertex 29.2773451656103 -1.72413792461157 81.5000012516975
         vertex 25.8290693163872 1.72413792461157 81.5000012516975
         vertex 25.8290693163872 -1.72413792461157 81.5000012516975
      endloop
   endfacet
   facet normal 0 0 1
      outer loop
         vertex 29.2773451656103 -1.72413792461157 81.5000012516975
         vertex 25.8290693163872 -1.72413792461157 81.5000012516975
         vertex 29.2773451656103 -5.17241377383471 81.5000012516975
      endloop
   endfacet
   facet normal 0 0 1
      outer loop
         vertex 29.2773451656103 -5.17241377383471 81.5000012516975
         vertex 25.8290693163872 -1.72413792461157 81.5000012516975
         vertex 25.8290693163872 -5.17241377383471 81.5000012516975
      endloop
   endfacet
   facet normal 0 0 1
      outer loop
         vertex 29.2773451656103 -5.17241377383471 81.5000012516975
         vertex 25.8290693163872 -5.17241377383471 81.5000012516975
         vertex 29.2773451656103 -8.62068962305784 81.5000012516975
      endloop
   endfacet
   facet normal 0 0 1
      outer loop
         vertex 29.2773451656103 -8.62068962305784 81.5000012516975
         vertex 25.8290693163872 -5.17241377383471 81.5000012516975
         vertex 25.8290693163872 -8.62068962305784 81.5000012516975
      endloop
   endfacet
   facet normal 0 0 1
      outer loop
         vertex 29.2773451656103 -8.62068962305784 81.5000012516975
         vertex 25.8290693163872 -8.62068962305784 81.5000012516975
         vertex 29.2773451656103 -12.068965472281 81.5000012516975
      endloop
   endfacet
   facet normal 0 0 1
      outer loop
         vertex 29.2773451656103 -12.068965472281 81.5000012516975
         vertex 25.8290693163872 -8.62068962305784 81.5000012516975
         vertex 25.8290693163872 -12.068965472281 81.5000012516975
      endloop
   endfacet
   facet normal 0 0 1
      outer loop
         vertex 29.2773451656103 -12.068965472281 81.5000012516975
         vertex 25.8290693163872 -12.068965472281 81.5000012516975
         vertex 29.2773451656103 -15.5172413215041 81.5000012516975
      endloop
   endfacet
   facet normal 0 0 1
      outer loop
         vertex 29.2773451656103 -15.5172413215041 81.5000012516975
         vertex 25.8290693163872 -12.068965472281 81.5000012516975
         vertex 25.8290693163872 -15.5172413215041 81.5000012516975
      endloop
   endfacet
   facet normal 0 0 1
      outer loop
         vertex 29.2773451656103 -15.5172413215041 81.5000012516975
         vertex 25.8290693163872 -15.5172413215041 81.5000012516975
         vertex 29.2773451656103 -18.9655181020498 81.5000012516975
      endloop
   endfacet
   facet normal 0 0 1
      outer loop
         vertex 29.2773451656103 -18.9655181020498 81.5000012516975
         vertex 25.8290693163872 -15.5172413215041 81.5000012516975
         vertex 25.8290693163872 -18.9655181020498 81.5000012516975
      endloop
   endfacet
   facet normal 0 0 1
      outer loop
         vertex 29.2773451656103 -18.9655181020498 81.5000012516975
         vertex 25.8290693163872 -18.9655181020498 81.5000012516975
         vertex 29.2773451656103 -22.413793951273 81.5000012516975
      endloop
   endfacet
   facet normal 0 0 1
      outer loop
         vertex 29.2773451656103 -22.413793951273 81.5000012516975
         vertex 25.8290693163872 -18.9655181020498 81.5000012516975
         vertex 25.8290693163872 -22.413793951273 81.5000012516975
      endloop
   endfacet
   facet normal 0 0 1
      outer loop
         vertex 25.8290693163872 12.068965472281 81.5000012516975
         vertex 22.380793467164 12.068965472281 81.5000012516975
         vertex 25.8290693163872 8.62068962305784 81.5000012516975
      endloop
   endfacet
   facet normal 0 0 1
      outer loop
         vertex 25.8290693163872 8.62068962305784 81.5000012516975
         vertex 22.380793467164 12.068965472281 81.5000012516975
         vertex 22.380793467164 8.62068962305784 81.5000012516975
      endloop
   endfacet
   facet normal 0 0 1
      outer loop
         vertex 25.8290693163872 8.62068962305784 81.5000012516975
         vertex 22.380793467164 8.62068962305784 81.5000012516975
         vertex 25.8290693163872 5.17241377383471 81.5000012516975
      endloop
   endfacet
   facet normal 0 0 1
      outer loop
         vertex 25.8290693163872 5.17241377383471 81.5000012516975
         vertex 22.380793467164 8.62068962305784 81.5000012516975
         vertex 22.380793467164 5.17241377383471 81.5000012516975
      endloop
   endfacet
   facet normal 0 0 1
      outer loop
         vertex 25.8290693163872 5.17241377383471 81.5000012516975
         vertex 22.380793467164 5.17241377383471 81.5000012516975
         vertex 25.8290693163872 1.72413792461157 81.5000012516975
      endloop
   endfacet
   facet normal 0 0 1
      outer loop
         vertex 25.8290693163872 1.72413792461157 81.5000012516975
         vertex 22.380793467164 5.17241377383471 81.5000012516975
         vertex 22.380793467164 1.72413792461157 81.5000012516975
      endloop
   endfacet
   facet normal 0 0 1
      outer loop
         vertex 25.8290693163872 1.72413792461157 81.5000012516975
         vertex 22.380793467164 1.72413792461157 81.5000012516975
         vertex 25.8290693163872 -1.72413792461157 81.5000012516975
      endloop
   endfacet
   facet normal 0 0 1
      outer loop
         vertex 25.8290693163872 -1.72413792461157 81.5000012516975
         vertex 22.380793467164 1.72413792461157 81.5000012516975
         vertex 22.380793467164 -1.72413792461157 81.5000012516975
      endloop
   endfacet
   facet normal 0 0 1
      outer loop
         vertex 25.8290693163872 -1.72413792461157 81.5000012516975
         vertex 22.380793467164 -1.72413792461157 81.5000012516975
         vertex 25.8290693163872 -5.17241377383471 81.5000012516975
      endloop
   endfacet
   facet normal 0 0 1
      outer loop
         vertex 25.8290693163872 -5.17241377383471 81.5000012516975
         vertex 22.380793467164 -1.72413792461157 81.5000012516975
         vertex 22.380793467164 -5.17241377383471 81.5000012516975
      endloop
   endfacet
   facet normal 0 0 1
      outer loop
         vertex 25.8290693163872 -5.17241377383471 81.5000012516975
         vertex 22.380793467164 -5.17241377383471 81.5000012516975
         vertex 25.8290693163872 -8.62068962305784 81.5000012516975
      endloop
   endfacet
   facet normal 0 0 1
      outer loop
         vertex 25.8290693163872 -8.62068962305784 81.5000012516975
         vertex 22.380793467164 -5.17241377383471 81.5000012516975
         vertex 22.380793467164 -8.62068962305784 81.5000012516975
      endloop
   endfacet
   facet normal 0 0 1
      outer loop
         vertex 25.8290693163872 -8.62068962305784 81.5000012516975
         vertex 22.380793467164 -8.62068962305784 81.5000012516975
         vertex 25.8290693163872 -12.068965472281 81.5000012516975
      endloop
   endfacet
   facet normal 0 0 1
      outer loop
         vertex 25.8290693163872 -12.068965472281 81.5000012516975
         vertex 22.380793467164 -8.62068962305784 81.5000012516975
         vertex 22.380793467164 -12.068965472281 81.5000012516975
      endloop
   endfacet
   facet normal 0 0 1
      outer loop
         vertex 25.8290693163872 -12.068965472281 81.5000012516975
         vertex 22.380793467164 -12.068965472281 81.5000012516975
         vertex 25.8290693163872 -15.5172413215041 81.5000012516975
      endloop
   endfacet
   facet normal 0 0 1
      outer loop
         vertex 25.8290693163872 -15.5172413215041 81.5000012516975
         vertex 22.380793467164 -12.068965472281 81.5000012516975
         vertex 22.380793467164 -15.5172413215041 81.5000012516975
      endloop
   endfacet
   facet normal 0 0 1
      outer loop
         vertex 25.8290693163872 -15.5172413215041 81.5000012516975
         vertex 22.380793467164 -15.5172413215041 81.5000012516975
         vertex 25.8290693163872 -18.9655181020498 81.5000012516975
      endloop
   endfacet
   facet normal 0 0 1
      outer loop
         vertex 25.8290693163872 -18.9655181020498 81.5000012516975
         vertex 22.380793467164 -15.5172413215041 81.5000012516975
         vertex 22.380793467164 -18.9655181020498 81.5000012516975
      endloop
   endfacet
   facet normal 0 0 1
      outer loop
         vertex 25.8290693163872 -18.9655181020498 81.5000012516975
         vertex 22.380793467164 -18.9655181020498 81.5000012516975
         vertex 25.8290693163872 -22.413793951273 81.5000012516975
      endloop
   endfacet
   facet normal 0 0 1
      outer loop
         vertex 25.8290693163872 -22.413793951273 81.5000012516975
         vertex 22.380793467164 -18.9655181020498 81.5000012516975
         vertex 22.380793467164 -22.413793951273 81.5000012516975
      endloop
   endfacet
   facet normal 0 0 1
      outer loop
         vertex 22.380793467164 15.5172413215041 81.5000012516975
         vertex 18.9325176179409 15.5172413215041 81.5000012516975
         vertex 22.380793467164 12.068965472281 81.5000012516975
      endloop
   endfacet
   facet normal 0 0 1
      outer loop
         vertex 22.380793467164 12.068965472281 81.5000012516975
         vertex 18.9325176179409 15.5172413215041 81.5000012516975
         vertex 18.9325176179409 12.068965472281 81.5000012516975
      endloop
   endfacet
   facet normal 0 0 1
      outer loop
         vertex 22.380793467164 12.068965472281 81.5000012516975
         vertex 18.9325176179409 12.068965472281 81.5000012516975
         vertex 22.380793467164 8.62068962305784 81.5000012516975
      endloop
   endfacet
   facet normal 0 0 1
      outer loop
         vertex 22.380793467164 8.62068962305784 81.5000012516975
         vertex 18.9325176179409 12.068965472281 81.5000012516975
         vertex 18.9325176179409 8.62068962305784 81.5000012516975
      endloop
   endfacet
   facet normal 0 0 1
      outer loop
         vertex 22.380793467164 8.62068962305784 81.5000012516975
         vertex 18.9325176179409 8.62068962305784 81.5000012516975
         vertex 22.380793467164 5.17241377383471 81.5000012516975
      endloop
   endfacet
   facet normal 0 0 1
      outer loop
         vertex 22.380793467164 5.17241377383471 81.5000012516975
         vertex 18.9325176179409 8.62068962305784 81.5000012516975
         vertex 18.9325176179409 5.17241377383471 81.5000012516975
      endloop
   endfacet
   facet normal 0 0 1
      outer loop
         vertex 22.380793467164 5.17241377383471 81.5000012516975
         vertex 18.9325176179409 5.17241377383471 81.5000012516975
         vertex 22.380793467164 1.72413792461157 81.5000012516975
      endloop
   endfacet
   facet normal 0 0 1
      outer loop
         vertex 22.380793467164 1.72413792461157 81.5000012516975
         vertex 18.9325176179409 5.17241377383471 81.5000012516975
         vertex 18.9325176179409 1.72413792461157 81.5000012516975
      endloop
   endfacet
   facet normal 0 0 1
      outer loop
         vertex 22.380793467164 1.72413792461157 81.5000012516975
         vertex 18.9325176179409 1.72413792461157 81.5000012516975
         vertex 22.380793467164 -1.72413792461157 81.5000012516975
      endloop
   endfacet
   facet normal 0 0 1
      outer loop
         vertex 22.380793467164 -1.72413792461157 81.5000012516975
         vertex 18.9325176179409 1.72413792461157 81.5000012516975
         vertex 18.9325176179409 -1.72413792461157 81.5000012516975
      endloop
   endfacet
   facet normal 0 0 1
      outer loop
         vertex 22.380793467164 -1.72413792461157 81.5000012516975
         vertex 18.9325176179409 -1.72413792461157 81.5000012516975
         vertex 22.380793467164 -5.17241377383471 81.5000012516975
      endloop
   endfacet
   facet normal 0 0 1
      outer loop
         vertex 22.380793467164 -5.17241377383471 81.5000012516975
         vertex 18.9325176179409 -1.72413792461157 81.5000012516975
         vertex 18.9325176179409 -5.17241377383471 81.5000012516975
      endloop
   endfacet
   facet normal 0 0 1
      outer loop
         vertex 22.380793467164 -5.17241377383471 81.5000012516975
         vertex 18.9325176179409 -5.17241377383471 81.5000012516975
         vertex 22.380793467164 -8.62068962305784 81.5000012516975
      endloop
   endfacet
   facet normal 0 0 1
      outer loop
         vertex 22.380793467164 -8.62068962305784 81.5000012516975
         vertex 18.9325176179409 -5.17241377383471 81.5000012516975
         vertex 18.9325176179409 -8.62068962305784 81.5000012516975
      endloop
   endfacet
   facet normal 0 0 1
      outer loop
         vertex 22.380793467164 -8.62068962305784 81.5000012516975
         vertex 18.9325176179409 -8.62068962305784 81.5000012516975
         vertex 22.380793467164 -12.068965472281 81.5000012516975
      endloop
   endfacet
   facet normal 0 0 1
      outer loop
         vertex 22.380793467164 -12.068965472281 81.5000012516975
         vertex 18.9325176179409 -8.62068962305784 81.5000012516975
         vertex 18.9325176179409 -12.068965472281 81.5000012516975
      endloop
   endfacet
   facet normal 0 0 1
      outer loop
         vertex 22.380793467164 -12.068965472281 81.5000012516975
         vertex 18.9325176179409 -12.068965472281 81.5000012516975
         vertex 22.380793467164 -15.5172413215041 81.5000012516975
      endloop
   endfacet
   facet normal 0 0 1
      outer loop
         vertex 22.380793467164 -15.5172413215041 81.5000012516975
         vertex 18.9325176179409 -12.068965472281 81.5000012516975
         vertex 18.9325176179409 -15.5172413215041 81.5000012516975
      endloop
   endfacet
   facet normal 0 0 1
      outer loop
         vertex 22.380793467164 -15.5172413215041 81.5000012516975
         vertex 18.9325176179409 -15.5172413215041 81.5000012516975
         vertex 22.380793467164 -18.9655181020498 81.5000012516975
      endloop
   endfacet
   facet normal 0 0 1
      outer loop
         vertex 22.380793467164 -18.9655181020498 81.5000012516975
         vertex 18.9325176179409 -15.5172413215041 81.5000012516975
         vertex 18.9325176179409 -18.9655181020498 81.5000012516975
      endloop
   endfacet
   facet normal 0 0 1
      outer loop
         vertex 22.380793467164 -18.9655181020498 81.5000012516975
         vertex 18.9325176179409 -18.9655181020498 81.5000012516975
         vertex 22.380793467164 -22.413793951273 81.5000012516975
      endloop
   endfacet
   facet normal 0 0 1
      outer loop
         vertex 22.380793467164 -22.413793951273 81.5000012516975
         vertex 18.9325176179409 -18.9655181020498 81.5000012516975
         vertex 18.9325176179409 -22.413793951273 81.5000012516975
      endloop
   endfacet
   facet normal 0 0 1
      outer loop
         vertex 18.9325176179409 18.9655181020498 81.5000012516975
         vertex 15.4842417687178 18.9655181020498 81.5000012516975
         vertex 18.9325176179409 15.5172413215041 81.5000012516975
      endloop
   endfacet
   facet normal 0 0 1
      outer loop
         vertex 18.9325176179409 15.5172413215041 81.5000012516975
         vertex 15.4842417687178 18.9655181020498 81.5000012516975
         vertex 15.4842417687178 15.5172413215041 81.5000012516975
      endloop
   endfacet
   facet normal 0 0 1
      outer loop
         vertex 18.9325176179409 15.5172413215041 81.5000012516975
         vertex 15.4842417687178 15.5172413215041 81.5000012516975
         vertex 18.9325176179409 12.068965472281 81.5000012516975
      endloop
   endfacet
   facet normal 0 0 1
      outer loop
         vertex 18.9325176179409 12.068965472281 81.5000012516975
         vertex 15.4842417687178 15.5172413215041 81.5000012516975
         vertex 15.4842417687178 12.068965472281 81.5000012516975
      endloop
   endfacet
   facet normal 0 0 1
      outer loop
         vertex 18.9325176179409 12.068965472281 81.5000012516975
         vertex 15.4842417687178 12.068965472281 81.5000012516975
         vertex 18.9325176179409 8.62068962305784 81.5000012516975
      endloop
   endfacet
   facet normal 0 0 1
      outer loop
         vertex 18.9325176179409 8.62068962305784 81.5000012516975
         vertex 15.4842417687178 12.068965472281 81.5000012516975
         vertex 15.4842417687178 8.62068962305784 81.5000012516975
      endloop
   endfacet
   facet normal 0 0 1
      outer loop
         vertex 18.9325176179409 8.62068962305784 81.5000012516975
         vertex 15.4842417687178 8.62068962305784 81.5000012516975
         vertex 18.9325176179409 5.17241377383471 81.5000012516975
      endloop
   endfacet
   facet normal 0 0 1
      outer loop
         vertex 18.9325176179409 5.17241377383471 81.5000012516975
         vertex 15.4842417687178 8.62068962305784 81.5000012516975
         vertex 15.4842417687178 5.17241377383471 81.5000012516975
      endloop
   endfacet
   facet normal 0 0 1
      outer loop
         vertex 18.9325176179409 5.17241377383471 81.5000012516975
         vertex 15.4842417687178 5.17241377383471 81.5000012516975
         vertex 18.9325176179409 1.72413792461157 81.5000012516975
      endloop
   endfacet
   facet normal 0 0 1
      outer loop
         vertex 18.9325176179409 1.72413792461157 81.5000012516975
         vertex 15.4842417687178 5.17241377383471 81.5000012516975
         vertex 15.4842417687178 1.72413792461157 81.5000012516975
      endloop
   endfacet
   facet normal 0 0 1
      outer loop
         vertex 18.9325176179409 1.72413792461157 81.5000012516975
         vertex 15.4842417687178 1.72413792461157 81.5000012516975
         vertex 18.9325176179409 -1.72413792461157 81.5000012516975
      endloop
   endfacet
   facet normal 0 0 1
      outer loop
         vertex 18.9325176179409 -1.72413792461157 81.5000012516975
         vertex 15.4842417687178 1.72413792461157 81.5000012516975
         vertex 15.4842417687178 -1.72413792461157 81.5000012516975
      endloop
   endfacet
   facet normal 0 0 1
      outer loop
         vertex 18.9325176179409 -1.72413792461157 81.5000012516975
         vertex 15.4842417687178 -1.72413792461157 81.5000012516975
         vertex 18.9325176179409 -5.17241377383471 81.5000012516975
      endloop
   endfacet
   facet normal 0 0 1
      outer loop
         vertex 18.9325176179409 -5.17241377383471 81.5000012516975
         vertex 15.4842417687178 -1.72413792461157 81.5000012516975
         vertex 15.4842417687178 -5.17241377383471 81.5000012516975
      endloop
   endfacet
   facet normal 0 0 1
      outer loop
         vertex 18.9325176179409 -5.17241377383471 81.5000012516975
         vertex 15.4842417687178 -5.17241377383471 81.5000012516975
         vertex 18.9325176179409 -8.62068962305784 81.5000012516975
      endloop
   endfacet
   facet normal 0 0 1
      outer loop
         vertex 18.9325176179409 -8.62068962305784 81.5000012516975
         vertex 15.4842417687178 -5.17241377383471 81.5000012516975
         vertex 15.4842417687178 -8.62068962305784 81.5000012516975
      endloop
   endfacet
   facet normal 0 0 1
      outer loop
         vertex 18.9325176179409 -8.62068962305784 81.5000012516975
         vertex 15.4842417687178 -8.62068962305784 81.5000012516975
         vertex 18.9325176179409 -12.068965472281 81.5000012516975
      endloop
   endfacet
   facet normal 0 0 1
      outer loop
         vertex 18.9325176179409 -12.068965472281 81.5000012516975
         vertex 15.4842417687178 -8.62068962305784 81.5000012516975
         vertex 15.4842417687178 -12.068965472281 81.5000012516975
      endloop
   endfacet
   facet normal 0 0 1
      outer loop
         vertex 18.9325176179409 -12.068965472281 81.5000012516975
         vertex 15.4842417687178 -12.068965472281 81.5000012516975
         vertex 18.9325176179409 -15.5172413215041 81.5000012516975
      endloop
   endfacet
   facet normal 0 0 1
      outer loop
         vertex 18.9325176179409 -15.5172413215041 81.5000012516975
         vertex 15.4842417687178 -12.068965472281 81.5000012516975
         vertex 15.4842417687178 -15.5172413215041 81.5000012516975
      endloop
   endfacet
   facet normal 0 0 1
      outer loop
         vertex 18.9325176179409 -15.5172413215041 81.5000012516975
         vertex 15.4842417687178 -15.5172413215041 81.5000012516975
         vertex 18.9325176179409 -18.9655181020498 81.5000012516975
      endloop
   endfacet
   facet normal 0 0 1
      outer loop
         vertex 18.9325176179409 -18.9655181020498 81.5000012516975
         vertex 15.4842417687178 -15.5172413215041 81.5000012516975
         vertex 15.4842417687178 -18.9655181020498 81.5000012516975
      endloop
   endfacet
   facet normal 0 0 1
      outer loop
         vertex 18.9325176179409 -18.9655181020498 81.5000012516975
         vertex 15.4842417687178 -18.9655181020498 81.5000012516975
         vertex 18.9325176179409 -22.413793951273 81.5000012516975
      endloop
   endfacet
   facet normal 0 0 1
      outer loop
         vertex 18.9325176179409 -22.413793951273 81.5000012516975
         vertex 15.4842417687178 -18.9655181020498 81.5000012516975
         vertex 15.4842417687178 -22.413793951273 81.5000012516975
      endloop
   endfacet
   facet normal 0 0 1
      outer loop
         vertex 15.4842417687178 22.413793951273 81.5000012516975
         vertex 12.0359659194946 22.413793951273 81.5000012516975
         vertex 15.4842417687178 18.9655181020498 81.5000012516975
      endloop
   endfacet
   facet normal 0 0 1
      outer loop
         vertex 15.4842417687178 18.9655181020498 81.5000012516975
         vertex 12.0359659194946 22.413793951273 81.5000012516975
         vertex 12.0359659194946 18.9655181020498 81.5000012516975
      endloop
   endfacet
   facet normal 0 0 1
      outer loop
         vertex 15.4842417687178 18.9655181020498 81.5000012516975
         vertex 12.0359659194946 18.9655181020498 81.5000012516975
         vertex 15.4842417687178 15.5172413215041 81.5000012516975
      endloop
   endfacet
   facet normal 0 0 1
      outer loop
         vertex 15.4842417687178 15.5172413215041 81.5000012516975
         vertex 12.0359659194946 18.9655181020498 81.5000012516975
         vertex 12.0359659194946 15.5172413215041 81.5000012516975
      endloop
   endfacet
   facet normal 0 0 1
      outer loop
         vertex 15.4842417687178 15.5172413215041 81.5000012516975
         vertex 12.0359659194946 15.5172413215041 81.5000012516975
         vertex 15.4842417687178 12.068965472281 81.5000012516975
      endloop
   endfacet
   facet normal 0 0 1
      outer loop
         vertex 15.4842417687178 12.068965472281 81.5000012516975
         vertex 12.0359659194946 15.5172413215041 81.5000012516975
         vertex 12.0359659194946 12.068965472281 81.5000012516975
      endloop
   endfacet
   facet normal 0 0 1
      outer loop
         vertex 15.4842417687178 12.068965472281 81.5000012516975
         vertex 12.0359659194946 12.068965472281 81.5000012516975
         vertex 15.4842417687178 8.62068962305784 81.5000012516975
      endloop
   endfacet
   facet normal 0 0 1
      outer loop
         vertex 15.4842417687178 8.62068962305784 81.5000012516975
         vertex 12.0359659194946 12.068965472281 81.5000012516975
         vertex 12.0359659194946 8.62068962305784 81.5000012516975
      endloop
   endfacet
   facet normal 0 0 1
      outer loop
         vertex 15.4842417687178 8.62068962305784 81.5000012516975
         vertex 12.0359659194946 8.62068962305784 81.5000012516975
         vertex 15.4842417687178 5.17241377383471 81.5000012516975
      endloop
   endfacet
   facet normal 0 0 1
      outer loop
         vertex 15.4842417687178 5.17241377383471 81.5000012516975
         vertex 12.0359659194946 8.62068962305784 81.5000012516975
         vertex 12.0359659194946 5.17241377383471 81.5000012516975
      endloop
   endfacet
   facet normal 0 0 1
      outer loop
         vertex 15.4842417687178 5.17241377383471 81.5000012516975
         vertex 12.0359659194946 5.17241377383471 81.5000012516975
         vertex 15.4842417687178 1.72413792461157 81.5000012516975
      endloop
   endfacet
   facet normal 0 0 1
      outer loop
         vertex 15.4842417687178 1.72413792461157 81.5000012516975
         vertex 12.0359659194946 5.17241377383471 81.5000012516975
         vertex 12.0359659194946 1.72413792461157 81.5000012516975
      endloop
   endfacet
   facet normal 0 0 1
      outer loop
         vertex 15.4842417687178 1.72413792461157 81.5000012516975
         vertex 12.0359659194946 1.72413792461157 81.5000012516975
         vertex 15.4842417687178 -1.72413792461157 81.5000012516975
      endloop
   endfacet
   facet normal 0 0 1
      outer loop
         vertex 15.4842417687178 -1.72413792461157 81.5000012516975
         vertex 12.0359659194946 1.72413792461157 81.5000012516975
         vertex 12.0359659194946 -1.72413792461157 81.5000012516975
      endloop
   endfacet
   facet normal 0 0 1
      outer loop
         vertex 15.4842417687178 -1.72413792461157 81.5000012516975
         vertex 12.0359659194946 -1.72413792461157 81.5000012516975
         vertex 15.4842417687178 -5.17241377383471 81.5000012516975
      endloop
   endfacet
   facet normal 0 0 1
      outer loop
         vertex 15.4842417687178 -5.17241377383471 81.5000012516975
         vertex 12.0359659194946 -1.72413792461157 81.5000012516975
         vertex 12.0359659194946 -5.17241377383471 81.5000012516975
      endloop
   endfacet
   facet normal 0 0 1
      outer loop
         vertex 15.4842417687178 -5.17241377383471 81.5000012516975
         vertex 12.0359659194946 -5.17241377383471 81.5000012516975
         vertex 15.4842417687178 -8.62068962305784 81.5000012516975
      endloop
   endfacet
   facet normal 0 0 1
      outer loop
         vertex 15.4842417687178 -8.62068962305784 81.5000012516975
         vertex 12.0359659194946 -5.17241377383471 81.5000012516975
         vertex 12.0359659194946 -8.62068962305784 81.5000012516975
      endloop
   endfacet
   facet normal 0 0 1
      outer loop
         vertex 15.4842417687178 -8.62068962305784 81.5000012516975
         vertex 12.0359659194946 -8.62068962305784 81.5000012516975
         vertex 15.4842417687178 -12.068965472281 81.5000012516975
      endloop
   endfacet
   facet normal 0 0 1
      outer loop
         vertex 15.4842417687178 -12.068965472281 81.5000012516975
         vertex 12.0359659194946 -8.62068962305784 81.5000012516975
         vertex 12.0359659194946 -12.068965472281 81.5000012516975
      endloop
   endfacet
   facet normal 0 0 1
      outer loop
         vertex 15.4842417687178 -12.068965472281 81.5000012516975
         vertex 12.0359659194946 -12.068965472281 81.5000012516975
         vertex 15.4842417687178 -15.5172413215041 81.5000012516975
      endloop
   endfacet
   facet normal 0 0 1
      outer loop
         vertex 15.4842417687178 -15.5172413215041 81.5000012516975
         vertex 12.0359659194946 -12.068965472281 81.5000012516975
         vertex 12.0359659194946 -15.5172413215041 81.5000012516975
      endloop
   endfacet
   facet normal 0 0 1
      outer loop
         vertex 15.4842417687178 -15.5172413215041 81.5000012516975
         vertex 12.0359659194946 -15.5172413215041 81.5000012516975
         vertex 15.4842417687178 -18.9655181020498 81.5000012516975
      endloop
   endfacet
   facet normal 0 0 1
      outer loop
         vertex 15.4842417687178 -18.9655181020498 81.5000012516975
         vertex 12.0359659194946 -15.5172413215041 81.5000012516975
         vertex 12.0359659194946 -18.9655181020498 81.5000012516975
      endloop
   endfacet
   facet normal 0 0 1
      outer loop
         vertex 15.4842417687178 -18.9655181020498 81.5000012516975
         vertex 12.0359659194946 -18.9655181020498 81.5000012516975
         vertex 15.4842417687178 -22.413793951273 81.5000012516975
      endloop
   endfacet
   facet normal 0 0 1
      outer loop
         vertex 15.4842417687178 -22.413793951273 81.5000012516975
         vertex 12.0359659194946 -18.9655181020498 81.5000012516975
         vertex 12.0359659194946 -22.413793951273 81.5000012516975
      endloop
   endfacet
   facet normal 0 0 1
      outer loop
         vertex 12.0359659194946 25.8620698004961 81.5000012516975
         vertex 8.58769007027149 25.8620698004961 81.5000012516975
         vertex 12.0359659194946 22.413793951273 81.5000012516975
      endloop
   endfacet
   facet normal 0 0 1
      outer loop
         vertex 12.0359659194946 22.413793951273 81.5000012516975
         vertex 8.58769007027149 25.8620698004961 81.5000012516975
         vertex 8.58769007027149 22.413793951273 81.5000012516975
      endloop
   endfacet
   facet normal 0 0 1
      outer loop
         vertex 12.0359659194946 22.413793951273 81.5000012516975
         vertex 8.58769007027149 22.413793951273 81.5000012516975
         vertex 12.0359659194946 18.9655181020498 81.5000012516975
      endloop
   endfacet
   facet normal 0 0 1
      outer loop
         vertex 12.0359659194946 18.9655181020498 81.5000012516975
         vertex 8.58769007027149 22.413793951273 81.5000012516975
         vertex 8.58769007027149 18.9655181020498 81.5000012516975
      endloop
   endfacet
   facet normal 0 0 1
      outer loop
         vertex 12.0359659194946 18.9655181020498 81.5000012516975
         vertex 8.58769007027149 18.9655181020498 81.5000012516975
         vertex 12.0359659194946 15.5172413215041 81.5000012516975
      endloop
   endfacet
   facet normal 0 0 1
      outer loop
         vertex 12.0359659194946 15.5172413215041 81.5000012516975
         vertex 8.58769007027149 18.9655181020498 81.5000012516975
         vertex 8.58769007027149 15.5172413215041 81.5000012516975
      endloop
   endfacet
   facet normal 0 0 1
      outer loop
         vertex 12.0359659194946 15.5172413215041 81.5000012516975
         vertex 8.58769007027149 15.5172413215041 81.5000012516975
         vertex 12.0359659194946 12.068965472281 81.5000012516975
      endloop
   endfacet
   facet normal 0 0 1
      outer loop
         vertex 12.0359659194946 12.068965472281 81.5000012516975
         vertex 8.58769007027149 15.5172413215041 81.5000012516975
         vertex 8.58769007027149 12.068965472281 81.5000012516975
      endloop
   endfacet
   facet normal 0 0 1
      outer loop
         vertex 12.0359659194946 12.068965472281 81.5000012516975
         vertex 8.58769007027149 12.068965472281 81.5000012516975
         vertex 12.0359659194946 8.62068962305784 81.5000012516975
      endloop
   endfacet
   facet normal 0 0 1
      outer loop
         vertex 12.0359659194946 8.62068962305784 81.5000012516975
         vertex 8.58769007027149 12.068965472281 81.5000012516975
         vertex 8.58769007027149 8.62068962305784 81.5000012516975
      endloop
   endfacet
   facet normal 0 0 1
      outer loop
         vertex 12.0359659194946 8.62068962305784 81.5000012516975
         vertex 8.58769007027149 8.62068962305784 81.5000012516975
         vertex 12.0359659194946 5.17241377383471 81.5000012516975
      endloop
   endfacet
   facet normal 0 0 1
      outer loop
         vertex 12.0359659194946 5.17241377383471 81.5000012516975
         vertex 8.58769007027149 8.62068962305784 81.5000012516975
         vertex 8.58769007027149 5.17241377383471 81.5000012516975
      endloop
   endfacet
   facet normal 0 0 1
      outer loop
         vertex 12.0359659194946 5.17241377383471 81.5000012516975
         vertex 8.58769007027149 5.17241377383471 81.5000012516975
         vertex 12.0359659194946 1.72413792461157 81.5000012516975
      endloop
   endfacet
   facet normal 0 0 1
      outer loop
         vertex 12.0359659194946 1.72413792461157 81.5000012516975
         vertex 8.58769007027149 5.17241377383471 81.5000012516975
         vertex 8.58769007027149 1.72413792461157 81.5000012516975
      endloop
   endfacet
   facet normal 0 0 1
      outer loop
         vertex 12.0359659194946 1.72413792461157 81.5000012516975
         vertex 8.58769007027149 1.72413792461157 81.5000012516975
         vertex 12.0359659194946 -1.72413792461157 81.5000012516975
      endloop
   endfacet
   facet normal 0 0 1
      outer loop
         vertex 12.0359659194946 -1.72413792461157 81.5000012516975
         vertex 8.58769007027149 1.72413792461157 81.5000012516975
         vertex 8.58769007027149 -1.72413792461157 81.5000012516975
      endloop
   endfacet
   facet normal 0 0 1
      outer loop
         vertex 12.0359659194946 -1.72413792461157 81.5000012516975
         vertex 8.58769007027149 -1.72413792461157 81.5000012516975
         vertex 12.0359659194946 -5.17241377383471 81.5000012516975
      endloop
   endfacet
   facet normal 0 0 1
      outer loop
         vertex 12.0359659194946 -5.17241377383471 81.5000012516975
         vertex 8.58769007027149 -1.72413792461157 81.5000012516975
         vertex 8.58769007027149 -5.17241377383471 81.5000012516975
      endloop
   endfacet
   facet normal 0 0 1
      outer loop
         vertex 12.0359659194946 -5.17241377383471 81.5000012516975
         vertex 8.58769007027149 -5.17241377383471 81.5000012516975
         vertex 12.0359659194946 -8.62068962305784 81.5000012516975
      endloop
   endfacet
   facet normal 0 0 1
      outer loop
         vertex 12.0359659194946 -8.62068962305784 81.5000012516975
         vertex 8.58769007027149 -5.17241377383471 81.5000012516975
         vertex 8.58769007027149 -8.62068962305784 81.5000012516975
      endloop
   endfacet
   facet normal 0 0 1
      outer loop
         vertex 12.0359659194946 -8.62068962305784 81.5000012516975
         vertex 8.58769007027149 -8.62068962305784 81.5000012516975
         vertex 12.0359659194946 -12.068965472281 81.5000012516975
      endloop
   endfacet
   facet normal 0 0 1
      outer loop
         vertex 12.0359659194946 -12.068965472281 81.5000012516975
         vertex 8.58769007027149 -8.62068962305784 81.5000012516975
         vertex 8.58769007027149 -12.068965472281 81.5000012516975
      endloop
   endfacet
   facet normal 0 0 1
      outer loop
         vertex 12.0359659194946 -12.068965472281 81.5000012516975
         vertex 8.58769007027149 -12.068965472281 81.5000012516975
         vertex 12.0359659194946 -15.5172413215041 81.5000012516975
      endloop
   endfacet
   facet normal 0 0 1
      outer loop
         vertex 12.0359659194946 -15.5172413215041 81.5000012516975
         vertex 8.58769007027149 -12.068965472281 81.5000012516975
         vertex 8.58769007027149 -15.5172413215041 81.5000012516975
      endloop
   endfacet
   facet normal 0 0 1
      outer loop
         vertex 12.0359659194946 -15.5172413215041 81.5000012516975
         vertex 8.58769007027149 -15.5172413215041 81.5000012516975
         vertex 12.0359659194946 -18.9655181020498 81.5000012516975
      endloop
   endfacet
   facet normal 0 0 1
      outer loop
         vertex 12.0359659194946 -18.9655181020498 81.5000012516975
         vertex 8.58769007027149 -15.5172413215041 81.5000012516975
         vertex 8.58769007027149 -18.9655181020498 81.5000012516975
      endloop
   endfacet
   facet normal 0 0 1
      outer loop
         vertex 12.0359659194946 -18.9655181020498 81.5000012516975
         vertex 8.58769007027149 -18.9655181020498 81.5000012516975
         vertex 12.0359659194946 -22.413793951273 81.5000012516975
      endloop
   endfacet
   facet normal 0 0 1
      outer loop
         vertex 12.0359659194946 -22.413793951273 81.5000012516975
         vertex 8.58769007027149 -18.9655181020498 81.5000012516975
         vertex 8.58769007027149 -22.413793951273 81.5000012516975
      endloop
   endfacet
   facet normal 0 0 1
      outer loop
         vertex 8.58769007027149 29.3103456497192 81.5000012516975
         vertex 5.13941375538707 29.3103456497192 81.5000012516975
         vertex 8.58769007027149 25.8620698004961 81.5000012516975
      endloop
   endfacet
   facet normal 0 0 1
      outer loop
         vertex 8.58769007027149 25.8620698004961 81.5000012516975
         vertex 5.13941375538707 29.3103456497192 81.5000012516975
         vertex 5.13941375538707 25.8620698004961 81.5000012516975
      endloop
   endfacet
   facet normal 0 0 1
      outer loop
         vertex 8.58769007027149 25.8620698004961 81.5000012516975
         vertex 5.13941375538707 25.8620698004961 81.5000012516975
         vertex 8.58769007027149 22.413793951273 81.5000012516975
      endloop
   endfacet
   facet normal 0 0 1
      outer loop
         vertex 8.58769007027149 22.413793951273 81.5000012516975
         vertex 5.13941375538707 25.8620698004961 81.5000012516975
         vertex 5.13941375538707 22.413793951273 81.5000012516975
      endloop
   endfacet
   facet normal 0 0 1
      outer loop
         vertex 8.58769007027149 22.413793951273 81.5000012516975
         vertex 5.13941375538707 22.413793951273 81.5000012516975
         vertex 8.58769007027149 18.9655181020498 81.5000012516975
      endloop
   endfacet
   facet normal 0 0 1
      outer loop
         vertex 8.58769007027149 18.9655181020498 81.5000012516975
         vertex 5.13941375538707 22.413793951273 81.5000012516975
         vertex 5.13941375538707 18.9655181020498 81.5000012516975
      endloop
   endfacet
   facet normal 0 0 1
      outer loop
         vertex 8.58769007027149 18.9655181020498 81.5000012516975
         vertex 5.13941375538707 18.9655181020498 81.5000012516975
         vertex 8.58769007027149 15.5172413215041 81.5000012516975
      endloop
   endfacet
   facet normal 0 0 1
      outer loop
         vertex 8.58769007027149 15.5172413215041 81.5000012516975
         vertex 5.13941375538707 18.9655181020498 81.5000012516975
         vertex 5.13941375538707 15.5172413215041 81.5000012516975
      endloop
   endfacet
   facet normal 0 0 1
      outer loop
         vertex 8.58769007027149 15.5172413215041 81.5000012516975
         vertex 5.13941375538707 15.5172413215041 81.5000012516975
         vertex 8.58769007027149 12.068965472281 81.5000012516975
      endloop
   endfacet
   facet normal 0 0 1
      outer loop
         vertex 8.58769007027149 12.068965472281 81.5000012516975
         vertex 5.13941375538707 15.5172413215041 81.5000012516975
         vertex 5.13941375538707 12.068965472281 81.5000012516975
      endloop
   endfacet
   facet normal 0 0 1
      outer loop
         vertex 8.58769007027149 12.068965472281 81.5000012516975
         vertex 5.13941375538707 12.068965472281 81.5000012516975
         vertex 8.58769007027149 8.62068962305784 81.5000012516975
      endloop
   endfacet
   facet normal 0 0 1
      outer loop
         vertex 8.58769007027149 8.62068962305784 81.5000012516975
         vertex 5.13941375538707 12.068965472281 81.5000012516975
         vertex 5.13941375538707 8.62068962305784 81.5000012516975
      endloop
   endfacet
   facet normal 0 0 1
      outer loop
         vertex 8.58769007027149 8.62068962305784 81.5000012516975
         vertex 5.13941375538707 8.62068962305784 81.5000012516975
         vertex 8.58769007027149 5.17241377383471 81.5000012516975
      endloop
   endfacet
   facet normal 0 0 1
      outer loop
         vertex 8.58769007027149 5.17241377383471 81.5000012516975
         vertex 5.13941375538707 8.62068962305784 81.5000012516975
         vertex 5.13941375538707 5.17241377383471 81.5000012516975
      endloop
   endfacet
   facet normal 0 0 1
      outer loop
         vertex 8.58769007027149 5.17241377383471 81.5000012516975
         vertex 5.13941375538707 5.17241377383471 81.5000012516975
         vertex 8.58769007027149 1.72413792461157 81.5000012516975
      endloop
   endfacet
   facet normal 0 0 1
      outer loop
         vertex 8.58769007027149 1.72413792461157 81.5000012516975
         vertex 5.13941375538707 5.17241377383471 81.5000012516975
         vertex 5.13941375538707 1.72413792461157 81.5000012516975
      endloop
   endfacet
   facet normal 0 0 1
      outer loop
         vertex 8.58769007027149 1.72413792461157 81.5000012516975
         vertex 5.13941375538707 1.72413792461157 81.5000012516975
         vertex 8.58769007027149 -1.72413792461157 81.5000012516975
      endloop
   endfacet
   facet normal 0 0 1
      outer loop
         vertex 8.58769007027149 -1.72413792461157 81.5000012516975
         vertex 5.13941375538707 1.72413792461157 81.5000012516975
         vertex 5.13941375538707 -1.72413792461157 81.5000012516975
      endloop
   endfacet
   facet normal 0 0 1
      outer loop
         vertex 8.58769007027149 -1.72413792461157 81.5000012516975
         vertex 5.13941375538707 -1.72413792461157 81.5000012516975
         vertex 8.58769007027149 -5.17241377383471 81.5000012516975
      endloop
   endfacet
   facet normal 0 0 1
      outer loop
         vertex 8.58769007027149 -5.17241377383471 81.5000012516975
         vertex 5.13941375538707 -1.72413792461157 81.5000012516975
         vertex 5.13941375538707 -5.17241377383471 81.5000012516975
      endloop
   endfacet
   facet normal 0 0 1
      outer loop
         vertex 8.58769007027149 -5.17241377383471 81.5000012516975
         vertex 5.13941375538707 -5.17241377383471 81.5000012516975
         vertex 8.58769007027149 -8.62068962305784 81.5000012516975
      endloop
   endfacet
   facet normal 0 0 1
      outer loop
         vertex 8.58769007027149 -8.62068962305784 81.5000012516975
         vertex 5.13941375538707 -5.17241377383471 81.5000012516975
         vertex 5.13941375538707 -8.62068962305784 81.5000012516975
      endloop
   endfacet
   facet normal 0 0 1
      outer loop
         vertex 8.58769007027149 -8.62068962305784 81.5000012516975
         vertex 5.13941375538707 -8.62068962305784 81.5000012516975
         vertex 8.58769007027149 -12.068965472281 81.5000012516975
      endloop
   endfacet
   facet normal 0 0 1
      outer loop
         vertex 8.58769007027149 -12.068965472281 81.5000012516975
         vertex 5.13941375538707 -8.62068962305784 81.5000012516975
         vertex 5.13941375538707 -12.068965472281 81.5000012516975
      endloop
   endfacet
   facet normal 0 0 1
      outer loop
         vertex 8.58769007027149 -12.068965472281 81.5000012516975
         vertex 5.13941375538707 -12.068965472281 81.5000012516975
         vertex 8.58769007027149 -15.5172413215041 81.5000012516975
      endloop
   endfacet
   facet normal 0 0 1
      outer loop
         vertex 8.58769007027149 -15.5172413215041 81.5000012516975
         vertex 5.13941375538707 -12.068965472281 81.5000012516975
         vertex 5.13941375538707 -15.5172413215041 81.5000012516975
      endloop
   endfacet
   facet normal 0 0 1
      outer loop
         vertex 8.58769007027149 -15.5172413215041 81.5000012516975
         vertex 5.13941375538707 -15.5172413215041 81.5000012516975
         vertex 8.58769007027149 -18.9655181020498 81.5000012516975
      endloop
   endfacet
   facet normal 0 0 1
      outer loop
         vertex 8.58769007027149 -18.9655181020498 81.5000012516975
         vertex 5.13941375538707 -15.5172413215041 81.5000012516975
         vertex 5.13941375538707 -18.9655181020498 81.5000012516975
      endloop
   endfacet
   facet normal 0 0 1
      outer loop
         vertex 8.58769007027149 -18.9655181020498 81.5000012516975
         vertex 5.13941375538707 -18.9655181020498 81.5000012516975
         vertex 8.58769007027149 -22.413793951273 81.5000012516975
      endloop
   endfacet
   facet normal 0 0 1
      outer loop
         vertex 8.58769007027149 -22.413793951273 81.5000012516975
         vertex 5.13941375538707 -18.9655181020498 81.5000012516975
         vertex 5.13941375538707 -22.413793951273 81.5000012516975
      endloop
   endfacet
   facet normal 0 0 1
      outer loop
         vertex 5.13941375538707 32.7586196362972 81.5000012516975
         vertex 1.69113790616393 32.7586196362972 81.5000012516975
         vertex 5.13941375538707 29.3103456497192 81.5000012516975
      endloop
   endfacet
   facet normal 0 0 1
      outer loop
         vertex 5.13941375538707 29.3103456497192 81.5000012516975
         vertex 1.69113790616393 32.7586196362972 81.5000012516975
         vertex 1.69113790616393 29.3103456497192 81.5000012516975
      endloop
   endfacet
   facet normal 0 0 1
      outer loop
         vertex 5.13941375538707 29.3103456497192 81.5000012516975
         vertex 1.69113790616393 29.3103456497192 81.5000012516975
         vertex 5.13941375538707 25.8620698004961 81.5000012516975
      endloop
   endfacet
   facet normal 0 0 1
      outer loop
         vertex 5.13941375538707 25.8620698004961 81.5000012516975
         vertex 1.69113790616393 29.3103456497192 81.5000012516975
         vertex 1.69113790616393 25.8620698004961 81.5000012516975
      endloop
   endfacet
   facet normal 0 0 1
      outer loop
         vertex 5.13941375538707 25.8620698004961 81.5000012516975
         vertex 1.69113790616393 25.8620698004961 81.5000012516975
         vertex 5.13941375538707 22.413793951273 81.5000012516975
      endloop
   endfacet
   facet normal 0 0 1
      outer loop
         vertex 5.13941375538707 22.413793951273 81.5000012516975
         vertex 1.69113790616393 25.8620698004961 81.5000012516975
         vertex 1.69113790616393 22.413793951273 81.5000012516975
      endloop
   endfacet
   facet normal 0 0 1
      outer loop
         vertex 5.13941375538707 22.413793951273 81.5000012516975
         vertex 1.69113790616393 22.413793951273 81.5000012516975
         vertex 5.13941375538707 18.9655181020498 81.5000012516975
      endloop
   endfacet
   facet normal 0 0 1
      outer loop
         vertex 5.13941375538707 18.9655181020498 81.5000012516975
         vertex 1.69113790616393 22.413793951273 81.5000012516975
         vertex 1.69113790616393 18.9655181020498 81.5000012516975
      endloop
   endfacet
   facet normal 0 0 1
      outer loop
         vertex 5.13941375538707 18.9655181020498 81.5000012516975
         vertex 1.69113790616393 18.9655181020498 81.5000012516975
         vertex 5.13941375538707 15.5172413215041 81.5000012516975
      endloop
   endfacet
   facet normal 0 0 1
      outer loop
         vertex 5.13941375538707 15.5172413215041 81.5000012516975
         vertex 1.69113790616393 18.9655181020498 81.5000012516975
         vertex 1.69113790616393 15.5172413215041 81.5000012516975
      endloop
   endfacet
   facet normal 0 0 1
      outer loop
         vertex 5.13941375538707 15.5172413215041 81.5000012516975
         vertex 1.69113790616393 15.5172413215041 81.5000012516975
         vertex 5.13941375538707 12.068965472281 81.5000012516975
      endloop
   endfacet
   facet normal 0 0 1
      outer loop
         vertex 5.13941375538707 12.068965472281 81.5000012516975
         vertex 1.69113790616393 15.5172413215041 81.5000012516975
         vertex 1.69113790616393 12.068965472281 81.5000012516975
      endloop
   endfacet
   facet normal 0 0 1
      outer loop
         vertex 5.13941375538707 12.068965472281 81.5000012516975
         vertex 1.69113790616393 12.068965472281 81.5000012516975
         vertex 5.13941375538707 8.62068962305784 81.5000012516975
      endloop
   endfacet
   facet normal 0 0 1
      outer loop
         vertex 5.13941375538707 8.62068962305784 81.5000012516975
         vertex 1.69113790616393 12.068965472281 81.5000012516975
         vertex 1.69113790616393 8.62068962305784 81.5000012516975
      endloop
   endfacet
   facet normal 0 0 1
      outer loop
         vertex 5.13941375538707 8.62068962305784 81.5000012516975
         vertex 1.69113790616393 8.62068962305784 81.5000012516975
         vertex 5.13941375538707 5.17241377383471 81.5000012516975
      endloop
   endfacet
   facet normal 0 0 1
      outer loop
         vertex 5.13941375538707 5.17241377383471 81.5000012516975
         vertex 1.69113790616393 8.62068962305784 81.5000012516975
         vertex 1.69113790616393 5.17241377383471 81.5000012516975
      endloop
   endfacet
   facet normal 0 0 1
      outer loop
         vertex 5.13941375538707 5.17241377383471 81.5000012516975
         vertex 1.69113790616393 5.17241377383471 81.5000012516975
         vertex 5.13941375538707 1.72413792461157 81.5000012516975
      endloop
   endfacet
   facet normal 0 0 1
      outer loop
         vertex 5.13941375538707 1.72413792461157 81.5000012516975
         vertex 1.69113790616393 5.17241377383471 81.5000012516975
         vertex 1.69113790616393 1.72413792461157 81.5000012516975
      endloop
   endfacet
   facet normal 0 0 1
      outer loop
         vertex 5.13941375538707 1.72413792461157 81.5000012516975
         vertex 1.69113790616393 1.72413792461157 81.5000012516975
         vertex 5.13941375538707 -1.72413792461157 81.5000012516975
      endloop
   endfacet
   facet normal 0 0 1
      outer loop
         vertex 5.13941375538707 -1.72413792461157 81.5000012516975
         vertex 1.69113790616393 1.72413792461157 81.5000012516975
         vertex 1.69113790616393 -1.72413792461157 81.5000012516975
      endloop
   endfacet
   facet normal 0 0 1
      outer loop
         vertex 5.13941375538707 -1.72413792461157 81.5000012516975
         vertex 1.69113790616393 -1.72413792461157 81.5000012516975
         vertex 5.13941375538707 -5.17241377383471 81.5000012516975
      endloop
   endfacet
   facet normal 0 0 1
      outer loop
         vertex 5.13941375538707 -5.17241377383471 81.5000012516975
         vertex 1.69113790616393 -1.72413792461157 81.5000012516975
         vertex 1.69113790616393 -5.17241377383471 81.5000012516975
      endloop
   endfacet
   facet normal 0 0 1
      outer loop
         vertex 5.13941375538707 -5.17241377383471 81.5000012516975
         vertex 1.69113790616393 -5.17241377383471 81.5000012516975
         vertex 5.13941375538707 -8.62068962305784 81.5000012516975
      endloop
   endfacet
   facet normal 0 0 1
      outer loop
         vertex 5.13941375538707 -8.62068962305784 81.5000012516975
         vertex 1.69113790616393 -5.17241377383471 81.5000012516975
         vertex 1.69113790616393 -8.62068962305784 81.5000012516975
      endloop
   endfacet
   facet normal 0 0 1
      outer loop
         vertex 5.13941375538707 -8.62068962305784 81.5000012516975
         vertex 1.69113790616393 -8.62068962305784 81.5000012516975
         vertex 5.13941375538707 -12.068965472281 81.5000012516975
      endloop
   endfacet
   facet normal 0 0 1
      outer loop
         vertex 5.13941375538707 -12.068965472281 81.5000012516975
         vertex 1.69113790616393 -8.62068962305784 81.5000012516975
         vertex 1.69113790616393 -12.068965472281 81.5000012516975
      endloop
   endfacet
   facet normal 0 0 1
      outer loop
         vertex 5.13941375538707 -12.068965472281 81.5000012516975
         vertex 1.69113790616393 -12.068965472281 81.5000012516975
         vertex 5.13941375538707 -15.5172413215041 81.5000012516975
      endloop
   endfacet
   facet normal 0 0 1
      outer loop
         vertex 5.13941375538707 -15.5172413215041 81.5000012516975
         vertex 1.69113790616393 -12.068965472281 81.5000012516975
         vertex 1.69113790616393 -15.5172413215041 81.5000012516975
      endloop
   endfacet
   facet normal 0 0 1
      outer loop
         vertex 5.13941375538707 -15.5172413215041 81.5000012516975
         vertex 1.69113790616393 -15.5172413215041 81.5000012516975
         vertex 5.13941375538707 -18.9655181020498 81.5000012516975
      endloop
   endfacet
   facet normal 0 0 1
      outer loop
         vertex 5.13941375538707 -18.9655181020498 81.5000012516975
         vertex 1.69113790616393 -15.5172413215041 81.5000012516975
         vertex 1.69113790616393 -18.9655181020498 81.5000012516975
      endloop
   endfacet
   facet normal 0 0 1
      outer loop
         vertex 5.13941375538707 -18.9655181020498 81.5000012516975
         vertex 1.69113790616393 -18.9655181020498 81.5000012516975
         vertex 5.13941375538707 -22.413793951273 81.5000012516975
      endloop
   endfacet
   facet normal 0 0 1
      outer loop
         vertex 5.13941375538707 -22.413793951273 81.5000012516975
         vertex 1.69113790616393 -18.9655181020498 81.5000012516975
         vertex 1.69113790616393 -22.413793951273 81.5000012516975
      endloop
   endfacet
   facet normal 0 0 1
      outer loop
         vertex 1.69113790616393 36.2068973481655 81.5000012516975
         vertex -1.75713794305921 36.2068973481655 81.5000012516975
         vertex 1.69113790616393 32.7586196362972 81.5000012516975
      endloop
   endfacet
   facet normal 0 0 1
      outer loop
         vertex 1.69113790616393 32.7586196362972 81.5000012516975
         vertex -1.75713794305921 36.2068973481655 81.5000012516975
         vertex -1.75713794305921 32.7586196362972 81.5000012516975
      endloop
   endfacet
   facet normal 0 0 1
      outer loop
         vertex 1.69113790616393 32.7586196362972 81.5000012516975
         vertex -1.75713794305921 32.7586196362972 81.5000012516975
         vertex 1.69113790616393 29.3103456497192 81.5000012516975
      endloop
   endfacet
   facet normal 0 0 1
      outer loop
         vertex 1.69113790616393 29.3103456497192 81.5000012516975
         vertex -1.75713794305921 32.7586196362972 81.5000012516975
         vertex -1.75713794305921 29.3103456497192 81.5000012516975
      endloop
   endfacet
   facet normal 0 0 1
      outer loop
         vertex 1.69113790616393 29.3103456497192 81.5000012516975
         vertex -1.75713794305921 29.3103456497192 81.5000012516975
         vertex 1.69113790616393 25.8620698004961 81.5000012516975
      endloop
   endfacet
   facet normal 0 0 1
      outer loop
         vertex 1.69113790616393 25.8620698004961 81.5000012516975
         vertex -1.75713794305921 29.3103456497192 81.5000012516975
         vertex -1.75713794305921 25.8620698004961 81.5000012516975
      endloop
   endfacet
   facet normal 0 0 1
      outer loop
         vertex 1.69113790616393 25.8620698004961 81.5000012516975
         vertex -1.75713794305921 25.8620698004961 81.5000012516975
         vertex 1.69113790616393 22.413793951273 81.5000012516975
      endloop
   endfacet
   facet normal 0 0 1
      outer loop
         vertex 1.69113790616393 22.413793951273 81.5000012516975
         vertex -1.75713794305921 25.8620698004961 81.5000012516975
         vertex -1.75713794305921 22.413793951273 81.5000012516975
      endloop
   endfacet
   facet normal 0 0 1
      outer loop
         vertex 1.69113790616393 22.413793951273 81.5000012516975
         vertex -1.75713794305921 22.413793951273 81.5000012516975
         vertex 1.69113790616393 18.9655181020498 81.5000012516975
      endloop
   endfacet
   facet normal 0 0 1
      outer loop
         vertex 1.69113790616393 18.9655181020498 81.5000012516975
         vertex -1.75713794305921 22.413793951273 81.5000012516975
         vertex -1.75713794305921 18.9655181020498 81.5000012516975
      endloop
   endfacet
   facet normal 0 0 1
      outer loop
         vertex 1.69113790616393 18.9655181020498 81.5000012516975
         vertex -1.75713794305921 18.9655181020498 81.5000012516975
         vertex 1.69113790616393 15.5172413215041 81.5000012516975
      endloop
   endfacet
   facet normal 0 0 1
      outer loop
         vertex 1.69113790616393 15.5172413215041 81.5000012516975
         vertex -1.75713794305921 18.9655181020498 81.5000012516975
         vertex -1.75713794305921 15.5172413215041 81.5000012516975
      endloop
   endfacet
   facet normal 0 0 1
      outer loop
         vertex 1.69113790616393 15.5172413215041 81.5000012516975
         vertex -1.75713794305921 15.5172413215041 81.5000012516975
         vertex 1.69113790616393 12.068965472281 81.5000012516975
      endloop
   endfacet
   facet normal 0 0 1
      outer loop
         vertex 1.69113790616393 12.068965472281 81.5000012516975
         vertex -1.75713794305921 15.5172413215041 81.5000012516975
         vertex -1.75713794305921 12.068965472281 81.5000012516975
      endloop
   endfacet
   facet normal 0 0 1
      outer loop
         vertex 1.69113790616393 12.068965472281 81.5000012516975
         vertex -1.75713794305921 12.068965472281 81.5000012516975
         vertex 1.69113790616393 8.62068962305784 81.5000012516975
      endloop
   endfacet
   facet normal 0 0 1
      outer loop
         vertex 1.69113790616393 8.62068962305784 81.5000012516975
         vertex -1.75713794305921 12.068965472281 81.5000012516975
         vertex -1.75713794305921 8.62068962305784 81.5000012516975
      endloop
   endfacet
   facet normal 0 0 1
      outer loop
         vertex 1.69113790616393 8.62068962305784 81.5000012516975
         vertex -1.75713794305921 8.62068962305784 81.5000012516975
         vertex 1.69113790616393 5.17241377383471 81.5000012516975
      endloop
   endfacet
   facet normal 0 0 1
      outer loop
         vertex 1.69113790616393 5.17241377383471 81.5000012516975
         vertex -1.75713794305921 8.62068962305784 81.5000012516975
         vertex -1.75713794305921 5.17241377383471 81.5000012516975
      endloop
   endfacet
   facet normal 0 0 1
      outer loop
         vertex 1.69113790616393 5.17241377383471 81.5000012516975
         vertex -1.75713794305921 5.17241377383471 81.5000012516975
         vertex 1.69113790616393 1.72413792461157 81.5000012516975
      endloop
   endfacet
   facet normal 0 0 1
      outer loop
         vertex 1.69113790616393 1.72413792461157 81.5000012516975
         vertex -1.75713794305921 5.17241377383471 81.5000012516975
         vertex -1.75713794305921 1.72413792461157 81.5000012516975
      endloop
   endfacet
   facet normal 0 0 1
      outer loop
         vertex 1.69113790616393 1.72413792461157 81.5000012516975
         vertex -1.75713794305921 1.72413792461157 81.5000012516975
         vertex 1.69113790616393 -1.72413792461157 81.5000012516975
      endloop
   endfacet
   facet normal 0 0 1
      outer loop
         vertex 1.69113790616393 -1.72413792461157 81.5000012516975
         vertex -1.75713794305921 1.72413792461157 81.5000012516975
         vertex -1.75713794305921 -1.72413792461157 81.5000012516975
      endloop
   endfacet
   facet normal 0 0 1
      outer loop
         vertex 1.69113790616393 -1.72413792461157 81.5000012516975
         vertex -1.75713794305921 -1.72413792461157 81.5000012516975
         vertex 1.69113790616393 -5.17241377383471 81.5000012516975
      endloop
   endfacet
   facet normal 0 0 1
      outer loop
         vertex 1.69113790616393 -5.17241377383471 81.5000012516975
         vertex -1.75713794305921 -1.72413792461157 81.5000012516975
         vertex -1.75713794305921 -5.17241377383471 81.5000012516975
      endloop
   endfacet
   facet normal 0 0 1
      outer loop
         vertex 1.69113790616393 -5.17241377383471 81.5000012516975
         vertex -1.75713794305921 -5.17241377383471 81.5000012516975
         vertex 1.69113790616393 -8.62068962305784 81.5000012516975
      endloop
   endfacet
   facet normal 0 0 1
      outer loop
         vertex 1.69113790616393 -8.62068962305784 81.5000012516975
         vertex -1.75713794305921 -5.17241377383471 81.5000012516975
         vertex -1.75713794305921 -8.62068962305784 81.5000012516975
      endloop
   endfacet
   facet normal 0 0 1
      outer loop
         vertex 1.69113790616393 -8.62068962305784 81.5000012516975
         vertex -1.75713794305921 -8.62068962305784 81.5000012516975
         vertex 1.69113790616393 -12.068965472281 81.5000012516975
      endloop
   endfacet
   facet normal 0 0 1
      outer loop
         vertex 1.69113790616393 -12.068965472281 81.5000012516975
         vertex -1.75713794305921 -8.62068962305784 81.5000012516975
         vertex -1.75713794305921 -12.068965472281 81.5000012516975
      endloop
   endfacet
   facet normal 0 0 1
      outer loop
         vertex 1.69113790616393 -12.068965472281 81.5000012516975
         vertex -1.75713794305921 -12.068965472281 81.5000012516975
         vertex 1.69113790616393 -15.5172413215041 81.5000012516975
      endloop
   endfacet
   facet normal 0 0 1
      outer loop
         vertex 1.69113790616393 -15.5172413215041 81.5000012516975
         vertex -1.75713794305921 -12.068965472281 81.5000012516975
         vertex -1.75713794305921 -15.5172413215041 81.5000012516975
      endloop
   endfacet
   facet normal 0 0 1
      outer loop
         vertex 1.69113790616393 -15.5172413215041 81.5000012516975
         vertex -1.75713794305921 -15.5172413215041 81.5000012516975
         vertex 1.69113790616393 -18.9655181020498 81.5000012516975
      endloop
   endfacet
   facet normal 0 0 1
      outer loop
         vertex 1.69113790616393 -18.9655181020498 81.5000012516975
         vertex -1.75713794305921 -15.5172413215041 81.5000012516975
         vertex -1.75713794305921 -18.9655181020498 81.5000012516975
      endloop
   endfacet
   facet normal 0 0 1
      outer loop
         vertex 1.69113790616393 -18.9655181020498 81.5000012516975
         vertex -1.75713794305921 -18.9655181020498 81.5000012516975
         vertex 1.69113790616393 -22.413793951273 81.5000012516975
      endloop
   endfacet
   facet normal 0 0 1
      outer loop
         vertex 1.69113790616393 -22.413793951273 81.5000012516975
         vertex -1.75713794305921 -18.9655181020498 81.5000012516975
         vertex -1.75713794305921 -22.413793951273 81.5000012516975
      endloop
   endfacet
   facet normal 0 0 1
      outer loop
         vertex -1.75713794305921 39.6551713347435 81.5000012516975
         vertex -5.20541379228234 39.6551713347435 81.5000012516975
         vertex -1.75713794305921 36.2068973481655 81.5000012516975
      endloop
   endfacet
   facet normal 0 0 1
      outer loop
         vertex -1.75713794305921 36.2068973481655 81.5000012516975
         vertex -5.20541379228234 39.6551713347435 81.5000012516975
         vertex -5.20541379228234 36.2068973481655 81.5000012516975
      endloop
   endfacet
   facet normal 0 0 1
      outer loop
         vertex -1.75713794305921 36.2068973481655 81.5000012516975
         vertex -5.20541379228234 36.2068973481655 81.5000012516975
         vertex -1.75713794305921 32.7586196362972 81.5000012516975
      endloop
   endfacet
   facet normal 0 0 1
      outer loop
         vertex -1.75713794305921 32.7586196362972 81.5000012516975
         vertex -5.20541379228234 36.2068973481655 81.5000012516975
         vertex -5.20541379228234 32.7586196362972 81.5000012516975
      endloop
   endfacet
   facet normal 0 0 1
      outer loop
         vertex -1.75713794305921 32.7586196362972 81.5000012516975
         vertex -5.20541379228234 32.7586196362972 81.5000012516975
         vertex -1.75713794305921 29.3103456497192 81.5000012516975
      endloop
   endfacet
   facet normal 0 0 1
      outer loop
         vertex -1.75713794305921 29.3103456497192 81.5000012516975
         vertex -5.20541379228234 32.7586196362972 81.5000012516975
         vertex -5.20541379228234 29.3103456497192 81.5000012516975
      endloop
   endfacet
   facet normal 0 0 1
      outer loop
         vertex -1.75713794305921 29.3103456497192 81.5000012516975
         vertex -5.20541379228234 29.3103456497192 81.5000012516975
         vertex -1.75713794305921 25.8620698004961 81.5000012516975
      endloop
   endfacet
   facet normal 0 0 1
      outer loop
         vertex -1.75713794305921 25.8620698004961 81.5000012516975
         vertex -5.20541379228234 29.3103456497192 81.5000012516975
         vertex -5.20541379228234 25.8620698004961 81.5000012516975
      endloop
   endfacet
   facet normal 0 0 1
      outer loop
         vertex -1.75713794305921 25.8620698004961 81.5000012516975
         vertex -5.20541379228234 25.8620698004961 81.5000012516975
         vertex -1.75713794305921 22.413793951273 81.5000012516975
      endloop
   endfacet
   facet normal 0 0 1
      outer loop
         vertex -1.75713794305921 22.413793951273 81.5000012516975
         vertex -5.20541379228234 25.8620698004961 81.5000012516975
         vertex -5.20541379228234 22.413793951273 81.5000012516975
      endloop
   endfacet
   facet normal 0 0 1
      outer loop
         vertex -1.75713794305921 22.413793951273 81.5000012516975
         vertex -5.20541379228234 22.413793951273 81.5000012516975
         vertex -1.75713794305921 18.9655181020498 81.5000012516975
      endloop
   endfacet
   facet normal 0 0 1
      outer loop
         vertex -1.75713794305921 18.9655181020498 81.5000012516975
         vertex -5.20541379228234 22.413793951273 81.5000012516975
         vertex -5.20541379228234 18.9655181020498 81.5000012516975
      endloop
   endfacet
   facet normal 0 0 1
      outer loop
         vertex -1.75713794305921 18.9655181020498 81.5000012516975
         vertex -5.20541379228234 18.9655181020498 81.5000012516975
         vertex -1.75713794305921 15.5172413215041 81.5000012516975
      endloop
   endfacet
   facet normal 0 0 1
      outer loop
         vertex -1.75713794305921 15.5172413215041 81.5000012516975
         vertex -5.20541379228234 18.9655181020498 81.5000012516975
         vertex -5.20541379228234 15.5172413215041 81.5000012516975
      endloop
   endfacet
   facet normal 0 0 1
      outer loop
         vertex -1.75713794305921 15.5172413215041 81.5000012516975
         vertex -5.20541379228234 15.5172413215041 81.5000012516975
         vertex -1.75713794305921 12.068965472281 81.5000012516975
      endloop
   endfacet
   facet normal 0 0 1
      outer loop
         vertex -1.75713794305921 12.068965472281 81.5000012516975
         vertex -5.20541379228234 15.5172413215041 81.5000012516975
         vertex -5.20541379228234 12.068965472281 81.5000012516975
      endloop
   endfacet
   facet normal 0 0 1
      outer loop
         vertex -1.75713794305921 12.068965472281 81.5000012516975
         vertex -5.20541379228234 12.068965472281 81.5000012516975
         vertex -1.75713794305921 8.62068962305784 81.5000012516975
      endloop
   endfacet
   facet normal 0 0 1
      outer loop
         vertex -1.75713794305921 8.62068962305784 81.5000012516975
         vertex -5.20541379228234 12.068965472281 81.5000012516975
         vertex -5.20541379228234 8.62068962305784 81.5000012516975
      endloop
   endfacet
   facet normal 0 0 1
      outer loop
         vertex -1.75713794305921 8.62068962305784 81.5000012516975
         vertex -5.20541379228234 8.62068962305784 81.5000012516975
         vertex -1.75713794305921 5.17241377383471 81.5000012516975
      endloop
   endfacet
   facet normal 0 0 1
      outer loop
         vertex -1.75713794305921 5.17241377383471 81.5000012516975
         vertex -5.20541379228234 8.62068962305784 81.5000012516975
         vertex -5.20541379228234 5.17241377383471 81.5000012516975
      endloop
   endfacet
   facet normal 0 0 1
      outer loop
         vertex -1.75713794305921 5.17241377383471 81.5000012516975
         vertex -5.20541379228234 5.17241377383471 81.5000012516975
         vertex -1.75713794305921 1.72413792461157 81.5000012516975
      endloop
   endfacet
   facet normal 0 0 1
      outer loop
         vertex -1.75713794305921 1.72413792461157 81.5000012516975
         vertex -5.20541379228234 5.17241377383471 81.5000012516975
         vertex -5.20541379228234 1.72413792461157 81.5000012516975
      endloop
   endfacet
   facet normal 0 0 1
      outer loop
         vertex -1.75713794305921 1.72413792461157 81.5000012516975
         vertex -5.20541379228234 1.72413792461157 81.5000012516975
         vertex -1.75713794305921 -1.72413792461157 81.5000012516975
      endloop
   endfacet
   facet normal 0 0 1
      outer loop
         vertex -1.75713794305921 -1.72413792461157 81.5000012516975
         vertex -5.20541379228234 1.72413792461157 81.5000012516975
         vertex -5.20541379228234 -1.72413792461157 81.5000012516975
      endloop
   endfacet
   facet normal 0 0 1
      outer loop
         vertex -1.75713794305921 -1.72413792461157 81.5000012516975
         vertex -5.20541379228234 -1.72413792461157 81.5000012516975
         vertex -1.75713794305921 -5.17241377383471 81.5000012516975
      endloop
   endfacet
   facet normal 0 0 1
      outer loop
         vertex -1.75713794305921 -5.17241377383471 81.5000012516975
         vertex -5.20541379228234 -1.72413792461157 81.5000012516975
         vertex -5.20541379228234 -5.17241377383471 81.5000012516975
      endloop
   endfacet
   facet normal 0 0 1
      outer loop
         vertex -1.75713794305921 -5.17241377383471 81.5000012516975
         vertex -5.20541379228234 -5.17241377383471 81.5000012516975
         vertex -1.75713794305921 -8.62068962305784 81.5000012516975
      endloop
   endfacet
   facet normal 0 0 1
      outer loop
         vertex -1.75713794305921 -8.62068962305784 81.5000012516975
         vertex -5.20541379228234 -5.17241377383471 81.5000012516975
         vertex -5.20541379228234 -8.62068962305784 81.5000012516975
      endloop
   endfacet
   facet normal 0 0 1
      outer loop
         vertex -1.75713794305921 -8.62068962305784 81.5000012516975
         vertex -5.20541379228234 -8.62068962305784 81.5000012516975
         vertex -1.75713794305921 -12.068965472281 81.5000012516975
      endloop
   endfacet
   facet normal 0 0 1
      outer loop
         vertex -1.75713794305921 -12.068965472281 81.5000012516975
         vertex -5.20541379228234 -8.62068962305784 81.5000012516975
         vertex -5.20541379228234 -12.068965472281 81.5000012516975
      endloop
   endfacet
   facet normal 0 0 1
      outer loop
         vertex -1.75713794305921 -12.068965472281 81.5000012516975
         vertex -5.20541379228234 -12.068965472281 81.5000012516975
         vertex -1.75713794305921 -15.5172413215041 81.5000012516975
      endloop
   endfacet
   facet normal 0 0 1
      outer loop
         vertex -1.75713794305921 -15.5172413215041 81.5000012516975
         vertex -5.20541379228234 -12.068965472281 81.5000012516975
         vertex -5.20541379228234 -15.5172413215041 81.5000012516975
      endloop
   endfacet
   facet normal 0 0 1
      outer loop
         vertex -1.75713794305921 -15.5172413215041 81.5000012516975
         vertex -5.20541379228234 -15.5172413215041 81.5000012516975
         vertex -1.75713794305921 -18.9655181020498 81.5000012516975
      endloop
   endfacet
   facet normal 0 0 1
      outer loop
         vertex -1.75713794305921 -18.9655181020498 81.5000012516975
         vertex -5.20541379228234 -15.5172413215041 81.5000012516975
         vertex -5.20541379228234 -18.9655181020498 81.5000012516975
      endloop
   endfacet
   facet normal 0 0 1
      outer loop
         vertex -1.75713794305921 -18.9655181020498 81.5000012516975
         vertex -5.20541379228234 -18.9655181020498 81.5000012516975
         vertex -1.75713794305921 -22.413793951273 81.5000012516975
      endloop
   endfacet
   facet normal 0 0 1
      outer loop
         vertex -1.75713794305921 -22.413793951273 81.5000012516975
         vertex -5.20541379228234 -18.9655181020498 81.5000012516975
         vertex -5.20541379228234 -22.413793951273 81.5000012516975
      endloop
   endfacet
   facet normal 0 0 1
      outer loop
         vertex -5.20541379228234 43.1034490466118 81.5000012516975
         vertex -8.65369010716677 43.1034490466118 81.5000012516975
         vertex -5.20541379228234 39.6551713347435 81.5000012516975
      endloop
   endfacet
   facet normal 0 0 1
      outer loop
         vertex -5.20541379228234 39.6551713347435 81.5000012516975
         vertex -8.65369010716677 43.1034490466118 81.5000012516975
         vertex -8.65369010716677 39.6551713347435 81.5000012516975
      endloop
   endfacet
   facet normal 0 0 1
      outer loop
         vertex -5.20541379228234 39.6551713347435 81.5000012516975
         vertex -8.65369010716677 39.6551713347435 81.5000012516975
         vertex -5.20541379228234 36.2068973481655 81.5000012516975
      endloop
   endfacet
   facet normal 0 0 1
      outer loop
         vertex -5.20541379228234 36.2068973481655 81.5000012516975
         vertex -8.65369010716677 39.6551713347435 81.5000012516975
         vertex -8.65369010716677 36.2068973481655 81.5000012516975
      endloop
   endfacet
   facet normal 0 0 1
      outer loop
         vertex -5.20541379228234 36.2068973481655 81.5000012516975
         vertex -8.65369010716677 36.2068973481655 81.5000012516975
         vertex -5.20541379228234 32.7586196362972 81.5000012516975
      endloop
   endfacet
   facet normal 0 0 1
      outer loop
         vertex -5.20541379228234 32.7586196362972 81.5000012516975
         vertex -8.65369010716677 36.2068973481655 81.5000012516975
         vertex -8.65369010716677 32.7586196362972 81.5000012516975
      endloop
   endfacet
   facet normal 0 0 1
      outer loop
         vertex -5.20541379228234 32.7586196362972 81.5000012516975
         vertex -8.65369010716677 32.7586196362972 81.5000012516975
         vertex -5.20541379228234 29.3103456497192 81.5000012516975
      endloop
   endfacet
   facet normal 0 0 1
      outer loop
         vertex -5.20541379228234 29.3103456497192 81.5000012516975
         vertex -8.65369010716677 32.7586196362972 81.5000012516975
         vertex -8.65369010716677 29.3103456497192 81.5000012516975
      endloop
   endfacet
   facet normal 0 0 1
      outer loop
         vertex -5.20541379228234 29.3103456497192 81.5000012516975
         vertex -8.65369010716677 29.3103456497192 81.5000012516975
         vertex -5.20541379228234 25.8620698004961 81.5000012516975
      endloop
   endfacet
   facet normal 0 0 1
      outer loop
         vertex -5.20541379228234 25.8620698004961 81.5000012516975
         vertex -8.65369010716677 29.3103456497192 81.5000012516975
         vertex -8.65369010716677 25.8620698004961 81.5000012516975
      endloop
   endfacet
   facet normal 0 0 1
      outer loop
         vertex -5.20541379228234 25.8620698004961 81.5000012516975
         vertex -8.65369010716677 25.8620698004961 81.5000012516975
         vertex -5.20541379228234 22.413793951273 81.5000012516975
      endloop
   endfacet
   facet normal 0 0 1
      outer loop
         vertex -5.20541379228234 22.413793951273 81.5000012516975
         vertex -8.65369010716677 25.8620698004961 81.5000012516975
         vertex -8.65369010716677 22.413793951273 81.5000012516975
      endloop
   endfacet
   facet normal 0 0 1
      outer loop
         vertex -5.20541379228234 22.413793951273 81.5000012516975
         vertex -8.65369010716677 22.413793951273 81.5000012516975
         vertex -5.20541379228234 18.9655181020498 81.5000012516975
      endloop
   endfacet
   facet normal 0 0 1
      outer loop
         vertex -5.20541379228234 18.9655181020498 81.5000012516975
         vertex -8.65369010716677 22.413793951273 81.5000012516975
         vertex -8.65369010716677 18.9655181020498 81.5000012516975
      endloop
   endfacet
   facet normal 0 0 1
      outer loop
         vertex -5.20541379228234 18.9655181020498 81.5000012516975
         vertex -8.65369010716677 18.9655181020498 81.5000012516975
         vertex -5.20541379228234 15.5172413215041 81.5000012516975
      endloop
   endfacet
   facet normal 0 0 1
      outer loop
         vertex -5.20541379228234 15.5172413215041 81.5000012516975
         vertex -8.65369010716677 18.9655181020498 81.5000012516975
         vertex -8.65369010716677 15.5172413215041 81.5000012516975
      endloop
   endfacet
   facet normal 0 0 1
      outer loop
         vertex -5.20541379228234 15.5172413215041 81.5000012516975
         vertex -8.65369010716677 15.5172413215041 81.5000012516975
         vertex -5.20541379228234 12.068965472281 81.5000012516975
      endloop
   endfacet
   facet normal 0 0 1
      outer loop
         vertex -5.20541379228234 12.068965472281 81.5000012516975
         vertex -8.65369010716677 15.5172413215041 81.5000012516975
         vertex -8.65369010716677 12.068965472281 81.5000012516975
      endloop
   endfacet
   facet normal 0 0 1
      outer loop
         vertex -5.20541379228234 12.068965472281 81.5000012516975
         vertex -8.65369010716677 12.068965472281 81.5000012516975
         vertex -5.20541379228234 8.62068962305784 81.5000012516975
      endloop
   endfacet
   facet normal 0 0 1
      outer loop
         vertex -5.20541379228234 8.62068962305784 81.5000012516975
         vertex -8.65369010716677 12.068965472281 81.5000012516975
         vertex -8.65369010716677 8.62068962305784 81.5000012516975
      endloop
   endfacet
   facet normal 0 0 1
      outer loop
         vertex -5.20541379228234 8.62068962305784 81.5000012516975
         vertex -8.65369010716677 8.62068962305784 81.5000012516975
         vertex -5.20541379228234 5.17241377383471 81.5000012516975
      endloop
   endfacet
   facet normal 0 0 1
      outer loop
         vertex -5.20541379228234 5.17241377383471 81.5000012516975
         vertex -8.65369010716677 8.62068962305784 81.5000012516975
         vertex -8.65369010716677 5.17241377383471 81.5000012516975
      endloop
   endfacet
   facet normal 0 0 1
      outer loop
         vertex -5.20541379228234 5.17241377383471 81.5000012516975
         vertex -8.65369010716677 5.17241377383471 81.5000012516975
         vertex -5.20541379228234 1.72413792461157 81.5000012516975
      endloop
   endfacet
   facet normal 0 0 1
      outer loop
         vertex -5.20541379228234 1.72413792461157 81.5000012516975
         vertex -8.65369010716677 5.17241377383471 81.5000012516975
         vertex -8.65369010716677 1.72413792461157 81.5000012516975
      endloop
   endfacet
   facet normal 0 0 1
      outer loop
         vertex -5.20541379228234 1.72413792461157 81.5000012516975
         vertex -8.65369010716677 1.72413792461157 81.5000012516975
         vertex -5.20541379228234 -1.72413792461157 81.5000012516975
      endloop
   endfacet
   facet normal 0 0 1
      outer loop
         vertex -5.20541379228234 -1.72413792461157 81.5000012516975
         vertex -8.65369010716677 1.72413792461157 81.5000012516975
         vertex -8.65369010716677 -1.72413792461157 81.5000012516975
      endloop
   endfacet
   facet normal 0 0 1
      outer loop
         vertex -5.20541379228234 -1.72413792461157 81.5000012516975
         vertex -8.65369010716677 -1.72413792461157 81.5000012516975
         vertex -5.20541379228234 -5.17241377383471 81.5000012516975
      endloop
   endfacet
   facet normal 0 0 1
      outer loop
         vertex -5.20541379228234 -5.17241377383471 81.5000012516975
         vertex -8.65369010716677 -1.72413792461157 81.5000012516975
         vertex -8.65369010716677 -5.17241377383471 81.5000012516975
      endloop
   endfacet
   facet normal 0 0 1
      outer loop
         vertex -5.20541379228234 -5.17241377383471 81.5000012516975
         vertex -8.65369010716677 -5.17241377383471 81.5000012516975
         vertex -5.20541379228234 -8.62068962305784 81.5000012516975
      endloop
   endfacet
   facet normal 0 0 1
      outer loop
         vertex -5.20541379228234 -8.62068962305784 81.5000012516975
         vertex -8.65369010716677 -5.17241377383471 81.5000012516975
         vertex -8.65369010716677 -8.62068962305784 81.5000012516975
      endloop
   endfacet
   facet normal 0 0 1
      outer loop
         vertex -5.20541379228234 -8.62068962305784 81.5000012516975
         vertex -8.65369010716677 -8.62068962305784 81.5000012516975
         vertex -5.20541379228234 -12.068965472281 81.5000012516975
      endloop
   endfacet
   facet normal 0 0 1
      outer loop
         vertex -5.20541379228234 -12.068965472281 81.5000012516975
         vertex -8.65369010716677 -8.62068962305784 81.5000012516975
         vertex -8.65369010716677 -12.068965472281 81.5000012516975
      endloop
   endfacet
   facet normal 0 0 1
      outer loop
         vertex -5.20541379228234 -12.068965472281 81.5000012516975
         vertex -8.65369010716677 -12.068965472281 81.5000012516975
         vertex -5.20541379228234 -15.5172413215041 81.5000012516975
      endloop
   endfacet
   facet normal 0 0 1
      outer loop
         vertex -5.20541379228234 -15.5172413215041 81.5000012516975
         vertex -8.65369010716677 -12.068965472281 81.5000012516975
         vertex -8.65369010716677 -15.5172413215041 81.5000012516975
      endloop
   endfacet
   facet normal 0 0 1
      outer loop
         vertex -5.20541379228234 -15.5172413215041 81.5000012516975
         vertex -8.65369010716677 -15.5172413215041 81.5000012516975
         vertex -5.20541379228234 -18.9655181020498 81.5000012516975
      endloop
   endfacet
   facet normal 0 0 1
      outer loop
         vertex -5.20541379228234 -18.9655181020498 81.5000012516975
         vertex -8.65369010716677 -15.5172413215041 81.5000012516975
         vertex -8.65369010716677 -18.9655181020498 81.5000012516975
      endloop
   endfacet
   facet normal 0 0 1
      outer loop
         vertex -5.20541379228234 -18.9655181020498 81.5000012516975
         vertex -8.65369010716677 -18.9655181020498 81.5000012516975
         vertex -5.20541379228234 -22.413793951273 81.5000012516975
      endloop
   endfacet
   facet normal 0 0 1
      outer loop
         vertex -5.20541379228234 -22.413793951273 81.5000012516975
         vertex -8.65369010716677 -18.9655181020498 81.5000012516975
         vertex -8.65369010716677 -22.413793951273 81.5000012516975
      endloop
   endfacet
   facet normal 0 0 1
      outer loop
         vertex -8.65369010716677 46.5517230331898 81.5000012516975
         vertex -12.1019659563899 46.5517230331898 81.5000012516975
         vertex -8.65369010716677 43.1034490466118 81.5000012516975
      endloop
   endfacet
   facet normal 0 0 1
      outer loop
         vertex -8.65369010716677 43.1034490466118 81.5000012516975
         vertex -12.1019659563899 46.5517230331898 81.5000012516975
         vertex -12.1019659563899 43.1034490466118 81.5000012516975
      endloop
   endfacet
   facet normal 0 0 1
      outer loop
         vertex -8.65369010716677 43.1034490466118 81.5000012516975
         vertex -12.1019659563899 43.1034490466118 81.5000012516975
         vertex -8.65369010716677 39.6551713347435 81.5000012516975
      endloop
   endfacet
   facet normal 0 0 1
      outer loop
         vertex -8.65369010716677 39.6551713347435 81.5000012516975
         vertex -12.1019659563899 43.1034490466118 81.5000012516975
         vertex -12.1019659563899 39.6551713347435 81.5000012516975
      endloop
   endfacet
   facet normal 0 0 1
      outer loop
         vertex -8.65369010716677 39.6551713347435 81.5000012516975
         vertex -12.1019659563899 39.6551713347435 81.5000012516975
         vertex -8.65369010716677 36.2068973481655 81.5000012516975
      endloop
   endfacet
   facet normal 0 0 1
      outer loop
         vertex -8.65369010716677 36.2068973481655 81.5000012516975
         vertex -12.1019659563899 39.6551713347435 81.5000012516975
         vertex -12.1019659563899 36.2068973481655 81.5000012516975
      endloop
   endfacet
   facet normal 0 0 1
      outer loop
         vertex -8.65369010716677 36.2068973481655 81.5000012516975
         vertex -12.1019659563899 36.2068973481655 81.5000012516975
         vertex -8.65369010716677 32.7586196362972 81.5000012516975
      endloop
   endfacet
   facet normal 0 0 1
      outer loop
         vertex -8.65369010716677 32.7586196362972 81.5000012516975
         vertex -12.1019659563899 36.2068973481655 81.5000012516975
         vertex -12.1019659563899 32.7586196362972 81.5000012516975
      endloop
   endfacet
   facet normal 0 0 1
      outer loop
         vertex -8.65369010716677 32.7586196362972 81.5000012516975
         vertex -12.1019659563899 32.7586196362972 81.5000012516975
         vertex -8.65369010716677 29.3103456497192 81.5000012516975
      endloop
   endfacet
   facet normal 0 0 1
      outer loop
         vertex -8.65369010716677 29.3103456497192 81.5000012516975
         vertex -12.1019659563899 32.7586196362972 81.5000012516975
         vertex -12.1019659563899 29.3103456497192 81.5000012516975
      endloop
   endfacet
   facet normal 0 0 1
      outer loop
         vertex -8.65369010716677 29.3103456497192 81.5000012516975
         vertex -12.1019659563899 29.3103456497192 81.5000012516975
         vertex -8.65369010716677 25.8620698004961 81.5000012516975
      endloop
   endfacet
   facet normal 0 0 1
      outer loop
         vertex -8.65369010716677 25.8620698004961 81.5000012516975
         vertex -12.1019659563899 29.3103456497192 81.5000012516975
         vertex -12.1019659563899 25.8620698004961 81.5000012516975
      endloop
   endfacet
   facet normal 0 0 1
      outer loop
         vertex -8.65369010716677 25.8620698004961 81.5000012516975
         vertex -12.1019659563899 25.8620698004961 81.5000012516975
         vertex -8.65369010716677 22.413793951273 81.5000012516975
      endloop
   endfacet
   facet normal 0 0 1
      outer loop
         vertex -8.65369010716677 22.413793951273 81.5000012516975
         vertex -12.1019659563899 25.8620698004961 81.5000012516975
         vertex -12.1019659563899 22.413793951273 81.5000012516975
      endloop
   endfacet
   facet normal 0 0 1
      outer loop
         vertex -8.65369010716677 22.413793951273 81.5000012516975
         vertex -12.1019659563899 22.413793951273 81.5000012516975
         vertex -8.65369010716677 18.9655181020498 81.5000012516975
      endloop
   endfacet
   facet normal 0 0 1
      outer loop
         vertex -8.65369010716677 18.9655181020498 81.5000012516975
         vertex -12.1019659563899 22.413793951273 81.5000012516975
         vertex -12.1019659563899 18.9655181020498 81.5000012516975
      endloop
   endfacet
   facet normal 0 0 1
      outer loop
         vertex -8.65369010716677 18.9655181020498 81.5000012516975
         vertex -12.1019659563899 18.9655181020498 81.5000012516975
         vertex -8.65369010716677 15.5172413215041 81.5000012516975
      endloop
   endfacet
   facet normal 0 0 1
      outer loop
         vertex -8.65369010716677 15.5172413215041 81.5000012516975
         vertex -12.1019659563899 18.9655181020498 81.5000012516975
         vertex -12.1019659563899 15.5172413215041 81.5000012516975
      endloop
   endfacet
   facet normal 0 0 1
      outer loop
         vertex -8.65369010716677 15.5172413215041 81.5000012516975
         vertex -12.1019659563899 15.5172413215041 81.5000012516975
         vertex -8.65369010716677 12.068965472281 81.5000012516975
      endloop
   endfacet
   facet normal 0 0 1
      outer loop
         vertex -8.65369010716677 12.068965472281 81.5000012516975
         vertex -12.1019659563899 15.5172413215041 81.5000012516975
         vertex -12.1019659563899 12.068965472281 81.5000012516975
      endloop
   endfacet
   facet normal 0 0 1
      outer loop
         vertex -8.65369010716677 12.068965472281 81.5000012516975
         vertex -12.1019659563899 12.068965472281 81.5000012516975
         vertex -8.65369010716677 8.62068962305784 81.5000012516975
      endloop
   endfacet
   facet normal 0 0 1
      outer loop
         vertex -8.65369010716677 8.62068962305784 81.5000012516975
         vertex -12.1019659563899 12.068965472281 81.5000012516975
         vertex -12.1019659563899 8.62068962305784 81.5000012516975
      endloop
   endfacet
   facet normal 0 0 1
      outer loop
         vertex -8.65369010716677 8.62068962305784 81.5000012516975
         vertex -12.1019659563899 8.62068962305784 81.5000012516975
         vertex -8.65369010716677 5.17241377383471 81.5000012516975
      endloop
   endfacet
   facet normal 0 0 1
      outer loop
         vertex -8.65369010716677 5.17241377383471 81.5000012516975
         vertex -12.1019659563899 8.62068962305784 81.5000012516975
         vertex -12.1019659563899 5.17241377383471 81.5000012516975
      endloop
   endfacet
   facet normal 0 0 1
      outer loop
         vertex -8.65369010716677 5.17241377383471 81.5000012516975
         vertex -12.1019659563899 5.17241377383471 81.5000012516975
         vertex -8.65369010716677 1.72413792461157 81.5000012516975
      endloop
   endfacet
   facet normal 0 0 1
      outer loop
         vertex -8.65369010716677 1.72413792461157 81.5000012516975
         vertex -12.1019659563899 5.17241377383471 81.5000012516975
         vertex -12.1019659563899 1.72413792461157 81.5000012516975
      endloop
   endfacet
   facet normal 0 0 1
      outer loop
         vertex -8.65369010716677 1.72413792461157 81.5000012516975
         vertex -12.1019659563899 1.72413792461157 81.5000012516975
         vertex -8.65369010716677 -1.72413792461157 81.5000012516975
      endloop
   endfacet
   facet normal 0 0 1
      outer loop
         vertex -8.65369010716677 -1.72413792461157 81.5000012516975
         vertex -12.1019659563899 1.72413792461157 81.5000012516975
         vertex -12.1019659563899 -1.72413792461157 81.5000012516975
      endloop
   endfacet
   facet normal 0 0 1
      outer loop
         vertex -8.65369010716677 -1.72413792461157 81.5000012516975
         vertex -12.1019659563899 -1.72413792461157 81.5000012516975
         vertex -8.65369010716677 -5.17241377383471 81.5000012516975
      endloop
   endfacet
   facet normal 0 0 1
      outer loop
         vertex -8.65369010716677 -5.17241377383471 81.5000012516975
         vertex -12.1019659563899 -1.72413792461157 81.5000012516975
         vertex -12.1019659563899 -5.17241377383471 81.5000012516975
      endloop
   endfacet
   facet normal 0 0 1
      outer loop
         vertex -8.65369010716677 -5.17241377383471 81.5000012516975
         vertex -12.1019659563899 -5.17241377383471 81.5000012516975
         vertex -8.65369010716677 -8.62068962305784 81.5000012516975
      endloop
   endfacet
   facet normal 0 0 1
      outer loop
         vertex -8.65369010716677 -8.62068962305784 81.5000012516975
         vertex -12.1019659563899 -5.17241377383471 81.5000012516975
         vertex -12.1019659563899 -8.62068962305784 81.5000012516975
      endloop
   endfacet
   facet normal 0 0 1
      outer loop
         vertex -8.65369010716677 -8.62068962305784 81.5000012516975
         vertex -12.1019659563899 -8.62068962305784 81.5000012516975
         vertex -8.65369010716677 -12.068965472281 81.5000012516975
      endloop
   endfacet
   facet normal 0 0 1
      outer loop
         vertex -8.65369010716677 -12.068965472281 81.5000012516975
         vertex -12.1019659563899 -8.62068962305784 81.5000012516975
         vertex -12.1019659563899 -12.068965472281 81.5000012516975
      endloop
   endfacet
   facet normal 0 0 1
      outer loop
         vertex -8.65369010716677 -12.068965472281 81.5000012516975
         vertex -12.1019659563899 -12.068965472281 81.5000012516975
         vertex -8.65369010716677 -15.5172413215041 81.5000012516975
      endloop
   endfacet
   facet normal 0 0 1
      outer loop
         vertex -8.65369010716677 -15.5172413215041 81.5000012516975
         vertex -12.1019659563899 -12.068965472281 81.5000012516975
         vertex -12.1019659563899 -15.5172413215041 81.5000012516975
      endloop
   endfacet
   facet normal 0 0 1
      outer loop
         vertex -8.65369010716677 -15.5172413215041 81.5000012516975
         vertex -12.1019659563899 -15.5172413215041 81.5000012516975
         vertex -8.65369010716677 -18.9655181020498 81.5000012516975
      endloop
   endfacet
   facet normal 0 0 1
      outer loop
         vertex -8.65369010716677 -18.9655181020498 81.5000012516975
         vertex -12.1019659563899 -15.5172413215041 81.5000012516975
         vertex -12.1019659563899 -18.9655181020498 81.5000012516975
      endloop
   endfacet
   facet normal 0 0 1
      outer loop
         vertex -8.65369010716677 -18.9655181020498 81.5000012516975
         vertex -12.1019659563899 -18.9655181020498 81.5000012516975
         vertex -8.65369010716677 -22.413793951273 81.5000012516975
      endloop
   endfacet
   facet normal 0 0 1
      outer loop
         vertex -8.65369010716677 -22.413793951273 81.5000012516975
         vertex -12.1019659563899 -18.9655181020498 81.5000012516975
         vertex -12.1019659563899 -22.413793951273 81.5000012516975
      endloop
   endfacet
   facet normal 0 0 1
      outer loop
         vertex -12.1019659563899 46.5517230331898 81.5000012516975
         vertex -15.550241805613 46.5517230331898 81.5000012516975
         vertex -12.1019659563899 43.1034490466118 81.5000012516975
      endloop
   endfacet
   facet normal 0 0 1
      outer loop
         vertex -12.1019659563899 43.1034490466118 81.5000012516975
         vertex -15.550241805613 46.5517230331898 81.5000012516975
         vertex -15.550241805613 43.1034490466118 81.5000012516975
      endloop
   endfacet
   facet normal 0 0 1
      outer loop
         vertex -12.1019659563899 43.1034490466118 81.5000012516975
         vertex -15.550241805613 43.1034490466118 81.5000012516975
         vertex -12.1019659563899 39.6551713347435 81.5000012516975
      endloop
   endfacet
   facet normal 0 0 1
      outer loop
         vertex -12.1019659563899 39.6551713347435 81.5000012516975
         vertex -15.550241805613 43.1034490466118 81.5000012516975
         vertex -15.550241805613 39.6551713347435 81.5000012516975
      endloop
   endfacet
   facet normal 0 0 1
      outer loop
         vertex -12.1019659563899 39.6551713347435 81.5000012516975
         vertex -15.550241805613 39.6551713347435 81.5000012516975
         vertex -12.1019659563899 36.2068973481655 81.5000012516975
      endloop
   endfacet
   facet normal 0 0 1
      outer loop
         vertex -12.1019659563899 36.2068973481655 81.5000012516975
         vertex -15.550241805613 39.6551713347435 81.5000012516975
         vertex -15.550241805613 36.2068973481655 81.5000012516975
      endloop
   endfacet
   facet normal 0 0 1
      outer loop
         vertex -12.1019659563899 36.2068973481655 81.5000012516975
         vertex -15.550241805613 36.2068973481655 81.5000012516975
         vertex -12.1019659563899 32.7586196362972 81.5000012516975
      endloop
   endfacet
   facet normal 0 0 1
      outer loop
         vertex -12.1019659563899 32.7586196362972 81.5000012516975
         vertex -15.550241805613 36.2068973481655 81.5000012516975
         vertex -15.550241805613 32.7586196362972 81.5000012516975
      endloop
   endfacet
   facet normal 0 0 1
      outer loop
         vertex -12.1019659563899 32.7586196362972 81.5000012516975
         vertex -15.550241805613 32.7586196362972 81.5000012516975
         vertex -12.1019659563899 29.3103456497192 81.5000012516975
      endloop
   endfacet
   facet normal 0 0 1
      outer loop
         vertex -12.1019659563899 29.3103456497192 81.5000012516975
         vertex -15.550241805613 32.7586196362972 81.5000012516975
         vertex -15.550241805613 29.3103456497192 81.5000012516975
      endloop
   endfacet
   facet normal 0 0 1
      outer loop
         vertex -12.1019659563899 29.3103456497192 81.5000012516975
         vertex -15.550241805613 29.3103456497192 81.5000012516975
         vertex -12.1019659563899 25.8620698004961 81.5000012516975
      endloop
   endfacet
   facet normal 0 0 1
      outer loop
         vertex -12.1019659563899 25.8620698004961 81.5000012516975
         vertex -15.550241805613 29.3103456497192 81.5000012516975
         vertex -15.550241805613 25.8620698004961 81.5000012516975
      endloop
   endfacet
   facet normal 0 0 1
      outer loop
         vertex -12.1019659563899 25.8620698004961 81.5000012516975
         vertex -15.550241805613 25.8620698004961 81.5000012516975
         vertex -12.1019659563899 22.413793951273 81.5000012516975
      endloop
   endfacet
   facet normal 0 0 1
      outer loop
         vertex -12.1019659563899 22.413793951273 81.5000012516975
         vertex -15.550241805613 25.8620698004961 81.5000012516975
         vertex -15.550241805613 22.413793951273 81.5000012516975
      endloop
   endfacet
   facet normal 0 0 1
      outer loop
         vertex -12.1019659563899 22.413793951273 81.5000012516975
         vertex -15.550241805613 22.413793951273 81.5000012516975
         vertex -12.1019659563899 18.9655181020498 81.5000012516975
      endloop
   endfacet
   facet normal 0 0 1
      outer loop
         vertex -12.1019659563899 18.9655181020498 81.5000012516975
         vertex -15.550241805613 22.413793951273 81.5000012516975
         vertex -15.550241805613 18.9655181020498 81.5000012516975
      endloop
   endfacet
   facet normal 0 0 1
      outer loop
         vertex -12.1019659563899 18.9655181020498 81.5000012516975
         vertex -15.550241805613 18.9655181020498 81.5000012516975
         vertex -12.1019659563899 15.5172413215041 81.5000012516975
      endloop
   endfacet
   facet normal 0 0 1
      outer loop
         vertex -12.1019659563899 15.5172413215041 81.5000012516975
         vertex -15.550241805613 18.9655181020498 81.5000012516975
         vertex -15.550241805613 15.5172413215041 81.5000012516975
      endloop
   endfacet
   facet normal 0 0 1
      outer loop
         vertex -12.1019659563899 15.5172413215041 81.5000012516975
         vertex -15.550241805613 15.5172413215041 81.5000012516975
         vertex -12.1019659563899 12.068965472281 81.5000012516975
      endloop
   endfacet
   facet normal 0 0 1
      outer loop
         vertex -12.1019659563899 12.068965472281 81.5000012516975
         vertex -15.550241805613 15.5172413215041 81.5000012516975
         vertex -15.550241805613 12.068965472281 81.5000012516975
      endloop
   endfacet
   facet normal 0 0 1
      outer loop
         vertex -12.1019659563899 12.068965472281 81.5000012516975
         vertex -15.550241805613 12.068965472281 81.5000012516975
         vertex -12.1019659563899 8.62068962305784 81.5000012516975
      endloop
   endfacet
   facet normal 0 0 1
      outer loop
         vertex -12.1019659563899 8.62068962305784 81.5000012516975
         vertex -15.550241805613 12.068965472281 81.5000012516975
         vertex -15.550241805613 8.62068962305784 81.5000012516975
      endloop
   endfacet
   facet normal 0 0 1
      outer loop
         vertex -12.1019659563899 8.62068962305784 81.5000012516975
         vertex -15.550241805613 8.62068962305784 81.5000012516975
         vertex -12.1019659563899 5.17241377383471 81.5000012516975
      endloop
   endfacet
   facet normal 0 0 1
      outer loop
         vertex -12.1019659563899 5.17241377383471 81.5000012516975
         vertex -15.550241805613 8.62068962305784 81.5000012516975
         vertex -15.550241805613 5.17241377383471 81.5000012516975
      endloop
   endfacet
   facet normal 0 0 1
      outer loop
         vertex -12.1019659563899 5.17241377383471 81.5000012516975
         vertex -15.550241805613 5.17241377383471 81.5000012516975
         vertex -12.1019659563899 1.72413792461157 81.5000012516975
      endloop
   endfacet
   facet normal 0 0 1
      outer loop
         vertex -12.1019659563899 1.72413792461157 81.5000012516975
         vertex -15.550241805613 5.17241377383471 81.5000012516975
         vertex -15.550241805613 1.72413792461157 81.5000012516975
      endloop
   endfacet
   facet normal 0 0 1
      outer loop
         vertex -12.1019659563899 1.72413792461157 81.5000012516975
         vertex -15.550241805613 1.72413792461157 81.5000012516975
         vertex -12.1019659563899 -1.72413792461157 81.5000012516975
      endloop
   endfacet
   facet normal 0 0 1
      outer loop
         vertex -12.1019659563899 -1.72413792461157 81.5000012516975
         vertex -15.550241805613 1.72413792461157 81.5000012516975
         vertex -15.550241805613 -1.72413792461157 81.5000012516975
      endloop
   endfacet
   facet normal 0 0 1
      outer loop
         vertex -12.1019659563899 -1.72413792461157 81.5000012516975
         vertex -15.550241805613 -1.72413792461157 81.5000012516975
         vertex -12.1019659563899 -5.17241377383471 81.5000012516975
      endloop
   endfacet
   facet normal 0 0 1
      outer loop
         vertex -12.1019659563899 -5.17241377383471 81.5000012516975
         vertex -15.550241805613 -1.72413792461157 81.5000012516975
         vertex -15.550241805613 -5.17241377383471 81.5000012516975
      endloop
   endfacet
   facet normal 0 0 1
      outer loop
         vertex -12.1019659563899 -5.17241377383471 81.5000012516975
         vertex -15.550241805613 -5.17241377383471 81.5000012516975
         vertex -12.1019659563899 -8.62068962305784 81.5000012516975
      endloop
   endfacet
   facet normal 0 0 1
      outer loop
         vertex -12.1019659563899 -8.62068962305784 81.5000012516975
         vertex -15.550241805613 -5.17241377383471 81.5000012516975
         vertex -15.550241805613 -8.62068962305784 81.5000012516975
      endloop
   endfacet
   facet normal 0 0 1
      outer loop
         vertex -12.1019659563899 -8.62068962305784 81.5000012516975
         vertex -15.550241805613 -8.62068962305784 81.5000012516975
         vertex -12.1019659563899 -12.068965472281 81.5000012516975
      endloop
   endfacet
   facet normal 0 0 1
      outer loop
         vertex -12.1019659563899 -12.068965472281 81.5000012516975
         vertex -15.550241805613 -8.62068962305784 81.5000012516975
         vertex -15.550241805613 -12.068965472281 81.5000012516975
      endloop
   endfacet
   facet normal 0 0 1
      outer loop
         vertex -12.1019659563899 -12.068965472281 81.5000012516975
         vertex -15.550241805613 -12.068965472281 81.5000012516975
         vertex -12.1019659563899 -15.5172413215041 81.5000012516975
      endloop
   endfacet
   facet normal 0 0 1
      outer loop
         vertex -12.1019659563899 -15.5172413215041 81.5000012516975
         vertex -15.550241805613 -12.068965472281 81.5000012516975
         vertex -15.550241805613 -15.5172413215041 81.5000012516975
      endloop
   endfacet
   facet normal 0 0 1
      outer loop
         vertex -12.1019659563899 -15.5172413215041 81.5000012516975
         vertex -15.550241805613 -15.5172413215041 81.5000012516975
         vertex -12.1019659563899 -18.9655181020498 81.5000012516975
      endloop
   endfacet
   facet normal 0 0 1
      outer loop
         vertex -12.1019659563899 -18.9655181020498 81.5000012516975
         vertex -15.550241805613 -15.5172413215041 81.5000012516975
         vertex -15.550241805613 -18.9655181020498 81.5000012516975
      endloop
   endfacet
   facet normal 0 0 1
      outer loop
         vertex -12.1019659563899 -18.9655181020498 81.5000012516975
         vertex -15.550241805613 -18.9655181020498 81.5000012516975
         vertex -12.1019659563899 -22.413793951273 81.5000012516975
      endloop
   endfacet
   facet normal 0 0 1
      outer loop
         vertex -12.1019659563899 -22.413793951273 81.5000012516975
         vertex -15.550241805613 -18.9655181020498 81.5000012516975
         vertex -15.550241805613 -22.413793951273 81.5000012516975
      endloop
   endfacet
   facet normal 0 0 1
      outer loop
         vertex -18.9985167235136 36.2068973481655 81.5000012516975
         vertex -22.4467925727367 36.2068973481655 81.5000012516975
         vertex -18.9985167235136 32.7586196362972 81.5000012516975
      endloop
   endfacet
   facet normal 0 0 1
      outer loop
         vertex -18.9985167235136 32.7586196362972 81.5000012516975
         vertex -22.4467925727367 36.2068973481655 81.5000012516975
         vertex -22.4467925727367 32.7586196362972 81.5000012516975
      endloop
   endfacet
   facet normal 0 0 1
      outer loop
         vertex -18.9985167235136 32.7586196362972 81.5000012516975
         vertex -22.4467925727367 32.7586196362972 81.5000012516975
         vertex -18.9985167235136 29.3103456497192 81.5000012516975
      endloop
   endfacet
   facet normal 0 0 1
      outer loop
         vertex -18.9985167235136 29.3103456497192 81.5000012516975
         vertex -22.4467925727367 32.7586196362972 81.5000012516975
         vertex -22.4467925727367 29.3103456497192 81.5000012516975
      endloop
   endfacet
   facet normal 0 0 1
      outer loop
         vertex -18.9985167235136 29.3103456497192 81.5000012516975
         vertex -22.4467925727367 29.3103456497192 81.5000012516975
         vertex -18.9985167235136 25.8620698004961 81.5000012516975
      endloop
   endfacet
   facet normal 0 0 1
      outer loop
         vertex -18.9985167235136 25.8620698004961 81.5000012516975
         vertex -22.4467925727367 29.3103456497192 81.5000012516975
         vertex -22.4467925727367 25.8620698004961 81.5000012516975
      endloop
   endfacet
   facet normal 0 0 1
      outer loop
         vertex -18.9985167235136 25.8620698004961 81.5000012516975
         vertex -22.4467925727367 25.8620698004961 81.5000012516975
         vertex -18.9985167235136 22.413793951273 81.5000012516975
      endloop
   endfacet
   facet normal 0 0 1
      outer loop
         vertex -18.9985167235136 22.413793951273 81.5000012516975
         vertex -22.4467925727367 25.8620698004961 81.5000012516975
         vertex -22.4467925727367 22.413793951273 81.5000012516975
      endloop
   endfacet
   facet normal 0 0 1
      outer loop
         vertex -18.9985167235136 22.413793951273 81.5000012516975
         vertex -22.4467925727367 22.413793951273 81.5000012516975
         vertex -18.9985167235136 18.9655181020498 81.5000012516975
      endloop
   endfacet
   facet normal 0 0 1
      outer loop
         vertex -18.9985167235136 18.9655181020498 81.5000012516975
         vertex -22.4467925727367 22.413793951273 81.5000012516975
         vertex -22.4467925727367 18.9655181020498 81.5000012516975
      endloop
   endfacet
   facet normal 0 0 1
      outer loop
         vertex -18.9985167235136 18.9655181020498 81.5000012516975
         vertex -22.4467925727367 18.9655181020498 81.5000012516975
         vertex -18.9985167235136 15.5172413215041 81.5000012516975
      endloop
   endfacet
   facet normal 0 0 1
      outer loop
         vertex -18.9985167235136 15.5172413215041 81.5000012516975
         vertex -22.4467925727367 18.9655181020498 81.5000012516975
         vertex -22.4467925727367 15.5172413215041 81.5000012516975
      endloop
   endfacet
   facet normal 0 0 1
      outer loop
         vertex -18.9985167235136 15.5172413215041 81.5000012516975
         vertex -22.4467925727367 15.5172413215041 81.5000012516975
         vertex -18.9985167235136 12.068965472281 81.5000012516975
      endloop
   endfacet
   facet normal 0 0 1
      outer loop
         vertex -18.9985167235136 12.068965472281 81.5000012516975
         vertex -22.4467925727367 15.5172413215041 81.5000012516975
         vertex -22.4467925727367 12.068965472281 81.5000012516975
      endloop
   endfacet
   facet normal 0 0 1
      outer loop
         vertex -18.9985167235136 12.068965472281 81.5000012516975
         vertex -22.4467925727367 12.068965472281 81.5000012516975
         vertex -18.9985167235136 8.62068962305784 81.5000012516975
      endloop
   endfacet
   facet normal 0 0 1
      outer loop
         vertex -18.9985167235136 8.62068962305784 81.5000012516975
         vertex -22.4467925727367 12.068965472281 81.5000012516975
         vertex -22.4467925727367 8.62068962305784 81.5000012516975
      endloop
   endfacet
   facet normal 0 0 1
      outer loop
         vertex -18.9985167235136 8.62068962305784 81.5000012516975
         vertex -22.4467925727367 8.62068962305784 81.5000012516975
         vertex -18.9985167235136 5.17241377383471 81.5000012516975
      endloop
   endfacet
   facet normal 0 0 1
      outer loop
         vertex -18.9985167235136 5.17241377383471 81.5000012516975
         vertex -22.4467925727367 8.62068962305784 81.5000012516975
         vertex -22.4467925727367 5.17241377383471 81.5000012516975
      endloop
   endfacet
   facet normal 0 0 1
      outer loop
         vertex -18.9985167235136 5.17241377383471 81.5000012516975
         vertex -22.4467925727367 5.17241377383471 81.5000012516975
         vertex -18.9985167235136 1.72413792461157 81.5000012516975
      endloop
   endfacet
   facet normal 0 0 1
      outer loop
         vertex -18.9985167235136 1.72413792461157 81.5000012516975
         vertex -22.4467925727367 5.17241377383471 81.5000012516975
         vertex -22.4467925727367 1.72413792461157 81.5000012516975
      endloop
   endfacet
   facet normal 0 0 1
      outer loop
         vertex -18.9985167235136 1.72413792461157 81.5000012516975
         vertex -22.4467925727367 1.72413792461157 81.5000012516975
         vertex -18.9985167235136 -1.72413792461157 81.5000012516975
      endloop
   endfacet
   facet normal 0 0 1
      outer loop
         vertex -18.9985167235136 -1.72413792461157 81.5000012516975
         vertex -22.4467925727367 1.72413792461157 81.5000012516975
         vertex -22.4467925727367 -1.72413792461157 81.5000012516975
      endloop
   endfacet
   facet normal 0 0 1
      outer loop
         vertex -18.9985167235136 -1.72413792461157 81.5000012516975
         vertex -22.4467925727367 -1.72413792461157 81.5000012516975
         vertex -18.9985167235136 -5.17241377383471 81.5000012516975
      endloop
   endfacet
   facet normal 0 0 1
      outer loop
         vertex -18.9985167235136 -5.17241377383471 81.5000012516975
         vertex -22.4467925727367 -1.72413792461157 81.5000012516975
         vertex -22.4467925727367 -5.17241377383471 81.5000012516975
      endloop
   endfacet
   facet normal 0 0 1
      outer loop
         vertex -18.9985167235136 -5.17241377383471 81.5000012516975
         vertex -22.4467925727367 -5.17241377383471 81.5000012516975
         vertex -18.9985167235136 -8.62068962305784 81.5000012516975
      endloop
   endfacet
   facet normal 0 0 1
      outer loop
         vertex -18.9985167235136 -8.62068962305784 81.5000012516975
         vertex -22.4467925727367 -5.17241377383471 81.5000012516975
         vertex -22.4467925727367 -8.62068962305784 81.5000012516975
      endloop
   endfacet
   facet normal 0 0 1
      outer loop
         vertex -18.9985167235136 -8.62068962305784 81.5000012516975
         vertex -22.4467925727367 -8.62068962305784 81.5000012516975
         vertex -18.9985167235136 -12.068965472281 81.5000012516975
      endloop
   endfacet
   facet normal 0 0 1
      outer loop
         vertex -18.9985167235136 -12.068965472281 81.5000012516975
         vertex -22.4467925727367 -8.62068962305784 81.5000012516975
         vertex -22.4467925727367 -12.068965472281 81.5000012516975
      endloop
   endfacet
   facet normal 0 0 1
      outer loop
         vertex -18.9985167235136 -12.068965472281 81.5000012516975
         vertex -22.4467925727367 -12.068965472281 81.5000012516975
         vertex -18.9985167235136 -15.5172413215041 81.5000012516975
      endloop
   endfacet
   facet normal 0 0 1
      outer loop
         vertex -18.9985167235136 -15.5172413215041 81.5000012516975
         vertex -22.4467925727367 -12.068965472281 81.5000012516975
         vertex -22.4467925727367 -15.5172413215041 81.5000012516975
      endloop
   endfacet
   facet normal 0 0 1
      outer loop
         vertex -18.9985167235136 -15.5172413215041 81.5000012516975
         vertex -22.4467925727367 -15.5172413215041 81.5000012516975
         vertex -18.9985167235136 -18.9655181020498 81.5000012516975
      endloop
   endfacet
   facet normal 0 0 1
      outer loop
         vertex -18.9985167235136 -18.9655181020498 81.5000012516975
         vertex -22.4467925727367 -15.5172413215041 81.5000012516975
         vertex -22.4467925727367 -18.9655181020498 81.5000012516975
      endloop
   endfacet
   facet normal 0 0 1
      outer loop
         vertex -18.9985167235136 -18.9655181020498 81.5000012516975
         vertex -22.4467925727367 -18.9655181020498 81.5000012516975
         vertex -18.9985167235136 -22.413793951273 81.5000012516975
      endloop
   endfacet
   facet normal 0 0 1
      outer loop
         vertex -18.9985167235136 -22.413793951273 81.5000012516975
         vertex -22.4467925727367 -18.9655181020498 81.5000012516975
         vertex -22.4467925727367 -22.413793951273 81.5000012516975
      endloop
   endfacet
   facet normal 0 0 1
      outer loop
         vertex -22.4467925727367 39.6551713347435 81.5000012516975
         vertex -25.8950684219599 39.6551713347435 81.5000012516975
         vertex -22.4467925727367 36.2068973481655 81.5000012516975
      endloop
   endfacet
   facet normal 0 0 1
      outer loop
         vertex -22.4467925727367 36.2068973481655 81.5000012516975
         vertex -25.8950684219599 39.6551713347435 81.5000012516975
         vertex -25.8950684219599 36.2068973481655 81.5000012516975
      endloop
   endfacet
   facet normal 0 0 1
      outer loop
         vertex -22.4467925727367 36.2068973481655 81.5000012516975
         vertex -25.8950684219599 36.2068973481655 81.5000012516975
         vertex -22.4467925727367 32.7586196362972 81.5000012516975
      endloop
   endfacet
   facet normal 0 0 1
      outer loop
         vertex -22.4467925727367 32.7586196362972 81.5000012516975
         vertex -25.8950684219599 36.2068973481655 81.5000012516975
         vertex -25.8950684219599 32.7586196362972 81.5000012516975
      endloop
   endfacet
   facet normal 0 0 1
      outer loop
         vertex -22.4467925727367 32.7586196362972 81.5000012516975
         vertex -25.8950684219599 32.7586196362972 81.5000012516975
         vertex -22.4467925727367 29.3103456497192 81.5000012516975
      endloop
   endfacet
   facet normal 0 0 1
      outer loop
         vertex -22.4467925727367 29.3103456497192 81.5000012516975
         vertex -25.8950684219599 32.7586196362972 81.5000012516975
         vertex -25.8950684219599 29.3103456497192 81.5000012516975
      endloop
   endfacet
   facet normal 0 0 1
      outer loop
         vertex -22.4467925727367 29.3103456497192 81.5000012516975
         vertex -25.8950684219599 29.3103456497192 81.5000012516975
         vertex -22.4467925727367 25.8620698004961 81.5000012516975
      endloop
   endfacet
   facet normal 0 0 1
      outer loop
         vertex -22.4467925727367 25.8620698004961 81.5000012516975
         vertex -25.8950684219599 29.3103456497192 81.5000012516975
         vertex -25.8950684219599 25.8620698004961 81.5000012516975
      endloop
   endfacet
   facet normal 0 0 1
      outer loop
         vertex -22.4467925727367 25.8620698004961 81.5000012516975
         vertex -25.8950684219599 25.8620698004961 81.5000012516975
         vertex -22.4467925727367 22.413793951273 81.5000012516975
      endloop
   endfacet
   facet normal 0 0 1
      outer loop
         vertex -22.4467925727367 22.413793951273 81.5000012516975
         vertex -25.8950684219599 25.8620698004961 81.5000012516975
         vertex -25.8950684219599 22.413793951273 81.5000012516975
      endloop
   endfacet
   facet normal 0 0 1
      outer loop
         vertex -22.4467925727367 22.413793951273 81.5000012516975
         vertex -25.8950684219599 22.413793951273 81.5000012516975
         vertex -22.4467925727367 18.9655181020498 81.5000012516975
      endloop
   endfacet
   facet normal 0 0 1
      outer loop
         vertex -22.4467925727367 18.9655181020498 81.5000012516975
         vertex -25.8950684219599 22.413793951273 81.5000012516975
         vertex -25.8950684219599 18.9655181020498 81.5000012516975
      endloop
   endfacet
   facet normal 0 0 1
      outer loop
         vertex -22.4467925727367 18.9655181020498 81.5000012516975
         vertex -25.8950684219599 18.9655181020498 81.5000012516975
         vertex -22.4467925727367 15.5172413215041 81.5000012516975
      endloop
   endfacet
   facet normal 0 0 1
      outer loop
         vertex -22.4467925727367 15.5172413215041 81.5000012516975
         vertex -25.8950684219599 18.9655181020498 81.5000012516975
         vertex -25.8950684219599 15.5172413215041 81.5000012516975
      endloop
   endfacet
   facet normal 0 0 1
      outer loop
         vertex -22.4467925727367 15.5172413215041 81.5000012516975
         vertex -25.8950684219599 15.5172413215041 81.5000012516975
         vertex -22.4467925727367 12.068965472281 81.5000012516975
      endloop
   endfacet
   facet normal 0 0 1
      outer loop
         vertex -22.4467925727367 12.068965472281 81.5000012516975
         vertex -25.8950684219599 15.5172413215041 81.5000012516975
         vertex -25.8950684219599 12.068965472281 81.5000012516975
      endloop
   endfacet
   facet normal 0 0 1
      outer loop
         vertex -22.4467925727367 12.068965472281 81.5000012516975
         vertex -25.8950684219599 12.068965472281 81.5000012516975
         vertex -22.4467925727367 8.62068962305784 81.5000012516975
      endloop
   endfacet
   facet normal 0 0 1
      outer loop
         vertex -22.4467925727367 8.62068962305784 81.5000012516975
         vertex -25.8950684219599 12.068965472281 81.5000012516975
         vertex -25.8950684219599 8.62068962305784 81.5000012516975
      endloop
   endfacet
   facet normal 0 0 1
      outer loop
         vertex -22.4467925727367 8.62068962305784 81.5000012516975
         vertex -25.8950684219599 8.62068962305784 81.5000012516975
         vertex -22.4467925727367 5.17241377383471 81.5000012516975
      endloop
   endfacet
   facet normal 0 0 1
      outer loop
         vertex -22.4467925727367 5.17241377383471 81.5000012516975
         vertex -25.8950684219599 8.62068962305784 81.5000012516975
         vertex -25.8950684219599 5.17241377383471 81.5000012516975
      endloop
   endfacet
   facet normal 0 0 1
      outer loop
         vertex -22.4467925727367 5.17241377383471 81.5000012516975
         vertex -25.8950684219599 5.17241377383471 81.5000012516975
         vertex -22.4467925727367 1.72413792461157 81.5000012516975
      endloop
   endfacet
   facet normal 0 0 1
      outer loop
         vertex -22.4467925727367 1.72413792461157 81.5000012516975
         vertex -25.8950684219599 5.17241377383471 81.5000012516975
         vertex -25.8950684219599 1.72413792461157 81.5000012516975
      endloop
   endfacet
   facet normal 0 0 1
      outer loop
         vertex -22.4467925727367 1.72413792461157 81.5000012516975
         vertex -25.8950684219599 1.72413792461157 81.5000012516975
         vertex -22.4467925727367 -1.72413792461157 81.5000012516975
      endloop
   endfacet
   facet normal 0 0 1
      outer loop
         vertex -22.4467925727367 -1.72413792461157 81.5000012516975
         vertex -25.8950684219599 1.72413792461157 81.5000012516975
         vertex -25.8950684219599 -1.72413792461157 81.5000012516975
      endloop
   endfacet
   facet normal 0 0 1
      outer loop
         vertex -22.4467925727367 -1.72413792461157 81.5000012516975
         vertex -25.8950684219599 -1.72413792461157 81.5000012516975
         vertex -22.4467925727367 -5.17241377383471 81.5000012516975
      endloop
   endfacet
   facet normal 0 0 1
      outer loop
         vertex -22.4467925727367 -5.17241377383471 81.5000012516975
         vertex -25.8950684219599 -1.72413792461157 81.5000012516975
         vertex -25.8950684219599 -5.17241377383471 81.5000012516975
      endloop
   endfacet
   facet normal 0 0 1
      outer loop
         vertex -22.4467925727367 -5.17241377383471 81.5000012516975
         vertex -25.8950684219599 -5.17241377383471 81.5000012516975
         vertex -22.4467925727367 -8.62068962305784 81.5000012516975
      endloop
   endfacet
   facet normal 0 0 1
      outer loop
         vertex -22.4467925727367 -8.62068962305784 81.5000012516975
         vertex -25.8950684219599 -5.17241377383471 81.5000012516975
         vertex -25.8950684219599 -8.62068962305784 81.5000012516975
      endloop
   endfacet
   facet normal 0 0 1
      outer loop
         vertex -22.4467925727367 -8.62068962305784 81.5000012516975
         vertex -25.8950684219599 -8.62068962305784 81.5000012516975
         vertex -22.4467925727367 -12.068965472281 81.5000012516975
      endloop
   endfacet
   facet normal 0 0 1
      outer loop
         vertex -22.4467925727367 -12.068965472281 81.5000012516975
         vertex -25.8950684219599 -8.62068962305784 81.5000012516975
         vertex -25.8950684219599 -12.068965472281 81.5000012516975
      endloop
   endfacet
   facet normal 0 0 1
      outer loop
         vertex -22.4467925727367 -12.068965472281 81.5000012516975
         vertex -25.8950684219599 -12.068965472281 81.5000012516975
         vertex -22.4467925727367 -15.5172413215041 81.5000012516975
      endloop
   endfacet
   facet normal 0 0 1
      outer loop
         vertex -22.4467925727367 -15.5172413215041 81.5000012516975
         vertex -25.8950684219599 -12.068965472281 81.5000012516975
         vertex -25.8950684219599 -15.5172413215041 81.5000012516975
      endloop
   endfacet
   facet normal 0 0 1
      outer loop
         vertex -22.4467925727367 -15.5172413215041 81.5000012516975
         vertex -25.8950684219599 -15.5172413215041 81.5000012516975
         vertex -22.4467925727367 -18.9655181020498 81.5000012516975
      endloop
   endfacet
   facet normal 0 0 1
      outer loop
         vertex -22.4467925727367 -18.9655181020498 81.5000012516975
         vertex -25.8950684219599 -15.5172413215041 81.5000012516975
         vertex -25.8950684219599 -18.9655181020498 81.5000012516975
      endloop
   endfacet
   facet normal 0 0 1
      outer loop
         vertex -22.4467925727367 -18.9655181020498 81.5000012516975
         vertex -25.8950684219599 -18.9655181020498 81.5000012516975
         vertex -22.4467925727367 -22.413793951273 81.5000012516975
      endloop
   endfacet
   facet normal 0 0 1
      outer loop
         vertex -22.4467925727367 -22.413793951273 81.5000012516975
         vertex -25.8950684219599 -18.9655181020498 81.5000012516975
         vertex -25.8950684219599 -22.413793951273 81.5000012516975
      endloop
   endfacet
   facet normal 0 0 1
      outer loop
         vertex -25.8950684219599 39.6551713347435 81.5000012516975
         vertex -29.343344271183 39.6551713347435 81.5000012516975
         vertex -25.8950684219599 36.2068973481655 81.5000012516975
      endloop
   endfacet
   facet normal 0 0 1
      outer loop
         vertex -25.8950684219599 36.2068973481655 81.5000012516975
         vertex -29.343344271183 39.6551713347435 81.5000012516975
         vertex -29.343344271183 36.2068973481655 81.5000012516975
      endloop
   endfacet
   facet normal 0 0 1
      outer loop
         vertex -25.8950684219599 36.2068973481655 81.5000012516975
         vertex -29.343344271183 36.2068973481655 81.5000012516975
         vertex -25.8950684219599 32.7586196362972 81.5000012516975
      endloop
   endfacet
   facet normal 0 0 1
      outer loop
         vertex -25.8950684219599 32.7586196362972 81.5000012516975
         vertex -29.343344271183 36.2068973481655 81.5000012516975
         vertex -29.343344271183 32.7586196362972 81.5000012516975
      endloop
   endfacet
   facet normal 0 0 1
      outer loop
         vertex -25.8950684219599 32.7586196362972 81.5000012516975
         vertex -29.343344271183 32.7586196362972 81.5000012516975
         vertex -25.8950684219599 29.3103456497192 81.5000012516975
      endloop
   endfacet
   facet normal 0 0 1
      outer loop
         vertex -25.8950684219599 29.3103456497192 81.5000012516975
         vertex -29.343344271183 32.7586196362972 81.5000012516975
         vertex -29.343344271183 29.3103456497192 81.5000012516975
      endloop
   endfacet
   facet normal 0 0 1
      outer loop
         vertex -25.8950684219599 29.3103456497192 81.5000012516975
         vertex -29.343344271183 29.3103456497192 81.5000012516975
         vertex -25.8950684219599 25.8620698004961 81.5000012516975
      endloop
   endfacet
   facet normal 0 0 1
      outer loop
         vertex -25.8950684219599 25.8620698004961 81.5000012516975
         vertex -29.343344271183 29.3103456497192 81.5000012516975
         vertex -29.343344271183 25.8620698004961 81.5000012516975
      endloop
   endfacet
   facet normal 0 0 1
      outer loop
         vertex -25.8950684219599 25.8620698004961 81.5000012516975
         vertex -29.343344271183 25.8620698004961 81.5000012516975
         vertex -25.8950684219599 22.413793951273 81.5000012516975
      endloop
   endfacet
   facet normal 0 0 1
      outer loop
         vertex -25.8950684219599 22.413793951273 81.5000012516975
         vertex -29.343344271183 25.8620698004961 81.5000012516975
         vertex -29.343344271183 22.413793951273 81.5000012516975
      endloop
   endfacet
   facet normal 0 0 1
      outer loop
         vertex -25.8950684219599 22.413793951273 81.5000012516975
         vertex -29.343344271183 22.413793951273 81.5000012516975
         vertex -25.8950684219599 18.9655181020498 81.5000012516975
      endloop
   endfacet
   facet normal 0 0 1
      outer loop
         vertex -25.8950684219599 18.9655181020498 81.5000012516975
         vertex -29.343344271183 22.413793951273 81.5000012516975
         vertex -29.343344271183 18.9655181020498 81.5000012516975
      endloop
   endfacet
   facet normal 0 0 1
      outer loop
         vertex -25.8950684219599 18.9655181020498 81.5000012516975
         vertex -29.343344271183 18.9655181020498 81.5000012516975
         vertex -25.8950684219599 15.5172413215041 81.5000012516975
      endloop
   endfacet
   facet normal 0 0 1
      outer loop
         vertex -25.8950684219599 15.5172413215041 81.5000012516975
         vertex -29.343344271183 18.9655181020498 81.5000012516975
         vertex -29.343344271183 15.5172413215041 81.5000012516975
      endloop
   endfacet
   facet normal 0 0 1
      outer loop
         vertex -25.8950684219599 15.5172413215041 81.5000012516975
         vertex -29.343344271183 15.5172413215041 81.5000012516975
         vertex -25.8950684219599 12.068965472281 81.5000012516975
      endloop
   endfacet
   facet normal 0 0 1
      outer loop
         vertex -25.8950684219599 12.068965472281 81.5000012516975
         vertex -29.343344271183 15.5172413215041 81.5000012516975
         vertex -29.343344271183 12.068965472281 81.5000012516975
      endloop
   endfacet
   facet normal 0 0 1
      outer loop
         vertex -25.8950684219599 12.068965472281 81.5000012516975
         vertex -29.343344271183 12.068965472281 81.5000012516975
         vertex -25.8950684219599 8.62068962305784 81.5000012516975
      endloop
   endfacet
   facet normal 0 0 1
      outer loop
         vertex -25.8950684219599 8.62068962305784 81.5000012516975
         vertex -29.343344271183 12.068965472281 81.5000012516975
         vertex -29.343344271183 8.62068962305784 81.5000012516975
      endloop
   endfacet
   facet normal 0 0 1
      outer loop
         vertex -25.8950684219599 8.62068962305784 81.5000012516975
         vertex -29.343344271183 8.62068962305784 81.5000012516975
         vertex -25.8950684219599 5.17241377383471 81.5000012516975
      endloop
   endfacet
   facet normal 0 0 1
      outer loop
         vertex -25.8950684219599 5.17241377383471 81.5000012516975
         vertex -29.343344271183 8.62068962305784 81.5000012516975
         vertex -29.343344271183 5.17241377383471 81.5000012516975
      endloop
   endfacet
   facet normal 0 0 1
      outer loop
         vertex -25.8950684219599 5.17241377383471 81.5000012516975
         vertex -29.343344271183 5.17241377383471 81.5000012516975
         vertex -25.8950684219599 1.72413792461157 81.5000012516975
      endloop
   endfacet
   facet normal 0 0 1
      outer loop
         vertex -25.8950684219599 1.72413792461157 81.5000012516975
         vertex -29.343344271183 5.17241377383471 81.5000012516975
         vertex -29.343344271183 1.72413792461157 81.5000012516975
      endloop
   endfacet
   facet normal 0 0 1
      outer loop
         vertex -25.8950684219599 1.72413792461157 81.5000012516975
         vertex -29.343344271183 1.72413792461157 81.5000012516975
         vertex -25.8950684219599 -1.72413792461157 81.5000012516975
      endloop
   endfacet
   facet normal 0 0 1
      outer loop
         vertex -25.8950684219599 -1.72413792461157 81.5000012516975
         vertex -29.343344271183 1.72413792461157 81.5000012516975
         vertex -29.343344271183 -1.72413792461157 81.5000012516975
      endloop
   endfacet
   facet normal 0 0 1
      outer loop
         vertex -25.8950684219599 -1.72413792461157 81.5000012516975
         vertex -29.343344271183 -1.72413792461157 81.5000012516975
         vertex -25.8950684219599 -5.17241377383471 81.5000012516975
      endloop
   endfacet
   facet normal 0 0 1
      outer loop
         vertex -25.8950684219599 -5.17241377383471 81.5000012516975
         vertex -29.343344271183 -1.72413792461157 81.5000012516975
         vertex -29.343344271183 -5.17241377383471 81.5000012516975
      endloop
   endfacet
   facet normal 0 0 1
      outer loop
         vertex -25.8950684219599 -5.17241377383471 81.5000012516975
         vertex -29.343344271183 -5.17241377383471 81.5000012516975
         vertex -25.8950684219599 -8.62068962305784 81.5000012516975
      endloop
   endfacet
   facet normal 0 0 1
      outer loop
         vertex -25.8950684219599 -8.62068962305784 81.5000012516975
         vertex -29.343344271183 -5.17241377383471 81.5000012516975
         vertex -29.343344271183 -8.62068962305784 81.5000012516975
      endloop
   endfacet
   facet normal 0 0 1
      outer loop
         vertex -25.8950684219599 -8.62068962305784 81.5000012516975
         vertex -29.343344271183 -8.62068962305784 81.5000012516975
         vertex -25.8950684219599 -12.068965472281 81.5000012516975
      endloop
   endfacet
   facet normal 0 0 1
      outer loop
         vertex -25.8950684219599 -12.068965472281 81.5000012516975
         vertex -29.343344271183 -8.62068962305784 81.5000012516975
         vertex -29.343344271183 -12.068965472281 81.5000012516975
      endloop
   endfacet
   facet normal 0 0 1
      outer loop
         vertex -25.8950684219599 -12.068965472281 81.5000012516975
         vertex -29.343344271183 -12.068965472281 81.5000012516975
         vertex -25.8950684219599 -15.5172413215041 81.5000012516975
      endloop
   endfacet
   facet normal 0 0 1
      outer loop
         vertex -25.8950684219599 -15.5172413215041 81.5000012516975
         vertex -29.343344271183 -12.068965472281 81.5000012516975
         vertex -29.343344271183 -15.5172413215041 81.5000012516975
      endloop
   endfacet
   facet normal 0 0 1
      outer loop
         vertex -25.8950684219599 -15.5172413215041 81.5000012516975
         vertex -29.343344271183 -15.5172413215041 81.5000012516975
         vertex -25.8950684219599 -18.9655181020498 81.5000012516975
      endloop
   endfacet
   facet normal 0 0 1
      outer loop
         vertex -25.8950684219599 -18.9655181020498 81.5000012516975
         vertex -29.343344271183 -15.5172413215041 81.5000012516975
         vertex -29.343344271183 -18.9655181020498 81.5000012516975
      endloop
   endfacet
   facet normal 0 0 1
      outer loop
         vertex -25.8950684219599 -18.9655181020498 81.5000012516975
         vertex -29.343344271183 -18.9655181020498 81.5000012516975
         vertex -25.8950684219599 -22.413793951273 81.5000012516975
      endloop
   endfacet
   facet normal 0 0 1
      outer loop
         vertex -25.8950684219599 -22.413793951273 81.5000012516975
         vertex -29.343344271183 -18.9655181020498 81.5000012516975
         vertex -29.343344271183 -22.413793951273 81.5000012516975
      endloop
   endfacet
   facet normal 0 0 1
      outer loop
         vertex -32.7916219830513 32.7586196362972 81.5000012516975
         vertex -36.2398959696293 32.7586196362972 81.5000012516975
         vertex -32.7916219830513 29.3103456497192 81.5000012516975
      endloop
   endfacet
   facet normal 0 0 1
      outer loop
         vertex -32.7916219830513 29.3103456497192 81.5000012516975
         vertex -36.2398959696293 32.7586196362972 81.5000012516975
         vertex -36.2398959696293 29.3103456497192 81.5000012516975
      endloop
   endfacet
   facet normal 0 0 1
      outer loop
         vertex -32.7916219830513 29.3103456497192 81.5000012516975
         vertex -36.2398959696293 29.3103456497192 81.5000012516975
         vertex -32.7916219830513 25.8620698004961 81.5000012516975
      endloop
   endfacet
   facet normal 0 0 1
      outer loop
         vertex -32.7916219830513 25.8620698004961 81.5000012516975
         vertex -36.2398959696293 29.3103456497192 81.5000012516975
         vertex -36.2398959696293 25.8620698004961 81.5000012516975
      endloop
   endfacet
   facet normal 0 0 1
      outer loop
         vertex -32.7916219830513 25.8620698004961 81.5000012516975
         vertex -36.2398959696293 25.8620698004961 81.5000012516975
         vertex -32.7916219830513 22.413793951273 81.5000012516975
      endloop
   endfacet
   facet normal 0 0 1
      outer loop
         vertex -32.7916219830513 22.413793951273 81.5000012516975
         vertex -36.2398959696293 25.8620698004961 81.5000012516975
         vertex -36.2398959696293 22.413793951273 81.5000012516975
      endloop
   endfacet
   facet normal 0 0 1
      outer loop
         vertex -32.7916219830513 22.413793951273 81.5000012516975
         vertex -36.2398959696293 22.413793951273 81.5000012516975
         vertex -32.7916219830513 18.9655181020498 81.5000012516975
      endloop
   endfacet
   facet normal 0 0 1
      outer loop
         vertex -32.7916219830513 18.9655181020498 81.5000012516975
         vertex -36.2398959696293 22.413793951273 81.5000012516975
         vertex -36.2398959696293 18.9655181020498 81.5000012516975
      endloop
   endfacet
   facet normal 0 0 1
      outer loop
         vertex -32.7916219830513 18.9655181020498 81.5000012516975
         vertex -36.2398959696293 18.9655181020498 81.5000012516975
         vertex -32.7916219830513 15.5172413215041 81.5000012516975
      endloop
   endfacet
   facet normal 0 0 1
      outer loop
         vertex -32.7916219830513 15.5172413215041 81.5000012516975
         vertex -36.2398959696293 18.9655181020498 81.5000012516975
         vertex -36.2398959696293 15.5172413215041 81.5000012516975
      endloop
   endfacet
   facet normal 0 0 1
      outer loop
         vertex -32.7916219830513 15.5172413215041 81.5000012516975
         vertex -36.2398959696293 15.5172413215041 81.5000012516975
         vertex -32.7916219830513 12.068965472281 81.5000012516975
      endloop
   endfacet
   facet normal 0 0 1
      outer loop
         vertex -32.7916219830513 12.068965472281 81.5000012516975
         vertex -36.2398959696293 15.5172413215041 81.5000012516975
         vertex -36.2398959696293 12.068965472281 81.5000012516975
      endloop
   endfacet
   facet normal 0 0 1
      outer loop
         vertex -32.7916219830513 12.068965472281 81.5000012516975
         vertex -36.2398959696293 12.068965472281 81.5000012516975
         vertex -32.7916219830513 8.62068962305784 81.5000012516975
      endloop
   endfacet
   facet normal 0 0 1
      outer loop
         vertex -32.7916219830513 8.62068962305784 81.5000012516975
         vertex -36.2398959696293 12.068965472281 81.5000012516975
         vertex -36.2398959696293 8.62068962305784 81.5000012516975
      endloop
   endfacet
   facet normal 0 0 1
      outer loop
         vertex -32.7916219830513 8.62068962305784 81.5000012516975
         vertex -36.2398959696293 8.62068962305784 81.5000012516975
         vertex -32.7916219830513 5.17241377383471 81.5000012516975
      endloop
   endfacet
   facet normal 0 0 1
      outer loop
         vertex -32.7916219830513 5.17241377383471 81.5000012516975
         vertex -36.2398959696293 8.62068962305784 81.5000012516975
         vertex -36.2398959696293 5.17241377383471 81.5000012516975
      endloop
   endfacet
   facet normal 0 0 1
      outer loop
         vertex -32.7916219830513 5.17241377383471 81.5000012516975
         vertex -36.2398959696293 5.17241377383471 81.5000012516975
         vertex -32.7916219830513 1.72413792461157 81.5000012516975
      endloop
   endfacet
   facet normal 0 0 1
      outer loop
         vertex -32.7916219830513 1.72413792461157 81.5000012516975
         vertex -36.2398959696293 5.17241377383471 81.5000012516975
         vertex -36.2398959696293 1.72413792461157 81.5000012516975
      endloop
   endfacet
   facet normal 0 0 1
      outer loop
         vertex -32.7916219830513 1.72413792461157 81.5000012516975
         vertex -36.2398959696293 1.72413792461157 81.5000012516975
         vertex -32.7916219830513 -1.72413792461157 81.5000012516975
      endloop
   endfacet
   facet normal 0 0 1
      outer loop
         vertex -32.7916219830513 -1.72413792461157 81.5000012516975
         vertex -36.2398959696293 1.72413792461157 81.5000012516975
         vertex -36.2398959696293 -1.72413792461157 81.5000012516975
      endloop
   endfacet
   facet normal 0 0 1
      outer loop
         vertex -32.7916219830513 -1.72413792461157 81.5000012516975
         vertex -36.2398959696293 -1.72413792461157 81.5000012516975
         vertex -32.7916219830513 -5.17241377383471 81.5000012516975
      endloop
   endfacet
   facet normal 0 0 1
      outer loop
         vertex -32.7916219830513 -5.17241377383471 81.5000012516975
         vertex -36.2398959696293 -1.72413792461157 81.5000012516975
         vertex -36.2398959696293 -5.17241377383471 81.5000012516975
      endloop
   endfacet
   facet normal 0 0 1
      outer loop
         vertex -32.7916219830513 -5.17241377383471 81.5000012516975
         vertex -36.2398959696293 -5.17241377383471 81.5000012516975
         vertex -32.7916219830513 -8.62068962305784 81.5000012516975
      endloop
   endfacet
   facet normal 0 0 1
      outer loop
         vertex -32.7916219830513 -8.62068962305784 81.5000012516975
         vertex -36.2398959696293 -5.17241377383471 81.5000012516975
         vertex -36.2398959696293 -8.62068962305784 81.5000012516975
      endloop
   endfacet
   facet normal 0 0 1
      outer loop
         vertex -32.7916219830513 -8.62068962305784 81.5000012516975
         vertex -36.2398959696293 -8.62068962305784 81.5000012516975
         vertex -32.7916219830513 -12.068965472281 81.5000012516975
      endloop
   endfacet
   facet normal 0 0 1
      outer loop
         vertex -32.7916219830513 -12.068965472281 81.5000012516975
         vertex -36.2398959696293 -8.62068962305784 81.5000012516975
         vertex -36.2398959696293 -12.068965472281 81.5000012516975
      endloop
   endfacet
   facet normal 0 0 1
      outer loop
         vertex -32.7916219830513 -12.068965472281 81.5000012516975
         vertex -36.2398959696293 -12.068965472281 81.5000012516975
         vertex -32.7916219830513 -15.5172413215041 81.5000012516975
      endloop
   endfacet
   facet normal 0 0 1
      outer loop
         vertex -32.7916219830513 -15.5172413215041 81.5000012516975
         vertex -36.2398959696293 -12.068965472281 81.5000012516975
         vertex -36.2398959696293 -15.5172413215041 81.5000012516975
      endloop
   endfacet
   facet normal 0 0 1
      outer loop
         vertex -32.7916219830513 -15.5172413215041 81.5000012516975
         vertex -36.2398959696293 -15.5172413215041 81.5000012516975
         vertex -32.7916219830513 -18.9655181020498 81.5000012516975
      endloop
   endfacet
   facet normal 0 0 1
      outer loop
         vertex -32.7916219830513 -18.9655181020498 81.5000012516975
         vertex -36.2398959696293 -15.5172413215041 81.5000012516975
         vertex -36.2398959696293 -18.9655181020498 81.5000012516975
      endloop
   endfacet
   facet normal 0 0 1
      outer loop
         vertex -32.7916219830513 -18.9655181020498 81.5000012516975
         vertex -36.2398959696293 -18.9655181020498 81.5000012516975
         vertex -32.7916219830513 -22.413793951273 81.5000012516975
      endloop
   endfacet
   facet normal 0 0 1
      outer loop
         vertex -32.7916219830513 -22.413793951273 81.5000012516975
         vertex -36.2398959696293 -18.9655181020498 81.5000012516975
         vertex -36.2398959696293 -22.413793951273 81.5000012516975
      endloop
   endfacet
   facet normal 0 0 1
      outer loop
         vertex -39.6881736814976 -1.72413792461157 81.5000012516975
         vertex -39.6881736814976 1.72413792461157 81.5000012516975
         vertex -43.1364476680756 1.72413792461157 81.5000012516975
      endloop
   endfacet
   facet normal 0 0 1
      outer loop
         vertex -43.1364476680756 1.72413792461157 81.5000012516975
         vertex -39.6881736814976 1.72413792461157 81.5000012516975
         vertex -43.1364476680756 5.17241377383471 81.5000012516975
      endloop
   endfacet
   facet normal 0 0 1
      outer loop
         vertex -43.1364476680756 1.72413792461157 81.5000012516975
         vertex -43.1364476680756 5.17241377383471 81.5000012516975
         vertex -46.5847253799438 5.17241377383471 81.5000012516975
      endloop
   endfacet
   facet normal 0 0 1
      outer loop
         vertex -46.5847253799438 5.17241377383471 81.5000012516975
         vertex -43.1364476680756 5.17241377383471 81.5000012516975
         vertex -46.5847253799438 8.62068962305784 81.5000012516975
      endloop
   endfacet
   facet normal 0 0 1
      outer loop
         vertex 36.1738950014114 1.72413792461157 81.5000012516975
         vertex 36.1738950014114 -1.72413792461157 81.5000012516975
         vertex 39.6221727132797 -1.72413792461157 81.5000012516975
      endloop
   endfacet
   facet normal 0 0 1
      outer loop
         vertex 39.6221727132797 -1.72413792461157 81.5000012516975
         vertex 36.1738950014114 -1.72413792461157 81.5000012516975
         vertex 39.6221727132797 -5.17241377383471 81.5000012516975
      endloop
   endfacet
   facet normal 0 0 1
      outer loop
         vertex 39.6221727132797 -1.72413792461157 81.5000012516975
         vertex 39.6221727132797 -5.17241377383471 81.5000012516975
         vertex 43.0704466998577 -5.17241377383471 81.5000012516975
      endloop
   endfacet
   facet normal 0 0 1
      outer loop
         vertex 43.0704466998577 -5.17241377383471 81.5000012516975
         vertex 39.6221727132797 -5.17241377383471 81.5000012516975
         vertex 43.0704466998577 -8.62068962305784 81.5000012516975
      endloop
   endfacet
   facet normal 0 0 1
      outer loop
         vertex 36.1738950014114 -1.72413792461157 81.5000012516975
         vertex 36.1738950014114 -5.17241377383471 81.5000012516975
         vertex 39.6221727132797 -5.17241377383471 81.5000012516975
      endloop
   endfacet
   facet normal 0 0 1
      outer loop
         vertex 39.6221727132797 -5.17241377383471 81.5000012516975
         vertex 36.1738950014114 -5.17241377383471 81.5000012516975
         vertex 39.6221727132797 -8.62068962305784 81.5000012516975
      endloop
   endfacet
   facet normal 0 0 1
      outer loop
         vertex 39.6221727132797 -5.17241377383471 81.5000012516975
         vertex 39.6221727132797 -8.62068962305784 81.5000012516975
         vertex 43.0704466998577 -8.62068962305784 81.5000012516975
      endloop
   endfacet
   facet normal 0 0 1
      outer loop
         vertex 43.0704466998577 -8.62068962305784 81.5000012516975
         vertex 39.6221727132797 -8.62068962305784 81.5000012516975
         vertex 43.0704466998577 -12.068965472281 81.5000012516975
      endloop
   endfacet
   facet normal 0 0 1
      outer loop
         vertex 48.4208650887012 -12.33786996454 81.5000012516975
         vertex 46.518724411726 -8.62068962305784 81.5000012516975
         vertex 46.518724411726 -12.068965472281 81.5000012516975
      endloop
   endfacet
   facet normal 0 0 1
      outer loop
         vertex 39.6221727132797 -8.62068962305784 81.5000012516975
         vertex 36.1738950014114 -8.62068962305784 81.5000012516975
         vertex 39.6221727132797 -12.068965472281 81.5000012516975
      endloop
   endfacet
   facet normal 0 0 1
      outer loop
         vertex 39.6221727132797 -12.068965472281 81.5000012516975
         vertex 36.1738950014114 -8.62068962305784 81.5000012516975
         vertex 36.1738950014114 -12.068965472281 81.5000012516975
      endloop
   endfacet
   facet normal 0 0 1
      outer loop
         vertex 39.6221727132797 -12.068965472281 81.5000012516975
         vertex 36.1738950014114 -12.068965472281 81.5000012516975
         vertex 39.6221727132797 -15.5172413215041 81.5000012516975
      endloop
   endfacet
   facet normal 0 0 1
      outer loop
         vertex 39.6221727132797 -15.5172413215041 81.5000012516975
         vertex 36.1738950014114 -12.068965472281 81.5000012516975
         vertex 36.1738950014114 -15.5172413215041 81.5000012516975
      endloop
   endfacet
   facet normal 0 0 1
      outer loop
         vertex 39.6221727132797 -15.5172413215041 81.5000012516975
         vertex 36.1738950014114 -15.5172413215041 81.5000012516975
         vertex 39.6221727132797 -18.9655181020498 81.5000012516975
      endloop
   endfacet
   facet normal 0 0 1
      outer loop
         vertex 39.6221727132797 -18.9655181020498 81.5000012516975
         vertex 36.1738950014114 -15.5172413215041 81.5000012516975
         vertex 36.1738950014114 -18.9655181020498 81.5000012516975
      endloop
   endfacet
   facet normal 0 0 1
      outer loop
         vertex 39.6221727132797 -18.9655181020498 81.5000012516975
         vertex 36.1738950014114 -18.9655181020498 81.5000012516975
         vertex 39.6221727132797 -22.413793951273 81.5000012516975
      endloop
   endfacet
   facet normal 0 0 1
      outer loop
         vertex 39.6221727132797 -22.413793951273 81.5000012516975
         vertex 36.1738950014114 -18.9655181020498 81.5000012516975
         vertex 36.1738950014114 -22.413793951273 81.5000012516975
      endloop
   endfacet
   facet normal 0 0 1
      outer loop
         vertex 36.1738950014114 -8.62068962305784 81.5000012516975
         vertex 39.6221727132797 -8.62068962305784 81.5000012516975
         vertex 36.1738950014114 -5.17241377383471 81.5000012516975
      endloop
   endfacet
   facet normal 0 0 1
      outer loop
         vertex -39.6881736814976 -12.068965472281 81.5000012516975
         vertex -43.1364476680756 -8.62068962305784 81.5000012516975
         vertex -43.1364476680756 -12.068965472281 81.5000012516975
      endloop
   endfacet
   facet normal 0 0 1
      outer loop
         vertex -43.1364476680756 -12.068965472281 81.5000012516975
         vertex -43.1364476680756 -8.62068962305784 81.5000012516975
         vertex -46.5847253799438 -8.62068962305784 81.5000012516975
      endloop
   endfacet
   facet normal 0 0 1
      outer loop
         vertex -43.1364476680756 -8.62068962305784 81.5000012516975
         vertex -46.5847253799438 -5.17241377383471 81.5000012516975
         vertex -46.5847253799438 -8.62068962305784 81.5000012516975
      endloop
   endfacet
   facet normal 0 0 1
      outer loop
         vertex -46.5847253799438 -8.62068962305784 81.5000012516975
         vertex -46.5847253799438 -5.17241377383471 81.5000012516975
         vertex -49.7845374047756 -4.97839227318764 81.5000012516975
      endloop
   endfacet
   facet normal 0 0 1
      outer loop
         vertex -39.6881736814976 -12.068965472281 81.5000012516975
         vertex -43.1364476680756 -12.068965472281 81.5000012516975
         vertex -39.6881736814976 -15.5172413215041 81.5000012516975
      endloop
   endfacet
   facet normal 0 0 1
      outer loop
         vertex 43.0704466998577 -15.5172413215041 81.5000012516975
         vertex 43.0704466998577 -12.068965472281 81.5000012516975
         vertex 39.6221727132797 -12.068965472281 81.5000012516975
      endloop
   endfacet
   facet normal 0 0 1
      outer loop
         vertex 39.6221727132797 -12.068965472281 81.5000012516975
         vertex 43.0704466998577 -12.068965472281 81.5000012516975
         vertex 39.6221727132797 -8.62068962305784 81.5000012516975
      endloop
   endfacet
   facet normal 0 0 1
      outer loop
         vertex 43.0704466998577 -18.9655181020498 81.5000012516975
         vertex 43.0704466998577 -15.5172413215041 81.5000012516975
         vertex 39.6221727132797 -15.5172413215041 81.5000012516975
      endloop
   endfacet
   facet normal 0 0 1
      outer loop
         vertex 39.6221727132797 -15.5172413215041 81.5000012516975
         vertex 43.0704466998577 -15.5172413215041 81.5000012516975
         vertex 39.6221727132797 -12.068965472281 81.5000012516975
      endloop
   endfacet
   facet normal 0 0 1
      outer loop
         vertex 39.6221727132797 -22.413793951273 81.5000012516975
         vertex 43.0704466998577 -22.413793951273 81.5000012516975
         vertex 39.6221727132797 -18.9655181020498 81.5000012516975
      endloop
   endfacet
   facet normal 0 0 1
      outer loop
         vertex 39.6221727132797 -18.9655181020498 81.5000012516975
         vertex 43.0704466998577 -22.413793951273 81.5000012516975
         vertex 43.0704466998577 -18.9655181020498 81.5000012516975
      endloop
   endfacet
   facet normal 0 0 1
      outer loop
         vertex 39.6221727132797 -18.9655181020498 81.5000012516975
         vertex 43.0704466998577 -18.9655181020498 81.5000012516975
         vertex 39.6221727132797 -15.5172413215041 81.5000012516975
      endloop
   endfacet
   facet normal 0 0 1
      outer loop
         vertex -46.1068116128445 -19.4217395037413 81.5000012516975
         vertex -43.1364476680756 -22.413793951273 81.5000012516975
         vertex -43.1364476680756 -18.9655181020498 81.5000012516975
      endloop
   endfacet
   facet normal 0 0 1
      outer loop
         vertex -43.1364476680756 -18.9655181020498 81.5000012516975
         vertex -43.1364476680756 -22.413793951273 81.5000012516975
         vertex -39.6881736814976 -22.413793951273 81.5000012516975
      endloop
   endfacet
   facet normal 0 0 1
      outer loop
         vertex -36.2398959696293 -25.8620698004961 81.5000012516975
         vertex -39.6881736814976 -25.8620698004961 81.5000012516975
         vertex -36.2398959696293 -29.3103456497192 81.5000012516975
      endloop
   endfacet
   facet normal 0 0 1
      outer loop
         vertex -36.2398959696293 -29.3103456497192 81.5000012516975
         vertex -39.6881736814976 -25.8620698004961 81.5000012516975
         vertex -39.6881736814976 -29.3103456497192 81.5000012516975
      endloop
   endfacet
   facet normal 0 0 1
      outer loop
         vertex -36.2398959696293 -29.3103456497192 81.5000012516975
         vertex -39.6881736814976 -29.3103456497192 81.5000012516975
         vertex -38.3352227509022 -32.1393795311451 81.5000012516975
      endloop
   endfacet
   facet normal 0 0 1
      outer loop
         vertex -38.3352227509022 -32.1393795311451 81.5000012516975
         vertex -39.6881736814976 -29.3103456497192 81.5000012516975
         vertex -41.3449369370937 -28.1660035252571 81.5000012516975
      endloop
   endfacet
   facet normal 0 0 1
      outer loop
         vertex -32.7916219830513 -25.8620698004961 81.5000012516975
         vertex -36.2398959696293 -25.8620698004961 81.5000012516975
         vertex -32.7916219830513 -29.3103456497192 81.5000012516975
      endloop
   endfacet
   facet normal 0 0 1
      outer loop
         vertex -32.7916219830513 -29.3103456497192 81.5000012516975
         vertex -36.2398959696293 -25.8620698004961 81.5000012516975
         vertex -36.2398959696293 -29.3103456497192 81.5000012516975
      endloop
   endfacet
   facet normal 0 0 1
      outer loop
         vertex -32.7916219830513 -29.3103456497192 81.5000012516975
         vertex -36.2398959696293 -29.3103456497192 81.5000012516975
         vertex -32.7916219830513 -32.7586196362972 81.5000012516975
      endloop
   endfacet
   facet normal 0 0 1
      outer loop
         vertex -32.7916219830513 -32.7586196362972 81.5000012516975
         vertex -36.2398959696293 -29.3103456497192 81.5000012516975
         vertex -36.2398959696293 -32.7586196362972 81.5000012516975
      endloop
   endfacet
   facet normal 0 0 1
      outer loop
         vertex -32.7916219830513 -32.7586196362972 81.5000012516975
         vertex -36.2398959696293 -32.7586196362972 81.5000012516975
         vertex -34.9448397755623 -35.7933416962624 81.5000012516975
      endloop
   endfacet
   facet normal 0 0 1
      outer loop
         vertex -34.9448397755623 -35.7933416962624 81.5000012516975
         vertex -36.2398959696293 -32.7586196362972 81.5000012516975
         vertex -38.3352227509022 -32.1393795311451 81.5000012516975
      endloop
   endfacet
   facet normal 0 0 1
      outer loop
         vertex -29.343344271183 -25.8620698004961 81.5000012516975
         vertex -32.7916219830513 -25.8620698004961 81.5000012516975
         vertex -29.343344271183 -29.3103456497192 81.5000012516975
      endloop
   endfacet
   facet normal 0 0 1
      outer loop
         vertex -29.343344271183 -29.3103456497192 81.5000012516975
         vertex -32.7916219830513 -25.8620698004961 81.5000012516975
         vertex -32.7916219830513 -29.3103456497192 81.5000012516975
      endloop
   endfacet
   facet normal 0 0 1
      outer loop
         vertex -29.343344271183 -29.3103456497192 81.5000012516975
         vertex -32.7916219830513 -29.3103456497192 81.5000012516975
         vertex -29.343344271183 -32.7586196362972 81.5000012516975
      endloop
   endfacet
   facet normal 0 0 1
      outer loop
         vertex -29.343344271183 -32.7586196362972 81.5000012516975
         vertex -32.7916219830513 -29.3103456497192 81.5000012516975
         vertex -32.7916219830513 -32.7586196362972 81.5000012516975
      endloop
   endfacet
   facet normal 0 0 1
      outer loop
         vertex -29.343344271183 -32.7586196362972 81.5000012516975
         vertex -32.7916219830513 -32.7586196362972 81.5000012516975
         vertex -29.343344271183 -36.2068973481655 81.5000012516975
      endloop
   endfacet
   facet normal 0 0 1
      outer loop
         vertex -29.343344271183 -36.2068973481655 81.5000012516975
         vertex -32.7916219830513 -32.7586196362972 81.5000012516975
         vertex -32.7916219830513 -36.2068973481655 81.5000012516975
      endloop
   endfacet
   facet normal 0 0 1
      outer loop
         vertex -29.343344271183 -36.2068973481655 81.5000012516975
         vertex -32.7916219830513 -36.2068973481655 81.5000012516975
         vertex -31.2074907124043 -39.0915758907795 81.5000012516975
      endloop
   endfacet
   facet normal 0 0 1
      outer loop
         vertex -31.2074907124043 -39.0915758907795 81.5000012516975
         vertex -32.7916219830513 -36.2068973481655 81.5000012516975
         vertex -34.9448397755623 -35.7933416962624 81.5000012516975
      endloop
   endfacet
   facet normal 0 0 1
      outer loop
         vertex -25.8950684219599 -25.8620698004961 81.5000012516975
         vertex -29.343344271183 -25.8620698004961 81.5000012516975
         vertex -25.8950684219599 -29.3103456497192 81.5000012516975
      endloop
   endfacet
   facet normal 0 0 1
      outer loop
         vertex -25.8950684219599 -29.3103456497192 81.5000012516975
         vertex -29.343344271183 -25.8620698004961 81.5000012516975
         vertex -29.343344271183 -29.3103456497192 81.5000012516975
      endloop
   endfacet
   facet normal 0 0 1
      outer loop
         vertex -25.8950684219599 -29.3103456497192 81.5000012516975
         vertex -29.343344271183 -29.3103456497192 81.5000012516975
         vertex -25.8950684219599 -32.7586196362972 81.5000012516975
      endloop
   endfacet
   facet normal 0 0 1
      outer loop
         vertex -25.8950684219599 -32.7586196362972 81.5000012516975
         vertex -29.343344271183 -29.3103456497192 81.5000012516975
         vertex -29.343344271183 -32.7586196362972 81.5000012516975
      endloop
   endfacet
   facet normal 0 0 1
      outer loop
         vertex -25.8950684219599 -32.7586196362972 81.5000012516975
         vertex -29.343344271183 -32.7586196362972 81.5000012516975
         vertex -25.8950684219599 -36.2068973481655 81.5000012516975
      endloop
   endfacet
   facet normal 0 0 1
      outer loop
         vertex -25.8950684219599 -36.2068973481655 81.5000012516975
         vertex -29.343344271183 -32.7586196362972 81.5000012516975
         vertex -29.343344271183 -36.2068973481655 81.5000012516975
      endloop
   endfacet
   facet normal 0 0 1
      outer loop
         vertex -25.8950684219599 -36.2068973481655 81.5000012516975
         vertex -29.343344271183 -36.2068973481655 81.5000012516975
         vertex -25.8950684219599 -39.6551713347435 81.5000012516975
      endloop
   endfacet
   facet normal 0 0 1
      outer loop
         vertex -25.8950684219599 -39.6551713347435 81.5000012516975
         vertex -29.343344271183 -36.2068973481655 81.5000012516975
         vertex -29.343344271183 -39.6551713347435 81.5000012516975
      endloop
   endfacet
   facet normal 0 0 1
      outer loop
         vertex -25.8950684219599 -39.6551713347435 81.5000012516975
         vertex -29.343344271183 -39.6551713347435 81.5000012516975
         vertex -27.1603129804134 -42.0012958347797 81.5000012516975
      endloop
   endfacet
   facet normal 0 0 1
      outer loop
         vertex -27.1603129804134 -42.0012958347797 81.5000012516975
         vertex -29.343344271183 -39.6551713347435 81.5000012516975
         vertex -31.2074907124043 -39.0915758907795 81.5000012516975
      endloop
   endfacet
   facet normal 0 0 1
      outer loop
         vertex -22.4467925727367 -25.8620698004961 81.5000012516975
         vertex -25.8950684219599 -25.8620698004961 81.5000012516975
         vertex -22.4467925727367 -29.3103456497192 81.5000012516975
      endloop
   endfacet
   facet normal 0 0 1
      outer loop
         vertex -22.4467925727367 -29.3103456497192 81.5000012516975
         vertex -25.8950684219599 -25.8620698004961 81.5000012516975
         vertex -25.8950684219599 -29.3103456497192 81.5000012516975
      endloop
   endfacet
   facet normal 0 0 1
      outer loop
         vertex -22.4467925727367 -29.3103456497192 81.5000012516975
         vertex -25.8950684219599 -29.3103456497192 81.5000012516975
         vertex -22.4467925727367 -32.7586196362972 81.5000012516975
      endloop
   endfacet
   facet normal 0 0 1
      outer loop
         vertex -22.4467925727367 -32.7586196362972 81.5000012516975
         vertex -25.8950684219599 -29.3103456497192 81.5000012516975
         vertex -25.8950684219599 -32.7586196362972 81.5000012516975
      endloop
   endfacet
   facet normal 0 0 1
      outer loop
         vertex -22.4467925727367 -32.7586196362972 81.5000012516975
         vertex -25.8950684219599 -32.7586196362972 81.5000012516975
         vertex -22.4467925727367 -36.2068973481655 81.5000012516975
      endloop
   endfacet
   facet normal 0 0 1
      outer loop
         vertex -22.4467925727367 -36.2068973481655 81.5000012516975
         vertex -25.8950684219599 -32.7586196362972 81.5000012516975
         vertex -25.8950684219599 -36.2068973481655 81.5000012516975
      endloop
   endfacet
   facet normal 0 0 1
      outer loop
         vertex -22.4467925727367 -36.2068973481655 81.5000012516975
         vertex -25.8950684219599 -36.2068973481655 81.5000012516975
         vertex -22.4467925727367 -39.6551713347435 81.5000012516975
      endloop
   endfacet
   facet normal 0 0 1
      outer loop
         vertex -22.4467925727367 -39.6551713347435 81.5000012516975
         vertex -25.8950684219599 -36.2068973481655 81.5000012516975
         vertex -25.8950684219599 -39.6551713347435 81.5000012516975
      endloop
   endfacet
   facet normal 0 0 1
      outer loop
         vertex -22.4467925727367 -39.6551713347435 81.5000012516975
         vertex -25.8950684219599 -39.6551713347435 81.5000012516975
         vertex -22.4467925727367 -43.1034490466118 81.5000012516975
      endloop
   endfacet
   facet normal 0 0 1
      outer loop
         vertex -22.4467925727367 -43.1034490466118 81.5000012516975
         vertex -25.8950684219599 -39.6551713347435 81.5000012516975
         vertex -27.1603129804134 -42.0012958347797 81.5000012516975
      endloop
   endfacet
   facet normal 0 0 1
      outer loop
         vertex -22.4467925727367 -43.1034490466118 81.5000012516975
         vertex -27.1603129804134 -42.0012958347797 81.5000012516975
         vertex -22.8435322642326 -44.4935895502567 81.5000012516975
      endloop
   endfacet
   facet normal 0 0 1
      outer loop
         vertex -18.9985167235136 -25.8620698004961 81.5000012516975
         vertex -22.4467925727367 -25.8620698004961 81.5000012516975
         vertex -18.9985167235136 -29.3103456497192 81.5000012516975
      endloop
   endfacet
   facet normal 0 0 1
      outer loop
         vertex -18.9985167235136 -29.3103456497192 81.5000012516975
         vertex -22.4467925727367 -25.8620698004961 81.5000012516975
         vertex -22.4467925727367 -29.3103456497192 81.5000012516975
      endloop
   endfacet
   facet normal 0 0 1
      outer loop
         vertex -18.9985167235136 -29.3103456497192 81.5000012516975
         vertex -22.4467925727367 -29.3103456497192 81.5000012516975
         vertex -18.9985167235136 -32.7586196362972 81.5000012516975
      endloop
   endfacet
   facet normal 0 0 1
      outer loop
         vertex -18.9985167235136 -32.7586196362972 81.5000012516975
         vertex -22.4467925727367 -29.3103456497192 81.5000012516975
         vertex -22.4467925727367 -32.7586196362972 81.5000012516975
      endloop
   endfacet
   facet normal 0 0 1
      outer loop
         vertex -18.9985167235136 -32.7586196362972 81.5000012516975
         vertex -22.4467925727367 -32.7586196362972 81.5000012516975
         vertex -18.9985167235136 -36.2068973481655 81.5000012516975
      endloop
   endfacet
   facet normal 0 0 1
      outer loop
         vertex -18.9985167235136 -36.2068973481655 81.5000012516975
         vertex -22.4467925727367 -32.7586196362972 81.5000012516975
         vertex -22.4467925727367 -36.2068973481655 81.5000012516975
      endloop
   endfacet
   facet normal 0 0 1
      outer loop
         vertex -18.9985167235136 -36.2068973481655 81.5000012516975
         vertex -22.4467925727367 -36.2068973481655 81.5000012516975
         vertex -18.9985167235136 -39.6551713347435 81.5000012516975
      endloop
   endfacet
   facet normal 0 0 1
      outer loop
         vertex -18.9985167235136 -39.6551713347435 81.5000012516975
         vertex -22.4467925727367 -36.2068973481655 81.5000012516975
         vertex -22.4467925727367 -39.6551713347435 81.5000012516975
      endloop
   endfacet
   facet normal 0 0 1
      outer loop
         vertex -18.9985167235136 -39.6551713347435 81.5000012516975
         vertex -22.4467925727367 -39.6551713347435 81.5000012516975
         vertex -18.9985167235136 -43.1034490466118 81.5000012516975
      endloop
   endfacet
   facet normal 0 0 1
      outer loop
         vertex -18.9985167235136 -43.1034490466118 81.5000012516975
         vertex -22.4467925727367 -39.6551713347435 81.5000012516975
         vertex -22.4467925727367 -43.1034490466118 81.5000012516975
      endloop
   endfacet
   facet normal 0 0 1
      outer loop
         vertex -18.9985167235136 -43.1034490466118 81.5000012516975
         vertex -22.4467925727367 -43.1034490466118 81.5000012516975
         vertex -22.8435322642326 -44.4935895502567 81.5000012516975
      endloop
   endfacet
   facet normal 0 0 1
      outer loop
         vertex -15.550241805613 -25.8620698004961 81.5000012516975
         vertex -18.9985167235136 -25.8620698004961 81.5000012516975
         vertex -15.550241805613 -29.3103456497192 81.5000012516975
      endloop
   endfacet
   facet normal 0 0 1
      outer loop
         vertex -15.550241805613 -29.3103456497192 81.5000012516975
         vertex -18.9985167235136 -25.8620698004961 81.5000012516975
         vertex -18.9985167235136 -29.3103456497192 81.5000012516975
      endloop
   endfacet
   facet normal 0 0 1
      outer loop
         vertex -15.550241805613 -29.3103456497192 81.5000012516975
         vertex -18.9985167235136 -29.3103456497192 81.5000012516975
         vertex -15.550241805613 -32.7586196362972 81.5000012516975
      endloop
   endfacet
   facet normal 0 0 1
      outer loop
         vertex -15.550241805613 -32.7586196362972 81.5000012516975
         vertex -18.9985167235136 -29.3103456497192 81.5000012516975
         vertex -18.9985167235136 -32.7586196362972 81.5000012516975
      endloop
   endfacet
   facet normal 0 0 1
      outer loop
         vertex -15.550241805613 -32.7586196362972 81.5000012516975
         vertex -18.9985167235136 -32.7586196362972 81.5000012516975
         vertex -15.550241805613 -36.2068973481655 81.5000012516975
      endloop
   endfacet
   facet normal 0 0 1
      outer loop
         vertex -15.550241805613 -36.2068973481655 81.5000012516975
         vertex -18.9985167235136 -32.7586196362972 81.5000012516975
         vertex -18.9985167235136 -36.2068973481655 81.5000012516975
      endloop
   endfacet
   facet normal 0 0 1
      outer loop
         vertex -15.550241805613 -36.2068973481655 81.5000012516975
         vertex -18.9985167235136 -36.2068973481655 81.5000012516975
         vertex -15.550241805613 -39.6551713347435 81.5000012516975
      endloop
   endfacet
   facet normal 0 0 1
      outer loop
         vertex -15.550241805613 -39.6551713347435 81.5000012516975
         vertex -18.9985167235136 -36.2068973481655 81.5000012516975
         vertex -18.9985167235136 -39.6551713347435 81.5000012516975
      endloop
   endfacet
   facet normal 0 0 1
      outer loop
         vertex -15.550241805613 -39.6551713347435 81.5000012516975
         vertex -18.9985167235136 -39.6551713347435 81.5000012516975
         vertex -15.550241805613 -43.1034490466118 81.5000012516975
      endloop
   endfacet
   facet normal 0 0 1
      outer loop
         vertex -15.550241805613 -43.1034490466118 81.5000012516975
         vertex -18.9985167235136 -39.6551713347435 81.5000012516975
         vertex -18.9985167235136 -43.1034490466118 81.5000012516975
      endloop
   endfacet
   facet normal 0 0 1
      outer loop
         vertex -15.550241805613 -43.1034490466118 81.5000012516975
         vertex -18.9985167235136 -43.1034490466118 81.5000012516975
         vertex -18.3000508695841 -46.543687582016 81.5000012516975
      endloop
   endfacet
   facet normal 0 0 1
      outer loop
         vertex -18.3000508695841 -46.543687582016 81.5000012516975
         vertex -18.9985167235136 -43.1034490466118 81.5000012516975
         vertex -22.8435322642326 -44.4935895502567 81.5000012516975
      endloop
   endfacet
   facet normal 0 0 1
      outer loop
         vertex -12.1019659563899 -25.8620698004961 81.5000012516975
         vertex -15.550241805613 -25.8620698004961 81.5000012516975
         vertex -12.1019659563899 -29.3103456497192 81.5000012516975
      endloop
   endfacet
   facet normal 0 0 1
      outer loop
         vertex -12.1019659563899 -29.3103456497192 81.5000012516975
         vertex -15.550241805613 -25.8620698004961 81.5000012516975
         vertex -15.550241805613 -29.3103456497192 81.5000012516975
      endloop
   endfacet
   facet normal 0 0 1
      outer loop
         vertex -12.1019659563899 -29.3103456497192 81.5000012516975
         vertex -15.550241805613 -29.3103456497192 81.5000012516975
         vertex -12.1019659563899 -32.7586196362972 81.5000012516975
      endloop
   endfacet
   facet normal 0 0 1
      outer loop
         vertex -12.1019659563899 -32.7586196362972 81.5000012516975
         vertex -15.550241805613 -29.3103456497192 81.5000012516975
         vertex -15.550241805613 -32.7586196362972 81.5000012516975
      endloop
   endfacet
   facet normal 0 0 1
      outer loop
         vertex -12.1019659563899 -32.7586196362972 81.5000012516975
         vertex -15.550241805613 -32.7586196362972 81.5000012516975
         vertex -12.1019659563899 -36.2068973481655 81.5000012516975
      endloop
   endfacet
   facet normal 0 0 1
      outer loop
         vertex -12.1019659563899 -36.2068973481655 81.5000012516975
         vertex -15.550241805613 -32.7586196362972 81.5000012516975
         vertex -15.550241805613 -36.2068973481655 81.5000012516975
      endloop
   endfacet
   facet normal 0 0 1
      outer loop
         vertex -12.1019659563899 -36.2068973481655 81.5000012516975
         vertex -15.550241805613 -36.2068973481655 81.5000012516975
         vertex -12.1019659563899 -39.6551713347435 81.5000012516975
      endloop
   endfacet
   facet normal 0 0 1
      outer loop
         vertex -12.1019659563899 -39.6551713347435 81.5000012516975
         vertex -15.550241805613 -36.2068973481655 81.5000012516975
         vertex -15.550241805613 -39.6551713347435 81.5000012516975
      endloop
   endfacet
   facet normal 0 0 1
      outer loop
         vertex -12.1019659563899 -39.6551713347435 81.5000012516975
         vertex -15.550241805613 -39.6551713347435 81.5000012516975
         vertex -12.1019659563899 -43.1034490466118 81.5000012516975
      endloop
   endfacet
   facet normal 0 0 1
      outer loop
         vertex -12.1019659563899 -43.1034490466118 81.5000012516975
         vertex -15.550241805613 -39.6551713347435 81.5000012516975
         vertex -15.550241805613 -43.1034490466118 81.5000012516975
      endloop
   endfacet
   facet normal 0 0 1
      outer loop
         vertex -12.1019659563899 -43.1034490466118 81.5000012516975
         vertex -15.550241805613 -43.1034490466118 81.5000012516975
         vertex -12.1019659563899 -46.5517230331898 81.5000012516975
      endloop
   endfacet
   facet normal 0 0 1
      outer loop
         vertex -12.1019659563899 -46.5517230331898 81.5000012516975
         vertex -15.550241805613 -43.1034490466118 81.5000012516975
         vertex -15.550241805613 -46.5517230331898 81.5000012516975
      endloop
   endfacet
   facet normal 0 0 1
      outer loop
         vertex -12.1019659563899 -46.5517230331898 81.5000012516975
         vertex -15.550241805613 -46.5517230331898 81.5000012516975
         vertex -13.5750230401754 -48.1312125921249 81.5000012516975
      endloop
   endfacet
   facet normal 0 0 1
      outer loop
         vertex -13.5750230401754 -48.1312125921249 81.5000012516975
         vertex -15.550241805613 -46.5517230331898 81.5000012516975
         vertex -18.3000508695841 -46.543687582016 81.5000012516975
      endloop
   endfacet
   facet normal 0 0 1
      outer loop
         vertex -8.65369010716677 -25.8620698004961 81.5000012516975
         vertex -12.1019659563899 -25.8620698004961 81.5000012516975
         vertex -8.65369010716677 -29.3103456497192 81.5000012516975
      endloop
   endfacet
   facet normal 0 0 1
      outer loop
         vertex -8.65369010716677 -29.3103456497192 81.5000012516975
         vertex -12.1019659563899 -25.8620698004961 81.5000012516975
         vertex -12.1019659563899 -29.3103456497192 81.5000012516975
      endloop
   endfacet
   facet normal 0 0 1
      outer loop
         vertex -8.65369010716677 -29.3103456497192 81.5000012516975
         vertex -12.1019659563899 -29.3103456497192 81.5000012516975
         vertex -8.65369010716677 -32.7586196362972 81.5000012516975
      endloop
   endfacet
   facet normal 0 0 1
      outer loop
         vertex -8.65369010716677 -32.7586196362972 81.5000012516975
         vertex -12.1019659563899 -29.3103456497192 81.5000012516975
         vertex -12.1019659563899 -32.7586196362972 81.5000012516975
      endloop
   endfacet
   facet normal 0 0 1
      outer loop
         vertex -8.65369010716677 -32.7586196362972 81.5000012516975
         vertex -12.1019659563899 -32.7586196362972 81.5000012516975
         vertex -8.65369010716677 -36.2068973481655 81.5000012516975
      endloop
   endfacet
   facet normal 0 0 1
      outer loop
         vertex -8.65369010716677 -36.2068973481655 81.5000012516975
         vertex -12.1019659563899 -32.7586196362972 81.5000012516975
         vertex -12.1019659563899 -36.2068973481655 81.5000012516975
      endloop
   endfacet
   facet normal 0 0 1
      outer loop
         vertex -8.65369010716677 -36.2068973481655 81.5000012516975
         vertex -12.1019659563899 -36.2068973481655 81.5000012516975
         vertex -8.65369010716677 -39.6551713347435 81.5000012516975
      endloop
   endfacet
   facet normal 0 0 1
      outer loop
         vertex -8.65369010716677 -39.6551713347435 81.5000012516975
         vertex -12.1019659563899 -36.2068973481655 81.5000012516975
         vertex -12.1019659563899 -39.6551713347435 81.5000012516975
      endloop
   endfacet
   facet normal 0 0 1
      outer loop
         vertex -8.65369010716677 -39.6551713347435 81.5000012516975
         vertex -12.1019659563899 -39.6551713347435 81.5000012516975
         vertex -8.65369010716677 -43.1034490466118 81.5000012516975
      endloop
   endfacet
   facet normal 0 0 1
      outer loop
         vertex -8.65369010716677 -43.1034490466118 81.5000012516975
         vertex -12.1019659563899 -39.6551713347435 81.5000012516975
         vertex -12.1019659563899 -43.1034490466118 81.5000012516975
      endloop
   endfacet
   facet normal 0 0 1
      outer loop
         vertex -8.65369010716677 -43.1034490466118 81.5000012516975
         vertex -12.1019659563899 -43.1034490466118 81.5000012516975
         vertex -8.65369010716677 -46.5517230331898 81.5000012516975
      endloop
   endfacet
   facet normal 0 0 1
      outer loop
         vertex -8.65369010716677 -46.5517230331898 81.5000012516975
         vertex -12.1019659563899 -43.1034490466118 81.5000012516975
         vertex -12.1019659563899 -46.5517230331898 81.5000012516975
      endloop
   endfacet
   facet normal 0 0 1
      outer loop
         vertex -8.65369010716677 -46.5517230331898 81.5000012516975
         vertex -12.1019659563899 -46.5517230331898 81.5000012516975
         vertex -8.71540885418653 -49.2403879761696 81.5000012516975
      endloop
   endfacet
   facet normal 0 0 1
      outer loop
         vertex -8.71540885418653 -49.2403879761696 81.5000012516975
         vertex -12.1019659563899 -46.5517230331898 81.5000012516975
         vertex -13.5750230401754 -48.1312125921249 81.5000012516975
      endloop
   endfacet
   facet normal 0 0 1
      outer loop
         vertex -5.20541379228234 -25.8620698004961 81.5000012516975
         vertex -8.65369010716677 -25.8620698004961 81.5000012516975
         vertex -5.20541379228234 -29.3103456497192 81.5000012516975
      endloop
   endfacet
   facet normal 0 0 1
      outer loop
         vertex -5.20541379228234 -29.3103456497192 81.5000012516975
         vertex -8.65369010716677 -25.8620698004961 81.5000012516975
         vertex -8.65369010716677 -29.3103456497192 81.5000012516975
      endloop
   endfacet
   facet normal 0 0 1
      outer loop
         vertex -5.20541379228234 -29.3103456497192 81.5000012516975
         vertex -8.65369010716677 -29.3103456497192 81.5000012516975
         vertex -5.20541379228234 -32.7586196362972 81.5000012516975
      endloop
   endfacet
   facet normal 0 0 1
      outer loop
         vertex -5.20541379228234 -32.7586196362972 81.5000012516975
         vertex -8.65369010716677 -29.3103456497192 81.5000012516975
         vertex -8.65369010716677 -32.7586196362972 81.5000012516975
      endloop
   endfacet
   facet normal 0 0 1
      outer loop
         vertex -5.20541379228234 -32.7586196362972 81.5000012516975
         vertex -8.65369010716677 -32.7586196362972 81.5000012516975
         vertex -5.20541379228234 -36.2068973481655 81.5000012516975
      endloop
   endfacet
   facet normal 0 0 1
      outer loop
         vertex -5.20541379228234 -36.2068973481655 81.5000012516975
         vertex -8.65369010716677 -32.7586196362972 81.5000012516975
         vertex -8.65369010716677 -36.2068973481655 81.5000012516975
      endloop
   endfacet
   facet normal 0 0 1
      outer loop
         vertex -5.20541379228234 -36.2068973481655 81.5000012516975
         vertex -8.65369010716677 -36.2068973481655 81.5000012516975
         vertex -5.20541379228234 -39.6551713347435 81.5000012516975
      endloop
   endfacet
   facet normal 0 0 1
      outer loop
         vertex -5.20541379228234 -39.6551713347435 81.5000012516975
         vertex -8.65369010716677 -36.2068973481655 81.5000012516975
         vertex -8.65369010716677 -39.6551713347435 81.5000012516975
      endloop
   endfacet
   facet normal 0 0 1
      outer loop
         vertex -5.20541379228234 -39.6551713347435 81.5000012516975
         vertex -8.65369010716677 -39.6551713347435 81.5000012516975
         vertex -5.20541379228234 -43.1034490466118 81.5000012516975
      endloop
   endfacet
   facet normal 0 0 1
      outer loop
         vertex -5.20541379228234 -43.1034490466118 81.5000012516975
         vertex -8.65369010716677 -39.6551713347435 81.5000012516975
         vertex -8.65369010716677 -43.1034490466118 81.5000012516975
      endloop
   endfacet
   facet normal 0 0 1
      outer loop
         vertex -5.20541379228234 -43.1034490466118 81.5000012516975
         vertex -8.65369010716677 -43.1034490466118 81.5000012516975
         vertex -5.20541379228234 -46.5517230331898 81.5000012516975
      endloop
   endfacet
   facet normal 0 0 1
      outer loop
         vertex -5.20541379228234 -46.5517230331898 81.5000012516975
         vertex -8.65369010716677 -43.1034490466118 81.5000012516975
         vertex -8.65369010716677 -46.5517230331898 81.5000012516975
      endloop
   endfacet
   facet normal 0 0 1
      outer loop
         vertex -5.20541379228234 -46.5517230331898 81.5000012516975
         vertex -8.65369010716677 -46.5517230331898 81.5000012516975
         vertex -8.71540885418653 -49.2403879761696 81.5000012516975
      endloop
   endfacet
   facet normal 0 0 1
      outer loop
         vertex -1.75713794305921 -25.8620698004961 81.5000012516975
         vertex -5.20541379228234 -25.8620698004961 81.5000012516975
         vertex -1.75713794305921 -29.3103456497192 81.5000012516975
      endloop
   endfacet
   facet normal 0 0 1
      outer loop
         vertex -1.75713794305921 -29.3103456497192 81.5000012516975
         vertex -5.20541379228234 -25.8620698004961 81.5000012516975
         vertex -5.20541379228234 -29.3103456497192 81.5000012516975
      endloop
   endfacet
   facet normal 0 0 1
      outer loop
         vertex -1.75713794305921 -29.3103456497192 81.5000012516975
         vertex -5.20541379228234 -29.3103456497192 81.5000012516975
         vertex -1.75713794305921 -32.7586196362972 81.5000012516975
      endloop
   endfacet
   facet normal 0 0 1
      outer loop
         vertex -1.75713794305921 -32.7586196362972 81.5000012516975
         vertex -5.20541379228234 -29.3103456497192 81.5000012516975
         vertex -5.20541379228234 -32.7586196362972 81.5000012516975
      endloop
   endfacet
   facet normal 0 0 1
      outer loop
         vertex -1.75713794305921 -32.7586196362972 81.5000012516975
         vertex -5.20541379228234 -32.7586196362972 81.5000012516975
         vertex -1.75713794305921 -36.2068973481655 81.5000012516975
      endloop
   endfacet
   facet normal 0 0 1
      outer loop
         vertex -1.75713794305921 -36.2068973481655 81.5000012516975
         vertex -5.20541379228234 -32.7586196362972 81.5000012516975
         vertex -5.20541379228234 -36.2068973481655 81.5000012516975
      endloop
   endfacet
   facet normal 0 0 1
      outer loop
         vertex -1.75713794305921 -36.2068973481655 81.5000012516975
         vertex -5.20541379228234 -36.2068973481655 81.5000012516975
         vertex -1.75713794305921 -39.6551713347435 81.5000012516975
      endloop
   endfacet
   facet normal 0 0 1
      outer loop
         vertex -1.75713794305921 -39.6551713347435 81.5000012516975
         vertex -5.20541379228234 -36.2068973481655 81.5000012516975
         vertex -5.20541379228234 -39.6551713347435 81.5000012516975
      endloop
   endfacet
   facet normal 0 0 1
      outer loop
         vertex -1.75713794305921 -39.6551713347435 81.5000012516975
         vertex -5.20541379228234 -39.6551713347435 81.5000012516975
         vertex -1.75713794305921 -43.1034490466118 81.5000012516975
      endloop
   endfacet
   facet normal 0 0 1
      outer loop
         vertex -1.75713794305921 -43.1034490466118 81.5000012516975
         vertex -5.20541379228234 -39.6551713347435 81.5000012516975
         vertex -5.20541379228234 -43.1034490466118 81.5000012516975
      endloop
   endfacet
   facet normal 0 0 1
      outer loop
         vertex -1.75713794305921 -43.1034490466118 81.5000012516975
         vertex -5.20541379228234 -43.1034490466118 81.5000012516975
         vertex -1.75713794305921 -46.5517230331898 81.5000012516975
      endloop
   endfacet
   facet normal 0 0 1
      outer loop
         vertex -1.75713794305921 -46.5517230331898 81.5000012516975
         vertex -5.20541379228234 -43.1034490466118 81.5000012516975
         vertex -5.20541379228234 -46.5517230331898 81.5000012516975
      endloop
   endfacet
   facet normal 0 0 1
      outer loop
         vertex -1.75713794305921 -46.5517230331898 81.5000012516975
         vertex -5.20541379228234 -46.5517230331898 81.5000012516975
         vertex -3.76950460486114 -49.8601906001568 81.5000012516975
      endloop
   endfacet
   facet normal 0 0 1
      outer loop
         vertex -3.76950460486114 -49.8601906001568 81.5000012516975
         vertex -5.20541379228234 -46.5517230331898 81.5000012516975
         vertex -8.71540885418653 -49.2403879761696 81.5000012516975
      endloop
   endfacet
   facet normal 0 0 1
      outer loop
         vertex 1.69113790616393 -25.8620698004961 81.5000012516975
         vertex -1.75713794305921 -25.8620698004961 81.5000012516975
         vertex 1.69113790616393 -29.3103456497192 81.5000012516975
      endloop
   endfacet
   facet normal 0 0 1
      outer loop
         vertex 1.69113790616393 -29.3103456497192 81.5000012516975
         vertex -1.75713794305921 -25.8620698004961 81.5000012516975
         vertex -1.75713794305921 -29.3103456497192 81.5000012516975
      endloop
   endfacet
   facet normal 0 0 1
      outer loop
         vertex 1.69113790616393 -29.3103456497192 81.5000012516975
         vertex -1.75713794305921 -29.3103456497192 81.5000012516975
         vertex 1.69113790616393 -32.7586196362972 81.5000012516975
      endloop
   endfacet
   facet normal 0 0 1
      outer loop
         vertex 1.69113790616393 -32.7586196362972 81.5000012516975
         vertex -1.75713794305921 -29.3103456497192 81.5000012516975
         vertex -1.75713794305921 -32.7586196362972 81.5000012516975
      endloop
   endfacet
   facet normal 0 0 1
      outer loop
         vertex 1.69113790616393 -32.7586196362972 81.5000012516975
         vertex -1.75713794305921 -32.7586196362972 81.5000012516975
         vertex 1.69113790616393 -36.2068973481655 81.5000012516975
      endloop
   endfacet
   facet normal 0 0 1
      outer loop
         vertex 1.69113790616393 -36.2068973481655 81.5000012516975
         vertex -1.75713794305921 -32.7586196362972 81.5000012516975
         vertex -1.75713794305921 -36.2068973481655 81.5000012516975
      endloop
   endfacet
   facet normal 0 0 1
      outer loop
         vertex 1.69113790616393 -36.2068973481655 81.5000012516975
         vertex -1.75713794305921 -36.2068973481655 81.5000012516975
         vertex 1.69113790616393 -39.6551713347435 81.5000012516975
      endloop
   endfacet
   facet normal 0 0 1
      outer loop
         vertex 1.69113790616393 -39.6551713347435 81.5000012516975
         vertex -1.75713794305921 -36.2068973481655 81.5000012516975
         vertex -1.75713794305921 -39.6551713347435 81.5000012516975
      endloop
   endfacet
   facet normal 0 0 1
      outer loop
         vertex 1.69113790616393 -39.6551713347435 81.5000012516975
         vertex -1.75713794305921 -39.6551713347435 81.5000012516975
         vertex 1.69113790616393 -43.1034490466118 81.5000012516975
      endloop
   endfacet
   facet normal 0 0 1
      outer loop
         vertex 1.69113790616393 -43.1034490466118 81.5000012516975
         vertex -1.75713794305921 -39.6551713347435 81.5000012516975
         vertex -1.75713794305921 -43.1034490466118 81.5000012516975
      endloop
   endfacet
   facet normal 0 0 1
      outer loop
         vertex 1.69113790616393 -43.1034490466118 81.5000012516975
         vertex -1.75713794305921 -43.1034490466118 81.5000012516975
         vertex 1.69113790616393 -46.5517230331898 81.5000012516975
      endloop
   endfacet
   facet normal 0 0 1
      outer loop
         vertex 1.69113790616393 -46.5517230331898 81.5000012516975
         vertex -1.75713794305921 -43.1034490466118 81.5000012516975
         vertex -1.75713794305921 -46.5517230331898 81.5000012516975
      endloop
   endfacet
   facet normal 0 0 1
      outer loop
         vertex 1.69113790616393 -46.5517230331898 81.5000012516975
         vertex -1.75713794305921 -46.5517230331898 81.5000012516975
         vertex 1.21353461872786 -49.9844588339329 81.5000012516975
      endloop
   endfacet
   facet normal 0 0 1
      outer loop
         vertex 1.21353461872786 -49.9844588339329 81.5000012516975
         vertex -1.75713794305921 -46.5517230331898 81.5000012516975
         vertex -3.76950460486114 -49.8601906001568 81.5000012516975
      endloop
   endfacet
   facet normal 0 0 1
      outer loop
         vertex 5.13941375538707 -25.8620698004961 81.5000012516975
         vertex 1.69113790616393 -25.8620698004961 81.5000012516975
         vertex 5.13941375538707 -29.3103456497192 81.5000012516975
      endloop
   endfacet
   facet normal 0 0 1
      outer loop
         vertex 5.13941375538707 -29.3103456497192 81.5000012516975
         vertex 1.69113790616393 -25.8620698004961 81.5000012516975
         vertex 1.69113790616393 -29.3103456497192 81.5000012516975
      endloop
   endfacet
   facet normal 0 0 1
      outer loop
         vertex 5.13941375538707 -29.3103456497192 81.5000012516975
         vertex 1.69113790616393 -29.3103456497192 81.5000012516975
         vertex 5.13941375538707 -32.7586196362972 81.5000012516975
      endloop
   endfacet
   facet normal 0 0 1
      outer loop
         vertex 5.13941375538707 -32.7586196362972 81.5000012516975
         vertex 1.69113790616393 -29.3103456497192 81.5000012516975
         vertex 1.69113790616393 -32.7586196362972 81.5000012516975
      endloop
   endfacet
   facet normal 0 0 1
      outer loop
         vertex 5.13941375538707 -32.7586196362972 81.5000012516975
         vertex 1.69113790616393 -32.7586196362972 81.5000012516975
         vertex 5.13941375538707 -36.2068973481655 81.5000012516975
      endloop
   endfacet
   facet normal 0 0 1
      outer loop
         vertex 5.13941375538707 -36.2068973481655 81.5000012516975
         vertex 1.69113790616393 -32.7586196362972 81.5000012516975
         vertex 1.69113790616393 -36.2068973481655 81.5000012516975
      endloop
   endfacet
   facet normal 0 0 1
      outer loop
         vertex 5.13941375538707 -36.2068973481655 81.5000012516975
         vertex 1.69113790616393 -36.2068973481655 81.5000012516975
         vertex 5.13941375538707 -39.6551713347435 81.5000012516975
      endloop
   endfacet
   facet normal 0 0 1
      outer loop
         vertex 5.13941375538707 -39.6551713347435 81.5000012516975
         vertex 1.69113790616393 -36.2068973481655 81.5000012516975
         vertex 1.69113790616393 -39.6551713347435 81.5000012516975
      endloop
   endfacet
   facet normal 0 0 1
      outer loop
         vertex 5.13941375538707 -39.6551713347435 81.5000012516975
         vertex 1.69113790616393 -39.6551713347435 81.5000012516975
         vertex 5.13941375538707 -43.1034490466118 81.5000012516975
      endloop
   endfacet
   facet normal 0 0 1
      outer loop
         vertex 5.13941375538707 -43.1034490466118 81.5000012516975
         vertex 1.69113790616393 -39.6551713347435 81.5000012516975
         vertex 1.69113790616393 -43.1034490466118 81.5000012516975
      endloop
   endfacet
   facet normal 0 0 1
      outer loop
         vertex 5.13941375538707 -43.1034490466118 81.5000012516975
         vertex 1.69113790616393 -43.1034490466118 81.5000012516975
         vertex 5.13941375538707 -46.5517230331898 81.5000012516975
      endloop
   endfacet
   facet normal 0 0 1
      outer loop
         vertex 5.13941375538707 -46.5517230331898 81.5000012516975
         vertex 1.69113790616393 -43.1034490466118 81.5000012516975
         vertex 1.69113790616393 -46.5517230331898 81.5000012516975
      endloop
   endfacet
   facet normal 0 0 1
      outer loop
         vertex 5.13941375538707 -46.5517230331898 81.5000012516975
         vertex 1.69113790616393 -46.5517230331898 81.5000012516975
         vertex 1.21353461872786 -49.9844588339329 81.5000012516975
      endloop
   endfacet
   facet normal 0 0 1
      outer loop
         vertex 8.58769007027149 -25.8620698004961 81.5000012516975
         vertex 5.13941375538707 -25.8620698004961 81.5000012516975
         vertex 8.58769007027149 -29.3103456497192 81.5000012516975
      endloop
   endfacet
   facet normal 0 0 1
      outer loop
         vertex 8.58769007027149 -29.3103456497192 81.5000012516975
         vertex 5.13941375538707 -25.8620698004961 81.5000012516975
         vertex 5.13941375538707 -29.3103456497192 81.5000012516975
      endloop
   endfacet
   facet normal 0 0 1
      outer loop
         vertex 8.58769007027149 -29.3103456497192 81.5000012516975
         vertex 5.13941375538707 -29.3103456497192 81.5000012516975
         vertex 8.58769007027149 -32.7586196362972 81.5000012516975
      endloop
   endfacet
   facet normal 0 0 1
      outer loop
         vertex 8.58769007027149 -32.7586196362972 81.5000012516975
         vertex 5.13941375538707 -29.3103456497192 81.5000012516975
         vertex 5.13941375538707 -32.7586196362972 81.5000012516975
      endloop
   endfacet
   facet normal 0 0 1
      outer loop
         vertex 8.58769007027149 -32.7586196362972 81.5000012516975
         vertex 5.13941375538707 -32.7586196362972 81.5000012516975
         vertex 8.58769007027149 -36.2068973481655 81.5000012516975
      endloop
   endfacet
   facet normal 0 0 1
      outer loop
         vertex 8.58769007027149 -36.2068973481655 81.5000012516975
         vertex 5.13941375538707 -32.7586196362972 81.5000012516975
         vertex 5.13941375538707 -36.2068973481655 81.5000012516975
      endloop
   endfacet
   facet normal 0 0 1
      outer loop
         vertex 8.58769007027149 -36.2068973481655 81.5000012516975
         vertex 5.13941375538707 -36.2068973481655 81.5000012516975
         vertex 8.58769007027149 -39.6551713347435 81.5000012516975
      endloop
   endfacet
   facet normal 0 0 1
      outer loop
         vertex 8.58769007027149 -39.6551713347435 81.5000012516975
         vertex 5.13941375538707 -36.2068973481655 81.5000012516975
         vertex 5.13941375538707 -39.6551713347435 81.5000012516975
      endloop
   endfacet
   facet normal 0 0 1
      outer loop
         vertex 8.58769007027149 -39.6551713347435 81.5000012516975
         vertex 5.13941375538707 -39.6551713347435 81.5000012516975
         vertex 8.58769007027149 -43.1034490466118 81.5000012516975
      endloop
   endfacet
   facet normal 0 0 1
      outer loop
         vertex 8.58769007027149 -43.1034490466118 81.5000012516975
         vertex 5.13941375538707 -39.6551713347435 81.5000012516975
         vertex 5.13941375538707 -43.1034490466118 81.5000012516975
      endloop
   endfacet
   facet normal 0 0 1
      outer loop
         vertex 8.58769007027149 -43.1034490466118 81.5000012516975
         vertex 5.13941375538707 -43.1034490466118 81.5000012516975
         vertex 8.58769007027149 -46.5517230331898 81.5000012516975
      endloop
   endfacet
   facet normal 0 0 1
      outer loop
         vertex 8.58769007027149 -46.5517230331898 81.5000012516975
         vertex 5.13941375538707 -43.1034490466118 81.5000012516975
         vertex 5.13941375538707 -46.5517230331898 81.5000012516975
      endloop
   endfacet
   facet normal 0 0 1
      outer loop
         vertex 8.58769007027149 -46.5517230331898 81.5000012516975
         vertex 5.13941375538707 -46.5517230331898 81.5000012516975
         vertex 6.18418538942933 -49.6119596064091 81.5000012516975
      endloop
   endfacet
   facet normal 0 0 1
      outer loop
         vertex 6.18418538942933 -49.6119596064091 81.5000012516975
         vertex 5.13941375538707 -46.5517230331898 81.5000012516975
         vertex 1.21353461872786 -49.9844588339329 81.5000012516975
      endloop
   endfacet
   facet normal 0 0 1
      outer loop
         vertex 12.0359659194946 -25.8620698004961 81.5000012516975
         vertex 8.58769007027149 -25.8620698004961 81.5000012516975
         vertex 12.0359659194946 -29.3103456497192 81.5000012516975
      endloop
   endfacet
   facet normal 0 0 1
      outer loop
         vertex 12.0359659194946 -29.3103456497192 81.5000012516975
         vertex 8.58769007027149 -25.8620698004961 81.5000012516975
         vertex 8.58769007027149 -29.3103456497192 81.5000012516975
      endloop
   endfacet
   facet normal 0 0 1
      outer loop
         vertex 12.0359659194946 -29.3103456497192 81.5000012516975
         vertex 8.58769007027149 -29.3103456497192 81.5000012516975
         vertex 12.0359659194946 -32.7586196362972 81.5000012516975
      endloop
   endfacet
   facet normal 0 0 1
      outer loop
         vertex 12.0359659194946 -32.7586196362972 81.5000012516975
         vertex 8.58769007027149 -29.3103456497192 81.5000012516975
         vertex 8.58769007027149 -32.7586196362972 81.5000012516975
      endloop
   endfacet
   facet normal 0 0 1
      outer loop
         vertex 12.0359659194946 -32.7586196362972 81.5000012516975
         vertex 8.58769007027149 -32.7586196362972 81.5000012516975
         vertex 12.0359659194946 -36.2068973481655 81.5000012516975
      endloop
   endfacet
   facet normal 0 0 1
      outer loop
         vertex 12.0359659194946 -36.2068973481655 81.5000012516975
         vertex 8.58769007027149 -32.7586196362972 81.5000012516975
         vertex 8.58769007027149 -36.2068973481655 81.5000012516975
      endloop
   endfacet
   facet normal 0 0 1
      outer loop
         vertex 12.0359659194946 -36.2068973481655 81.5000012516975
         vertex 8.58769007027149 -36.2068973481655 81.5000012516975
         vertex 12.0359659194946 -39.6551713347435 81.5000012516975
      endloop
   endfacet
   facet normal 0 0 1
      outer loop
         vertex 12.0359659194946 -39.6551713347435 81.5000012516975
         vertex 8.58769007027149 -36.2068973481655 81.5000012516975
         vertex 8.58769007027149 -39.6551713347435 81.5000012516975
      endloop
   endfacet
   facet normal 0 0 1
      outer loop
         vertex 12.0359659194946 -39.6551713347435 81.5000012516975
         vertex 8.58769007027149 -39.6551713347435 81.5000012516975
         vertex 12.0359659194946 -43.1034490466118 81.5000012516975
      endloop
   endfacet
   facet normal 0 0 1
      outer loop
         vertex 12.0359659194946 -43.1034490466118 81.5000012516975
         vertex 8.58769007027149 -39.6551713347435 81.5000012516975
         vertex 8.58769007027149 -43.1034490466118 81.5000012516975
      endloop
   endfacet
   facet normal 0 0 1
      outer loop
         vertex 12.0359659194946 -43.1034490466118 81.5000012516975
         vertex 8.58769007027149 -43.1034490466118 81.5000012516975
         vertex 12.0359659194946 -46.5517230331898 81.5000012516975
      endloop
   endfacet
   facet normal 0 0 1
      outer loop
         vertex 12.0359659194946 -46.5517230331898 81.5000012516975
         vertex 8.58769007027149 -43.1034490466118 81.5000012516975
         vertex 8.58769007027149 -46.5517230331898 81.5000012516975
      endloop
   endfacet
   facet normal 0 0 1
      outer loop
         vertex 12.0359659194946 -46.5517230331898 81.5000012516975
         vertex 8.58769007027149 -46.5517230331898 81.5000012516975
         vertex 11.09304651618 -48.746395856142 81.5000012516975
      endloop
   endfacet
   facet normal 0 0 1
      outer loop
         vertex 11.09304651618 -48.746395856142 81.5000012516975
         vertex 8.58769007027149 -46.5517230331898 81.5000012516975
         vertex 6.18418538942933 -49.6119596064091 81.5000012516975
      endloop
   endfacet
   facet normal 0 0 1
      outer loop
         vertex 15.4842417687178 -25.8620698004961 81.5000012516975
         vertex 12.0359659194946 -25.8620698004961 81.5000012516975
         vertex 15.4842417687178 -29.3103456497192 81.5000012516975
      endloop
   endfacet
   facet normal 0 0 1
      outer loop
         vertex 15.4842417687178 -29.3103456497192 81.5000012516975
         vertex 12.0359659194946 -25.8620698004961 81.5000012516975
         vertex 12.0359659194946 -29.3103456497192 81.5000012516975
      endloop
   endfacet
   facet normal 0 0 1
      outer loop
         vertex 15.4842417687178 -29.3103456497192 81.5000012516975
         vertex 12.0359659194946 -29.3103456497192 81.5000012516975
         vertex 15.4842417687178 -32.7586196362972 81.5000012516975
      endloop
   endfacet
   facet normal 0 0 1
      outer loop
         vertex 15.4842417687178 -32.7586196362972 81.5000012516975
         vertex 12.0359659194946 -29.3103456497192 81.5000012516975
         vertex 12.0359659194946 -32.7586196362972 81.5000012516975
      endloop
   endfacet
   facet normal 0 0 1
      outer loop
         vertex 15.4842417687178 -32.7586196362972 81.5000012516975
         vertex 12.0359659194946 -32.7586196362972 81.5000012516975
         vertex 15.4842417687178 -36.2068973481655 81.5000012516975
      endloop
   endfacet
   facet normal 0 0 1
      outer loop
         vertex 15.4842417687178 -36.2068973481655 81.5000012516975
         vertex 12.0359659194946 -32.7586196362972 81.5000012516975
         vertex 12.0359659194946 -36.2068973481655 81.5000012516975
      endloop
   endfacet
   facet normal 0 0 1
      outer loop
         vertex 15.4842417687178 -36.2068973481655 81.5000012516975
         vertex 12.0359659194946 -36.2068973481655 81.5000012516975
         vertex 15.4842417687178 -39.6551713347435 81.5000012516975
      endloop
   endfacet
   facet normal 0 0 1
      outer loop
         vertex 15.4842417687178 -39.6551713347435 81.5000012516975
         vertex 12.0359659194946 -36.2068973481655 81.5000012516975
         vertex 12.0359659194946 -39.6551713347435 81.5000012516975
      endloop
   endfacet
   facet normal 0 0 1
      outer loop
         vertex 15.4842417687178 -39.6551713347435 81.5000012516975
         vertex 12.0359659194946 -39.6551713347435 81.5000012516975
         vertex 15.4842417687178 -43.1034490466118 81.5000012516975
      endloop
   endfacet
   facet normal 0 0 1
      outer loop
         vertex 15.4842417687178 -43.1034490466118 81.5000012516975
         vertex 12.0359659194946 -39.6551713347435 81.5000012516975
         vertex 12.0359659194946 -43.1034490466118 81.5000012516975
      endloop
   endfacet
   facet normal 0 0 1
      outer loop
         vertex 15.4842417687178 -43.1034490466118 81.5000012516975
         vertex 12.0359659194946 -43.1034490466118 81.5000012516975
         vertex 15.4842417687178 -46.5517230331898 81.5000012516975
      endloop
   endfacet
   facet normal 0 0 1
      outer loop
         vertex 15.4842417687178 -46.5517230331898 81.5000012516975
         vertex 12.0359659194946 -43.1034490466118 81.5000012516975
         vertex 12.0359659194946 -46.5517230331898 81.5000012516975
      endloop
   endfacet
   facet normal 0 0 1
      outer loop
         vertex 15.4842417687178 -46.5517230331898 81.5000012516975
         vertex 12.0359659194946 -46.5517230331898 81.5000012516975
         vertex 15.8913321793079 -47.3963655531406 81.5000012516975
      endloop
   endfacet
   facet normal 0 0 1
      outer loop
         vertex 15.8913321793079 -47.3963655531406 81.5000012516975
         vertex 12.0359659194946 -46.5517230331898 81.5000012516975
         vertex 11.09304651618 -48.746395856142 81.5000012516975
      endloop
   endfacet
   facet normal 0 0 1
      outer loop
         vertex 18.9325176179409 -25.8620698004961 81.5000012516975
         vertex 15.4842417687178 -25.8620698004961 81.5000012516975
         vertex 18.9325176179409 -29.3103456497192 81.5000012516975
      endloop
   endfacet
   facet normal 0 0 1
      outer loop
         vertex 18.9325176179409 -29.3103456497192 81.5000012516975
         vertex 15.4842417687178 -25.8620698004961 81.5000012516975
         vertex 15.4842417687178 -29.3103456497192 81.5000012516975
      endloop
   endfacet
   facet normal 0 0 1
      outer loop
         vertex 18.9325176179409 -29.3103456497192 81.5000012516975
         vertex 15.4842417687178 -29.3103456497192 81.5000012516975
         vertex 18.9325176179409 -32.7586196362972 81.5000012516975
      endloop
   endfacet
   facet normal 0 0 1
      outer loop
         vertex 18.9325176179409 -32.7586196362972 81.5000012516975
         vertex 15.4842417687178 -29.3103456497192 81.5000012516975
         vertex 15.4842417687178 -32.7586196362972 81.5000012516975
      endloop
   endfacet
   facet normal 0 0 1
      outer loop
         vertex 18.9325176179409 -32.7586196362972 81.5000012516975
         vertex 15.4842417687178 -32.7586196362972 81.5000012516975
         vertex 18.9325176179409 -36.2068973481655 81.5000012516975
      endloop
   endfacet
   facet normal 0 0 1
      outer loop
         vertex 18.9325176179409 -36.2068973481655 81.5000012516975
         vertex 15.4842417687178 -32.7586196362972 81.5000012516975
         vertex 15.4842417687178 -36.2068973481655 81.5000012516975
      endloop
   endfacet
   facet normal 0 0 1
      outer loop
         vertex 18.9325176179409 -36.2068973481655 81.5000012516975
         vertex 15.4842417687178 -36.2068973481655 81.5000012516975
         vertex 18.9325176179409 -39.6551713347435 81.5000012516975
      endloop
   endfacet
   facet normal 0 0 1
      outer loop
         vertex 18.9325176179409 -39.6551713347435 81.5000012516975
         vertex 15.4842417687178 -36.2068973481655 81.5000012516975
         vertex 15.4842417687178 -39.6551713347435 81.5000012516975
      endloop
   endfacet
   facet normal 0 0 1
      outer loop
         vertex 18.9325176179409 -39.6551713347435 81.5000012516975
         vertex 15.4842417687178 -39.6551713347435 81.5000012516975
         vertex 18.9325176179409 -43.1034490466118 81.5000012516975
      endloop
   endfacet
   facet normal 0 0 1
      outer loop
         vertex 18.9325176179409 -43.1034490466118 81.5000012516975
         vertex 15.4842417687178 -39.6551713347435 81.5000012516975
         vertex 15.4842417687178 -43.1034490466118 81.5000012516975
      endloop
   endfacet
   facet normal 0 0 1
      outer loop
         vertex 18.9325176179409 -43.1034490466118 81.5000012516975
         vertex 15.4842417687178 -43.1034490466118 81.5000012516975
         vertex 15.4842417687178 -46.5517230331898 81.5000012516975
      endloop
   endfacet
   facet normal 0 0 1
      outer loop
         vertex 22.380793467164 -25.8620698004961 81.5000012516975
         vertex 18.9325176179409 -25.8620698004961 81.5000012516975
         vertex 22.380793467164 -29.3103456497192 81.5000012516975
      endloop
   endfacet
   facet normal 0 0 1
      outer loop
         vertex 22.380793467164 -29.3103456497192 81.5000012516975
         vertex 18.9325176179409 -25.8620698004961 81.5000012516975
         vertex 18.9325176179409 -29.3103456497192 81.5000012516975
      endloop
   endfacet
   facet normal 0 0 1
      outer loop
         vertex 22.380793467164 -29.3103456497192 81.5000012516975
         vertex 18.9325176179409 -29.3103456497192 81.5000012516975
         vertex 22.380793467164 -32.7586196362972 81.5000012516975
      endloop
   endfacet
   facet normal 0 0 1
      outer loop
         vertex 22.380793467164 -32.7586196362972 81.5000012516975
         vertex 18.9325176179409 -29.3103456497192 81.5000012516975
         vertex 18.9325176179409 -32.7586196362972 81.5000012516975
      endloop
   endfacet
   facet normal 0 0 1
      outer loop
         vertex 22.380793467164 -32.7586196362972 81.5000012516975
         vertex 18.9325176179409 -32.7586196362972 81.5000012516975
         vertex 22.380793467164 -36.2068973481655 81.5000012516975
      endloop
   endfacet
   facet normal 0 0 1
      outer loop
         vertex 22.380793467164 -36.2068973481655 81.5000012516975
         vertex 18.9325176179409 -32.7586196362972 81.5000012516975
         vertex 18.9325176179409 -36.2068973481655 81.5000012516975
      endloop
   endfacet
   facet normal 0 0 1
      outer loop
         vertex 22.380793467164 -36.2068973481655 81.5000012516975
         vertex 18.9325176179409 -36.2068973481655 81.5000012516975
         vertex 22.380793467164 -39.6551713347435 81.5000012516975
      endloop
   endfacet
   facet normal 0 0 1
      outer loop
         vertex 22.380793467164 -39.6551713347435 81.5000012516975
         vertex 18.9325176179409 -36.2068973481655 81.5000012516975
         vertex 18.9325176179409 -39.6551713347435 81.5000012516975
      endloop
   endfacet
   facet normal 0 0 1
      outer loop
         vertex 22.380793467164 -39.6551713347435 81.5000012516975
         vertex 18.9325176179409 -39.6551713347435 81.5000012516975
         vertex 22.380793467164 -43.1034490466118 81.5000012516975
      endloop
   endfacet
   facet normal 0 0 1
      outer loop
         vertex 22.380793467164 -43.1034490466118 81.5000012516975
         vertex 18.9325176179409 -39.6551713347435 81.5000012516975
         vertex 18.9325176179409 -43.1034490466118 81.5000012516975
      endloop
   endfacet
   facet normal 0 0 1
      outer loop
         vertex 22.380793467164 -43.1034490466118 81.5000012516975
         vertex 18.9325176179409 -43.1034490466118 81.5000012516975
         vertex 20.5313544720411 -45.5752909183502 81.5000012516975
      endloop
   endfacet
   facet normal 0 0 1
      outer loop
         vertex 20.5313544720411 -45.5752909183502 81.5000012516975
         vertex 18.9325176179409 -43.1034490466118 81.5000012516975
         vertex 15.4842417687178 -46.5517230331898 81.5000012516975
      endloop
   endfacet
   facet normal 0 0 1
      outer loop
         vertex 20.5313544720411 -45.5752909183502 81.5000012516975
         vertex 15.4842417687178 -46.5517230331898 81.5000012516975
         vertex 15.8913321793079 -47.3963655531406 81.5000012516975
      endloop
   endfacet
   facet normal 0 0 1
      outer loop
         vertex 25.8290693163872 -25.8620698004961 81.5000012516975
         vertex 22.380793467164 -25.8620698004961 81.5000012516975
         vertex 25.8290693163872 -29.3103456497192 81.5000012516975
      endloop
   endfacet
   facet normal 0 0 1
      outer loop
         vertex 25.8290693163872 -29.3103456497192 81.5000012516975
         vertex 22.380793467164 -25.8620698004961 81.5000012516975
         vertex 22.380793467164 -29.3103456497192 81.5000012516975
      endloop
   endfacet
   facet normal 0 0 1
      outer loop
         vertex 25.8290693163872 -29.3103456497192 81.5000012516975
         vertex 22.380793467164 -29.3103456497192 81.5000012516975
         vertex 25.8290693163872 -32.7586196362972 81.5000012516975
      endloop
   endfacet
   facet normal 0 0 1
      outer loop
         vertex 25.8290693163872 -32.7586196362972 81.5000012516975
         vertex 22.380793467164 -29.3103456497192 81.5000012516975
         vertex 22.380793467164 -32.7586196362972 81.5000012516975
      endloop
   endfacet
   facet normal 0 0 1
      outer loop
         vertex 25.8290693163872 -32.7586196362972 81.5000012516975
         vertex 22.380793467164 -32.7586196362972 81.5000012516975
         vertex 25.8290693163872 -36.2068973481655 81.5000012516975
      endloop
   endfacet
   facet normal 0 0 1
      outer loop
         vertex 25.8290693163872 -36.2068973481655 81.5000012516975
         vertex 22.380793467164 -32.7586196362972 81.5000012516975
         vertex 22.380793467164 -36.2068973481655 81.5000012516975
      endloop
   endfacet
   facet normal 0 0 1
      outer loop
         vertex 25.8290693163872 -36.2068973481655 81.5000012516975
         vertex 22.380793467164 -36.2068973481655 81.5000012516975
         vertex 25.8290693163872 -39.6551713347435 81.5000012516975
      endloop
   endfacet
   facet normal 0 0 1
      outer loop
         vertex 25.8290693163872 -39.6551713347435 81.5000012516975
         vertex 22.380793467164 -36.2068973481655 81.5000012516975
         vertex 22.380793467164 -39.6551713347435 81.5000012516975
      endloop
   endfacet
   facet normal 0 0 1
      outer loop
         vertex 25.8290693163872 -39.6551713347435 81.5000012516975
         vertex 22.380793467164 -39.6551713347435 81.5000012516975
         vertex 24.9669998884201 -43.3012694120407 81.5000012516975
      endloop
   endfacet
   facet normal 0 0 1
      outer loop
         vertex 24.9669998884201 -43.3012694120407 81.5000012516975
         vertex 22.380793467164 -39.6551713347435 81.5000012516975
         vertex 22.380793467164 -43.1034490466118 81.5000012516975
      endloop
   endfacet
   facet normal 0 0 1
      outer loop
         vertex 24.9669998884201 -43.3012694120407 81.5000012516975
         vertex 22.380793467164 -43.1034490466118 81.5000012516975
         vertex 20.5313544720411 -45.5752909183502 81.5000012516975
      endloop
   endfacet
   facet normal 0 0 1
      outer loop
         vertex 29.2773451656103 -25.8620698004961 81.5000012516975
         vertex 25.8290693163872 -25.8620698004961 81.5000012516975
         vertex 29.2773451656103 -29.3103456497192 81.5000012516975
      endloop
   endfacet
   facet normal 0 0 1
      outer loop
         vertex 29.2773451656103 -29.3103456497192 81.5000012516975
         vertex 25.8290693163872 -25.8620698004961 81.5000012516975
         vertex 25.8290693163872 -29.3103456497192 81.5000012516975
      endloop
   endfacet
   facet normal 0 0 1
      outer loop
         vertex 29.2773451656103 -29.3103456497192 81.5000012516975
         vertex 25.8290693163872 -29.3103456497192 81.5000012516975
         vertex 29.2773451656103 -32.7586196362972 81.5000012516975
      endloop
   endfacet
   facet normal 0 0 1
      outer loop
         vertex 29.2773451656103 -32.7586196362972 81.5000012516975
         vertex 25.8290693163872 -29.3103456497192 81.5000012516975
         vertex 25.8290693163872 -32.7586196362972 81.5000012516975
      endloop
   endfacet
   facet normal 0 0 1
      outer loop
         vertex 29.2773451656103 -32.7586196362972 81.5000012516975
         vertex 25.8290693163872 -32.7586196362972 81.5000012516975
         vertex 29.2773451656103 -36.2068973481655 81.5000012516975
      endloop
   endfacet
   facet normal 0 0 1
      outer loop
         vertex 29.2773451656103 -36.2068973481655 81.5000012516975
         vertex 25.8290693163872 -32.7586196362972 81.5000012516975
         vertex 25.8290693163872 -36.2068973481655 81.5000012516975
      endloop
   endfacet
   facet normal 0 0 1
      outer loop
         vertex 29.2773451656103 -36.2068973481655 81.5000012516975
         vertex 25.8290693163872 -36.2068973481655 81.5000012516975
         vertex 29.2773451656103 -39.6551713347435 81.5000012516975
      endloop
   endfacet
   facet normal 0 0 1
      outer loop
         vertex 29.2773451656103 -39.6551713347435 81.5000012516975
         vertex 25.8290693163872 -36.2068973481655 81.5000012516975
         vertex 25.8290693163872 -39.6551713347435 81.5000012516975
      endloop
   endfacet
   facet normal 0 0 1
      outer loop
         vertex 29.2773451656103 -39.6551713347435 81.5000012516975
         vertex 25.8290693163872 -39.6551713347435 81.5000012516975
         vertex 29.1541833430529 -40.5968986451626 81.5000012516975
      endloop
   endfacet
   facet normal 0 0 1
      outer loop
         vertex 29.1541833430529 -40.5968986451626 81.5000012516975
         vertex 25.8290693163872 -39.6551713347435 81.5000012516975
         vertex 24.9669998884201 -43.3012694120407 81.5000012516975
      endloop
   endfacet
   facet normal 0 0 1
      outer loop
         vertex 32.7256210148335 -25.8620698004961 81.5000012516975
         vertex 29.2773451656103 -25.8620698004961 81.5000012516975
         vertex 32.7256210148335 -29.3103456497192 81.5000012516975
      endloop
   endfacet
   facet normal 0 0 1
      outer loop
         vertex 32.7256210148335 -29.3103456497192 81.5000012516975
         vertex 29.2773451656103 -25.8620698004961 81.5000012516975
         vertex 29.2773451656103 -29.3103456497192 81.5000012516975
      endloop
   endfacet
   facet normal 0 0 1
      outer loop
         vertex 32.7256210148335 -29.3103456497192 81.5000012516975
         vertex 29.2773451656103 -29.3103456497192 81.5000012516975
         vertex 32.7256210148335 -32.7586196362972 81.5000012516975
      endloop
   endfacet
   facet normal 0 0 1
      outer loop
         vertex 32.7256210148335 -32.7586196362972 81.5000012516975
         vertex 29.2773451656103 -29.3103456497192 81.5000012516975
         vertex 29.2773451656103 -32.7586196362972 81.5000012516975
      endloop
   endfacet
   facet normal 0 0 1
      outer loop
         vertex 32.7256210148335 -32.7586196362972 81.5000012516975
         vertex 29.2773451656103 -32.7586196362972 81.5000012516975
         vertex 32.7256210148335 -36.2068973481655 81.5000012516975
      endloop
   endfacet
   facet normal 0 0 1
      outer loop
         vertex 32.7256210148335 -36.2068973481655 81.5000012516975
         vertex 29.2773451656103 -32.7586196362972 81.5000012516975
         vertex 29.2773451656103 -36.2068973481655 81.5000012516975
      endloop
   endfacet
   facet normal 0 0 1
      outer loop
         vertex 32.7256210148335 -36.2068973481655 81.5000012516975
         vertex 29.2773451656103 -36.2068973481655 81.5000012516975
         vertex 33.0512933433056 -37.4890603125095 81.5000012516975
      endloop
   endfacet
   facet normal 0 0 1
      outer loop
         vertex 33.0512933433056 -37.4890603125095 81.5000012516975
         vertex 29.2773451656103 -36.2068973481655 81.5000012516975
         vertex 29.2773451656103 -39.6551713347435 81.5000012516975
      endloop
   endfacet
   facet normal 0 0 1
      outer loop
         vertex 33.0512933433056 -37.4890603125095 81.5000012516975
         vertex 29.2773451656103 -39.6551713347435 81.5000012516975
         vertex 29.1541833430529 -40.5968986451626 81.5000012516975
      endloop
   endfacet
   facet normal 0 0 1
      outer loop
         vertex 36.1738950014114 -25.8620698004961 81.5000012516975
         vertex 32.7256210148335 -25.8620698004961 81.5000012516975
         vertex 36.1738950014114 -29.3103456497192 81.5000012516975
      endloop
   endfacet
   facet normal 0 0 1
      outer loop
         vertex 36.1738950014114 -29.3103456497192 81.5000012516975
         vertex 32.7256210148335 -25.8620698004961 81.5000012516975
         vertex 32.7256210148335 -29.3103456497192 81.5000012516975
      endloop
   endfacet
   facet normal 0 0 1
      outer loop
         vertex 36.1738950014114 -29.3103456497192 81.5000012516975
         vertex 32.7256210148335 -29.3103456497192 81.5000012516975
         vertex 36.1738950014114 -32.7586196362972 81.5000012516975
      endloop
   endfacet
   facet normal 0 0 1
      outer loop
         vertex 36.1738950014114 -32.7586196362972 81.5000012516975
         vertex 32.7256210148335 -29.3103456497192 81.5000012516975
         vertex 32.7256210148335 -32.7586196362972 81.5000012516975
      endloop
   endfacet
   facet normal 0 0 1
      outer loop
         vertex 36.1738950014114 -32.7586196362972 81.5000012516975
         vertex 32.7256210148335 -32.7586196362972 81.5000012516975
         vertex 36.6195924580097 -34.0086370706558 81.5000012516975
      endloop
   endfacet
   facet normal 0 0 1
      outer loop
         vertex 36.6195924580097 -34.0086370706558 81.5000012516975
         vertex 32.7256210148335 -32.7586196362972 81.5000012516975
         vertex 32.7256210148335 -36.2068973481655 81.5000012516975
      endloop
   endfacet
   facet normal 0 0 1
      outer loop
         vertex 36.6195924580097 -34.0086370706558 81.5000012516975
         vertex 32.7256210148335 -36.2068973481655 81.5000012516975
         vertex 33.0512933433056 -37.4890603125095 81.5000012516975
      endloop
   endfacet
   facet normal 0 0 1
      outer loop
         vertex -39.6881736814976 -29.3103456497192 81.5000012516975
         vertex -39.6881736814976 -25.8620698004961 81.5000012516975
         vertex -41.3449369370937 -28.1660035252571 81.5000012516975
      endloop
   endfacet
   facet normal 0 0 1
      outer loop
         vertex -41.3449369370937 -28.1660035252571 81.5000012516975
         vertex -39.6881736814976 -25.8620698004961 81.5000012516975
         vertex -43.9440794289112 -23.9126980304718 81.5000012516975
      endloop
   endfacet
   facet normal 0 0 1
      outer loop
         vertex 39.8236252367496 -30.1902201026678 81.5000012516975
         vertex 39.6221727132797 -29.3103456497192 81.5000012516975
         vertex 36.1738950014114 -29.3103456497192 81.5000012516975
      endloop
   endfacet
   facet normal 0 0 1
      outer loop
         vertex 36.1738950014114 -29.3103456497192 81.5000012516975
         vertex 39.6221727132797 -29.3103456497192 81.5000012516975
         vertex 36.1738950014114 -25.8620698004961 81.5000012516975
      endloop
   endfacet
   facet normal 0 0 1
      outer loop
         vertex -36.2398959696293 -32.7586196362972 81.5000012516975
         vertex -36.2398959696293 -29.3103456497192 81.5000012516975
         vertex -38.3352227509022 -32.1393795311451 81.5000012516975
      endloop
   endfacet
   facet normal 0 0 1
      outer loop
         vertex 36.6195924580097 -34.0086370706558 81.5000012516975
         vertex 39.8236252367496 -30.1902201026678 81.5000012516975
         vertex 36.1738950014114 -32.7586196362972 81.5000012516975
      endloop
   endfacet
   facet normal 0 0 1
      outer loop
         vertex 36.1738950014114 -32.7586196362972 81.5000012516975
         vertex 39.8236252367496 -30.1902201026678 81.5000012516975
         vertex 36.1738950014114 -29.3103456497192 81.5000012516975
      endloop
   endfacet
   facet normal 0 0 1
      outer loop
         vertex -32.7916219830513 -36.2068973481655 81.5000012516975
         vertex -32.7916219830513 -32.7586196362972 81.5000012516975
         vertex -34.9448397755623 -35.7933416962624 81.5000012516975
      endloop
   endfacet
   facet normal 0 0 1
      outer loop
         vertex -29.343344271183 -39.6551713347435 81.5000012516975
         vertex -29.343344271183 -36.2068973481655 81.5000012516975
         vertex -31.2074907124043 -39.0915758907795 81.5000012516975
      endloop
   endfacet
   facet normal 0 0 1
      outer loop
         vertex -15.550241805613 -46.5517230331898 81.5000012516975
         vertex -15.550241805613 -43.1034490466118 81.5000012516975
         vertex -18.3000508695841 -46.543687582016 81.5000012516975
      endloop
   endfacet
   facet normal 0 0 1
      outer loop
         vertex -43.1364476680756 -18.9655181020498 81.5000012516975
         vertex -46.5847253799438 -15.5172413215041 81.5000012516975
         vertex -46.1068116128445 -19.4217395037413 81.5000012516975
      endloop
   endfacet
   facet normal 0 0 1
      outer loop
         vertex -46.1068116128445 -19.4217395037413 81.5000012516975
         vertex -46.5847253799438 -15.5172413215041 81.5000012516975
         vertex -47.8116385638714 -14.7377587854862 81.5000012516975
      endloop
   endfacet
   facet normal 0 0 1
      outer loop
         vertex 39.6221727132797 8.62068962305784 81.5000012516975
         vertex 39.6221727132797 5.17241377383471 81.5000012516975
         vertex 43.0704466998577 5.17241377383471 81.5000012516975
      endloop
   endfacet
   facet normal 0 0 1
      outer loop
         vertex 43.0704466998577 5.17241377383471 81.5000012516975
         vertex 39.6221727132797 5.17241377383471 81.5000012516975
         vertex 43.0704466998577 1.72413792461157 81.5000012516975
      endloop
   endfacet
   facet normal 0 0 1
      outer loop
         vertex 29.2773451656103 5.17241377383471 81.5000012516975
         vertex 32.7256210148335 5.17241377383471 81.5000012516975
         vertex 29.2773451656103 8.62068962305784 81.5000012516975
      endloop
   endfacet
   facet normal 0 0 1
      outer loop
         vertex -39.6881736814976 1.72413792461157 81.5000012516975
         vertex -39.6881736814976 5.17241377383471 81.5000012516975
         vertex -43.1364476680756 5.17241377383471 81.5000012516975
      endloop
   endfacet
   facet normal 0 0 1
      outer loop
         vertex -43.1364476680756 5.17241377383471 81.5000012516975
         vertex -39.6881736814976 5.17241377383471 81.5000012516975
         vertex -43.1364476680756 8.62068962305784 81.5000012516975
      endloop
   endfacet
   facet normal 0 0 1
      outer loop
         vertex -43.1364476680756 5.17241377383471 81.5000012516975
         vertex -43.1364476680756 8.62068962305784 81.5000012516975
         vertex -46.5847253799438 8.62068962305784 81.5000012516975
      endloop
   endfacet
   facet normal 0 0 1
      outer loop
         vertex -46.5847253799438 8.62068962305784 81.5000012516975
         vertex -43.1364476680756 8.62068962305784 81.5000012516975
         vertex -46.5847253799438 12.068965472281 81.5000012516975
      endloop
   endfacet
   facet normal 0 0 1
      outer loop
         vertex 39.6221727132797 12.068965472281 81.5000012516975
         vertex 39.6221727132797 8.62068962305784 81.5000012516975
         vertex 43.0704466998577 8.62068962305784 81.5000012516975
      endloop
   endfacet
   facet normal 0 0 1
      outer loop
         vertex 43.0704466998577 8.62068962305784 81.5000012516975
         vertex 39.6221727132797 8.62068962305784 81.5000012516975
         vertex 43.0704466998577 5.17241377383471 81.5000012516975
      endloop
   endfacet
   facet normal 0 0 1
      outer loop
         vertex 36.1738950014114 5.17241377383471 81.5000012516975
         vertex 36.1738950014114 8.62068962305784 81.5000012516975
         vertex 32.7256210148335 8.62068962305784 81.5000012516975
      endloop
   endfacet
   facet normal 0 0 1
      outer loop
         vertex 32.7256210148335 8.62068962305784 81.5000012516975
         vertex 36.1738950014114 8.62068962305784 81.5000012516975
         vertex 32.7256210148335 12.068965472281 81.5000012516975
      endloop
   endfacet
   facet normal 0 0 1
      outer loop
         vertex 32.7256210148335 8.62068962305784 81.5000012516975
         vertex 32.7256210148335 12.068965472281 81.5000012516975
         vertex 29.2773451656103 12.068965472281 81.5000012516975
      endloop
   endfacet
   facet normal 0 0 1
      outer loop
         vertex 29.2773451656103 12.068965472281 81.5000012516975
         vertex 32.7256210148335 12.068965472281 81.5000012516975
         vertex 29.2773451656103 15.5172413215041 81.5000012516975
      endloop
   endfacet
   facet normal 0 0 1
      outer loop
         vertex 29.2773451656103 12.068965472281 81.5000012516975
         vertex 29.2773451656103 15.5172413215041 81.5000012516975
         vertex 25.8290693163872 15.5172413215041 81.5000012516975
      endloop
   endfacet
   facet normal 0 0 1
      outer loop
         vertex 25.8290693163872 15.5172413215041 81.5000012516975
         vertex 29.2773451656103 15.5172413215041 81.5000012516975
         vertex 25.8290693163872 18.9655181020498 81.5000012516975
      endloop
   endfacet
   facet normal 0 0 1
      outer loop
         vertex 25.8290693163872 15.5172413215041 81.5000012516975
         vertex 25.8290693163872 18.9655181020498 81.5000012516975
         vertex 22.380793467164 18.9655181020498 81.5000012516975
      endloop
   endfacet
   facet normal 0 0 1
      outer loop
         vertex 22.380793467164 18.9655181020498 81.5000012516975
         vertex 25.8290693163872 18.9655181020498 81.5000012516975
         vertex 22.380793467164 22.413793951273 81.5000012516975
      endloop
   endfacet
   facet normal 0 0 1
      outer loop
         vertex 22.380793467164 18.9655181020498 81.5000012516975
         vertex 22.380793467164 22.413793951273 81.5000012516975
         vertex 18.9325176179409 22.413793951273 81.5000012516975
      endloop
   endfacet
   facet normal 0 0 1
      outer loop
         vertex 18.9325176179409 22.413793951273 81.5000012516975
         vertex 22.380793467164 22.413793951273 81.5000012516975
         vertex 18.9325176179409 25.8620698004961 81.5000012516975
      endloop
   endfacet
   facet normal 0 0 1
      outer loop
         vertex 18.9325176179409 22.413793951273 81.5000012516975
         vertex 18.9325176179409 25.8620698004961 81.5000012516975
         vertex 15.4842417687178 25.8620698004961 81.5000012516975
      endloop
   endfacet
   facet normal 0 0 1
      outer loop
         vertex 15.4842417687178 25.8620698004961 81.5000012516975
         vertex 18.9325176179409 25.8620698004961 81.5000012516975
         vertex 15.4842417687178 29.3103456497192 81.5000012516975
      endloop
   endfacet
   facet normal 0 0 1
      outer loop
         vertex 15.4842417687178 25.8620698004961 81.5000012516975
         vertex 15.4842417687178 29.3103456497192 81.5000012516975
         vertex 12.0359659194946 29.3103456497192 81.5000012516975
      endloop
   endfacet
   facet normal 0 0 1
      outer loop
         vertex 12.0359659194946 29.3103456497192 81.5000012516975
         vertex 15.4842417687178 29.3103456497192 81.5000012516975
         vertex 12.0359659194946 32.7586196362972 81.5000012516975
      endloop
   endfacet
   facet normal 0 0 1
      outer loop
         vertex 12.0359659194946 29.3103456497192 81.5000012516975
         vertex 12.0359659194946 32.7586196362972 81.5000012516975
         vertex 8.58769007027149 32.7586196362972 81.5000012516975
      endloop
   endfacet
   facet normal 0 0 1
      outer loop
         vertex 8.58769007027149 32.7586196362972 81.5000012516975
         vertex 12.0359659194946 32.7586196362972 81.5000012516975
         vertex 8.58769007027149 36.2068973481655 81.5000012516975
      endloop
   endfacet
   facet normal 0 0 1
      outer loop
         vertex 8.58769007027149 32.7586196362972 81.5000012516975
         vertex 8.58769007027149 36.2068973481655 81.5000012516975
         vertex 5.13941375538707 36.2068973481655 81.5000012516975
      endloop
   endfacet
   facet normal 0 0 1
      outer loop
         vertex 5.13941375538707 36.2068973481655 81.5000012516975
         vertex 8.58769007027149 36.2068973481655 81.5000012516975
         vertex 5.13941375538707 39.6551713347435 81.5000012516975
      endloop
   endfacet
   facet normal 0 0 1
      outer loop
         vertex 5.13941375538707 36.2068973481655 81.5000012516975
         vertex 5.13941375538707 39.6551713347435 81.5000012516975
         vertex 1.69113790616393 39.6551713347435 81.5000012516975
      endloop
   endfacet
   facet normal 0 0 1
      outer loop
         vertex 1.69113790616393 39.6551713347435 81.5000012516975
         vertex 5.13941375538707 39.6551713347435 81.5000012516975
         vertex 1.69113790616393 43.1034490466118 81.5000012516975
      endloop
   endfacet
   facet normal 0 0 1
      outer loop
         vertex 1.69113790616393 39.6551713347435 81.5000012516975
         vertex 1.69113790616393 43.1034490466118 81.5000012516975
         vertex -1.75713794305921 43.1034490466118 81.5000012516975
      endloop
   endfacet
   facet normal 0 0 1
      outer loop
         vertex -1.75713794305921 43.1034490466118 81.5000012516975
         vertex 1.69113790616393 43.1034490466118 81.5000012516975
         vertex -1.75713794305921 46.5517230331898 81.5000012516975
      endloop
   endfacet
   facet normal 0 0 1
      outer loop
         vertex -1.75713794305921 43.1034490466118 81.5000012516975
         vertex -1.75713794305921 46.5517230331898 81.5000012516975
         vertex -5.20541379228234 46.5517230331898 81.5000012516975
      endloop
   endfacet
   facet normal 0 0 1
      outer loop
         vertex -5.20541379228234 46.5517230331898 81.5000012516975
         vertex -1.75713794305921 46.5517230331898 81.5000012516975
         vertex -3.76950460486114 49.8601906001568 81.5000012516975
      endloop
   endfacet
   facet normal 0 0 1
      outer loop
         vertex -5.20541379228234 46.5517230331898 81.5000012516975
         vertex -3.76950460486114 49.8601906001568 81.5000012516975
         vertex -8.71540885418653 49.2403879761696 81.5000012516975
      endloop
   endfacet
   facet normal 0 0 1
      outer loop
         vertex 25.8290693163872 8.62068962305784 81.5000012516975
         vertex 29.2773451656103 8.62068962305784 81.5000012516975
         vertex 25.8290693163872 12.068965472281 81.5000012516975
      endloop
   endfacet
   facet normal 0 0 1
      outer loop
         vertex -39.6881736814976 5.17241377383471 81.5000012516975
         vertex -39.6881736814976 8.62068962305784 81.5000012516975
         vertex -43.1364476680756 8.62068962305784 81.5000012516975
      endloop
   endfacet
   facet normal 0 0 1
      outer loop
         vertex -43.1364476680756 8.62068962305784 81.5000012516975
         vertex -39.6881736814976 8.62068962305784 81.5000012516975
         vertex -43.1364476680756 12.068965472281 81.5000012516975
      endloop
   endfacet
   facet normal 0 0 1
      outer loop
         vertex -43.1364476680756 8.62068962305784 81.5000012516975
         vertex -43.1364476680756 12.068965472281 81.5000012516975
         vertex -46.5847253799438 12.068965472281 81.5000012516975
      endloop
   endfacet
   facet normal 0 0 1
      outer loop
         vertex -46.5847253799438 12.068965472281 81.5000012516975
         vertex -43.1364476680756 12.068965472281 81.5000012516975
         vertex -46.5847253799438 15.5172413215041 81.5000012516975
      endloop
   endfacet
   facet normal 0 0 1
      outer loop
         vertex -43.1364476680756 12.068965472281 81.5000012516975
         vertex -39.6881736814976 12.068965472281 81.5000012516975
         vertex -43.1364476680756 15.5172413215041 81.5000012516975
      endloop
   endfacet
   facet normal 0 0 1
      outer loop
         vertex -43.1364476680756 15.5172413215041 81.5000012516975
         vertex -39.6881736814976 12.068965472281 81.5000012516975
         vertex -39.6881736814976 15.5172413215041 81.5000012516975
      endloop
   endfacet
   facet normal 0 0 1
      outer loop
         vertex -43.1364476680756 15.5172413215041 81.5000012516975
         vertex -39.6881736814976 15.5172413215041 81.5000012516975
         vertex -43.1364476680756 18.9655181020498 81.5000012516975
      endloop
   endfacet
   facet normal 0 0 1
      outer loop
         vertex -43.1364476680756 18.9655181020498 81.5000012516975
         vertex -39.6881736814976 15.5172413215041 81.5000012516975
         vertex -39.6881736814976 18.9655181020498 81.5000012516975
      endloop
   endfacet
   facet normal 0 0 1
      outer loop
         vertex -39.6881736814976 12.068965472281 81.5000012516975
         vertex -43.1364476680756 12.068965472281 81.5000012516975
         vertex -39.6881736814976 8.62068962305784 81.5000012516975
      endloop
   endfacet
   facet normal 0 0 1
      outer loop
         vertex 22.380793467164 12.068965472281 81.5000012516975
         vertex 25.8290693163872 12.068965472281 81.5000012516975
         vertex 22.380793467164 15.5172413215041 81.5000012516975
      endloop
   endfacet
   facet normal 0 0 1
      outer loop
         vertex 32.7256210148335 12.068965472281 81.5000012516975
         vertex 36.1738950014114 12.068965472281 81.5000012516975
         vertex 32.7256210148335 15.5172413215041 81.5000012516975
      endloop
   endfacet
   facet normal 0 0 1
      outer loop
         vertex 32.7256210148335 15.5172413215041 81.5000012516975
         vertex 36.1738950014114 12.068965472281 81.5000012516975
         vertex 36.1738950014114 15.5172413215041 81.5000012516975
      endloop
   endfacet
   facet normal 0 0 1
      outer loop
         vertex 32.7256210148335 15.5172413215041 81.5000012516975
         vertex 36.1738950014114 15.5172413215041 81.5000012516975
         vertex 32.7256210148335 18.9655181020498 81.5000012516975
      endloop
   endfacet
   facet normal 0 0 1
      outer loop
         vertex 32.7256210148335 18.9655181020498 81.5000012516975
         vertex 36.1738950014114 15.5172413215041 81.5000012516975
         vertex 36.1738950014114 18.9655181020498 81.5000012516975
      endloop
   endfacet
   facet normal 0 0 1
      outer loop
         vertex 32.7256210148335 18.9655181020498 81.5000012516975
         vertex 36.1738950014114 18.9655181020498 81.5000012516975
         vertex 32.7256210148335 22.413793951273 81.5000012516975
      endloop
   endfacet
   facet normal 0 0 1
      outer loop
         vertex 32.7256210148335 22.413793951273 81.5000012516975
         vertex 36.1738950014114 18.9655181020498 81.5000012516975
         vertex 36.1738950014114 22.413793951273 81.5000012516975
      endloop
   endfacet
   facet normal 0 0 1
      outer loop
         vertex 32.7256210148335 22.413793951273 81.5000012516975
         vertex 36.1738950014114 22.413793951273 81.5000012516975
         vertex 32.7256210148335 25.8620698004961 81.5000012516975
      endloop
   endfacet
   facet normal 0 0 1
      outer loop
         vertex 32.7256210148335 25.8620698004961 81.5000012516975
         vertex 36.1738950014114 22.413793951273 81.5000012516975
         vertex 36.1738950014114 25.8620698004961 81.5000012516975
      endloop
   endfacet
   facet normal 0 0 1
      outer loop
         vertex 32.7256210148335 25.8620698004961 81.5000012516975
         vertex 36.1738950014114 25.8620698004961 81.5000012516975
         vertex 32.7256210148335 29.3103456497192 81.5000012516975
      endloop
   endfacet
   facet normal 0 0 1
      outer loop
         vertex 32.7256210148335 29.3103456497192 81.5000012516975
         vertex 36.1738950014114 25.8620698004961 81.5000012516975
         vertex 36.1738950014114 29.3103456497192 81.5000012516975
      endloop
   endfacet
   facet normal 0 0 1
      outer loop
         vertex 32.7256210148335 29.3103456497192 81.5000012516975
         vertex 36.1738950014114 29.3103456497192 81.5000012516975
         vertex 32.7256210148335 32.7586196362972 81.5000012516975
      endloop
   endfacet
   facet normal 0 0 1
      outer loop
         vertex 32.7256210148335 32.7586196362972 81.5000012516975
         vertex 36.1738950014114 29.3103456497192 81.5000012516975
         vertex 36.1738950014114 32.7586196362972 81.5000012516975
      endloop
   endfacet
   facet normal 0 0 1
      outer loop
         vertex 32.7256210148335 32.7586196362972 81.5000012516975
         vertex 36.1738950014114 32.7586196362972 81.5000012516975
         vertex 36.6195924580097 34.0086370706558 81.5000012516975
      endloop
   endfacet
   facet normal 0 0 1
      outer loop
         vertex 36.6195924580097 34.0086370706558 81.5000012516975
         vertex 36.1738950014114 32.7586196362972 81.5000012516975
         vertex 39.8236252367496 30.1902201026678 81.5000012516975
      endloop
   endfacet
   facet normal 0 0 1
      outer loop
         vertex 36.1738950014114 12.068965472281 81.5000012516975
         vertex 32.7256210148335 12.068965472281 81.5000012516975
         vertex 36.1738950014114 8.62068962305784 81.5000012516975
      endloop
   endfacet
   facet normal 0 0 1
      outer loop
         vertex 39.6221727132797 12.068965472281 81.5000012516975
         vertex 43.0704466998577 12.068965472281 81.5000012516975
         vertex 39.6221727132797 15.5172413215041 81.5000012516975
      endloop
   endfacet
   facet normal 0 0 1
      outer loop
         vertex 39.6221727132797 15.5172413215041 81.5000012516975
         vertex 43.0704466998577 12.068965472281 81.5000012516975
         vertex 43.0704466998577 15.5172413215041 81.5000012516975
      endloop
   endfacet
   facet normal 0 0 1
      outer loop
         vertex 39.6221727132797 15.5172413215041 81.5000012516975
         vertex 43.0704466998577 15.5172413215041 81.5000012516975
         vertex 39.6221727132797 18.9655181020498 81.5000012516975
      endloop
   endfacet
   facet normal 0 0 1
      outer loop
         vertex 39.6221727132797 18.9655181020498 81.5000012516975
         vertex 43.0704466998577 15.5172413215041 81.5000012516975
         vertex 43.0704466998577 18.9655181020498 81.5000012516975
      endloop
   endfacet
   facet normal 0 0 1
      outer loop
         vertex 39.6221727132797 18.9655181020498 81.5000012516975
         vertex 43.0704466998577 18.9655181020498 81.5000012516975
         vertex 39.6221727132797 22.413793951273 81.5000012516975
      endloop
   endfacet
   facet normal 0 0 1
      outer loop
         vertex 39.6221727132797 22.413793951273 81.5000012516975
         vertex 43.0704466998577 18.9655181020498 81.5000012516975
         vertex 43.0704466998577 22.413793951273 81.5000012516975
      endloop
   endfacet
   facet normal 0 0 1
      outer loop
         vertex 39.6221727132797 22.413793951273 81.5000012516975
         vertex 43.0704466998577 22.413793951273 81.5000012516975
         vertex 42.6315441727638 26.0717608034611 81.5000012516975
      endloop
   endfacet
   facet normal 0 0 1
      outer loop
         vertex 42.6315441727638 26.0717608034611 81.5000012516975
         vertex 43.0704466998577 22.413793951273 81.5000012516975
         vertex 45.0154431164265 21.6941870748997 81.5000012516975
      endloop
   endfacet
   facet normal 0 0 1
      outer loop
         vertex 43.0704466998577 12.068965472281 81.5000012516975
         vertex 39.6221727132797 12.068965472281 81.5000012516975
         vertex 43.0704466998577 8.62068962305784 81.5000012516975
      endloop
   endfacet
   facet normal 0 0 1
      outer loop
         vertex 32.7256210148335 12.068965472281 81.5000012516975
         vertex 32.7256210148335 15.5172413215041 81.5000012516975
         vertex 29.2773451656103 15.5172413215041 81.5000012516975
      endloop
   endfacet
   facet normal 0 0 1
      outer loop
         vertex 29.2773451656103 15.5172413215041 81.5000012516975
         vertex 32.7256210148335 15.5172413215041 81.5000012516975
         vertex 29.2773451656103 18.9655181020498 81.5000012516975
      endloop
   endfacet
   facet normal 0 0 1
      outer loop
         vertex 29.2773451656103 15.5172413215041 81.5000012516975
         vertex 29.2773451656103 18.9655181020498 81.5000012516975
         vertex 25.8290693163872 18.9655181020498 81.5000012516975
      endloop
   endfacet
   facet normal 0 0 1
      outer loop
         vertex 25.8290693163872 18.9655181020498 81.5000012516975
         vertex 29.2773451656103 18.9655181020498 81.5000012516975
         vertex 25.8290693163872 22.413793951273 81.5000012516975
      endloop
   endfacet
   facet normal 0 0 1
      outer loop
         vertex 25.8290693163872 18.9655181020498 81.5000012516975
         vertex 25.8290693163872 22.413793951273 81.5000012516975
         vertex 22.380793467164 22.413793951273 81.5000012516975
      endloop
   endfacet
   facet normal 0 0 1
      outer loop
         vertex 22.380793467164 22.413793951273 81.5000012516975
         vertex 25.8290693163872 22.413793951273 81.5000012516975
         vertex 22.380793467164 25.8620698004961 81.5000012516975
      endloop
   endfacet
   facet normal 0 0 1
      outer loop
         vertex 22.380793467164 22.413793951273 81.5000012516975
         vertex 22.380793467164 25.8620698004961 81.5000012516975
         vertex 18.9325176179409 25.8620698004961 81.5000012516975
      endloop
   endfacet
   facet normal 0 0 1
      outer loop
         vertex 18.9325176179409 25.8620698004961 81.5000012516975
         vertex 22.380793467164 25.8620698004961 81.5000012516975
         vertex 18.9325176179409 29.3103456497192 81.5000012516975
      endloop
   endfacet
   facet normal 0 0 1
      outer loop
         vertex 18.9325176179409 25.8620698004961 81.5000012516975
         vertex 18.9325176179409 29.3103456497192 81.5000012516975
         vertex 15.4842417687178 29.3103456497192 81.5000012516975
      endloop
   endfacet
   facet normal 0 0 1
      outer loop
         vertex 15.4842417687178 29.3103456497192 81.5000012516975
         vertex 18.9325176179409 29.3103456497192 81.5000012516975
         vertex 15.4842417687178 32.7586196362972 81.5000012516975
      endloop
   endfacet
   facet normal 0 0 1
      outer loop
         vertex 15.4842417687178 29.3103456497192 81.5000012516975
         vertex 15.4842417687178 32.7586196362972 81.5000012516975
         vertex 12.0359659194946 32.7586196362972 81.5000012516975
      endloop
   endfacet
   facet normal 0 0 1
      outer loop
         vertex 12.0359659194946 32.7586196362972 81.5000012516975
         vertex 15.4842417687178 32.7586196362972 81.5000012516975
         vertex 12.0359659194946 36.2068973481655 81.5000012516975
      endloop
   endfacet
   facet normal 0 0 1
      outer loop
         vertex 12.0359659194946 32.7586196362972 81.5000012516975
         vertex 12.0359659194946 36.2068973481655 81.5000012516975
         vertex 8.58769007027149 36.2068973481655 81.5000012516975
      endloop
   endfacet
   facet normal 0 0 1
      outer loop
         vertex 8.58769007027149 36.2068973481655 81.5000012516975
         vertex 12.0359659194946 36.2068973481655 81.5000012516975
         vertex 8.58769007027149 39.6551713347435 81.5000012516975
      endloop
   endfacet
   facet normal 0 0 1
      outer loop
         vertex 8.58769007027149 36.2068973481655 81.5000012516975
         vertex 8.58769007027149 39.6551713347435 81.5000012516975
         vertex 5.13941375538707 39.6551713347435 81.5000012516975
      endloop
   endfacet
   facet normal 0 0 1
      outer loop
         vertex 5.13941375538707 39.6551713347435 81.5000012516975
         vertex 8.58769007027149 39.6551713347435 81.5000012516975
         vertex 5.13941375538707 43.1034490466118 81.5000012516975
      endloop
   endfacet
   facet normal 0 0 1
      outer loop
         vertex 5.13941375538707 39.6551713347435 81.5000012516975
         vertex 5.13941375538707 43.1034490466118 81.5000012516975
         vertex 1.69113790616393 43.1034490466118 81.5000012516975
      endloop
   endfacet
   facet normal 0 0 1
      outer loop
         vertex 1.69113790616393 43.1034490466118 81.5000012516975
         vertex 5.13941375538707 43.1034490466118 81.5000012516975
         vertex 1.69113790616393 46.5517230331898 81.5000012516975
      endloop
   endfacet
   facet normal 0 0 1
      outer loop
         vertex 1.69113790616393 43.1034490466118 81.5000012516975
         vertex 1.69113790616393 46.5517230331898 81.5000012516975
         vertex -1.75713794305921 46.5517230331898 81.5000012516975
      endloop
   endfacet
   facet normal 0 0 1
      outer loop
         vertex -1.75713794305921 46.5517230331898 81.5000012516975
         vertex 1.69113790616393 46.5517230331898 81.5000012516975
         vertex 1.21353461872786 49.9844588339329 81.5000012516975
      endloop
   endfacet
   facet normal 0 0 1
      outer loop
         vertex -1.75713794305921 46.5517230331898 81.5000012516975
         vertex 1.21353461872786 49.9844588339329 81.5000012516975
         vertex -3.76950460486114 49.8601906001568 81.5000012516975
      endloop
   endfacet
   facet normal 0 0 1
      outer loop
         vertex 18.9325176179409 15.5172413215041 81.5000012516975
         vertex 22.380793467164 15.5172413215041 81.5000012516975
         vertex 18.9325176179409 18.9655181020498 81.5000012516975
      endloop
   endfacet
   facet normal 0 0 1
      outer loop
         vertex -43.1364476680756 18.9655181020498 81.5000012516975
         vertex -46.5847253799438 15.5172413215041 81.5000012516975
         vertex -43.1364476680756 15.5172413215041 81.5000012516975
      endloop
   endfacet
   facet normal 0 0 1
      outer loop
         vertex -43.1364476680756 15.5172413215041 81.5000012516975
         vertex -46.5847253799438 15.5172413215041 81.5000012516975
         vertex -43.1364476680756 12.068965472281 81.5000012516975
      endloop
   endfacet
   facet normal 0 0 1
      outer loop
         vertex 32.7256210148335 15.5172413215041 81.5000012516975
         vertex 32.7256210148335 18.9655181020498 81.5000012516975
         vertex 29.2773451656103 18.9655181020498 81.5000012516975
      endloop
   endfacet
   facet normal 0 0 1
      outer loop
         vertex 29.2773451656103 18.9655181020498 81.5000012516975
         vertex 32.7256210148335 18.9655181020498 81.5000012516975
         vertex 29.2773451656103 22.413793951273 81.5000012516975
      endloop
   endfacet
   facet normal 0 0 1
      outer loop
         vertex 29.2773451656103 18.9655181020498 81.5000012516975
         vertex 29.2773451656103 22.413793951273 81.5000012516975
         vertex 25.8290693163872 22.413793951273 81.5000012516975
      endloop
   endfacet
   facet normal 0 0 1
      outer loop
         vertex 25.8290693163872 22.413793951273 81.5000012516975
         vertex 29.2773451656103 22.413793951273 81.5000012516975
         vertex 25.8290693163872 25.8620698004961 81.5000012516975
      endloop
   endfacet
   facet normal 0 0 1
      outer loop
         vertex 25.8290693163872 22.413793951273 81.5000012516975
         vertex 25.8290693163872 25.8620698004961 81.5000012516975
         vertex 22.380793467164 25.8620698004961 81.5000012516975
      endloop
   endfacet
   facet normal 0 0 1
      outer loop
         vertex 22.380793467164 25.8620698004961 81.5000012516975
         vertex 25.8290693163872 25.8620698004961 81.5000012516975
         vertex 22.380793467164 29.3103456497192 81.5000012516975
      endloop
   endfacet
   facet normal 0 0 1
      outer loop
         vertex 22.380793467164 25.8620698004961 81.5000012516975
         vertex 22.380793467164 29.3103456497192 81.5000012516975
         vertex 18.9325176179409 29.3103456497192 81.5000012516975
      endloop
   endfacet
   facet normal 0 0 1
      outer loop
         vertex 18.9325176179409 29.3103456497192 81.5000012516975
         vertex 22.380793467164 29.3103456497192 81.5000012516975
         vertex 18.9325176179409 32.7586196362972 81.5000012516975
      endloop
   endfacet
   facet normal 0 0 1
      outer loop
         vertex 18.9325176179409 29.3103456497192 81.5000012516975
         vertex 18.9325176179409 32.7586196362972 81.5000012516975
         vertex 15.4842417687178 32.7586196362972 81.5000012516975
      endloop
   endfacet
   facet normal 0 0 1
      outer loop
         vertex 15.4842417687178 32.7586196362972 81.5000012516975
         vertex 18.9325176179409 32.7586196362972 81.5000012516975
         vertex 15.4842417687178 36.2068973481655 81.5000012516975
      endloop
   endfacet
   facet normal 0 0 1
      outer loop
         vertex 15.4842417687178 32.7586196362972 81.5000012516975
         vertex 15.4842417687178 36.2068973481655 81.5000012516975
         vertex 12.0359659194946 36.2068973481655 81.5000012516975
      endloop
   endfacet
   facet normal 0 0 1
      outer loop
         vertex 12.0359659194946 36.2068973481655 81.5000012516975
         vertex 15.4842417687178 36.2068973481655 81.5000012516975
         vertex 12.0359659194946 39.6551713347435 81.5000012516975
      endloop
   endfacet
   facet normal 0 0 1
      outer loop
         vertex 12.0359659194946 36.2068973481655 81.5000012516975
         vertex 12.0359659194946 39.6551713347435 81.5000012516975
         vertex 8.58769007027149 39.6551713347435 81.5000012516975
      endloop
   endfacet
   facet normal 0 0 1
      outer loop
         vertex 8.58769007027149 39.6551713347435 81.5000012516975
         vertex 12.0359659194946 39.6551713347435 81.5000012516975
         vertex 8.58769007027149 43.1034490466118 81.5000012516975
      endloop
   endfacet
   facet normal 0 0 1
      outer loop
         vertex 8.58769007027149 39.6551713347435 81.5000012516975
         vertex 8.58769007027149 43.1034490466118 81.5000012516975
         vertex 5.13941375538707 43.1034490466118 81.5000012516975
      endloop
   endfacet
   facet normal 0 0 1
      outer loop
         vertex 5.13941375538707 43.1034490466118 81.5000012516975
         vertex 8.58769007027149 43.1034490466118 81.5000012516975
         vertex 5.13941375538707 46.5517230331898 81.5000012516975
      endloop
   endfacet
   facet normal 0 0 1
      outer loop
         vertex 5.13941375538707 43.1034490466118 81.5000012516975
         vertex 5.13941375538707 46.5517230331898 81.5000012516975
         vertex 1.69113790616393 46.5517230331898 81.5000012516975
      endloop
   endfacet
   facet normal 0 0 1
      outer loop
         vertex 1.69113790616393 46.5517230331898 81.5000012516975
         vertex 5.13941375538707 46.5517230331898 81.5000012516975
         vertex 1.21353461872786 49.9844588339329 81.5000012516975
      endloop
   endfacet
   facet normal 0 0 1
      outer loop
         vertex 15.4842417687178 18.9655181020498 81.5000012516975
         vertex 18.9325176179409 18.9655181020498 81.5000012516975
         vertex 15.4842417687178 22.413793951273 81.5000012516975
      endloop
   endfacet
   facet normal 0 0 1
      outer loop
         vertex 43.0704466998577 15.5172413215041 81.5000012516975
         vertex 46.9516292214394 17.1010065823793 81.5000012516975
         vertex 43.0704466998577 18.9655181020498 81.5000012516975
      endloop
   endfacet
   facet normal 0 0 1
      outer loop
         vertex 43.0704466998577 18.9655181020498 81.5000012516975
         vertex 46.9516292214394 17.1010065823793 81.5000012516975
         vertex 45.0154431164265 21.6941870748997 81.5000012516975
      endloop
   endfacet
   facet normal 0 0 1
      outer loop
         vertex 43.0704466998577 18.9655181020498 81.5000012516975
         vertex 45.0154431164265 21.6941870748997 81.5000012516975
         vertex 43.0704466998577 22.413793951273 81.5000012516975
      endloop
   endfacet
   facet normal 0 0 1
      outer loop
         vertex 32.7256210148335 18.9655181020498 81.5000012516975
         vertex 32.7256210148335 22.413793951273 81.5000012516975
         vertex 29.2773451656103 22.413793951273 81.5000012516975
      endloop
   endfacet
   facet normal 0 0 1
      outer loop
         vertex 29.2773451656103 22.413793951273 81.5000012516975
         vertex 32.7256210148335 22.413793951273 81.5000012516975
         vertex 29.2773451656103 25.8620698004961 81.5000012516975
      endloop
   endfacet
   facet normal 0 0 1
      outer loop
         vertex 29.2773451656103 22.413793951273 81.5000012516975
         vertex 29.2773451656103 25.8620698004961 81.5000012516975
         vertex 25.8290693163872 25.8620698004961 81.5000012516975
      endloop
   endfacet
   facet normal 0 0 1
      outer loop
         vertex 25.8290693163872 25.8620698004961 81.5000012516975
         vertex 29.2773451656103 25.8620698004961 81.5000012516975
         vertex 25.8290693163872 29.3103456497192 81.5000012516975
      endloop
   endfacet
   facet normal 0 0 1
      outer loop
         vertex 25.8290693163872 25.8620698004961 81.5000012516975
         vertex 25.8290693163872 29.3103456497192 81.5000012516975
         vertex 22.380793467164 29.3103456497192 81.5000012516975
      endloop
   endfacet
   facet normal 0 0 1
      outer loop
         vertex 22.380793467164 29.3103456497192 81.5000012516975
         vertex 25.8290693163872 29.3103456497192 81.5000012516975
         vertex 22.380793467164 32.7586196362972 81.5000012516975
      endloop
   endfacet
   facet normal 0 0 1
      outer loop
         vertex 22.380793467164 29.3103456497192 81.5000012516975
         vertex 22.380793467164 32.7586196362972 81.5000012516975
         vertex 18.9325176179409 32.7586196362972 81.5000012516975
      endloop
   endfacet
   facet normal 0 0 1
      outer loop
         vertex 18.9325176179409 32.7586196362972 81.5000012516975
         vertex 22.380793467164 32.7586196362972 81.5000012516975
         vertex 18.9325176179409 36.2068973481655 81.5000012516975
      endloop
   endfacet
   facet normal 0 0 1
      outer loop
         vertex 18.9325176179409 32.7586196362972 81.5000012516975
         vertex 18.9325176179409 36.2068973481655 81.5000012516975
         vertex 15.4842417687178 36.2068973481655 81.5000012516975
      endloop
   endfacet
   facet normal 0 0 1
      outer loop
         vertex 15.4842417687178 36.2068973481655 81.5000012516975
         vertex 18.9325176179409 36.2068973481655 81.5000012516975
         vertex 15.4842417687178 39.6551713347435 81.5000012516975
      endloop
   endfacet
   facet normal 0 0 1
      outer loop
         vertex 15.4842417687178 36.2068973481655 81.5000012516975
         vertex 15.4842417687178 39.6551713347435 81.5000012516975
         vertex 12.0359659194946 39.6551713347435 81.5000012516975
      endloop
   endfacet
   facet normal 0 0 1
      outer loop
         vertex 12.0359659194946 39.6551713347435 81.5000012516975
         vertex 15.4842417687178 39.6551713347435 81.5000012516975
         vertex 12.0359659194946 43.1034490466118 81.5000012516975
      endloop
   endfacet
   facet normal 0 0 1
      outer loop
         vertex 12.0359659194946 39.6551713347435 81.5000012516975
         vertex 12.0359659194946 43.1034490466118 81.5000012516975
         vertex 8.58769007027149 43.1034490466118 81.5000012516975
      endloop
   endfacet
   facet normal 0 0 1
      outer loop
         vertex 8.58769007027149 43.1034490466118 81.5000012516975
         vertex 12.0359659194946 43.1034490466118 81.5000012516975
         vertex 8.58769007027149 46.5517230331898 81.5000012516975
      endloop
   endfacet
   facet normal 0 0 1
      outer loop
         vertex 8.58769007027149 43.1034490466118 81.5000012516975
         vertex 8.58769007027149 46.5517230331898 81.5000012516975
         vertex 5.13941375538707 46.5517230331898 81.5000012516975
      endloop
   endfacet
   facet normal 0 0 1
      outer loop
         vertex 5.13941375538707 46.5517230331898 81.5000012516975
         vertex 8.58769007027149 46.5517230331898 81.5000012516975
         vertex 6.18418538942933 49.6119596064091 81.5000012516975
      endloop
   endfacet
   facet normal 0 0 1
      outer loop
         vertex 5.13941375538707 46.5517230331898 81.5000012516975
         vertex 6.18418538942933 49.6119596064091 81.5000012516975
         vertex 1.21353461872786 49.9844588339329 81.5000012516975
      endloop
   endfacet
   facet normal 0 0 1
      outer loop
         vertex 12.0359659194946 22.413793951273 81.5000012516975
         vertex 15.4842417687178 22.413793951273 81.5000012516975
         vertex 12.0359659194946 25.8620698004961 81.5000012516975
      endloop
   endfacet
   facet normal 0 0 1
      outer loop
         vertex -43.1364476680756 22.413793951273 81.5000012516975
         vertex -39.6881736814976 22.413793951273 81.5000012516975
         vertex -39.6881736814976 25.8620698004961 81.5000012516975
      endloop
   endfacet
   facet normal 0 0 1
      outer loop
         vertex 8.58769007027149 25.8620698004961 81.5000012516975
         vertex 12.0359659194946 25.8620698004961 81.5000012516975
         vertex 8.58769007027149 29.3103456497192 81.5000012516975
      endloop
   endfacet
   facet normal 0 0 1
      outer loop
         vertex 29.2773451656103 25.8620698004961 81.5000012516975
         vertex 32.7256210148335 25.8620698004961 81.5000012516975
         vertex 29.2773451656103 29.3103456497192 81.5000012516975
      endloop
   endfacet
   facet normal 0 0 1
      outer loop
         vertex 29.2773451656103 29.3103456497192 81.5000012516975
         vertex 32.7256210148335 25.8620698004961 81.5000012516975
         vertex 32.7256210148335 29.3103456497192 81.5000012516975
      endloop
   endfacet
   facet normal 0 0 1
      outer loop
         vertex 29.2773451656103 29.3103456497192 81.5000012516975
         vertex 32.7256210148335 29.3103456497192 81.5000012516975
         vertex 29.2773451656103 32.7586196362972 81.5000012516975
      endloop
   endfacet
   facet normal 0 0 1
      outer loop
         vertex 29.2773451656103 32.7586196362972 81.5000012516975
         vertex 32.7256210148335 29.3103456497192 81.5000012516975
         vertex 32.7256210148335 32.7586196362972 81.5000012516975
      endloop
   endfacet
   facet normal 0 0 1
      outer loop
         vertex 29.2773451656103 32.7586196362972 81.5000012516975
         vertex 32.7256210148335 32.7586196362972 81.5000012516975
         vertex 29.2773451656103 36.2068973481655 81.5000012516975
      endloop
   endfacet
   facet normal 0 0 1
      outer loop
         vertex 29.2773451656103 36.2068973481655 81.5000012516975
         vertex 32.7256210148335 32.7586196362972 81.5000012516975
         vertex 32.7256210148335 36.2068973481655 81.5000012516975
      endloop
   endfacet
   facet normal 0 0 1
      outer loop
         vertex 29.2773451656103 36.2068973481655 81.5000012516975
         vertex 32.7256210148335 36.2068973481655 81.5000012516975
         vertex 33.0512933433056 37.4890603125095 81.5000012516975
      endloop
   endfacet
   facet normal 0 0 1
      outer loop
         vertex 33.0512933433056 37.4890603125095 81.5000012516975
         vertex 32.7256210148335 36.2068973481655 81.5000012516975
         vertex 36.6195924580097 34.0086370706558 81.5000012516975
      endloop
   endfacet
   facet normal 0 0 1
      outer loop
         vertex 32.7256210148335 25.8620698004961 81.5000012516975
         vertex 29.2773451656103 25.8620698004961 81.5000012516975
         vertex 32.7256210148335 22.413793951273 81.5000012516975
      endloop
   endfacet
   facet normal 0 0 1
      outer loop
         vertex 29.2773451656103 25.8620698004961 81.5000012516975
         vertex 29.2773451656103 29.3103456497192 81.5000012516975
         vertex 25.8290693163872 29.3103456497192 81.5000012516975
      endloop
   endfacet
   facet normal 0 0 1
      outer loop
         vertex 25.8290693163872 29.3103456497192 81.5000012516975
         vertex 29.2773451656103 29.3103456497192 81.5000012516975
         vertex 25.8290693163872 32.7586196362972 81.5000012516975
      endloop
   endfacet
   facet normal 0 0 1
      outer loop
         vertex 25.8290693163872 29.3103456497192 81.5000012516975
         vertex 25.8290693163872 32.7586196362972 81.5000012516975
         vertex 22.380793467164 32.7586196362972 81.5000012516975
      endloop
   endfacet
   facet normal 0 0 1
      outer loop
         vertex 22.380793467164 32.7586196362972 81.5000012516975
         vertex 25.8290693163872 32.7586196362972 81.5000012516975
         vertex 22.380793467164 36.2068973481655 81.5000012516975
      endloop
   endfacet
   facet normal 0 0 1
      outer loop
         vertex 22.380793467164 32.7586196362972 81.5000012516975
         vertex 22.380793467164 36.2068973481655 81.5000012516975
         vertex 18.9325176179409 36.2068973481655 81.5000012516975
      endloop
   endfacet
   facet normal 0 0 1
      outer loop
         vertex 18.9325176179409 36.2068973481655 81.5000012516975
         vertex 22.380793467164 36.2068973481655 81.5000012516975
         vertex 18.9325176179409 39.6551713347435 81.5000012516975
      endloop
   endfacet
   facet normal 0 0 1
      outer loop
         vertex 18.9325176179409 36.2068973481655 81.5000012516975
         vertex 18.9325176179409 39.6551713347435 81.5000012516975
         vertex 15.4842417687178 39.6551713347435 81.5000012516975
      endloop
   endfacet
   facet normal 0 0 1
      outer loop
         vertex 15.4842417687178 39.6551713347435 81.5000012516975
         vertex 18.9325176179409 39.6551713347435 81.5000012516975
         vertex 15.4842417687178 43.1034490466118 81.5000012516975
      endloop
   endfacet
   facet normal 0 0 1
      outer loop
         vertex 15.4842417687178 39.6551713347435 81.5000012516975
         vertex 15.4842417687178 43.1034490466118 81.5000012516975
         vertex 12.0359659194946 43.1034490466118 81.5000012516975
      endloop
   endfacet
   facet normal 0 0 1
      outer loop
         vertex 12.0359659194946 43.1034490466118 81.5000012516975
         vertex 15.4842417687178 43.1034490466118 81.5000012516975
         vertex 12.0359659194946 46.5517230331898 81.5000012516975
      endloop
   endfacet
   facet normal 0 0 1
      outer loop
         vertex 12.0359659194946 43.1034490466118 81.5000012516975
         vertex 12.0359659194946 46.5517230331898 81.5000012516975
         vertex 8.58769007027149 46.5517230331898 81.5000012516975
      endloop
   endfacet
   facet normal 0 0 1
      outer loop
         vertex 8.58769007027149 46.5517230331898 81.5000012516975
         vertex 12.0359659194946 46.5517230331898 81.5000012516975
         vertex 11.09304651618 48.746395856142 81.5000012516975
      endloop
   endfacet
   facet normal 0 0 1
      outer loop
         vertex 8.58769007027149 46.5517230331898 81.5000012516975
         vertex 11.09304651618 48.746395856142 81.5000012516975
         vertex 6.18418538942933 49.6119596064091 81.5000012516975
      endloop
   endfacet
   facet normal 0 0 1
      outer loop
         vertex 5.13941375538707 29.3103456497192 81.5000012516975
         vertex 8.58769007027149 29.3103456497192 81.5000012516975
         vertex 5.13941375538707 32.7586196362972 81.5000012516975
      endloop
   endfacet
   facet normal 0 0 1
      outer loop
         vertex 39.6221727132797 22.413793951273 81.5000012516975
         vertex 42.6315441727638 26.0717608034611 81.5000012516975
         vertex 39.6221727132797 25.8620698004961 81.5000012516975
      endloop
   endfacet
   facet normal 0 0 1
      outer loop
         vertex 39.6221727132797 25.8620698004961 81.5000012516975
         vertex 42.6315441727638 26.0717608034611 81.5000012516975
         vertex 39.6221727132797 29.3103456497192 81.5000012516975
      endloop
   endfacet
   facet normal 0 0 1
      outer loop
         vertex 29.2773451656103 29.3103456497192 81.5000012516975
         vertex 29.2773451656103 32.7586196362972 81.5000012516975
         vertex 25.8290693163872 32.7586196362972 81.5000012516975
      endloop
   endfacet
   facet normal 0 0 1
      outer loop
         vertex 25.8290693163872 32.7586196362972 81.5000012516975
         vertex 29.2773451656103 32.7586196362972 81.5000012516975
         vertex 25.8290693163872 36.2068973481655 81.5000012516975
      endloop
   endfacet
   facet normal 0 0 1
      outer loop
         vertex 25.8290693163872 32.7586196362972 81.5000012516975
         vertex 25.8290693163872 36.2068973481655 81.5000012516975
         vertex 22.380793467164 36.2068973481655 81.5000012516975
      endloop
   endfacet
   facet normal 0 0 1
      outer loop
         vertex 22.380793467164 36.2068973481655 81.5000012516975
         vertex 25.8290693163872 36.2068973481655 81.5000012516975
         vertex 22.380793467164 39.6551713347435 81.5000012516975
      endloop
   endfacet
   facet normal 0 0 1
      outer loop
         vertex 22.380793467164 36.2068973481655 81.5000012516975
         vertex 22.380793467164 39.6551713347435 81.5000012516975
         vertex 18.9325176179409 39.6551713347435 81.5000012516975
      endloop
   endfacet
   facet normal 0 0 1
      outer loop
         vertex 18.9325176179409 39.6551713347435 81.5000012516975
         vertex 22.380793467164 39.6551713347435 81.5000012516975
         vertex 18.9325176179409 43.1034490466118 81.5000012516975
      endloop
   endfacet
   facet normal 0 0 1
      outer loop
         vertex 18.9325176179409 39.6551713347435 81.5000012516975
         vertex 18.9325176179409 43.1034490466118 81.5000012516975
         vertex 15.4842417687178 43.1034490466118 81.5000012516975
      endloop
   endfacet
   facet normal 0 0 1
      outer loop
         vertex 15.4842417687178 43.1034490466118 81.5000012516975
         vertex 18.9325176179409 43.1034490466118 81.5000012516975
         vertex 15.4842417687178 46.5517230331898 81.5000012516975
      endloop
   endfacet
   facet normal 0 0 1
      outer loop
         vertex 15.4842417687178 43.1034490466118 81.5000012516975
         vertex 15.4842417687178 46.5517230331898 81.5000012516975
         vertex 12.0359659194946 46.5517230331898 81.5000012516975
      endloop
   endfacet
   facet normal 0 0 1
      outer loop
         vertex 12.0359659194946 46.5517230331898 81.5000012516975
         vertex 15.4842417687178 46.5517230331898 81.5000012516975
         vertex 15.8913321793079 47.3963655531406 81.5000012516975
      endloop
   endfacet
   facet normal 0 0 1
      outer loop
         vertex 12.0359659194946 46.5517230331898 81.5000012516975
         vertex 15.8913321793079 47.3963655531406 81.5000012516975
         vertex 11.09304651618 48.746395856142 81.5000012516975
      endloop
   endfacet
   facet normal 0 0 1
      outer loop
         vertex 1.69113790616393 32.7586196362972 81.5000012516975
         vertex 5.13941375538707 32.7586196362972 81.5000012516975
         vertex 1.69113790616393 36.2068973481655 81.5000012516975
      endloop
   endfacet
   facet normal 0 0 1
      outer loop
         vertex 36.1738950014114 32.7586196362972 81.5000012516975
         vertex 36.1738950014114 29.3103456497192 81.5000012516975
         vertex 39.8236252367496 30.1902201026678 81.5000012516975
      endloop
   endfacet
   facet normal 0 0 1
      outer loop
         vertex 29.2773451656103 32.7586196362972 81.5000012516975
         vertex 29.2773451656103 36.2068973481655 81.5000012516975
         vertex 25.8290693163872 36.2068973481655 81.5000012516975
      endloop
   endfacet
   facet normal 0 0 1
      outer loop
         vertex 25.8290693163872 36.2068973481655 81.5000012516975
         vertex 29.2773451656103 36.2068973481655 81.5000012516975
         vertex 25.8290693163872 39.6551713347435 81.5000012516975
      endloop
   endfacet
   facet normal 0 0 1
      outer loop
         vertex 25.8290693163872 36.2068973481655 81.5000012516975
         vertex 25.8290693163872 39.6551713347435 81.5000012516975
         vertex 22.380793467164 39.6551713347435 81.5000012516975
      endloop
   endfacet
   facet normal 0 0 1
      outer loop
         vertex 22.380793467164 39.6551713347435 81.5000012516975
         vertex 25.8290693163872 39.6551713347435 81.5000012516975
         vertex 24.9669998884201 43.3012694120407 81.5000012516975
      endloop
   endfacet
   facet normal 0 0 1
      outer loop
         vertex 22.380793467164 39.6551713347435 81.5000012516975
         vertex 24.9669998884201 43.3012694120407 81.5000012516975
         vertex 22.380793467164 43.1034490466118 81.5000012516975
      endloop
   endfacet
   facet normal 0 0 1
      outer loop
         vertex 22.380793467164 43.1034490466118 81.5000012516975
         vertex 24.9669998884201 43.3012694120407 81.5000012516975
         vertex 20.5313544720411 45.5752909183502 81.5000012516975
      endloop
   endfacet
   facet normal 0 0 1
      outer loop
         vertex 22.380793467164 43.1034490466118 81.5000012516975
         vertex 20.5313544720411 45.5752909183502 81.5000012516975
         vertex 18.9325176179409 43.1034490466118 81.5000012516975
      endloop
   endfacet
   facet normal 0 0 1
      outer loop
         vertex 18.9325176179409 43.1034490466118 81.5000012516975
         vertex 20.5313544720411 45.5752909183502 81.5000012516975
         vertex 15.4842417687178 46.5517230331898 81.5000012516975
      endloop
   endfacet
   facet normal 0 0 1
      outer loop
         vertex -1.75713794305921 36.2068973481655 81.5000012516975
         vertex 1.69113790616393 36.2068973481655 81.5000012516975
         vertex -1.75713794305921 39.6551713347435 81.5000012516975
      endloop
   endfacet
   facet normal 0 0 1
      outer loop
         vertex -22.4467925727367 36.2068973481655 81.5000012516975
         vertex -18.9985167235136 36.2068973481655 81.5000012516975
         vertex -22.4467925727367 39.6551713347435 81.5000012516975
      endloop
   endfacet
   facet normal 0 0 1
      outer loop
         vertex 32.7256210148335 36.2068973481655 81.5000012516975
         vertex 32.7256210148335 32.7586196362972 81.5000012516975
         vertex 36.6195924580097 34.0086370706558 81.5000012516975
      endloop
   endfacet
   facet normal 0 0 1
      outer loop
         vertex 25.8290693163872 39.6551713347435 81.5000012516975
         vertex 29.2773451656103 36.2068973481655 81.5000012516975
         vertex 29.2773451656103 39.6551713347435 81.5000012516975
      endloop
   endfacet
   facet normal 0 0 1
      outer loop
         vertex 29.2773451656103 39.6551713347435 81.5000012516975
         vertex 29.2773451656103 36.2068973481655 81.5000012516975
         vertex 33.0512933433056 37.4890603125095 81.5000012516975
      endloop
   endfacet
   facet normal 0 0 1
      outer loop
         vertex 29.2773451656103 39.6551713347435 81.5000012516975
         vertex 33.0512933433056 37.4890603125095 81.5000012516975
         vertex 29.1541833430529 40.5968986451626 81.5000012516975
      endloop
   endfacet
   facet normal 0 0 1
      outer loop
         vertex 24.9669998884201 43.3012694120407 81.5000012516975
         vertex 25.8290693163872 39.6551713347435 81.5000012516975
         vertex 29.1541833430529 40.5968986451626 81.5000012516975
      endloop
   endfacet
   facet normal 0 0 1
      outer loop
         vertex 29.1541833430529 40.5968986451626 81.5000012516975
         vertex 25.8290693163872 39.6551713347435 81.5000012516975
         vertex 29.2773451656103 39.6551713347435 81.5000012516975
      endloop
   endfacet
   facet normal 0 0 1
      outer loop
         vertex -5.20541379228234 39.6551713347435 81.5000012516975
         vertex -1.75713794305921 39.6551713347435 81.5000012516975
         vertex -5.20541379228234 43.1034490466118 81.5000012516975
      endloop
   endfacet
   facet normal 0 0 1
      outer loop
         vertex 22.380793467164 43.1034490466118 81.5000012516975
         vertex 18.9325176179409 43.1034490466118 81.5000012516975
         vertex 22.380793467164 39.6551713347435 81.5000012516975
      endloop
   endfacet
   facet normal 0 0 1
      outer loop
         vertex -8.65369010716677 43.1034490466118 81.5000012516975
         vertex -5.20541379228234 43.1034490466118 81.5000012516975
         vertex -8.65369010716677 46.5517230331898 81.5000012516975
      endloop
   endfacet
   facet normal 0 0 1
      outer loop
         vertex -18.9985167235136 39.6551713347435 81.5000012516975
         vertex -18.9985167235136 43.1034490466118 81.5000012516975
         vertex -22.4467925727367 43.1034490466118 81.5000012516975
      endloop
   endfacet
   facet normal 0 0 1
      outer loop
         vertex -22.4467925727367 43.1034490466118 81.5000012516975
         vertex -18.9985167235136 43.1034490466118 81.5000012516975
         vertex -22.8435322642326 44.4935895502567 81.5000012516975
      endloop
   endfacet
   facet normal 0 0 1
      outer loop
         vertex -22.4467925727367 43.1034490466118 81.5000012516975
         vertex -22.8435322642326 44.4935895502567 81.5000012516975
         vertex -27.1603129804134 42.0012958347797 81.5000012516975
      endloop
   endfacet
   facet normal 0 0 1
      outer loop
         vertex -22.8435322642326 44.4935895502567 81.5000012516975
         vertex -18.9985167235136 43.1034490466118 81.5000012516975
         vertex -18.3000508695841 46.543687582016 81.5000012516975
      endloop
   endfacet
   facet normal 0 0 1
      outer loop
         vertex 20.5313544720411 45.5752909183502 81.5000012516975
         vertex 15.8913321793079 47.3963655531406 81.5000012516975
         vertex 15.4842417687178 46.5517230331898 81.5000012516975
      endloop
   endfacet
   facet normal 0 0 -1
      outer loop
         vertex -48.4868660569191 12.33786996454 76.4999985694885
         vertex -47.0176301896572 17.1010065823793 76.4999985694885
         vertex -46.5847253799438 15.5172413215041 76.4999985694885
      endloop
   endfacet
   facet normal 0 0 -1
      outer loop
         vertex -46.5847253799438 15.5172413215041 76.4999985694885
         vertex -47.0176301896572 17.1010065823793 76.4999985694885
         vertex -43.1364476680756 15.5172413215041 76.4999985694885
      endloop
   endfacet
   facet normal 0 0 -1
      outer loop
         vertex -46.5847253799438 15.5172413215041 76.4999985694885
         vertex -43.1364476680756 15.5172413215041 76.4999985694885
         vertex -46.5847253799438 12.068965472281 76.4999985694885
      endloop
   endfacet
   facet normal 0 0 -1
      outer loop
         vertex -46.5847253799438 12.068965472281 76.4999985694885
         vertex -43.1364476680756 15.5172413215041 76.4999985694885
         vertex -43.1364476680756 12.068965472281 76.4999985694885
      endloop
   endfacet
   facet normal 0 0 -1
      outer loop
         vertex -46.5847253799438 12.068965472281 76.4999985694885
         vertex -43.1364476680756 12.068965472281 76.4999985694885
         vertex -46.5847253799438 8.62068962305784 76.4999985694885
      endloop
   endfacet
   facet normal 0 0 -1
      outer loop
         vertex -46.5847253799438 8.62068962305784 76.4999985694885
         vertex -43.1364476680756 12.068965472281 76.4999985694885
         vertex -43.1364476680756 8.62068962305784 76.4999985694885
      endloop
   endfacet
   facet normal 0 0 -1
      outer loop
         vertex -46.5847253799438 8.62068962305784 76.4999985694885
         vertex -43.1364476680756 8.62068962305784 76.4999985694885
         vertex -46.5847253799438 5.17241377383471 76.4999985694885
      endloop
   endfacet
   facet normal 0 0 -1
      outer loop
         vertex -46.5847253799438 5.17241377383471 76.4999985694885
         vertex -43.1364476680756 8.62068962305784 76.4999985694885
         vertex -43.1364476680756 5.17241377383471 76.4999985694885
      endloop
   endfacet
   facet normal 0 0 -1
      outer loop
         vertex -46.5847253799438 5.17241377383471 76.4999985694885
         vertex -43.1364476680756 5.17241377383471 76.4999985694885
         vertex -46.5847253799438 1.72413792461157 76.4999985694885
      endloop
   endfacet
   facet normal 0 0 -1
      outer loop
         vertex -46.5847253799438 1.72413792461157 76.4999985694885
         vertex -43.1364476680756 5.17241377383471 76.4999985694885
         vertex -43.1364476680756 1.72413792461157 76.4999985694885
      endloop
   endfacet
   facet normal 0 0 -1
      outer loop
         vertex -46.5847253799438 1.72413792461157 76.4999985694885
         vertex -43.1364476680756 1.72413792461157 76.4999985694885
         vertex -46.5847253799438 -1.72413792461157 76.4999985694885
      endloop
   endfacet
   facet normal 0 0 -1
      outer loop
         vertex -46.5847253799438 -1.72413792461157 76.4999985694885
         vertex -43.1364476680756 1.72413792461157 76.4999985694885
         vertex -43.1364476680756 -1.72413792461157 76.4999985694885
      endloop
   endfacet
   facet normal 0 0 -1
      outer loop
         vertex -46.5847253799438 -1.72413792461157 76.4999985694885
         vertex -43.1364476680756 -1.72413792461157 76.4999985694885
         vertex -46.5847253799438 -5.17241377383471 76.4999985694885
      endloop
   endfacet
   facet normal 0 0 -1
      outer loop
         vertex -46.5847253799438 -5.17241377383471 76.4999985694885
         vertex -43.1364476680756 -1.72413792461157 76.4999985694885
         vertex -43.1364476680756 -5.17241377383471 76.4999985694885
      endloop
   endfacet
   facet normal 0 0 -1
      outer loop
         vertex -46.5847253799438 -5.17241377383471 76.4999985694885
         vertex -43.1364476680756 -5.17241377383471 76.4999985694885
         vertex -46.5847253799438 -8.62068962305784 76.4999985694885
      endloop
   endfacet
   facet normal 0 0 -1
      outer loop
         vertex -46.5847253799438 -8.62068962305784 76.4999985694885
         vertex -43.1364476680756 -5.17241377383471 76.4999985694885
         vertex -43.1364476680756 -8.62068962305784 76.4999985694885
      endloop
   endfacet
   facet normal 0 0 -1
      outer loop
         vertex -46.5847253799438 -8.62068962305784 76.4999985694885
         vertex -43.1364476680756 -8.62068962305784 76.4999985694885
         vertex -46.5847253799438 -12.068965472281 76.4999985694885
      endloop
   endfacet
   facet normal 0 0 -1
      outer loop
         vertex -46.5847253799438 -12.068965472281 76.4999985694885
         vertex -43.1364476680756 -8.62068962305784 76.4999985694885
         vertex -43.1364476680756 -12.068965472281 76.4999985694885
      endloop
   endfacet
   facet normal 0 0 -1
      outer loop
         vertex -46.5847253799438 -12.068965472281 76.4999985694885
         vertex -43.1364476680756 -12.068965472281 76.4999985694885
         vertex -46.5847253799438 -15.5172413215041 76.4999985694885
      endloop
   endfacet
   facet normal 0 0 -1
      outer loop
         vertex -46.5847253799438 -15.5172413215041 76.4999985694885
         vertex -43.1364476680756 -12.068965472281 76.4999985694885
         vertex -43.1364476680756 -15.5172413215041 76.4999985694885
      endloop
   endfacet
   facet normal 0 0 -1
      outer loop
         vertex -46.5847253799438 -15.5172413215041 76.4999985694885
         vertex -43.1364476680756 -15.5172413215041 76.4999985694885
         vertex -47.0176301896572 -17.1010065823793 76.4999985694885
      endloop
   endfacet
   facet normal 0 0 -1
      outer loop
         vertex -47.0176301896572 -17.1010065823793 76.4999985694885
         vertex -43.1364476680756 -15.5172413215041 76.4999985694885
         vertex -43.1364476680756 -18.9655181020498 76.4999985694885
      endloop
   endfacet
   facet normal 0 0 -1
      outer loop
         vertex -47.0176301896572 -17.1010065823793 76.4999985694885
         vertex -43.1364476680756 -18.9655181020498 76.4999985694885
         vertex -45.0814440846443 -21.6941870748997 76.4999985694885
      endloop
   endfacet
   facet normal 0 0 -1
      outer loop
         vertex -45.0814440846443 -21.6941870748997 76.4999985694885
         vertex -43.1364476680756 -18.9655181020498 76.4999985694885
         vertex -43.1364476680756 -22.413793951273 76.4999985694885
      endloop
   endfacet
   facet normal 0 0 -1
      outer loop
         vertex -45.0814440846443 -21.6941870748997 76.4999985694885
         vertex -43.1364476680756 -22.413793951273 76.4999985694885
         vertex -42.6975451409817 -26.0717608034611 76.4999985694885
      endloop
   endfacet
   facet normal 0 0 -1
      outer loop
         vertex -42.6975451409817 -26.0717608034611 76.4999985694885
         vertex -43.1364476680756 -22.413793951273 76.4999985694885
         vertex -39.6881736814976 -22.413793951273 76.4999985694885
      endloop
   endfacet
   facet normal 0 0 -1
      outer loop
         vertex -42.6975451409817 -26.0717608034611 76.4999985694885
         vertex -39.6881736814976 -22.413793951273 76.4999985694885
         vertex -39.6881736814976 -25.8620698004961 76.4999985694885
      endloop
   endfacet
   facet normal 0 0 -1
      outer loop
         vertex -39.6881736814976 -25.8620698004961 76.4999985694885
         vertex -39.6881736814976 -22.413793951273 76.4999985694885
         vertex -36.2398959696293 -22.413793951273 76.4999985694885
      endloop
   endfacet
   facet normal 0 0 -1
      outer loop
         vertex -39.6881736814976 -25.8620698004961 76.4999985694885
         vertex -36.2398959696293 -22.413793951273 76.4999985694885
         vertex -36.2398959696293 -25.8620698004961 76.4999985694885
      endloop
   endfacet
   facet normal 0 0 -1
      outer loop
         vertex -36.2398959696293 -25.8620698004961 76.4999985694885
         vertex -36.2398959696293 -22.413793951273 76.4999985694885
         vertex -32.7916219830513 -22.413793951273 76.4999985694885
      endloop
   endfacet
   facet normal 0 0 -1
      outer loop
         vertex -36.2398959696293 -25.8620698004961 76.4999985694885
         vertex -32.7916219830513 -22.413793951273 76.4999985694885
         vertex -32.7916219830513 -25.8620698004961 76.4999985694885
      endloop
   endfacet
   facet normal 0 0 -1
      outer loop
         vertex -32.7916219830513 -25.8620698004961 76.4999985694885
         vertex -32.7916219830513 -22.413793951273 76.4999985694885
         vertex -29.343344271183 -22.413793951273 76.4999985694885
      endloop
   endfacet
   facet normal 0 0 -1
      outer loop
         vertex -32.7916219830513 -25.8620698004961 76.4999985694885
         vertex -29.343344271183 -22.413793951273 76.4999985694885
         vertex -29.343344271183 -25.8620698004961 76.4999985694885
      endloop
   endfacet
   facet normal 0 0 -1
      outer loop
         vertex -29.343344271183 -25.8620698004961 76.4999985694885
         vertex -29.343344271183 -22.413793951273 76.4999985694885
         vertex -25.8950684219599 -22.413793951273 76.4999985694885
      endloop
   endfacet
   facet normal 0 0 -1
      outer loop
         vertex -29.343344271183 -25.8620698004961 76.4999985694885
         vertex -25.8950684219599 -22.413793951273 76.4999985694885
         vertex -25.8950684219599 -25.8620698004961 76.4999985694885
      endloop
   endfacet
   facet normal 0 0 -1
      outer loop
         vertex -25.8950684219599 -25.8620698004961 76.4999985694885
         vertex -25.8950684219599 -22.413793951273 76.4999985694885
         vertex -22.4467925727367 -22.413793951273 76.4999985694885
      endloop
   endfacet
   facet normal 0 0 -1
      outer loop
         vertex -25.8950684219599 -25.8620698004961 76.4999985694885
         vertex -22.4467925727367 -22.413793951273 76.4999985694885
         vertex -22.4467925727367 -25.8620698004961 76.4999985694885
      endloop
   endfacet
   facet normal 0 0 -1
      outer loop
         vertex -22.4467925727367 -25.8620698004961 76.4999985694885
         vertex -22.4467925727367 -22.413793951273 76.4999985694885
         vertex -18.9985167235136 -22.413793951273 76.4999985694885
      endloop
   endfacet
   facet normal 0 0 -1
      outer loop
         vertex -22.4467925727367 -25.8620698004961 76.4999985694885
         vertex -18.9985167235136 -22.413793951273 76.4999985694885
         vertex -18.9985167235136 -25.8620698004961 76.4999985694885
      endloop
   endfacet
   facet normal 0 0 -1
      outer loop
         vertex -18.9985167235136 -25.8620698004961 76.4999985694885
         vertex -18.9985167235136 -22.413793951273 76.4999985694885
         vertex -15.550241805613 -22.413793951273 76.4999985694885
      endloop
   endfacet
   facet normal 0 0 -1
      outer loop
         vertex -18.9985167235136 -25.8620698004961 76.4999985694885
         vertex -15.550241805613 -22.413793951273 76.4999985694885
         vertex -15.550241805613 -25.8620698004961 76.4999985694885
      endloop
   endfacet
   facet normal 0 0 -1
      outer loop
         vertex -15.550241805613 -25.8620698004961 76.4999985694885
         vertex -15.550241805613 -22.413793951273 76.4999985694885
         vertex -12.1019659563899 -22.413793951273 76.4999985694885
      endloop
   endfacet
   facet normal 0 0 -1
      outer loop
         vertex -15.550241805613 -25.8620698004961 76.4999985694885
         vertex -12.1019659563899 -22.413793951273 76.4999985694885
         vertex -12.1019659563899 -25.8620698004961 76.4999985694885
      endloop
   endfacet
   facet normal 0 0 -1
      outer loop
         vertex -12.1019659563899 -25.8620698004961 76.4999985694885
         vertex -12.1019659563899 -22.413793951273 76.4999985694885
         vertex -8.65369010716677 -22.413793951273 76.4999985694885
      endloop
   endfacet
   facet normal 0 0 -1
      outer loop
         vertex -12.1019659563899 -25.8620698004961 76.4999985694885
         vertex -8.65369010716677 -22.413793951273 76.4999985694885
         vertex -8.65369010716677 -25.8620698004961 76.4999985694885
      endloop
   endfacet
   facet normal 0 0 -1
      outer loop
         vertex -8.65369010716677 -25.8620698004961 76.4999985694885
         vertex -8.65369010716677 -22.413793951273 76.4999985694885
         vertex -5.20541379228234 -22.413793951273 76.4999985694885
      endloop
   endfacet
   facet normal 0 0 -1
      outer loop
         vertex -8.65369010716677 -25.8620698004961 76.4999985694885
         vertex -5.20541379228234 -22.413793951273 76.4999985694885
         vertex -5.20541379228234 -25.8620698004961 76.4999985694885
      endloop
   endfacet
   facet normal 0 0 -1
      outer loop
         vertex -5.20541379228234 -25.8620698004961 76.4999985694885
         vertex -5.20541379228234 -22.413793951273 76.4999985694885
         vertex -1.75713794305921 -22.413793951273 76.4999985694885
      endloop
   endfacet
   facet normal 0 0 -1
      outer loop
         vertex -5.20541379228234 -25.8620698004961 76.4999985694885
         vertex -1.75713794305921 -22.413793951273 76.4999985694885
         vertex -1.75713794305921 -25.8620698004961 76.4999985694885
      endloop
   endfacet
   facet normal 0 0 -1
      outer loop
         vertex -1.75713794305921 -25.8620698004961 76.4999985694885
         vertex -1.75713794305921 -22.413793951273 76.4999985694885
         vertex 1.69113790616393 -22.413793951273 76.4999985694885
      endloop
   endfacet
   facet normal 0 0 -1
      outer loop
         vertex -1.75713794305921 -25.8620698004961 76.4999985694885
         vertex 1.69113790616393 -22.413793951273 76.4999985694885
         vertex 1.69113790616393 -25.8620698004961 76.4999985694885
      endloop
   endfacet
   facet normal 0 0 -1
      outer loop
         vertex 1.69113790616393 -25.8620698004961 76.4999985694885
         vertex 1.69113790616393 -22.413793951273 76.4999985694885
         vertex 5.13941375538707 -22.413793951273 76.4999985694885
      endloop
   endfacet
   facet normal 0 0 -1
      outer loop
         vertex 1.69113790616393 -25.8620698004961 76.4999985694885
         vertex 5.13941375538707 -22.413793951273 76.4999985694885
         vertex 5.13941375538707 -25.8620698004961 76.4999985694885
      endloop
   endfacet
   facet normal 0 0 -1
      outer loop
         vertex 5.13941375538707 -25.8620698004961 76.4999985694885
         vertex 5.13941375538707 -22.413793951273 76.4999985694885
         vertex 8.58769007027149 -22.413793951273 76.4999985694885
      endloop
   endfacet
   facet normal 0 0 -1
      outer loop
         vertex 5.13941375538707 -25.8620698004961 76.4999985694885
         vertex 8.58769007027149 -22.413793951273 76.4999985694885
         vertex 8.58769007027149 -25.8620698004961 76.4999985694885
      endloop
   endfacet
   facet normal 0 0 -1
      outer loop
         vertex 8.58769007027149 -25.8620698004961 76.4999985694885
         vertex 8.58769007027149 -22.413793951273 76.4999985694885
         vertex 12.0359659194946 -22.413793951273 76.4999985694885
      endloop
   endfacet
   facet normal 0 0 -1
      outer loop
         vertex 8.58769007027149 -25.8620698004961 76.4999985694885
         vertex 12.0359659194946 -22.413793951273 76.4999985694885
         vertex 12.0359659194946 -25.8620698004961 76.4999985694885
      endloop
   endfacet
   facet normal 0 0 -1
      outer loop
         vertex 12.0359659194946 -25.8620698004961 76.4999985694885
         vertex 12.0359659194946 -22.413793951273 76.4999985694885
         vertex 15.4842417687178 -22.413793951273 76.4999985694885
      endloop
   endfacet
   facet normal 0 0 -1
      outer loop
         vertex 12.0359659194946 -25.8620698004961 76.4999985694885
         vertex 15.4842417687178 -22.413793951273 76.4999985694885
         vertex 15.4842417687178 -25.8620698004961 76.4999985694885
      endloop
   endfacet
   facet normal 0 0 -1
      outer loop
         vertex 15.4842417687178 -25.8620698004961 76.4999985694885
         vertex 15.4842417687178 -22.413793951273 76.4999985694885
         vertex 18.9325176179409 -22.413793951273 76.4999985694885
      endloop
   endfacet
   facet normal 0 0 -1
      outer loop
         vertex 15.4842417687178 -25.8620698004961 76.4999985694885
         vertex 18.9325176179409 -22.413793951273 76.4999985694885
         vertex 18.9325176179409 -25.8620698004961 76.4999985694885
      endloop
   endfacet
   facet normal 0 0 -1
      outer loop
         vertex 18.9325176179409 -25.8620698004961 76.4999985694885
         vertex 18.9325176179409 -22.413793951273 76.4999985694885
         vertex 22.380793467164 -22.413793951273 76.4999985694885
      endloop
   endfacet
   facet normal 0 0 -1
      outer loop
         vertex 18.9325176179409 -25.8620698004961 76.4999985694885
         vertex 22.380793467164 -22.413793951273 76.4999985694885
         vertex 22.380793467164 -25.8620698004961 76.4999985694885
      endloop
   endfacet
   facet normal 0 0 -1
      outer loop
         vertex 22.380793467164 -25.8620698004961 76.4999985694885
         vertex 22.380793467164 -22.413793951273 76.4999985694885
         vertex 25.8290693163872 -22.413793951273 76.4999985694885
      endloop
   endfacet
   facet normal 0 0 -1
      outer loop
         vertex 22.380793467164 -25.8620698004961 76.4999985694885
         vertex 25.8290693163872 -22.413793951273 76.4999985694885
         vertex 25.8290693163872 -25.8620698004961 76.4999985694885
      endloop
   endfacet
   facet normal 0 0 -1
      outer loop
         vertex 25.8290693163872 -25.8620698004961 76.4999985694885
         vertex 25.8290693163872 -22.413793951273 76.4999985694885
         vertex 29.2773451656103 -22.413793951273 76.4999985694885
      endloop
   endfacet
   facet normal 0 0 -1
      outer loop
         vertex 25.8290693163872 -25.8620698004961 76.4999985694885
         vertex 29.2773451656103 -22.413793951273 76.4999985694885
         vertex 29.2773451656103 -25.8620698004961 76.4999985694885
      endloop
   endfacet
   facet normal 0 0 -1
      outer loop
         vertex 29.2773451656103 -25.8620698004961 76.4999985694885
         vertex 29.2773451656103 -22.413793951273 76.4999985694885
         vertex 32.7256210148335 -22.413793951273 76.4999985694885
      endloop
   endfacet
   facet normal 0 0 -1
      outer loop
         vertex 29.2773451656103 -25.8620698004961 76.4999985694885
         vertex 32.7256210148335 -22.413793951273 76.4999985694885
         vertex 32.7256210148335 -25.8620698004961 76.4999985694885
      endloop
   endfacet
   facet normal 0 0 -1
      outer loop
         vertex 32.7256210148335 -25.8620698004961 76.4999985694885
         vertex 32.7256210148335 -22.413793951273 76.4999985694885
         vertex 36.1738950014114 -22.413793951273 76.4999985694885
      endloop
   endfacet
   facet normal 0 0 -1
      outer loop
         vertex 32.7256210148335 -25.8620698004961 76.4999985694885
         vertex 36.1738950014114 -22.413793951273 76.4999985694885
         vertex 36.1738950014114 -25.8620698004961 76.4999985694885
      endloop
   endfacet
   facet normal 0 0 -1
      outer loop
         vertex 36.1738950014114 -25.8620698004961 76.4999985694885
         vertex 36.1738950014114 -22.413793951273 76.4999985694885
         vertex 39.6221727132797 -22.413793951273 76.4999985694885
      endloop
   endfacet
   facet normal 0 0 -1
      outer loop
         vertex 36.1738950014114 -25.8620698004961 76.4999985694885
         vertex 39.6221727132797 -22.413793951273 76.4999985694885
         vertex 39.6221727132797 -25.8620698004961 76.4999985694885
      endloop
   endfacet
   facet normal 0 0 -1
      outer loop
         vertex 39.6221727132797 -25.8620698004961 76.4999985694885
         vertex 39.6221727132797 -22.413793951273 76.4999985694885
         vertex 43.0704466998577 -22.413793951273 76.4999985694885
      endloop
   endfacet
   facet normal 0 0 -1
      outer loop
         vertex 39.6221727132797 -25.8620698004961 76.4999985694885
         vertex 43.0704466998577 -22.413793951273 76.4999985694885
         vertex 43.8780784606934 -23.9126980304718 76.4999985694885
      endloop
   endfacet
   facet normal 0 0 -1
      outer loop
         vertex 43.8780784606934 -23.9126980304718 76.4999985694885
         vertex 43.0704466998577 -22.413793951273 76.4999985694885
         vertex 46.0408106446266 -19.4217395037413 76.4999985694885
      endloop
   endfacet
   facet normal 0 0 -1
      outer loop
         vertex 18.9325176179409 -22.413793951273 76.4999985694885
         vertex 15.4842417687178 -22.413793951273 76.4999985694885
         vertex 18.9325176179409 -18.9655181020498 76.4999985694885
      endloop
   endfacet
   facet normal 0 0 -1
      outer loop
         vertex 18.9325176179409 -18.9655181020498 76.4999985694885
         vertex 15.4842417687178 -22.413793951273 76.4999985694885
         vertex 15.4842417687178 -18.9655181020498 76.4999985694885
      endloop
   endfacet
   facet normal 0 0 -1
      outer loop
         vertex 18.9325176179409 -18.9655181020498 76.4999985694885
         vertex 15.4842417687178 -18.9655181020498 76.4999985694885
         vertex 18.9325176179409 -15.5172413215041 76.4999985694885
      endloop
   endfacet
   facet normal 0 0 -1
      outer loop
         vertex 18.9325176179409 -15.5172413215041 76.4999985694885
         vertex 15.4842417687178 -18.9655181020498 76.4999985694885
         vertex 15.4842417687178 -15.5172413215041 76.4999985694885
      endloop
   endfacet
   facet normal 0 0 -1
      outer loop
         vertex 18.9325176179409 -15.5172413215041 76.4999985694885
         vertex 15.4842417687178 -15.5172413215041 76.4999985694885
         vertex 18.9325176179409 -12.068965472281 76.4999985694885
      endloop
   endfacet
   facet normal 0 0 -1
      outer loop
         vertex 18.9325176179409 -12.068965472281 76.4999985694885
         vertex 15.4842417687178 -15.5172413215041 76.4999985694885
         vertex 15.4842417687178 -12.068965472281 76.4999985694885
      endloop
   endfacet
   facet normal 0 0 -1
      outer loop
         vertex 18.9325176179409 -12.068965472281 76.4999985694885
         vertex 15.4842417687178 -12.068965472281 76.4999985694885
         vertex 18.9325176179409 -8.62068962305784 76.4999985694885
      endloop
   endfacet
   facet normal 0 0 -1
      outer loop
         vertex 18.9325176179409 -8.62068962305784 76.4999985694885
         vertex 15.4842417687178 -12.068965472281 76.4999985694885
         vertex 15.4842417687178 -8.62068962305784 76.4999985694885
      endloop
   endfacet
   facet normal 0 0 -1
      outer loop
         vertex 18.9325176179409 -8.62068962305784 76.4999985694885
         vertex 15.4842417687178 -8.62068962305784 76.4999985694885
         vertex 18.9325176179409 -5.17241377383471 76.4999985694885
      endloop
   endfacet
   facet normal 0 0 -1
      outer loop
         vertex 18.9325176179409 -5.17241377383471 76.4999985694885
         vertex 15.4842417687178 -8.62068962305784 76.4999985694885
         vertex 15.4842417687178 -5.17241377383471 76.4999985694885
      endloop
   endfacet
   facet normal 0 0 -1
      outer loop
         vertex 18.9325176179409 -5.17241377383471 76.4999985694885
         vertex 15.4842417687178 -5.17241377383471 76.4999985694885
         vertex 18.9325176179409 -1.72413792461157 76.4999985694885
      endloop
   endfacet
   facet normal 0 0 -1
      outer loop
         vertex 18.9325176179409 -1.72413792461157 76.4999985694885
         vertex 15.4842417687178 -5.17241377383471 76.4999985694885
         vertex 15.4842417687178 -1.72413792461157 76.4999985694885
      endloop
   endfacet
   facet normal 0 0 -1
      outer loop
         vertex 18.9325176179409 -1.72413792461157 76.4999985694885
         vertex 15.4842417687178 -1.72413792461157 76.4999985694885
         vertex 18.9325176179409 1.72413792461157 76.4999985694885
      endloop
   endfacet
   facet normal 0 0 -1
      outer loop
         vertex 18.9325176179409 1.72413792461157 76.4999985694885
         vertex 15.4842417687178 -1.72413792461157 76.4999985694885
         vertex 15.4842417687178 1.72413792461157 76.4999985694885
      endloop
   endfacet
   facet normal 0 0 -1
      outer loop
         vertex 18.9325176179409 1.72413792461157 76.4999985694885
         vertex 15.4842417687178 1.72413792461157 76.4999985694885
         vertex 18.9325176179409 5.17241377383471 76.4999985694885
      endloop
   endfacet
   facet normal 0 0 -1
      outer loop
         vertex 18.9325176179409 5.17241377383471 76.4999985694885
         vertex 15.4842417687178 1.72413792461157 76.4999985694885
         vertex 15.4842417687178 5.17241377383471 76.4999985694885
      endloop
   endfacet
   facet normal 0 0 -1
      outer loop
         vertex 18.9325176179409 5.17241377383471 76.4999985694885
         vertex 15.4842417687178 5.17241377383471 76.4999985694885
         vertex 18.9325176179409 8.62068962305784 76.4999985694885
      endloop
   endfacet
   facet normal 0 0 -1
      outer loop
         vertex 18.9325176179409 8.62068962305784 76.4999985694885
         vertex 15.4842417687178 5.17241377383471 76.4999985694885
         vertex 15.4842417687178 8.62068962305784 76.4999985694885
      endloop
   endfacet
   facet normal 0 0 -1
      outer loop
         vertex 18.9325176179409 8.62068962305784 76.4999985694885
         vertex 15.4842417687178 8.62068962305784 76.4999985694885
         vertex 18.9325176179409 12.068965472281 76.4999985694885
      endloop
   endfacet
   facet normal 0 0 -1
      outer loop
         vertex 18.9325176179409 12.068965472281 76.4999985694885
         vertex 15.4842417687178 8.62068962305784 76.4999985694885
         vertex 15.4842417687178 12.068965472281 76.4999985694885
      endloop
   endfacet
   facet normal 0 0 -1
      outer loop
         vertex 18.9325176179409 12.068965472281 76.4999985694885
         vertex 15.4842417687178 12.068965472281 76.4999985694885
         vertex 18.9325176179409 15.5172413215041 76.4999985694885
      endloop
   endfacet
   facet normal 0 0 -1
      outer loop
         vertex 18.9325176179409 15.5172413215041 76.4999985694885
         vertex 15.4842417687178 12.068965472281 76.4999985694885
         vertex 15.4842417687178 15.5172413215041 76.4999985694885
      endloop
   endfacet
   facet normal 0 0 -1
      outer loop
         vertex 18.9325176179409 15.5172413215041 76.4999985694885
         vertex 15.4842417687178 15.5172413215041 76.4999985694885
         vertex 18.9325176179409 18.9655181020498 76.4999985694885
      endloop
   endfacet
   facet normal 0 0 -1
      outer loop
         vertex 18.9325176179409 18.9655181020498 76.4999985694885
         vertex 15.4842417687178 15.5172413215041 76.4999985694885
         vertex 15.4842417687178 18.9655181020498 76.4999985694885
      endloop
   endfacet
   facet normal 0 0 -1
      outer loop
         vertex 18.9325176179409 18.9655181020498 76.4999985694885
         vertex 15.4842417687178 18.9655181020498 76.4999985694885
         vertex 18.9325176179409 22.413793951273 76.4999985694885
      endloop
   endfacet
   facet normal 0 0 -1
      outer loop
         vertex 18.9325176179409 22.413793951273 76.4999985694885
         vertex 15.4842417687178 18.9655181020498 76.4999985694885
         vertex 15.4842417687178 22.413793951273 76.4999985694885
      endloop
   endfacet
   facet normal 0 0 -1
      outer loop
         vertex 18.9325176179409 22.413793951273 76.4999985694885
         vertex 15.4842417687178 22.413793951273 76.4999985694885
         vertex 18.9325176179409 25.8620698004961 76.4999985694885
      endloop
   endfacet
   facet normal 0 0 -1
      outer loop
         vertex 18.9325176179409 25.8620698004961 76.4999985694885
         vertex 15.4842417687178 22.413793951273 76.4999985694885
         vertex 15.4842417687178 25.8620698004961 76.4999985694885
      endloop
   endfacet
   facet normal 0 0 -1
      outer loop
         vertex 18.9325176179409 25.8620698004961 76.4999985694885
         vertex 15.4842417687178 25.8620698004961 76.4999985694885
         vertex 18.9325176179409 29.3103456497192 76.4999985694885
      endloop
   endfacet
   facet normal 0 0 -1
      outer loop
         vertex 18.9325176179409 29.3103456497192 76.4999985694885
         vertex 15.4842417687178 25.8620698004961 76.4999985694885
         vertex 15.4842417687178 29.3103456497192 76.4999985694885
      endloop
   endfacet
   facet normal 0 0 -1
      outer loop
         vertex 18.9325176179409 29.3103456497192 76.4999985694885
         vertex 15.4842417687178 29.3103456497192 76.4999985694885
         vertex 18.9325176179409 32.7586196362972 76.4999985694885
      endloop
   endfacet
   facet normal 0 0 -1
      outer loop
         vertex 18.9325176179409 32.7586196362972 76.4999985694885
         vertex 15.4842417687178 29.3103456497192 76.4999985694885
         vertex 15.4842417687178 32.7586196362972 76.4999985694885
      endloop
   endfacet
   facet normal 0 0 -1
      outer loop
         vertex 18.9325176179409 32.7586196362972 76.4999985694885
         vertex 15.4842417687178 32.7586196362972 76.4999985694885
         vertex 18.9325176179409 36.2068973481655 76.4999985694885
      endloop
   endfacet
   facet normal 0 0 -1
      outer loop
         vertex 18.9325176179409 36.2068973481655 76.4999985694885
         vertex 15.4842417687178 32.7586196362972 76.4999985694885
         vertex 15.4842417687178 36.2068973481655 76.4999985694885
      endloop
   endfacet
   facet normal 0 0 -1
      outer loop
         vertex 18.9325176179409 36.2068973481655 76.4999985694885
         vertex 15.4842417687178 36.2068973481655 76.4999985694885
         vertex 18.9325176179409 39.6551713347435 76.4999985694885
      endloop
   endfacet
   facet normal 0 0 -1
      outer loop
         vertex 18.9325176179409 39.6551713347435 76.4999985694885
         vertex 15.4842417687178 36.2068973481655 76.4999985694885
         vertex 15.4842417687178 39.6551713347435 76.4999985694885
      endloop
   endfacet
   facet normal 0 0 -1
      outer loop
         vertex 18.9325176179409 39.6551713347435 76.4999985694885
         vertex 15.4842417687178 39.6551713347435 76.4999985694885
         vertex 18.9325176179409 43.1034490466118 76.4999985694885
      endloop
   endfacet
   facet normal 0 0 -1
      outer loop
         vertex 18.9325176179409 43.1034490466118 76.4999985694885
         vertex 15.4842417687178 39.6551713347435 76.4999985694885
         vertex 15.4842417687178 43.1034490466118 76.4999985694885
      endloop
   endfacet
   facet normal 0 0 -1
      outer loop
         vertex 18.9325176179409 43.1034490466118 76.4999985694885
         vertex 15.4842417687178 43.1034490466118 76.4999985694885
         vertex 18.2340517640114 46.543687582016 76.4999985694885
      endloop
   endfacet
   facet normal 0 0 -1
      outer loop
         vertex 18.2340517640114 46.543687582016 76.4999985694885
         vertex 15.4842417687178 43.1034490466118 76.4999985694885
         vertex 15.4842417687178 46.5517230331898 76.4999985694885
      endloop
   endfacet
   facet normal 0 0 -1
      outer loop
         vertex 18.2340517640114 46.543687582016 76.4999985694885
         vertex 15.4842417687178 46.5517230331898 76.4999985694885
         vertex 13.5090230032802 48.1312125921249 76.4999985694885
      endloop
   endfacet
   facet normal 0 0 -1
      outer loop
         vertex 13.5090230032802 48.1312125921249 76.4999985694885
         vertex 15.4842417687178 46.5517230331898 76.4999985694885
         vertex 12.0359659194946 46.5517230331898 76.4999985694885
      endloop
   endfacet
   facet normal 0 0 -1
      outer loop
         vertex 13.5090230032802 48.1312125921249 76.4999985694885
         vertex 12.0359659194946 46.5517230331898 76.4999985694885
         vertex 8.64940881729126 49.2403879761696 76.4999985694885
      endloop
   endfacet
   facet normal 0 0 -1
      outer loop
         vertex 8.64940881729126 49.2403879761696 76.4999985694885
         vertex 12.0359659194946 46.5517230331898 76.4999985694885
         vertex 8.58769007027149 46.5517230331898 76.4999985694885
      endloop
   endfacet
   facet normal 0 0 -1
      outer loop
         vertex 8.64940881729126 49.2403879761696 76.4999985694885
         vertex 8.58769007027149 46.5517230331898 76.4999985694885
         vertex 5.13941375538707 46.5517230331898 76.4999985694885
      endloop
   endfacet
   facet normal 0 0 -1
      outer loop
         vertex 5.13941375538707 46.5517230331898 76.4999985694885
         vertex 8.58769007027149 46.5517230331898 76.4999985694885
         vertex 5.13941375538707 43.1034490466118 76.4999985694885
      endloop
   endfacet
   facet normal 0 0 -1
      outer loop
         vertex 5.13941375538707 46.5517230331898 76.4999985694885
         vertex 5.13941375538707 43.1034490466118 76.4999985694885
         vertex 1.69113790616393 43.1034490466118 76.4999985694885
      endloop
   endfacet
   facet normal 0 0 -1
      outer loop
         vertex 1.69113790616393 43.1034490466118 76.4999985694885
         vertex 5.13941375538707 43.1034490466118 76.4999985694885
         vertex 1.69113790616393 39.6551713347435 76.4999985694885
      endloop
   endfacet
   facet normal 0 0 -1
      outer loop
         vertex 1.69113790616393 43.1034490466118 76.4999985694885
         vertex 1.69113790616393 39.6551713347435 76.4999985694885
         vertex -1.75713794305921 39.6551713347435 76.4999985694885
      endloop
   endfacet
   facet normal 0 0 -1
      outer loop
         vertex -1.75713794305921 39.6551713347435 76.4999985694885
         vertex 1.69113790616393 39.6551713347435 76.4999985694885
         vertex -1.75713794305921 36.2068973481655 76.4999985694885
      endloop
   endfacet
   facet normal 0 0 -1
      outer loop
         vertex -1.75713794305921 39.6551713347435 76.4999985694885
         vertex -1.75713794305921 36.2068973481655 76.4999985694885
         vertex -5.20541379228234 36.2068973481655 76.4999985694885
      endloop
   endfacet
   facet normal 0 0 -1
      outer loop
         vertex -5.20541379228234 36.2068973481655 76.4999985694885
         vertex -1.75713794305921 36.2068973481655 76.4999985694885
         vertex -5.20541379228234 32.7586196362972 76.4999985694885
      endloop
   endfacet
   facet normal 0 0 -1
      outer loop
         vertex -5.20541379228234 36.2068973481655 76.4999985694885
         vertex -5.20541379228234 32.7586196362972 76.4999985694885
         vertex -8.65369010716677 32.7586196362972 76.4999985694885
      endloop
   endfacet
   facet normal 0 0 -1
      outer loop
         vertex -8.65369010716677 32.7586196362972 76.4999985694885
         vertex -5.20541379228234 32.7586196362972 76.4999985694885
         vertex -8.65369010716677 29.3103456497192 76.4999985694885
      endloop
   endfacet
   facet normal 0 0 -1
      outer loop
         vertex -8.65369010716677 32.7586196362972 76.4999985694885
         vertex -8.65369010716677 29.3103456497192 76.4999985694885
         vertex -12.1019659563899 29.3103456497192 76.4999985694885
      endloop
   endfacet
   facet normal 0 0 -1
      outer loop
         vertex -12.1019659563899 29.3103456497192 76.4999985694885
         vertex -8.65369010716677 29.3103456497192 76.4999985694885
         vertex -12.1019659563899 25.8620698004961 76.4999985694885
      endloop
   endfacet
   facet normal 0 0 -1
      outer loop
         vertex -12.1019659563899 29.3103456497192 76.4999985694885
         vertex -12.1019659563899 25.8620698004961 76.4999985694885
         vertex -15.550241805613 25.8620698004961 76.4999985694885
      endloop
   endfacet
   facet normal 0 0 -1
      outer loop
         vertex -15.550241805613 25.8620698004961 76.4999985694885
         vertex -12.1019659563899 25.8620698004961 76.4999985694885
         vertex -15.550241805613 22.413793951273 76.4999985694885
      endloop
   endfacet
   facet normal 0 0 -1
      outer loop
         vertex -15.550241805613 25.8620698004961 76.4999985694885
         vertex -15.550241805613 22.413793951273 76.4999985694885
         vertex -18.9985167235136 22.413793951273 76.4999985694885
      endloop
   endfacet
   facet normal 0 0 -1
      outer loop
         vertex -18.9985167235136 22.413793951273 76.4999985694885
         vertex -15.550241805613 22.413793951273 76.4999985694885
         vertex -18.9985167235136 18.9655181020498 76.4999985694885
      endloop
   endfacet
   facet normal 0 0 -1
      outer loop
         vertex -18.9985167235136 22.413793951273 76.4999985694885
         vertex -18.9985167235136 18.9655181020498 76.4999985694885
         vertex -22.4467925727367 18.9655181020498 76.4999985694885
      endloop
   endfacet
   facet normal 0 0 -1
      outer loop
         vertex -22.4467925727367 18.9655181020498 76.4999985694885
         vertex -18.9985167235136 18.9655181020498 76.4999985694885
         vertex -22.4467925727367 15.5172413215041 76.4999985694885
      endloop
   endfacet
   facet normal 0 0 -1
      outer loop
         vertex -22.4467925727367 18.9655181020498 76.4999985694885
         vertex -22.4467925727367 15.5172413215041 76.4999985694885
         vertex -25.8950684219599 15.5172413215041 76.4999985694885
      endloop
   endfacet
   facet normal 0 0 -1
      outer loop
         vertex -25.8950684219599 15.5172413215041 76.4999985694885
         vertex -22.4467925727367 15.5172413215041 76.4999985694885
         vertex -25.8950684219599 12.068965472281 76.4999985694885
      endloop
   endfacet
   facet normal 0 0 -1
      outer loop
         vertex -25.8950684219599 15.5172413215041 76.4999985694885
         vertex -25.8950684219599 12.068965472281 76.4999985694885
         vertex -29.343344271183 12.068965472281 76.4999985694885
      endloop
   endfacet
   facet normal 0 0 -1
      outer loop
         vertex -29.343344271183 12.068965472281 76.4999985694885
         vertex -25.8950684219599 12.068965472281 76.4999985694885
         vertex -29.343344271183 8.62068962305784 76.4999985694885
      endloop
   endfacet
   facet normal 0 0 -1
      outer loop
         vertex -29.343344271183 12.068965472281 76.4999985694885
         vertex -29.343344271183 8.62068962305784 76.4999985694885
         vertex -32.7916219830513 8.62068962305784 76.4999985694885
      endloop
   endfacet
   facet normal 0 0 -1
      outer loop
         vertex -32.7916219830513 8.62068962305784 76.4999985694885
         vertex -29.343344271183 8.62068962305784 76.4999985694885
         vertex -32.7916219830513 5.17241377383471 76.4999985694885
      endloop
   endfacet
   facet normal 0 0 -1
      outer loop
         vertex -32.7916219830513 8.62068962305784 76.4999985694885
         vertex -32.7916219830513 5.17241377383471 76.4999985694885
         vertex -36.2398959696293 5.17241377383471 76.4999985694885
      endloop
   endfacet
   facet normal 0 0 -1
      outer loop
         vertex -36.2398959696293 5.17241377383471 76.4999985694885
         vertex -32.7916219830513 5.17241377383471 76.4999985694885
         vertex -36.2398959696293 1.72413792461157 76.4999985694885
      endloop
   endfacet
   facet normal 0 0 -1
      outer loop
         vertex -36.2398959696293 5.17241377383471 76.4999985694885
         vertex -36.2398959696293 1.72413792461157 76.4999985694885
         vertex -39.6881736814976 1.72413792461157 76.4999985694885
      endloop
   endfacet
   facet normal 0 0 -1
      outer loop
         vertex -39.6881736814976 1.72413792461157 76.4999985694885
         vertex -36.2398959696293 1.72413792461157 76.4999985694885
         vertex -39.6881736814976 -1.72413792461157 76.4999985694885
      endloop
   endfacet
   facet normal 0 0 -1
      outer loop
         vertex -39.6881736814976 1.72413792461157 76.4999985694885
         vertex -39.6881736814976 -1.72413792461157 76.4999985694885
         vertex -43.1364476680756 -1.72413792461157 76.4999985694885
      endloop
   endfacet
   facet normal 0 0 -1
      outer loop
         vertex -43.1364476680756 -1.72413792461157 76.4999985694885
         vertex -39.6881736814976 -1.72413792461157 76.4999985694885
         vertex -43.1364476680756 -5.17241377383471 76.4999985694885
      endloop
   endfacet
   facet normal 0 0 -1
      outer loop
         vertex 32.7256210148335 -22.413793951273 76.4999985694885
         vertex 29.2773451656103 -22.413793951273 76.4999985694885
         vertex 32.7256210148335 -18.9655181020498 76.4999985694885
      endloop
   endfacet
   facet normal 0 0 -1
      outer loop
         vertex 32.7256210148335 -18.9655181020498 76.4999985694885
         vertex 29.2773451656103 -22.413793951273 76.4999985694885
         vertex 29.2773451656103 -18.9655181020498 76.4999985694885
      endloop
   endfacet
   facet normal 0 0 -1
      outer loop
         vertex 32.7256210148335 -18.9655181020498 76.4999985694885
         vertex 29.2773451656103 -18.9655181020498 76.4999985694885
         vertex 32.7256210148335 -15.5172413215041 76.4999985694885
      endloop
   endfacet
   facet normal 0 0 -1
      outer loop
         vertex 32.7256210148335 -15.5172413215041 76.4999985694885
         vertex 29.2773451656103 -18.9655181020498 76.4999985694885
         vertex 29.2773451656103 -15.5172413215041 76.4999985694885
      endloop
   endfacet
   facet normal 0 0 -1
      outer loop
         vertex 32.7256210148335 -15.5172413215041 76.4999985694885
         vertex 29.2773451656103 -15.5172413215041 76.4999985694885
         vertex 32.7256210148335 -12.068965472281 76.4999985694885
      endloop
   endfacet
   facet normal 0 0 -1
      outer loop
         vertex 32.7256210148335 -12.068965472281 76.4999985694885
         vertex 29.2773451656103 -15.5172413215041 76.4999985694885
         vertex 29.2773451656103 -12.068965472281 76.4999985694885
      endloop
   endfacet
   facet normal 0 0 -1
      outer loop
         vertex 32.7256210148335 -12.068965472281 76.4999985694885
         vertex 29.2773451656103 -12.068965472281 76.4999985694885
         vertex 32.7256210148335 -8.62068962305784 76.4999985694885
      endloop
   endfacet
   facet normal 0 0 -1
      outer loop
         vertex 32.7256210148335 -8.62068962305784 76.4999985694885
         vertex 29.2773451656103 -12.068965472281 76.4999985694885
         vertex 29.2773451656103 -8.62068962305784 76.4999985694885
      endloop
   endfacet
   facet normal 0 0 -1
      outer loop
         vertex 32.7256210148335 -8.62068962305784 76.4999985694885
         vertex 29.2773451656103 -8.62068962305784 76.4999985694885
         vertex 32.7256210148335 -5.17241377383471 76.4999985694885
      endloop
   endfacet
   facet normal 0 0 -1
      outer loop
         vertex 32.7256210148335 -5.17241377383471 76.4999985694885
         vertex 29.2773451656103 -8.62068962305784 76.4999985694885
         vertex 29.2773451656103 -5.17241377383471 76.4999985694885
      endloop
   endfacet
   facet normal 0 0 -1
      outer loop
         vertex 32.7256210148335 -5.17241377383471 76.4999985694885
         vertex 29.2773451656103 -5.17241377383471 76.4999985694885
         vertex 32.7256210148335 -1.72413792461157 76.4999985694885
      endloop
   endfacet
   facet normal 0 0 -1
      outer loop
         vertex 32.7256210148335 -1.72413792461157 76.4999985694885
         vertex 29.2773451656103 -5.17241377383471 76.4999985694885
         vertex 29.2773451656103 -1.72413792461157 76.4999985694885
      endloop
   endfacet
   facet normal 0 0 -1
      outer loop
         vertex 32.7256210148335 -1.72413792461157 76.4999985694885
         vertex 29.2773451656103 -1.72413792461157 76.4999985694885
         vertex 32.7256210148335 1.72413792461157 76.4999985694885
      endloop
   endfacet
   facet normal 0 0 -1
      outer loop
         vertex 32.7256210148335 1.72413792461157 76.4999985694885
         vertex 29.2773451656103 -1.72413792461157 76.4999985694885
         vertex 29.2773451656103 1.72413792461157 76.4999985694885
      endloop
   endfacet
   facet normal 0 0 -1
      outer loop
         vertex 32.7256210148335 1.72413792461157 76.4999985694885
         vertex 29.2773451656103 1.72413792461157 76.4999985694885
         vertex 32.7256210148335 5.17241377383471 76.4999985694885
      endloop
   endfacet
   facet normal 0 0 -1
      outer loop
         vertex 32.7256210148335 5.17241377383471 76.4999985694885
         vertex 29.2773451656103 1.72413792461157 76.4999985694885
         vertex 29.2773451656103 5.17241377383471 76.4999985694885
      endloop
   endfacet
   facet normal 0 0 -1
      outer loop
         vertex 32.7256210148335 5.17241377383471 76.4999985694885
         vertex 29.2773451656103 5.17241377383471 76.4999985694885
         vertex 32.7256210148335 8.62068962305784 76.4999985694885
      endloop
   endfacet
   facet normal 0 0 -1
      outer loop
         vertex 32.7256210148335 8.62068962305784 76.4999985694885
         vertex 29.2773451656103 5.17241377383471 76.4999985694885
         vertex 29.2773451656103 8.62068962305784 76.4999985694885
      endloop
   endfacet
   facet normal 0 0 -1
      outer loop
         vertex 32.7256210148335 8.62068962305784 76.4999985694885
         vertex 29.2773451656103 8.62068962305784 76.4999985694885
         vertex 32.7256210148335 12.068965472281 76.4999985694885
      endloop
   endfacet
   facet normal 0 0 -1
      outer loop
         vertex 32.7256210148335 12.068965472281 76.4999985694885
         vertex 29.2773451656103 8.62068962305784 76.4999985694885
         vertex 29.2773451656103 12.068965472281 76.4999985694885
      endloop
   endfacet
   facet normal 0 0 -1
      outer loop
         vertex 32.7256210148335 12.068965472281 76.4999985694885
         vertex 29.2773451656103 12.068965472281 76.4999985694885
         vertex 32.7256210148335 15.5172413215041 76.4999985694885
      endloop
   endfacet
   facet normal 0 0 -1
      outer loop
         vertex 32.7256210148335 15.5172413215041 76.4999985694885
         vertex 29.2773451656103 12.068965472281 76.4999985694885
         vertex 29.2773451656103 15.5172413215041 76.4999985694885
      endloop
   endfacet
   facet normal 0 0 -1
      outer loop
         vertex 32.7256210148335 15.5172413215041 76.4999985694885
         vertex 29.2773451656103 15.5172413215041 76.4999985694885
         vertex 32.7256210148335 18.9655181020498 76.4999985694885
      endloop
   endfacet
   facet normal 0 0 -1
      outer loop
         vertex 32.7256210148335 18.9655181020498 76.4999985694885
         vertex 29.2773451656103 15.5172413215041 76.4999985694885
         vertex 29.2773451656103 18.9655181020498 76.4999985694885
      endloop
   endfacet
   facet normal 0 0 -1
      outer loop
         vertex 32.7256210148335 18.9655181020498 76.4999985694885
         vertex 29.2773451656103 18.9655181020498 76.4999985694885
         vertex 32.7256210148335 22.413793951273 76.4999985694885
      endloop
   endfacet
   facet normal 0 0 -1
      outer loop
         vertex 32.7256210148335 22.413793951273 76.4999985694885
         vertex 29.2773451656103 18.9655181020498 76.4999985694885
         vertex 29.2773451656103 22.413793951273 76.4999985694885
      endloop
   endfacet
   facet normal 0 0 -1
      outer loop
         vertex 32.7256210148335 22.413793951273 76.4999985694885
         vertex 29.2773451656103 22.413793951273 76.4999985694885
         vertex 32.7256210148335 25.8620698004961 76.4999985694885
      endloop
   endfacet
   facet normal 0 0 -1
      outer loop
         vertex 32.7256210148335 25.8620698004961 76.4999985694885
         vertex 29.2773451656103 22.413793951273 76.4999985694885
         vertex 29.2773451656103 25.8620698004961 76.4999985694885
      endloop
   endfacet
   facet normal 0 0 -1
      outer loop
         vertex 32.7256210148335 25.8620698004961 76.4999985694885
         vertex 29.2773451656103 25.8620698004961 76.4999985694885
         vertex 32.7256210148335 29.3103456497192 76.4999985694885
      endloop
   endfacet
   facet normal 0 0 -1
      outer loop
         vertex 32.7256210148335 29.3103456497192 76.4999985694885
         vertex 29.2773451656103 25.8620698004961 76.4999985694885
         vertex 29.2773451656103 29.3103456497192 76.4999985694885
      endloop
   endfacet
   facet normal 0 0 -1
      outer loop
         vertex 32.7256210148335 29.3103456497192 76.4999985694885
         vertex 29.2773451656103 29.3103456497192 76.4999985694885
         vertex 32.7256210148335 32.7586196362972 76.4999985694885
      endloop
   endfacet
   facet normal 0 0 -1
      outer loop
         vertex 32.7256210148335 32.7586196362972 76.4999985694885
         vertex 29.2773451656103 29.3103456497192 76.4999985694885
         vertex 29.2773451656103 32.7586196362972 76.4999985694885
      endloop
   endfacet
   facet normal 0 0 -1
      outer loop
         vertex 32.7256210148335 32.7586196362972 76.4999985694885
         vertex 29.2773451656103 32.7586196362972 76.4999985694885
         vertex 32.7256210148335 36.2068973481655 76.4999985694885
      endloop
   endfacet
   facet normal 0 0 -1
      outer loop
         vertex 32.7256210148335 36.2068973481655 76.4999985694885
         vertex 29.2773451656103 32.7586196362972 76.4999985694885
         vertex 29.2773451656103 36.2068973481655 76.4999985694885
      endloop
   endfacet
   facet normal 0 0 -1
      outer loop
         vertex 32.7256210148335 36.2068973481655 76.4999985694885
         vertex 29.2773451656103 36.2068973481655 76.4999985694885
         vertex 31.1414897441864 39.0915758907795 76.4999985694885
      endloop
   endfacet
   facet normal 0 0 -1
      outer loop
         vertex 31.1414897441864 39.0915758907795 76.4999985694885
         vertex 29.2773451656103 36.2068973481655 76.4999985694885
         vertex 29.2773451656103 39.6551713347435 76.4999985694885
      endloop
   endfacet
   facet normal 0 0 -1
      outer loop
         vertex 31.1414897441864 39.0915758907795 76.4999985694885
         vertex 29.2773451656103 39.6551713347435 76.4999985694885
         vertex 27.0943138748407 42.0012958347797 76.4999985694885
      endloop
   endfacet
   facet normal 0 0 -1
      outer loop
         vertex 27.0943138748407 42.0012958347797 76.4999985694885
         vertex 29.2773451656103 39.6551713347435 76.4999985694885
         vertex 25.8290693163872 39.6551713347435 76.4999985694885
      endloop
   endfacet
   facet normal 0 0 -1
      outer loop
         vertex 27.0943138748407 42.0012958347797 76.4999985694885
         vertex 25.8290693163872 39.6551713347435 76.4999985694885
         vertex 22.380793467164 43.1034490466118 76.4999985694885
      endloop
   endfacet
   facet normal 0 0 -1
      outer loop
         vertex 22.380793467164 43.1034490466118 76.4999985694885
         vertex 25.8290693163872 39.6551713347435 76.4999985694885
         vertex 22.380793467164 39.6551713347435 76.4999985694885
      endloop
   endfacet
   facet normal 0 0 -1
      outer loop
         vertex 22.380793467164 43.1034490466118 76.4999985694885
         vertex 22.380793467164 39.6551713347435 76.4999985694885
         vertex 18.9325176179409 39.6551713347435 76.4999985694885
      endloop
   endfacet
   facet normal 0 0 -1
      outer loop
         vertex 18.9325176179409 39.6551713347435 76.4999985694885
         vertex 22.380793467164 39.6551713347435 76.4999985694885
         vertex 18.9325176179409 36.2068973481655 76.4999985694885
      endloop
   endfacet
   facet normal 0 0 -1
      outer loop
         vertex 31.1414897441864 39.0915758907795 76.4999985694885
         vertex 34.8788425326347 35.7933416962624 76.4999985694885
         vertex 32.7256210148335 36.2068973481655 76.4999985694885
      endloop
   endfacet
   facet normal 0 0 -1
      outer loop
         vertex 32.7256210148335 36.2068973481655 76.4999985694885
         vertex 34.8788425326347 35.7933416962624 76.4999985694885
         vertex 32.7256210148335 32.7586196362972 76.4999985694885
      endloop
   endfacet
   facet normal 0 0 -1
      outer loop
         vertex 32.7256210148335 32.7586196362972 76.4999985694885
         vertex 34.8788425326347 35.7933416962624 76.4999985694885
         vertex 36.1738950014114 32.7586196362972 76.4999985694885
      endloop
   endfacet
   facet normal 0 0 -1
      outer loop
         vertex 36.1738950014114 32.7586196362972 76.4999985694885
         vertex 34.8788425326347 35.7933416962624 76.4999985694885
         vertex 38.2692217826843 32.1393795311451 76.4999985694885
      endloop
   endfacet
   facet normal 0 0 -1
      outer loop
         vertex 36.1738950014114 32.7586196362972 76.4999985694885
         vertex 38.2692217826843 32.1393795311451 76.4999985694885
         vertex 36.1738950014114 29.3103456497192 76.4999985694885
      endloop
   endfacet
   facet normal 0 0 -1
      outer loop
         vertex 36.1738950014114 29.3103456497192 76.4999985694885
         vertex 38.2692217826843 32.1393795311451 76.4999985694885
         vertex 39.6221727132797 29.3103456497192 76.4999985694885
      endloop
   endfacet
   facet normal 0 0 -1
      outer loop
         vertex 36.1738950014114 29.3103456497192 76.4999985694885
         vertex 39.6221727132797 29.3103456497192 76.4999985694885
         vertex 36.1738950014114 25.8620698004961 76.4999985694885
      endloop
   endfacet
   facet normal 0 0 -1
      outer loop
         vertex 36.1738950014114 25.8620698004961 76.4999985694885
         vertex 39.6221727132797 29.3103456497192 76.4999985694885
         vertex 39.6221727132797 25.8620698004961 76.4999985694885
      endloop
   endfacet
   facet normal 0 0 -1
      outer loop
         vertex 36.1738950014114 25.8620698004961 76.4999985694885
         vertex 39.6221727132797 25.8620698004961 76.4999985694885
         vertex 36.1738950014114 22.413793951273 76.4999985694885
      endloop
   endfacet
   facet normal 0 0 -1
      outer loop
         vertex 36.1738950014114 22.413793951273 76.4999985694885
         vertex 39.6221727132797 25.8620698004961 76.4999985694885
         vertex 39.6221727132797 22.413793951273 76.4999985694885
      endloop
   endfacet
   facet normal 0 0 -1
      outer loop
         vertex 36.1738950014114 22.413793951273 76.4999985694885
         vertex 39.6221727132797 22.413793951273 76.4999985694885
         vertex 36.1738950014114 18.9655181020498 76.4999985694885
      endloop
   endfacet
   facet normal 0 0 -1
      outer loop
         vertex 36.1738950014114 18.9655181020498 76.4999985694885
         vertex 39.6221727132797 22.413793951273 76.4999985694885
         vertex 39.6221727132797 18.9655181020498 76.4999985694885
      endloop
   endfacet
   facet normal 0 0 -1
      outer loop
         vertex 36.1738950014114 18.9655181020498 76.4999985694885
         vertex 39.6221727132797 18.9655181020498 76.4999985694885
         vertex 36.1738950014114 15.5172413215041 76.4999985694885
      endloop
   endfacet
   facet normal 0 0 -1
      outer loop
         vertex 36.1738950014114 15.5172413215041 76.4999985694885
         vertex 39.6221727132797 18.9655181020498 76.4999985694885
         vertex 39.6221727132797 15.5172413215041 76.4999985694885
      endloop
   endfacet
   facet normal 0 0 -1
      outer loop
         vertex 36.1738950014114 15.5172413215041 76.4999985694885
         vertex 39.6221727132797 15.5172413215041 76.4999985694885
         vertex 36.1738950014114 12.068965472281 76.4999985694885
      endloop
   endfacet
   facet normal 0 0 -1
      outer loop
         vertex 36.1738950014114 12.068965472281 76.4999985694885
         vertex 39.6221727132797 15.5172413215041 76.4999985694885
         vertex 39.6221727132797 12.068965472281 76.4999985694885
      endloop
   endfacet
   facet normal 0 0 -1
      outer loop
         vertex 36.1738950014114 12.068965472281 76.4999985694885
         vertex 39.6221727132797 12.068965472281 76.4999985694885
         vertex 36.1738950014114 8.62068962305784 76.4999985694885
      endloop
   endfacet
   facet normal 0 0 -1
      outer loop
         vertex 36.1738950014114 8.62068962305784 76.4999985694885
         vertex 39.6221727132797 12.068965472281 76.4999985694885
         vertex 39.6221727132797 8.62068962305784 76.4999985694885
      endloop
   endfacet
   facet normal 0 0 -1
      outer loop
         vertex 36.1738950014114 8.62068962305784 76.4999985694885
         vertex 39.6221727132797 8.62068962305784 76.4999985694885
         vertex 36.1738950014114 5.17241377383471 76.4999985694885
      endloop
   endfacet
   facet normal 0 0 -1
      outer loop
         vertex 36.1738950014114 5.17241377383471 76.4999985694885
         vertex 39.6221727132797 8.62068962305784 76.4999985694885
         vertex 39.6221727132797 5.17241377383471 76.4999985694885
      endloop
   endfacet
   facet normal 0 0 -1
      outer loop
         vertex 36.1738950014114 5.17241377383471 76.4999985694885
         vertex 39.6221727132797 5.17241377383471 76.4999985694885
         vertex 36.1738950014114 1.72413792461157 76.4999985694885
      endloop
   endfacet
   facet normal 0 0 -1
      outer loop
         vertex 36.1738950014114 1.72413792461157 76.4999985694885
         vertex 39.6221727132797 5.17241377383471 76.4999985694885
         vertex 39.6221727132797 1.72413792461157 76.4999985694885
      endloop
   endfacet
   facet normal 0 0 -1
      outer loop
         vertex 36.1738950014114 1.72413792461157 76.4999985694885
         vertex 39.6221727132797 1.72413792461157 76.4999985694885
         vertex 36.1738950014114 -1.72413792461157 76.4999985694885
      endloop
   endfacet
   facet normal 0 0 -1
      outer loop
         vertex 36.1738950014114 -1.72413792461157 76.4999985694885
         vertex 39.6221727132797 1.72413792461157 76.4999985694885
         vertex 39.6221727132797 -1.72413792461157 76.4999985694885
      endloop
   endfacet
   facet normal 0 0 -1
      outer loop
         vertex 36.1738950014114 -1.72413792461157 76.4999985694885
         vertex 39.6221727132797 -1.72413792461157 76.4999985694885
         vertex 36.1738950014114 -5.17241377383471 76.4999985694885
      endloop
   endfacet
   facet normal 0 0 -1
      outer loop
         vertex 36.1738950014114 -5.17241377383471 76.4999985694885
         vertex 39.6221727132797 -1.72413792461157 76.4999985694885
         vertex 39.6221727132797 -5.17241377383471 76.4999985694885
      endloop
   endfacet
   facet normal 0 0 -1
      outer loop
         vertex 36.1738950014114 -5.17241377383471 76.4999985694885
         vertex 39.6221727132797 -5.17241377383471 76.4999985694885
         vertex 36.1738950014114 -8.62068962305784 76.4999985694885
      endloop
   endfacet
   facet normal 0 0 -1
      outer loop
         vertex 36.1738950014114 -8.62068962305784 76.4999985694885
         vertex 39.6221727132797 -5.17241377383471 76.4999985694885
         vertex 39.6221727132797 -8.62068962305784 76.4999985694885
      endloop
   endfacet
   facet normal 0 0 -1
      outer loop
         vertex 36.1738950014114 -8.62068962305784 76.4999985694885
         vertex 39.6221727132797 -8.62068962305784 76.4999985694885
         vertex 36.1738950014114 -12.068965472281 76.4999985694885
      endloop
   endfacet
   facet normal 0 0 -1
      outer loop
         vertex 36.1738950014114 -12.068965472281 76.4999985694885
         vertex 39.6221727132797 -8.62068962305784 76.4999985694885
         vertex 39.6221727132797 -12.068965472281 76.4999985694885
      endloop
   endfacet
   facet normal 0 0 -1
      outer loop
         vertex 36.1738950014114 -12.068965472281 76.4999985694885
         vertex 39.6221727132797 -12.068965472281 76.4999985694885
         vertex 36.1738950014114 -15.5172413215041 76.4999985694885
      endloop
   endfacet
   facet normal 0 0 -1
      outer loop
         vertex 36.1738950014114 -15.5172413215041 76.4999985694885
         vertex 39.6221727132797 -12.068965472281 76.4999985694885
         vertex 39.6221727132797 -15.5172413215041 76.4999985694885
      endloop
   endfacet
   facet normal 0 0 -1
      outer loop
         vertex 36.1738950014114 -15.5172413215041 76.4999985694885
         vertex 39.6221727132797 -15.5172413215041 76.4999985694885
         vertex 36.1738950014114 -18.9655181020498 76.4999985694885
      endloop
   endfacet
   facet normal 0 0 -1
      outer loop
         vertex 36.1738950014114 -18.9655181020498 76.4999985694885
         vertex 39.6221727132797 -15.5172413215041 76.4999985694885
         vertex 39.6221727132797 -18.9655181020498 76.4999985694885
      endloop
   endfacet
   facet normal 0 0 -1
      outer loop
         vertex 36.1738950014114 -18.9655181020498 76.4999985694885
         vertex 39.6221727132797 -18.9655181020498 76.4999985694885
         vertex 36.1738950014114 -22.413793951273 76.4999985694885
      endloop
   endfacet
   facet normal 0 0 -1
      outer loop
         vertex 36.1738950014114 -22.413793951273 76.4999985694885
         vertex 39.6221727132797 -18.9655181020498 76.4999985694885
         vertex 39.6221727132797 -22.413793951273 76.4999985694885
      endloop
   endfacet
   facet normal 0 0 -1
      outer loop
         vertex 38.2692217826843 32.1393795311451 76.4999985694885
         vertex 41.2789396941662 28.1660035252571 76.4999985694885
         vertex 39.6221727132797 29.3103456497192 76.4999985694885
      endloop
   endfacet
   facet normal 0 0 -1
      outer loop
         vertex 39.6221727132797 29.3103456497192 76.4999985694885
         vertex 41.2789396941662 28.1660035252571 76.4999985694885
         vertex 39.6221727132797 25.8620698004961 76.4999985694885
      endloop
   endfacet
   facet normal 0 0 -1
      outer loop
         vertex 39.6221727132797 -5.17241377383471 76.4999985694885
         vertex 39.6221727132797 -1.72413792461157 76.4999985694885
         vertex 43.0704466998577 -1.72413792461157 76.4999985694885
      endloop
   endfacet
   facet normal 0 0 -1
      outer loop
         vertex 43.0704466998577 -1.72413792461157 76.4999985694885
         vertex 39.6221727132797 -1.72413792461157 76.4999985694885
         vertex 43.0704466998577 1.72413792461157 76.4999985694885
      endloop
   endfacet
   facet normal 0 0 -1
      outer loop
         vertex 43.0704466998577 -1.72413792461157 76.4999985694885
         vertex 43.0704466998577 1.72413792461157 76.4999985694885
         vertex 46.518724411726 1.72413792461157 76.4999985694885
      endloop
   endfacet
   facet normal 0 0 -1
      outer loop
         vertex 46.518724411726 1.72413792461157 76.4999985694885
         vertex 43.0704466998577 1.72413792461157 76.4999985694885
         vertex 46.518724411726 5.17241377383471 76.4999985694885
      endloop
   endfacet
   facet normal 0 0 -1
      outer loop
         vertex 46.518724411726 1.72413792461157 76.4999985694885
         vertex 46.518724411726 5.17241377383471 76.4999985694885
         vertex 49.7185401618481 4.97839227318764 76.4999985694885
      endloop
   endfacet
   facet normal 0 0 -1
      outer loop
         vertex 49.7185401618481 4.97839227318764 76.4999985694885
         vertex 46.518724411726 5.17241377383471 76.4999985694885
         vertex 46.518724411726 8.62068962305784 76.4999985694885
      endloop
   endfacet
   facet normal 0 0 -1
      outer loop
         vertex 49.7185401618481 4.97839227318764 76.4999985694885
         vertex 46.518724411726 8.62068962305784 76.4999985694885
         vertex 48.9756241440773 9.90730710327625 76.4999985694885
      endloop
   endfacet
   facet normal 0 0 -1
      outer loop
         vertex 48.9756241440773 9.90730710327625 76.4999985694885
         vertex 46.518724411726 8.62068962305784 76.4999985694885
         vertex 46.518724411726 12.068965472281 76.4999985694885
      endloop
   endfacet
   facet normal 0 0 -1
      outer loop
         vertex 48.9756241440773 9.90730710327625 76.4999985694885
         vertex 46.518724411726 12.068965472281 76.4999985694885
         vertex 47.7456413209438 14.7377587854862 76.4999985694885
      endloop
   endfacet
   facet normal 0 0 -1
      outer loop
         vertex 47.7456413209438 14.7377587854862 76.4999985694885
         vertex 46.518724411726 12.068965472281 76.4999985694885
         vertex 46.518724411726 15.5172413215041 76.4999985694885
      endloop
   endfacet
   facet normal 0 0 -1
      outer loop
         vertex 47.7456413209438 14.7377587854862 76.4999985694885
         vertex 46.518724411726 15.5172413215041 76.4999985694885
         vertex 46.0408106446266 19.4217395037413 76.4999985694885
      endloop
   endfacet
   facet normal 0 0 -1
      outer loop
         vertex 46.0408106446266 19.4217395037413 76.4999985694885
         vertex 46.518724411726 15.5172413215041 76.4999985694885
         vertex 43.0704466998577 18.9655181020498 76.4999985694885
      endloop
   endfacet
   facet normal 0 0 -1
      outer loop
         vertex 46.0408106446266 19.4217395037413 76.4999985694885
         vertex 43.0704466998577 18.9655181020498 76.4999985694885
         vertex 43.0704466998577 22.413793951273 76.4999985694885
      endloop
   endfacet
   facet normal 0 0 -1
      outer loop
         vertex 43.0704466998577 22.413793951273 76.4999985694885
         vertex 43.0704466998577 18.9655181020498 76.4999985694885
         vertex 39.6221727132797 18.9655181020498 76.4999985694885
      endloop
   endfacet
   facet normal 0 0 -1
      outer loop
         vertex 43.0704466998577 22.413793951273 76.4999985694885
         vertex 39.6221727132797 18.9655181020498 76.4999985694885
         vertex 39.6221727132797 22.413793951273 76.4999985694885
      endloop
   endfacet
   facet normal 0 0 -1
      outer loop
         vertex -39.8896262049675 -30.1902201026678 76.4999985694885
         vertex -42.6975451409817 -26.0717608034611 76.4999985694885
         vertex -39.6881736814976 -29.3103456497192 76.4999985694885
      endloop
   endfacet
   facet normal 0 0 -1
      outer loop
         vertex -39.6881736814976 -29.3103456497192 76.4999985694885
         vertex -42.6975451409817 -26.0717608034611 76.4999985694885
         vertex -39.6881736814976 -25.8620698004961 76.4999985694885
      endloop
   endfacet
   facet normal 0 0 -1
      outer loop
         vertex -39.6881736814976 -29.3103456497192 76.4999985694885
         vertex -39.6881736814976 -25.8620698004961 76.4999985694885
         vertex -36.2398959696293 -25.8620698004961 76.4999985694885
      endloop
   endfacet
   facet normal 0 0 -1
      outer loop
         vertex -46.5847253799438 -12.068965472281 76.4999985694885
         vertex -46.5847253799438 -15.5172413215041 76.4999985694885
         vertex -48.4868660569191 -12.33786996454 76.4999985694885
      endloop
   endfacet
   facet normal 0 0 -1
      outer loop
         vertex -48.4868660569191 -12.33786996454 76.4999985694885
         vertex -46.5847253799438 -15.5172413215041 76.4999985694885
         vertex -47.0176301896572 -17.1010065823793 76.4999985694885
      endloop
   endfacet
   facet normal 0 0 -1
      outer loop
         vertex 48.9756241440773 -9.90730710327625 76.4999985694885
         vertex 47.7456413209438 -14.7377587854862 76.4999985694885
         vertex 46.518724411726 -12.068965472281 76.4999985694885
      endloop
   endfacet
   facet normal 0 0 -1
      outer loop
         vertex 46.518724411726 -12.068965472281 76.4999985694885
         vertex 47.7456413209438 -14.7377587854862 76.4999985694885
         vertex 46.518724411726 -15.5172413215041 76.4999985694885
      endloop
   endfacet
   facet normal 0 0 -1
      outer loop
         vertex 46.518724411726 -12.068965472281 76.4999985694885
         vertex 46.518724411726 -15.5172413215041 76.4999985694885
         vertex 43.0704466998577 -15.5172413215041 76.4999985694885
      endloop
   endfacet
   facet normal 0 0 -1
      outer loop
         vertex 43.0704466998577 -15.5172413215041 76.4999985694885
         vertex 46.518724411726 -15.5172413215041 76.4999985694885
         vertex 43.0704466998577 -18.9655181020498 76.4999985694885
      endloop
   endfacet
   facet normal 0 0 -1
      outer loop
         vertex 43.0704466998577 -15.5172413215041 76.4999985694885
         vertex 43.0704466998577 -18.9655181020498 76.4999985694885
         vertex 39.6221727132797 -18.9655181020498 76.4999985694885
      endloop
   endfacet
   facet normal 0 0 -1
      outer loop
         vertex 39.6221727132797 -18.9655181020498 76.4999985694885
         vertex 43.0704466998577 -18.9655181020498 76.4999985694885
         vertex 39.6221727132797 -22.413793951273 76.4999985694885
      endloop
   endfacet
   facet normal 0 0 -1
      outer loop
         vertex 49.7185401618481 -4.97839227318764 76.4999985694885
         vertex 48.9756241440773 -9.90730710327625 76.4999985694885
         vertex 46.518724411726 -8.62068962305784 76.4999985694885
      endloop
   endfacet
   facet normal 0 0 -1
      outer loop
         vertex 46.518724411726 -8.62068962305784 76.4999985694885
         vertex 48.9756241440773 -9.90730710327625 76.4999985694885
         vertex 46.518724411726 -12.068965472281 76.4999985694885
      endloop
   endfacet
   facet normal 0 0 -1
      outer loop
         vertex 46.518724411726 -8.62068962305784 76.4999985694885
         vertex 46.518724411726 -12.068965472281 76.4999985694885
         vertex 43.0704466998577 -12.068965472281 76.4999985694885
      endloop
   endfacet
   facet normal 0 0 -1
      outer loop
         vertex 43.0704466998577 -12.068965472281 76.4999985694885
         vertex 46.518724411726 -12.068965472281 76.4999985694885
         vertex 43.0704466998577 -15.5172413215041 76.4999985694885
      endloop
   endfacet
   facet normal 0 0 -1
      outer loop
         vertex 43.0704466998577 -12.068965472281 76.4999985694885
         vertex 43.0704466998577 -15.5172413215041 76.4999985694885
         vertex 39.6221727132797 -15.5172413215041 76.4999985694885
      endloop
   endfacet
   facet normal 0 0 -1
      outer loop
         vertex 39.6221727132797 -15.5172413215041 76.4999985694885
         vertex 43.0704466998577 -15.5172413215041 76.4999985694885
         vertex 39.6221727132797 -18.9655181020498 76.4999985694885
      endloop
   endfacet
   facet normal 0 0 -1
      outer loop
         vertex -46.5847253799438 -5.17241377383471 76.4999985694885
         vertex -46.5847253799438 -8.62068962305784 76.4999985694885
         vertex -49.4745410978794 -7.45211308822036 76.4999985694885
      endloop
   endfacet
   facet normal 0 0 -1
      outer loop
         vertex -49.4745410978794 -7.45211308822036 76.4999985694885
         vertex -46.5847253799438 -8.62068962305784 76.4999985694885
         vertex -48.4868660569191 -12.33786996454 76.4999985694885
      endloop
   endfacet
   facet normal 0 0 -1
      outer loop
         vertex -46.5847253799438 -1.72413792461157 76.4999985694885
         vertex -46.5847253799438 -5.17241377383471 76.4999985694885
         vertex -49.9708466231823 -2.49229418113828 76.4999985694885
      endloop
   endfacet
   facet normal 0 0 -1
      outer loop
         vertex -49.9708466231823 -2.49229418113828 76.4999985694885
         vertex -46.5847253799438 -5.17241377383471 76.4999985694885
         vertex -49.4745410978794 -7.45211308822036 76.4999985694885
      endloop
   endfacet
   facet normal 0 0 -1
      outer loop
         vertex 49.966998398304 4.6841194952765E-15 76.4999985694885
         vertex 49.7185401618481 -4.97839227318764 76.4999985694885
         vertex 46.518724411726 -1.72413792461157 76.4999985694885
      endloop
   endfacet
   facet normal 0 0 -1
      outer loop
         vertex 46.518724411726 -1.72413792461157 76.4999985694885
         vertex 49.7185401618481 -4.97839227318764 76.4999985694885
         vertex 46.518724411726 -5.17241377383471 76.4999985694885
      endloop
   endfacet
   facet normal 0 0 -1
      outer loop
         vertex 46.518724411726 -1.72413792461157 76.4999985694885
         vertex 46.518724411726 -5.17241377383471 76.4999985694885
         vertex 43.0704466998577 -5.17241377383471 76.4999985694885
      endloop
   endfacet
   facet normal 0 0 -1
      outer loop
         vertex 43.0704466998577 -5.17241377383471 76.4999985694885
         vertex 46.518724411726 -5.17241377383471 76.4999985694885
         vertex 43.0704466998577 -8.62068962305784 76.4999985694885
      endloop
   endfacet
   facet normal 0 0 -1
      outer loop
         vertex 43.0704466998577 -5.17241377383471 76.4999985694885
         vertex 43.0704466998577 -8.62068962305784 76.4999985694885
         vertex 39.6221727132797 -8.62068962305784 76.4999985694885
      endloop
   endfacet
   facet normal 0 0 -1
      outer loop
         vertex 39.6221727132797 -8.62068962305784 76.4999985694885
         vertex 43.0704466998577 -8.62068962305784 76.4999985694885
         vertex 39.6221727132797 -12.068965472281 76.4999985694885
      endloop
   endfacet
   facet normal 0 0 -1
      outer loop
         vertex 49.7185401618481 4.97839227318764 76.4999985694885
         vertex 49.966998398304 4.6841194952765E-15 76.4999985694885
         vertex 46.518724411726 1.72413792461157 76.4999985694885
      endloop
   endfacet
   facet normal 0 0 -1
      outer loop
         vertex 46.518724411726 1.72413792461157 76.4999985694885
         vertex 49.966998398304 4.6841194952765E-15 76.4999985694885
         vertex 46.518724411726 -1.72413792461157 76.4999985694885
      endloop
   endfacet
   facet normal 0 0 -1
      outer loop
         vertex 46.518724411726 1.72413792461157 76.4999985694885
         vertex 46.518724411726 -1.72413792461157 76.4999985694885
         vertex 43.0704466998577 -1.72413792461157 76.4999985694885
      endloop
   endfacet
   facet normal 0 0 -1
      outer loop
         vertex 43.0704466998577 -1.72413792461157 76.4999985694885
         vertex 46.518724411726 -1.72413792461157 76.4999985694885
         vertex 43.0704466998577 -5.17241377383471 76.4999985694885
      endloop
   endfacet
   facet normal 0 0 -1
      outer loop
         vertex 43.0704466998577 -1.72413792461157 76.4999985694885
         vertex 43.0704466998577 -5.17241377383471 76.4999985694885
         vertex 39.6221727132797 -5.17241377383471 76.4999985694885
      endloop
   endfacet
   facet normal 0 0 -1
      outer loop
         vertex 39.6221727132797 -5.17241377383471 76.4999985694885
         vertex 43.0704466998577 -5.17241377383471 76.4999985694885
         vertex 39.6221727132797 -8.62068962305784 76.4999985694885
      endloop
   endfacet
   facet normal 0 0 -1
      outer loop
         vertex -46.5847253799438 5.17241377383471 76.4999985694885
         vertex -46.5847253799438 1.72413792461157 76.4999985694885
         vertex -49.9708466231823 2.49229418113828 76.4999985694885
      endloop
   endfacet
   facet normal 0 0 -1
      outer loop
         vertex -49.9708466231823 2.49229418113828 76.4999985694885
         vertex -46.5847253799438 1.72413792461157 76.4999985694885
         vertex -46.5847253799438 -1.72413792461157 76.4999985694885
      endloop
   endfacet
   facet normal 0 0 -1
      outer loop
         vertex -49.9708466231823 2.49229418113828 76.4999985694885
         vertex -46.5847253799438 -1.72413792461157 76.4999985694885
         vertex -49.9708466231823 -2.49229418113828 76.4999985694885
      endloop
   endfacet
   facet normal 0 0 -1
      outer loop
         vertex -46.5847253799438 8.62068962305784 76.4999985694885
         vertex -46.5847253799438 5.17241377383471 76.4999985694885
         vertex -49.4745410978794 7.45211308822036 76.4999985694885
      endloop
   endfacet
   facet normal 0 0 -1
      outer loop
         vertex -49.4745410978794 7.45211308822036 76.4999985694885
         vertex -46.5847253799438 5.17241377383471 76.4999985694885
         vertex -49.9708466231823 2.49229418113828 76.4999985694885
      endloop
   endfacet
   facet normal 0 0 -1
      outer loop
         vertex -46.5847253799438 15.5172413215041 76.4999985694885
         vertex -46.5847253799438 12.068965472281 76.4999985694885
         vertex -48.4868660569191 12.33786996454 76.4999985694885
      endloop
   endfacet
   facet normal 0 0 -1
      outer loop
         vertex -48.4868660569191 12.33786996454 76.4999985694885
         vertex -46.5847253799438 12.068965472281 76.4999985694885
         vertex -46.5847253799438 8.62068962305784 76.4999985694885
      endloop
   endfacet
   facet normal 0 0 -1
      outer loop
         vertex -48.4868660569191 12.33786996454 76.4999985694885
         vertex -46.5847253799438 8.62068962305784 76.4999985694885
         vertex -49.4745410978794 7.45211308822036 76.4999985694885
      endloop
   endfacet
   facet normal 0 0 -1
      outer loop
         vertex 46.0408106446266 19.4217395037413 76.4999985694885
         vertex 43.0704466998577 22.413793951273 76.4999985694885
         vertex 43.8780784606934 23.9126980304718 76.4999985694885
      endloop
   endfacet
   facet normal 0 0 -1
      outer loop
         vertex 43.8780784606934 23.9126980304718 76.4999985694885
         vertex 43.0704466998577 22.413793951273 76.4999985694885
         vertex 39.6221727132797 25.8620698004961 76.4999985694885
      endloop
   endfacet
   facet normal 0 0 -1
      outer loop
         vertex 43.8780784606934 23.9126980304718 76.4999985694885
         vertex 39.6221727132797 25.8620698004961 76.4999985694885
         vertex 41.2789396941662 28.1660035252571 76.4999985694885
      endloop
   endfacet
   facet normal 0 0 -1
      outer loop
         vertex -42.6975451409817 26.0717608034611 76.4999985694885
         vertex -39.8896262049675 30.1902201026678 76.4999985694885
         vertex -39.6881736814976 29.3103456497192 76.4999985694885
      endloop
   endfacet
   facet normal 0 0 -1
      outer loop
         vertex -39.6881736814976 29.3103456497192 76.4999985694885
         vertex -39.8896262049675 30.1902201026678 76.4999985694885
         vertex -36.2398959696293 29.3103456497192 76.4999985694885
      endloop
   endfacet
   facet normal 0 0 -1
      outer loop
         vertex -39.6881736814976 29.3103456497192 76.4999985694885
         vertex -36.2398959696293 29.3103456497192 76.4999985694885
         vertex -39.6881736814976 25.8620698004961 76.4999985694885
      endloop
   endfacet
   facet normal 0 0 -1
      outer loop
         vertex -39.6881736814976 25.8620698004961 76.4999985694885
         vertex -36.2398959696293 29.3103456497192 76.4999985694885
         vertex -36.2398959696293 25.8620698004961 76.4999985694885
      endloop
   endfacet
   facet normal 0 0 -1
      outer loop
         vertex -39.6881736814976 25.8620698004961 76.4999985694885
         vertex -36.2398959696293 25.8620698004961 76.4999985694885
         vertex -39.6881736814976 22.413793951273 76.4999985694885
      endloop
   endfacet
   facet normal 0 0 -1
      outer loop
         vertex -39.6881736814976 22.413793951273 76.4999985694885
         vertex -36.2398959696293 25.8620698004961 76.4999985694885
         vertex -36.2398959696293 22.413793951273 76.4999985694885
      endloop
   endfacet
   facet normal 0 0 -1
      outer loop
         vertex -39.6881736814976 22.413793951273 76.4999985694885
         vertex -36.2398959696293 22.413793951273 76.4999985694885
         vertex -39.6881736814976 18.9655181020498 76.4999985694885
      endloop
   endfacet
   facet normal 0 0 -1
      outer loop
         vertex -39.6881736814976 18.9655181020498 76.4999985694885
         vertex -36.2398959696293 22.413793951273 76.4999985694885
         vertex -36.2398959696293 18.9655181020498 76.4999985694885
      endloop
   endfacet
   facet normal 0 0 -1
      outer loop
         vertex -39.6881736814976 18.9655181020498 76.4999985694885
         vertex -36.2398959696293 18.9655181020498 76.4999985694885
         vertex -39.6881736814976 15.5172413215041 76.4999985694885
      endloop
   endfacet
   facet normal 0 0 -1
      outer loop
         vertex -39.6881736814976 15.5172413215041 76.4999985694885
         vertex -36.2398959696293 18.9655181020498 76.4999985694885
         vertex -36.2398959696293 15.5172413215041 76.4999985694885
      endloop
   endfacet
   facet normal 0 0 -1
      outer loop
         vertex -39.6881736814976 15.5172413215041 76.4999985694885
         vertex -36.2398959696293 15.5172413215041 76.4999985694885
         vertex -39.6881736814976 12.068965472281 76.4999985694885
      endloop
   endfacet
   facet normal 0 0 -1
      outer loop
         vertex -39.6881736814976 12.068965472281 76.4999985694885
         vertex -36.2398959696293 15.5172413215041 76.4999985694885
         vertex -36.2398959696293 12.068965472281 76.4999985694885
      endloop
   endfacet
   facet normal 0 0 -1
      outer loop
         vertex -39.6881736814976 12.068965472281 76.4999985694885
         vertex -36.2398959696293 12.068965472281 76.4999985694885
         vertex -39.6881736814976 8.62068962305784 76.4999985694885
      endloop
   endfacet
   facet normal 0 0 -1
      outer loop
         vertex -39.6881736814976 8.62068962305784 76.4999985694885
         vertex -36.2398959696293 12.068965472281 76.4999985694885
         vertex -36.2398959696293 8.62068962305784 76.4999985694885
      endloop
   endfacet
   facet normal 0 0 -1
      outer loop
         vertex -39.6881736814976 8.62068962305784 76.4999985694885
         vertex -36.2398959696293 8.62068962305784 76.4999985694885
         vertex -39.6881736814976 5.17241377383471 76.4999985694885
      endloop
   endfacet
   facet normal 0 0 -1
      outer loop
         vertex -39.6881736814976 5.17241377383471 76.4999985694885
         vertex -36.2398959696293 8.62068962305784 76.4999985694885
         vertex -36.2398959696293 5.17241377383471 76.4999985694885
      endloop
   endfacet
   facet normal 0 0 -1
      outer loop
         vertex -39.6881736814976 5.17241377383471 76.4999985694885
         vertex -36.2398959696293 5.17241377383471 76.4999985694885
         vertex -39.6881736814976 1.72413792461157 76.4999985694885
      endloop
   endfacet
   facet normal 0 0 -1
      outer loop
         vertex -39.6881736814976 5.17241377383471 76.4999985694885
         vertex -39.6881736814976 1.72413792461157 76.4999985694885
         vertex -43.1364476680756 1.72413792461157 76.4999985694885
      endloop
   endfacet
   facet normal 0 0 -1
      outer loop
         vertex -43.1364476680756 1.72413792461157 76.4999985694885
         vertex -39.6881736814976 1.72413792461157 76.4999985694885
         vertex -43.1364476680756 -1.72413792461157 76.4999985694885
      endloop
   endfacet
   facet normal 0 0 -1
      outer loop
         vertex -36.2398959696293 1.72413792461157 76.4999985694885
         vertex -32.7916219830513 1.72413792461157 76.4999985694885
         vertex -36.2398959696293 -1.72413792461157 76.4999985694885
      endloop
   endfacet
   facet normal 0 0 -1
      outer loop
         vertex -36.2398959696293 -1.72413792461157 76.4999985694885
         vertex -32.7916219830513 1.72413792461157 76.4999985694885
         vertex -32.7916219830513 -1.72413792461157 76.4999985694885
      endloop
   endfacet
   facet normal 0 0 -1
      outer loop
         vertex -36.2398959696293 -1.72413792461157 76.4999985694885
         vertex -32.7916219830513 -1.72413792461157 76.4999985694885
         vertex -36.2398959696293 -5.17241377383471 76.4999985694885
      endloop
   endfacet
   facet normal 0 0 -1
      outer loop
         vertex -36.2398959696293 -5.17241377383471 76.4999985694885
         vertex -32.7916219830513 -1.72413792461157 76.4999985694885
         vertex -32.7916219830513 -5.17241377383471 76.4999985694885
      endloop
   endfacet
   facet normal 0 0 -1
      outer loop
         vertex -36.2398959696293 -5.17241377383471 76.4999985694885
         vertex -32.7916219830513 -5.17241377383471 76.4999985694885
         vertex -36.2398959696293 -8.62068962305784 76.4999985694885
      endloop
   endfacet
   facet normal 0 0 -1
      outer loop
         vertex -36.2398959696293 -8.62068962305784 76.4999985694885
         vertex -32.7916219830513 -5.17241377383471 76.4999985694885
         vertex -32.7916219830513 -8.62068962305784 76.4999985694885
      endloop
   endfacet
   facet normal 0 0 -1
      outer loop
         vertex -36.2398959696293 -8.62068962305784 76.4999985694885
         vertex -32.7916219830513 -8.62068962305784 76.4999985694885
         vertex -36.2398959696293 -12.068965472281 76.4999985694885
      endloop
   endfacet
   facet normal 0 0 -1
      outer loop
         vertex -36.2398959696293 -12.068965472281 76.4999985694885
         vertex -32.7916219830513 -8.62068962305784 76.4999985694885
         vertex -32.7916219830513 -12.068965472281 76.4999985694885
      endloop
   endfacet
   facet normal 0 0 -1
      outer loop
         vertex -36.2398959696293 -12.068965472281 76.4999985694885
         vertex -32.7916219830513 -12.068965472281 76.4999985694885
         vertex -36.2398959696293 -15.5172413215041 76.4999985694885
      endloop
   endfacet
   facet normal 0 0 -1
      outer loop
         vertex -36.2398959696293 -15.5172413215041 76.4999985694885
         vertex -32.7916219830513 -12.068965472281 76.4999985694885
         vertex -32.7916219830513 -15.5172413215041 76.4999985694885
      endloop
   endfacet
   facet normal 0 0 -1
      outer loop
         vertex -36.2398959696293 -15.5172413215041 76.4999985694885
         vertex -32.7916219830513 -15.5172413215041 76.4999985694885
         vertex -36.2398959696293 -18.9655181020498 76.4999985694885
      endloop
   endfacet
   facet normal 0 0 -1
      outer loop
         vertex -36.2398959696293 -18.9655181020498 76.4999985694885
         vertex -32.7916219830513 -15.5172413215041 76.4999985694885
         vertex -32.7916219830513 -18.9655181020498 76.4999985694885
      endloop
   endfacet
   facet normal 0 0 -1
      outer loop
         vertex -36.2398959696293 -18.9655181020498 76.4999985694885
         vertex -32.7916219830513 -18.9655181020498 76.4999985694885
         vertex -36.2398959696293 -22.413793951273 76.4999985694885
      endloop
   endfacet
   facet normal 0 0 -1
      outer loop
         vertex -36.2398959696293 -22.413793951273 76.4999985694885
         vertex -32.7916219830513 -18.9655181020498 76.4999985694885
         vertex -32.7916219830513 -22.413793951273 76.4999985694885
      endloop
   endfacet
   facet normal 0 0 -1
      outer loop
         vertex -32.7916219830513 5.17241377383471 76.4999985694885
         vertex -29.343344271183 5.17241377383471 76.4999985694885
         vertex -32.7916219830513 1.72413792461157 76.4999985694885
      endloop
   endfacet
   facet normal 0 0 -1
      outer loop
         vertex -32.7916219830513 1.72413792461157 76.4999985694885
         vertex -29.343344271183 5.17241377383471 76.4999985694885
         vertex -29.343344271183 1.72413792461157 76.4999985694885
      endloop
   endfacet
   facet normal 0 0 -1
      outer loop
         vertex -32.7916219830513 1.72413792461157 76.4999985694885
         vertex -29.343344271183 1.72413792461157 76.4999985694885
         vertex -32.7916219830513 -1.72413792461157 76.4999985694885
      endloop
   endfacet
   facet normal 0 0 -1
      outer loop
         vertex -32.7916219830513 -1.72413792461157 76.4999985694885
         vertex -29.343344271183 1.72413792461157 76.4999985694885
         vertex -29.343344271183 -1.72413792461157 76.4999985694885
      endloop
   endfacet
   facet normal 0 0 -1
      outer loop
         vertex -32.7916219830513 -1.72413792461157 76.4999985694885
         vertex -29.343344271183 -1.72413792461157 76.4999985694885
         vertex -32.7916219830513 -5.17241377383471 76.4999985694885
      endloop
   endfacet
   facet normal 0 0 -1
      outer loop
         vertex -32.7916219830513 -5.17241377383471 76.4999985694885
         vertex -29.343344271183 -1.72413792461157 76.4999985694885
         vertex -29.343344271183 -5.17241377383471 76.4999985694885
      endloop
   endfacet
   facet normal 0 0 -1
      outer loop
         vertex -32.7916219830513 -5.17241377383471 76.4999985694885
         vertex -29.343344271183 -5.17241377383471 76.4999985694885
         vertex -32.7916219830513 -8.62068962305784 76.4999985694885
      endloop
   endfacet
   facet normal 0 0 -1
      outer loop
         vertex -32.7916219830513 -8.62068962305784 76.4999985694885
         vertex -29.343344271183 -5.17241377383471 76.4999985694885
         vertex -29.343344271183 -8.62068962305784 76.4999985694885
      endloop
   endfacet
   facet normal 0 0 -1
      outer loop
         vertex -32.7916219830513 -8.62068962305784 76.4999985694885
         vertex -29.343344271183 -8.62068962305784 76.4999985694885
         vertex -32.7916219830513 -12.068965472281 76.4999985694885
      endloop
   endfacet
   facet normal 0 0 -1
      outer loop
         vertex -32.7916219830513 -12.068965472281 76.4999985694885
         vertex -29.343344271183 -8.62068962305784 76.4999985694885
         vertex -29.343344271183 -12.068965472281 76.4999985694885
      endloop
   endfacet
   facet normal 0 0 -1
      outer loop
         vertex -32.7916219830513 -12.068965472281 76.4999985694885
         vertex -29.343344271183 -12.068965472281 76.4999985694885
         vertex -32.7916219830513 -15.5172413215041 76.4999985694885
      endloop
   endfacet
   facet normal 0 0 -1
      outer loop
         vertex -32.7916219830513 -15.5172413215041 76.4999985694885
         vertex -29.343344271183 -12.068965472281 76.4999985694885
         vertex -29.343344271183 -15.5172413215041 76.4999985694885
      endloop
   endfacet
   facet normal 0 0 -1
      outer loop
         vertex -32.7916219830513 -15.5172413215041 76.4999985694885
         vertex -29.343344271183 -15.5172413215041 76.4999985694885
         vertex -32.7916219830513 -18.9655181020498 76.4999985694885
      endloop
   endfacet
   facet normal 0 0 -1
      outer loop
         vertex -32.7916219830513 -18.9655181020498 76.4999985694885
         vertex -29.343344271183 -15.5172413215041 76.4999985694885
         vertex -29.343344271183 -18.9655181020498 76.4999985694885
      endloop
   endfacet
   facet normal 0 0 -1
      outer loop
         vertex -32.7916219830513 -18.9655181020498 76.4999985694885
         vertex -29.343344271183 -18.9655181020498 76.4999985694885
         vertex -32.7916219830513 -22.413793951273 76.4999985694885
      endloop
   endfacet
   facet normal 0 0 -1
      outer loop
         vertex -32.7916219830513 -22.413793951273 76.4999985694885
         vertex -29.343344271183 -18.9655181020498 76.4999985694885
         vertex -29.343344271183 -22.413793951273 76.4999985694885
      endloop
   endfacet
   facet normal 0 0 -1
      outer loop
         vertex -32.7916219830513 1.72413792461157 76.4999985694885
         vertex -36.2398959696293 1.72413792461157 76.4999985694885
         vertex -32.7916219830513 5.17241377383471 76.4999985694885
      endloop
   endfacet
   facet normal 0 0 -1
      outer loop
         vertex -29.343344271183 8.62068962305784 76.4999985694885
         vertex -25.8950684219599 8.62068962305784 76.4999985694885
         vertex -29.343344271183 5.17241377383471 76.4999985694885
      endloop
   endfacet
   facet normal 0 0 -1
      outer loop
         vertex -29.343344271183 5.17241377383471 76.4999985694885
         vertex -25.8950684219599 8.62068962305784 76.4999985694885
         vertex -25.8950684219599 5.17241377383471 76.4999985694885
      endloop
   endfacet
   facet normal 0 0 -1
      outer loop
         vertex -29.343344271183 5.17241377383471 76.4999985694885
         vertex -25.8950684219599 5.17241377383471 76.4999985694885
         vertex -29.343344271183 1.72413792461157 76.4999985694885
      endloop
   endfacet
   facet normal 0 0 -1
      outer loop
         vertex -29.343344271183 1.72413792461157 76.4999985694885
         vertex -25.8950684219599 5.17241377383471 76.4999985694885
         vertex -25.8950684219599 1.72413792461157 76.4999985694885
      endloop
   endfacet
   facet normal 0 0 -1
      outer loop
         vertex -29.343344271183 1.72413792461157 76.4999985694885
         vertex -25.8950684219599 1.72413792461157 76.4999985694885
         vertex -29.343344271183 -1.72413792461157 76.4999985694885
      endloop
   endfacet
   facet normal 0 0 -1
      outer loop
         vertex -29.343344271183 -1.72413792461157 76.4999985694885
         vertex -25.8950684219599 1.72413792461157 76.4999985694885
         vertex -25.8950684219599 -1.72413792461157 76.4999985694885
      endloop
   endfacet
   facet normal 0 0 -1
      outer loop
         vertex -29.343344271183 -1.72413792461157 76.4999985694885
         vertex -25.8950684219599 -1.72413792461157 76.4999985694885
         vertex -29.343344271183 -5.17241377383471 76.4999985694885
      endloop
   endfacet
   facet normal 0 0 -1
      outer loop
         vertex -29.343344271183 -5.17241377383471 76.4999985694885
         vertex -25.8950684219599 -1.72413792461157 76.4999985694885
         vertex -25.8950684219599 -5.17241377383471 76.4999985694885
      endloop
   endfacet
   facet normal 0 0 -1
      outer loop
         vertex -29.343344271183 -5.17241377383471 76.4999985694885
         vertex -25.8950684219599 -5.17241377383471 76.4999985694885
         vertex -29.343344271183 -8.62068962305784 76.4999985694885
      endloop
   endfacet
   facet normal 0 0 -1
      outer loop
         vertex -29.343344271183 -8.62068962305784 76.4999985694885
         vertex -25.8950684219599 -5.17241377383471 76.4999985694885
         vertex -25.8950684219599 -8.62068962305784 76.4999985694885
      endloop
   endfacet
   facet normal 0 0 -1
      outer loop
         vertex -29.343344271183 -8.62068962305784 76.4999985694885
         vertex -25.8950684219599 -8.62068962305784 76.4999985694885
         vertex -29.343344271183 -12.068965472281 76.4999985694885
      endloop
   endfacet
   facet normal 0 0 -1
      outer loop
         vertex -29.343344271183 -12.068965472281 76.4999985694885
         vertex -25.8950684219599 -8.62068962305784 76.4999985694885
         vertex -25.8950684219599 -12.068965472281 76.4999985694885
      endloop
   endfacet
   facet normal 0 0 -1
      outer loop
         vertex -29.343344271183 -12.068965472281 76.4999985694885
         vertex -25.8950684219599 -12.068965472281 76.4999985694885
         vertex -29.343344271183 -15.5172413215041 76.4999985694885
      endloop
   endfacet
   facet normal 0 0 -1
      outer loop
         vertex -29.343344271183 -15.5172413215041 76.4999985694885
         vertex -25.8950684219599 -12.068965472281 76.4999985694885
         vertex -25.8950684219599 -15.5172413215041 76.4999985694885
      endloop
   endfacet
   facet normal 0 0 -1
      outer loop
         vertex -29.343344271183 -15.5172413215041 76.4999985694885
         vertex -25.8950684219599 -15.5172413215041 76.4999985694885
         vertex -29.343344271183 -18.9655181020498 76.4999985694885
      endloop
   endfacet
   facet normal 0 0 -1
      outer loop
         vertex -29.343344271183 -18.9655181020498 76.4999985694885
         vertex -25.8950684219599 -15.5172413215041 76.4999985694885
         vertex -25.8950684219599 -18.9655181020498 76.4999985694885
      endloop
   endfacet
   facet normal 0 0 -1
      outer loop
         vertex -29.343344271183 -18.9655181020498 76.4999985694885
         vertex -25.8950684219599 -18.9655181020498 76.4999985694885
         vertex -29.343344271183 -22.413793951273 76.4999985694885
      endloop
   endfacet
   facet normal 0 0 -1
      outer loop
         vertex -29.343344271183 -22.413793951273 76.4999985694885
         vertex -25.8950684219599 -18.9655181020498 76.4999985694885
         vertex -25.8950684219599 -22.413793951273 76.4999985694885
      endloop
   endfacet
   facet normal 0 0 -1
      outer loop
         vertex -25.8950684219599 12.068965472281 76.4999985694885
         vertex -22.4467925727367 12.068965472281 76.4999985694885
         vertex -25.8950684219599 8.62068962305784 76.4999985694885
      endloop
   endfacet
   facet normal 0 0 -1
      outer loop
         vertex -25.8950684219599 8.62068962305784 76.4999985694885
         vertex -22.4467925727367 12.068965472281 76.4999985694885
         vertex -22.4467925727367 8.62068962305784 76.4999985694885
      endloop
   endfacet
   facet normal 0 0 -1
      outer loop
         vertex -25.8950684219599 8.62068962305784 76.4999985694885
         vertex -22.4467925727367 8.62068962305784 76.4999985694885
         vertex -25.8950684219599 5.17241377383471 76.4999985694885
      endloop
   endfacet
   facet normal 0 0 -1
      outer loop
         vertex -25.8950684219599 5.17241377383471 76.4999985694885
         vertex -22.4467925727367 8.62068962305784 76.4999985694885
         vertex -22.4467925727367 5.17241377383471 76.4999985694885
      endloop
   endfacet
   facet normal 0 0 -1
      outer loop
         vertex -25.8950684219599 5.17241377383471 76.4999985694885
         vertex -22.4467925727367 5.17241377383471 76.4999985694885
         vertex -25.8950684219599 1.72413792461157 76.4999985694885
      endloop
   endfacet
   facet normal 0 0 -1
      outer loop
         vertex -25.8950684219599 1.72413792461157 76.4999985694885
         vertex -22.4467925727367 5.17241377383471 76.4999985694885
         vertex -22.4467925727367 1.72413792461157 76.4999985694885
      endloop
   endfacet
   facet normal 0 0 -1
      outer loop
         vertex -25.8950684219599 1.72413792461157 76.4999985694885
         vertex -22.4467925727367 1.72413792461157 76.4999985694885
         vertex -25.8950684219599 -1.72413792461157 76.4999985694885
      endloop
   endfacet
   facet normal 0 0 -1
      outer loop
         vertex -25.8950684219599 -1.72413792461157 76.4999985694885
         vertex -22.4467925727367 1.72413792461157 76.4999985694885
         vertex -22.4467925727367 -1.72413792461157 76.4999985694885
      endloop
   endfacet
   facet normal 0 0 -1
      outer loop
         vertex -25.8950684219599 -1.72413792461157 76.4999985694885
         vertex -22.4467925727367 -1.72413792461157 76.4999985694885
         vertex -25.8950684219599 -5.17241377383471 76.4999985694885
      endloop
   endfacet
   facet normal 0 0 -1
      outer loop
         vertex -25.8950684219599 -5.17241377383471 76.4999985694885
         vertex -22.4467925727367 -1.72413792461157 76.4999985694885
         vertex -22.4467925727367 -5.17241377383471 76.4999985694885
      endloop
   endfacet
   facet normal 0 0 -1
      outer loop
         vertex -25.8950684219599 -5.17241377383471 76.4999985694885
         vertex -22.4467925727367 -5.17241377383471 76.4999985694885
         vertex -25.8950684219599 -8.62068962305784 76.4999985694885
      endloop
   endfacet
   facet normal 0 0 -1
      outer loop
         vertex -25.8950684219599 -8.62068962305784 76.4999985694885
         vertex -22.4467925727367 -5.17241377383471 76.4999985694885
         vertex -22.4467925727367 -8.62068962305784 76.4999985694885
      endloop
   endfacet
   facet normal 0 0 -1
      outer loop
         vertex -25.8950684219599 -8.62068962305784 76.4999985694885
         vertex -22.4467925727367 -8.62068962305784 76.4999985694885
         vertex -25.8950684219599 -12.068965472281 76.4999985694885
      endloop
   endfacet
   facet normal 0 0 -1
      outer loop
         vertex -25.8950684219599 -12.068965472281 76.4999985694885
         vertex -22.4467925727367 -8.62068962305784 76.4999985694885
         vertex -22.4467925727367 -12.068965472281 76.4999985694885
      endloop
   endfacet
   facet normal 0 0 -1
      outer loop
         vertex -25.8950684219599 -12.068965472281 76.4999985694885
         vertex -22.4467925727367 -12.068965472281 76.4999985694885
         vertex -25.8950684219599 -15.5172413215041 76.4999985694885
      endloop
   endfacet
   facet normal 0 0 -1
      outer loop
         vertex -25.8950684219599 -15.5172413215041 76.4999985694885
         vertex -22.4467925727367 -12.068965472281 76.4999985694885
         vertex -22.4467925727367 -15.5172413215041 76.4999985694885
      endloop
   endfacet
   facet normal 0 0 -1
      outer loop
         vertex -25.8950684219599 -15.5172413215041 76.4999985694885
         vertex -22.4467925727367 -15.5172413215041 76.4999985694885
         vertex -25.8950684219599 -18.9655181020498 76.4999985694885
      endloop
   endfacet
   facet normal 0 0 -1
      outer loop
         vertex -25.8950684219599 -18.9655181020498 76.4999985694885
         vertex -22.4467925727367 -15.5172413215041 76.4999985694885
         vertex -22.4467925727367 -18.9655181020498 76.4999985694885
      endloop
   endfacet
   facet normal 0 0 -1
      outer loop
         vertex -25.8950684219599 -18.9655181020498 76.4999985694885
         vertex -22.4467925727367 -18.9655181020498 76.4999985694885
         vertex -25.8950684219599 -22.413793951273 76.4999985694885
      endloop
   endfacet
   facet normal 0 0 -1
      outer loop
         vertex -25.8950684219599 -22.413793951273 76.4999985694885
         vertex -22.4467925727367 -18.9655181020498 76.4999985694885
         vertex -22.4467925727367 -22.413793951273 76.4999985694885
      endloop
   endfacet
   facet normal 0 0 -1
      outer loop
         vertex -22.4467925727367 15.5172413215041 76.4999985694885
         vertex -18.9985167235136 15.5172413215041 76.4999985694885
         vertex -22.4467925727367 12.068965472281 76.4999985694885
      endloop
   endfacet
   facet normal 0 0 -1
      outer loop
         vertex -22.4467925727367 12.068965472281 76.4999985694885
         vertex -18.9985167235136 15.5172413215041 76.4999985694885
         vertex -18.9985167235136 12.068965472281 76.4999985694885
      endloop
   endfacet
   facet normal 0 0 -1
      outer loop
         vertex -22.4467925727367 12.068965472281 76.4999985694885
         vertex -18.9985167235136 12.068965472281 76.4999985694885
         vertex -22.4467925727367 8.62068962305784 76.4999985694885
      endloop
   endfacet
   facet normal 0 0 -1
      outer loop
         vertex -22.4467925727367 8.62068962305784 76.4999985694885
         vertex -18.9985167235136 12.068965472281 76.4999985694885
         vertex -18.9985167235136 8.62068962305784 76.4999985694885
      endloop
   endfacet
   facet normal 0 0 -1
      outer loop
         vertex -22.4467925727367 8.62068962305784 76.4999985694885
         vertex -18.9985167235136 8.62068962305784 76.4999985694885
         vertex -22.4467925727367 5.17241377383471 76.4999985694885
      endloop
   endfacet
   facet normal 0 0 -1
      outer loop
         vertex -22.4467925727367 5.17241377383471 76.4999985694885
         vertex -18.9985167235136 8.62068962305784 76.4999985694885
         vertex -18.9985167235136 5.17241377383471 76.4999985694885
      endloop
   endfacet
   facet normal 0 0 -1
      outer loop
         vertex -22.4467925727367 5.17241377383471 76.4999985694885
         vertex -18.9985167235136 5.17241377383471 76.4999985694885
         vertex -22.4467925727367 1.72413792461157 76.4999985694885
      endloop
   endfacet
   facet normal 0 0 -1
      outer loop
         vertex -22.4467925727367 1.72413792461157 76.4999985694885
         vertex -18.9985167235136 5.17241377383471 76.4999985694885
         vertex -18.9985167235136 1.72413792461157 76.4999985694885
      endloop
   endfacet
   facet normal 0 0 -1
      outer loop
         vertex -22.4467925727367 1.72413792461157 76.4999985694885
         vertex -18.9985167235136 1.72413792461157 76.4999985694885
         vertex -22.4467925727367 -1.72413792461157 76.4999985694885
      endloop
   endfacet
   facet normal 0 0 -1
      outer loop
         vertex -22.4467925727367 -1.72413792461157 76.4999985694885
         vertex -18.9985167235136 1.72413792461157 76.4999985694885
         vertex -18.9985167235136 -1.72413792461157 76.4999985694885
      endloop
   endfacet
   facet normal 0 0 -1
      outer loop
         vertex -22.4467925727367 -1.72413792461157 76.4999985694885
         vertex -18.9985167235136 -1.72413792461157 76.4999985694885
         vertex -22.4467925727367 -5.17241377383471 76.4999985694885
      endloop
   endfacet
   facet normal 0 0 -1
      outer loop
         vertex -22.4467925727367 -5.17241377383471 76.4999985694885
         vertex -18.9985167235136 -1.72413792461157 76.4999985694885
         vertex -18.9985167235136 -5.17241377383471 76.4999985694885
      endloop
   endfacet
   facet normal 0 0 -1
      outer loop
         vertex -22.4467925727367 -5.17241377383471 76.4999985694885
         vertex -18.9985167235136 -5.17241377383471 76.4999985694885
         vertex -22.4467925727367 -8.62068962305784 76.4999985694885
      endloop
   endfacet
   facet normal 0 0 -1
      outer loop
         vertex -22.4467925727367 -8.62068962305784 76.4999985694885
         vertex -18.9985167235136 -5.17241377383471 76.4999985694885
         vertex -18.9985167235136 -8.62068962305784 76.4999985694885
      endloop
   endfacet
   facet normal 0 0 -1
      outer loop
         vertex -22.4467925727367 -8.62068962305784 76.4999985694885
         vertex -18.9985167235136 -8.62068962305784 76.4999985694885
         vertex -22.4467925727367 -12.068965472281 76.4999985694885
      endloop
   endfacet
   facet normal 0 0 -1
      outer loop
         vertex -22.4467925727367 -12.068965472281 76.4999985694885
         vertex -18.9985167235136 -8.62068962305784 76.4999985694885
         vertex -18.9985167235136 -12.068965472281 76.4999985694885
      endloop
   endfacet
   facet normal 0 0 -1
      outer loop
         vertex -22.4467925727367 -12.068965472281 76.4999985694885
         vertex -18.9985167235136 -12.068965472281 76.4999985694885
         vertex -22.4467925727367 -15.5172413215041 76.4999985694885
      endloop
   endfacet
   facet normal 0 0 -1
      outer loop
         vertex -22.4467925727367 -15.5172413215041 76.4999985694885
         vertex -18.9985167235136 -12.068965472281 76.4999985694885
         vertex -18.9985167235136 -15.5172413215041 76.4999985694885
      endloop
   endfacet
   facet normal 0 0 -1
      outer loop
         vertex -22.4467925727367 -15.5172413215041 76.4999985694885
         vertex -18.9985167235136 -15.5172413215041 76.4999985694885
         vertex -22.4467925727367 -18.9655181020498 76.4999985694885
      endloop
   endfacet
   facet normal 0 0 -1
      outer loop
         vertex -22.4467925727367 -18.9655181020498 76.4999985694885
         vertex -18.9985167235136 -15.5172413215041 76.4999985694885
         vertex -18.9985167235136 -18.9655181020498 76.4999985694885
      endloop
   endfacet
   facet normal 0 0 -1
      outer loop
         vertex -22.4467925727367 -18.9655181020498 76.4999985694885
         vertex -18.9985167235136 -18.9655181020498 76.4999985694885
         vertex -22.4467925727367 -22.413793951273 76.4999985694885
      endloop
   endfacet
   facet normal 0 0 -1
      outer loop
         vertex -22.4467925727367 -22.413793951273 76.4999985694885
         vertex -18.9985167235136 -18.9655181020498 76.4999985694885
         vertex -18.9985167235136 -22.413793951273 76.4999985694885
      endloop
   endfacet
   facet normal 0 0 -1
      outer loop
         vertex -18.9985167235136 18.9655181020498 76.4999985694885
         vertex -15.550241805613 18.9655181020498 76.4999985694885
         vertex -18.9985167235136 15.5172413215041 76.4999985694885
      endloop
   endfacet
   facet normal 0 0 -1
      outer loop
         vertex -18.9985167235136 15.5172413215041 76.4999985694885
         vertex -15.550241805613 18.9655181020498 76.4999985694885
         vertex -15.550241805613 15.5172413215041 76.4999985694885
      endloop
   endfacet
   facet normal 0 0 -1
      outer loop
         vertex -18.9985167235136 15.5172413215041 76.4999985694885
         vertex -15.550241805613 15.5172413215041 76.4999985694885
         vertex -18.9985167235136 12.068965472281 76.4999985694885
      endloop
   endfacet
   facet normal 0 0 -1
      outer loop
         vertex -18.9985167235136 12.068965472281 76.4999985694885
         vertex -15.550241805613 15.5172413215041 76.4999985694885
         vertex -15.550241805613 12.068965472281 76.4999985694885
      endloop
   endfacet
   facet normal 0 0 -1
      outer loop
         vertex -18.9985167235136 12.068965472281 76.4999985694885
         vertex -15.550241805613 12.068965472281 76.4999985694885
         vertex -18.9985167235136 8.62068962305784 76.4999985694885
      endloop
   endfacet
   facet normal 0 0 -1
      outer loop
         vertex -18.9985167235136 8.62068962305784 76.4999985694885
         vertex -15.550241805613 12.068965472281 76.4999985694885
         vertex -15.550241805613 8.62068962305784 76.4999985694885
      endloop
   endfacet
   facet normal 0 0 -1
      outer loop
         vertex -18.9985167235136 8.62068962305784 76.4999985694885
         vertex -15.550241805613 8.62068962305784 76.4999985694885
         vertex -18.9985167235136 5.17241377383471 76.4999985694885
      endloop
   endfacet
   facet normal 0 0 -1
      outer loop
         vertex -18.9985167235136 5.17241377383471 76.4999985694885
         vertex -15.550241805613 8.62068962305784 76.4999985694885
         vertex -15.550241805613 5.17241377383471 76.4999985694885
      endloop
   endfacet
   facet normal 0 0 -1
      outer loop
         vertex -18.9985167235136 5.17241377383471 76.4999985694885
         vertex -15.550241805613 5.17241377383471 76.4999985694885
         vertex -18.9985167235136 1.72413792461157 76.4999985694885
      endloop
   endfacet
   facet normal 0 0 -1
      outer loop
         vertex -18.9985167235136 1.72413792461157 76.4999985694885
         vertex -15.550241805613 5.17241377383471 76.4999985694885
         vertex -15.550241805613 1.72413792461157 76.4999985694885
      endloop
   endfacet
   facet normal 0 0 -1
      outer loop
         vertex -18.9985167235136 1.72413792461157 76.4999985694885
         vertex -15.550241805613 1.72413792461157 76.4999985694885
         vertex -18.9985167235136 -1.72413792461157 76.4999985694885
      endloop
   endfacet
   facet normal 0 0 -1
      outer loop
         vertex -18.9985167235136 -1.72413792461157 76.4999985694885
         vertex -15.550241805613 1.72413792461157 76.4999985694885
         vertex -15.550241805613 -1.72413792461157 76.4999985694885
      endloop
   endfacet
   facet normal 0 0 -1
      outer loop
         vertex -18.9985167235136 -1.72413792461157 76.4999985694885
         vertex -15.550241805613 -1.72413792461157 76.4999985694885
         vertex -18.9985167235136 -5.17241377383471 76.4999985694885
      endloop
   endfacet
   facet normal 0 0 -1
      outer loop
         vertex -18.9985167235136 -5.17241377383471 76.4999985694885
         vertex -15.550241805613 -1.72413792461157 76.4999985694885
         vertex -15.550241805613 -5.17241377383471 76.4999985694885
      endloop
   endfacet
   facet normal 0 0 -1
      outer loop
         vertex -18.9985167235136 -5.17241377383471 76.4999985694885
         vertex -15.550241805613 -5.17241377383471 76.4999985694885
         vertex -18.9985167235136 -8.62068962305784 76.4999985694885
      endloop
   endfacet
   facet normal 0 0 -1
      outer loop
         vertex -18.9985167235136 -8.62068962305784 76.4999985694885
         vertex -15.550241805613 -5.17241377383471 76.4999985694885
         vertex -15.550241805613 -8.62068962305784 76.4999985694885
      endloop
   endfacet
   facet normal 0 0 -1
      outer loop
         vertex -18.9985167235136 -8.62068962305784 76.4999985694885
         vertex -15.550241805613 -8.62068962305784 76.4999985694885
         vertex -18.9985167235136 -12.068965472281 76.4999985694885
      endloop
   endfacet
   facet normal 0 0 -1
      outer loop
         vertex -18.9985167235136 -12.068965472281 76.4999985694885
         vertex -15.550241805613 -8.62068962305784 76.4999985694885
         vertex -15.550241805613 -12.068965472281 76.4999985694885
      endloop
   endfacet
   facet normal 0 0 -1
      outer loop
         vertex -18.9985167235136 -12.068965472281 76.4999985694885
         vertex -15.550241805613 -12.068965472281 76.4999985694885
         vertex -18.9985167235136 -15.5172413215041 76.4999985694885
      endloop
   endfacet
   facet normal 0 0 -1
      outer loop
         vertex -18.9985167235136 -15.5172413215041 76.4999985694885
         vertex -15.550241805613 -12.068965472281 76.4999985694885
         vertex -15.550241805613 -15.5172413215041 76.4999985694885
      endloop
   endfacet
   facet normal 0 0 -1
      outer loop
         vertex -18.9985167235136 -15.5172413215041 76.4999985694885
         vertex -15.550241805613 -15.5172413215041 76.4999985694885
         vertex -18.9985167235136 -18.9655181020498 76.4999985694885
      endloop
   endfacet
   facet normal 0 0 -1
      outer loop
         vertex -18.9985167235136 -18.9655181020498 76.4999985694885
         vertex -15.550241805613 -15.5172413215041 76.4999985694885
         vertex -15.550241805613 -18.9655181020498 76.4999985694885
      endloop
   endfacet
   facet normal 0 0 -1
      outer loop
         vertex -18.9985167235136 -18.9655181020498 76.4999985694885
         vertex -15.550241805613 -18.9655181020498 76.4999985694885
         vertex -18.9985167235136 -22.413793951273 76.4999985694885
      endloop
   endfacet
   facet normal 0 0 -1
      outer loop
         vertex -18.9985167235136 -22.413793951273 76.4999985694885
         vertex -15.550241805613 -18.9655181020498 76.4999985694885
         vertex -15.550241805613 -22.413793951273 76.4999985694885
      endloop
   endfacet
   facet normal 0 0 -1
      outer loop
         vertex -15.550241805613 22.413793951273 76.4999985694885
         vertex -12.1019659563899 22.413793951273 76.4999985694885
         vertex -15.550241805613 18.9655181020498 76.4999985694885
      endloop
   endfacet
   facet normal 0 0 -1
      outer loop
         vertex -15.550241805613 18.9655181020498 76.4999985694885
         vertex -12.1019659563899 22.413793951273 76.4999985694885
         vertex -12.1019659563899 18.9655181020498 76.4999985694885
      endloop
   endfacet
   facet normal 0 0 -1
      outer loop
         vertex -15.550241805613 18.9655181020498 76.4999985694885
         vertex -12.1019659563899 18.9655181020498 76.4999985694885
         vertex -15.550241805613 15.5172413215041 76.4999985694885
      endloop
   endfacet
   facet normal 0 0 -1
      outer loop
         vertex -15.550241805613 15.5172413215041 76.4999985694885
         vertex -12.1019659563899 18.9655181020498 76.4999985694885
         vertex -12.1019659563899 15.5172413215041 76.4999985694885
      endloop
   endfacet
   facet normal 0 0 -1
      outer loop
         vertex -15.550241805613 15.5172413215041 76.4999985694885
         vertex -12.1019659563899 15.5172413215041 76.4999985694885
         vertex -15.550241805613 12.068965472281 76.4999985694885
      endloop
   endfacet
   facet normal 0 0 -1
      outer loop
         vertex -15.550241805613 12.068965472281 76.4999985694885
         vertex -12.1019659563899 15.5172413215041 76.4999985694885
         vertex -12.1019659563899 12.068965472281 76.4999985694885
      endloop
   endfacet
   facet normal 0 0 -1
      outer loop
         vertex -15.550241805613 12.068965472281 76.4999985694885
         vertex -12.1019659563899 12.068965472281 76.4999985694885
         vertex -15.550241805613 8.62068962305784 76.4999985694885
      endloop
   endfacet
   facet normal 0 0 -1
      outer loop
         vertex -15.550241805613 8.62068962305784 76.4999985694885
         vertex -12.1019659563899 12.068965472281 76.4999985694885
         vertex -12.1019659563899 8.62068962305784 76.4999985694885
      endloop
   endfacet
   facet normal 0 0 -1
      outer loop
         vertex -15.550241805613 8.62068962305784 76.4999985694885
         vertex -12.1019659563899 8.62068962305784 76.4999985694885
         vertex -15.550241805613 5.17241377383471 76.4999985694885
      endloop
   endfacet
   facet normal 0 0 -1
      outer loop
         vertex -15.550241805613 5.17241377383471 76.4999985694885
         vertex -12.1019659563899 8.62068962305784 76.4999985694885
         vertex -12.1019659563899 5.17241377383471 76.4999985694885
      endloop
   endfacet
   facet normal 0 0 -1
      outer loop
         vertex -15.550241805613 5.17241377383471 76.4999985694885
         vertex -12.1019659563899 5.17241377383471 76.4999985694885
         vertex -15.550241805613 1.72413792461157 76.4999985694885
      endloop
   endfacet
   facet normal 0 0 -1
      outer loop
         vertex -15.550241805613 1.72413792461157 76.4999985694885
         vertex -12.1019659563899 5.17241377383471 76.4999985694885
         vertex -12.1019659563899 1.72413792461157 76.4999985694885
      endloop
   endfacet
   facet normal 0 0 -1
      outer loop
         vertex -15.550241805613 1.72413792461157 76.4999985694885
         vertex -12.1019659563899 1.72413792461157 76.4999985694885
         vertex -15.550241805613 -1.72413792461157 76.4999985694885
      endloop
   endfacet
   facet normal 0 0 -1
      outer loop
         vertex -15.550241805613 -1.72413792461157 76.4999985694885
         vertex -12.1019659563899 1.72413792461157 76.4999985694885
         vertex -12.1019659563899 -1.72413792461157 76.4999985694885
      endloop
   endfacet
   facet normal 0 0 -1
      outer loop
         vertex -15.550241805613 -1.72413792461157 76.4999985694885
         vertex -12.1019659563899 -1.72413792461157 76.4999985694885
         vertex -15.550241805613 -5.17241377383471 76.4999985694885
      endloop
   endfacet
   facet normal 0 0 -1
      outer loop
         vertex -15.550241805613 -5.17241377383471 76.4999985694885
         vertex -12.1019659563899 -1.72413792461157 76.4999985694885
         vertex -12.1019659563899 -5.17241377383471 76.4999985694885
      endloop
   endfacet
   facet normal 0 0 -1
      outer loop
         vertex -15.550241805613 -5.17241377383471 76.4999985694885
         vertex -12.1019659563899 -5.17241377383471 76.4999985694885
         vertex -15.550241805613 -8.62068962305784 76.4999985694885
      endloop
   endfacet
   facet normal 0 0 -1
      outer loop
         vertex -15.550241805613 -8.62068962305784 76.4999985694885
         vertex -12.1019659563899 -5.17241377383471 76.4999985694885
         vertex -12.1019659563899 -8.62068962305784 76.4999985694885
      endloop
   endfacet
   facet normal 0 0 -1
      outer loop
         vertex -15.550241805613 -8.62068962305784 76.4999985694885
         vertex -12.1019659563899 -8.62068962305784 76.4999985694885
         vertex -15.550241805613 -12.068965472281 76.4999985694885
      endloop
   endfacet
   facet normal 0 0 -1
      outer loop
         vertex -15.550241805613 -12.068965472281 76.4999985694885
         vertex -12.1019659563899 -8.62068962305784 76.4999985694885
         vertex -12.1019659563899 -12.068965472281 76.4999985694885
      endloop
   endfacet
   facet normal 0 0 -1
      outer loop
         vertex -15.550241805613 -12.068965472281 76.4999985694885
         vertex -12.1019659563899 -12.068965472281 76.4999985694885
         vertex -15.550241805613 -15.5172413215041 76.4999985694885
      endloop
   endfacet
   facet normal 0 0 -1
      outer loop
         vertex -15.550241805613 -15.5172413215041 76.4999985694885
         vertex -12.1019659563899 -12.068965472281 76.4999985694885
         vertex -12.1019659563899 -15.5172413215041 76.4999985694885
      endloop
   endfacet
   facet normal 0 0 -1
      outer loop
         vertex -15.550241805613 -15.5172413215041 76.4999985694885
         vertex -12.1019659563899 -15.5172413215041 76.4999985694885
         vertex -15.550241805613 -18.9655181020498 76.4999985694885
      endloop
   endfacet
   facet normal 0 0 -1
      outer loop
         vertex -15.550241805613 -18.9655181020498 76.4999985694885
         vertex -12.1019659563899 -15.5172413215041 76.4999985694885
         vertex -12.1019659563899 -18.9655181020498 76.4999985694885
      endloop
   endfacet
   facet normal 0 0 -1
      outer loop
         vertex -15.550241805613 -18.9655181020498 76.4999985694885
         vertex -12.1019659563899 -18.9655181020498 76.4999985694885
         vertex -15.550241805613 -22.413793951273 76.4999985694885
      endloop
   endfacet
   facet normal 0 0 -1
      outer loop
         vertex -15.550241805613 -22.413793951273 76.4999985694885
         vertex -12.1019659563899 -18.9655181020498 76.4999985694885
         vertex -12.1019659563899 -22.413793951273 76.4999985694885
      endloop
   endfacet
   facet normal 0 0 -1
      outer loop
         vertex -12.1019659563899 25.8620698004961 76.4999985694885
         vertex -8.65369010716677 25.8620698004961 76.4999985694885
         vertex -12.1019659563899 22.413793951273 76.4999985694885
      endloop
   endfacet
   facet normal 0 0 -1
      outer loop
         vertex -12.1019659563899 22.413793951273 76.4999985694885
         vertex -8.65369010716677 25.8620698004961 76.4999985694885
         vertex -8.65369010716677 22.413793951273 76.4999985694885
      endloop
   endfacet
   facet normal 0 0 -1
      outer loop
         vertex -12.1019659563899 22.413793951273 76.4999985694885
         vertex -8.65369010716677 22.413793951273 76.4999985694885
         vertex -12.1019659563899 18.9655181020498 76.4999985694885
      endloop
   endfacet
   facet normal 0 0 -1
      outer loop
         vertex -12.1019659563899 18.9655181020498 76.4999985694885
         vertex -8.65369010716677 22.413793951273 76.4999985694885
         vertex -8.65369010716677 18.9655181020498 76.4999985694885
      endloop
   endfacet
   facet normal 0 0 -1
      outer loop
         vertex -12.1019659563899 18.9655181020498 76.4999985694885
         vertex -8.65369010716677 18.9655181020498 76.4999985694885
         vertex -12.1019659563899 15.5172413215041 76.4999985694885
      endloop
   endfacet
   facet normal 0 0 -1
      outer loop
         vertex -12.1019659563899 15.5172413215041 76.4999985694885
         vertex -8.65369010716677 18.9655181020498 76.4999985694885
         vertex -8.65369010716677 15.5172413215041 76.4999985694885
      endloop
   endfacet
   facet normal 0 0 -1
      outer loop
         vertex -12.1019659563899 15.5172413215041 76.4999985694885
         vertex -8.65369010716677 15.5172413215041 76.4999985694885
         vertex -12.1019659563899 12.068965472281 76.4999985694885
      endloop
   endfacet
   facet normal 0 0 -1
      outer loop
         vertex -12.1019659563899 12.068965472281 76.4999985694885
         vertex -8.65369010716677 15.5172413215041 76.4999985694885
         vertex -8.65369010716677 12.068965472281 76.4999985694885
      endloop
   endfacet
   facet normal 0 0 -1
      outer loop
         vertex -12.1019659563899 12.068965472281 76.4999985694885
         vertex -8.65369010716677 12.068965472281 76.4999985694885
         vertex -12.1019659563899 8.62068962305784 76.4999985694885
      endloop
   endfacet
   facet normal 0 0 -1
      outer loop
         vertex -12.1019659563899 8.62068962305784 76.4999985694885
         vertex -8.65369010716677 12.068965472281 76.4999985694885
         vertex -8.65369010716677 8.62068962305784 76.4999985694885
      endloop
   endfacet
   facet normal 0 0 -1
      outer loop
         vertex -12.1019659563899 8.62068962305784 76.4999985694885
         vertex -8.65369010716677 8.62068962305784 76.4999985694885
         vertex -12.1019659563899 5.17241377383471 76.4999985694885
      endloop
   endfacet
   facet normal 0 0 -1
      outer loop
         vertex -12.1019659563899 5.17241377383471 76.4999985694885
         vertex -8.65369010716677 8.62068962305784 76.4999985694885
         vertex -8.65369010716677 5.17241377383471 76.4999985694885
      endloop
   endfacet
   facet normal 0 0 -1
      outer loop
         vertex -12.1019659563899 5.17241377383471 76.4999985694885
         vertex -8.65369010716677 5.17241377383471 76.4999985694885
         vertex -12.1019659563899 1.72413792461157 76.4999985694885
      endloop
   endfacet
   facet normal 0 0 -1
      outer loop
         vertex -12.1019659563899 1.72413792461157 76.4999985694885
         vertex -8.65369010716677 5.17241377383471 76.4999985694885
         vertex -8.65369010716677 1.72413792461157 76.4999985694885
      endloop
   endfacet
   facet normal 0 0 -1
      outer loop
         vertex -12.1019659563899 1.72413792461157 76.4999985694885
         vertex -8.65369010716677 1.72413792461157 76.4999985694885
         vertex -12.1019659563899 -1.72413792461157 76.4999985694885
      endloop
   endfacet
   facet normal 0 0 -1
      outer loop
         vertex -12.1019659563899 -1.72413792461157 76.4999985694885
         vertex -8.65369010716677 1.72413792461157 76.4999985694885
         vertex -8.65369010716677 -1.72413792461157 76.4999985694885
      endloop
   endfacet
   facet normal 0 0 -1
      outer loop
         vertex -12.1019659563899 -1.72413792461157 76.4999985694885
         vertex -8.65369010716677 -1.72413792461157 76.4999985694885
         vertex -12.1019659563899 -5.17241377383471 76.4999985694885
      endloop
   endfacet
   facet normal 0 0 -1
      outer loop
         vertex -12.1019659563899 -5.17241377383471 76.4999985694885
         vertex -8.65369010716677 -1.72413792461157 76.4999985694885
         vertex -8.65369010716677 -5.17241377383471 76.4999985694885
      endloop
   endfacet
   facet normal 0 0 -1
      outer loop
         vertex -12.1019659563899 -5.17241377383471 76.4999985694885
         vertex -8.65369010716677 -5.17241377383471 76.4999985694885
         vertex -12.1019659563899 -8.62068962305784 76.4999985694885
      endloop
   endfacet
   facet normal 0 0 -1
      outer loop
         vertex -12.1019659563899 -8.62068962305784 76.4999985694885
         vertex -8.65369010716677 -5.17241377383471 76.4999985694885
         vertex -8.65369010716677 -8.62068962305784 76.4999985694885
      endloop
   endfacet
   facet normal 0 0 -1
      outer loop
         vertex -12.1019659563899 -8.62068962305784 76.4999985694885
         vertex -8.65369010716677 -8.62068962305784 76.4999985694885
         vertex -12.1019659563899 -12.068965472281 76.4999985694885
      endloop
   endfacet
   facet normal 0 0 -1
      outer loop
         vertex -12.1019659563899 -12.068965472281 76.4999985694885
         vertex -8.65369010716677 -8.62068962305784 76.4999985694885
         vertex -8.65369010716677 -12.068965472281 76.4999985694885
      endloop
   endfacet
   facet normal 0 0 -1
      outer loop
         vertex -12.1019659563899 -12.068965472281 76.4999985694885
         vertex -8.65369010716677 -12.068965472281 76.4999985694885
         vertex -12.1019659563899 -15.5172413215041 76.4999985694885
      endloop
   endfacet
   facet normal 0 0 -1
      outer loop
         vertex -12.1019659563899 -15.5172413215041 76.4999985694885
         vertex -8.65369010716677 -12.068965472281 76.4999985694885
         vertex -8.65369010716677 -15.5172413215041 76.4999985694885
      endloop
   endfacet
   facet normal 0 0 -1
      outer loop
         vertex -12.1019659563899 -15.5172413215041 76.4999985694885
         vertex -8.65369010716677 -15.5172413215041 76.4999985694885
         vertex -12.1019659563899 -18.9655181020498 76.4999985694885
      endloop
   endfacet
   facet normal 0 0 -1
      outer loop
         vertex -12.1019659563899 -18.9655181020498 76.4999985694885
         vertex -8.65369010716677 -15.5172413215041 76.4999985694885
         vertex -8.65369010716677 -18.9655181020498 76.4999985694885
      endloop
   endfacet
   facet normal 0 0 -1
      outer loop
         vertex -12.1019659563899 -18.9655181020498 76.4999985694885
         vertex -8.65369010716677 -18.9655181020498 76.4999985694885
         vertex -12.1019659563899 -22.413793951273 76.4999985694885
      endloop
   endfacet
   facet normal 0 0 -1
      outer loop
         vertex -12.1019659563899 -22.413793951273 76.4999985694885
         vertex -8.65369010716677 -18.9655181020498 76.4999985694885
         vertex -8.65369010716677 -22.413793951273 76.4999985694885
      endloop
   endfacet
   facet normal 0 0 -1
      outer loop
         vertex -8.65369010716677 29.3103456497192 76.4999985694885
         vertex -5.20541379228234 29.3103456497192 76.4999985694885
         vertex -8.65369010716677 25.8620698004961 76.4999985694885
      endloop
   endfacet
   facet normal 0 0 -1
      outer loop
         vertex -8.65369010716677 25.8620698004961 76.4999985694885
         vertex -5.20541379228234 29.3103456497192 76.4999985694885
         vertex -5.20541379228234 25.8620698004961 76.4999985694885
      endloop
   endfacet
   facet normal 0 0 -1
      outer loop
         vertex -8.65369010716677 25.8620698004961 76.4999985694885
         vertex -5.20541379228234 25.8620698004961 76.4999985694885
         vertex -8.65369010716677 22.413793951273 76.4999985694885
      endloop
   endfacet
   facet normal 0 0 -1
      outer loop
         vertex -8.65369010716677 22.413793951273 76.4999985694885
         vertex -5.20541379228234 25.8620698004961 76.4999985694885
         vertex -5.20541379228234 22.413793951273 76.4999985694885
      endloop
   endfacet
   facet normal 0 0 -1
      outer loop
         vertex -8.65369010716677 22.413793951273 76.4999985694885
         vertex -5.20541379228234 22.413793951273 76.4999985694885
         vertex -8.65369010716677 18.9655181020498 76.4999985694885
      endloop
   endfacet
   facet normal 0 0 -1
      outer loop
         vertex -8.65369010716677 18.9655181020498 76.4999985694885
         vertex -5.20541379228234 22.413793951273 76.4999985694885
         vertex -5.20541379228234 18.9655181020498 76.4999985694885
      endloop
   endfacet
   facet normal 0 0 -1
      outer loop
         vertex -8.65369010716677 18.9655181020498 76.4999985694885
         vertex -5.20541379228234 18.9655181020498 76.4999985694885
         vertex -8.65369010716677 15.5172413215041 76.4999985694885
      endloop
   endfacet
   facet normal 0 0 -1
      outer loop
         vertex -8.65369010716677 15.5172413215041 76.4999985694885
         vertex -5.20541379228234 18.9655181020498 76.4999985694885
         vertex -5.20541379228234 15.5172413215041 76.4999985694885
      endloop
   endfacet
   facet normal 0 0 -1
      outer loop
         vertex -8.65369010716677 15.5172413215041 76.4999985694885
         vertex -5.20541379228234 15.5172413215041 76.4999985694885
         vertex -8.65369010716677 12.068965472281 76.4999985694885
      endloop
   endfacet
   facet normal 0 0 -1
      outer loop
         vertex -8.65369010716677 12.068965472281 76.4999985694885
         vertex -5.20541379228234 15.5172413215041 76.4999985694885
         vertex -5.20541379228234 12.068965472281 76.4999985694885
      endloop
   endfacet
   facet normal 0 0 -1
      outer loop
         vertex -8.65369010716677 12.068965472281 76.4999985694885
         vertex -5.20541379228234 12.068965472281 76.4999985694885
         vertex -8.65369010716677 8.62068962305784 76.4999985694885
      endloop
   endfacet
   facet normal 0 0 -1
      outer loop
         vertex -8.65369010716677 8.62068962305784 76.4999985694885
         vertex -5.20541379228234 12.068965472281 76.4999985694885
         vertex -5.20541379228234 8.62068962305784 76.4999985694885
      endloop
   endfacet
   facet normal 0 0 -1
      outer loop
         vertex -8.65369010716677 8.62068962305784 76.4999985694885
         vertex -5.20541379228234 8.62068962305784 76.4999985694885
         vertex -8.65369010716677 5.17241377383471 76.4999985694885
      endloop
   endfacet
   facet normal 0 0 -1
      outer loop
         vertex -8.65369010716677 5.17241377383471 76.4999985694885
         vertex -5.20541379228234 8.62068962305784 76.4999985694885
         vertex -5.20541379228234 5.17241377383471 76.4999985694885
      endloop
   endfacet
   facet normal 0 0 -1
      outer loop
         vertex -8.65369010716677 5.17241377383471 76.4999985694885
         vertex -5.20541379228234 5.17241377383471 76.4999985694885
         vertex -8.65369010716677 1.72413792461157 76.4999985694885
      endloop
   endfacet
   facet normal 0 0 -1
      outer loop
         vertex -8.65369010716677 1.72413792461157 76.4999985694885
         vertex -5.20541379228234 5.17241377383471 76.4999985694885
         vertex -5.20541379228234 1.72413792461157 76.4999985694885
      endloop
   endfacet
   facet normal 0 0 -1
      outer loop
         vertex -8.65369010716677 1.72413792461157 76.4999985694885
         vertex -5.20541379228234 1.72413792461157 76.4999985694885
         vertex -8.65369010716677 -1.72413792461157 76.4999985694885
      endloop
   endfacet
   facet normal 0 0 -1
      outer loop
         vertex -8.65369010716677 -1.72413792461157 76.4999985694885
         vertex -5.20541379228234 1.72413792461157 76.4999985694885
         vertex -5.20541379228234 -1.72413792461157 76.4999985694885
      endloop
   endfacet
   facet normal 0 0 -1
      outer loop
         vertex -8.65369010716677 -1.72413792461157 76.4999985694885
         vertex -5.20541379228234 -1.72413792461157 76.4999985694885
         vertex -8.65369010716677 -5.17241377383471 76.4999985694885
      endloop
   endfacet
   facet normal 0 0 -1
      outer loop
         vertex -8.65369010716677 -5.17241377383471 76.4999985694885
         vertex -5.20541379228234 -1.72413792461157 76.4999985694885
         vertex -5.20541379228234 -5.17241377383471 76.4999985694885
      endloop
   endfacet
   facet normal 0 0 -1
      outer loop
         vertex -8.65369010716677 -5.17241377383471 76.4999985694885
         vertex -5.20541379228234 -5.17241377383471 76.4999985694885
         vertex -8.65369010716677 -8.62068962305784 76.4999985694885
      endloop
   endfacet
   facet normal 0 0 -1
      outer loop
         vertex -8.65369010716677 -8.62068962305784 76.4999985694885
         vertex -5.20541379228234 -5.17241377383471 76.4999985694885
         vertex -5.20541379228234 -8.62068962305784 76.4999985694885
      endloop
   endfacet
   facet normal 0 0 -1
      outer loop
         vertex -8.65369010716677 -8.62068962305784 76.4999985694885
         vertex -5.20541379228234 -8.62068962305784 76.4999985694885
         vertex -8.65369010716677 -12.068965472281 76.4999985694885
      endloop
   endfacet
   facet normal 0 0 -1
      outer loop
         vertex -8.65369010716677 -12.068965472281 76.4999985694885
         vertex -5.20541379228234 -8.62068962305784 76.4999985694885
         vertex -5.20541379228234 -12.068965472281 76.4999985694885
      endloop
   endfacet
   facet normal 0 0 -1
      outer loop
         vertex -8.65369010716677 -12.068965472281 76.4999985694885
         vertex -5.20541379228234 -12.068965472281 76.4999985694885
         vertex -8.65369010716677 -15.5172413215041 76.4999985694885
      endloop
   endfacet
   facet normal 0 0 -1
      outer loop
         vertex -8.65369010716677 -15.5172413215041 76.4999985694885
         vertex -5.20541379228234 -12.068965472281 76.4999985694885
         vertex -5.20541379228234 -15.5172413215041 76.4999985694885
      endloop
   endfacet
   facet normal 0 0 -1
      outer loop
         vertex -8.65369010716677 -15.5172413215041 76.4999985694885
         vertex -5.20541379228234 -15.5172413215041 76.4999985694885
         vertex -8.65369010716677 -18.9655181020498 76.4999985694885
      endloop
   endfacet
   facet normal 0 0 -1
      outer loop
         vertex -8.65369010716677 -18.9655181020498 76.4999985694885
         vertex -5.20541379228234 -15.5172413215041 76.4999985694885
         vertex -5.20541379228234 -18.9655181020498 76.4999985694885
      endloop
   endfacet
   facet normal 0 0 -1
      outer loop
         vertex -8.65369010716677 -18.9655181020498 76.4999985694885
         vertex -5.20541379228234 -18.9655181020498 76.4999985694885
         vertex -8.65369010716677 -22.413793951273 76.4999985694885
      endloop
   endfacet
   facet normal 0 0 -1
      outer loop
         vertex -8.65369010716677 -22.413793951273 76.4999985694885
         vertex -5.20541379228234 -18.9655181020498 76.4999985694885
         vertex -5.20541379228234 -22.413793951273 76.4999985694885
      endloop
   endfacet
   facet normal 0 0 -1
      outer loop
         vertex -5.20541379228234 32.7586196362972 76.4999985694885
         vertex -1.75713794305921 32.7586196362972 76.4999985694885
         vertex -5.20541379228234 29.3103456497192 76.4999985694885
      endloop
   endfacet
   facet normal 0 0 -1
      outer loop
         vertex -5.20541379228234 29.3103456497192 76.4999985694885
         vertex -1.75713794305921 32.7586196362972 76.4999985694885
         vertex -1.75713794305921 29.3103456497192 76.4999985694885
      endloop
   endfacet
   facet normal 0 0 -1
      outer loop
         vertex -5.20541379228234 29.3103456497192 76.4999985694885
         vertex -1.75713794305921 29.3103456497192 76.4999985694885
         vertex -5.20541379228234 25.8620698004961 76.4999985694885
      endloop
   endfacet
   facet normal 0 0 -1
      outer loop
         vertex -5.20541379228234 25.8620698004961 76.4999985694885
         vertex -1.75713794305921 29.3103456497192 76.4999985694885
         vertex -1.75713794305921 25.8620698004961 76.4999985694885
      endloop
   endfacet
   facet normal 0 0 -1
      outer loop
         vertex -5.20541379228234 25.8620698004961 76.4999985694885
         vertex -1.75713794305921 25.8620698004961 76.4999985694885
         vertex -5.20541379228234 22.413793951273 76.4999985694885
      endloop
   endfacet
   facet normal 0 0 -1
      outer loop
         vertex -5.20541379228234 22.413793951273 76.4999985694885
         vertex -1.75713794305921 25.8620698004961 76.4999985694885
         vertex -1.75713794305921 22.413793951273 76.4999985694885
      endloop
   endfacet
   facet normal 0 0 -1
      outer loop
         vertex -5.20541379228234 22.413793951273 76.4999985694885
         vertex -1.75713794305921 22.413793951273 76.4999985694885
         vertex -5.20541379228234 18.9655181020498 76.4999985694885
      endloop
   endfacet
   facet normal 0 0 -1
      outer loop
         vertex -5.20541379228234 18.9655181020498 76.4999985694885
         vertex -1.75713794305921 22.413793951273 76.4999985694885
         vertex -1.75713794305921 18.9655181020498 76.4999985694885
      endloop
   endfacet
   facet normal 0 0 -1
      outer loop
         vertex -5.20541379228234 18.9655181020498 76.4999985694885
         vertex -1.75713794305921 18.9655181020498 76.4999985694885
         vertex -5.20541379228234 15.5172413215041 76.4999985694885
      endloop
   endfacet
   facet normal 0 0 -1
      outer loop
         vertex -5.20541379228234 15.5172413215041 76.4999985694885
         vertex -1.75713794305921 18.9655181020498 76.4999985694885
         vertex -1.75713794305921 15.5172413215041 76.4999985694885
      endloop
   endfacet
   facet normal 0 0 -1
      outer loop
         vertex -5.20541379228234 15.5172413215041 76.4999985694885
         vertex -1.75713794305921 15.5172413215041 76.4999985694885
         vertex -5.20541379228234 12.068965472281 76.4999985694885
      endloop
   endfacet
   facet normal 0 0 -1
      outer loop
         vertex -5.20541379228234 12.068965472281 76.4999985694885
         vertex -1.75713794305921 15.5172413215041 76.4999985694885
         vertex -1.75713794305921 12.068965472281 76.4999985694885
      endloop
   endfacet
   facet normal 0 0 -1
      outer loop
         vertex -5.20541379228234 12.068965472281 76.4999985694885
         vertex -1.75713794305921 12.068965472281 76.4999985694885
         vertex -5.20541379228234 8.62068962305784 76.4999985694885
      endloop
   endfacet
   facet normal 0 0 -1
      outer loop
         vertex -5.20541379228234 8.62068962305784 76.4999985694885
         vertex -1.75713794305921 12.068965472281 76.4999985694885
         vertex -1.75713794305921 8.62068962305784 76.4999985694885
      endloop
   endfacet
   facet normal 0 0 -1
      outer loop
         vertex -5.20541379228234 8.62068962305784 76.4999985694885
         vertex -1.75713794305921 8.62068962305784 76.4999985694885
         vertex -5.20541379228234 5.17241377383471 76.4999985694885
      endloop
   endfacet
   facet normal 0 0 -1
      outer loop
         vertex -5.20541379228234 5.17241377383471 76.4999985694885
         vertex -1.75713794305921 8.62068962305784 76.4999985694885
         vertex -1.75713794305921 5.17241377383471 76.4999985694885
      endloop
   endfacet
   facet normal 0 0 -1
      outer loop
         vertex -5.20541379228234 5.17241377383471 76.4999985694885
         vertex -1.75713794305921 5.17241377383471 76.4999985694885
         vertex -5.20541379228234 1.72413792461157 76.4999985694885
      endloop
   endfacet
   facet normal 0 0 -1
      outer loop
         vertex -5.20541379228234 1.72413792461157 76.4999985694885
         vertex -1.75713794305921 5.17241377383471 76.4999985694885
         vertex -1.75713794305921 1.72413792461157 76.4999985694885
      endloop
   endfacet
   facet normal 0 0 -1
      outer loop
         vertex -5.20541379228234 1.72413792461157 76.4999985694885
         vertex -1.75713794305921 1.72413792461157 76.4999985694885
         vertex -5.20541379228234 -1.72413792461157 76.4999985694885
      endloop
   endfacet
   facet normal 0 0 -1
      outer loop
         vertex -5.20541379228234 -1.72413792461157 76.4999985694885
         vertex -1.75713794305921 1.72413792461157 76.4999985694885
         vertex -1.75713794305921 -1.72413792461157 76.4999985694885
      endloop
   endfacet
   facet normal 0 0 -1
      outer loop
         vertex -5.20541379228234 -1.72413792461157 76.4999985694885
         vertex -1.75713794305921 -1.72413792461157 76.4999985694885
         vertex -5.20541379228234 -5.17241377383471 76.4999985694885
      endloop
   endfacet
   facet normal 0 0 -1
      outer loop
         vertex -5.20541379228234 -5.17241377383471 76.4999985694885
         vertex -1.75713794305921 -1.72413792461157 76.4999985694885
         vertex -1.75713794305921 -5.17241377383471 76.4999985694885
      endloop
   endfacet
   facet normal 0 0 -1
      outer loop
         vertex -5.20541379228234 -5.17241377383471 76.4999985694885
         vertex -1.75713794305921 -5.17241377383471 76.4999985694885
         vertex -5.20541379228234 -8.62068962305784 76.4999985694885
      endloop
   endfacet
   facet normal 0 0 -1
      outer loop
         vertex -5.20541379228234 -8.62068962305784 76.4999985694885
         vertex -1.75713794305921 -5.17241377383471 76.4999985694885
         vertex -1.75713794305921 -8.62068962305784 76.4999985694885
      endloop
   endfacet
   facet normal 0 0 -1
      outer loop
         vertex -5.20541379228234 -8.62068962305784 76.4999985694885
         vertex -1.75713794305921 -8.62068962305784 76.4999985694885
         vertex -5.20541379228234 -12.068965472281 76.4999985694885
      endloop
   endfacet
   facet normal 0 0 -1
      outer loop
         vertex -5.20541379228234 -12.068965472281 76.4999985694885
         vertex -1.75713794305921 -8.62068962305784 76.4999985694885
         vertex -1.75713794305921 -12.068965472281 76.4999985694885
      endloop
   endfacet
   facet normal 0 0 -1
      outer loop
         vertex -5.20541379228234 -12.068965472281 76.4999985694885
         vertex -1.75713794305921 -12.068965472281 76.4999985694885
         vertex -5.20541379228234 -15.5172413215041 76.4999985694885
      endloop
   endfacet
   facet normal 0 0 -1
      outer loop
         vertex -5.20541379228234 -15.5172413215041 76.4999985694885
         vertex -1.75713794305921 -12.068965472281 76.4999985694885
         vertex -1.75713794305921 -15.5172413215041 76.4999985694885
      endloop
   endfacet
   facet normal 0 0 -1
      outer loop
         vertex -5.20541379228234 -15.5172413215041 76.4999985694885
         vertex -1.75713794305921 -15.5172413215041 76.4999985694885
         vertex -5.20541379228234 -18.9655181020498 76.4999985694885
      endloop
   endfacet
   facet normal 0 0 -1
      outer loop
         vertex -5.20541379228234 -18.9655181020498 76.4999985694885
         vertex -1.75713794305921 -15.5172413215041 76.4999985694885
         vertex -1.75713794305921 -18.9655181020498 76.4999985694885
      endloop
   endfacet
   facet normal 0 0 -1
      outer loop
         vertex -5.20541379228234 -18.9655181020498 76.4999985694885
         vertex -1.75713794305921 -18.9655181020498 76.4999985694885
         vertex -5.20541379228234 -22.413793951273 76.4999985694885
      endloop
   endfacet
   facet normal 0 0 -1
      outer loop
         vertex -5.20541379228234 -22.413793951273 76.4999985694885
         vertex -1.75713794305921 -18.9655181020498 76.4999985694885
         vertex -1.75713794305921 -22.413793951273 76.4999985694885
      endloop
   endfacet
   facet normal 0 0 -1
      outer loop
         vertex -1.75713794305921 36.2068973481655 76.4999985694885
         vertex 1.69113790616393 36.2068973481655 76.4999985694885
         vertex -1.75713794305921 32.7586196362972 76.4999985694885
      endloop
   endfacet
   facet normal 0 0 -1
      outer loop
         vertex -1.75713794305921 32.7586196362972 76.4999985694885
         vertex 1.69113790616393 36.2068973481655 76.4999985694885
         vertex 1.69113790616393 32.7586196362972 76.4999985694885
      endloop
   endfacet
   facet normal 0 0 -1
      outer loop
         vertex -1.75713794305921 32.7586196362972 76.4999985694885
         vertex 1.69113790616393 32.7586196362972 76.4999985694885
         vertex -1.75713794305921 29.3103456497192 76.4999985694885
      endloop
   endfacet
   facet normal 0 0 -1
      outer loop
         vertex -1.75713794305921 29.3103456497192 76.4999985694885
         vertex 1.69113790616393 32.7586196362972 76.4999985694885
         vertex 1.69113790616393 29.3103456497192 76.4999985694885
      endloop
   endfacet
   facet normal 0 0 -1
      outer loop
         vertex -1.75713794305921 29.3103456497192 76.4999985694885
         vertex 1.69113790616393 29.3103456497192 76.4999985694885
         vertex -1.75713794305921 25.8620698004961 76.4999985694885
      endloop
   endfacet
   facet normal 0 0 -1
      outer loop
         vertex -1.75713794305921 25.8620698004961 76.4999985694885
         vertex 1.69113790616393 29.3103456497192 76.4999985694885
         vertex 1.69113790616393 25.8620698004961 76.4999985694885
      endloop
   endfacet
   facet normal 0 0 -1
      outer loop
         vertex -1.75713794305921 25.8620698004961 76.4999985694885
         vertex 1.69113790616393 25.8620698004961 76.4999985694885
         vertex -1.75713794305921 22.413793951273 76.4999985694885
      endloop
   endfacet
   facet normal 0 0 -1
      outer loop
         vertex -1.75713794305921 22.413793951273 76.4999985694885
         vertex 1.69113790616393 25.8620698004961 76.4999985694885
         vertex 1.69113790616393 22.413793951273 76.4999985694885
      endloop
   endfacet
   facet normal 0 0 -1
      outer loop
         vertex -1.75713794305921 22.413793951273 76.4999985694885
         vertex 1.69113790616393 22.413793951273 76.4999985694885
         vertex -1.75713794305921 18.9655181020498 76.4999985694885
      endloop
   endfacet
   facet normal 0 0 -1
      outer loop
         vertex -1.75713794305921 18.9655181020498 76.4999985694885
         vertex 1.69113790616393 22.413793951273 76.4999985694885
         vertex 1.69113790616393 18.9655181020498 76.4999985694885
      endloop
   endfacet
   facet normal 0 0 -1
      outer loop
         vertex -1.75713794305921 18.9655181020498 76.4999985694885
         vertex 1.69113790616393 18.9655181020498 76.4999985694885
         vertex -1.75713794305921 15.5172413215041 76.4999985694885
      endloop
   endfacet
   facet normal 0 0 -1
      outer loop
         vertex -1.75713794305921 15.5172413215041 76.4999985694885
         vertex 1.69113790616393 18.9655181020498 76.4999985694885
         vertex 1.69113790616393 15.5172413215041 76.4999985694885
      endloop
   endfacet
   facet normal 0 0 -1
      outer loop
         vertex -1.75713794305921 15.5172413215041 76.4999985694885
         vertex 1.69113790616393 15.5172413215041 76.4999985694885
         vertex -1.75713794305921 12.068965472281 76.4999985694885
      endloop
   endfacet
   facet normal 0 0 -1
      outer loop
         vertex -1.75713794305921 12.068965472281 76.4999985694885
         vertex 1.69113790616393 15.5172413215041 76.4999985694885
         vertex 1.69113790616393 12.068965472281 76.4999985694885
      endloop
   endfacet
   facet normal 0 0 -1
      outer loop
         vertex -1.75713794305921 12.068965472281 76.4999985694885
         vertex 1.69113790616393 12.068965472281 76.4999985694885
         vertex -1.75713794305921 8.62068962305784 76.4999985694885
      endloop
   endfacet
   facet normal 0 0 -1
      outer loop
         vertex -1.75713794305921 8.62068962305784 76.4999985694885
         vertex 1.69113790616393 12.068965472281 76.4999985694885
         vertex 1.69113790616393 8.62068962305784 76.4999985694885
      endloop
   endfacet
   facet normal 0 0 -1
      outer loop
         vertex -1.75713794305921 8.62068962305784 76.4999985694885
         vertex 1.69113790616393 8.62068962305784 76.4999985694885
         vertex -1.75713794305921 5.17241377383471 76.4999985694885
      endloop
   endfacet
   facet normal 0 0 -1
      outer loop
         vertex -1.75713794305921 5.17241377383471 76.4999985694885
         vertex 1.69113790616393 8.62068962305784 76.4999985694885
         vertex 1.69113790616393 5.17241377383471 76.4999985694885
      endloop
   endfacet
   facet normal 0 0 -1
      outer loop
         vertex -1.75713794305921 5.17241377383471 76.4999985694885
         vertex 1.69113790616393 5.17241377383471 76.4999985694885
         vertex -1.75713794305921 1.72413792461157 76.4999985694885
      endloop
   endfacet
   facet normal 0 0 -1
      outer loop
         vertex -1.75713794305921 1.72413792461157 76.4999985694885
         vertex 1.69113790616393 5.17241377383471 76.4999985694885
         vertex 1.69113790616393 1.72413792461157 76.4999985694885
      endloop
   endfacet
   facet normal 0 0 -1
      outer loop
         vertex -1.75713794305921 1.72413792461157 76.4999985694885
         vertex 1.69113790616393 1.72413792461157 76.4999985694885
         vertex -1.75713794305921 -1.72413792461157 76.4999985694885
      endloop
   endfacet
   facet normal 0 0 -1
      outer loop
         vertex -1.75713794305921 -1.72413792461157 76.4999985694885
         vertex 1.69113790616393 1.72413792461157 76.4999985694885
         vertex 1.69113790616393 -1.72413792461157 76.4999985694885
      endloop
   endfacet
   facet normal 0 0 -1
      outer loop
         vertex -1.75713794305921 -1.72413792461157 76.4999985694885
         vertex 1.69113790616393 -1.72413792461157 76.4999985694885
         vertex -1.75713794305921 -5.17241377383471 76.4999985694885
      endloop
   endfacet
   facet normal 0 0 -1
      outer loop
         vertex -1.75713794305921 -5.17241377383471 76.4999985694885
         vertex 1.69113790616393 -1.72413792461157 76.4999985694885
         vertex 1.69113790616393 -5.17241377383471 76.4999985694885
      endloop
   endfacet
   facet normal 0 0 -1
      outer loop
         vertex -1.75713794305921 -5.17241377383471 76.4999985694885
         vertex 1.69113790616393 -5.17241377383471 76.4999985694885
         vertex -1.75713794305921 -8.62068962305784 76.4999985694885
      endloop
   endfacet
   facet normal 0 0 -1
      outer loop
         vertex -1.75713794305921 -8.62068962305784 76.4999985694885
         vertex 1.69113790616393 -5.17241377383471 76.4999985694885
         vertex 1.69113790616393 -8.62068962305784 76.4999985694885
      endloop
   endfacet
   facet normal 0 0 -1
      outer loop
         vertex -1.75713794305921 -8.62068962305784 76.4999985694885
         vertex 1.69113790616393 -8.62068962305784 76.4999985694885
         vertex -1.75713794305921 -12.068965472281 76.4999985694885
      endloop
   endfacet
   facet normal 0 0 -1
      outer loop
         vertex -1.75713794305921 -12.068965472281 76.4999985694885
         vertex 1.69113790616393 -8.62068962305784 76.4999985694885
         vertex 1.69113790616393 -12.068965472281 76.4999985694885
      endloop
   endfacet
   facet normal 0 0 -1
      outer loop
         vertex -1.75713794305921 -12.068965472281 76.4999985694885
         vertex 1.69113790616393 -12.068965472281 76.4999985694885
         vertex -1.75713794305921 -15.5172413215041 76.4999985694885
      endloop
   endfacet
   facet normal 0 0 -1
      outer loop
         vertex -1.75713794305921 -15.5172413215041 76.4999985694885
         vertex 1.69113790616393 -12.068965472281 76.4999985694885
         vertex 1.69113790616393 -15.5172413215041 76.4999985694885
      endloop
   endfacet
   facet normal 0 0 -1
      outer loop
         vertex -1.75713794305921 -15.5172413215041 76.4999985694885
         vertex 1.69113790616393 -15.5172413215041 76.4999985694885
         vertex -1.75713794305921 -18.9655181020498 76.4999985694885
      endloop
   endfacet
   facet normal 0 0 -1
      outer loop
         vertex -1.75713794305921 -18.9655181020498 76.4999985694885
         vertex 1.69113790616393 -15.5172413215041 76.4999985694885
         vertex 1.69113790616393 -18.9655181020498 76.4999985694885
      endloop
   endfacet
   facet normal 0 0 -1
      outer loop
         vertex -1.75713794305921 -18.9655181020498 76.4999985694885
         vertex 1.69113790616393 -18.9655181020498 76.4999985694885
         vertex -1.75713794305921 -22.413793951273 76.4999985694885
      endloop
   endfacet
   facet normal 0 0 -1
      outer loop
         vertex -1.75713794305921 -22.413793951273 76.4999985694885
         vertex 1.69113790616393 -18.9655181020498 76.4999985694885
         vertex 1.69113790616393 -22.413793951273 76.4999985694885
      endloop
   endfacet
   facet normal 0 0 -1
      outer loop
         vertex 1.69113790616393 39.6551713347435 76.4999985694885
         vertex 5.13941375538707 39.6551713347435 76.4999985694885
         vertex 1.69113790616393 36.2068973481655 76.4999985694885
      endloop
   endfacet
   facet normal 0 0 -1
      outer loop
         vertex 1.69113790616393 36.2068973481655 76.4999985694885
         vertex 5.13941375538707 39.6551713347435 76.4999985694885
         vertex 5.13941375538707 36.2068973481655 76.4999985694885
      endloop
   endfacet
   facet normal 0 0 -1
      outer loop
         vertex 1.69113790616393 36.2068973481655 76.4999985694885
         vertex 5.13941375538707 36.2068973481655 76.4999985694885
         vertex 1.69113790616393 32.7586196362972 76.4999985694885
      endloop
   endfacet
   facet normal 0 0 -1
      outer loop
         vertex 1.69113790616393 32.7586196362972 76.4999985694885
         vertex 5.13941375538707 36.2068973481655 76.4999985694885
         vertex 5.13941375538707 32.7586196362972 76.4999985694885
      endloop
   endfacet
   facet normal 0 0 -1
      outer loop
         vertex 1.69113790616393 32.7586196362972 76.4999985694885
         vertex 5.13941375538707 32.7586196362972 76.4999985694885
         vertex 1.69113790616393 29.3103456497192 76.4999985694885
      endloop
   endfacet
   facet normal 0 0 -1
      outer loop
         vertex 1.69113790616393 29.3103456497192 76.4999985694885
         vertex 5.13941375538707 32.7586196362972 76.4999985694885
         vertex 5.13941375538707 29.3103456497192 76.4999985694885
      endloop
   endfacet
   facet normal 0 0 -1
      outer loop
         vertex 1.69113790616393 29.3103456497192 76.4999985694885
         vertex 5.13941375538707 29.3103456497192 76.4999985694885
         vertex 1.69113790616393 25.8620698004961 76.4999985694885
      endloop
   endfacet
   facet normal 0 0 -1
      outer loop
         vertex 1.69113790616393 25.8620698004961 76.4999985694885
         vertex 5.13941375538707 29.3103456497192 76.4999985694885
         vertex 5.13941375538707 25.8620698004961 76.4999985694885
      endloop
   endfacet
   facet normal 0 0 -1
      outer loop
         vertex 1.69113790616393 25.8620698004961 76.4999985694885
         vertex 5.13941375538707 25.8620698004961 76.4999985694885
         vertex 1.69113790616393 22.413793951273 76.4999985694885
      endloop
   endfacet
   facet normal 0 0 -1
      outer loop
         vertex 1.69113790616393 22.413793951273 76.4999985694885
         vertex 5.13941375538707 25.8620698004961 76.4999985694885
         vertex 5.13941375538707 22.413793951273 76.4999985694885
      endloop
   endfacet
   facet normal 0 0 -1
      outer loop
         vertex 1.69113790616393 22.413793951273 76.4999985694885
         vertex 5.13941375538707 22.413793951273 76.4999985694885
         vertex 1.69113790616393 18.9655181020498 76.4999985694885
      endloop
   endfacet
   facet normal 0 0 -1
      outer loop
         vertex 1.69113790616393 18.9655181020498 76.4999985694885
         vertex 5.13941375538707 22.413793951273 76.4999985694885
         vertex 5.13941375538707 18.9655181020498 76.4999985694885
      endloop
   endfacet
   facet normal 0 0 -1
      outer loop
         vertex 1.69113790616393 18.9655181020498 76.4999985694885
         vertex 5.13941375538707 18.9655181020498 76.4999985694885
         vertex 1.69113790616393 15.5172413215041 76.4999985694885
      endloop
   endfacet
   facet normal 0 0 -1
      outer loop
         vertex 1.69113790616393 15.5172413215041 76.4999985694885
         vertex 5.13941375538707 18.9655181020498 76.4999985694885
         vertex 5.13941375538707 15.5172413215041 76.4999985694885
      endloop
   endfacet
   facet normal 0 0 -1
      outer loop
         vertex 1.69113790616393 15.5172413215041 76.4999985694885
         vertex 5.13941375538707 15.5172413215041 76.4999985694885
         vertex 1.69113790616393 12.068965472281 76.4999985694885
      endloop
   endfacet
   facet normal 0 0 -1
      outer loop
         vertex 1.69113790616393 12.068965472281 76.4999985694885
         vertex 5.13941375538707 15.5172413215041 76.4999985694885
         vertex 5.13941375538707 12.068965472281 76.4999985694885
      endloop
   endfacet
   facet normal 0 0 -1
      outer loop
         vertex 1.69113790616393 12.068965472281 76.4999985694885
         vertex 5.13941375538707 12.068965472281 76.4999985694885
         vertex 1.69113790616393 8.62068962305784 76.4999985694885
      endloop
   endfacet
   facet normal 0 0 -1
      outer loop
         vertex 1.69113790616393 8.62068962305784 76.4999985694885
         vertex 5.13941375538707 12.068965472281 76.4999985694885
         vertex 5.13941375538707 8.62068962305784 76.4999985694885
      endloop
   endfacet
   facet normal 0 0 -1
      outer loop
         vertex 1.69113790616393 8.62068962305784 76.4999985694885
         vertex 5.13941375538707 8.62068962305784 76.4999985694885
         vertex 1.69113790616393 5.17241377383471 76.4999985694885
      endloop
   endfacet
   facet normal 0 0 -1
      outer loop
         vertex 1.69113790616393 5.17241377383471 76.4999985694885
         vertex 5.13941375538707 8.62068962305784 76.4999985694885
         vertex 5.13941375538707 5.17241377383471 76.4999985694885
      endloop
   endfacet
   facet normal 0 0 -1
      outer loop
         vertex 1.69113790616393 5.17241377383471 76.4999985694885
         vertex 5.13941375538707 5.17241377383471 76.4999985694885
         vertex 1.69113790616393 1.72413792461157 76.4999985694885
      endloop
   endfacet
   facet normal 0 0 -1
      outer loop
         vertex 1.69113790616393 1.72413792461157 76.4999985694885
         vertex 5.13941375538707 5.17241377383471 76.4999985694885
         vertex 5.13941375538707 1.72413792461157 76.4999985694885
      endloop
   endfacet
   facet normal 0 0 -1
      outer loop
         vertex 1.69113790616393 1.72413792461157 76.4999985694885
         vertex 5.13941375538707 1.72413792461157 76.4999985694885
         vertex 1.69113790616393 -1.72413792461157 76.4999985694885
      endloop
   endfacet
   facet normal 0 0 -1
      outer loop
         vertex 1.69113790616393 -1.72413792461157 76.4999985694885
         vertex 5.13941375538707 1.72413792461157 76.4999985694885
         vertex 5.13941375538707 -1.72413792461157 76.4999985694885
      endloop
   endfacet
   facet normal 0 0 -1
      outer loop
         vertex 1.69113790616393 -1.72413792461157 76.4999985694885
         vertex 5.13941375538707 -1.72413792461157 76.4999985694885
         vertex 1.69113790616393 -5.17241377383471 76.4999985694885
      endloop
   endfacet
   facet normal 0 0 -1
      outer loop
         vertex 1.69113790616393 -5.17241377383471 76.4999985694885
         vertex 5.13941375538707 -1.72413792461157 76.4999985694885
         vertex 5.13941375538707 -5.17241377383471 76.4999985694885
      endloop
   endfacet
   facet normal 0 0 -1
      outer loop
         vertex 1.69113790616393 -5.17241377383471 76.4999985694885
         vertex 5.13941375538707 -5.17241377383471 76.4999985694885
         vertex 1.69113790616393 -8.62068962305784 76.4999985694885
      endloop
   endfacet
   facet normal 0 0 -1
      outer loop
         vertex 1.69113790616393 -8.62068962305784 76.4999985694885
         vertex 5.13941375538707 -5.17241377383471 76.4999985694885
         vertex 5.13941375538707 -8.62068962305784 76.4999985694885
      endloop
   endfacet
   facet normal 0 0 -1
      outer loop
         vertex 1.69113790616393 -8.62068962305784 76.4999985694885
         vertex 5.13941375538707 -8.62068962305784 76.4999985694885
         vertex 1.69113790616393 -12.068965472281 76.4999985694885
      endloop
   endfacet
   facet normal 0 0 -1
      outer loop
         vertex 1.69113790616393 -12.068965472281 76.4999985694885
         vertex 5.13941375538707 -8.62068962305784 76.4999985694885
         vertex 5.13941375538707 -12.068965472281 76.4999985694885
      endloop
   endfacet
   facet normal 0 0 -1
      outer loop
         vertex 1.69113790616393 -12.068965472281 76.4999985694885
         vertex 5.13941375538707 -12.068965472281 76.4999985694885
         vertex 1.69113790616393 -15.5172413215041 76.4999985694885
      endloop
   endfacet
   facet normal 0 0 -1
      outer loop
         vertex 1.69113790616393 -15.5172413215041 76.4999985694885
         vertex 5.13941375538707 -12.068965472281 76.4999985694885
         vertex 5.13941375538707 -15.5172413215041 76.4999985694885
      endloop
   endfacet
   facet normal 0 0 -1
      outer loop
         vertex 1.69113790616393 -15.5172413215041 76.4999985694885
         vertex 5.13941375538707 -15.5172413215041 76.4999985694885
         vertex 1.69113790616393 -18.9655181020498 76.4999985694885
      endloop
   endfacet
   facet normal 0 0 -1
      outer loop
         vertex 1.69113790616393 -18.9655181020498 76.4999985694885
         vertex 5.13941375538707 -15.5172413215041 76.4999985694885
         vertex 5.13941375538707 -18.9655181020498 76.4999985694885
      endloop
   endfacet
   facet normal 0 0 -1
      outer loop
         vertex 1.69113790616393 -18.9655181020498 76.4999985694885
         vertex 5.13941375538707 -18.9655181020498 76.4999985694885
         vertex 1.69113790616393 -22.413793951273 76.4999985694885
      endloop
   endfacet
   facet normal 0 0 -1
      outer loop
         vertex 1.69113790616393 -22.413793951273 76.4999985694885
         vertex 5.13941375538707 -18.9655181020498 76.4999985694885
         vertex 5.13941375538707 -22.413793951273 76.4999985694885
      endloop
   endfacet
   facet normal 0 0 -1
      outer loop
         vertex 5.13941375538707 43.1034490466118 76.4999985694885
         vertex 8.58769007027149 43.1034490466118 76.4999985694885
         vertex 5.13941375538707 39.6551713347435 76.4999985694885
      endloop
   endfacet
   facet normal 0 0 -1
      outer loop
         vertex 5.13941375538707 39.6551713347435 76.4999985694885
         vertex 8.58769007027149 43.1034490466118 76.4999985694885
         vertex 8.58769007027149 39.6551713347435 76.4999985694885
      endloop
   endfacet
   facet normal 0 0 -1
      outer loop
         vertex 5.13941375538707 39.6551713347435 76.4999985694885
         vertex 8.58769007027149 39.6551713347435 76.4999985694885
         vertex 5.13941375538707 36.2068973481655 76.4999985694885
      endloop
   endfacet
   facet normal 0 0 -1
      outer loop
         vertex 5.13941375538707 36.2068973481655 76.4999985694885
         vertex 8.58769007027149 39.6551713347435 76.4999985694885
         vertex 8.58769007027149 36.2068973481655 76.4999985694885
      endloop
   endfacet
   facet normal 0 0 -1
      outer loop
         vertex 5.13941375538707 36.2068973481655 76.4999985694885
         vertex 8.58769007027149 36.2068973481655 76.4999985694885
         vertex 5.13941375538707 32.7586196362972 76.4999985694885
      endloop
   endfacet
   facet normal 0 0 -1
      outer loop
         vertex 5.13941375538707 32.7586196362972 76.4999985694885
         vertex 8.58769007027149 36.2068973481655 76.4999985694885
         vertex 8.58769007027149 32.7586196362972 76.4999985694885
      endloop
   endfacet
   facet normal 0 0 -1
      outer loop
         vertex 5.13941375538707 32.7586196362972 76.4999985694885
         vertex 8.58769007027149 32.7586196362972 76.4999985694885
         vertex 5.13941375538707 29.3103456497192 76.4999985694885
      endloop
   endfacet
   facet normal 0 0 -1
      outer loop
         vertex 5.13941375538707 29.3103456497192 76.4999985694885
         vertex 8.58769007027149 32.7586196362972 76.4999985694885
         vertex 8.58769007027149 29.3103456497192 76.4999985694885
      endloop
   endfacet
   facet normal 0 0 -1
      outer loop
         vertex 5.13941375538707 29.3103456497192 76.4999985694885
         vertex 8.58769007027149 29.3103456497192 76.4999985694885
         vertex 5.13941375538707 25.8620698004961 76.4999985694885
      endloop
   endfacet
   facet normal 0 0 -1
      outer loop
         vertex 5.13941375538707 25.8620698004961 76.4999985694885
         vertex 8.58769007027149 29.3103456497192 76.4999985694885
         vertex 8.58769007027149 25.8620698004961 76.4999985694885
      endloop
   endfacet
   facet normal 0 0 -1
      outer loop
         vertex 5.13941375538707 25.8620698004961 76.4999985694885
         vertex 8.58769007027149 25.8620698004961 76.4999985694885
         vertex 5.13941375538707 22.413793951273 76.4999985694885
      endloop
   endfacet
   facet normal 0 0 -1
      outer loop
         vertex 5.13941375538707 22.413793951273 76.4999985694885
         vertex 8.58769007027149 25.8620698004961 76.4999985694885
         vertex 8.58769007027149 22.413793951273 76.4999985694885
      endloop
   endfacet
   facet normal 0 0 -1
      outer loop
         vertex 5.13941375538707 22.413793951273 76.4999985694885
         vertex 8.58769007027149 22.413793951273 76.4999985694885
         vertex 5.13941375538707 18.9655181020498 76.4999985694885
      endloop
   endfacet
   facet normal 0 0 -1
      outer loop
         vertex 5.13941375538707 18.9655181020498 76.4999985694885
         vertex 8.58769007027149 22.413793951273 76.4999985694885
         vertex 8.58769007027149 18.9655181020498 76.4999985694885
      endloop
   endfacet
   facet normal 0 0 -1
      outer loop
         vertex 5.13941375538707 18.9655181020498 76.4999985694885
         vertex 8.58769007027149 18.9655181020498 76.4999985694885
         vertex 5.13941375538707 15.5172413215041 76.4999985694885
      endloop
   endfacet
   facet normal 0 0 -1
      outer loop
         vertex 5.13941375538707 15.5172413215041 76.4999985694885
         vertex 8.58769007027149 18.9655181020498 76.4999985694885
         vertex 8.58769007027149 15.5172413215041 76.4999985694885
      endloop
   endfacet
   facet normal 0 0 -1
      outer loop
         vertex 5.13941375538707 15.5172413215041 76.4999985694885
         vertex 8.58769007027149 15.5172413215041 76.4999985694885
         vertex 5.13941375538707 12.068965472281 76.4999985694885
      endloop
   endfacet
   facet normal 0 0 -1
      outer loop
         vertex 5.13941375538707 12.068965472281 76.4999985694885
         vertex 8.58769007027149 15.5172413215041 76.4999985694885
         vertex 8.58769007027149 12.068965472281 76.4999985694885
      endloop
   endfacet
   facet normal 0 0 -1
      outer loop
         vertex 5.13941375538707 12.068965472281 76.4999985694885
         vertex 8.58769007027149 12.068965472281 76.4999985694885
         vertex 5.13941375538707 8.62068962305784 76.4999985694885
      endloop
   endfacet
   facet normal 0 0 -1
      outer loop
         vertex 5.13941375538707 8.62068962305784 76.4999985694885
         vertex 8.58769007027149 12.068965472281 76.4999985694885
         vertex 8.58769007027149 8.62068962305784 76.4999985694885
      endloop
   endfacet
   facet normal 0 0 -1
      outer loop
         vertex 5.13941375538707 8.62068962305784 76.4999985694885
         vertex 8.58769007027149 8.62068962305784 76.4999985694885
         vertex 5.13941375538707 5.17241377383471 76.4999985694885
      endloop
   endfacet
   facet normal 0 0 -1
      outer loop
         vertex 5.13941375538707 5.17241377383471 76.4999985694885
         vertex 8.58769007027149 8.62068962305784 76.4999985694885
         vertex 8.58769007027149 5.17241377383471 76.4999985694885
      endloop
   endfacet
   facet normal 0 0 -1
      outer loop
         vertex 5.13941375538707 5.17241377383471 76.4999985694885
         vertex 8.58769007027149 5.17241377383471 76.4999985694885
         vertex 5.13941375538707 1.72413792461157 76.4999985694885
      endloop
   endfacet
   facet normal 0 0 -1
      outer loop
         vertex 5.13941375538707 1.72413792461157 76.4999985694885
         vertex 8.58769007027149 5.17241377383471 76.4999985694885
         vertex 8.58769007027149 1.72413792461157 76.4999985694885
      endloop
   endfacet
   facet normal 0 0 -1
      outer loop
         vertex 5.13941375538707 1.72413792461157 76.4999985694885
         vertex 8.58769007027149 1.72413792461157 76.4999985694885
         vertex 5.13941375538707 -1.72413792461157 76.4999985694885
      endloop
   endfacet
   facet normal 0 0 -1
      outer loop
         vertex 5.13941375538707 -1.72413792461157 76.4999985694885
         vertex 8.58769007027149 1.72413792461157 76.4999985694885
         vertex 8.58769007027149 -1.72413792461157 76.4999985694885
      endloop
   endfacet
   facet normal 0 0 -1
      outer loop
         vertex 5.13941375538707 -1.72413792461157 76.4999985694885
         vertex 8.58769007027149 -1.72413792461157 76.4999985694885
         vertex 5.13941375538707 -5.17241377383471 76.4999985694885
      endloop
   endfacet
   facet normal 0 0 -1
      outer loop
         vertex 5.13941375538707 -5.17241377383471 76.4999985694885
         vertex 8.58769007027149 -1.72413792461157 76.4999985694885
         vertex 8.58769007027149 -5.17241377383471 76.4999985694885
      endloop
   endfacet
   facet normal 0 0 -1
      outer loop
         vertex 5.13941375538707 -5.17241377383471 76.4999985694885
         vertex 8.58769007027149 -5.17241377383471 76.4999985694885
         vertex 5.13941375538707 -8.62068962305784 76.4999985694885
      endloop
   endfacet
   facet normal 0 0 -1
      outer loop
         vertex 5.13941375538707 -8.62068962305784 76.4999985694885
         vertex 8.58769007027149 -5.17241377383471 76.4999985694885
         vertex 8.58769007027149 -8.62068962305784 76.4999985694885
      endloop
   endfacet
   facet normal 0 0 -1
      outer loop
         vertex 5.13941375538707 -8.62068962305784 76.4999985694885
         vertex 8.58769007027149 -8.62068962305784 76.4999985694885
         vertex 5.13941375538707 -12.068965472281 76.4999985694885
      endloop
   endfacet
   facet normal 0 0 -1
      outer loop
         vertex 5.13941375538707 -12.068965472281 76.4999985694885
         vertex 8.58769007027149 -8.62068962305784 76.4999985694885
         vertex 8.58769007027149 -12.068965472281 76.4999985694885
      endloop
   endfacet
   facet normal 0 0 -1
      outer loop
         vertex 5.13941375538707 -12.068965472281 76.4999985694885
         vertex 8.58769007027149 -12.068965472281 76.4999985694885
         vertex 5.13941375538707 -15.5172413215041 76.4999985694885
      endloop
   endfacet
   facet normal 0 0 -1
      outer loop
         vertex 5.13941375538707 -15.5172413215041 76.4999985694885
         vertex 8.58769007027149 -12.068965472281 76.4999985694885
         vertex 8.58769007027149 -15.5172413215041 76.4999985694885
      endloop
   endfacet
   facet normal 0 0 -1
      outer loop
         vertex 5.13941375538707 -15.5172413215041 76.4999985694885
         vertex 8.58769007027149 -15.5172413215041 76.4999985694885
         vertex 5.13941375538707 -18.9655181020498 76.4999985694885
      endloop
   endfacet
   facet normal 0 0 -1
      outer loop
         vertex 5.13941375538707 -18.9655181020498 76.4999985694885
         vertex 8.58769007027149 -15.5172413215041 76.4999985694885
         vertex 8.58769007027149 -18.9655181020498 76.4999985694885
      endloop
   endfacet
   facet normal 0 0 -1
      outer loop
         vertex 5.13941375538707 -18.9655181020498 76.4999985694885
         vertex 8.58769007027149 -18.9655181020498 76.4999985694885
         vertex 5.13941375538707 -22.413793951273 76.4999985694885
      endloop
   endfacet
   facet normal 0 0 -1
      outer loop
         vertex 5.13941375538707 -22.413793951273 76.4999985694885
         vertex 8.58769007027149 -18.9655181020498 76.4999985694885
         vertex 8.58769007027149 -22.413793951273 76.4999985694885
      endloop
   endfacet
   facet normal 0 0 -1
      outer loop
         vertex 8.58769007027149 46.5517230331898 76.4999985694885
         vertex 12.0359659194946 46.5517230331898 76.4999985694885
         vertex 8.58769007027149 43.1034490466118 76.4999985694885
      endloop
   endfacet
   facet normal 0 0 -1
      outer loop
         vertex 8.58769007027149 43.1034490466118 76.4999985694885
         vertex 12.0359659194946 46.5517230331898 76.4999985694885
         vertex 12.0359659194946 43.1034490466118 76.4999985694885
      endloop
   endfacet
   facet normal 0 0 -1
      outer loop
         vertex 8.58769007027149 43.1034490466118 76.4999985694885
         vertex 12.0359659194946 43.1034490466118 76.4999985694885
         vertex 8.58769007027149 39.6551713347435 76.4999985694885
      endloop
   endfacet
   facet normal 0 0 -1
      outer loop
         vertex 8.58769007027149 39.6551713347435 76.4999985694885
         vertex 12.0359659194946 43.1034490466118 76.4999985694885
         vertex 12.0359659194946 39.6551713347435 76.4999985694885
      endloop
   endfacet
   facet normal 0 0 -1
      outer loop
         vertex 8.58769007027149 39.6551713347435 76.4999985694885
         vertex 12.0359659194946 39.6551713347435 76.4999985694885
         vertex 8.58769007027149 36.2068973481655 76.4999985694885
      endloop
   endfacet
   facet normal 0 0 -1
      outer loop
         vertex 8.58769007027149 36.2068973481655 76.4999985694885
         vertex 12.0359659194946 39.6551713347435 76.4999985694885
         vertex 12.0359659194946 36.2068973481655 76.4999985694885
      endloop
   endfacet
   facet normal 0 0 -1
      outer loop
         vertex 8.58769007027149 36.2068973481655 76.4999985694885
         vertex 12.0359659194946 36.2068973481655 76.4999985694885
         vertex 8.58769007027149 32.7586196362972 76.4999985694885
      endloop
   endfacet
   facet normal 0 0 -1
      outer loop
         vertex 8.58769007027149 32.7586196362972 76.4999985694885
         vertex 12.0359659194946 36.2068973481655 76.4999985694885
         vertex 12.0359659194946 32.7586196362972 76.4999985694885
      endloop
   endfacet
   facet normal 0 0 -1
      outer loop
         vertex 8.58769007027149 32.7586196362972 76.4999985694885
         vertex 12.0359659194946 32.7586196362972 76.4999985694885
         vertex 8.58769007027149 29.3103456497192 76.4999985694885
      endloop
   endfacet
   facet normal 0 0 -1
      outer loop
         vertex 8.58769007027149 29.3103456497192 76.4999985694885
         vertex 12.0359659194946 32.7586196362972 76.4999985694885
         vertex 12.0359659194946 29.3103456497192 76.4999985694885
      endloop
   endfacet
   facet normal 0 0 -1
      outer loop
         vertex 8.58769007027149 29.3103456497192 76.4999985694885
         vertex 12.0359659194946 29.3103456497192 76.4999985694885
         vertex 8.58769007027149 25.8620698004961 76.4999985694885
      endloop
   endfacet
   facet normal 0 0 -1
      outer loop
         vertex 8.58769007027149 25.8620698004961 76.4999985694885
         vertex 12.0359659194946 29.3103456497192 76.4999985694885
         vertex 12.0359659194946 25.8620698004961 76.4999985694885
      endloop
   endfacet
   facet normal 0 0 -1
      outer loop
         vertex 8.58769007027149 25.8620698004961 76.4999985694885
         vertex 12.0359659194946 25.8620698004961 76.4999985694885
         vertex 8.58769007027149 22.413793951273 76.4999985694885
      endloop
   endfacet
   facet normal 0 0 -1
      outer loop
         vertex 8.58769007027149 22.413793951273 76.4999985694885
         vertex 12.0359659194946 25.8620698004961 76.4999985694885
         vertex 12.0359659194946 22.413793951273 76.4999985694885
      endloop
   endfacet
   facet normal 0 0 -1
      outer loop
         vertex 8.58769007027149 22.413793951273 76.4999985694885
         vertex 12.0359659194946 22.413793951273 76.4999985694885
         vertex 8.58769007027149 18.9655181020498 76.4999985694885
      endloop
   endfacet
   facet normal 0 0 -1
      outer loop
         vertex 8.58769007027149 18.9655181020498 76.4999985694885
         vertex 12.0359659194946 22.413793951273 76.4999985694885
         vertex 12.0359659194946 18.9655181020498 76.4999985694885
      endloop
   endfacet
   facet normal 0 0 -1
      outer loop
         vertex 8.58769007027149 18.9655181020498 76.4999985694885
         vertex 12.0359659194946 18.9655181020498 76.4999985694885
         vertex 8.58769007027149 15.5172413215041 76.4999985694885
      endloop
   endfacet
   facet normal 0 0 -1
      outer loop
         vertex 8.58769007027149 15.5172413215041 76.4999985694885
         vertex 12.0359659194946 18.9655181020498 76.4999985694885
         vertex 12.0359659194946 15.5172413215041 76.4999985694885
      endloop
   endfacet
   facet normal 0 0 -1
      outer loop
         vertex 8.58769007027149 15.5172413215041 76.4999985694885
         vertex 12.0359659194946 15.5172413215041 76.4999985694885
         vertex 8.58769007027149 12.068965472281 76.4999985694885
      endloop
   endfacet
   facet normal 0 0 -1
      outer loop
         vertex 8.58769007027149 12.068965472281 76.4999985694885
         vertex 12.0359659194946 15.5172413215041 76.4999985694885
         vertex 12.0359659194946 12.068965472281 76.4999985694885
      endloop
   endfacet
   facet normal 0 0 -1
      outer loop
         vertex 8.58769007027149 12.068965472281 76.4999985694885
         vertex 12.0359659194946 12.068965472281 76.4999985694885
         vertex 8.58769007027149 8.62068962305784 76.4999985694885
      endloop
   endfacet
   facet normal 0 0 -1
      outer loop
         vertex 8.58769007027149 8.62068962305784 76.4999985694885
         vertex 12.0359659194946 12.068965472281 76.4999985694885
         vertex 12.0359659194946 8.62068962305784 76.4999985694885
      endloop
   endfacet
   facet normal 0 0 -1
      outer loop
         vertex 8.58769007027149 8.62068962305784 76.4999985694885
         vertex 12.0359659194946 8.62068962305784 76.4999985694885
         vertex 8.58769007027149 5.17241377383471 76.4999985694885
      endloop
   endfacet
   facet normal 0 0 -1
      outer loop
         vertex 8.58769007027149 5.17241377383471 76.4999985694885
         vertex 12.0359659194946 8.62068962305784 76.4999985694885
         vertex 12.0359659194946 5.17241377383471 76.4999985694885
      endloop
   endfacet
   facet normal 0 0 -1
      outer loop
         vertex 8.58769007027149 5.17241377383471 76.4999985694885
         vertex 12.0359659194946 5.17241377383471 76.4999985694885
         vertex 8.58769007027149 1.72413792461157 76.4999985694885
      endloop
   endfacet
   facet normal 0 0 -1
      outer loop
         vertex 8.58769007027149 1.72413792461157 76.4999985694885
         vertex 12.0359659194946 5.17241377383471 76.4999985694885
         vertex 12.0359659194946 1.72413792461157 76.4999985694885
      endloop
   endfacet
   facet normal 0 0 -1
      outer loop
         vertex 8.58769007027149 1.72413792461157 76.4999985694885
         vertex 12.0359659194946 1.72413792461157 76.4999985694885
         vertex 8.58769007027149 -1.72413792461157 76.4999985694885
      endloop
   endfacet
   facet normal 0 0 -1
      outer loop
         vertex 8.58769007027149 -1.72413792461157 76.4999985694885
         vertex 12.0359659194946 1.72413792461157 76.4999985694885
         vertex 12.0359659194946 -1.72413792461157 76.4999985694885
      endloop
   endfacet
   facet normal 0 0 -1
      outer loop
         vertex 8.58769007027149 -1.72413792461157 76.4999985694885
         vertex 12.0359659194946 -1.72413792461157 76.4999985694885
         vertex 8.58769007027149 -5.17241377383471 76.4999985694885
      endloop
   endfacet
   facet normal 0 0 -1
      outer loop
         vertex 8.58769007027149 -5.17241377383471 76.4999985694885
         vertex 12.0359659194946 -1.72413792461157 76.4999985694885
         vertex 12.0359659194946 -5.17241377383471 76.4999985694885
      endloop
   endfacet
   facet normal 0 0 -1
      outer loop
         vertex 8.58769007027149 -5.17241377383471 76.4999985694885
         vertex 12.0359659194946 -5.17241377383471 76.4999985694885
         vertex 8.58769007027149 -8.62068962305784 76.4999985694885
      endloop
   endfacet
   facet normal 0 0 -1
      outer loop
         vertex 8.58769007027149 -8.62068962305784 76.4999985694885
         vertex 12.0359659194946 -5.17241377383471 76.4999985694885
         vertex 12.0359659194946 -8.62068962305784 76.4999985694885
      endloop
   endfacet
   facet normal 0 0 -1
      outer loop
         vertex 8.58769007027149 -8.62068962305784 76.4999985694885
         vertex 12.0359659194946 -8.62068962305784 76.4999985694885
         vertex 8.58769007027149 -12.068965472281 76.4999985694885
      endloop
   endfacet
   facet normal 0 0 -1
      outer loop
         vertex 8.58769007027149 -12.068965472281 76.4999985694885
         vertex 12.0359659194946 -8.62068962305784 76.4999985694885
         vertex 12.0359659194946 -12.068965472281 76.4999985694885
      endloop
   endfacet
   facet normal 0 0 -1
      outer loop
         vertex 8.58769007027149 -12.068965472281 76.4999985694885
         vertex 12.0359659194946 -12.068965472281 76.4999985694885
         vertex 8.58769007027149 -15.5172413215041 76.4999985694885
      endloop
   endfacet
   facet normal 0 0 -1
      outer loop
         vertex 8.58769007027149 -15.5172413215041 76.4999985694885
         vertex 12.0359659194946 -12.068965472281 76.4999985694885
         vertex 12.0359659194946 -15.5172413215041 76.4999985694885
      endloop
   endfacet
   facet normal 0 0 -1
      outer loop
         vertex 8.58769007027149 -15.5172413215041 76.4999985694885
         vertex 12.0359659194946 -15.5172413215041 76.4999985694885
         vertex 8.58769007027149 -18.9655181020498 76.4999985694885
      endloop
   endfacet
   facet normal 0 0 -1
      outer loop
         vertex 8.58769007027149 -18.9655181020498 76.4999985694885
         vertex 12.0359659194946 -15.5172413215041 76.4999985694885
         vertex 12.0359659194946 -18.9655181020498 76.4999985694885
      endloop
   endfacet
   facet normal 0 0 -1
      outer loop
         vertex 8.58769007027149 -18.9655181020498 76.4999985694885
         vertex 12.0359659194946 -18.9655181020498 76.4999985694885
         vertex 8.58769007027149 -22.413793951273 76.4999985694885
      endloop
   endfacet
   facet normal 0 0 -1
      outer loop
         vertex 8.58769007027149 -22.413793951273 76.4999985694885
         vertex 12.0359659194946 -18.9655181020498 76.4999985694885
         vertex 12.0359659194946 -22.413793951273 76.4999985694885
      endloop
   endfacet
   facet normal 0 0 -1
      outer loop
         vertex 12.0359659194946 46.5517230331898 76.4999985694885
         vertex 15.4842417687178 46.5517230331898 76.4999985694885
         vertex 12.0359659194946 43.1034490466118 76.4999985694885
      endloop
   endfacet
   facet normal 0 0 -1
      outer loop
         vertex 12.0359659194946 43.1034490466118 76.4999985694885
         vertex 15.4842417687178 46.5517230331898 76.4999985694885
         vertex 15.4842417687178 43.1034490466118 76.4999985694885
      endloop
   endfacet
   facet normal 0 0 -1
      outer loop
         vertex 12.0359659194946 43.1034490466118 76.4999985694885
         vertex 15.4842417687178 43.1034490466118 76.4999985694885
         vertex 12.0359659194946 39.6551713347435 76.4999985694885
      endloop
   endfacet
   facet normal 0 0 -1
      outer loop
         vertex 12.0359659194946 39.6551713347435 76.4999985694885
         vertex 15.4842417687178 43.1034490466118 76.4999985694885
         vertex 15.4842417687178 39.6551713347435 76.4999985694885
      endloop
   endfacet
   facet normal 0 0 -1
      outer loop
         vertex 12.0359659194946 39.6551713347435 76.4999985694885
         vertex 15.4842417687178 39.6551713347435 76.4999985694885
         vertex 12.0359659194946 36.2068973481655 76.4999985694885
      endloop
   endfacet
   facet normal 0 0 -1
      outer loop
         vertex 12.0359659194946 36.2068973481655 76.4999985694885
         vertex 15.4842417687178 39.6551713347435 76.4999985694885
         vertex 15.4842417687178 36.2068973481655 76.4999985694885
      endloop
   endfacet
   facet normal 0 0 -1
      outer loop
         vertex 12.0359659194946 36.2068973481655 76.4999985694885
         vertex 15.4842417687178 36.2068973481655 76.4999985694885
         vertex 12.0359659194946 32.7586196362972 76.4999985694885
      endloop
   endfacet
   facet normal 0 0 -1
      outer loop
         vertex 12.0359659194946 32.7586196362972 76.4999985694885
         vertex 15.4842417687178 36.2068973481655 76.4999985694885
         vertex 15.4842417687178 32.7586196362972 76.4999985694885
      endloop
   endfacet
   facet normal 0 0 -1
      outer loop
         vertex 12.0359659194946 32.7586196362972 76.4999985694885
         vertex 15.4842417687178 32.7586196362972 76.4999985694885
         vertex 12.0359659194946 29.3103456497192 76.4999985694885
      endloop
   endfacet
   facet normal 0 0 -1
      outer loop
         vertex 12.0359659194946 29.3103456497192 76.4999985694885
         vertex 15.4842417687178 32.7586196362972 76.4999985694885
         vertex 15.4842417687178 29.3103456497192 76.4999985694885
      endloop
   endfacet
   facet normal 0 0 -1
      outer loop
         vertex 12.0359659194946 29.3103456497192 76.4999985694885
         vertex 15.4842417687178 29.3103456497192 76.4999985694885
         vertex 12.0359659194946 25.8620698004961 76.4999985694885
      endloop
   endfacet
   facet normal 0 0 -1
      outer loop
         vertex 12.0359659194946 25.8620698004961 76.4999985694885
         vertex 15.4842417687178 29.3103456497192 76.4999985694885
         vertex 15.4842417687178 25.8620698004961 76.4999985694885
      endloop
   endfacet
   facet normal 0 0 -1
      outer loop
         vertex 12.0359659194946 25.8620698004961 76.4999985694885
         vertex 15.4842417687178 25.8620698004961 76.4999985694885
         vertex 12.0359659194946 22.413793951273 76.4999985694885
      endloop
   endfacet
   facet normal 0 0 -1
      outer loop
         vertex 12.0359659194946 22.413793951273 76.4999985694885
         vertex 15.4842417687178 25.8620698004961 76.4999985694885
         vertex 15.4842417687178 22.413793951273 76.4999985694885
      endloop
   endfacet
   facet normal 0 0 -1
      outer loop
         vertex 12.0359659194946 22.413793951273 76.4999985694885
         vertex 15.4842417687178 22.413793951273 76.4999985694885
         vertex 12.0359659194946 18.9655181020498 76.4999985694885
      endloop
   endfacet
   facet normal 0 0 -1
      outer loop
         vertex 12.0359659194946 18.9655181020498 76.4999985694885
         vertex 15.4842417687178 22.413793951273 76.4999985694885
         vertex 15.4842417687178 18.9655181020498 76.4999985694885
      endloop
   endfacet
   facet normal 0 0 -1
      outer loop
         vertex 12.0359659194946 18.9655181020498 76.4999985694885
         vertex 15.4842417687178 18.9655181020498 76.4999985694885
         vertex 12.0359659194946 15.5172413215041 76.4999985694885
      endloop
   endfacet
   facet normal 0 0 -1
      outer loop
         vertex 12.0359659194946 15.5172413215041 76.4999985694885
         vertex 15.4842417687178 18.9655181020498 76.4999985694885
         vertex 15.4842417687178 15.5172413215041 76.4999985694885
      endloop
   endfacet
   facet normal 0 0 -1
      outer loop
         vertex 12.0359659194946 15.5172413215041 76.4999985694885
         vertex 15.4842417687178 15.5172413215041 76.4999985694885
         vertex 12.0359659194946 12.068965472281 76.4999985694885
      endloop
   endfacet
   facet normal 0 0 -1
      outer loop
         vertex 12.0359659194946 12.068965472281 76.4999985694885
         vertex 15.4842417687178 15.5172413215041 76.4999985694885
         vertex 15.4842417687178 12.068965472281 76.4999985694885
      endloop
   endfacet
   facet normal 0 0 -1
      outer loop
         vertex 12.0359659194946 12.068965472281 76.4999985694885
         vertex 15.4842417687178 12.068965472281 76.4999985694885
         vertex 12.0359659194946 8.62068962305784 76.4999985694885
      endloop
   endfacet
   facet normal 0 0 -1
      outer loop
         vertex 12.0359659194946 8.62068962305784 76.4999985694885
         vertex 15.4842417687178 12.068965472281 76.4999985694885
         vertex 15.4842417687178 8.62068962305784 76.4999985694885
      endloop
   endfacet
   facet normal 0 0 -1
      outer loop
         vertex 12.0359659194946 8.62068962305784 76.4999985694885
         vertex 15.4842417687178 8.62068962305784 76.4999985694885
         vertex 12.0359659194946 5.17241377383471 76.4999985694885
      endloop
   endfacet
   facet normal 0 0 -1
      outer loop
         vertex 12.0359659194946 5.17241377383471 76.4999985694885
         vertex 15.4842417687178 8.62068962305784 76.4999985694885
         vertex 15.4842417687178 5.17241377383471 76.4999985694885
      endloop
   endfacet
   facet normal 0 0 -1
      outer loop
         vertex 12.0359659194946 5.17241377383471 76.4999985694885
         vertex 15.4842417687178 5.17241377383471 76.4999985694885
         vertex 12.0359659194946 1.72413792461157 76.4999985694885
      endloop
   endfacet
   facet normal 0 0 -1
      outer loop
         vertex 12.0359659194946 1.72413792461157 76.4999985694885
         vertex 15.4842417687178 5.17241377383471 76.4999985694885
         vertex 15.4842417687178 1.72413792461157 76.4999985694885
      endloop
   endfacet
   facet normal 0 0 -1
      outer loop
         vertex 12.0359659194946 1.72413792461157 76.4999985694885
         vertex 15.4842417687178 1.72413792461157 76.4999985694885
         vertex 12.0359659194946 -1.72413792461157 76.4999985694885
      endloop
   endfacet
   facet normal 0 0 -1
      outer loop
         vertex 12.0359659194946 -1.72413792461157 76.4999985694885
         vertex 15.4842417687178 1.72413792461157 76.4999985694885
         vertex 15.4842417687178 -1.72413792461157 76.4999985694885
      endloop
   endfacet
   facet normal 0 0 -1
      outer loop
         vertex 12.0359659194946 -1.72413792461157 76.4999985694885
         vertex 15.4842417687178 -1.72413792461157 76.4999985694885
         vertex 12.0359659194946 -5.17241377383471 76.4999985694885
      endloop
   endfacet
   facet normal 0 0 -1
      outer loop
         vertex 12.0359659194946 -5.17241377383471 76.4999985694885
         vertex 15.4842417687178 -1.72413792461157 76.4999985694885
         vertex 15.4842417687178 -5.17241377383471 76.4999985694885
      endloop
   endfacet
   facet normal 0 0 -1
      outer loop
         vertex 12.0359659194946 -5.17241377383471 76.4999985694885
         vertex 15.4842417687178 -5.17241377383471 76.4999985694885
         vertex 12.0359659194946 -8.62068962305784 76.4999985694885
      endloop
   endfacet
   facet normal 0 0 -1
      outer loop
         vertex 12.0359659194946 -8.62068962305784 76.4999985694885
         vertex 15.4842417687178 -5.17241377383471 76.4999985694885
         vertex 15.4842417687178 -8.62068962305784 76.4999985694885
      endloop
   endfacet
   facet normal 0 0 -1
      outer loop
         vertex 12.0359659194946 -8.62068962305784 76.4999985694885
         vertex 15.4842417687178 -8.62068962305784 76.4999985694885
         vertex 12.0359659194946 -12.068965472281 76.4999985694885
      endloop
   endfacet
   facet normal 0 0 -1
      outer loop
         vertex 12.0359659194946 -12.068965472281 76.4999985694885
         vertex 15.4842417687178 -8.62068962305784 76.4999985694885
         vertex 15.4842417687178 -12.068965472281 76.4999985694885
      endloop
   endfacet
   facet normal 0 0 -1
      outer loop
         vertex 12.0359659194946 -12.068965472281 76.4999985694885
         vertex 15.4842417687178 -12.068965472281 76.4999985694885
         vertex 12.0359659194946 -15.5172413215041 76.4999985694885
      endloop
   endfacet
   facet normal 0 0 -1
      outer loop
         vertex 12.0359659194946 -15.5172413215041 76.4999985694885
         vertex 15.4842417687178 -12.068965472281 76.4999985694885
         vertex 15.4842417687178 -15.5172413215041 76.4999985694885
      endloop
   endfacet
   facet normal 0 0 -1
      outer loop
         vertex 12.0359659194946 -15.5172413215041 76.4999985694885
         vertex 15.4842417687178 -15.5172413215041 76.4999985694885
         vertex 12.0359659194946 -18.9655181020498 76.4999985694885
      endloop
   endfacet
   facet normal 0 0 -1
      outer loop
         vertex 12.0359659194946 -18.9655181020498 76.4999985694885
         vertex 15.4842417687178 -15.5172413215041 76.4999985694885
         vertex 15.4842417687178 -18.9655181020498 76.4999985694885
      endloop
   endfacet
   facet normal 0 0 -1
      outer loop
         vertex 12.0359659194946 -18.9655181020498 76.4999985694885
         vertex 15.4842417687178 -18.9655181020498 76.4999985694885
         vertex 12.0359659194946 -22.413793951273 76.4999985694885
      endloop
   endfacet
   facet normal 0 0 -1
      outer loop
         vertex 12.0359659194946 -22.413793951273 76.4999985694885
         vertex 15.4842417687178 -18.9655181020498 76.4999985694885
         vertex 15.4842417687178 -22.413793951273 76.4999985694885
      endloop
   endfacet
   facet normal 0 0 -1
      outer loop
         vertex 18.9325176179409 36.2068973481655 76.4999985694885
         vertex 22.380793467164 36.2068973481655 76.4999985694885
         vertex 18.9325176179409 32.7586196362972 76.4999985694885
      endloop
   endfacet
   facet normal 0 0 -1
      outer loop
         vertex 18.9325176179409 32.7586196362972 76.4999985694885
         vertex 22.380793467164 36.2068973481655 76.4999985694885
         vertex 22.380793467164 32.7586196362972 76.4999985694885
      endloop
   endfacet
   facet normal 0 0 -1
      outer loop
         vertex 18.9325176179409 32.7586196362972 76.4999985694885
         vertex 22.380793467164 32.7586196362972 76.4999985694885
         vertex 18.9325176179409 29.3103456497192 76.4999985694885
      endloop
   endfacet
   facet normal 0 0 -1
      outer loop
         vertex 18.9325176179409 29.3103456497192 76.4999985694885
         vertex 22.380793467164 32.7586196362972 76.4999985694885
         vertex 22.380793467164 29.3103456497192 76.4999985694885
      endloop
   endfacet
   facet normal 0 0 -1
      outer loop
         vertex 18.9325176179409 29.3103456497192 76.4999985694885
         vertex 22.380793467164 29.3103456497192 76.4999985694885
         vertex 18.9325176179409 25.8620698004961 76.4999985694885
      endloop
   endfacet
   facet normal 0 0 -1
      outer loop
         vertex 18.9325176179409 25.8620698004961 76.4999985694885
         vertex 22.380793467164 29.3103456497192 76.4999985694885
         vertex 22.380793467164 25.8620698004961 76.4999985694885
      endloop
   endfacet
   facet normal 0 0 -1
      outer loop
         vertex 18.9325176179409 25.8620698004961 76.4999985694885
         vertex 22.380793467164 25.8620698004961 76.4999985694885
         vertex 18.9325176179409 22.413793951273 76.4999985694885
      endloop
   endfacet
   facet normal 0 0 -1
      outer loop
         vertex 18.9325176179409 22.413793951273 76.4999985694885
         vertex 22.380793467164 25.8620698004961 76.4999985694885
         vertex 22.380793467164 22.413793951273 76.4999985694885
      endloop
   endfacet
   facet normal 0 0 -1
      outer loop
         vertex 18.9325176179409 22.413793951273 76.4999985694885
         vertex 22.380793467164 22.413793951273 76.4999985694885
         vertex 18.9325176179409 18.9655181020498 76.4999985694885
      endloop
   endfacet
   facet normal 0 0 -1
      outer loop
         vertex 18.9325176179409 18.9655181020498 76.4999985694885
         vertex 22.380793467164 22.413793951273 76.4999985694885
         vertex 22.380793467164 18.9655181020498 76.4999985694885
      endloop
   endfacet
   facet normal 0 0 -1
      outer loop
         vertex 18.9325176179409 18.9655181020498 76.4999985694885
         vertex 22.380793467164 18.9655181020498 76.4999985694885
         vertex 18.9325176179409 15.5172413215041 76.4999985694885
      endloop
   endfacet
   facet normal 0 0 -1
      outer loop
         vertex 18.9325176179409 15.5172413215041 76.4999985694885
         vertex 22.380793467164 18.9655181020498 76.4999985694885
         vertex 22.380793467164 15.5172413215041 76.4999985694885
      endloop
   endfacet
   facet normal 0 0 -1
      outer loop
         vertex 18.9325176179409 15.5172413215041 76.4999985694885
         vertex 22.380793467164 15.5172413215041 76.4999985694885
         vertex 18.9325176179409 12.068965472281 76.4999985694885
      endloop
   endfacet
   facet normal 0 0 -1
      outer loop
         vertex 18.9325176179409 12.068965472281 76.4999985694885
         vertex 22.380793467164 15.5172413215041 76.4999985694885
         vertex 22.380793467164 12.068965472281 76.4999985694885
      endloop
   endfacet
   facet normal 0 0 -1
      outer loop
         vertex 18.9325176179409 12.068965472281 76.4999985694885
         vertex 22.380793467164 12.068965472281 76.4999985694885
         vertex 18.9325176179409 8.62068962305784 76.4999985694885
      endloop
   endfacet
   facet normal 0 0 -1
      outer loop
         vertex 18.9325176179409 8.62068962305784 76.4999985694885
         vertex 22.380793467164 12.068965472281 76.4999985694885
         vertex 22.380793467164 8.62068962305784 76.4999985694885
      endloop
   endfacet
   facet normal 0 0 -1
      outer loop
         vertex 18.9325176179409 8.62068962305784 76.4999985694885
         vertex 22.380793467164 8.62068962305784 76.4999985694885
         vertex 18.9325176179409 5.17241377383471 76.4999985694885
      endloop
   endfacet
   facet normal 0 0 -1
      outer loop
         vertex 18.9325176179409 5.17241377383471 76.4999985694885
         vertex 22.380793467164 8.62068962305784 76.4999985694885
         vertex 22.380793467164 5.17241377383471 76.4999985694885
      endloop
   endfacet
   facet normal 0 0 -1
      outer loop
         vertex 18.9325176179409 5.17241377383471 76.4999985694885
         vertex 22.380793467164 5.17241377383471 76.4999985694885
         vertex 18.9325176179409 1.72413792461157 76.4999985694885
      endloop
   endfacet
   facet normal 0 0 -1
      outer loop
         vertex 18.9325176179409 1.72413792461157 76.4999985694885
         vertex 22.380793467164 5.17241377383471 76.4999985694885
         vertex 22.380793467164 1.72413792461157 76.4999985694885
      endloop
   endfacet
   facet normal 0 0 -1
      outer loop
         vertex 18.9325176179409 1.72413792461157 76.4999985694885
         vertex 22.380793467164 1.72413792461157 76.4999985694885
         vertex 18.9325176179409 -1.72413792461157 76.4999985694885
      endloop
   endfacet
   facet normal 0 0 -1
      outer loop
         vertex 18.9325176179409 -1.72413792461157 76.4999985694885
         vertex 22.380793467164 1.72413792461157 76.4999985694885
         vertex 22.380793467164 -1.72413792461157 76.4999985694885
      endloop
   endfacet
   facet normal 0 0 -1
      outer loop
         vertex 18.9325176179409 -1.72413792461157 76.4999985694885
         vertex 22.380793467164 -1.72413792461157 76.4999985694885
         vertex 18.9325176179409 -5.17241377383471 76.4999985694885
      endloop
   endfacet
   facet normal 0 0 -1
      outer loop
         vertex 18.9325176179409 -5.17241377383471 76.4999985694885
         vertex 22.380793467164 -1.72413792461157 76.4999985694885
         vertex 22.380793467164 -5.17241377383471 76.4999985694885
      endloop
   endfacet
   facet normal 0 0 -1
      outer loop
         vertex 18.9325176179409 -5.17241377383471 76.4999985694885
         vertex 22.380793467164 -5.17241377383471 76.4999985694885
         vertex 18.9325176179409 -8.62068962305784 76.4999985694885
      endloop
   endfacet
   facet normal 0 0 -1
      outer loop
         vertex 18.9325176179409 -8.62068962305784 76.4999985694885
         vertex 22.380793467164 -5.17241377383471 76.4999985694885
         vertex 22.380793467164 -8.62068962305784 76.4999985694885
      endloop
   endfacet
   facet normal 0 0 -1
      outer loop
         vertex 18.9325176179409 -8.62068962305784 76.4999985694885
         vertex 22.380793467164 -8.62068962305784 76.4999985694885
         vertex 18.9325176179409 -12.068965472281 76.4999985694885
      endloop
   endfacet
   facet normal 0 0 -1
      outer loop
         vertex 18.9325176179409 -12.068965472281 76.4999985694885
         vertex 22.380793467164 -8.62068962305784 76.4999985694885
         vertex 22.380793467164 -12.068965472281 76.4999985694885
      endloop
   endfacet
   facet normal 0 0 -1
      outer loop
         vertex 18.9325176179409 -12.068965472281 76.4999985694885
         vertex 22.380793467164 -12.068965472281 76.4999985694885
         vertex 18.9325176179409 -15.5172413215041 76.4999985694885
      endloop
   endfacet
   facet normal 0 0 -1
      outer loop
         vertex 18.9325176179409 -15.5172413215041 76.4999985694885
         vertex 22.380793467164 -12.068965472281 76.4999985694885
         vertex 22.380793467164 -15.5172413215041 76.4999985694885
      endloop
   endfacet
   facet normal 0 0 -1
      outer loop
         vertex 18.9325176179409 -15.5172413215041 76.4999985694885
         vertex 22.380793467164 -15.5172413215041 76.4999985694885
         vertex 18.9325176179409 -18.9655181020498 76.4999985694885
      endloop
   endfacet
   facet normal 0 0 -1
      outer loop
         vertex 18.9325176179409 -18.9655181020498 76.4999985694885
         vertex 22.380793467164 -15.5172413215041 76.4999985694885
         vertex 22.380793467164 -18.9655181020498 76.4999985694885
      endloop
   endfacet
   facet normal 0 0 -1
      outer loop
         vertex 18.9325176179409 -18.9655181020498 76.4999985694885
         vertex 22.380793467164 -18.9655181020498 76.4999985694885
         vertex 18.9325176179409 -22.413793951273 76.4999985694885
      endloop
   endfacet
   facet normal 0 0 -1
      outer loop
         vertex 18.9325176179409 -22.413793951273 76.4999985694885
         vertex 22.380793467164 -18.9655181020498 76.4999985694885
         vertex 22.380793467164 -22.413793951273 76.4999985694885
      endloop
   endfacet
   facet normal 0 0 -1
      outer loop
         vertex 22.380793467164 39.6551713347435 76.4999985694885
         vertex 25.8290693163872 39.6551713347435 76.4999985694885
         vertex 22.380793467164 36.2068973481655 76.4999985694885
      endloop
   endfacet
   facet normal 0 0 -1
      outer loop
         vertex 22.380793467164 36.2068973481655 76.4999985694885
         vertex 25.8290693163872 39.6551713347435 76.4999985694885
         vertex 25.8290693163872 36.2068973481655 76.4999985694885
      endloop
   endfacet
   facet normal 0 0 -1
      outer loop
         vertex 22.380793467164 36.2068973481655 76.4999985694885
         vertex 25.8290693163872 36.2068973481655 76.4999985694885
         vertex 22.380793467164 32.7586196362972 76.4999985694885
      endloop
   endfacet
   facet normal 0 0 -1
      outer loop
         vertex 22.380793467164 32.7586196362972 76.4999985694885
         vertex 25.8290693163872 36.2068973481655 76.4999985694885
         vertex 25.8290693163872 32.7586196362972 76.4999985694885
      endloop
   endfacet
   facet normal 0 0 -1
      outer loop
         vertex 22.380793467164 32.7586196362972 76.4999985694885
         vertex 25.8290693163872 32.7586196362972 76.4999985694885
         vertex 22.380793467164 29.3103456497192 76.4999985694885
      endloop
   endfacet
   facet normal 0 0 -1
      outer loop
         vertex 22.380793467164 29.3103456497192 76.4999985694885
         vertex 25.8290693163872 32.7586196362972 76.4999985694885
         vertex 25.8290693163872 29.3103456497192 76.4999985694885
      endloop
   endfacet
   facet normal 0 0 -1
      outer loop
         vertex 22.380793467164 29.3103456497192 76.4999985694885
         vertex 25.8290693163872 29.3103456497192 76.4999985694885
         vertex 22.380793467164 25.8620698004961 76.4999985694885
      endloop
   endfacet
   facet normal 0 0 -1
      outer loop
         vertex 22.380793467164 25.8620698004961 76.4999985694885
         vertex 25.8290693163872 29.3103456497192 76.4999985694885
         vertex 25.8290693163872 25.8620698004961 76.4999985694885
      endloop
   endfacet
   facet normal 0 0 -1
      outer loop
         vertex 22.380793467164 25.8620698004961 76.4999985694885
         vertex 25.8290693163872 25.8620698004961 76.4999985694885
         vertex 22.380793467164 22.413793951273 76.4999985694885
      endloop
   endfacet
   facet normal 0 0 -1
      outer loop
         vertex 22.380793467164 22.413793951273 76.4999985694885
         vertex 25.8290693163872 25.8620698004961 76.4999985694885
         vertex 25.8290693163872 22.413793951273 76.4999985694885
      endloop
   endfacet
   facet normal 0 0 -1
      outer loop
         vertex 22.380793467164 22.413793951273 76.4999985694885
         vertex 25.8290693163872 22.413793951273 76.4999985694885
         vertex 22.380793467164 18.9655181020498 76.4999985694885
      endloop
   endfacet
   facet normal 0 0 -1
      outer loop
         vertex 22.380793467164 18.9655181020498 76.4999985694885
         vertex 25.8290693163872 22.413793951273 76.4999985694885
         vertex 25.8290693163872 18.9655181020498 76.4999985694885
      endloop
   endfacet
   facet normal 0 0 -1
      outer loop
         vertex 22.380793467164 18.9655181020498 76.4999985694885
         vertex 25.8290693163872 18.9655181020498 76.4999985694885
         vertex 22.380793467164 15.5172413215041 76.4999985694885
      endloop
   endfacet
   facet normal 0 0 -1
      outer loop
         vertex 22.380793467164 15.5172413215041 76.4999985694885
         vertex 25.8290693163872 18.9655181020498 76.4999985694885
         vertex 25.8290693163872 15.5172413215041 76.4999985694885
      endloop
   endfacet
   facet normal 0 0 -1
      outer loop
         vertex 22.380793467164 15.5172413215041 76.4999985694885
         vertex 25.8290693163872 15.5172413215041 76.4999985694885
         vertex 22.380793467164 12.068965472281 76.4999985694885
      endloop
   endfacet
   facet normal 0 0 -1
      outer loop
         vertex 22.380793467164 12.068965472281 76.4999985694885
         vertex 25.8290693163872 15.5172413215041 76.4999985694885
         vertex 25.8290693163872 12.068965472281 76.4999985694885
      endloop
   endfacet
   facet normal 0 0 -1
      outer loop
         vertex 22.380793467164 12.068965472281 76.4999985694885
         vertex 25.8290693163872 12.068965472281 76.4999985694885
         vertex 22.380793467164 8.62068962305784 76.4999985694885
      endloop
   endfacet
   facet normal 0 0 -1
      outer loop
         vertex 22.380793467164 8.62068962305784 76.4999985694885
         vertex 25.8290693163872 12.068965472281 76.4999985694885
         vertex 25.8290693163872 8.62068962305784 76.4999985694885
      endloop
   endfacet
   facet normal 0 0 -1
      outer loop
         vertex 22.380793467164 8.62068962305784 76.4999985694885
         vertex 25.8290693163872 8.62068962305784 76.4999985694885
         vertex 22.380793467164 5.17241377383471 76.4999985694885
      endloop
   endfacet
   facet normal 0 0 -1
      outer loop
         vertex 22.380793467164 5.17241377383471 76.4999985694885
         vertex 25.8290693163872 8.62068962305784 76.4999985694885
         vertex 25.8290693163872 5.17241377383471 76.4999985694885
      endloop
   endfacet
   facet normal 0 0 -1
      outer loop
         vertex 22.380793467164 5.17241377383471 76.4999985694885
         vertex 25.8290693163872 5.17241377383471 76.4999985694885
         vertex 22.380793467164 1.72413792461157 76.4999985694885
      endloop
   endfacet
   facet normal 0 0 -1
      outer loop
         vertex 22.380793467164 1.72413792461157 76.4999985694885
         vertex 25.8290693163872 5.17241377383471 76.4999985694885
         vertex 25.8290693163872 1.72413792461157 76.4999985694885
      endloop
   endfacet
   facet normal 0 0 -1
      outer loop
         vertex 22.380793467164 1.72413792461157 76.4999985694885
         vertex 25.8290693163872 1.72413792461157 76.4999985694885
         vertex 22.380793467164 -1.72413792461157 76.4999985694885
      endloop
   endfacet
   facet normal 0 0 -1
      outer loop
         vertex 22.380793467164 -1.72413792461157 76.4999985694885
         vertex 25.8290693163872 1.72413792461157 76.4999985694885
         vertex 25.8290693163872 -1.72413792461157 76.4999985694885
      endloop
   endfacet
   facet normal 0 0 -1
      outer loop
         vertex 22.380793467164 -1.72413792461157 76.4999985694885
         vertex 25.8290693163872 -1.72413792461157 76.4999985694885
         vertex 22.380793467164 -5.17241377383471 76.4999985694885
      endloop
   endfacet
   facet normal 0 0 -1
      outer loop
         vertex 22.380793467164 -5.17241377383471 76.4999985694885
         vertex 25.8290693163872 -1.72413792461157 76.4999985694885
         vertex 25.8290693163872 -5.17241377383471 76.4999985694885
      endloop
   endfacet
   facet normal 0 0 -1
      outer loop
         vertex 22.380793467164 -5.17241377383471 76.4999985694885
         vertex 25.8290693163872 -5.17241377383471 76.4999985694885
         vertex 22.380793467164 -8.62068962305784 76.4999985694885
      endloop
   endfacet
   facet normal 0 0 -1
      outer loop
         vertex 22.380793467164 -8.62068962305784 76.4999985694885
         vertex 25.8290693163872 -5.17241377383471 76.4999985694885
         vertex 25.8290693163872 -8.62068962305784 76.4999985694885
      endloop
   endfacet
   facet normal 0 0 -1
      outer loop
         vertex 22.380793467164 -8.62068962305784 76.4999985694885
         vertex 25.8290693163872 -8.62068962305784 76.4999985694885
         vertex 22.380793467164 -12.068965472281 76.4999985694885
      endloop
   endfacet
   facet normal 0 0 -1
      outer loop
         vertex 22.380793467164 -12.068965472281 76.4999985694885
         vertex 25.8290693163872 -8.62068962305784 76.4999985694885
         vertex 25.8290693163872 -12.068965472281 76.4999985694885
      endloop
   endfacet
   facet normal 0 0 -1
      outer loop
         vertex 22.380793467164 -12.068965472281 76.4999985694885
         vertex 25.8290693163872 -12.068965472281 76.4999985694885
         vertex 22.380793467164 -15.5172413215041 76.4999985694885
      endloop
   endfacet
   facet normal 0 0 -1
      outer loop
         vertex 22.380793467164 -15.5172413215041 76.4999985694885
         vertex 25.8290693163872 -12.068965472281 76.4999985694885
         vertex 25.8290693163872 -15.5172413215041 76.4999985694885
      endloop
   endfacet
   facet normal 0 0 -1
      outer loop
         vertex 22.380793467164 -15.5172413215041 76.4999985694885
         vertex 25.8290693163872 -15.5172413215041 76.4999985694885
         vertex 22.380793467164 -18.9655181020498 76.4999985694885
      endloop
   endfacet
   facet normal 0 0 -1
      outer loop
         vertex 22.380793467164 -18.9655181020498 76.4999985694885
         vertex 25.8290693163872 -15.5172413215041 76.4999985694885
         vertex 25.8290693163872 -18.9655181020498 76.4999985694885
      endloop
   endfacet
   facet normal 0 0 -1
      outer loop
         vertex 22.380793467164 -18.9655181020498 76.4999985694885
         vertex 25.8290693163872 -18.9655181020498 76.4999985694885
         vertex 22.380793467164 -22.413793951273 76.4999985694885
      endloop
   endfacet
   facet normal 0 0 -1
      outer loop
         vertex 22.380793467164 -22.413793951273 76.4999985694885
         vertex 25.8290693163872 -18.9655181020498 76.4999985694885
         vertex 25.8290693163872 -22.413793951273 76.4999985694885
      endloop
   endfacet
   facet normal 0 0 -1
      outer loop
         vertex 25.8290693163872 39.6551713347435 76.4999985694885
         vertex 29.2773451656103 39.6551713347435 76.4999985694885
         vertex 25.8290693163872 36.2068973481655 76.4999985694885
      endloop
   endfacet
   facet normal 0 0 -1
      outer loop
         vertex 25.8290693163872 36.2068973481655 76.4999985694885
         vertex 29.2773451656103 39.6551713347435 76.4999985694885
         vertex 29.2773451656103 36.2068973481655 76.4999985694885
      endloop
   endfacet
   facet normal 0 0 -1
      outer loop
         vertex 25.8290693163872 36.2068973481655 76.4999985694885
         vertex 29.2773451656103 36.2068973481655 76.4999985694885
         vertex 25.8290693163872 32.7586196362972 76.4999985694885
      endloop
   endfacet
   facet normal 0 0 -1
      outer loop
         vertex 25.8290693163872 32.7586196362972 76.4999985694885
         vertex 29.2773451656103 36.2068973481655 76.4999985694885
         vertex 29.2773451656103 32.7586196362972 76.4999985694885
      endloop
   endfacet
   facet normal 0 0 -1
      outer loop
         vertex 25.8290693163872 32.7586196362972 76.4999985694885
         vertex 29.2773451656103 32.7586196362972 76.4999985694885
         vertex 25.8290693163872 29.3103456497192 76.4999985694885
      endloop
   endfacet
   facet normal 0 0 -1
      outer loop
         vertex 25.8290693163872 29.3103456497192 76.4999985694885
         vertex 29.2773451656103 32.7586196362972 76.4999985694885
         vertex 29.2773451656103 29.3103456497192 76.4999985694885
      endloop
   endfacet
   facet normal 0 0 -1
      outer loop
         vertex 25.8290693163872 29.3103456497192 76.4999985694885
         vertex 29.2773451656103 29.3103456497192 76.4999985694885
         vertex 25.8290693163872 25.8620698004961 76.4999985694885
      endloop
   endfacet
   facet normal 0 0 -1
      outer loop
         vertex 25.8290693163872 25.8620698004961 76.4999985694885
         vertex 29.2773451656103 29.3103456497192 76.4999985694885
         vertex 29.2773451656103 25.8620698004961 76.4999985694885
      endloop
   endfacet
   facet normal 0 0 -1
      outer loop
         vertex 25.8290693163872 25.8620698004961 76.4999985694885
         vertex 29.2773451656103 25.8620698004961 76.4999985694885
         vertex 25.8290693163872 22.413793951273 76.4999985694885
      endloop
   endfacet
   facet normal 0 0 -1
      outer loop
         vertex 25.8290693163872 22.413793951273 76.4999985694885
         vertex 29.2773451656103 25.8620698004961 76.4999985694885
         vertex 29.2773451656103 22.413793951273 76.4999985694885
      endloop
   endfacet
   facet normal 0 0 -1
      outer loop
         vertex 25.8290693163872 22.413793951273 76.4999985694885
         vertex 29.2773451656103 22.413793951273 76.4999985694885
         vertex 25.8290693163872 18.9655181020498 76.4999985694885
      endloop
   endfacet
   facet normal 0 0 -1
      outer loop
         vertex 25.8290693163872 18.9655181020498 76.4999985694885
         vertex 29.2773451656103 22.413793951273 76.4999985694885
         vertex 29.2773451656103 18.9655181020498 76.4999985694885
      endloop
   endfacet
   facet normal 0 0 -1
      outer loop
         vertex 25.8290693163872 18.9655181020498 76.4999985694885
         vertex 29.2773451656103 18.9655181020498 76.4999985694885
         vertex 25.8290693163872 15.5172413215041 76.4999985694885
      endloop
   endfacet
   facet normal 0 0 -1
      outer loop
         vertex 25.8290693163872 15.5172413215041 76.4999985694885
         vertex 29.2773451656103 18.9655181020498 76.4999985694885
         vertex 29.2773451656103 15.5172413215041 76.4999985694885
      endloop
   endfacet
   facet normal 0 0 -1
      outer loop
         vertex 25.8290693163872 15.5172413215041 76.4999985694885
         vertex 29.2773451656103 15.5172413215041 76.4999985694885
         vertex 25.8290693163872 12.068965472281 76.4999985694885
      endloop
   endfacet
   facet normal 0 0 -1
      outer loop
         vertex 25.8290693163872 12.068965472281 76.4999985694885
         vertex 29.2773451656103 15.5172413215041 76.4999985694885
         vertex 29.2773451656103 12.068965472281 76.4999985694885
      endloop
   endfacet
   facet normal 0 0 -1
      outer loop
         vertex 25.8290693163872 12.068965472281 76.4999985694885
         vertex 29.2773451656103 12.068965472281 76.4999985694885
         vertex 25.8290693163872 8.62068962305784 76.4999985694885
      endloop
   endfacet
   facet normal 0 0 -1
      outer loop
         vertex 25.8290693163872 8.62068962305784 76.4999985694885
         vertex 29.2773451656103 12.068965472281 76.4999985694885
         vertex 29.2773451656103 8.62068962305784 76.4999985694885
      endloop
   endfacet
   facet normal 0 0 -1
      outer loop
         vertex 25.8290693163872 8.62068962305784 76.4999985694885
         vertex 29.2773451656103 8.62068962305784 76.4999985694885
         vertex 25.8290693163872 5.17241377383471 76.4999985694885
      endloop
   endfacet
   facet normal 0 0 -1
      outer loop
         vertex 25.8290693163872 5.17241377383471 76.4999985694885
         vertex 29.2773451656103 8.62068962305784 76.4999985694885
         vertex 29.2773451656103 5.17241377383471 76.4999985694885
      endloop
   endfacet
   facet normal 0 0 -1
      outer loop
         vertex 25.8290693163872 5.17241377383471 76.4999985694885
         vertex 29.2773451656103 5.17241377383471 76.4999985694885
         vertex 25.8290693163872 1.72413792461157 76.4999985694885
      endloop
   endfacet
   facet normal 0 0 -1
      outer loop
         vertex 25.8290693163872 1.72413792461157 76.4999985694885
         vertex 29.2773451656103 5.17241377383471 76.4999985694885
         vertex 29.2773451656103 1.72413792461157 76.4999985694885
      endloop
   endfacet
   facet normal 0 0 -1
      outer loop
         vertex 25.8290693163872 1.72413792461157 76.4999985694885
         vertex 29.2773451656103 1.72413792461157 76.4999985694885
         vertex 25.8290693163872 -1.72413792461157 76.4999985694885
      endloop
   endfacet
   facet normal 0 0 -1
      outer loop
         vertex 25.8290693163872 -1.72413792461157 76.4999985694885
         vertex 29.2773451656103 1.72413792461157 76.4999985694885
         vertex 29.2773451656103 -1.72413792461157 76.4999985694885
      endloop
   endfacet
   facet normal 0 0 -1
      outer loop
         vertex 25.8290693163872 -1.72413792461157 76.4999985694885
         vertex 29.2773451656103 -1.72413792461157 76.4999985694885
         vertex 25.8290693163872 -5.17241377383471 76.4999985694885
      endloop
   endfacet
   facet normal 0 0 -1
      outer loop
         vertex 25.8290693163872 -5.17241377383471 76.4999985694885
         vertex 29.2773451656103 -1.72413792461157 76.4999985694885
         vertex 29.2773451656103 -5.17241377383471 76.4999985694885
      endloop
   endfacet
   facet normal 0 0 -1
      outer loop
         vertex 25.8290693163872 -5.17241377383471 76.4999985694885
         vertex 29.2773451656103 -5.17241377383471 76.4999985694885
         vertex 25.8290693163872 -8.62068962305784 76.4999985694885
      endloop
   endfacet
   facet normal 0 0 -1
      outer loop
         vertex 25.8290693163872 -8.62068962305784 76.4999985694885
         vertex 29.2773451656103 -5.17241377383471 76.4999985694885
         vertex 29.2773451656103 -8.62068962305784 76.4999985694885
      endloop
   endfacet
   facet normal 0 0 -1
      outer loop
         vertex 25.8290693163872 -8.62068962305784 76.4999985694885
         vertex 29.2773451656103 -8.62068962305784 76.4999985694885
         vertex 25.8290693163872 -12.068965472281 76.4999985694885
      endloop
   endfacet
   facet normal 0 0 -1
      outer loop
         vertex 25.8290693163872 -12.068965472281 76.4999985694885
         vertex 29.2773451656103 -8.62068962305784 76.4999985694885
         vertex 29.2773451656103 -12.068965472281 76.4999985694885
      endloop
   endfacet
   facet normal 0 0 -1
      outer loop
         vertex 25.8290693163872 -12.068965472281 76.4999985694885
         vertex 29.2773451656103 -12.068965472281 76.4999985694885
         vertex 25.8290693163872 -15.5172413215041 76.4999985694885
      endloop
   endfacet
   facet normal 0 0 -1
      outer loop
         vertex 25.8290693163872 -15.5172413215041 76.4999985694885
         vertex 29.2773451656103 -12.068965472281 76.4999985694885
         vertex 29.2773451656103 -15.5172413215041 76.4999985694885
      endloop
   endfacet
   facet normal 0 0 -1
      outer loop
         vertex 25.8290693163872 -15.5172413215041 76.4999985694885
         vertex 29.2773451656103 -15.5172413215041 76.4999985694885
         vertex 25.8290693163872 -18.9655181020498 76.4999985694885
      endloop
   endfacet
   facet normal 0 0 -1
      outer loop
         vertex 25.8290693163872 -18.9655181020498 76.4999985694885
         vertex 29.2773451656103 -15.5172413215041 76.4999985694885
         vertex 29.2773451656103 -18.9655181020498 76.4999985694885
      endloop
   endfacet
   facet normal 0 0 -1
      outer loop
         vertex 25.8290693163872 -18.9655181020498 76.4999985694885
         vertex 29.2773451656103 -18.9655181020498 76.4999985694885
         vertex 25.8290693163872 -22.413793951273 76.4999985694885
      endloop
   endfacet
   facet normal 0 0 -1
      outer loop
         vertex 25.8290693163872 -22.413793951273 76.4999985694885
         vertex 29.2773451656103 -18.9655181020498 76.4999985694885
         vertex 29.2773451656103 -22.413793951273 76.4999985694885
      endloop
   endfacet
   facet normal 0 0 -1
      outer loop
         vertex 32.7256210148335 32.7586196362972 76.4999985694885
         vertex 36.1738950014114 32.7586196362972 76.4999985694885
         vertex 32.7256210148335 29.3103456497192 76.4999985694885
      endloop
   endfacet
   facet normal 0 0 -1
      outer loop
         vertex 32.7256210148335 29.3103456497192 76.4999985694885
         vertex 36.1738950014114 32.7586196362972 76.4999985694885
         vertex 36.1738950014114 29.3103456497192 76.4999985694885
      endloop
   endfacet
   facet normal 0 0 -1
      outer loop
         vertex 32.7256210148335 29.3103456497192 76.4999985694885
         vertex 36.1738950014114 29.3103456497192 76.4999985694885
         vertex 32.7256210148335 25.8620698004961 76.4999985694885
      endloop
   endfacet
   facet normal 0 0 -1
      outer loop
         vertex 32.7256210148335 25.8620698004961 76.4999985694885
         vertex 36.1738950014114 29.3103456497192 76.4999985694885
         vertex 36.1738950014114 25.8620698004961 76.4999985694885
      endloop
   endfacet
   facet normal 0 0 -1
      outer loop
         vertex 32.7256210148335 25.8620698004961 76.4999985694885
         vertex 36.1738950014114 25.8620698004961 76.4999985694885
         vertex 32.7256210148335 22.413793951273 76.4999985694885
      endloop
   endfacet
   facet normal 0 0 -1
      outer loop
         vertex 32.7256210148335 22.413793951273 76.4999985694885
         vertex 36.1738950014114 25.8620698004961 76.4999985694885
         vertex 36.1738950014114 22.413793951273 76.4999985694885
      endloop
   endfacet
   facet normal 0 0 -1
      outer loop
         vertex 32.7256210148335 22.413793951273 76.4999985694885
         vertex 36.1738950014114 22.413793951273 76.4999985694885
         vertex 32.7256210148335 18.9655181020498 76.4999985694885
      endloop
   endfacet
   facet normal 0 0 -1
      outer loop
         vertex 32.7256210148335 18.9655181020498 76.4999985694885
         vertex 36.1738950014114 22.413793951273 76.4999985694885
         vertex 36.1738950014114 18.9655181020498 76.4999985694885
      endloop
   endfacet
   facet normal 0 0 -1
      outer loop
         vertex 32.7256210148335 18.9655181020498 76.4999985694885
         vertex 36.1738950014114 18.9655181020498 76.4999985694885
         vertex 32.7256210148335 15.5172413215041 76.4999985694885
      endloop
   endfacet
   facet normal 0 0 -1
      outer loop
         vertex 32.7256210148335 15.5172413215041 76.4999985694885
         vertex 36.1738950014114 18.9655181020498 76.4999985694885
         vertex 36.1738950014114 15.5172413215041 76.4999985694885
      endloop
   endfacet
   facet normal 0 0 -1
      outer loop
         vertex 32.7256210148335 15.5172413215041 76.4999985694885
         vertex 36.1738950014114 15.5172413215041 76.4999985694885
         vertex 32.7256210148335 12.068965472281 76.4999985694885
      endloop
   endfacet
   facet normal 0 0 -1
      outer loop
         vertex 32.7256210148335 12.068965472281 76.4999985694885
         vertex 36.1738950014114 15.5172413215041 76.4999985694885
         vertex 36.1738950014114 12.068965472281 76.4999985694885
      endloop
   endfacet
   facet normal 0 0 -1
      outer loop
         vertex 32.7256210148335 12.068965472281 76.4999985694885
         vertex 36.1738950014114 12.068965472281 76.4999985694885
         vertex 32.7256210148335 8.62068962305784 76.4999985694885
      endloop
   endfacet
   facet normal 0 0 -1
      outer loop
         vertex 32.7256210148335 8.62068962305784 76.4999985694885
         vertex 36.1738950014114 12.068965472281 76.4999985694885
         vertex 36.1738950014114 8.62068962305784 76.4999985694885
      endloop
   endfacet
   facet normal 0 0 -1
      outer loop
         vertex 32.7256210148335 8.62068962305784 76.4999985694885
         vertex 36.1738950014114 8.62068962305784 76.4999985694885
         vertex 32.7256210148335 5.17241377383471 76.4999985694885
      endloop
   endfacet
   facet normal 0 0 -1
      outer loop
         vertex 32.7256210148335 5.17241377383471 76.4999985694885
         vertex 36.1738950014114 8.62068962305784 76.4999985694885
         vertex 36.1738950014114 5.17241377383471 76.4999985694885
      endloop
   endfacet
   facet normal 0 0 -1
      outer loop
         vertex 32.7256210148335 5.17241377383471 76.4999985694885
         vertex 36.1738950014114 5.17241377383471 76.4999985694885
         vertex 32.7256210148335 1.72413792461157 76.4999985694885
      endloop
   endfacet
   facet normal 0 0 -1
      outer loop
         vertex 32.7256210148335 1.72413792461157 76.4999985694885
         vertex 36.1738950014114 5.17241377383471 76.4999985694885
         vertex 36.1738950014114 1.72413792461157 76.4999985694885
      endloop
   endfacet
   facet normal 0 0 -1
      outer loop
         vertex 32.7256210148335 1.72413792461157 76.4999985694885
         vertex 36.1738950014114 1.72413792461157 76.4999985694885
         vertex 32.7256210148335 -1.72413792461157 76.4999985694885
      endloop
   endfacet
   facet normal 0 0 -1
      outer loop
         vertex 32.7256210148335 -1.72413792461157 76.4999985694885
         vertex 36.1738950014114 1.72413792461157 76.4999985694885
         vertex 36.1738950014114 -1.72413792461157 76.4999985694885
      endloop
   endfacet
   facet normal 0 0 -1
      outer loop
         vertex 32.7256210148335 -1.72413792461157 76.4999985694885
         vertex 36.1738950014114 -1.72413792461157 76.4999985694885
         vertex 32.7256210148335 -5.17241377383471 76.4999985694885
      endloop
   endfacet
   facet normal 0 0 -1
      outer loop
         vertex 32.7256210148335 -5.17241377383471 76.4999985694885
         vertex 36.1738950014114 -1.72413792461157 76.4999985694885
         vertex 36.1738950014114 -5.17241377383471 76.4999985694885
      endloop
   endfacet
   facet normal 0 0 -1
      outer loop
         vertex 32.7256210148335 -5.17241377383471 76.4999985694885
         vertex 36.1738950014114 -5.17241377383471 76.4999985694885
         vertex 32.7256210148335 -8.62068962305784 76.4999985694885
      endloop
   endfacet
   facet normal 0 0 -1
      outer loop
         vertex 32.7256210148335 -8.62068962305784 76.4999985694885
         vertex 36.1738950014114 -5.17241377383471 76.4999985694885
         vertex 36.1738950014114 -8.62068962305784 76.4999985694885
      endloop
   endfacet
   facet normal 0 0 -1
      outer loop
         vertex 32.7256210148335 -8.62068962305784 76.4999985694885
         vertex 36.1738950014114 -8.62068962305784 76.4999985694885
         vertex 32.7256210148335 -12.068965472281 76.4999985694885
      endloop
   endfacet
   facet normal 0 0 -1
      outer loop
         vertex 32.7256210148335 -12.068965472281 76.4999985694885
         vertex 36.1738950014114 -8.62068962305784 76.4999985694885
         vertex 36.1738950014114 -12.068965472281 76.4999985694885
      endloop
   endfacet
   facet normal 0 0 -1
      outer loop
         vertex 32.7256210148335 -12.068965472281 76.4999985694885
         vertex 36.1738950014114 -12.068965472281 76.4999985694885
         vertex 32.7256210148335 -15.5172413215041 76.4999985694885
      endloop
   endfacet
   facet normal 0 0 -1
      outer loop
         vertex 32.7256210148335 -15.5172413215041 76.4999985694885
         vertex 36.1738950014114 -12.068965472281 76.4999985694885
         vertex 36.1738950014114 -15.5172413215041 76.4999985694885
      endloop
   endfacet
   facet normal 0 0 -1
      outer loop
         vertex 32.7256210148335 -15.5172413215041 76.4999985694885
         vertex 36.1738950014114 -15.5172413215041 76.4999985694885
         vertex 32.7256210148335 -18.9655181020498 76.4999985694885
      endloop
   endfacet
   facet normal 0 0 -1
      outer loop
         vertex 32.7256210148335 -18.9655181020498 76.4999985694885
         vertex 36.1738950014114 -15.5172413215041 76.4999985694885
         vertex 36.1738950014114 -18.9655181020498 76.4999985694885
      endloop
   endfacet
   facet normal 0 0 -1
      outer loop
         vertex 32.7256210148335 -18.9655181020498 76.4999985694885
         vertex 36.1738950014114 -18.9655181020498 76.4999985694885
         vertex 32.7256210148335 -22.413793951273 76.4999985694885
      endloop
   endfacet
   facet normal 0 0 -1
      outer loop
         vertex 32.7256210148335 -22.413793951273 76.4999985694885
         vertex 36.1738950014114 -18.9655181020498 76.4999985694885
         vertex 36.1738950014114 -22.413793951273 76.4999985694885
      endloop
   endfacet
   facet normal 0 0 -1
      outer loop
         vertex 39.6221727132797 -1.72413792461157 76.4999985694885
         vertex 39.6221727132797 1.72413792461157 76.4999985694885
         vertex 43.0704466998577 1.72413792461157 76.4999985694885
      endloop
   endfacet
   facet normal 0 0 -1
      outer loop
         vertex 43.0704466998577 1.72413792461157 76.4999985694885
         vertex 39.6221727132797 1.72413792461157 76.4999985694885
         vertex 43.0704466998577 5.17241377383471 76.4999985694885
      endloop
   endfacet
   facet normal 0 0 -1
      outer loop
         vertex 43.0704466998577 1.72413792461157 76.4999985694885
         vertex 43.0704466998577 5.17241377383471 76.4999985694885
         vertex 46.518724411726 5.17241377383471 76.4999985694885
      endloop
   endfacet
   facet normal 0 0 -1
      outer loop
         vertex 46.518724411726 5.17241377383471 76.4999985694885
         vertex 43.0704466998577 5.17241377383471 76.4999985694885
         vertex 46.518724411726 8.62068962305784 76.4999985694885
      endloop
   endfacet
   facet normal 0 0 -1
      outer loop
         vertex -36.2398959696293 1.72413792461157 76.4999985694885
         vertex -36.2398959696293 -1.72413792461157 76.4999985694885
         vertex -39.6881736814976 -1.72413792461157 76.4999985694885
      endloop
   endfacet
   facet normal 0 0 -1
      outer loop
         vertex -39.6881736814976 -1.72413792461157 76.4999985694885
         vertex -36.2398959696293 -1.72413792461157 76.4999985694885
         vertex -39.6881736814976 -5.17241377383471 76.4999985694885
      endloop
   endfacet
   facet normal 0 0 -1
      outer loop
         vertex -39.6881736814976 -1.72413792461157 76.4999985694885
         vertex -39.6881736814976 -5.17241377383471 76.4999985694885
         vertex -43.1364476680756 -5.17241377383471 76.4999985694885
      endloop
   endfacet
   facet normal 0 0 -1
      outer loop
         vertex -43.1364476680756 -5.17241377383471 76.4999985694885
         vertex -39.6881736814976 -5.17241377383471 76.4999985694885
         vertex -43.1364476680756 -8.62068962305784 76.4999985694885
      endloop
   endfacet
   facet normal 0 0 -1
      outer loop
         vertex -36.2398959696293 -1.72413792461157 76.4999985694885
         vertex -36.2398959696293 -5.17241377383471 76.4999985694885
         vertex -39.6881736814976 -5.17241377383471 76.4999985694885
      endloop
   endfacet
   facet normal 0 0 -1
      outer loop
         vertex -39.6881736814976 -5.17241377383471 76.4999985694885
         vertex -36.2398959696293 -5.17241377383471 76.4999985694885
         vertex -39.6881736814976 -8.62068962305784 76.4999985694885
      endloop
   endfacet
   facet normal 0 0 -1
      outer loop
         vertex -39.6881736814976 -5.17241377383471 76.4999985694885
         vertex -39.6881736814976 -8.62068962305784 76.4999985694885
         vertex -43.1364476680756 -8.62068962305784 76.4999985694885
      endloop
   endfacet
   facet normal 0 0 -1
      outer loop
         vertex -43.1364476680756 -8.62068962305784 76.4999985694885
         vertex -39.6881736814976 -8.62068962305784 76.4999985694885
         vertex -43.1364476680756 -12.068965472281 76.4999985694885
      endloop
   endfacet
   facet normal 0 0 -1
      outer loop
         vertex -48.4868660569191 -12.33786996454 76.4999985694885
         vertex -46.5847253799438 -8.62068962305784 76.4999985694885
         vertex -46.5847253799438 -12.068965472281 76.4999985694885
      endloop
   endfacet
   facet normal 0 0 -1
      outer loop
         vertex -39.6881736814976 -8.62068962305784 76.4999985694885
         vertex -36.2398959696293 -8.62068962305784 76.4999985694885
         vertex -39.6881736814976 -12.068965472281 76.4999985694885
      endloop
   endfacet
   facet normal 0 0 -1
      outer loop
         vertex -39.6881736814976 -12.068965472281 76.4999985694885
         vertex -36.2398959696293 -8.62068962305784 76.4999985694885
         vertex -36.2398959696293 -12.068965472281 76.4999985694885
      endloop
   endfacet
   facet normal 0 0 -1
      outer loop
         vertex -39.6881736814976 -12.068965472281 76.4999985694885
         vertex -36.2398959696293 -12.068965472281 76.4999985694885
         vertex -39.6881736814976 -15.5172413215041 76.4999985694885
      endloop
   endfacet
   facet normal 0 0 -1
      outer loop
         vertex -39.6881736814976 -15.5172413215041 76.4999985694885
         vertex -36.2398959696293 -12.068965472281 76.4999985694885
         vertex -36.2398959696293 -15.5172413215041 76.4999985694885
      endloop
   endfacet
   facet normal 0 0 -1
      outer loop
         vertex -39.6881736814976 -15.5172413215041 76.4999985694885
         vertex -36.2398959696293 -15.5172413215041 76.4999985694885
         vertex -39.6881736814976 -18.9655181020498 76.4999985694885
      endloop
   endfacet
   facet normal 0 0 -1
      outer loop
         vertex -39.6881736814976 -18.9655181020498 76.4999985694885
         vertex -36.2398959696293 -15.5172413215041 76.4999985694885
         vertex -36.2398959696293 -18.9655181020498 76.4999985694885
      endloop
   endfacet
   facet normal 0 0 -1
      outer loop
         vertex -39.6881736814976 -18.9655181020498 76.4999985694885
         vertex -36.2398959696293 -18.9655181020498 76.4999985694885
         vertex -39.6881736814976 -22.413793951273 76.4999985694885
      endloop
   endfacet
   facet normal 0 0 -1
      outer loop
         vertex -39.6881736814976 -22.413793951273 76.4999985694885
         vertex -36.2398959696293 -18.9655181020498 76.4999985694885
         vertex -36.2398959696293 -22.413793951273 76.4999985694885
      endloop
   endfacet
   facet normal 0 0 -1
      outer loop
         vertex -36.2398959696293 -8.62068962305784 76.4999985694885
         vertex -39.6881736814976 -8.62068962305784 76.4999985694885
         vertex -36.2398959696293 -5.17241377383471 76.4999985694885
      endloop
   endfacet
   facet normal 0 0 -1
      outer loop
         vertex 39.6221727132797 -12.068965472281 76.4999985694885
         vertex 43.0704466998577 -8.62068962305784 76.4999985694885
         vertex 43.0704466998577 -12.068965472281 76.4999985694885
      endloop
   endfacet
   facet normal 0 0 -1
      outer loop
         vertex 43.0704466998577 -12.068965472281 76.4999985694885
         vertex 43.0704466998577 -8.62068962305784 76.4999985694885
         vertex 46.518724411726 -8.62068962305784 76.4999985694885
      endloop
   endfacet
   facet normal 0 0 -1
      outer loop
         vertex 43.0704466998577 -8.62068962305784 76.4999985694885
         vertex 46.518724411726 -5.17241377383471 76.4999985694885
         vertex 46.518724411726 -8.62068962305784 76.4999985694885
      endloop
   endfacet
   facet normal 0 0 -1
      outer loop
         vertex 46.518724411726 -8.62068962305784 76.4999985694885
         vertex 46.518724411726 -5.17241377383471 76.4999985694885
         vertex 49.7185401618481 -4.97839227318764 76.4999985694885
      endloop
   endfacet
   facet normal 0 0 -1
      outer loop
         vertex 39.6221727132797 -12.068965472281 76.4999985694885
         vertex 43.0704466998577 -12.068965472281 76.4999985694885
         vertex 39.6221727132797 -15.5172413215041 76.4999985694885
      endloop
   endfacet
   facet normal 0 0 -1
      outer loop
         vertex -43.1364476680756 -15.5172413215041 76.4999985694885
         vertex -43.1364476680756 -12.068965472281 76.4999985694885
         vertex -39.6881736814976 -12.068965472281 76.4999985694885
      endloop
   endfacet
   facet normal 0 0 -1
      outer loop
         vertex -39.6881736814976 -12.068965472281 76.4999985694885
         vertex -43.1364476680756 -12.068965472281 76.4999985694885
         vertex -39.6881736814976 -8.62068962305784 76.4999985694885
      endloop
   endfacet
   facet normal 0 0 -1
      outer loop
         vertex -43.1364476680756 -18.9655181020498 76.4999985694885
         vertex -43.1364476680756 -15.5172413215041 76.4999985694885
         vertex -39.6881736814976 -15.5172413215041 76.4999985694885
      endloop
   endfacet
   facet normal 0 0 -1
      outer loop
         vertex -39.6881736814976 -15.5172413215041 76.4999985694885
         vertex -43.1364476680756 -15.5172413215041 76.4999985694885
         vertex -39.6881736814976 -12.068965472281 76.4999985694885
      endloop
   endfacet
   facet normal 0 0 -1
      outer loop
         vertex -39.6881736814976 -22.413793951273 76.4999985694885
         vertex -43.1364476680756 -22.413793951273 76.4999985694885
         vertex -39.6881736814976 -18.9655181020498 76.4999985694885
      endloop
   endfacet
   facet normal 0 0 -1
      outer loop
         vertex -39.6881736814976 -18.9655181020498 76.4999985694885
         vertex -43.1364476680756 -22.413793951273 76.4999985694885
         vertex -43.1364476680756 -18.9655181020498 76.4999985694885
      endloop
   endfacet
   facet normal 0 0 -1
      outer loop
         vertex -39.6881736814976 -18.9655181020498 76.4999985694885
         vertex -43.1364476680756 -18.9655181020498 76.4999985694885
         vertex -39.6881736814976 -15.5172413215041 76.4999985694885
      endloop
   endfacet
   facet normal 0 0 -1
      outer loop
         vertex 46.0408106446266 -19.4217395037413 76.4999985694885
         vertex 43.0704466998577 -22.413793951273 76.4999985694885
         vertex 43.0704466998577 -18.9655181020498 76.4999985694885
      endloop
   endfacet
   facet normal 0 0 -1
      outer loop
         vertex 43.0704466998577 -18.9655181020498 76.4999985694885
         vertex 43.0704466998577 -22.413793951273 76.4999985694885
         vertex 39.6221727132797 -22.413793951273 76.4999985694885
      endloop
   endfacet
   facet normal 0 0 -1
      outer loop
         vertex 36.1738950014114 -25.8620698004961 76.4999985694885
         vertex 39.6221727132797 -25.8620698004961 76.4999985694885
         vertex 36.1738950014114 -29.3103456497192 76.4999985694885
      endloop
   endfacet
   facet normal 0 0 -1
      outer loop
         vertex 36.1738950014114 -29.3103456497192 76.4999985694885
         vertex 39.6221727132797 -25.8620698004961 76.4999985694885
         vertex 39.6221727132797 -29.3103456497192 76.4999985694885
      endloop
   endfacet
   facet normal 0 0 -1
      outer loop
         vertex 36.1738950014114 -29.3103456497192 76.4999985694885
         vertex 39.6221727132797 -29.3103456497192 76.4999985694885
         vertex 38.2692217826843 -32.1393795311451 76.4999985694885
      endloop
   endfacet
   facet normal 0 0 -1
      outer loop
         vertex 38.2692217826843 -32.1393795311451 76.4999985694885
         vertex 39.6221727132797 -29.3103456497192 76.4999985694885
         vertex 41.2789396941662 -28.1660035252571 76.4999985694885
      endloop
   endfacet
   facet normal 0 0 -1
      outer loop
         vertex 32.7256210148335 -25.8620698004961 76.4999985694885
         vertex 36.1738950014114 -25.8620698004961 76.4999985694885
         vertex 32.7256210148335 -29.3103456497192 76.4999985694885
      endloop
   endfacet
   facet normal 0 0 -1
      outer loop
         vertex 32.7256210148335 -29.3103456497192 76.4999985694885
         vertex 36.1738950014114 -25.8620698004961 76.4999985694885
         vertex 36.1738950014114 -29.3103456497192 76.4999985694885
      endloop
   endfacet
   facet normal 0 0 -1
      outer loop
         vertex 32.7256210148335 -29.3103456497192 76.4999985694885
         vertex 36.1738950014114 -29.3103456497192 76.4999985694885
         vertex 32.7256210148335 -32.7586196362972 76.4999985694885
      endloop
   endfacet
   facet normal 0 0 -1
      outer loop
         vertex 32.7256210148335 -32.7586196362972 76.4999985694885
         vertex 36.1738950014114 -29.3103456497192 76.4999985694885
         vertex 36.1738950014114 -32.7586196362972 76.4999985694885
      endloop
   endfacet
   facet normal 0 0 -1
      outer loop
         vertex 32.7256210148335 -32.7586196362972 76.4999985694885
         vertex 36.1738950014114 -32.7586196362972 76.4999985694885
         vertex 34.8788425326347 -35.7933416962624 76.4999985694885
      endloop
   endfacet
   facet normal 0 0 -1
      outer loop
         vertex 34.8788425326347 -35.7933416962624 76.4999985694885
         vertex 36.1738950014114 -32.7586196362972 76.4999985694885
         vertex 38.2692217826843 -32.1393795311451 76.4999985694885
      endloop
   endfacet
   facet normal 0 0 -1
      outer loop
         vertex 29.2773451656103 -25.8620698004961 76.4999985694885
         vertex 32.7256210148335 -25.8620698004961 76.4999985694885
         vertex 29.2773451656103 -29.3103456497192 76.4999985694885
      endloop
   endfacet
   facet normal 0 0 -1
      outer loop
         vertex 29.2773451656103 -29.3103456497192 76.4999985694885
         vertex 32.7256210148335 -25.8620698004961 76.4999985694885
         vertex 32.7256210148335 -29.3103456497192 76.4999985694885
      endloop
   endfacet
   facet normal 0 0 -1
      outer loop
         vertex 29.2773451656103 -29.3103456497192 76.4999985694885
         vertex 32.7256210148335 -29.3103456497192 76.4999985694885
         vertex 29.2773451656103 -32.7586196362972 76.4999985694885
      endloop
   endfacet
   facet normal 0 0 -1
      outer loop
         vertex 29.2773451656103 -32.7586196362972 76.4999985694885
         vertex 32.7256210148335 -29.3103456497192 76.4999985694885
         vertex 32.7256210148335 -32.7586196362972 76.4999985694885
      endloop
   endfacet
   facet normal 0 0 -1
      outer loop
         vertex 29.2773451656103 -32.7586196362972 76.4999985694885
         vertex 32.7256210148335 -32.7586196362972 76.4999985694885
         vertex 29.2773451656103 -36.2068973481655 76.4999985694885
      endloop
   endfacet
   facet normal 0 0 -1
      outer loop
         vertex 29.2773451656103 -36.2068973481655 76.4999985694885
         vertex 32.7256210148335 -32.7586196362972 76.4999985694885
         vertex 32.7256210148335 -36.2068973481655 76.4999985694885
      endloop
   endfacet
   facet normal 0 0 -1
      outer loop
         vertex 29.2773451656103 -36.2068973481655 76.4999985694885
         vertex 32.7256210148335 -36.2068973481655 76.4999985694885
         vertex 31.1414897441864 -39.0915758907795 76.4999985694885
      endloop
   endfacet
   facet normal 0 0 -1
      outer loop
         vertex 31.1414897441864 -39.0915758907795 76.4999985694885
         vertex 32.7256210148335 -36.2068973481655 76.4999985694885
         vertex 34.8788425326347 -35.7933416962624 76.4999985694885
      endloop
   endfacet
   facet normal 0 0 -1
      outer loop
         vertex 25.8290693163872 -25.8620698004961 76.4999985694885
         vertex 29.2773451656103 -25.8620698004961 76.4999985694885
         vertex 25.8290693163872 -29.3103456497192 76.4999985694885
      endloop
   endfacet
   facet normal 0 0 -1
      outer loop
         vertex 25.8290693163872 -29.3103456497192 76.4999985694885
         vertex 29.2773451656103 -25.8620698004961 76.4999985694885
         vertex 29.2773451656103 -29.3103456497192 76.4999985694885
      endloop
   endfacet
   facet normal 0 0 -1
      outer loop
         vertex 25.8290693163872 -29.3103456497192 76.4999985694885
         vertex 29.2773451656103 -29.3103456497192 76.4999985694885
         vertex 25.8290693163872 -32.7586196362972 76.4999985694885
      endloop
   endfacet
   facet normal 0 0 -1
      outer loop
         vertex 25.8290693163872 -32.7586196362972 76.4999985694885
         vertex 29.2773451656103 -29.3103456497192 76.4999985694885
         vertex 29.2773451656103 -32.7586196362972 76.4999985694885
      endloop
   endfacet
   facet normal 0 0 -1
      outer loop
         vertex 25.8290693163872 -32.7586196362972 76.4999985694885
         vertex 29.2773451656103 -32.7586196362972 76.4999985694885
         vertex 25.8290693163872 -36.2068973481655 76.4999985694885
      endloop
   endfacet
   facet normal 0 0 -1
      outer loop
         vertex 25.8290693163872 -36.2068973481655 76.4999985694885
         vertex 29.2773451656103 -32.7586196362972 76.4999985694885
         vertex 29.2773451656103 -36.2068973481655 76.4999985694885
      endloop
   endfacet
   facet normal 0 0 -1
      outer loop
         vertex 25.8290693163872 -36.2068973481655 76.4999985694885
         vertex 29.2773451656103 -36.2068973481655 76.4999985694885
         vertex 25.8290693163872 -39.6551713347435 76.4999985694885
      endloop
   endfacet
   facet normal 0 0 -1
      outer loop
         vertex 25.8290693163872 -39.6551713347435 76.4999985694885
         vertex 29.2773451656103 -36.2068973481655 76.4999985694885
         vertex 29.2773451656103 -39.6551713347435 76.4999985694885
      endloop
   endfacet
   facet normal 0 0 -1
      outer loop
         vertex 25.8290693163872 -39.6551713347435 76.4999985694885
         vertex 29.2773451656103 -39.6551713347435 76.4999985694885
         vertex 27.0943138748407 -42.0012958347797 76.4999985694885
      endloop
   endfacet
   facet normal 0 0 -1
      outer loop
         vertex 27.0943138748407 -42.0012958347797 76.4999985694885
         vertex 29.2773451656103 -39.6551713347435 76.4999985694885
         vertex 31.1414897441864 -39.0915758907795 76.4999985694885
      endloop
   endfacet
   facet normal 0 0 -1
      outer loop
         vertex 22.380793467164 -25.8620698004961 76.4999985694885
         vertex 25.8290693163872 -25.8620698004961 76.4999985694885
         vertex 22.380793467164 -29.3103456497192 76.4999985694885
      endloop
   endfacet
   facet normal 0 0 -1
      outer loop
         vertex 22.380793467164 -29.3103456497192 76.4999985694885
         vertex 25.8290693163872 -25.8620698004961 76.4999985694885
         vertex 25.8290693163872 -29.3103456497192 76.4999985694885
      endloop
   endfacet
   facet normal 0 0 -1
      outer loop
         vertex 22.380793467164 -29.3103456497192 76.4999985694885
         vertex 25.8290693163872 -29.3103456497192 76.4999985694885
         vertex 22.380793467164 -32.7586196362972 76.4999985694885
      endloop
   endfacet
   facet normal 0 0 -1
      outer loop
         vertex 22.380793467164 -32.7586196362972 76.4999985694885
         vertex 25.8290693163872 -29.3103456497192 76.4999985694885
         vertex 25.8290693163872 -32.7586196362972 76.4999985694885
      endloop
   endfacet
   facet normal 0 0 -1
      outer loop
         vertex 22.380793467164 -32.7586196362972 76.4999985694885
         vertex 25.8290693163872 -32.7586196362972 76.4999985694885
         vertex 22.380793467164 -36.2068973481655 76.4999985694885
      endloop
   endfacet
   facet normal 0 0 -1
      outer loop
         vertex 22.380793467164 -36.2068973481655 76.4999985694885
         vertex 25.8290693163872 -32.7586196362972 76.4999985694885
         vertex 25.8290693163872 -36.2068973481655 76.4999985694885
      endloop
   endfacet
   facet normal 0 0 -1
      outer loop
         vertex 22.380793467164 -36.2068973481655 76.4999985694885
         vertex 25.8290693163872 -36.2068973481655 76.4999985694885
         vertex 22.380793467164 -39.6551713347435 76.4999985694885
      endloop
   endfacet
   facet normal 0 0 -1
      outer loop
         vertex 22.380793467164 -39.6551713347435 76.4999985694885
         vertex 25.8290693163872 -36.2068973481655 76.4999985694885
         vertex 25.8290693163872 -39.6551713347435 76.4999985694885
      endloop
   endfacet
   facet normal 0 0 -1
      outer loop
         vertex 22.380793467164 -39.6551713347435 76.4999985694885
         vertex 25.8290693163872 -39.6551713347435 76.4999985694885
         vertex 22.380793467164 -43.1034490466118 76.4999985694885
      endloop
   endfacet
   facet normal 0 0 -1
      outer loop
         vertex 22.380793467164 -43.1034490466118 76.4999985694885
         vertex 25.8290693163872 -39.6551713347435 76.4999985694885
         vertex 27.0943138748407 -42.0012958347797 76.4999985694885
      endloop
   endfacet
   facet normal 0 0 -1
      outer loop
         vertex 22.380793467164 -43.1034490466118 76.4999985694885
         vertex 27.0943138748407 -42.0012958347797 76.4999985694885
         vertex 22.7775331586599 -44.4935895502567 76.4999985694885
      endloop
   endfacet
   facet normal 0 0 -1
      outer loop
         vertex 18.9325176179409 -25.8620698004961 76.4999985694885
         vertex 22.380793467164 -25.8620698004961 76.4999985694885
         vertex 18.9325176179409 -29.3103456497192 76.4999985694885
      endloop
   endfacet
   facet normal 0 0 -1
      outer loop
         vertex 18.9325176179409 -29.3103456497192 76.4999985694885
         vertex 22.380793467164 -25.8620698004961 76.4999985694885
         vertex 22.380793467164 -29.3103456497192 76.4999985694885
      endloop
   endfacet
   facet normal 0 0 -1
      outer loop
         vertex 18.9325176179409 -29.3103456497192 76.4999985694885
         vertex 22.380793467164 -29.3103456497192 76.4999985694885
         vertex 18.9325176179409 -32.7586196362972 76.4999985694885
      endloop
   endfacet
   facet normal 0 0 -1
      outer loop
         vertex 18.9325176179409 -32.7586196362972 76.4999985694885
         vertex 22.380793467164 -29.3103456497192 76.4999985694885
         vertex 22.380793467164 -32.7586196362972 76.4999985694885
      endloop
   endfacet
   facet normal 0 0 -1
      outer loop
         vertex 18.9325176179409 -32.7586196362972 76.4999985694885
         vertex 22.380793467164 -32.7586196362972 76.4999985694885
         vertex 18.9325176179409 -36.2068973481655 76.4999985694885
      endloop
   endfacet
   facet normal 0 0 -1
      outer loop
         vertex 18.9325176179409 -36.2068973481655 76.4999985694885
         vertex 22.380793467164 -32.7586196362972 76.4999985694885
         vertex 22.380793467164 -36.2068973481655 76.4999985694885
      endloop
   endfacet
   facet normal 0 0 -1
      outer loop
         vertex 18.9325176179409 -36.2068973481655 76.4999985694885
         vertex 22.380793467164 -36.2068973481655 76.4999985694885
         vertex 18.9325176179409 -39.6551713347435 76.4999985694885
      endloop
   endfacet
   facet normal 0 0 -1
      outer loop
         vertex 18.9325176179409 -39.6551713347435 76.4999985694885
         vertex 22.380793467164 -36.2068973481655 76.4999985694885
         vertex 22.380793467164 -39.6551713347435 76.4999985694885
      endloop
   endfacet
   facet normal 0 0 -1
      outer loop
         vertex 18.9325176179409 -39.6551713347435 76.4999985694885
         vertex 22.380793467164 -39.6551713347435 76.4999985694885
         vertex 18.9325176179409 -43.1034490466118 76.4999985694885
      endloop
   endfacet
   facet normal 0 0 -1
      outer loop
         vertex 18.9325176179409 -43.1034490466118 76.4999985694885
         vertex 22.380793467164 -39.6551713347435 76.4999985694885
         vertex 22.380793467164 -43.1034490466118 76.4999985694885
      endloop
   endfacet
   facet normal 0 0 -1
      outer loop
         vertex 18.9325176179409 -43.1034490466118 76.4999985694885
         vertex 22.380793467164 -43.1034490466118 76.4999985694885
         vertex 22.7775331586599 -44.4935895502567 76.4999985694885
      endloop
   endfacet
   facet normal 0 0 -1
      outer loop
         vertex 15.4842417687178 -25.8620698004961 76.4999985694885
         vertex 18.9325176179409 -25.8620698004961 76.4999985694885
         vertex 15.4842417687178 -29.3103456497192 76.4999985694885
      endloop
   endfacet
   facet normal 0 0 -1
      outer loop
         vertex 15.4842417687178 -29.3103456497192 76.4999985694885
         vertex 18.9325176179409 -25.8620698004961 76.4999985694885
         vertex 18.9325176179409 -29.3103456497192 76.4999985694885
      endloop
   endfacet
   facet normal 0 0 -1
      outer loop
         vertex 15.4842417687178 -29.3103456497192 76.4999985694885
         vertex 18.9325176179409 -29.3103456497192 76.4999985694885
         vertex 15.4842417687178 -32.7586196362972 76.4999985694885
      endloop
   endfacet
   facet normal 0 0 -1
      outer loop
         vertex 15.4842417687178 -32.7586196362972 76.4999985694885
         vertex 18.9325176179409 -29.3103456497192 76.4999985694885
         vertex 18.9325176179409 -32.7586196362972 76.4999985694885
      endloop
   endfacet
   facet normal 0 0 -1
      outer loop
         vertex 15.4842417687178 -32.7586196362972 76.4999985694885
         vertex 18.9325176179409 -32.7586196362972 76.4999985694885
         vertex 15.4842417687178 -36.2068973481655 76.4999985694885
      endloop
   endfacet
   facet normal 0 0 -1
      outer loop
         vertex 15.4842417687178 -36.2068973481655 76.4999985694885
         vertex 18.9325176179409 -32.7586196362972 76.4999985694885
         vertex 18.9325176179409 -36.2068973481655 76.4999985694885
      endloop
   endfacet
   facet normal 0 0 -1
      outer loop
         vertex 15.4842417687178 -36.2068973481655 76.4999985694885
         vertex 18.9325176179409 -36.2068973481655 76.4999985694885
         vertex 15.4842417687178 -39.6551713347435 76.4999985694885
      endloop
   endfacet
   facet normal 0 0 -1
      outer loop
         vertex 15.4842417687178 -39.6551713347435 76.4999985694885
         vertex 18.9325176179409 -36.2068973481655 76.4999985694885
         vertex 18.9325176179409 -39.6551713347435 76.4999985694885
      endloop
   endfacet
   facet normal 0 0 -1
      outer loop
         vertex 15.4842417687178 -39.6551713347435 76.4999985694885
         vertex 18.9325176179409 -39.6551713347435 76.4999985694885
         vertex 15.4842417687178 -43.1034490466118 76.4999985694885
      endloop
   endfacet
   facet normal 0 0 -1
      outer loop
         vertex 15.4842417687178 -43.1034490466118 76.4999985694885
         vertex 18.9325176179409 -39.6551713347435 76.4999985694885
         vertex 18.9325176179409 -43.1034490466118 76.4999985694885
      endloop
   endfacet
   facet normal 0 0 -1
      outer loop
         vertex 15.4842417687178 -43.1034490466118 76.4999985694885
         vertex 18.9325176179409 -43.1034490466118 76.4999985694885
         vertex 18.2340517640114 -46.543687582016 76.4999985694885
      endloop
   endfacet
   facet normal 0 0 -1
      outer loop
         vertex 18.2340517640114 -46.543687582016 76.4999985694885
         vertex 18.9325176179409 -43.1034490466118 76.4999985694885
         vertex 22.7775331586599 -44.4935895502567 76.4999985694885
      endloop
   endfacet
   facet normal 0 0 -1
      outer loop
         vertex 12.0359659194946 -25.8620698004961 76.4999985694885
         vertex 15.4842417687178 -25.8620698004961 76.4999985694885
         vertex 12.0359659194946 -29.3103456497192 76.4999985694885
      endloop
   endfacet
   facet normal 0 0 -1
      outer loop
         vertex 12.0359659194946 -29.3103456497192 76.4999985694885
         vertex 15.4842417687178 -25.8620698004961 76.4999985694885
         vertex 15.4842417687178 -29.3103456497192 76.4999985694885
      endloop
   endfacet
   facet normal 0 0 -1
      outer loop
         vertex 12.0359659194946 -29.3103456497192 76.4999985694885
         vertex 15.4842417687178 -29.3103456497192 76.4999985694885
         vertex 12.0359659194946 -32.7586196362972 76.4999985694885
      endloop
   endfacet
   facet normal 0 0 -1
      outer loop
         vertex 12.0359659194946 -32.7586196362972 76.4999985694885
         vertex 15.4842417687178 -29.3103456497192 76.4999985694885
         vertex 15.4842417687178 -32.7586196362972 76.4999985694885
      endloop
   endfacet
   facet normal 0 0 -1
      outer loop
         vertex 12.0359659194946 -32.7586196362972 76.4999985694885
         vertex 15.4842417687178 -32.7586196362972 76.4999985694885
         vertex 12.0359659194946 -36.2068973481655 76.4999985694885
      endloop
   endfacet
   facet normal 0 0 -1
      outer loop
         vertex 12.0359659194946 -36.2068973481655 76.4999985694885
         vertex 15.4842417687178 -32.7586196362972 76.4999985694885
         vertex 15.4842417687178 -36.2068973481655 76.4999985694885
      endloop
   endfacet
   facet normal 0 0 -1
      outer loop
         vertex 12.0359659194946 -36.2068973481655 76.4999985694885
         vertex 15.4842417687178 -36.2068973481655 76.4999985694885
         vertex 12.0359659194946 -39.6551713347435 76.4999985694885
      endloop
   endfacet
   facet normal 0 0 -1
      outer loop
         vertex 12.0359659194946 -39.6551713347435 76.4999985694885
         vertex 15.4842417687178 -36.2068973481655 76.4999985694885
         vertex 15.4842417687178 -39.6551713347435 76.4999985694885
      endloop
   endfacet
   facet normal 0 0 -1
      outer loop
         vertex 12.0359659194946 -39.6551713347435 76.4999985694885
         vertex 15.4842417687178 -39.6551713347435 76.4999985694885
         vertex 12.0359659194946 -43.1034490466118 76.4999985694885
      endloop
   endfacet
   facet normal 0 0 -1
      outer loop
         vertex 12.0359659194946 -43.1034490466118 76.4999985694885
         vertex 15.4842417687178 -39.6551713347435 76.4999985694885
         vertex 15.4842417687178 -43.1034490466118 76.4999985694885
      endloop
   endfacet
   facet normal 0 0 -1
      outer loop
         vertex 12.0359659194946 -43.1034490466118 76.4999985694885
         vertex 15.4842417687178 -43.1034490466118 76.4999985694885
         vertex 12.0359659194946 -46.5517230331898 76.4999985694885
      endloop
   endfacet
   facet normal 0 0 -1
      outer loop
         vertex 12.0359659194946 -46.5517230331898 76.4999985694885
         vertex 15.4842417687178 -43.1034490466118 76.4999985694885
         vertex 15.4842417687178 -46.5517230331898 76.4999985694885
      endloop
   endfacet
   facet normal 0 0 -1
      outer loop
         vertex 12.0359659194946 -46.5517230331898 76.4999985694885
         vertex 15.4842417687178 -46.5517230331898 76.4999985694885
         vertex 13.5090230032802 -48.1312125921249 76.4999985694885
      endloop
   endfacet
   facet normal 0 0 -1
      outer loop
         vertex 13.5090230032802 -48.1312125921249 76.4999985694885
         vertex 15.4842417687178 -46.5517230331898 76.4999985694885
         vertex 18.2340517640114 -46.543687582016 76.4999985694885
      endloop
   endfacet
   facet normal 0 0 -1
      outer loop
         vertex 8.58769007027149 -25.8620698004961 76.4999985694885
         vertex 12.0359659194946 -25.8620698004961 76.4999985694885
         vertex 8.58769007027149 -29.3103456497192 76.4999985694885
      endloop
   endfacet
   facet normal 0 0 -1
      outer loop
         vertex 8.58769007027149 -29.3103456497192 76.4999985694885
         vertex 12.0359659194946 -25.8620698004961 76.4999985694885
         vertex 12.0359659194946 -29.3103456497192 76.4999985694885
      endloop
   endfacet
   facet normal 0 0 -1
      outer loop
         vertex 8.58769007027149 -29.3103456497192 76.4999985694885
         vertex 12.0359659194946 -29.3103456497192 76.4999985694885
         vertex 8.58769007027149 -32.7586196362972 76.4999985694885
      endloop
   endfacet
   facet normal 0 0 -1
      outer loop
         vertex 8.58769007027149 -32.7586196362972 76.4999985694885
         vertex 12.0359659194946 -29.3103456497192 76.4999985694885
         vertex 12.0359659194946 -32.7586196362972 76.4999985694885
      endloop
   endfacet
   facet normal 0 0 -1
      outer loop
         vertex 8.58769007027149 -32.7586196362972 76.4999985694885
         vertex 12.0359659194946 -32.7586196362972 76.4999985694885
         vertex 8.58769007027149 -36.2068973481655 76.4999985694885
      endloop
   endfacet
   facet normal 0 0 -1
      outer loop
         vertex 8.58769007027149 -36.2068973481655 76.4999985694885
         vertex 12.0359659194946 -32.7586196362972 76.4999985694885
         vertex 12.0359659194946 -36.2068973481655 76.4999985694885
      endloop
   endfacet
   facet normal 0 0 -1
      outer loop
         vertex 8.58769007027149 -36.2068973481655 76.4999985694885
         vertex 12.0359659194946 -36.2068973481655 76.4999985694885
         vertex 8.58769007027149 -39.6551713347435 76.4999985694885
      endloop
   endfacet
   facet normal 0 0 -1
      outer loop
         vertex 8.58769007027149 -39.6551713347435 76.4999985694885
         vertex 12.0359659194946 -36.2068973481655 76.4999985694885
         vertex 12.0359659194946 -39.6551713347435 76.4999985694885
      endloop
   endfacet
   facet normal 0 0 -1
      outer loop
         vertex 8.58769007027149 -39.6551713347435 76.4999985694885
         vertex 12.0359659194946 -39.6551713347435 76.4999985694885
         vertex 8.58769007027149 -43.1034490466118 76.4999985694885
      endloop
   endfacet
   facet normal 0 0 -1
      outer loop
         vertex 8.58769007027149 -43.1034490466118 76.4999985694885
         vertex 12.0359659194946 -39.6551713347435 76.4999985694885
         vertex 12.0359659194946 -43.1034490466118 76.4999985694885
      endloop
   endfacet
   facet normal 0 0 -1
      outer loop
         vertex 8.58769007027149 -43.1034490466118 76.4999985694885
         vertex 12.0359659194946 -43.1034490466118 76.4999985694885
         vertex 8.58769007027149 -46.5517230331898 76.4999985694885
      endloop
   endfacet
   facet normal 0 0 -1
      outer loop
         vertex 8.58769007027149 -46.5517230331898 76.4999985694885
         vertex 12.0359659194946 -43.1034490466118 76.4999985694885
         vertex 12.0359659194946 -46.5517230331898 76.4999985694885
      endloop
   endfacet
   facet normal 0 0 -1
      outer loop
         vertex 8.58769007027149 -46.5517230331898 76.4999985694885
         vertex 12.0359659194946 -46.5517230331898 76.4999985694885
         vertex 8.64940881729126 -49.2403879761696 76.4999985694885
      endloop
   endfacet
   facet normal 0 0 -1
      outer loop
         vertex 8.64940881729126 -49.2403879761696 76.4999985694885
         vertex 12.0359659194946 -46.5517230331898 76.4999985694885
         vertex 13.5090230032802 -48.1312125921249 76.4999985694885
      endloop
   endfacet
   facet normal 0 0 -1
      outer loop
         vertex 5.13941375538707 -25.8620698004961 76.4999985694885
         vertex 8.58769007027149 -25.8620698004961 76.4999985694885
         vertex 5.13941375538707 -29.3103456497192 76.4999985694885
      endloop
   endfacet
   facet normal 0 0 -1
      outer loop
         vertex 5.13941375538707 -29.3103456497192 76.4999985694885
         vertex 8.58769007027149 -25.8620698004961 76.4999985694885
         vertex 8.58769007027149 -29.3103456497192 76.4999985694885
      endloop
   endfacet
   facet normal 0 0 -1
      outer loop
         vertex 5.13941375538707 -29.3103456497192 76.4999985694885
         vertex 8.58769007027149 -29.3103456497192 76.4999985694885
         vertex 5.13941375538707 -32.7586196362972 76.4999985694885
      endloop
   endfacet
   facet normal 0 0 -1
      outer loop
         vertex 5.13941375538707 -32.7586196362972 76.4999985694885
         vertex 8.58769007027149 -29.3103456497192 76.4999985694885
         vertex 8.58769007027149 -32.7586196362972 76.4999985694885
      endloop
   endfacet
   facet normal 0 0 -1
      outer loop
         vertex 5.13941375538707 -32.7586196362972 76.4999985694885
         vertex 8.58769007027149 -32.7586196362972 76.4999985694885
         vertex 5.13941375538707 -36.2068973481655 76.4999985694885
      endloop
   endfacet
   facet normal 0 0 -1
      outer loop
         vertex 5.13941375538707 -36.2068973481655 76.4999985694885
         vertex 8.58769007027149 -32.7586196362972 76.4999985694885
         vertex 8.58769007027149 -36.2068973481655 76.4999985694885
      endloop
   endfacet
   facet normal 0 0 -1
      outer loop
         vertex 5.13941375538707 -36.2068973481655 76.4999985694885
         vertex 8.58769007027149 -36.2068973481655 76.4999985694885
         vertex 5.13941375538707 -39.6551713347435 76.4999985694885
      endloop
   endfacet
   facet normal 0 0 -1
      outer loop
         vertex 5.13941375538707 -39.6551713347435 76.4999985694885
         vertex 8.58769007027149 -36.2068973481655 76.4999985694885
         vertex 8.58769007027149 -39.6551713347435 76.4999985694885
      endloop
   endfacet
   facet normal 0 0 -1
      outer loop
         vertex 5.13941375538707 -39.6551713347435 76.4999985694885
         vertex 8.58769007027149 -39.6551713347435 76.4999985694885
         vertex 5.13941375538707 -43.1034490466118 76.4999985694885
      endloop
   endfacet
   facet normal 0 0 -1
      outer loop
         vertex 5.13941375538707 -43.1034490466118 76.4999985694885
         vertex 8.58769007027149 -39.6551713347435 76.4999985694885
         vertex 8.58769007027149 -43.1034490466118 76.4999985694885
      endloop
   endfacet
   facet normal 0 0 -1
      outer loop
         vertex 5.13941375538707 -43.1034490466118 76.4999985694885
         vertex 8.58769007027149 -43.1034490466118 76.4999985694885
         vertex 5.13941375538707 -46.5517230331898 76.4999985694885
      endloop
   endfacet
   facet normal 0 0 -1
      outer loop
         vertex 5.13941375538707 -46.5517230331898 76.4999985694885
         vertex 8.58769007027149 -43.1034490466118 76.4999985694885
         vertex 8.58769007027149 -46.5517230331898 76.4999985694885
      endloop
   endfacet
   facet normal 0 0 -1
      outer loop
         vertex 5.13941375538707 -46.5517230331898 76.4999985694885
         vertex 8.58769007027149 -46.5517230331898 76.4999985694885
         vertex 8.64940881729126 -49.2403879761696 76.4999985694885
      endloop
   endfacet
   facet normal 0 0 -1
      outer loop
         vertex 1.69113790616393 -25.8620698004961 76.4999985694885
         vertex 5.13941375538707 -25.8620698004961 76.4999985694885
         vertex 1.69113790616393 -29.3103456497192 76.4999985694885
      endloop
   endfacet
   facet normal 0 0 -1
      outer loop
         vertex 1.69113790616393 -29.3103456497192 76.4999985694885
         vertex 5.13941375538707 -25.8620698004961 76.4999985694885
         vertex 5.13941375538707 -29.3103456497192 76.4999985694885
      endloop
   endfacet
   facet normal 0 0 -1
      outer loop
         vertex 1.69113790616393 -29.3103456497192 76.4999985694885
         vertex 5.13941375538707 -29.3103456497192 76.4999985694885
         vertex 1.69113790616393 -32.7586196362972 76.4999985694885
      endloop
   endfacet
   facet normal 0 0 -1
      outer loop
         vertex 1.69113790616393 -32.7586196362972 76.4999985694885
         vertex 5.13941375538707 -29.3103456497192 76.4999985694885
         vertex 5.13941375538707 -32.7586196362972 76.4999985694885
      endloop
   endfacet
   facet normal 0 0 -1
      outer loop
         vertex 1.69113790616393 -32.7586196362972 76.4999985694885
         vertex 5.13941375538707 -32.7586196362972 76.4999985694885
         vertex 1.69113790616393 -36.2068973481655 76.4999985694885
      endloop
   endfacet
   facet normal 0 0 -1
      outer loop
         vertex 1.69113790616393 -36.2068973481655 76.4999985694885
         vertex 5.13941375538707 -32.7586196362972 76.4999985694885
         vertex 5.13941375538707 -36.2068973481655 76.4999985694885
      endloop
   endfacet
   facet normal 0 0 -1
      outer loop
         vertex 1.69113790616393 -36.2068973481655 76.4999985694885
         vertex 5.13941375538707 -36.2068973481655 76.4999985694885
         vertex 1.69113790616393 -39.6551713347435 76.4999985694885
      endloop
   endfacet
   facet normal 0 0 -1
      outer loop
         vertex 1.69113790616393 -39.6551713347435 76.4999985694885
         vertex 5.13941375538707 -36.2068973481655 76.4999985694885
         vertex 5.13941375538707 -39.6551713347435 76.4999985694885
      endloop
   endfacet
   facet normal 0 0 -1
      outer loop
         vertex 1.69113790616393 -39.6551713347435 76.4999985694885
         vertex 5.13941375538707 -39.6551713347435 76.4999985694885
         vertex 1.69113790616393 -43.1034490466118 76.4999985694885
      endloop
   endfacet
   facet normal 0 0 -1
      outer loop
         vertex 1.69113790616393 -43.1034490466118 76.4999985694885
         vertex 5.13941375538707 -39.6551713347435 76.4999985694885
         vertex 5.13941375538707 -43.1034490466118 76.4999985694885
      endloop
   endfacet
   facet normal 0 0 -1
      outer loop
         vertex 1.69113790616393 -43.1034490466118 76.4999985694885
         vertex 5.13941375538707 -43.1034490466118 76.4999985694885
         vertex 1.69113790616393 -46.5517230331898 76.4999985694885
      endloop
   endfacet
   facet normal 0 0 -1
      outer loop
         vertex 1.69113790616393 -46.5517230331898 76.4999985694885
         vertex 5.13941375538707 -43.1034490466118 76.4999985694885
         vertex 5.13941375538707 -46.5517230331898 76.4999985694885
      endloop
   endfacet
   facet normal 0 0 -1
      outer loop
         vertex 1.69113790616393 -46.5517230331898 76.4999985694885
         vertex 5.13941375538707 -46.5517230331898 76.4999985694885
         vertex 3.70350456796587 -49.8601906001568 76.4999985694885
      endloop
   endfacet
   facet normal 0 0 -1
      outer loop
         vertex 3.70350456796587 -49.8601906001568 76.4999985694885
         vertex 5.13941375538707 -46.5517230331898 76.4999985694885
         vertex 8.64940881729126 -49.2403879761696 76.4999985694885
      endloop
   endfacet
   facet normal 0 0 -1
      outer loop
         vertex -1.75713794305921 -25.8620698004961 76.4999985694885
         vertex 1.69113790616393 -25.8620698004961 76.4999985694885
         vertex -1.75713794305921 -29.3103456497192 76.4999985694885
      endloop
   endfacet
   facet normal 0 0 -1
      outer loop
         vertex -1.75713794305921 -29.3103456497192 76.4999985694885
         vertex 1.69113790616393 -25.8620698004961 76.4999985694885
         vertex 1.69113790616393 -29.3103456497192 76.4999985694885
      endloop
   endfacet
   facet normal 0 0 -1
      outer loop
         vertex -1.75713794305921 -29.3103456497192 76.4999985694885
         vertex 1.69113790616393 -29.3103456497192 76.4999985694885
         vertex -1.75713794305921 -32.7586196362972 76.4999985694885
      endloop
   endfacet
   facet normal 0 0 -1
      outer loop
         vertex -1.75713794305921 -32.7586196362972 76.4999985694885
         vertex 1.69113790616393 -29.3103456497192 76.4999985694885
         vertex 1.69113790616393 -32.7586196362972 76.4999985694885
      endloop
   endfacet
   facet normal 0 0 -1
      outer loop
         vertex -1.75713794305921 -32.7586196362972 76.4999985694885
         vertex 1.69113790616393 -32.7586196362972 76.4999985694885
         vertex -1.75713794305921 -36.2068973481655 76.4999985694885
      endloop
   endfacet
   facet normal 0 0 -1
      outer loop
         vertex -1.75713794305921 -36.2068973481655 76.4999985694885
         vertex 1.69113790616393 -32.7586196362972 76.4999985694885
         vertex 1.69113790616393 -36.2068973481655 76.4999985694885
      endloop
   endfacet
   facet normal 0 0 -1
      outer loop
         vertex -1.75713794305921 -36.2068973481655 76.4999985694885
         vertex 1.69113790616393 -36.2068973481655 76.4999985694885
         vertex -1.75713794305921 -39.6551713347435 76.4999985694885
      endloop
   endfacet
   facet normal 0 0 -1
      outer loop
         vertex -1.75713794305921 -39.6551713347435 76.4999985694885
         vertex 1.69113790616393 -36.2068973481655 76.4999985694885
         vertex 1.69113790616393 -39.6551713347435 76.4999985694885
      endloop
   endfacet
   facet normal 0 0 -1
      outer loop
         vertex -1.75713794305921 -39.6551713347435 76.4999985694885
         vertex 1.69113790616393 -39.6551713347435 76.4999985694885
         vertex -1.75713794305921 -43.1034490466118 76.4999985694885
      endloop
   endfacet
   facet normal 0 0 -1
      outer loop
         vertex -1.75713794305921 -43.1034490466118 76.4999985694885
         vertex 1.69113790616393 -39.6551713347435 76.4999985694885
         vertex 1.69113790616393 -43.1034490466118 76.4999985694885
      endloop
   endfacet
   facet normal 0 0 -1
      outer loop
         vertex -1.75713794305921 -43.1034490466118 76.4999985694885
         vertex 1.69113790616393 -43.1034490466118 76.4999985694885
         vertex -1.75713794305921 -46.5517230331898 76.4999985694885
      endloop
   endfacet
   facet normal 0 0 -1
      outer loop
         vertex -1.75713794305921 -46.5517230331898 76.4999985694885
         vertex 1.69113790616393 -43.1034490466118 76.4999985694885
         vertex 1.69113790616393 -46.5517230331898 76.4999985694885
      endloop
   endfacet
   facet normal 0 0 -1
      outer loop
         vertex -1.75713794305921 -46.5517230331898 76.4999985694885
         vertex 1.69113790616393 -46.5517230331898 76.4999985694885
         vertex -1.27953453920782 -49.9844588339329 76.4999985694885
      endloop
   endfacet
   facet normal 0 0 -1
      outer loop
         vertex -1.27953453920782 -49.9844588339329 76.4999985694885
         vertex 1.69113790616393 -46.5517230331898 76.4999985694885
         vertex 3.70350456796587 -49.8601906001568 76.4999985694885
      endloop
   endfacet
   facet normal 0 0 -1
      outer loop
         vertex -5.20541379228234 -25.8620698004961 76.4999985694885
         vertex -1.75713794305921 -25.8620698004961 76.4999985694885
         vertex -5.20541379228234 -29.3103456497192 76.4999985694885
      endloop
   endfacet
   facet normal 0 0 -1
      outer loop
         vertex -5.20541379228234 -29.3103456497192 76.4999985694885
         vertex -1.75713794305921 -25.8620698004961 76.4999985694885
         vertex -1.75713794305921 -29.3103456497192 76.4999985694885
      endloop
   endfacet
   facet normal 0 0 -1
      outer loop
         vertex -5.20541379228234 -29.3103456497192 76.4999985694885
         vertex -1.75713794305921 -29.3103456497192 76.4999985694885
         vertex -5.20541379228234 -32.7586196362972 76.4999985694885
      endloop
   endfacet
   facet normal 0 0 -1
      outer loop
         vertex -5.20541379228234 -32.7586196362972 76.4999985694885
         vertex -1.75713794305921 -29.3103456497192 76.4999985694885
         vertex -1.75713794305921 -32.7586196362972 76.4999985694885
      endloop
   endfacet
   facet normal 0 0 -1
      outer loop
         vertex -5.20541379228234 -32.7586196362972 76.4999985694885
         vertex -1.75713794305921 -32.7586196362972 76.4999985694885
         vertex -5.20541379228234 -36.2068973481655 76.4999985694885
      endloop
   endfacet
   facet normal 0 0 -1
      outer loop
         vertex -5.20541379228234 -36.2068973481655 76.4999985694885
         vertex -1.75713794305921 -32.7586196362972 76.4999985694885
         vertex -1.75713794305921 -36.2068973481655 76.4999985694885
      endloop
   endfacet
   facet normal 0 0 -1
      outer loop
         vertex -5.20541379228234 -36.2068973481655 76.4999985694885
         vertex -1.75713794305921 -36.2068973481655 76.4999985694885
         vertex -5.20541379228234 -39.6551713347435 76.4999985694885
      endloop
   endfacet
   facet normal 0 0 -1
      outer loop
         vertex -5.20541379228234 -39.6551713347435 76.4999985694885
         vertex -1.75713794305921 -36.2068973481655 76.4999985694885
         vertex -1.75713794305921 -39.6551713347435 76.4999985694885
      endloop
   endfacet
   facet normal 0 0 -1
      outer loop
         vertex -5.20541379228234 -39.6551713347435 76.4999985694885
         vertex -1.75713794305921 -39.6551713347435 76.4999985694885
         vertex -5.20541379228234 -43.1034490466118 76.4999985694885
      endloop
   endfacet
   facet normal 0 0 -1
      outer loop
         vertex -5.20541379228234 -43.1034490466118 76.4999985694885
         vertex -1.75713794305921 -39.6551713347435 76.4999985694885
         vertex -1.75713794305921 -43.1034490466118 76.4999985694885
      endloop
   endfacet
   facet normal 0 0 -1
      outer loop
         vertex -5.20541379228234 -43.1034490466118 76.4999985694885
         vertex -1.75713794305921 -43.1034490466118 76.4999985694885
         vertex -5.20541379228234 -46.5517230331898 76.4999985694885
      endloop
   endfacet
   facet normal 0 0 -1
      outer loop
         vertex -5.20541379228234 -46.5517230331898 76.4999985694885
         vertex -1.75713794305921 -43.1034490466118 76.4999985694885
         vertex -1.75713794305921 -46.5517230331898 76.4999985694885
      endloop
   endfacet
   facet normal 0 0 -1
      outer loop
         vertex -5.20541379228234 -46.5517230331898 76.4999985694885
         vertex -1.75713794305921 -46.5517230331898 76.4999985694885
         vertex -1.27953453920782 -49.9844588339329 76.4999985694885
      endloop
   endfacet
   facet normal 0 0 -1
      outer loop
         vertex -8.65369010716677 -25.8620698004961 76.4999985694885
         vertex -5.20541379228234 -25.8620698004961 76.4999985694885
         vertex -8.65369010716677 -29.3103456497192 76.4999985694885
      endloop
   endfacet
   facet normal 0 0 -1
      outer loop
         vertex -8.65369010716677 -29.3103456497192 76.4999985694885
         vertex -5.20541379228234 -25.8620698004961 76.4999985694885
         vertex -5.20541379228234 -29.3103456497192 76.4999985694885
      endloop
   endfacet
   facet normal 0 0 -1
      outer loop
         vertex -8.65369010716677 -29.3103456497192 76.4999985694885
         vertex -5.20541379228234 -29.3103456497192 76.4999985694885
         vertex -8.65369010716677 -32.7586196362972 76.4999985694885
      endloop
   endfacet
   facet normal 0 0 -1
      outer loop
         vertex -8.65369010716677 -32.7586196362972 76.4999985694885
         vertex -5.20541379228234 -29.3103456497192 76.4999985694885
         vertex -5.20541379228234 -32.7586196362972 76.4999985694885
      endloop
   endfacet
   facet normal 0 0 -1
      outer loop
         vertex -8.65369010716677 -32.7586196362972 76.4999985694885
         vertex -5.20541379228234 -32.7586196362972 76.4999985694885
         vertex -8.65369010716677 -36.2068973481655 76.4999985694885
      endloop
   endfacet
   facet normal 0 0 -1
      outer loop
         vertex -8.65369010716677 -36.2068973481655 76.4999985694885
         vertex -5.20541379228234 -32.7586196362972 76.4999985694885
         vertex -5.20541379228234 -36.2068973481655 76.4999985694885
      endloop
   endfacet
   facet normal 0 0 -1
      outer loop
         vertex -8.65369010716677 -36.2068973481655 76.4999985694885
         vertex -5.20541379228234 -36.2068973481655 76.4999985694885
         vertex -8.65369010716677 -39.6551713347435 76.4999985694885
      endloop
   endfacet
   facet normal 0 0 -1
      outer loop
         vertex -8.65369010716677 -39.6551713347435 76.4999985694885
         vertex -5.20541379228234 -36.2068973481655 76.4999985694885
         vertex -5.20541379228234 -39.6551713347435 76.4999985694885
      endloop
   endfacet
   facet normal 0 0 -1
      outer loop
         vertex -8.65369010716677 -39.6551713347435 76.4999985694885
         vertex -5.20541379228234 -39.6551713347435 76.4999985694885
         vertex -8.65369010716677 -43.1034490466118 76.4999985694885
      endloop
   endfacet
   facet normal 0 0 -1
      outer loop
         vertex -8.65369010716677 -43.1034490466118 76.4999985694885
         vertex -5.20541379228234 -39.6551713347435 76.4999985694885
         vertex -5.20541379228234 -43.1034490466118 76.4999985694885
      endloop
   endfacet
   facet normal 0 0 -1
      outer loop
         vertex -8.65369010716677 -43.1034490466118 76.4999985694885
         vertex -5.20541379228234 -43.1034490466118 76.4999985694885
         vertex -8.65369010716677 -46.5517230331898 76.4999985694885
      endloop
   endfacet
   facet normal 0 0 -1
      outer loop
         vertex -8.65369010716677 -46.5517230331898 76.4999985694885
         vertex -5.20541379228234 -43.1034490466118 76.4999985694885
         vertex -5.20541379228234 -46.5517230331898 76.4999985694885
      endloop
   endfacet
   facet normal 0 0 -1
      outer loop
         vertex -8.65369010716677 -46.5517230331898 76.4999985694885
         vertex -5.20541379228234 -46.5517230331898 76.4999985694885
         vertex -6.25018542632461 -49.6119596064091 76.4999985694885
      endloop
   endfacet
   facet normal 0 0 -1
      outer loop
         vertex -6.25018542632461 -49.6119596064091 76.4999985694885
         vertex -5.20541379228234 -46.5517230331898 76.4999985694885
         vertex -1.27953453920782 -49.9844588339329 76.4999985694885
      endloop
   endfacet
   facet normal 0 0 -1
      outer loop
         vertex -12.1019659563899 -25.8620698004961 76.4999985694885
         vertex -8.65369010716677 -25.8620698004961 76.4999985694885
         vertex -12.1019659563899 -29.3103456497192 76.4999985694885
      endloop
   endfacet
   facet normal 0 0 -1
      outer loop
         vertex -12.1019659563899 -29.3103456497192 76.4999985694885
         vertex -8.65369010716677 -25.8620698004961 76.4999985694885
         vertex -8.65369010716677 -29.3103456497192 76.4999985694885
      endloop
   endfacet
   facet normal 0 0 -1
      outer loop
         vertex -12.1019659563899 -29.3103456497192 76.4999985694885
         vertex -8.65369010716677 -29.3103456497192 76.4999985694885
         vertex -12.1019659563899 -32.7586196362972 76.4999985694885
      endloop
   endfacet
   facet normal 0 0 -1
      outer loop
         vertex -12.1019659563899 -32.7586196362972 76.4999985694885
         vertex -8.65369010716677 -29.3103456497192 76.4999985694885
         vertex -8.65369010716677 -32.7586196362972 76.4999985694885
      endloop
   endfacet
   facet normal 0 0 -1
      outer loop
         vertex -12.1019659563899 -32.7586196362972 76.4999985694885
         vertex -8.65369010716677 -32.7586196362972 76.4999985694885
         vertex -12.1019659563899 -36.2068973481655 76.4999985694885
      endloop
   endfacet
   facet normal 0 0 -1
      outer loop
         vertex -12.1019659563899 -36.2068973481655 76.4999985694885
         vertex -8.65369010716677 -32.7586196362972 76.4999985694885
         vertex -8.65369010716677 -36.2068973481655 76.4999985694885
      endloop
   endfacet
   facet normal 0 0 -1
      outer loop
         vertex -12.1019659563899 -36.2068973481655 76.4999985694885
         vertex -8.65369010716677 -36.2068973481655 76.4999985694885
         vertex -12.1019659563899 -39.6551713347435 76.4999985694885
      endloop
   endfacet
   facet normal 0 0 -1
      outer loop
         vertex -12.1019659563899 -39.6551713347435 76.4999985694885
         vertex -8.65369010716677 -36.2068973481655 76.4999985694885
         vertex -8.65369010716677 -39.6551713347435 76.4999985694885
      endloop
   endfacet
   facet normal 0 0 -1
      outer loop
         vertex -12.1019659563899 -39.6551713347435 76.4999985694885
         vertex -8.65369010716677 -39.6551713347435 76.4999985694885
         vertex -12.1019659563899 -43.1034490466118 76.4999985694885
      endloop
   endfacet
   facet normal 0 0 -1
      outer loop
         vertex -12.1019659563899 -43.1034490466118 76.4999985694885
         vertex -8.65369010716677 -39.6551713347435 76.4999985694885
         vertex -8.65369010716677 -43.1034490466118 76.4999985694885
      endloop
   endfacet
   facet normal 0 0 -1
      outer loop
         vertex -12.1019659563899 -43.1034490466118 76.4999985694885
         vertex -8.65369010716677 -43.1034490466118 76.4999985694885
         vertex -12.1019659563899 -46.5517230331898 76.4999985694885
      endloop
   endfacet
   facet normal 0 0 -1
      outer loop
         vertex -12.1019659563899 -46.5517230331898 76.4999985694885
         vertex -8.65369010716677 -43.1034490466118 76.4999985694885
         vertex -8.65369010716677 -46.5517230331898 76.4999985694885
      endloop
   endfacet
   facet normal 0 0 -1
      outer loop
         vertex -12.1019659563899 -46.5517230331898 76.4999985694885
         vertex -8.65369010716677 -46.5517230331898 76.4999985694885
         vertex -11.1590465530753 -48.746395856142 76.4999985694885
      endloop
   endfacet
   facet normal 0 0 -1
      outer loop
         vertex -11.1590465530753 -48.746395856142 76.4999985694885
         vertex -8.65369010716677 -46.5517230331898 76.4999985694885
         vertex -6.25018542632461 -49.6119596064091 76.4999985694885
      endloop
   endfacet
   facet normal 0 0 -1
      outer loop
         vertex -15.550241805613 -25.8620698004961 76.4999985694885
         vertex -12.1019659563899 -25.8620698004961 76.4999985694885
         vertex -15.550241805613 -29.3103456497192 76.4999985694885
      endloop
   endfacet
   facet normal 0 0 -1
      outer loop
         vertex -15.550241805613 -29.3103456497192 76.4999985694885
         vertex -12.1019659563899 -25.8620698004961 76.4999985694885
         vertex -12.1019659563899 -29.3103456497192 76.4999985694885
      endloop
   endfacet
   facet normal 0 0 -1
      outer loop
         vertex -15.550241805613 -29.3103456497192 76.4999985694885
         vertex -12.1019659563899 -29.3103456497192 76.4999985694885
         vertex -15.550241805613 -32.7586196362972 76.4999985694885
      endloop
   endfacet
   facet normal 0 0 -1
      outer loop
         vertex -15.550241805613 -32.7586196362972 76.4999985694885
         vertex -12.1019659563899 -29.3103456497192 76.4999985694885
         vertex -12.1019659563899 -32.7586196362972 76.4999985694885
      endloop
   endfacet
   facet normal 0 0 -1
      outer loop
         vertex -15.550241805613 -32.7586196362972 76.4999985694885
         vertex -12.1019659563899 -32.7586196362972 76.4999985694885
         vertex -15.550241805613 -36.2068973481655 76.4999985694885
      endloop
   endfacet
   facet normal 0 0 -1
      outer loop
         vertex -15.550241805613 -36.2068973481655 76.4999985694885
         vertex -12.1019659563899 -32.7586196362972 76.4999985694885
         vertex -12.1019659563899 -36.2068973481655 76.4999985694885
      endloop
   endfacet
   facet normal 0 0 -1
      outer loop
         vertex -15.550241805613 -36.2068973481655 76.4999985694885
         vertex -12.1019659563899 -36.2068973481655 76.4999985694885
         vertex -15.550241805613 -39.6551713347435 76.4999985694885
      endloop
   endfacet
   facet normal 0 0 -1
      outer loop
         vertex -15.550241805613 -39.6551713347435 76.4999985694885
         vertex -12.1019659563899 -36.2068973481655 76.4999985694885
         vertex -12.1019659563899 -39.6551713347435 76.4999985694885
      endloop
   endfacet
   facet normal 0 0 -1
      outer loop
         vertex -15.550241805613 -39.6551713347435 76.4999985694885
         vertex -12.1019659563899 -39.6551713347435 76.4999985694885
         vertex -15.550241805613 -43.1034490466118 76.4999985694885
      endloop
   endfacet
   facet normal 0 0 -1
      outer loop
         vertex -15.550241805613 -43.1034490466118 76.4999985694885
         vertex -12.1019659563899 -39.6551713347435 76.4999985694885
         vertex -12.1019659563899 -43.1034490466118 76.4999985694885
      endloop
   endfacet
   facet normal 0 0 -1
      outer loop
         vertex -15.550241805613 -43.1034490466118 76.4999985694885
         vertex -12.1019659563899 -43.1034490466118 76.4999985694885
         vertex -15.550241805613 -46.5517230331898 76.4999985694885
      endloop
   endfacet
   facet normal 0 0 -1
      outer loop
         vertex -15.550241805613 -46.5517230331898 76.4999985694885
         vertex -12.1019659563899 -43.1034490466118 76.4999985694885
         vertex -12.1019659563899 -46.5517230331898 76.4999985694885
      endloop
   endfacet
   facet normal 0 0 -1
      outer loop
         vertex -15.550241805613 -46.5517230331898 76.4999985694885
         vertex -12.1019659563899 -46.5517230331898 76.4999985694885
         vertex -15.9573331475258 -47.3963655531406 76.4999985694885
      endloop
   endfacet
   facet normal 0 0 -1
      outer loop
         vertex -15.9573331475258 -47.3963655531406 76.4999985694885
         vertex -12.1019659563899 -46.5517230331898 76.4999985694885
         vertex -11.1590465530753 -48.746395856142 76.4999985694885
      endloop
   endfacet
   facet normal 0 0 -1
      outer loop
         vertex -18.9985167235136 -25.8620698004961 76.4999985694885
         vertex -15.550241805613 -25.8620698004961 76.4999985694885
         vertex -18.9985167235136 -29.3103456497192 76.4999985694885
      endloop
   endfacet
   facet normal 0 0 -1
      outer loop
         vertex -18.9985167235136 -29.3103456497192 76.4999985694885
         vertex -15.550241805613 -25.8620698004961 76.4999985694885
         vertex -15.550241805613 -29.3103456497192 76.4999985694885
      endloop
   endfacet
   facet normal 0 0 -1
      outer loop
         vertex -18.9985167235136 -29.3103456497192 76.4999985694885
         vertex -15.550241805613 -29.3103456497192 76.4999985694885
         vertex -18.9985167235136 -32.7586196362972 76.4999985694885
      endloop
   endfacet
   facet normal 0 0 -1
      outer loop
         vertex -18.9985167235136 -32.7586196362972 76.4999985694885
         vertex -15.550241805613 -29.3103456497192 76.4999985694885
         vertex -15.550241805613 -32.7586196362972 76.4999985694885
      endloop
   endfacet
   facet normal 0 0 -1
      outer loop
         vertex -18.9985167235136 -32.7586196362972 76.4999985694885
         vertex -15.550241805613 -32.7586196362972 76.4999985694885
         vertex -18.9985167235136 -36.2068973481655 76.4999985694885
      endloop
   endfacet
   facet normal 0 0 -1
      outer loop
         vertex -18.9985167235136 -36.2068973481655 76.4999985694885
         vertex -15.550241805613 -32.7586196362972 76.4999985694885
         vertex -15.550241805613 -36.2068973481655 76.4999985694885
      endloop
   endfacet
   facet normal 0 0 -1
      outer loop
         vertex -18.9985167235136 -36.2068973481655 76.4999985694885
         vertex -15.550241805613 -36.2068973481655 76.4999985694885
         vertex -18.9985167235136 -39.6551713347435 76.4999985694885
      endloop
   endfacet
   facet normal 0 0 -1
      outer loop
         vertex -18.9985167235136 -39.6551713347435 76.4999985694885
         vertex -15.550241805613 -36.2068973481655 76.4999985694885
         vertex -15.550241805613 -39.6551713347435 76.4999985694885
      endloop
   endfacet
   facet normal 0 0 -1
      outer loop
         vertex -18.9985167235136 -39.6551713347435 76.4999985694885
         vertex -15.550241805613 -39.6551713347435 76.4999985694885
         vertex -18.9985167235136 -43.1034490466118 76.4999985694885
      endloop
   endfacet
   facet normal 0 0 -1
      outer loop
         vertex -18.9985167235136 -43.1034490466118 76.4999985694885
         vertex -15.550241805613 -39.6551713347435 76.4999985694885
         vertex -15.550241805613 -43.1034490466118 76.4999985694885
      endloop
   endfacet
   facet normal 0 0 -1
      outer loop
         vertex -18.9985167235136 -43.1034490466118 76.4999985694885
         vertex -15.550241805613 -43.1034490466118 76.4999985694885
         vertex -15.550241805613 -46.5517230331898 76.4999985694885
      endloop
   endfacet
   facet normal 0 0 -1
      outer loop
         vertex -22.4467925727367 -25.8620698004961 76.4999985694885
         vertex -18.9985167235136 -25.8620698004961 76.4999985694885
         vertex -22.4467925727367 -29.3103456497192 76.4999985694885
      endloop
   endfacet
   facet normal 0 0 -1
      outer loop
         vertex -22.4467925727367 -29.3103456497192 76.4999985694885
         vertex -18.9985167235136 -25.8620698004961 76.4999985694885
         vertex -18.9985167235136 -29.3103456497192 76.4999985694885
      endloop
   endfacet
   facet normal 0 0 -1
      outer loop
         vertex -22.4467925727367 -29.3103456497192 76.4999985694885
         vertex -18.9985167235136 -29.3103456497192 76.4999985694885
         vertex -22.4467925727367 -32.7586196362972 76.4999985694885
      endloop
   endfacet
   facet normal 0 0 -1
      outer loop
         vertex -22.4467925727367 -32.7586196362972 76.4999985694885
         vertex -18.9985167235136 -29.3103456497192 76.4999985694885
         vertex -18.9985167235136 -32.7586196362972 76.4999985694885
      endloop
   endfacet
   facet normal 0 0 -1
      outer loop
         vertex -22.4467925727367 -32.7586196362972 76.4999985694885
         vertex -18.9985167235136 -32.7586196362972 76.4999985694885
         vertex -22.4467925727367 -36.2068973481655 76.4999985694885
      endloop
   endfacet
   facet normal 0 0 -1
      outer loop
         vertex -22.4467925727367 -36.2068973481655 76.4999985694885
         vertex -18.9985167235136 -32.7586196362972 76.4999985694885
         vertex -18.9985167235136 -36.2068973481655 76.4999985694885
      endloop
   endfacet
   facet normal 0 0 -1
      outer loop
         vertex -22.4467925727367 -36.2068973481655 76.4999985694885
         vertex -18.9985167235136 -36.2068973481655 76.4999985694885
         vertex -22.4467925727367 -39.6551713347435 76.4999985694885
      endloop
   endfacet
   facet normal 0 0 -1
      outer loop
         vertex -22.4467925727367 -39.6551713347435 76.4999985694885
         vertex -18.9985167235136 -36.2068973481655 76.4999985694885
         vertex -18.9985167235136 -39.6551713347435 76.4999985694885
      endloop
   endfacet
   facet normal 0 0 -1
      outer loop
         vertex -22.4467925727367 -39.6551713347435 76.4999985694885
         vertex -18.9985167235136 -39.6551713347435 76.4999985694885
         vertex -22.4467925727367 -43.1034490466118 76.4999985694885
      endloop
   endfacet
   facet normal 0 0 -1
      outer loop
         vertex -22.4467925727367 -43.1034490466118 76.4999985694885
         vertex -18.9985167235136 -39.6551713347435 76.4999985694885
         vertex -18.9985167235136 -43.1034490466118 76.4999985694885
      endloop
   endfacet
   facet normal 0 0 -1
      outer loop
         vertex -22.4467925727367 -43.1034490466118 76.4999985694885
         vertex -18.9985167235136 -43.1034490466118 76.4999985694885
         vertex -20.597355440259 -45.5752909183502 76.4999985694885
      endloop
   endfacet
   facet normal 0 0 -1
      outer loop
         vertex -20.597355440259 -45.5752909183502 76.4999985694885
         vertex -18.9985167235136 -43.1034490466118 76.4999985694885
         vertex -15.550241805613 -46.5517230331898 76.4999985694885
      endloop
   endfacet
   facet normal 0 0 -1
      outer loop
         vertex -20.597355440259 -45.5752909183502 76.4999985694885
         vertex -15.550241805613 -46.5517230331898 76.4999985694885
         vertex -15.9573331475258 -47.3963655531406 76.4999985694885
      endloop
   endfacet
   facet normal 0 0 -1
      outer loop
         vertex -25.8950684219599 -25.8620698004961 76.4999985694885
         vertex -22.4467925727367 -25.8620698004961 76.4999985694885
         vertex -25.8950684219599 -29.3103456497192 76.4999985694885
      endloop
   endfacet
   facet normal 0 0 -1
      outer loop
         vertex -25.8950684219599 -29.3103456497192 76.4999985694885
         vertex -22.4467925727367 -25.8620698004961 76.4999985694885
         vertex -22.4467925727367 -29.3103456497192 76.4999985694885
      endloop
   endfacet
   facet normal 0 0 -1
      outer loop
         vertex -25.8950684219599 -29.3103456497192 76.4999985694885
         vertex -22.4467925727367 -29.3103456497192 76.4999985694885
         vertex -25.8950684219599 -32.7586196362972 76.4999985694885
      endloop
   endfacet
   facet normal 0 0 -1
      outer loop
         vertex -25.8950684219599 -32.7586196362972 76.4999985694885
         vertex -22.4467925727367 -29.3103456497192 76.4999985694885
         vertex -22.4467925727367 -32.7586196362972 76.4999985694885
      endloop
   endfacet
   facet normal 0 0 -1
      outer loop
         vertex -25.8950684219599 -32.7586196362972 76.4999985694885
         vertex -22.4467925727367 -32.7586196362972 76.4999985694885
         vertex -25.8950684219599 -36.2068973481655 76.4999985694885
      endloop
   endfacet
   facet normal 0 0 -1
      outer loop
         vertex -25.8950684219599 -36.2068973481655 76.4999985694885
         vertex -22.4467925727367 -32.7586196362972 76.4999985694885
         vertex -22.4467925727367 -36.2068973481655 76.4999985694885
      endloop
   endfacet
   facet normal 0 0 -1
      outer loop
         vertex -25.8950684219599 -36.2068973481655 76.4999985694885
         vertex -22.4467925727367 -36.2068973481655 76.4999985694885
         vertex -25.8950684219599 -39.6551713347435 76.4999985694885
      endloop
   endfacet
   facet normal 0 0 -1
      outer loop
         vertex -25.8950684219599 -39.6551713347435 76.4999985694885
         vertex -22.4467925727367 -36.2068973481655 76.4999985694885
         vertex -22.4467925727367 -39.6551713347435 76.4999985694885
      endloop
   endfacet
   facet normal 0 0 -1
      outer loop
         vertex -25.8950684219599 -39.6551713347435 76.4999985694885
         vertex -22.4467925727367 -39.6551713347435 76.4999985694885
         vertex -25.033000856638 -43.3012694120407 76.4999985694885
      endloop
   endfacet
   facet normal 0 0 -1
      outer loop
         vertex -25.033000856638 -43.3012694120407 76.4999985694885
         vertex -22.4467925727367 -39.6551713347435 76.4999985694885
         vertex -22.4467925727367 -43.1034490466118 76.4999985694885
      endloop
   endfacet
   facet normal 0 0 -1
      outer loop
         vertex -25.033000856638 -43.3012694120407 76.4999985694885
         vertex -22.4467925727367 -43.1034490466118 76.4999985694885
         vertex -20.597355440259 -45.5752909183502 76.4999985694885
      endloop
   endfacet
   facet normal 0 0 -1
      outer loop
         vertex -29.343344271183 -25.8620698004961 76.4999985694885
         vertex -25.8950684219599 -25.8620698004961 76.4999985694885
         vertex -29.343344271183 -29.3103456497192 76.4999985694885
      endloop
   endfacet
   facet normal 0 0 -1
      outer loop
         vertex -29.343344271183 -29.3103456497192 76.4999985694885
         vertex -25.8950684219599 -25.8620698004961 76.4999985694885
         vertex -25.8950684219599 -29.3103456497192 76.4999985694885
      endloop
   endfacet
   facet normal 0 0 -1
      outer loop
         vertex -29.343344271183 -29.3103456497192 76.4999985694885
         vertex -25.8950684219599 -29.3103456497192 76.4999985694885
         vertex -29.343344271183 -32.7586196362972 76.4999985694885
      endloop
   endfacet
   facet normal 0 0 -1
      outer loop
         vertex -29.343344271183 -32.7586196362972 76.4999985694885
         vertex -25.8950684219599 -29.3103456497192 76.4999985694885
         vertex -25.8950684219599 -32.7586196362972 76.4999985694885
      endloop
   endfacet
   facet normal 0 0 -1
      outer loop
         vertex -29.343344271183 -32.7586196362972 76.4999985694885
         vertex -25.8950684219599 -32.7586196362972 76.4999985694885
         vertex -29.343344271183 -36.2068973481655 76.4999985694885
      endloop
   endfacet
   facet normal 0 0 -1
      outer loop
         vertex -29.343344271183 -36.2068973481655 76.4999985694885
         vertex -25.8950684219599 -32.7586196362972 76.4999985694885
         vertex -25.8950684219599 -36.2068973481655 76.4999985694885
      endloop
   endfacet
   facet normal 0 0 -1
      outer loop
         vertex -29.343344271183 -36.2068973481655 76.4999985694885
         vertex -25.8950684219599 -36.2068973481655 76.4999985694885
         vertex -29.343344271183 -39.6551713347435 76.4999985694885
      endloop
   endfacet
   facet normal 0 0 -1
      outer loop
         vertex -29.343344271183 -39.6551713347435 76.4999985694885
         vertex -25.8950684219599 -36.2068973481655 76.4999985694885
         vertex -25.8950684219599 -39.6551713347435 76.4999985694885
      endloop
   endfacet
   facet normal 0 0 -1
      outer loop
         vertex -29.343344271183 -39.6551713347435 76.4999985694885
         vertex -25.8950684219599 -39.6551713347435 76.4999985694885
         vertex -29.2201843112707 -40.5968986451626 76.4999985694885
      endloop
   endfacet
   facet normal 0 0 -1
      outer loop
         vertex -29.2201843112707 -40.5968986451626 76.4999985694885
         vertex -25.8950684219599 -39.6551713347435 76.4999985694885
         vertex -25.033000856638 -43.3012694120407 76.4999985694885
      endloop
   endfacet
   facet normal 0 0 -1
      outer loop
         vertex -32.7916219830513 -25.8620698004961 76.4999985694885
         vertex -29.343344271183 -25.8620698004961 76.4999985694885
         vertex -32.7916219830513 -29.3103456497192 76.4999985694885
      endloop
   endfacet
   facet normal 0 0 -1
      outer loop
         vertex -32.7916219830513 -29.3103456497192 76.4999985694885
         vertex -29.343344271183 -25.8620698004961 76.4999985694885
         vertex -29.343344271183 -29.3103456497192 76.4999985694885
      endloop
   endfacet
   facet normal 0 0 -1
      outer loop
         vertex -32.7916219830513 -29.3103456497192 76.4999985694885
         vertex -29.343344271183 -29.3103456497192 76.4999985694885
         vertex -32.7916219830513 -32.7586196362972 76.4999985694885
      endloop
   endfacet
   facet normal 0 0 -1
      outer loop
         vertex -32.7916219830513 -32.7586196362972 76.4999985694885
         vertex -29.343344271183 -29.3103456497192 76.4999985694885
         vertex -29.343344271183 -32.7586196362972 76.4999985694885
      endloop
   endfacet
   facet normal 0 0 -1
      outer loop
         vertex -32.7916219830513 -32.7586196362972 76.4999985694885
         vertex -29.343344271183 -32.7586196362972 76.4999985694885
         vertex -32.7916219830513 -36.2068973481655 76.4999985694885
      endloop
   endfacet
   facet normal 0 0 -1
      outer loop
         vertex -32.7916219830513 -36.2068973481655 76.4999985694885
         vertex -29.343344271183 -32.7586196362972 76.4999985694885
         vertex -29.343344271183 -36.2068973481655 76.4999985694885
      endloop
   endfacet
   facet normal 0 0 -1
      outer loop
         vertex -32.7916219830513 -36.2068973481655 76.4999985694885
         vertex -29.343344271183 -36.2068973481655 76.4999985694885
         vertex -33.1172905862331 -37.4890603125095 76.4999985694885
      endloop
   endfacet
   facet normal 0 0 -1
      outer loop
         vertex -33.1172905862331 -37.4890603125095 76.4999985694885
         vertex -29.343344271183 -36.2068973481655 76.4999985694885
         vertex -29.343344271183 -39.6551713347435 76.4999985694885
      endloop
   endfacet
   facet normal 0 0 -1
      outer loop
         vertex -33.1172905862331 -37.4890603125095 76.4999985694885
         vertex -29.343344271183 -39.6551713347435 76.4999985694885
         vertex -29.2201843112707 -40.5968986451626 76.4999985694885
      endloop
   endfacet
   facet normal 0 0 -1
      outer loop
         vertex -36.2398959696293 -25.8620698004961 76.4999985694885
         vertex -32.7916219830513 -25.8620698004961 76.4999985694885
         vertex -36.2398959696293 -29.3103456497192 76.4999985694885
      endloop
   endfacet
   facet normal 0 0 -1
      outer loop
         vertex -36.2398959696293 -29.3103456497192 76.4999985694885
         vertex -32.7916219830513 -25.8620698004961 76.4999985694885
         vertex -32.7916219830513 -29.3103456497192 76.4999985694885
      endloop
   endfacet
   facet normal 0 0 -1
      outer loop
         vertex -36.2398959696293 -29.3103456497192 76.4999985694885
         vertex -32.7916219830513 -29.3103456497192 76.4999985694885
         vertex -36.2398959696293 -32.7586196362972 76.4999985694885
      endloop
   endfacet
   facet normal 0 0 -1
      outer loop
         vertex -36.2398959696293 -32.7586196362972 76.4999985694885
         vertex -32.7916219830513 -29.3103456497192 76.4999985694885
         vertex -32.7916219830513 -32.7586196362972 76.4999985694885
      endloop
   endfacet
   facet normal 0 0 -1
      outer loop
         vertex -36.2398959696293 -32.7586196362972 76.4999985694885
         vertex -32.7916219830513 -32.7586196362972 76.4999985694885
         vertex -36.6855934262276 -34.0086370706558 76.4999985694885
      endloop
   endfacet
   facet normal 0 0 -1
      outer loop
         vertex -36.6855934262276 -34.0086370706558 76.4999985694885
         vertex -32.7916219830513 -32.7586196362972 76.4999985694885
         vertex -32.7916219830513 -36.2068973481655 76.4999985694885
      endloop
   endfacet
   facet normal 0 0 -1
      outer loop
         vertex -36.6855934262276 -34.0086370706558 76.4999985694885
         vertex -32.7916219830513 -36.2068973481655 76.4999985694885
         vertex -33.1172905862331 -37.4890603125095 76.4999985694885
      endloop
   endfacet
   facet normal 0 0 -1
      outer loop
         vertex 39.6221727132797 -29.3103456497192 76.4999985694885
         vertex 39.6221727132797 -25.8620698004961 76.4999985694885
         vertex 41.2789396941662 -28.1660035252571 76.4999985694885
      endloop
   endfacet
   facet normal 0 0 -1
      outer loop
         vertex 41.2789396941662 -28.1660035252571 76.4999985694885
         vertex 39.6221727132797 -25.8620698004961 76.4999985694885
         vertex 43.8780784606934 -23.9126980304718 76.4999985694885
      endloop
   endfacet
   facet normal 0 0 -1
      outer loop
         vertex -39.8896262049675 -30.1902201026678 76.4999985694885
         vertex -39.6881736814976 -29.3103456497192 76.4999985694885
         vertex -36.2398959696293 -29.3103456497192 76.4999985694885
      endloop
   endfacet
   facet normal 0 0 -1
      outer loop
         vertex -36.2398959696293 -29.3103456497192 76.4999985694885
         vertex -39.6881736814976 -29.3103456497192 76.4999985694885
         vertex -36.2398959696293 -25.8620698004961 76.4999985694885
      endloop
   endfacet
   facet normal 0 0 -1
      outer loop
         vertex 36.1738950014114 -32.7586196362972 76.4999985694885
         vertex 36.1738950014114 -29.3103456497192 76.4999985694885
         vertex 38.2692217826843 -32.1393795311451 76.4999985694885
      endloop
   endfacet
   facet normal 0 0 -1
      outer loop
         vertex -36.6855934262276 -34.0086370706558 76.4999985694885
         vertex -39.8896262049675 -30.1902201026678 76.4999985694885
         vertex -36.2398959696293 -32.7586196362972 76.4999985694885
      endloop
   endfacet
   facet normal 0 0 -1
      outer loop
         vertex -36.2398959696293 -32.7586196362972 76.4999985694885
         vertex -39.8896262049675 -30.1902201026678 76.4999985694885
         vertex -36.2398959696293 -29.3103456497192 76.4999985694885
      endloop
   endfacet
   facet normal 0 0 -1
      outer loop
         vertex 32.7256210148335 -36.2068973481655 76.4999985694885
         vertex 32.7256210148335 -32.7586196362972 76.4999985694885
         vertex 34.8788425326347 -35.7933416962624 76.4999985694885
      endloop
   endfacet
   facet normal 0 0 -1
      outer loop
         vertex 29.2773451656103 -39.6551713347435 76.4999985694885
         vertex 29.2773451656103 -36.2068973481655 76.4999985694885
         vertex 31.1414897441864 -39.0915758907795 76.4999985694885
      endloop
   endfacet
   facet normal 0 0 -1
      outer loop
         vertex 15.4842417687178 -46.5517230331898 76.4999985694885
         vertex 15.4842417687178 -43.1034490466118 76.4999985694885
         vertex 18.2340517640114 -46.543687582016 76.4999985694885
      endloop
   endfacet
   facet normal 0 0 -1
      outer loop
         vertex 43.0704466998577 -18.9655181020498 76.4999985694885
         vertex 46.518724411726 -15.5172413215041 76.4999985694885
         vertex 46.0408106446266 -19.4217395037413 76.4999985694885
      endloop
   endfacet
   facet normal 0 0 -1
      outer loop
         vertex 46.0408106446266 -19.4217395037413 76.4999985694885
         vertex 46.518724411726 -15.5172413215041 76.4999985694885
         vertex 47.7456413209438 -14.7377587854862 76.4999985694885
      endloop
   endfacet
   facet normal 0 0 -1
      outer loop
         vertex -39.6881736814976 8.62068962305784 76.4999985694885
         vertex -39.6881736814976 5.17241377383471 76.4999985694885
         vertex -43.1364476680756 5.17241377383471 76.4999985694885
      endloop
   endfacet
   facet normal 0 0 -1
      outer loop
         vertex -43.1364476680756 5.17241377383471 76.4999985694885
         vertex -39.6881736814976 5.17241377383471 76.4999985694885
         vertex -43.1364476680756 1.72413792461157 76.4999985694885
      endloop
   endfacet
   facet normal 0 0 -1
      outer loop
         vertex -29.343344271183 5.17241377383471 76.4999985694885
         vertex -32.7916219830513 5.17241377383471 76.4999985694885
         vertex -29.343344271183 8.62068962305784 76.4999985694885
      endloop
   endfacet
   facet normal 0 0 -1
      outer loop
         vertex 39.6221727132797 1.72413792461157 76.4999985694885
         vertex 39.6221727132797 5.17241377383471 76.4999985694885
         vertex 43.0704466998577 5.17241377383471 76.4999985694885
      endloop
   endfacet
   facet normal 0 0 -1
      outer loop
         vertex 43.0704466998577 5.17241377383471 76.4999985694885
         vertex 39.6221727132797 5.17241377383471 76.4999985694885
         vertex 43.0704466998577 8.62068962305784 76.4999985694885
      endloop
   endfacet
   facet normal 0 0 -1
      outer loop
         vertex 43.0704466998577 5.17241377383471 76.4999985694885
         vertex 43.0704466998577 8.62068962305784 76.4999985694885
         vertex 46.518724411726 8.62068962305784 76.4999985694885
      endloop
   endfacet
   facet normal 0 0 -1
      outer loop
         vertex 46.518724411726 8.62068962305784 76.4999985694885
         vertex 43.0704466998577 8.62068962305784 76.4999985694885
         vertex 46.518724411726 12.068965472281 76.4999985694885
      endloop
   endfacet
   facet normal 0 0 -1
      outer loop
         vertex -39.6881736814976 12.068965472281 76.4999985694885
         vertex -39.6881736814976 8.62068962305784 76.4999985694885
         vertex -43.1364476680756 8.62068962305784 76.4999985694885
      endloop
   endfacet
   facet normal 0 0 -1
      outer loop
         vertex -43.1364476680756 8.62068962305784 76.4999985694885
         vertex -39.6881736814976 8.62068962305784 76.4999985694885
         vertex -43.1364476680756 5.17241377383471 76.4999985694885
      endloop
   endfacet
   facet normal 0 0 -1
      outer loop
         vertex -36.2398959696293 5.17241377383471 76.4999985694885
         vertex -36.2398959696293 8.62068962305784 76.4999985694885
         vertex -32.7916219830513 8.62068962305784 76.4999985694885
      endloop
   endfacet
   facet normal 0 0 -1
      outer loop
         vertex -32.7916219830513 8.62068962305784 76.4999985694885
         vertex -36.2398959696293 8.62068962305784 76.4999985694885
         vertex -32.7916219830513 12.068965472281 76.4999985694885
      endloop
   endfacet
   facet normal 0 0 -1
      outer loop
         vertex -32.7916219830513 8.62068962305784 76.4999985694885
         vertex -32.7916219830513 12.068965472281 76.4999985694885
         vertex -29.343344271183 12.068965472281 76.4999985694885
      endloop
   endfacet
   facet normal 0 0 -1
      outer loop
         vertex -29.343344271183 12.068965472281 76.4999985694885
         vertex -32.7916219830513 12.068965472281 76.4999985694885
         vertex -29.343344271183 15.5172413215041 76.4999985694885
      endloop
   endfacet
   facet normal 0 0 -1
      outer loop
         vertex -29.343344271183 12.068965472281 76.4999985694885
         vertex -29.343344271183 15.5172413215041 76.4999985694885
         vertex -25.8950684219599 15.5172413215041 76.4999985694885
      endloop
   endfacet
   facet normal 0 0 -1
      outer loop
         vertex -25.8950684219599 15.5172413215041 76.4999985694885
         vertex -29.343344271183 15.5172413215041 76.4999985694885
         vertex -25.8950684219599 18.9655181020498 76.4999985694885
      endloop
   endfacet
   facet normal 0 0 -1
      outer loop
         vertex -25.8950684219599 15.5172413215041 76.4999985694885
         vertex -25.8950684219599 18.9655181020498 76.4999985694885
         vertex -22.4467925727367 18.9655181020498 76.4999985694885
      endloop
   endfacet
   facet normal 0 0 -1
      outer loop
         vertex -22.4467925727367 18.9655181020498 76.4999985694885
         vertex -25.8950684219599 18.9655181020498 76.4999985694885
         vertex -22.4467925727367 22.413793951273 76.4999985694885
      endloop
   endfacet
   facet normal 0 0 -1
      outer loop
         vertex -22.4467925727367 18.9655181020498 76.4999985694885
         vertex -22.4467925727367 22.413793951273 76.4999985694885
         vertex -18.9985167235136 22.413793951273 76.4999985694885
      endloop
   endfacet
   facet normal 0 0 -1
      outer loop
         vertex -18.9985167235136 22.413793951273 76.4999985694885
         vertex -22.4467925727367 22.413793951273 76.4999985694885
         vertex -18.9985167235136 25.8620698004961 76.4999985694885
      endloop
   endfacet
   facet normal 0 0 -1
      outer loop
         vertex -18.9985167235136 22.413793951273 76.4999985694885
         vertex -18.9985167235136 25.8620698004961 76.4999985694885
         vertex -15.550241805613 25.8620698004961 76.4999985694885
      endloop
   endfacet
   facet normal 0 0 -1
      outer loop
         vertex -15.550241805613 25.8620698004961 76.4999985694885
         vertex -18.9985167235136 25.8620698004961 76.4999985694885
         vertex -15.550241805613 29.3103456497192 76.4999985694885
      endloop
   endfacet
   facet normal 0 0 -1
      outer loop
         vertex -15.550241805613 25.8620698004961 76.4999985694885
         vertex -15.550241805613 29.3103456497192 76.4999985694885
         vertex -12.1019659563899 29.3103456497192 76.4999985694885
      endloop
   endfacet
   facet normal 0 0 -1
      outer loop
         vertex -12.1019659563899 29.3103456497192 76.4999985694885
         vertex -15.550241805613 29.3103456497192 76.4999985694885
         vertex -12.1019659563899 32.7586196362972 76.4999985694885
      endloop
   endfacet
   facet normal 0 0 -1
      outer loop
         vertex -12.1019659563899 29.3103456497192 76.4999985694885
         vertex -12.1019659563899 32.7586196362972 76.4999985694885
         vertex -8.65369010716677 32.7586196362972 76.4999985694885
      endloop
   endfacet
   facet normal 0 0 -1
      outer loop
         vertex -8.65369010716677 32.7586196362972 76.4999985694885
         vertex -12.1019659563899 32.7586196362972 76.4999985694885
         vertex -8.65369010716677 36.2068973481655 76.4999985694885
      endloop
   endfacet
   facet normal 0 0 -1
      outer loop
         vertex -8.65369010716677 32.7586196362972 76.4999985694885
         vertex -8.65369010716677 36.2068973481655 76.4999985694885
         vertex -5.20541379228234 36.2068973481655 76.4999985694885
      endloop
   endfacet
   facet normal 0 0 -1
      outer loop
         vertex -5.20541379228234 36.2068973481655 76.4999985694885
         vertex -8.65369010716677 36.2068973481655 76.4999985694885
         vertex -5.20541379228234 39.6551713347435 76.4999985694885
      endloop
   endfacet
   facet normal 0 0 -1
      outer loop
         vertex -5.20541379228234 36.2068973481655 76.4999985694885
         vertex -5.20541379228234 39.6551713347435 76.4999985694885
         vertex -1.75713794305921 39.6551713347435 76.4999985694885
      endloop
   endfacet
   facet normal 0 0 -1
      outer loop
         vertex -1.75713794305921 39.6551713347435 76.4999985694885
         vertex -5.20541379228234 39.6551713347435 76.4999985694885
         vertex -1.75713794305921 43.1034490466118 76.4999985694885
      endloop
   endfacet
   facet normal 0 0 -1
      outer loop
         vertex -1.75713794305921 39.6551713347435 76.4999985694885
         vertex -1.75713794305921 43.1034490466118 76.4999985694885
         vertex 1.69113790616393 43.1034490466118 76.4999985694885
      endloop
   endfacet
   facet normal 0 0 -1
      outer loop
         vertex 1.69113790616393 43.1034490466118 76.4999985694885
         vertex -1.75713794305921 43.1034490466118 76.4999985694885
         vertex 1.69113790616393 46.5517230331898 76.4999985694885
      endloop
   endfacet
   facet normal 0 0 -1
      outer loop
         vertex 1.69113790616393 43.1034490466118 76.4999985694885
         vertex 1.69113790616393 46.5517230331898 76.4999985694885
         vertex 5.13941375538707 46.5517230331898 76.4999985694885
      endloop
   endfacet
   facet normal 0 0 -1
      outer loop
         vertex 5.13941375538707 46.5517230331898 76.4999985694885
         vertex 1.69113790616393 46.5517230331898 76.4999985694885
         vertex 3.70350456796587 49.8601906001568 76.4999985694885
      endloop
   endfacet
   facet normal 0 0 -1
      outer loop
         vertex 5.13941375538707 46.5517230331898 76.4999985694885
         vertex 3.70350456796587 49.8601906001568 76.4999985694885
         vertex 8.64940881729126 49.2403879761696 76.4999985694885
      endloop
   endfacet
   facet normal 0 0 -1
      outer loop
         vertex -25.8950684219599 8.62068962305784 76.4999985694885
         vertex -29.343344271183 8.62068962305784 76.4999985694885
         vertex -25.8950684219599 12.068965472281 76.4999985694885
      endloop
   endfacet
   facet normal 0 0 -1
      outer loop
         vertex 39.6221727132797 5.17241377383471 76.4999985694885
         vertex 39.6221727132797 8.62068962305784 76.4999985694885
         vertex 43.0704466998577 8.62068962305784 76.4999985694885
      endloop
   endfacet
   facet normal 0 0 -1
      outer loop
         vertex 43.0704466998577 8.62068962305784 76.4999985694885
         vertex 39.6221727132797 8.62068962305784 76.4999985694885
         vertex 43.0704466998577 12.068965472281 76.4999985694885
      endloop
   endfacet
   facet normal 0 0 -1
      outer loop
         vertex 43.0704466998577 8.62068962305784 76.4999985694885
         vertex 43.0704466998577 12.068965472281 76.4999985694885
         vertex 46.518724411726 12.068965472281 76.4999985694885
      endloop
   endfacet
   facet normal 0 0 -1
      outer loop
         vertex 46.518724411726 12.068965472281 76.4999985694885
         vertex 43.0704466998577 12.068965472281 76.4999985694885
         vertex 46.518724411726 15.5172413215041 76.4999985694885
      endloop
   endfacet
   facet normal 0 0 -1
      outer loop
         vertex 43.0704466998577 12.068965472281 76.4999985694885
         vertex 39.6221727132797 12.068965472281 76.4999985694885
         vertex 43.0704466998577 15.5172413215041 76.4999985694885
      endloop
   endfacet
   facet normal 0 0 -1
      outer loop
         vertex 43.0704466998577 15.5172413215041 76.4999985694885
         vertex 39.6221727132797 12.068965472281 76.4999985694885
         vertex 39.6221727132797 15.5172413215041 76.4999985694885
      endloop
   endfacet
   facet normal 0 0 -1
      outer loop
         vertex 43.0704466998577 15.5172413215041 76.4999985694885
         vertex 39.6221727132797 15.5172413215041 76.4999985694885
         vertex 43.0704466998577 18.9655181020498 76.4999985694885
      endloop
   endfacet
   facet normal 0 0 -1
      outer loop
         vertex 43.0704466998577 18.9655181020498 76.4999985694885
         vertex 39.6221727132797 15.5172413215041 76.4999985694885
         vertex 39.6221727132797 18.9655181020498 76.4999985694885
      endloop
   endfacet
   facet normal 0 0 -1
      outer loop
         vertex 39.6221727132797 12.068965472281 76.4999985694885
         vertex 43.0704466998577 12.068965472281 76.4999985694885
         vertex 39.6221727132797 8.62068962305784 76.4999985694885
      endloop
   endfacet
   facet normal 0 0 -1
      outer loop
         vertex -22.4467925727367 12.068965472281 76.4999985694885
         vertex -25.8950684219599 12.068965472281 76.4999985694885
         vertex -22.4467925727367 15.5172413215041 76.4999985694885
      endloop
   endfacet
   facet normal 0 0 -1
      outer loop
         vertex -32.7916219830513 12.068965472281 76.4999985694885
         vertex -36.2398959696293 12.068965472281 76.4999985694885
         vertex -32.7916219830513 15.5172413215041 76.4999985694885
      endloop
   endfacet
   facet normal 0 0 -1
      outer loop
         vertex -32.7916219830513 15.5172413215041 76.4999985694885
         vertex -36.2398959696293 12.068965472281 76.4999985694885
         vertex -36.2398959696293 15.5172413215041 76.4999985694885
      endloop
   endfacet
   facet normal 0 0 -1
      outer loop
         vertex -32.7916219830513 15.5172413215041 76.4999985694885
         vertex -36.2398959696293 15.5172413215041 76.4999985694885
         vertex -32.7916219830513 18.9655181020498 76.4999985694885
      endloop
   endfacet
   facet normal 0 0 -1
      outer loop
         vertex -32.7916219830513 18.9655181020498 76.4999985694885
         vertex -36.2398959696293 15.5172413215041 76.4999985694885
         vertex -36.2398959696293 18.9655181020498 76.4999985694885
      endloop
   endfacet
   facet normal 0 0 -1
      outer loop
         vertex -32.7916219830513 18.9655181020498 76.4999985694885
         vertex -36.2398959696293 18.9655181020498 76.4999985694885
         vertex -32.7916219830513 22.413793951273 76.4999985694885
      endloop
   endfacet
   facet normal 0 0 -1
      outer loop
         vertex -32.7916219830513 22.413793951273 76.4999985694885
         vertex -36.2398959696293 18.9655181020498 76.4999985694885
         vertex -36.2398959696293 22.413793951273 76.4999985694885
      endloop
   endfacet
   facet normal 0 0 -1
      outer loop
         vertex -32.7916219830513 22.413793951273 76.4999985694885
         vertex -36.2398959696293 22.413793951273 76.4999985694885
         vertex -32.7916219830513 25.8620698004961 76.4999985694885
      endloop
   endfacet
   facet normal 0 0 -1
      outer loop
         vertex -32.7916219830513 25.8620698004961 76.4999985694885
         vertex -36.2398959696293 22.413793951273 76.4999985694885
         vertex -36.2398959696293 25.8620698004961 76.4999985694885
      endloop
   endfacet
   facet normal 0 0 -1
      outer loop
         vertex -32.7916219830513 25.8620698004961 76.4999985694885
         vertex -36.2398959696293 25.8620698004961 76.4999985694885
         vertex -32.7916219830513 29.3103456497192 76.4999985694885
      endloop
   endfacet
   facet normal 0 0 -1
      outer loop
         vertex -32.7916219830513 29.3103456497192 76.4999985694885
         vertex -36.2398959696293 25.8620698004961 76.4999985694885
         vertex -36.2398959696293 29.3103456497192 76.4999985694885
      endloop
   endfacet
   facet normal 0 0 -1
      outer loop
         vertex -32.7916219830513 29.3103456497192 76.4999985694885
         vertex -36.2398959696293 29.3103456497192 76.4999985694885
         vertex -32.7916219830513 32.7586196362972 76.4999985694885
      endloop
   endfacet
   facet normal 0 0 -1
      outer loop
         vertex -32.7916219830513 32.7586196362972 76.4999985694885
         vertex -36.2398959696293 29.3103456497192 76.4999985694885
         vertex -36.2398959696293 32.7586196362972 76.4999985694885
      endloop
   endfacet
   facet normal 0 0 -1
      outer loop
         vertex -32.7916219830513 32.7586196362972 76.4999985694885
         vertex -36.2398959696293 32.7586196362972 76.4999985694885
         vertex -36.6855934262276 34.0086370706558 76.4999985694885
      endloop
   endfacet
   facet normal 0 0 -1
      outer loop
         vertex -36.6855934262276 34.0086370706558 76.4999985694885
         vertex -36.2398959696293 32.7586196362972 76.4999985694885
         vertex -39.8896262049675 30.1902201026678 76.4999985694885
      endloop
   endfacet
   facet normal 0 0 -1
      outer loop
         vertex -36.2398959696293 12.068965472281 76.4999985694885
         vertex -32.7916219830513 12.068965472281 76.4999985694885
         vertex -36.2398959696293 8.62068962305784 76.4999985694885
      endloop
   endfacet
   facet normal 0 0 -1
      outer loop
         vertex -39.6881736814976 12.068965472281 76.4999985694885
         vertex -43.1364476680756 12.068965472281 76.4999985694885
         vertex -39.6881736814976 15.5172413215041 76.4999985694885
      endloop
   endfacet
   facet normal 0 0 -1
      outer loop
         vertex -39.6881736814976 15.5172413215041 76.4999985694885
         vertex -43.1364476680756 12.068965472281 76.4999985694885
         vertex -43.1364476680756 15.5172413215041 76.4999985694885
      endloop
   endfacet
   facet normal 0 0 -1
      outer loop
         vertex -39.6881736814976 15.5172413215041 76.4999985694885
         vertex -43.1364476680756 15.5172413215041 76.4999985694885
         vertex -39.6881736814976 18.9655181020498 76.4999985694885
      endloop
   endfacet
   facet normal 0 0 -1
      outer loop
         vertex -39.6881736814976 18.9655181020498 76.4999985694885
         vertex -43.1364476680756 15.5172413215041 76.4999985694885
         vertex -43.1364476680756 18.9655181020498 76.4999985694885
      endloop
   endfacet
   facet normal 0 0 -1
      outer loop
         vertex -39.6881736814976 18.9655181020498 76.4999985694885
         vertex -43.1364476680756 18.9655181020498 76.4999985694885
         vertex -39.6881736814976 22.413793951273 76.4999985694885
      endloop
   endfacet
   facet normal 0 0 -1
      outer loop
         vertex -39.6881736814976 22.413793951273 76.4999985694885
         vertex -43.1364476680756 18.9655181020498 76.4999985694885
         vertex -43.1364476680756 22.413793951273 76.4999985694885
      endloop
   endfacet
   facet normal 0 0 -1
      outer loop
         vertex -39.6881736814976 22.413793951273 76.4999985694885
         vertex -43.1364476680756 22.413793951273 76.4999985694885
         vertex -42.6975451409817 26.0717608034611 76.4999985694885
      endloop
   endfacet
   facet normal 0 0 -1
      outer loop
         vertex -42.6975451409817 26.0717608034611 76.4999985694885
         vertex -43.1364476680756 22.413793951273 76.4999985694885
         vertex -45.0814440846443 21.6941870748997 76.4999985694885
      endloop
   endfacet
   facet normal 0 0 -1
      outer loop
         vertex -43.1364476680756 12.068965472281 76.4999985694885
         vertex -39.6881736814976 12.068965472281 76.4999985694885
         vertex -43.1364476680756 8.62068962305784 76.4999985694885
      endloop
   endfacet
   facet normal 0 0 -1
      outer loop
         vertex -32.7916219830513 12.068965472281 76.4999985694885
         vertex -32.7916219830513 15.5172413215041 76.4999985694885
         vertex -29.343344271183 15.5172413215041 76.4999985694885
      endloop
   endfacet
   facet normal 0 0 -1
      outer loop
         vertex -29.343344271183 15.5172413215041 76.4999985694885
         vertex -32.7916219830513 15.5172413215041 76.4999985694885
         vertex -29.343344271183 18.9655181020498 76.4999985694885
      endloop
   endfacet
   facet normal 0 0 -1
      outer loop
         vertex -29.343344271183 15.5172413215041 76.4999985694885
         vertex -29.343344271183 18.9655181020498 76.4999985694885
         vertex -25.8950684219599 18.9655181020498 76.4999985694885
      endloop
   endfacet
   facet normal 0 0 -1
      outer loop
         vertex -25.8950684219599 18.9655181020498 76.4999985694885
         vertex -29.343344271183 18.9655181020498 76.4999985694885
         vertex -25.8950684219599 22.413793951273 76.4999985694885
      endloop
   endfacet
   facet normal 0 0 -1
      outer loop
         vertex -25.8950684219599 18.9655181020498 76.4999985694885
         vertex -25.8950684219599 22.413793951273 76.4999985694885
         vertex -22.4467925727367 22.413793951273 76.4999985694885
      endloop
   endfacet
   facet normal 0 0 -1
      outer loop
         vertex -22.4467925727367 22.413793951273 76.4999985694885
         vertex -25.8950684219599 22.413793951273 76.4999985694885
         vertex -22.4467925727367 25.8620698004961 76.4999985694885
      endloop
   endfacet
   facet normal 0 0 -1
      outer loop
         vertex -22.4467925727367 22.413793951273 76.4999985694885
         vertex -22.4467925727367 25.8620698004961 76.4999985694885
         vertex -18.9985167235136 25.8620698004961 76.4999985694885
      endloop
   endfacet
   facet normal 0 0 -1
      outer loop
         vertex -18.9985167235136 25.8620698004961 76.4999985694885
         vertex -22.4467925727367 25.8620698004961 76.4999985694885
         vertex -18.9985167235136 29.3103456497192 76.4999985694885
      endloop
   endfacet
   facet normal 0 0 -1
      outer loop
         vertex -18.9985167235136 25.8620698004961 76.4999985694885
         vertex -18.9985167235136 29.3103456497192 76.4999985694885
         vertex -15.550241805613 29.3103456497192 76.4999985694885
      endloop
   endfacet
   facet normal 0 0 -1
      outer loop
         vertex -15.550241805613 29.3103456497192 76.4999985694885
         vertex -18.9985167235136 29.3103456497192 76.4999985694885
         vertex -15.550241805613 32.7586196362972 76.4999985694885
      endloop
   endfacet
   facet normal 0 0 -1
      outer loop
         vertex -15.550241805613 29.3103456497192 76.4999985694885
         vertex -15.550241805613 32.7586196362972 76.4999985694885
         vertex -12.1019659563899 32.7586196362972 76.4999985694885
      endloop
   endfacet
   facet normal 0 0 -1
      outer loop
         vertex -12.1019659563899 32.7586196362972 76.4999985694885
         vertex -15.550241805613 32.7586196362972 76.4999985694885
         vertex -12.1019659563899 36.2068973481655 76.4999985694885
      endloop
   endfacet
   facet normal 0 0 -1
      outer loop
         vertex -12.1019659563899 32.7586196362972 76.4999985694885
         vertex -12.1019659563899 36.2068973481655 76.4999985694885
         vertex -8.65369010716677 36.2068973481655 76.4999985694885
      endloop
   endfacet
   facet normal 0 0 -1
      outer loop
         vertex -8.65369010716677 36.2068973481655 76.4999985694885
         vertex -12.1019659563899 36.2068973481655 76.4999985694885
         vertex -8.65369010716677 39.6551713347435 76.4999985694885
      endloop
   endfacet
   facet normal 0 0 -1
      outer loop
         vertex -8.65369010716677 36.2068973481655 76.4999985694885
         vertex -8.65369010716677 39.6551713347435 76.4999985694885
         vertex -5.20541379228234 39.6551713347435 76.4999985694885
      endloop
   endfacet
   facet normal 0 0 -1
      outer loop
         vertex -5.20541379228234 39.6551713347435 76.4999985694885
         vertex -8.65369010716677 39.6551713347435 76.4999985694885
         vertex -5.20541379228234 43.1034490466118 76.4999985694885
      endloop
   endfacet
   facet normal 0 0 -1
      outer loop
         vertex -5.20541379228234 39.6551713347435 76.4999985694885
         vertex -5.20541379228234 43.1034490466118 76.4999985694885
         vertex -1.75713794305921 43.1034490466118 76.4999985694885
      endloop
   endfacet
   facet normal 0 0 -1
      outer loop
         vertex -1.75713794305921 43.1034490466118 76.4999985694885
         vertex -5.20541379228234 43.1034490466118 76.4999985694885
         vertex -1.75713794305921 46.5517230331898 76.4999985694885
      endloop
   endfacet
   facet normal 0 0 -1
      outer loop
         vertex -1.75713794305921 43.1034490466118 76.4999985694885
         vertex -1.75713794305921 46.5517230331898 76.4999985694885
         vertex 1.69113790616393 46.5517230331898 76.4999985694885
      endloop
   endfacet
   facet normal 0 0 -1
      outer loop
         vertex 1.69113790616393 46.5517230331898 76.4999985694885
         vertex -1.75713794305921 46.5517230331898 76.4999985694885
         vertex -1.27953453920782 49.9844588339329 76.4999985694885
      endloop
   endfacet
   facet normal 0 0 -1
      outer loop
         vertex 1.69113790616393 46.5517230331898 76.4999985694885
         vertex -1.27953453920782 49.9844588339329 76.4999985694885
         vertex 3.70350456796587 49.8601906001568 76.4999985694885
      endloop
   endfacet
   facet normal 0 0 -1
      outer loop
         vertex -18.9985167235136 15.5172413215041 76.4999985694885
         vertex -22.4467925727367 15.5172413215041 76.4999985694885
         vertex -18.9985167235136 18.9655181020498 76.4999985694885
      endloop
   endfacet
   facet normal 0 0 -1
      outer loop
         vertex 43.0704466998577 18.9655181020498 76.4999985694885
         vertex 46.518724411726 15.5172413215041 76.4999985694885
         vertex 43.0704466998577 15.5172413215041 76.4999985694885
      endloop
   endfacet
   facet normal 0 0 -1
      outer loop
         vertex 43.0704466998577 15.5172413215041 76.4999985694885
         vertex 46.518724411726 15.5172413215041 76.4999985694885
         vertex 43.0704466998577 12.068965472281 76.4999985694885
      endloop
   endfacet
   facet normal 0 0 -1
      outer loop
         vertex -32.7916219830513 15.5172413215041 76.4999985694885
         vertex -32.7916219830513 18.9655181020498 76.4999985694885
         vertex -29.343344271183 18.9655181020498 76.4999985694885
      endloop
   endfacet
   facet normal 0 0 -1
      outer loop
         vertex -29.343344271183 18.9655181020498 76.4999985694885
         vertex -32.7916219830513 18.9655181020498 76.4999985694885
         vertex -29.343344271183 22.413793951273 76.4999985694885
      endloop
   endfacet
   facet normal 0 0 -1
      outer loop
         vertex -29.343344271183 18.9655181020498 76.4999985694885
         vertex -29.343344271183 22.413793951273 76.4999985694885
         vertex -25.8950684219599 22.413793951273 76.4999985694885
      endloop
   endfacet
   facet normal 0 0 -1
      outer loop
         vertex -25.8950684219599 22.413793951273 76.4999985694885
         vertex -29.343344271183 22.413793951273 76.4999985694885
         vertex -25.8950684219599 25.8620698004961 76.4999985694885
      endloop
   endfacet
   facet normal 0 0 -1
      outer loop
         vertex -25.8950684219599 22.413793951273 76.4999985694885
         vertex -25.8950684219599 25.8620698004961 76.4999985694885
         vertex -22.4467925727367 25.8620698004961 76.4999985694885
      endloop
   endfacet
   facet normal 0 0 -1
      outer loop
         vertex -22.4467925727367 25.8620698004961 76.4999985694885
         vertex -25.8950684219599 25.8620698004961 76.4999985694885
         vertex -22.4467925727367 29.3103456497192 76.4999985694885
      endloop
   endfacet
   facet normal 0 0 -1
      outer loop
         vertex -22.4467925727367 25.8620698004961 76.4999985694885
         vertex -22.4467925727367 29.3103456497192 76.4999985694885
         vertex -18.9985167235136 29.3103456497192 76.4999985694885
      endloop
   endfacet
   facet normal 0 0 -1
      outer loop
         vertex -18.9985167235136 29.3103456497192 76.4999985694885
         vertex -22.4467925727367 29.3103456497192 76.4999985694885
         vertex -18.9985167235136 32.7586196362972 76.4999985694885
      endloop
   endfacet
   facet normal 0 0 -1
      outer loop
         vertex -18.9985167235136 29.3103456497192 76.4999985694885
         vertex -18.9985167235136 32.7586196362972 76.4999985694885
         vertex -15.550241805613 32.7586196362972 76.4999985694885
      endloop
   endfacet
   facet normal 0 0 -1
      outer loop
         vertex -15.550241805613 32.7586196362972 76.4999985694885
         vertex -18.9985167235136 32.7586196362972 76.4999985694885
         vertex -15.550241805613 36.2068973481655 76.4999985694885
      endloop
   endfacet
   facet normal 0 0 -1
      outer loop
         vertex -15.550241805613 32.7586196362972 76.4999985694885
         vertex -15.550241805613 36.2068973481655 76.4999985694885
         vertex -12.1019659563899 36.2068973481655 76.4999985694885
      endloop
   endfacet
   facet normal 0 0 -1
      outer loop
         vertex -12.1019659563899 36.2068973481655 76.4999985694885
         vertex -15.550241805613 36.2068973481655 76.4999985694885
         vertex -12.1019659563899 39.6551713347435 76.4999985694885
      endloop
   endfacet
   facet normal 0 0 -1
      outer loop
         vertex -12.1019659563899 36.2068973481655 76.4999985694885
         vertex -12.1019659563899 39.6551713347435 76.4999985694885
         vertex -8.65369010716677 39.6551713347435 76.4999985694885
      endloop
   endfacet
   facet normal 0 0 -1
      outer loop
         vertex -8.65369010716677 39.6551713347435 76.4999985694885
         vertex -12.1019659563899 39.6551713347435 76.4999985694885
         vertex -8.65369010716677 43.1034490466118 76.4999985694885
      endloop
   endfacet
   facet normal 0 0 -1
      outer loop
         vertex -8.65369010716677 39.6551713347435 76.4999985694885
         vertex -8.65369010716677 43.1034490466118 76.4999985694885
         vertex -5.20541379228234 43.1034490466118 76.4999985694885
      endloop
   endfacet
   facet normal 0 0 -1
      outer loop
         vertex -5.20541379228234 43.1034490466118 76.4999985694885
         vertex -8.65369010716677 43.1034490466118 76.4999985694885
         vertex -5.20541379228234 46.5517230331898 76.4999985694885
      endloop
   endfacet
   facet normal 0 0 -1
      outer loop
         vertex -5.20541379228234 43.1034490466118 76.4999985694885
         vertex -5.20541379228234 46.5517230331898 76.4999985694885
         vertex -1.75713794305921 46.5517230331898 76.4999985694885
      endloop
   endfacet
   facet normal 0 0 -1
      outer loop
         vertex -1.75713794305921 46.5517230331898 76.4999985694885
         vertex -5.20541379228234 46.5517230331898 76.4999985694885
         vertex -1.27953453920782 49.9844588339329 76.4999985694885
      endloop
   endfacet
   facet normal 0 0 -1
      outer loop
         vertex -15.550241805613 18.9655181020498 76.4999985694885
         vertex -18.9985167235136 18.9655181020498 76.4999985694885
         vertex -15.550241805613 22.413793951273 76.4999985694885
      endloop
   endfacet
   facet normal 0 0 -1
      outer loop
         vertex -43.1364476680756 15.5172413215041 76.4999985694885
         vertex -47.0176301896572 17.1010065823793 76.4999985694885
         vertex -43.1364476680756 18.9655181020498 76.4999985694885
      endloop
   endfacet
   facet normal 0 0 -1
      outer loop
         vertex -43.1364476680756 18.9655181020498 76.4999985694885
         vertex -47.0176301896572 17.1010065823793 76.4999985694885
         vertex -45.0814440846443 21.6941870748997 76.4999985694885
      endloop
   endfacet
   facet normal 0 0 -1
      outer loop
         vertex -43.1364476680756 18.9655181020498 76.4999985694885
         vertex -45.0814440846443 21.6941870748997 76.4999985694885
         vertex -43.1364476680756 22.413793951273 76.4999985694885
      endloop
   endfacet
   facet normal 0 0 -1
      outer loop
         vertex -32.7916219830513 18.9655181020498 76.4999985694885
         vertex -32.7916219830513 22.413793951273 76.4999985694885
         vertex -29.343344271183 22.413793951273 76.4999985694885
      endloop
   endfacet
   facet normal 0 0 -1
      outer loop
         vertex -29.343344271183 22.413793951273 76.4999985694885
         vertex -32.7916219830513 22.413793951273 76.4999985694885
         vertex -29.343344271183 25.8620698004961 76.4999985694885
      endloop
   endfacet
   facet normal 0 0 -1
      outer loop
         vertex -29.343344271183 22.413793951273 76.4999985694885
         vertex -29.343344271183 25.8620698004961 76.4999985694885
         vertex -25.8950684219599 25.8620698004961 76.4999985694885
      endloop
   endfacet
   facet normal 0 0 -1
      outer loop
         vertex -25.8950684219599 25.8620698004961 76.4999985694885
         vertex -29.343344271183 25.8620698004961 76.4999985694885
         vertex -25.8950684219599 29.3103456497192 76.4999985694885
      endloop
   endfacet
   facet normal 0 0 -1
      outer loop
         vertex -25.8950684219599 25.8620698004961 76.4999985694885
         vertex -25.8950684219599 29.3103456497192 76.4999985694885
         vertex -22.4467925727367 29.3103456497192 76.4999985694885
      endloop
   endfacet
   facet normal 0 0 -1
      outer loop
         vertex -22.4467925727367 29.3103456497192 76.4999985694885
         vertex -25.8950684219599 29.3103456497192 76.4999985694885
         vertex -22.4467925727367 32.7586196362972 76.4999985694885
      endloop
   endfacet
   facet normal 0 0 -1
      outer loop
         vertex -22.4467925727367 29.3103456497192 76.4999985694885
         vertex -22.4467925727367 32.7586196362972 76.4999985694885
         vertex -18.9985167235136 32.7586196362972 76.4999985694885
      endloop
   endfacet
   facet normal 0 0 -1
      outer loop
         vertex -18.9985167235136 32.7586196362972 76.4999985694885
         vertex -22.4467925727367 32.7586196362972 76.4999985694885
         vertex -18.9985167235136 36.2068973481655 76.4999985694885
      endloop
   endfacet
   facet normal 0 0 -1
      outer loop
         vertex -18.9985167235136 32.7586196362972 76.4999985694885
         vertex -18.9985167235136 36.2068973481655 76.4999985694885
         vertex -15.550241805613 36.2068973481655 76.4999985694885
      endloop
   endfacet
   facet normal 0 0 -1
      outer loop
         vertex -15.550241805613 36.2068973481655 76.4999985694885
         vertex -18.9985167235136 36.2068973481655 76.4999985694885
         vertex -15.550241805613 39.6551713347435 76.4999985694885
      endloop
   endfacet
   facet normal 0 0 -1
      outer loop
         vertex -15.550241805613 36.2068973481655 76.4999985694885
         vertex -15.550241805613 39.6551713347435 76.4999985694885
         vertex -12.1019659563899 39.6551713347435 76.4999985694885
      endloop
   endfacet
   facet normal 0 0 -1
      outer loop
         vertex -12.1019659563899 39.6551713347435 76.4999985694885
         vertex -15.550241805613 39.6551713347435 76.4999985694885
         vertex -12.1019659563899 43.1034490466118 76.4999985694885
      endloop
   endfacet
   facet normal 0 0 -1
      outer loop
         vertex -12.1019659563899 39.6551713347435 76.4999985694885
         vertex -12.1019659563899 43.1034490466118 76.4999985694885
         vertex -8.65369010716677 43.1034490466118 76.4999985694885
      endloop
   endfacet
   facet normal 0 0 -1
      outer loop
         vertex -8.65369010716677 43.1034490466118 76.4999985694885
         vertex -12.1019659563899 43.1034490466118 76.4999985694885
         vertex -8.65369010716677 46.5517230331898 76.4999985694885
      endloop
   endfacet
   facet normal 0 0 -1
      outer loop
         vertex -8.65369010716677 43.1034490466118 76.4999985694885
         vertex -8.65369010716677 46.5517230331898 76.4999985694885
         vertex -5.20541379228234 46.5517230331898 76.4999985694885
      endloop
   endfacet
   facet normal 0 0 -1
      outer loop
         vertex -5.20541379228234 46.5517230331898 76.4999985694885
         vertex -8.65369010716677 46.5517230331898 76.4999985694885
         vertex -6.25018542632461 49.6119596064091 76.4999985694885
      endloop
   endfacet
   facet normal 0 0 -1
      outer loop
         vertex -5.20541379228234 46.5517230331898 76.4999985694885
         vertex -6.25018542632461 49.6119596064091 76.4999985694885
         vertex -1.27953453920782 49.9844588339329 76.4999985694885
      endloop
   endfacet
   facet normal 0 0 -1
      outer loop
         vertex -12.1019659563899 22.413793951273 76.4999985694885
         vertex -15.550241805613 22.413793951273 76.4999985694885
         vertex -12.1019659563899 25.8620698004961 76.4999985694885
      endloop
   endfacet
   facet normal 0 0 -1
      outer loop
         vertex 43.0704466998577 22.413793951273 76.4999985694885
         vertex 39.6221727132797 22.413793951273 76.4999985694885
         vertex 39.6221727132797 25.8620698004961 76.4999985694885
      endloop
   endfacet
   facet normal 0 0 -1
      outer loop
         vertex -8.65369010716677 25.8620698004961 76.4999985694885
         vertex -12.1019659563899 25.8620698004961 76.4999985694885
         vertex -8.65369010716677 29.3103456497192 76.4999985694885
      endloop
   endfacet
   facet normal 0 0 -1
      outer loop
         vertex -29.343344271183 25.8620698004961 76.4999985694885
         vertex -32.7916219830513 25.8620698004961 76.4999985694885
         vertex -29.343344271183 29.3103456497192 76.4999985694885
      endloop
   endfacet
   facet normal 0 0 -1
      outer loop
         vertex -29.343344271183 29.3103456497192 76.4999985694885
         vertex -32.7916219830513 25.8620698004961 76.4999985694885
         vertex -32.7916219830513 29.3103456497192 76.4999985694885
      endloop
   endfacet
   facet normal 0 0 -1
      outer loop
         vertex -29.343344271183 29.3103456497192 76.4999985694885
         vertex -32.7916219830513 29.3103456497192 76.4999985694885
         vertex -29.343344271183 32.7586196362972 76.4999985694885
      endloop
   endfacet
   facet normal 0 0 -1
      outer loop
         vertex -29.343344271183 32.7586196362972 76.4999985694885
         vertex -32.7916219830513 29.3103456497192 76.4999985694885
         vertex -32.7916219830513 32.7586196362972 76.4999985694885
      endloop
   endfacet
   facet normal 0 0 -1
      outer loop
         vertex -29.343344271183 32.7586196362972 76.4999985694885
         vertex -32.7916219830513 32.7586196362972 76.4999985694885
         vertex -29.343344271183 36.2068973481655 76.4999985694885
      endloop
   endfacet
   facet normal 0 0 -1
      outer loop
         vertex -29.343344271183 36.2068973481655 76.4999985694885
         vertex -32.7916219830513 32.7586196362972 76.4999985694885
         vertex -32.7916219830513 36.2068973481655 76.4999985694885
      endloop
   endfacet
   facet normal 0 0 -1
      outer loop
         vertex -29.343344271183 36.2068973481655 76.4999985694885
         vertex -32.7916219830513 36.2068973481655 76.4999985694885
         vertex -33.1172905862331 37.4890603125095 76.4999985694885
      endloop
   endfacet
   facet normal 0 0 -1
      outer loop
         vertex -33.1172905862331 37.4890603125095 76.4999985694885
         vertex -32.7916219830513 36.2068973481655 76.4999985694885
         vertex -36.6855934262276 34.0086370706558 76.4999985694885
      endloop
   endfacet
   facet normal 0 0 -1
      outer loop
         vertex -32.7916219830513 25.8620698004961 76.4999985694885
         vertex -29.343344271183 25.8620698004961 76.4999985694885
         vertex -32.7916219830513 22.413793951273 76.4999985694885
      endloop
   endfacet
   facet normal 0 0 -1
      outer loop
         vertex -29.343344271183 25.8620698004961 76.4999985694885
         vertex -29.343344271183 29.3103456497192 76.4999985694885
         vertex -25.8950684219599 29.3103456497192 76.4999985694885
      endloop
   endfacet
   facet normal 0 0 -1
      outer loop
         vertex -25.8950684219599 29.3103456497192 76.4999985694885
         vertex -29.343344271183 29.3103456497192 76.4999985694885
         vertex -25.8950684219599 32.7586196362972 76.4999985694885
      endloop
   endfacet
   facet normal 0 0 -1
      outer loop
         vertex -25.8950684219599 29.3103456497192 76.4999985694885
         vertex -25.8950684219599 32.7586196362972 76.4999985694885
         vertex -22.4467925727367 32.7586196362972 76.4999985694885
      endloop
   endfacet
   facet normal 0 0 -1
      outer loop
         vertex -22.4467925727367 32.7586196362972 76.4999985694885
         vertex -25.8950684219599 32.7586196362972 76.4999985694885
         vertex -22.4467925727367 36.2068973481655 76.4999985694885
      endloop
   endfacet
   facet normal 0 0 -1
      outer loop
         vertex -22.4467925727367 32.7586196362972 76.4999985694885
         vertex -22.4467925727367 36.2068973481655 76.4999985694885
         vertex -18.9985167235136 36.2068973481655 76.4999985694885
      endloop
   endfacet
   facet normal 0 0 -1
      outer loop
         vertex -18.9985167235136 36.2068973481655 76.4999985694885
         vertex -22.4467925727367 36.2068973481655 76.4999985694885
         vertex -18.9985167235136 39.6551713347435 76.4999985694885
      endloop
   endfacet
   facet normal 0 0 -1
      outer loop
         vertex -18.9985167235136 36.2068973481655 76.4999985694885
         vertex -18.9985167235136 39.6551713347435 76.4999985694885
         vertex -15.550241805613 39.6551713347435 76.4999985694885
      endloop
   endfacet
   facet normal 0 0 -1
      outer loop
         vertex -15.550241805613 39.6551713347435 76.4999985694885
         vertex -18.9985167235136 39.6551713347435 76.4999985694885
         vertex -15.550241805613 43.1034490466118 76.4999985694885
      endloop
   endfacet
   facet normal 0 0 -1
      outer loop
         vertex -15.550241805613 39.6551713347435 76.4999985694885
         vertex -15.550241805613 43.1034490466118 76.4999985694885
         vertex -12.1019659563899 43.1034490466118 76.4999985694885
      endloop
   endfacet
   facet normal 0 0 -1
      outer loop
         vertex -12.1019659563899 43.1034490466118 76.4999985694885
         vertex -15.550241805613 43.1034490466118 76.4999985694885
         vertex -12.1019659563899 46.5517230331898 76.4999985694885
      endloop
   endfacet
   facet normal 0 0 -1
      outer loop
         vertex -12.1019659563899 43.1034490466118 76.4999985694885
         vertex -12.1019659563899 46.5517230331898 76.4999985694885
         vertex -8.65369010716677 46.5517230331898 76.4999985694885
      endloop
   endfacet
   facet normal 0 0 -1
      outer loop
         vertex -8.65369010716677 46.5517230331898 76.4999985694885
         vertex -12.1019659563899 46.5517230331898 76.4999985694885
         vertex -11.1590465530753 48.746395856142 76.4999985694885
      endloop
   endfacet
   facet normal 0 0 -1
      outer loop
         vertex -8.65369010716677 46.5517230331898 76.4999985694885
         vertex -11.1590465530753 48.746395856142 76.4999985694885
         vertex -6.25018542632461 49.6119596064091 76.4999985694885
      endloop
   endfacet
   facet normal 0 0 -1
      outer loop
         vertex -5.20541379228234 29.3103456497192 76.4999985694885
         vertex -8.65369010716677 29.3103456497192 76.4999985694885
         vertex -5.20541379228234 32.7586196362972 76.4999985694885
      endloop
   endfacet
   facet normal 0 0 -1
      outer loop
         vertex -39.6881736814976 22.413793951273 76.4999985694885
         vertex -42.6975451409817 26.0717608034611 76.4999985694885
         vertex -39.6881736814976 25.8620698004961 76.4999985694885
      endloop
   endfacet
   facet normal 0 0 -1
      outer loop
         vertex -39.6881736814976 25.8620698004961 76.4999985694885
         vertex -42.6975451409817 26.0717608034611 76.4999985694885
         vertex -39.6881736814976 29.3103456497192 76.4999985694885
      endloop
   endfacet
   facet normal 0 0 -1
      outer loop
         vertex -29.343344271183 29.3103456497192 76.4999985694885
         vertex -29.343344271183 32.7586196362972 76.4999985694885
         vertex -25.8950684219599 32.7586196362972 76.4999985694885
      endloop
   endfacet
   facet normal 0 0 -1
      outer loop
         vertex -25.8950684219599 32.7586196362972 76.4999985694885
         vertex -29.343344271183 32.7586196362972 76.4999985694885
         vertex -25.8950684219599 36.2068973481655 76.4999985694885
      endloop
   endfacet
   facet normal 0 0 -1
      outer loop
         vertex -25.8950684219599 32.7586196362972 76.4999985694885
         vertex -25.8950684219599 36.2068973481655 76.4999985694885
         vertex -22.4467925727367 36.2068973481655 76.4999985694885
      endloop
   endfacet
   facet normal 0 0 -1
      outer loop
         vertex -22.4467925727367 36.2068973481655 76.4999985694885
         vertex -25.8950684219599 36.2068973481655 76.4999985694885
         vertex -22.4467925727367 39.6551713347435 76.4999985694885
      endloop
   endfacet
   facet normal 0 0 -1
      outer loop
         vertex -22.4467925727367 36.2068973481655 76.4999985694885
         vertex -22.4467925727367 39.6551713347435 76.4999985694885
         vertex -18.9985167235136 39.6551713347435 76.4999985694885
      endloop
   endfacet
   facet normal 0 0 -1
      outer loop
         vertex -18.9985167235136 39.6551713347435 76.4999985694885
         vertex -22.4467925727367 39.6551713347435 76.4999985694885
         vertex -18.9985167235136 43.1034490466118 76.4999985694885
      endloop
   endfacet
   facet normal 0 0 -1
      outer loop
         vertex -18.9985167235136 39.6551713347435 76.4999985694885
         vertex -18.9985167235136 43.1034490466118 76.4999985694885
         vertex -15.550241805613 43.1034490466118 76.4999985694885
      endloop
   endfacet
   facet normal 0 0 -1
      outer loop
         vertex -15.550241805613 43.1034490466118 76.4999985694885
         vertex -18.9985167235136 43.1034490466118 76.4999985694885
         vertex -15.550241805613 46.5517230331898 76.4999985694885
      endloop
   endfacet
   facet normal 0 0 -1
      outer loop
         vertex -15.550241805613 43.1034490466118 76.4999985694885
         vertex -15.550241805613 46.5517230331898 76.4999985694885
         vertex -12.1019659563899 46.5517230331898 76.4999985694885
      endloop
   endfacet
   facet normal 0 0 -1
      outer loop
         vertex -12.1019659563899 46.5517230331898 76.4999985694885
         vertex -15.550241805613 46.5517230331898 76.4999985694885
         vertex -15.9573331475258 47.3963655531406 76.4999985694885
      endloop
   endfacet
   facet normal 0 0 -1
      outer loop
         vertex -12.1019659563899 46.5517230331898 76.4999985694885
         vertex -15.9573331475258 47.3963655531406 76.4999985694885
         vertex -11.1590465530753 48.746395856142 76.4999985694885
      endloop
   endfacet
   facet normal 0 0 -1
      outer loop
         vertex -1.75713794305921 32.7586196362972 76.4999985694885
         vertex -5.20541379228234 32.7586196362972 76.4999985694885
         vertex -1.75713794305921 36.2068973481655 76.4999985694885
      endloop
   endfacet
   facet normal 0 0 -1
      outer loop
         vertex -36.2398959696293 32.7586196362972 76.4999985694885
         vertex -36.2398959696293 29.3103456497192 76.4999985694885
         vertex -39.8896262049675 30.1902201026678 76.4999985694885
      endloop
   endfacet
   facet normal 0 0 -1
      outer loop
         vertex -29.343344271183 32.7586196362972 76.4999985694885
         vertex -29.343344271183 36.2068973481655 76.4999985694885
         vertex -25.8950684219599 36.2068973481655 76.4999985694885
      endloop
   endfacet
   facet normal 0 0 -1
      outer loop
         vertex -25.8950684219599 36.2068973481655 76.4999985694885
         vertex -29.343344271183 36.2068973481655 76.4999985694885
         vertex -25.8950684219599 39.6551713347435 76.4999985694885
      endloop
   endfacet
   facet normal 0 0 -1
      outer loop
         vertex -25.8950684219599 36.2068973481655 76.4999985694885
         vertex -25.8950684219599 39.6551713347435 76.4999985694885
         vertex -22.4467925727367 39.6551713347435 76.4999985694885
      endloop
   endfacet
   facet normal 0 0 -1
      outer loop
         vertex -22.4467925727367 39.6551713347435 76.4999985694885
         vertex -25.8950684219599 39.6551713347435 76.4999985694885
         vertex -25.033000856638 43.3012694120407 76.4999985694885
      endloop
   endfacet
   facet normal 0 0 -1
      outer loop
         vertex -22.4467925727367 39.6551713347435 76.4999985694885
         vertex -25.033000856638 43.3012694120407 76.4999985694885
         vertex -22.4467925727367 43.1034490466118 76.4999985694885
      endloop
   endfacet
   facet normal 0 0 -1
      outer loop
         vertex -22.4467925727367 43.1034490466118 76.4999985694885
         vertex -25.033000856638 43.3012694120407 76.4999985694885
         vertex -20.597355440259 45.5752909183502 76.4999985694885
      endloop
   endfacet
   facet normal 0 0 -1
      outer loop
         vertex -22.4467925727367 43.1034490466118 76.4999985694885
         vertex -20.597355440259 45.5752909183502 76.4999985694885
         vertex -18.9985167235136 43.1034490466118 76.4999985694885
      endloop
   endfacet
   facet normal 0 0 -1
      outer loop
         vertex -18.9985167235136 43.1034490466118 76.4999985694885
         vertex -20.597355440259 45.5752909183502 76.4999985694885
         vertex -15.550241805613 46.5517230331898 76.4999985694885
      endloop
   endfacet
   facet normal 0 0 -1
      outer loop
         vertex 1.69113790616393 36.2068973481655 76.4999985694885
         vertex -1.75713794305921 36.2068973481655 76.4999985694885
         vertex 1.69113790616393 39.6551713347435 76.4999985694885
      endloop
   endfacet
   facet normal 0 0 -1
      outer loop
         vertex 22.380793467164 36.2068973481655 76.4999985694885
         vertex 18.9325176179409 36.2068973481655 76.4999985694885
         vertex 22.380793467164 39.6551713347435 76.4999985694885
      endloop
   endfacet
   facet normal 0 0 -1
      outer loop
         vertex -32.7916219830513 36.2068973481655 76.4999985694885
         vertex -32.7916219830513 32.7586196362972 76.4999985694885
         vertex -36.6855934262276 34.0086370706558 76.4999985694885
      endloop
   endfacet
   facet normal 0 0 -1
      outer loop
         vertex -25.8950684219599 39.6551713347435 76.4999985694885
         vertex -29.343344271183 36.2068973481655 76.4999985694885
         vertex -29.343344271183 39.6551713347435 76.4999985694885
      endloop
   endfacet
   facet normal 0 0 -1
      outer loop
         vertex -29.343344271183 39.6551713347435 76.4999985694885
         vertex -29.343344271183 36.2068973481655 76.4999985694885
         vertex -33.1172905862331 37.4890603125095 76.4999985694885
      endloop
   endfacet
   facet normal 0 0 -1
      outer loop
         vertex -29.343344271183 39.6551713347435 76.4999985694885
         vertex -33.1172905862331 37.4890603125095 76.4999985694885
         vertex -29.2201843112707 40.5968986451626 76.4999985694885
      endloop
   endfacet
   facet normal 0 0 -1
      outer loop
         vertex -25.033000856638 43.3012694120407 76.4999985694885
         vertex -25.8950684219599 39.6551713347435 76.4999985694885
         vertex -29.2201843112707 40.5968986451626 76.4999985694885
      endloop
   endfacet
   facet normal 0 0 -1
      outer loop
         vertex -29.2201843112707 40.5968986451626 76.4999985694885
         vertex -25.8950684219599 39.6551713347435 76.4999985694885
         vertex -29.343344271183 39.6551713347435 76.4999985694885
      endloop
   endfacet
   facet normal 0 0 -1
      outer loop
         vertex 5.13941375538707 39.6551713347435 76.4999985694885
         vertex 1.69113790616393 39.6551713347435 76.4999985694885
         vertex 5.13941375538707 43.1034490466118 76.4999985694885
      endloop
   endfacet
   facet normal 0 0 -1
      outer loop
         vertex -22.4467925727367 43.1034490466118 76.4999985694885
         vertex -18.9985167235136 43.1034490466118 76.4999985694885
         vertex -22.4467925727367 39.6551713347435 76.4999985694885
      endloop
   endfacet
   facet normal 0 0 -1
      outer loop
         vertex 8.58769007027149 43.1034490466118 76.4999985694885
         vertex 5.13941375538707 43.1034490466118 76.4999985694885
         vertex 8.58769007027149 46.5517230331898 76.4999985694885
      endloop
   endfacet
   facet normal 0 0 -1
      outer loop
         vertex 18.9325176179409 39.6551713347435 76.4999985694885
         vertex 18.9325176179409 43.1034490466118 76.4999985694885
         vertex 22.380793467164 43.1034490466118 76.4999985694885
      endloop
   endfacet
   facet normal 0 0 -1
      outer loop
         vertex 22.380793467164 43.1034490466118 76.4999985694885
         vertex 18.9325176179409 43.1034490466118 76.4999985694885
         vertex 22.7775331586599 44.4935895502567 76.4999985694885
      endloop
   endfacet
   facet normal 0 0 -1
      outer loop
         vertex 22.380793467164 43.1034490466118 76.4999985694885
         vertex 22.7775331586599 44.4935895502567 76.4999985694885
         vertex 27.0943138748407 42.0012958347797 76.4999985694885
      endloop
   endfacet
   facet normal 0 0 -1
      outer loop
         vertex 22.7775331586599 44.4935895502567 76.4999985694885
         vertex 18.9325176179409 43.1034490466118 76.4999985694885
         vertex 18.2340517640114 46.543687582016 76.4999985694885
      endloop
   endfacet
   facet normal 0 0 -1
      outer loop
         vertex -20.597355440259 45.5752909183502 76.4999985694885
         vertex -15.9573331475258 47.3963655531406 76.4999985694885
         vertex -15.550241805613 46.5517230331898 76.4999985694885
      endloop
   endfacet
endsolid
