solid "파셋<stl unit=uM>"
   facet normal -0.743145091823584 0 -0.669130310551329
      outer loop
         vertex -38.3022204041481 12.2100003063679 -32.1393795311451
         vertex -35.9669886529446 9.15750022977591 -34.7329191863537
         vertex -38.3022204041481 9.15750022977591 -32.1393795311451
      endloop
   endfacet
   facet normal -0.743145065136474 2.91496984146049E-08 -0.669130340190388
      outer loop
         vertex -38.3022204041481 9.15750022977591 -32.1393795311451
         vertex -35.9669886529446 9.15750022977591 -34.7329191863537
         vertex -35.9669886529446 6.10500015318394 -34.7329191863537
      endloop
   endfacet
   facet normal -0.743145091823584 0 -0.669130310551329
      outer loop
         vertex -38.3022204041481 9.15750022977591 -32.1393795311451
         vertex -35.9669886529446 6.10500015318394 -34.7329191863537
         vertex -38.3022204041481 6.10500015318394 -32.1393795311451
      endloop
   endfacet
   facet normal -0.743145065136474 2.91496984146049E-08 -0.669130340190388
      outer loop
         vertex -38.3022204041481 6.10500015318394 -32.1393795311451
         vertex -35.9669886529446 6.10500015318394 -34.7329191863537
         vertex -35.9669886529446 3.05250007659197 -34.7329191863537
      endloop
   endfacet
   facet normal -0.743145091823584 0 -0.669130310551329
      outer loop
         vertex -38.3022204041481 6.10500015318394 -32.1393795311451
         vertex -35.9669886529446 3.05250007659197 -34.7329191863537
         vertex -38.3022204041481 3.05250007659197 -32.1393795311451
      endloop
   endfacet
   facet normal -0.743145065136475 0 -0.669130340190388
      outer loop
         vertex -38.3022204041481 3.05250007659197 -32.1393795311451
         vertex -35.9669886529446 3.05250007659197 -34.7329191863537
         vertex -38.3022204041481 0 -32.1393795311451
      endloop
   endfacet
   facet normal -0.78801059469729 0 -0.615661678720402
      outer loop
         vertex -38.3022204041481 3.05250007659197 -32.1393795311451
         vertex -38.3022204041481 0 -32.1393795311451
         vertex -40.4508486390114 3.05250007659197 -29.3892621994019
      endloop
   endfacet
   facet normal -0.797015715390521 -0.0171005295054367 -0.603716424582907
      outer loop
         vertex -40.4508486390114 3.05250007659197 -29.3892621994019
         vertex -38.3022204041481 0 -32.1393795311451
         vertex -41.31193831563 0 -28.1660035252571
      endloop
   endfacet
   facet normal -0.828997728454211 0.00977430023730454 -0.559166548778295
      outer loop
         vertex -40.4508486390114 3.05250007659197 -29.3892621994019
         vertex -41.31193831563 0 -28.1660035252571
         vertex -42.4024052917957 3.05250007659197 -26.4959633350372
      endloop
   endfacet
   facet normal -0.853128105391464 -0.0195436899239908 -0.521335285565178
      outer loop
         vertex -42.4024052917957 3.05250007659197 -26.4959633350372
         vertex -41.31193831563 0 -28.1660035252571
         vertex -43.9110770821571 0 -23.9126980304718
      endloop
   endfacet
   facet normal -0.866015168940409 0.00488644344555663 -0.499993849797742
      outer loop
         vertex -42.4024052917957 3.05250007659197 -26.4959633350372
         vertex -43.9110770821571 0 -23.9126980304718
         vertex -44.1473796963692 3.05250007659197 -23.4735775738955
      endloop
   endfacet
   facet normal -0.900944632665394 -0.00732953645946832 -0.433872154864435
      outer loop
         vertex -44.1473796963692 3.05250007659197 -23.4735775738955
         vertex -43.9110770821571 0 -23.9126980304718
         vertex -46.0738092660904 0 -19.4217395037413
      endloop
   endfacet
   facet normal -0.898697250037165 -0.0146578530569808 -0.438324537437043
      outer loop
         vertex -44.1473796963692 3.05250007659197 -23.4735775738955
         vertex -46.0738092660904 0 -19.4217395037413
         vertex -45.6772744655609 3.05250007659197 -20.3368328511715
      endloop
   endfacet
   facet normal -0.927153252660066 0.00814422333280528 -0.374593803616884
      outer loop
         vertex -45.6772744655609 3.05250007659197 -20.3368328511715
         vertex -46.0738092660904 0 -19.4217395037413
         vertex -46.9846315681934 3.05250007659197 -17.1010065823793
      endloop
   endfacet
   facet normal -0.927184012354641 -2.05325629070883E-08 -0.374606202877032
      outer loop
         vertex -45.6772744655609 3.05250007659197 -20.3368328511715
         vertex -46.9846315681934 3.05250007659197 -17.1010065823793
         vertex -46.9846315681934 6.10500015318394 -17.1010065823793
      endloop
   endfacet
   facet normal -0.951056565632929 0 -0.309016842528848
      outer loop
         vertex -46.9846315681934 6.10500015318394 -17.1010065823793
         vertex -46.9846315681934 3.05250007659197 -17.1010065823793
         vertex -48.0630844831467 6.10500015318394 -13.7818679213524
      endloop
   endfacet
   facet normal -0.951056568699876 2.71253006023063E-09 -0.309016833089749
      outer loop
         vertex -46.9846315681934 6.10500015318394 -17.1010065823793
         vertex -48.0630844831467 6.10500015318394 -13.7818679213524
         vertex -48.0630844831467 9.15750022977591 -13.7818679213524
      endloop
   endfacet
   facet normal -0.970295672442374 0 -0.241922111514432
      outer loop
         vertex -48.0630844831467 9.15750022977591 -13.7818679213524
         vertex -48.0630844831467 6.10500015318394 -13.7818679213524
         vertex -48.9073805510998 9.15750022977591 -10.395584627986
      endloop
   endfacet
   facet normal -0.970275077495177 0.00651591293359521 -0.241916962758648
      outer loop
         vertex -48.0630844831467 9.15750022977591 -13.7818679213524
         vertex -48.9073805510998 9.15750022977591 -10.395584627986
         vertex -49.0086227655411 12.2100003063679 -9.90730710327625
      endloop
   endfacet
   facet normal -0.984796027852752 -0.00488633047497598 -0.173645925088759
      outer loop
         vertex -49.0086227655411 12.2100003063679 -9.90730710327625
         vertex -48.9073805510998 9.15750022977591 -10.395584627986
         vertex -49.513403326273 9.15750022977591 -6.95865508168936
      endloop
   endfacet
   facet normal -0.988641918102998 0.0195434577841651 -0.149014130294626
      outer loop
         vertex -49.0086227655411 12.2100003063679 -9.90730710327625
         vertex -49.513403326273 9.15750022977591 -6.95865508168936
         vertex -49.7515387833118 12.2100003063679 -4.97839227318764
      endloop
   endfacet
   facet normal -0.994474390175589 -0.00977417806174724 -0.104523455396903
      outer loop
         vertex -49.7515387833118 12.2100003063679 -4.97839227318764
         vertex -49.513403326273 9.15750022977591 -6.95865508168936
         vertex -49.8782023787498 9.15750022977591 -3.48782376386225
      endloop
   endfacet
   facet normal -0.998610869702872 0.0171005970667993 -0.0498387448801791
      outer loop
         vertex -49.7515387833118 12.2100003063679 -4.97839227318764
         vertex -49.8782023787498 9.15750022977591 -3.48782376386225
         vertex -50.0000007450581 12.2100003063679 0
      endloop
   endfacet
   facet normal -0.999390818370582 0 -0.0348997443626562
      outer loop
         vertex -50.0000007450581 12.2100003063679 0
         vertex -49.8782023787498 9.15750022977591 -3.48782376386225
         vertex -50.0000007450581 9.15750022977591 0
      endloop
   endfacet
   facet normal -0.999390818370582 0 0.0348997443626562
      outer loop
         vertex -50.0000007450581 12.2100003063679 0
         vertex -50.0000007450581 9.15750022977591 0
         vertex -49.8782023787498 9.15750022977591 3.48782376386225
      endloop
   endfacet
   facet normal -0.999390818297984 -2.91452584085619E-09 0.0348997464415759
      outer loop
         vertex -49.8782023787498 9.15750022977591 3.48782376386225
         vertex -50.0000007450581 9.15750022977591 0
         vertex -50.0000007450581 6.10500015318394 0
      endloop
   endfacet
   facet normal -0.999390818370582 0 0.0348997443626562
      outer loop
         vertex -49.8782023787498 9.15750022977591 3.48782376386225
         vertex -50.0000007450581 6.10500015318394 0
         vertex -49.8782023787498 6.10500015318394 3.48782376386225
      endloop
   endfacet
   facet normal -0.999390818297984 -2.91452584085619E-09 0.0348997464415759
      outer loop
         vertex -49.8782023787498 6.10500015318394 3.48782376386225
         vertex -50.0000007450581 6.10500015318394 0
         vertex -50.0000007450581 3.05250007659197 0
      endloop
   endfacet
   facet normal -0.999390818370582 0 0.0348997443626562
      outer loop
         vertex -49.8782023787498 6.10500015318394 3.48782376386225
         vertex -50.0000007450581 3.05250007659197 0
         vertex -49.8782023787498 3.05250007659197 3.48782376386225
      endloop
   endfacet
   facet normal -0.999390818297984 -2.91452584085619E-09 0.0348997464415759
      outer loop
         vertex -49.8782023787498 3.05250007659197 3.48782376386225
         vertex -50.0000007450581 3.05250007659197 0
         vertex -50.0000007450581 0 0
      endloop
   endfacet
   facet normal -0.998610869824662 -0.0171006007941753 0.049838741160967
      outer loop
         vertex -49.8782023787498 3.05250007659197 3.48782376386225
         vertex -50.0000007450581 0 0
         vertex -49.7515387833118 0 4.97839227318764
      endloop
   endfacet
   facet normal -0.968995088550545 0.0130294802756976 -0.246736197199896
      outer loop
         vertex -49.0086227655411 12.2100003063679 -9.90730710327625
         vertex -47.7786399424076 12.2100003063679 -14.7377587854862
         vertex -48.0630844831467 9.15750022977591 -13.7818679213524
      endloop
   endfacet
   facet normal -0.951025014206564 -0.00814503063117326 -0.3090066032133
      outer loop
         vertex -48.0630844831467 9.15750022977591 -13.7818679213524
         vertex -47.7786399424076 12.2100003063679 -14.7377587854862
         vertex -46.9846315681934 9.15750022977591 -17.1010065823793
      endloop
   endfacet
   facet normal -0.951056568699876 2.71253006023063E-09 -0.309016833089749
      outer loop
         vertex -48.0630844831467 9.15750022977591 -13.7818679213524
         vertex -46.9846315681934 9.15750022977591 -17.1010065823793
         vertex -46.9846315681934 6.10500015318394 -17.1010065823793
      endloop
   endfacet
   facet normal -0.927184010367743 0 -0.374606207794785
      outer loop
         vertex -46.9846315681934 6.10500015318394 -17.1010065823793
         vertex -46.9846315681934 9.15750022977591 -17.1010065823793
         vertex -45.6772744655609 6.10500015318394 -20.3368328511715
      endloop
   endfacet
   facet normal -0.927184012354641 -2.05325629070883E-08 -0.374606202877032
      outer loop
         vertex -46.9846315681934 6.10500015318394 -17.1010065823793
         vertex -45.6772744655609 6.10500015318394 -20.3368328511715
         vertex -45.6772744655609 3.05250007659197 -20.3368328511715
      endloop
   endfacet
   facet normal -0.898793800603486 0 -0.438371650539518
      outer loop
         vertex -45.6772744655609 3.05250007659197 -20.3368328511715
         vertex -45.6772744655609 6.10500015318394 -20.3368328511715
         vertex -44.1473796963692 3.05250007659197 -23.4735775738955
      endloop
   endfacet
   facet normal -0.939497799949557 0.0203578236726224 -0.341949474199414
      outer loop
         vertex -47.7786399424076 12.2100003063679 -14.7377587854862
         vertex -46.0738092660904 12.2100003063679 -19.4217395037413
         vertex -46.9846315681934 9.15750022977591 -17.1010065823793
      endloop
   endfacet
   facet normal -0.927153260978547 -0.00814422940155942 -0.374593782895953
      outer loop
         vertex -46.9846315681934 9.15750022977591 -17.1010065823793
         vertex -46.0738092660904 12.2100003063679 -19.4217395037413
         vertex -45.6772744655609 9.15750022977591 -20.3368328511715
      endloop
   endfacet
   facet normal -0.927184012354641 -2.05325629070883E-08 -0.374606202877032
      outer loop
         vertex -46.9846315681934 9.15750022977591 -17.1010065823793
         vertex -45.6772744655609 9.15750022977591 -20.3368328511715
         vertex -45.6772744655609 6.10500015318394 -20.3368328511715
      endloop
   endfacet
   facet normal -0.898793800603486 0 -0.438371650539518
      outer loop
         vertex -45.6772744655609 6.10500015318394 -20.3368328511715
         vertex -45.6772744655609 9.15750022977591 -20.3368328511715
         vertex -44.1473796963692 6.10500015318394 -23.4735775738955
      endloop
   endfacet
   facet normal -0.8987937888612 -1.61426387277402E-08 -0.438371674614736
      outer loop
         vertex -45.6772744655609 6.10500015318394 -20.3368328511715
         vertex -44.1473796963692 6.10500015318394 -23.4735775738955
         vertex -44.1473796963692 3.05250007659197 -23.4735775738955
      endloop
   endfacet
   facet normal -0.866025507129541 0 -0.499999821000989
      outer loop
         vertex -44.1473796963692 3.05250007659197 -23.4735775738955
         vertex -44.1473796963692 6.10500015318394 -23.4735775738955
         vertex -42.4024052917957 3.05250007659197 -26.4959633350372
      endloop
   endfacet
   facet normal -0.90089233465733 0.0130304165833112 -0.433846988694552
      outer loop
         vertex -46.0738092660904 12.2100003063679 -19.4217395037413
         vertex -43.9110770821571 12.2100003063679 -23.9126980304718
         vertex -45.6772744655609 9.15750022977591 -20.3368328511715
      endloop
   endfacet
   facet normal -0.898774708747752 0.00651563070409043 -0.438362372326733
      outer loop
         vertex -45.6772744655609 9.15750022977591 -20.3368328511715
         vertex -43.9110770821571 12.2100003063679 -23.9126980304718
         vertex -44.1473796963692 9.15750022977591 -23.4735775738955
      endloop
   endfacet
   facet normal -0.8987937888612 -1.61426387277402E-08 -0.438371674614736
      outer loop
         vertex -45.6772744655609 9.15750022977591 -20.3368328511715
         vertex -44.1473796963692 9.15750022977591 -23.4735775738955
         vertex -44.1473796963692 6.10500015318394 -23.4735775738955
      endloop
   endfacet
   facet normal -0.866025507129541 0 -0.499999821000989
      outer loop
         vertex -44.1473796963692 6.10500015318394 -23.4735775738955
         vertex -44.1473796963692 9.15750022977591 -23.4735775738955
         vertex -42.4024052917957 6.10500015318394 -26.4959633350372
      endloop
   endfacet
   facet normal -0.866025507129541 7.83558018178929E-09 -0.499999821000989
      outer loop
         vertex -44.1473796963692 6.10500015318394 -23.4735775738955
         vertex -42.4024052917957 6.10500015318394 -26.4959633350372
         vertex -42.4024052917957 3.05250007659197 -26.4959633350372
      endloop
   endfacet
   facet normal -0.829037327767458 0 -0.559193266383093
      outer loop
         vertex -42.4024052917957 3.05250007659197 -26.4959633350372
         vertex -42.4024052917957 6.10500015318394 -26.4959633350372
         vertex -40.4508486390114 3.05250007659197 -29.3892621994019
      endloop
   endfacet
   facet normal -0.866015183822921 -0.00488644784982724 -0.49999382397742
      outer loop
         vertex -44.1473796963692 9.15750022977591 -23.4735775738955
         vertex -43.9110770821571 12.2100003063679 -23.9126980304718
         vertex -42.4024052917957 9.15750022977591 -26.4959633350372
      endloop
   endfacet
   facet normal -0.853128105391464 0.0195436899239908 -0.521335285565178
      outer loop
         vertex -42.4024052917957 9.15750022977591 -26.4959633350372
         vertex -43.9110770821571 12.2100003063679 -23.9126980304718
         vertex -41.31193831563 12.2100003063679 -28.1660035252571
      endloop
   endfacet
   facet normal -0.828997728650417 -0.00977427602523104 -0.559166548910638
      outer loop
         vertex -42.4024052917957 9.15750022977591 -26.4959633350372
         vertex -41.31193831563 12.2100003063679 -28.1660035252571
         vertex -40.4508486390114 9.15750022977591 -29.3892621994019
      endloop
   endfacet
   facet normal -0.797015715390521 0.0171005295054367 -0.603716424582907
      outer loop
         vertex -40.4508486390114 9.15750022977591 -29.3892621994019
         vertex -41.31193831563 12.2100003063679 -28.1660035252571
         vertex -38.3022204041481 12.2100003063679 -32.1393795311451
      endloop
   endfacet
   facet normal -0.788010617289791 -2.50933128340532E-08 -0.615661649803333
      outer loop
         vertex -40.4508486390114 9.15750022977591 -29.3892621994019
         vertex -38.3022204041481 12.2100003063679 -32.1393795311451
         vertex -38.3022204041481 9.15750022977591 -32.1393795311451
      endloop
   endfacet
   facet normal -0.732944880121287 0.017100806681204 -0.680073058659762
      outer loop
         vertex -38.3022204041481 12.2100003063679 -32.1393795311451
         vertex -34.9118411540985 12.2100003063679 -35.7933416962624
         vertex -35.9669886529446 9.15750022977591 -34.7329191863537
      endloop
   endfacet
   facet normal -0.69462524598484 -0.00977411755521977 -0.719305383176379
      outer loop
         vertex -35.9669886529446 9.15750022977591 -34.7329191863537
         vertex -34.9118411540985 12.2100003063679 -35.7933416962624
         vertex -33.4565304219723 9.15750022977591 -37.1572412550449
      endloop
   endfacet
   facet normal -0.694658451847259 9.68554578740266E-08 -0.719339721742905
      outer loop
         vertex -35.9669886529446 9.15750022977591 -34.7329191863537
         vertex -33.4565304219723 9.15750022977591 -37.1572412550449
         vertex -33.4565304219723 6.10500015318394 -37.1572412550449
      endloop
   endfacet
   facet normal -0.6427874343287 0 -0.766044590261642
      outer loop
         vertex -33.4565304219723 6.10500015318394 -37.1572412550449
         vertex -33.4565304219723 9.15750022977591 -37.1572412550449
         vertex -30.7830739766359 6.10500015318394 -39.4005365669727
      endloop
   endfacet
   facet normal -0.6427874343287 1.2503728287556E-08 -0.766044590261642
      outer loop
         vertex -33.4565304219723 6.10500015318394 -37.1572412550449
         vertex -30.7830739766359 6.10500015318394 -39.4005365669727
         vertex -30.7830739766359 3.05250007659197 -39.4005365669727
      endloop
   endfacet
   facet normal -0.587785416676814 0 -0.809016874942708
      outer loop
         vertex -30.7830739766359 3.05250007659197 -39.4005365669727
         vertex -30.7830739766359 6.10500015318394 -39.4005365669727
         vertex -27.9596447944641 3.05250007659197 -41.4518788456917
      endloop
   endfacet
   facet normal -0.587772954020788 -0.00651440291126289 -0.808999701530468
      outer loop
         vertex -30.7830739766359 3.05250007659197 -39.4005365669727
         vertex -27.9596447944641 3.05250007659197 -41.4518788456917
         vertex -31.1744902282953 0 -39.0915758907795
      endloop
   endfacet
   facet normal -0.58369375737321 -0.0130294490144092 -0.811869343590411
      outer loop
         vertex -31.1744902282953 0 -39.0915758907795
         vertex -27.9596447944641 3.05250007659197 -41.4518788456917
         vertex -27.1273124963045 0 -42.0012958347797
      endloop
   endfacet
   facet normal -0.66155977102372 0.0195431805509793 -0.749637734813954
      outer loop
         vertex -34.9118411540985 12.2100003063679 -35.7933416962624
         vertex -31.1744902282953 12.2100003063679 -39.0915758907795
         vertex -33.4565304219723 9.15750022977591 -37.1572412550449
      endloop
   endfacet
   facet normal -0.642779729135019 -0.00488768068450244 -0.766035462880562
      outer loop
         vertex -33.4565304219723 9.15750022977591 -37.1572412550449
         vertex -31.1744902282953 12.2100003063679 -39.0915758907795
         vertex -30.7830739766359 9.15750022977591 -39.4005365669727
      endloop
   endfacet
   facet normal -0.6427874343287 1.2503728287556E-08 -0.766044590261642
      outer loop
         vertex -33.4565304219723 9.15750022977591 -37.1572412550449
         vertex -30.7830739766359 9.15750022977591 -39.4005365669727
         vertex -30.7830739766359 6.10500015318394 -39.4005365669727
      endloop
   endfacet
   facet normal -0.587785416676814 0 -0.809016874942708
      outer loop
         vertex -30.7830739766359 6.10500015318394 -39.4005365669727
         vertex -30.7830739766359 9.15750022977591 -39.4005365669727
         vertex -27.9596447944641 6.10500015318394 -41.4518788456917
      endloop
   endfacet
   facet normal -0.587785416676814 1.06859258105497E-08 -0.809016874942708
      outer loop
         vertex -30.7830739766359 6.10500015318394 -39.4005365669727
         vertex -27.9596447944641 6.10500015318394 -41.4518788456917
         vertex -27.9596447944641 3.05250007659197 -41.4518788456917
      endloop
   endfacet
   facet normal -0.529919155834671 0 -0.848048163891338
      outer loop
         vertex -27.9596447944641 3.05250007659197 -41.4518788456917
         vertex -27.9596447944641 6.10500015318394 -41.4518788456917
         vertex -25.000000372529 3.05250007659197 -43.3012694120407
      endloop
   endfacet
   facet normal -0.529901575531614 0.00814492459252272 -0.848020035407475
      outer loop
         vertex -27.9596447944641 3.05250007659197 -41.4518788456917
         vertex -25.000000372529 3.05250007659197 -43.3012694120407
         vertex -27.1273124963045 0 -42.0012958347797
      endloop
   endfacet
   facet normal -0.499896430160237 -0.0203574203923311 -0.865845906930339
      outer loop
         vertex -27.1273124963045 0 -42.0012958347797
         vertex -25.000000372529 3.05250007659197 -43.3012694120407
         vertex -22.8105336427689 0 -44.4935895502567
      endloop
   endfacet
   facet normal -0.587772954020788 0.00651440291126289 -0.808999701530468
      outer loop
         vertex -30.7830739766359 9.15750022977591 -39.4005365669727
         vertex -31.1744902282953 12.2100003063679 -39.0915758907795
         vertex -27.9596447944641 9.15750022977591 -41.4518788456917
      endloop
   endfacet
   facet normal -0.583693757366127 0.0130294499455736 -0.811869343580559
      outer loop
         vertex -27.9596447944641 9.15750022977591 -41.4518788456917
         vertex -31.1744902282953 12.2100003063679 -39.0915758907795
         vertex -27.1273124963045 12.2100003063679 -42.0012958347797
      endloop
   endfacet
   facet normal -0.529901575531614 -0.00814492459252272 -0.848020035407475
      outer loop
         vertex -27.9596447944641 9.15750022977591 -41.4518788456917
         vertex -27.1273124963045 12.2100003063679 -42.0012958347797
         vertex -25.000000372529 9.15750022977591 -43.3012694120407
      endloop
   endfacet
   facet normal -0.499896429989639 0.0203574371491899 -0.865845906634853
      outer loop
         vertex -25.000000372529 9.15750022977591 -43.3012694120407
         vertex -27.1273124963045 12.2100003063679 -42.0012958347797
         vertex -22.8105336427689 12.2100003063679 -44.4935895502567
      endloop
   endfacet
   facet normal -0.469455753803426 -0.00814534918710604 -0.882918426870499
      outer loop
         vertex -25.000000372529 9.15750022977591 -43.3012694120407
         vertex -22.8105336427689 12.2100003063679 -44.4935895502567
         vertex -21.9185575842857 9.15750022977591 -44.9397005140781
      endloop
   endfacet
   facet normal -0.411252235652063 0.0130290139265962 -0.911428463164982
      outer loop
         vertex -21.9185575842857 9.15750022977591 -44.9397005140781
         vertex -22.8105336427689 12.2100003063679 -44.4935895502567
         vertex -18.2670503854752 12.2100003063679 -46.543687582016
      endloop
   endfacet
   facet normal -0.406728345079373 0.00651520845130417 -0.913525919373846
      outer loop
         vertex -21.9185575842857 9.15750022977591 -44.9397005140781
         vertex -18.2670503854752 12.2100003063679 -46.543687582016
         vertex -18.730329349637 9.15750022977591 -46.3591925799847
      endloop
   endfacet
   facet normal -0.342015685460257 -0.00488709893800275 -0.939681534969758
      outer loop
         vertex -18.730329349637 9.15750022977591 -46.3591925799847
         vertex -18.2670503854752 12.2100003063679 -46.543687582016
         vertex -15.4508501291275 9.15750022977591 -47.5528240203857
      endloop
   endfacet
   facet normal -0.342019800033689 3.1410391069176E-08 -0.939692745733899
      outer loop
         vertex -18.730329349637 9.15750022977591 -46.3591925799847
         vertex -15.4508501291275 9.15750022977591 -47.5528240203857
         vertex -15.4508501291275 6.10500015318394 -47.5528240203857
      endloop
   endfacet
   facet normal -0.275638013107255 0 -0.961261507463128
      outer loop
         vertex -15.4508501291275 6.10500015318394 -47.5528240203857
         vertex -15.4508501291275 9.15750022977591 -47.5528240203857
         vertex -12.0960948988795 6.10500015318394 -48.5147871077061
      endloop
   endfacet
   facet normal -0.275638013107255 -3.67237616799457E-09 -0.961261507463128
      outer loop
         vertex -15.4508501291275 6.10500015318394 -47.5528240203857
         vertex -12.0960948988795 6.10500015318394 -48.5147871077061
         vertex -12.0960948988795 3.05250007659197 -48.5147871077061
      endloop
   endfacet
   facet normal -0.207911580434017 0 -0.978147624196588
      outer loop
         vertex -12.0960948988795 3.05250007659197 -48.5147871077061
         vertex -12.0960948988795 6.10500015318394 -48.5147871077061
         vertex -8.68240930140018 3.05250007659197 -49.2403879761696
      endloop
   endfacet
   facet normal -0.207911580434017 -2.19825179892941E-09 -0.978147624196588
      outer loop
         vertex -12.0960948988795 3.05250007659197 -48.5147871077061
         vertex -8.68240930140018 3.05250007659197 -49.2403879761696
         vertex -8.68240930140018 0 -49.2403879761696
      endloop
   endfacet
   facet normal -0.139173078407875 0 -0.990268071911074
      outer loop
         vertex -8.68240930140018 0 -49.2403879761696
         vertex -8.68240930140018 3.05250007659197 -49.2403879761696
         vertex -5.22642303258181 3.05250007659197 -49.7260950505733
      endloop
   endfacet
   facet normal -0.124325581930198 -0.0171006221820349 -0.992094107632287
      outer loop
         vertex -8.68240930140018 0 -49.2403879761696
         vertex -5.22642303258181 3.05250007659197 -49.7260950505733
         vertex -3.7365045864135 0 -49.8601906001568
      endloop
   endfacet
   facet normal -0.0697534667971092 0.00977412966406184 -0.9975163759353
      outer loop
         vertex -3.7365045864135 0 -49.8601906001568
         vertex -5.22642303258181 3.05250007659197 -49.7260950505733
         vertex -1.74497487023473 3.05250007659197 -49.9695427715778
      endloop
   endfacet
   facet normal -0.0249257311966488 -0.0195436440989662 -0.99949825107383
      outer loop
         vertex -3.7365045864135 0 -49.8601906001568
         vertex -1.74497487023473 3.05250007659197 -49.9695427715778
         vertex 1.2465346371755 0 -49.9844588339329
      endloop
   endfacet
   facet normal -3.20413828640473E-11 0.00488644829620104 -0.999988061240257
      outer loop
         vertex 1.2465346371755 0 -49.9844588339329
         vertex -1.74497487023473 3.05250007659197 -49.9695427715778
         vertex 1.74497487023473 3.05250007659197 -49.9695427715778
      endloop
   endfacet
   facet normal 0.0697553227279611 -0.00651578973003144 -0.997542850926872
      outer loop
         vertex 1.2465346371755 0 -49.9844588339329
         vertex 1.74497487023473 3.05250007659197 -49.9695427715778
         vertex 5.22642303258181 3.05250007659197 -49.7260950505733
      endloop
   endfacet
   facet normal 0.0697568023934825 -3.64648931611134E-10 -0.997564027278368
      outer loop
         vertex 5.22642303258181 3.05250007659197 -49.7260950505733
         vertex 1.74497487023473 3.05250007659197 -49.9695427715778
         vertex 1.74497487023473 6.10500015318394 -49.9695427715778
      endloop
   endfacet
   facet normal 0.0697568065411836 0 -0.997564026988331
      outer loop
         vertex 5.22642303258181 3.05250007659197 -49.7260950505733
         vertex 1.74497487023473 6.10500015318394 -49.9695427715778
         vertex 5.22642303258181 6.10500015318394 -49.7260950505733
      endloop
   endfacet
   facet normal 0.0697568023934825 -3.64648931611134E-10 -0.997564027278368
      outer loop
         vertex 5.22642303258181 6.10500015318394 -49.7260950505733
         vertex 1.74497487023473 6.10500015318394 -49.9695427715778
         vertex 1.74497487023473 9.15750022977591 -49.9695427715778
      endloop
   endfacet
   facet normal 0.0697568065411836 0 -0.997564026988331
      outer loop
         vertex 5.22642303258181 6.10500015318394 -49.7260950505733
         vertex 1.74497487023473 9.15750022977591 -49.9695427715778
         vertex 5.22642303258181 9.15750022977591 -49.7260950505733
      endloop
   endfacet
   facet normal 0.06975531531702 0.00651578228315358 -0.99754285149374
      outer loop
         vertex 5.22642303258181 9.15750022977591 -49.7260950505733
         vertex 1.74497487023473 9.15750022977591 -49.9695427715778
         vertex 1.2465346371755 12.2100003063679 -49.9844588339329
      endloop
   endfacet
   facet normal 0.0747238478650355 0.0130296704569512 -0.997119137439467
      outer loop
         vertex 5.22642303258181 9.15750022977591 -49.7260950505733
         vertex 1.2465346371755 12.2100003063679 -49.9844588339329
         vertex 6.21718540787697 12.2100003063679 -49.6119596064091
      endloop
   endfacet
   facet normal -0.318425924741053 0.0195427388661761 -0.947746280293631
      outer loop
         vertex -18.2670503854752 12.2100003063679 -46.543687582016
         vertex -13.5420234873891 12.2100003063679 -48.1312125921249
         vertex -15.4508501291275 9.15750022977591 -47.5528240203857
      endloop
   endfacet
   facet normal -0.275624850448048 -0.00977430524542902 -0.961215587041981
      outer loop
         vertex -15.4508501291275 9.15750022977591 -47.5528240203857
         vertex -13.5420234873891 12.2100003063679 -48.1312125921249
         vertex -12.0960948988795 9.15750022977591 -48.5147871077061
      endloop
   endfacet
   facet normal -0.275638013107255 -3.67237616799457E-09 -0.961261507463128
      outer loop
         vertex -15.4508501291275 9.15750022977591 -47.5528240203857
         vertex -12.0960948988795 9.15750022977591 -48.5147871077061
         vertex -12.0960948988795 6.10500015318394 -48.5147871077061
      endloop
   endfacet
   facet normal -0.207911580434017 0 -0.978147624196588
      outer loop
         vertex -12.0960948988795 6.10500015318394 -48.5147871077061
         vertex -12.0960948988795 9.15750022977591 -48.5147871077061
         vertex -8.68240930140018 6.10500015318394 -49.2403879761696
      endloop
   endfacet
   facet normal -0.207911580434017 -2.19825179892941E-09 -0.978147624196588
      outer loop
         vertex -12.0960948988795 6.10500015318394 -48.5147871077061
         vertex -8.68240930140018 6.10500015318394 -49.2403879761696
         vertex -8.68240930140018 3.05250007659197 -49.2403879761696
      endloop
   endfacet
   facet normal -0.139173063795336 0 -0.990268073964732
      outer loop
         vertex -8.68240930140018 3.05250007659197 -49.2403879761696
         vertex -8.68240930140018 6.10500015318394 -49.2403879761696
         vertex -5.22642303258181 3.05250007659197 -49.7260950505733
      endloop
   endfacet
   facet normal -0.222488422582696 0.0171008809750347 -0.974785341337538
      outer loop
         vertex -13.5420234873891 12.2100003063679 -48.1312125921249
         vertex -8.68240930140018 12.2100003063679 -49.2403879761696
         vertex -12.0960948988795 9.15750022977591 -48.5147871077061
      endloop
   endfacet
   facet normal -0.207911580434017 2.19825179892941E-09 -0.978147624196588
      outer loop
         vertex -12.0960948988795 9.15750022977591 -48.5147871077061
         vertex -8.68240930140018 12.2100003063679 -49.2403879761696
         vertex -8.68240930140018 9.15750022977591 -49.2403879761696
      endloop
   endfacet
   facet normal -0.207911580434017 -2.19825179892941E-09 -0.978147624196588
      outer loop
         vertex -12.0960948988795 9.15750022977591 -48.5147871077061
         vertex -8.68240930140018 9.15750022977591 -49.2403879761696
         vertex -8.68240930140018 6.10500015318394 -49.2403879761696
      endloop
   endfacet
   facet normal -0.139173063795336 0 -0.990268073964732
      outer loop
         vertex -8.68240930140018 6.10500015318394 -49.2403879761696
         vertex -8.68240930140018 9.15750022977591 -49.2403879761696
         vertex -5.22642303258181 6.10500015318394 -49.7260950505733
      endloop
   endfacet
   facet normal -0.139173063795336 1.25986228738461E-08 -0.990268073964732
      outer loop
         vertex -8.68240930140018 6.10500015318394 -49.2403879761696
         vertex -5.22642303258181 6.10500015318394 -49.7260950505733
         vertex -5.22642303258181 3.05250007659197 -49.7260950505733
      endloop
   endfacet
   facet normal -0.0697568023934825 0 -0.997564027278368
      outer loop
         vertex -5.22642303258181 3.05250007659197 -49.7260950505733
         vertex -5.22642303258181 6.10500015318394 -49.7260950505733
         vertex -1.74497487023473 3.05250007659197 -49.9695427715778
      endloop
   endfacet
   facet normal -0.139173063795336 0 -0.990268073964732
      outer loop
         vertex -8.68240930140018 9.15750022977591 -49.2403879761696
         vertex -8.68240930140018 12.2100003063679 -49.2403879761696
         vertex -5.22642303258181 9.15750022977591 -49.7260950505733
      endloop
   endfacet
   facet normal -0.124325589288838 0.0171006025181315 -0.992094107049074
      outer loop
         vertex -5.22642303258181 9.15750022977591 -49.7260950505733
         vertex -8.68240930140018 12.2100003063679 -49.2403879761696
         vertex -3.7365045864135 12.2100003063679 -49.8601906001568
      endloop
   endfacet
   facet normal -0.0697534667977442 -0.00977412873282826 -0.99751637594438
      outer loop
         vertex -5.22642303258181 9.15750022977591 -49.7260950505733
         vertex -3.7365045864135 12.2100003063679 -49.8601906001568
         vertex -1.74497487023473 9.15750022977591 -49.9695427715778
      endloop
   endfacet
   facet normal -0.024925727473673 0.0195436441007809 -0.999498251166639
      outer loop
         vertex -1.74497487023473 9.15750022977591 -49.9695427715778
         vertex -3.7365045864135 12.2100003063679 -49.8601906001568
         vertex 1.2465346371755 12.2100003063679 -49.9844588339329
      endloop
   endfacet
   facet normal 0 -0.00488644829620104 -0.999988061240257
      outer loop
         vertex -1.74497487023473 9.15750022977591 -49.9695427715778
         vertex 1.2465346371755 12.2100003063679 -49.9844588339329
         vertex 1.74497487023473 9.15750022977591 -49.9695427715778
      endloop
   endfacet
   facet normal 0.139168443910416 -0.00814477183326545 -0.990235228070249
      outer loop
         vertex 5.22642303258181 9.15750022977591 -49.7260950505733
         vertex 6.21718540787697 12.2100003063679 -49.6119596064091
         vertex 8.68240930140018 9.15750022977591 -49.2403879761696
      endloop
   endfacet
   facet normal 0.173611997619265 0.0203576217236015 -0.984603697697915
      outer loop
         vertex 8.68240930140018 9.15750022977591 -49.2403879761696
         vertex 6.21718540787697 12.2100003063679 -49.6119596064091
         vertex 11.126047000289 12.2100003063679 -48.746395856142
      endloop
   endfacet
   facet normal 0.207904703402319 -0.00814497591167757 -0.978115174031459
      outer loop
         vertex 8.68240930140018 9.15750022977591 -49.2403879761696
         vertex 11.126047000289 12.2100003063679 -48.746395856142
         vertex 12.0960948988795 9.15750022977591 -48.5147871077061
      endloop
   endfacet
   facet normal 0.270817876647358 0.0130296694492599 -0.962542417456114
      outer loop
         vertex 12.0960948988795 9.15750022977591 -48.5147871077061
         vertex 11.126047000289 12.2100003063679 -48.746395856142
         vertex 15.9243326634169 12.2100003063679 -47.3963655531406
      endloop
   endfacet
   facet normal 0.275632166796574 0.00651510557816419 -0.961241105044063
      outer loop
         vertex 12.0960948988795 9.15750022977591 -48.5147871077061
         vertex 15.9243326634169 12.2100003063679 -47.3963655531406
         vertex 15.4508501291275 9.15750022977591 -47.5528240203857
      endloop
   endfacet
   facet normal 0.342015712078449 -0.00488691821592563 -0.939681526221423
      outer loop
         vertex 15.4508501291275 9.15750022977591 -47.5528240203857
         vertex 15.9243326634169 12.2100003063679 -47.3963655531406
         vertex 18.730329349637 9.15750022977591 -46.3591925799847
      endloop
   endfacet
   facet normal 0.342019800033689 -3.1410391069176E-08 -0.939692745733899
      outer loop
         vertex 15.4508501291275 9.15750022977591 -47.5528240203857
         vertex 18.730329349637 9.15750022977591 -46.3591925799847
         vertex 18.730329349637 6.10500015318394 -46.3591925799847
      endloop
   endfacet
   facet normal 0.406736970546957 0 -0.913545311842978
      outer loop
         vertex 18.730329349637 6.10500015318394 -46.3591925799847
         vertex 18.730329349637 9.15750022977591 -46.3591925799847
         vertex 21.9185575842857 6.10500015318394 -44.9397005140781
      endloop
   endfacet
   facet normal 0.406736970546957 3.31532801700483E-09 -0.913545311842978
      outer loop
         vertex 18.730329349637 6.10500015318394 -46.3591925799847
         vertex 21.9185575842857 6.10500015318394 -44.9397005140781
         vertex 21.9185575842857 3.05250007659197 -44.9397005140781
      endloop
   endfacet
   facet normal 0.46947132331427 0 -0.882947720188205
      outer loop
         vertex 21.9185575842857 3.05250007659197 -44.9397005140781
         vertex 21.9185575842857 6.10500015318394 -44.9397005140781
         vertex 25.000000372529 3.05250007659197 -43.3012694120407
      endloop
   endfacet
   facet normal 0.469471301553921 -4.96596213629649E-09 -0.882947731758379
      outer loop
         vertex 21.9185575842857 3.05250007659197 -44.9397005140781
         vertex 25.000000372529 3.05250007659197 -43.3012694120407
         vertex 25.000000372529 0 -43.3012694120407
      endloop
   endfacet
   facet normal 0.529919155834671 0 -0.848048163891338
      outer loop
         vertex 25.000000372529 0 -43.3012694120407
         vertex 25.000000372529 3.05250007659197 -43.3012694120407
         vertex 27.9596447944641 3.05250007659197 -41.4518788456917
      endloop
   endfacet
   facet normal 0.542467016036589 -0.017101036950136 -0.839903024787737
      outer loop
         vertex 25.000000372529 0 -43.3012694120407
         vertex 27.9596447944641 3.05250007659197 -41.4518788456917
         vertex 29.1871838271618 0 -40.5968986451626
      endloop
   endfacet
   facet normal 0.587757333077674 0.00977386600845158 -0.808978237628596
      outer loop
         vertex 29.1871838271618 0 -40.5968986451626
         vertex 27.9596447944641 3.05250007659197 -41.4518788456917
         vertex 30.7830739766359 3.05250007659197 -39.4005365669727
      endloop
   endfacet
   facet normal 0.623370501900293 -0.0195432371589981 -0.781682339087896
      outer loop
         vertex 29.1871838271618 0 -40.5968986451626
         vertex 30.7830739766359 3.05250007659197 -39.4005365669727
         vertex 33.0842919647694 0 -37.4890603125095
      endloop
   endfacet
   facet normal 0.642779766004566 0.00488707841158226 -0.766035435785913
      outer loop
         vertex 33.0842919647694 0 -37.4890603125095
         vertex 30.7830739766359 3.05250007659197 -39.4005365669727
         vertex 33.4565304219723 3.05250007659197 -37.1572412550449
      endloop
   endfacet
   facet normal 0.694643714042989 -0.00651517592397856 -0.7193244490654
      outer loop
         vertex 33.0842919647694 0 -37.4890603125095
         vertex 33.4565304219723 3.05250007659197 -37.1572412550449
         vertex 35.9669886529446 3.05250007659197 -34.7329191863537
      endloop
   endfacet
   facet normal 0.694658451847259 -9.68554578740266E-08 -0.719339721742905
      outer loop
         vertex 35.9669886529446 3.05250007659197 -34.7329191863537
         vertex 33.4565304219723 3.05250007659197 -37.1572412550449
         vertex 33.4565304219723 6.10500015318394 -37.1572412550449
      endloop
   endfacet
   facet normal 0.694658512473829 0 -0.719339663196496
      outer loop
         vertex 35.9669886529446 3.05250007659197 -34.7329191863537
         vertex 33.4565304219723 6.10500015318394 -37.1572412550449
         vertex 35.9669886529446 6.10500015318394 -34.7329191863537
      endloop
   endfacet
   facet normal 0.694658451847259 -9.68554578740266E-08 -0.719339721742905
      outer loop
         vertex 35.9669886529446 6.10500015318394 -34.7329191863537
         vertex 33.4565304219723 6.10500015318394 -37.1572412550449
         vertex 33.4565304219723 9.15750022977591 -37.1572412550449
      endloop
   endfacet
   facet normal 0.694658512473829 0 -0.719339663196496
      outer loop
         vertex 35.9669886529446 6.10500015318394 -34.7329191863537
         vertex 33.4565304219723 9.15750022977591 -37.1572412550449
         vertex 35.9669886529446 9.15750022977591 -34.7329191863537
      endloop
   endfacet
   facet normal 0.694643714344353 0.00651510933723738 -0.719324449377473
      outer loop
         vertex 35.9669886529446 9.15750022977591 -34.7329191863537
         vertex 33.4565304219723 9.15750022977591 -37.1572412550449
         vertex 33.0842919647694 12.2100003063679 -37.4890603125095
      endloop
   endfacet
   facet normal 0.698177423257515 0.013028946078173 -0.715806211357228
      outer loop
         vertex 35.9669886529446 9.15750022977591 -34.7329191863537
         vertex 33.0842919647694 12.2100003063679 -37.4890603125095
         vertex 36.6525948047638 12.2100003063679 -34.0086370706558
      endloop
   endfacet
   facet normal 0.365271288355736 0.0195437437284147 -0.930695937448971
      outer loop
         vertex 15.9243326634169 12.2100003063679 -47.3963655531406
         vertex 20.5643549561501 12.2100003063679 -45.5752909183502
         vertex 18.730329349637 9.15750022977591 -46.3591925799847
      endloop
   endfacet
   facet normal 0.406717559877646 -0.00977393755969307 -0.913501667558277
      outer loop
         vertex 18.730329349637 9.15750022977591 -46.3591925799847
         vertex 20.5643549561501 12.2100003063679 -45.5752909183502
         vertex 21.9185575842857 9.15750022977591 -44.9397005140781
      endloop
   endfacet
   facet normal 0.406736970546957 3.31532801700483E-09 -0.913545311842978
      outer loop
         vertex 18.730329349637 9.15750022977591 -46.3591925799847
         vertex 21.9185575842857 9.15750022977591 -44.9397005140781
         vertex 21.9185575842857 6.10500015318394 -44.9397005140781
      endloop
   endfacet
   facet normal 0.46947132331427 0 -0.882947720188205
      outer loop
         vertex 21.9185575842857 6.10500015318394 -44.9397005140781
         vertex 21.9185575842857 9.15750022977591 -44.9397005140781
         vertex 25.000000372529 6.10500015318394 -43.3012694120407
      endloop
   endfacet
   facet normal 0.469471301553921 -4.96596213629649E-09 -0.882947731758379
      outer loop
         vertex 21.9185575842857 6.10500015318394 -44.9397005140781
         vertex 25.000000372529 6.10500015318394 -43.3012694120407
         vertex 25.000000372529 3.05250007659197 -43.3012694120407
      endloop
   endfacet
   facet normal 0.529919155834671 0 -0.848048163891338
      outer loop
         vertex 25.000000372529 3.05250007659197 -43.3012694120407
         vertex 25.000000372529 6.10500015318394 -43.3012694120407
         vertex 27.9596447944641 3.05250007659197 -41.4518788456917
      endloop
   endfacet
   facet normal 0.456143743119786 0.0171006324261573 -0.889741790624278
      outer loop
         vertex 20.5643549561501 12.2100003063679 -45.5752909183502
         vertex 25.000000372529 12.2100003063679 -43.3012694120407
         vertex 21.9185575842857 9.15750022977591 -44.9397005140781
      endloop
   endfacet
   facet normal 0.469471301553921 4.96596213629649E-09 -0.882947731758379
      outer loop
         vertex 21.9185575842857 9.15750022977591 -44.9397005140781
         vertex 25.000000372529 12.2100003063679 -43.3012694120407
         vertex 25.000000372529 9.15750022977591 -43.3012694120407
      endloop
   endfacet
   facet normal 0.469471301553921 -4.96596213629649E-09 -0.882947731758379
      outer loop
         vertex 21.9185575842857 9.15750022977591 -44.9397005140781
         vertex 25.000000372529 9.15750022977591 -43.3012694120407
         vertex 25.000000372529 6.10500015318394 -43.3012694120407
      endloop
   endfacet
   facet normal 0.529919155834671 0 -0.848048163891338
      outer loop
         vertex 25.000000372529 6.10500015318394 -43.3012694120407
         vertex 25.000000372529 9.15750022977591 -43.3012694120407
         vertex 27.9596447944641 6.10500015318394 -41.4518788456917
      endloop
   endfacet
   facet normal 0.529919155834671 4.43575849707275E-09 -0.848048163891338
      outer loop
         vertex 25.000000372529 6.10500015318394 -43.3012694120407
         vertex 27.9596447944641 6.10500015318394 -41.4518788456917
         vertex 27.9596447944641 3.05250007659197 -41.4518788456917
      endloop
   endfacet
   facet normal 0.587785416676814 0 -0.809016874942708
      outer loop
         vertex 27.9596447944641 3.05250007659197 -41.4518788456917
         vertex 27.9596447944641 6.10500015318394 -41.4518788456917
         vertex 30.7830739766359 3.05250007659197 -39.4005365669727
      endloop
   endfacet
   facet normal 0.529919155834671 0 -0.848048163891338
      outer loop
         vertex 25.000000372529 9.15750022977591 -43.3012694120407
         vertex 25.000000372529 12.2100003063679 -43.3012694120407
         vertex 27.9596447944641 9.15750022977591 -41.4518788456917
      endloop
   endfacet
   facet normal 0.542467058032229 0.0171010438456004 -0.839902997523672
      outer loop
         vertex 27.9596447944641 9.15750022977591 -41.4518788456917
         vertex 25.000000372529 12.2100003063679 -43.3012694120407
         vertex 29.1871838271618 12.2100003063679 -40.5968986451626
      endloop
   endfacet
   facet normal 0.587757294080021 -0.00977386355715923 -0.808978265991675
      outer loop
         vertex 27.9596447944641 9.15750022977591 -41.4518788456917
         vertex 29.1871838271618 12.2100003063679 -40.5968986451626
         vertex 30.7830739766359 9.15750022977591 -39.4005365669727
      endloop
   endfacet
   facet normal 0.623370530898924 0.019543241793422 -0.781682315846404
      outer loop
         vertex 30.7830739766359 9.15750022977591 -39.4005365669727
         vertex 29.1871838271618 12.2100003063679 -40.5968986451626
         vertex 33.0842919647694 12.2100003063679 -37.4890603125095
      endloop
   endfacet
   facet normal 0.642779765978236 -0.00488708679328522 -0.766035435754534
      outer loop
         vertex 30.7830739766359 9.15750022977591 -39.4005365669727
         vertex 33.0842919647694 12.2100003063679 -37.4890603125095
         vertex 33.4565304219723 9.15750022977591 -37.1572412550449
      endloop
   endfacet
   facet normal 0.743120386981398 -0.00814574507330774 -0.669108165612868
      outer loop
         vertex 35.9669886529446 9.15750022977591 -34.7329191863537
         vertex 36.6525948047638 12.2100003063679 -34.0086370706558
         vertex 38.3022204041481 9.15750022977591 -32.1393795311451
      endloop
   endfacet
   facet normal 0.765886029573532 0.0203568493897035 -0.642654019194633
      outer loop
         vertex 38.3022204041481 9.15750022977591 -32.1393795311451
         vertex 36.6525948047638 12.2100003063679 -34.0086370706558
         vertex 39.8566238582134 12.2100003063679 -30.1902201026678
      endloop
   endfacet
   facet normal 0.78798445548578 -0.0081450792719564 -0.615641255599746
      outer loop
         vertex 38.3022204041481 9.15750022977591 -32.1393795311451
         vertex 39.8566238582134 12.2100003063679 -30.1902201026678
         vertex 40.4508486390114 9.15750022977591 -29.3892621994019
      endloop
   endfacet
   facet normal 0.826168551013574 0.0130294479755086 -0.563272366445918
      outer loop
         vertex 40.4508486390114 9.15750022977591 -29.3892621994019
         vertex 39.8566238582134 12.2100003063679 -30.1902201026678
         vertex 42.6645427942276 12.2100003063679 -26.0717608034611
      endloop
   endfacet
   facet normal 0.829019730328564 0.00651564080477171 -0.559181395569326
      outer loop
         vertex 40.4508486390114 9.15750022977591 -29.3892621994019
         vertex 42.6645427942276 12.2100003063679 -26.0717608034611
         vertex 42.4024052917957 9.15750022977591 -26.4959633350372
      endloop
   endfacet
   facet normal 0.866015170201154 -0.00488661727367065 -0.499993845915215
      outer loop
         vertex 42.4024052917957 9.15750022977591 -26.4959633350372
         vertex 42.6645427942276 12.2100003063679 -26.0717608034611
         vertex 44.1473796963692 9.15750022977591 -23.4735775738955
      endloop
   endfacet
   facet normal 0.866025507129541 -7.83558018178929E-09 -0.499999821000989
      outer loop
         vertex 42.4024052917957 9.15750022977591 -26.4959633350372
         vertex 44.1473796963692 9.15750022977591 -23.4735775738955
         vertex 44.1473796963692 6.10500015318394 -23.4735775738955
      endloop
   endfacet
   facet normal 0.898793800603486 0 -0.438371650539518
      outer loop
         vertex 44.1473796963692 6.10500015318394 -23.4735775738955
         vertex 44.1473796963692 9.15750022977591 -23.4735775738955
         vertex 45.6772744655609 6.10500015318394 -20.3368328511715
      endloop
   endfacet
   facet normal 0.8987937888612 1.61426387277402E-08 -0.438371674614736
      outer loop
         vertex 44.1473796963692 6.10500015318394 -23.4735775738955
         vertex 45.6772744655609 6.10500015318394 -20.3368328511715
         vertex 45.6772744655609 3.05250007659197 -20.3368328511715
      endloop
   endfacet
   facet normal 0.927184010367743 0 -0.374606207794785
      outer loop
         vertex 45.6772744655609 3.05250007659197 -20.3368328511715
         vertex 45.6772744655609 6.10500015318394 -20.3368328511715
         vertex 46.9846315681934 3.05250007659197 -17.1010065823793
      endloop
   endfacet
   facet normal 0.927184012354641 2.05325629070883E-08 -0.374606202877032
      outer loop
         vertex 45.6772744655609 3.05250007659197 -20.3368328511715
         vertex 46.9846315681934 3.05250007659197 -17.1010065823793
         vertex 46.9846315681934 0 -17.1010065823793
      endloop
   endfacet
   facet normal 0.951056565632929 0 -0.309016842528848
      outer loop
         vertex 46.9846315681934 0 -17.1010065823793
         vertex 46.9846315681934 3.05250007659197 -17.1010065823793
         vertex 48.0630844831467 3.05250007659197 -13.7818679213524
      endloop
   endfacet
   facet normal 0.95543313116764 -0.0171007272017756 -0.294711888115105
      outer loop
         vertex 46.9846315681934 0 -17.1010065823793
         vertex 48.0630844831467 3.05250007659197 -13.7818679213524
         vertex 48.453863710165 0 -12.33786996454
      endloop
   endfacet
   facet normal 0.970249325621988 0.00977392990950825 -0.241910554594465
      outer loop
         vertex 48.453863710165 0 -12.33786996454
         vertex 48.0630844831467 3.05250007659197 -13.7818679213524
         vertex 48.9073805510998 3.05250007659197 -10.395584627986
      endloop
   endfacet
   facet normal 0.979985220701449 -0.0195434332344613 -0.198108610171651
      outer loop
         vertex 48.453863710165 0 -12.33786996454
         vertex 48.9073805510998 3.05250007659197 -10.395584627986
         vertex 49.4415424764156 0 -7.45211308822036
      endloop
   endfacet
   facet normal 0.984796022859764 0.00488736794352439 -0.173645924208362
      outer loop
         vertex 49.4415424764156 0 -7.45211308822036
         vertex 48.9073805510998 3.05250007659197 -10.395584627986
         vertex 49.513403326273 3.05250007659197 -6.95865508168936
      endloop
   endfacet
   facet normal 0.99450079073164 -0.0065147776551943 -0.104526240276051
      outer loop
         vertex 49.4415424764156 0 -7.45211308822036
         vertex 49.513403326273 3.05250007659197 -6.95865508168936
         vertex 49.8782023787498 3.05250007659197 -3.48782376386225
      endloop
   endfacet
   facet normal 0.99452189637524 -6.79755790175087E-09 -0.104528453687003
      outer loop
         vertex 49.8782023787498 3.05250007659197 -3.48782376386225
         vertex 49.513403326273 3.05250007659197 -6.95865508168936
         vertex 49.513403326273 6.10500015318394 -6.95865508168936
      endloop
   endfacet
   facet normal 0.994521896251961 0 -0.104528454859927
      outer loop
         vertex 49.8782023787498 3.05250007659197 -3.48782376386225
         vertex 49.513403326273 6.10500015318394 -6.95865508168936
         vertex 49.8782023787498 6.10500015318394 -3.48782376386225
      endloop
   endfacet
   facet normal 0.99452189637524 -6.79755790175087E-09 -0.104528453687003
      outer loop
         vertex 49.8782023787498 6.10500015318394 -3.48782376386225
         vertex 49.513403326273 6.10500015318394 -6.95865508168936
         vertex 49.513403326273 9.15750022977591 -6.95865508168936
      endloop
   endfacet
   facet normal 0.994521896251961 0 -0.104528454859927
      outer loop
         vertex 49.8782023787498 6.10500015318394 -3.48782376386225
         vertex 49.513403326273 9.15750022977591 -6.95865508168936
         vertex 49.8782023787498 9.15750022977591 -3.48782376386225
      endloop
   endfacet
   facet normal 0.994500790568657 0.00651478378292629 -0.104526241444801
      outer loop
         vertex 49.8782023787498 9.15750022977591 -3.48782376386225
         vertex 49.513403326273 9.15750022977591 -6.95865508168936
         vertex 49.4415424764156 12.2100003063679 -7.45211308822036
      endloop
   endfacet
   facet normal 0.994946364542922 0.0130297309305627 -0.0995588157558093
      outer loop
         vertex 49.8782023787498 9.15750022977591 -3.48782376386225
         vertex 49.4415424764156 12.2100003063679 -7.45211308822036
         vertex 49.9378442764282 12.2100003063679 -2.49229418113828
      endloop
   endfacet
   facet normal 0.878053898554493 0.0195435805990374 -0.478162524347763
      outer loop
         vertex 42.6645427942276 12.2100003063679 -26.0717608034611
         vertex 45.0484417378902 12.2100003063679 -21.6941870748997
         vertex 44.1473796963692 9.15750022977591 -23.4735775738955
      endloop
   endfacet
   facet normal 0.898750881658411 -0.0097733566272701 -0.438350697750632
      outer loop
         vertex 44.1473796963692 9.15750022977591 -23.4735775738955
         vertex 45.0484417378902 12.2100003063679 -21.6941870748997
         vertex 45.6772744655609 9.15750022977591 -20.3368328511715
      endloop
   endfacet
   facet normal 0.8987937888612 1.61426387277402E-08 -0.438371674614736
      outer loop
         vertex 44.1473796963692 9.15750022977591 -23.4735775738955
         vertex 45.6772744655609 9.15750022977591 -20.3368328511715
         vertex 45.6772744655609 6.10500015318394 -20.3368328511715
      endloop
   endfacet
   facet normal 0.927184010367743 0 -0.374606207794785
      outer loop
         vertex 45.6772744655609 6.10500015318394 -20.3368328511715
         vertex 45.6772744655609 9.15750022977591 -20.3368328511715
         vertex 46.9846315681934 6.10500015318394 -17.1010065823793
      endloop
   endfacet
   facet normal 0.927184012354641 2.05325629070883E-08 -0.374606202877032
      outer loop
         vertex 45.6772744655609 6.10500015318394 -20.3368328511715
         vertex 46.9846315681934 6.10500015318394 -17.1010065823793
         vertex 46.9846315681934 3.05250007659197 -17.1010065823793
      endloop
   endfacet
   facet normal 0.951056565632929 0 -0.309016842528848
      outer loop
         vertex 46.9846315681934 3.05250007659197 -17.1010065823793
         vertex 46.9846315681934 6.10500015318394 -17.1010065823793
         vertex 48.0630844831467 3.05250007659197 -13.7818679213524
      endloop
   endfacet
   facet normal 0.92134133021312 0.0171016058083642 -0.388378279928079
      outer loop
         vertex 45.0484417378902 12.2100003063679 -21.6941870748997
         vertex 46.9846315681934 12.2100003063679 -17.1010065823793
         vertex 45.6772744655609 9.15750022977591 -20.3368328511715
      endloop
   endfacet
   facet normal 0.927184012354641 -2.05325629070883E-08 -0.374606202877032
      outer loop
         vertex 45.6772744655609 9.15750022977591 -20.3368328511715
         vertex 46.9846315681934 12.2100003063679 -17.1010065823793
         vertex 46.9846315681934 9.15750022977591 -17.1010065823793
      endloop
   endfacet
   facet normal 0.927184012354641 2.05325629070883E-08 -0.374606202877032
      outer loop
         vertex 45.6772744655609 9.15750022977591 -20.3368328511715
         vertex 46.9846315681934 9.15750022977591 -17.1010065823793
         vertex 46.9846315681934 6.10500015318394 -17.1010065823793
      endloop
   endfacet
   facet normal 0.951056565632929 0 -0.309016842528848
      outer loop
         vertex 46.9846315681934 6.10500015318394 -17.1010065823793
         vertex 46.9846315681934 9.15750022977591 -17.1010065823793
         vertex 48.0630844831467 6.10500015318394 -13.7818679213524
      endloop
   endfacet
   facet normal 0.951056568699876 -2.71253006023063E-09 -0.309016833089749
      outer loop
         vertex 46.9846315681934 6.10500015318394 -17.1010065823793
         vertex 48.0630844831467 6.10500015318394 -13.7818679213524
         vertex 48.0630844831467 3.05250007659197 -13.7818679213524
      endloop
   endfacet
   facet normal 0.970295672442374 0 -0.241922111514432
      outer loop
         vertex 48.0630844831467 3.05250007659197 -13.7818679213524
         vertex 48.0630844831467 6.10500015318394 -13.7818679213524
         vertex 48.9073805510998 3.05250007659197 -10.395584627986
      endloop
   endfacet
   facet normal 0.951056565632929 0 -0.309016842528848
      outer loop
         vertex 46.9846315681934 9.15750022977591 -17.1010065823793
         vertex 46.9846315681934 12.2100003063679 -17.1010065823793
         vertex 48.0630844831467 9.15750022977591 -13.7818679213524
      endloop
   endfacet
   facet normal 0.955433131198073 0.0171007253396752 -0.294711888124492
      outer loop
         vertex 48.0630844831467 9.15750022977591 -13.7818679213524
         vertex 46.9846315681934 12.2100003063679 -17.1010065823793
         vertex 48.453863710165 12.2100003063679 -12.33786996454
      endloop
   endfacet
   facet normal 0.970249325595492 -0.00977393270320916 -0.241910554587859
      outer loop
         vertex 48.0630844831467 9.15750022977591 -13.7818679213524
         vertex 48.453863710165 12.2100003063679 -12.33786996454
         vertex 48.9073805510998 9.15750022977591 -10.395584627986
      endloop
   endfacet
   facet normal 0.979985212589123 0.0195434323987058 -0.198108650383389
      outer loop
         vertex 48.9073805510998 9.15750022977591 -10.395584627986
         vertex 48.453863710165 12.2100003063679 -12.33786996454
         vertex 49.4415424764156 12.2100003063679 -7.45211308822036
      endloop
   endfacet
   facet normal 0.984796022850799 -0.004887369806125 -0.173645924206781
      outer loop
         vertex 48.9073805510998 9.15750022977591 -10.395584627986
         vertex 49.4415424764156 12.2100003063679 -7.45211308822036
         vertex 49.513403326273 9.15750022977591 -6.95865508168936
      endloop
   endfacet
   facet normal 0.999357671631938 -0.00814447484006835 -0.0348985913751712
      outer loop
         vertex 49.8782023787498 9.15750022977591 -3.48782376386225
         vertex 49.9378442764282 12.2100003063679 -2.49229418113828
         vertex 50.0000007450581 9.15750022977591 6.12323384933553E-15
      endloop
   endfacet
   facet normal 0.999792749173947 0.0203582587468147 0
      outer loop
         vertex 50.0000007450581 9.15750022977591 6.12323384933553E-15
         vertex 49.9378442764282 12.2100003063679 -2.49229418113828
         vertex 49.9378442764282 12.2100003063679 2.49229418113828
      endloop
   endfacet
   facet normal 0.999357671624358 -0.00814447577132918 0.0348985913749065
      outer loop
         vertex 50.0000007450581 9.15750022977591 6.12323384933553E-15
         vertex 49.9378442764282 12.2100003063679 2.49229418113828
         vertex 49.8782023787498 9.15750022977591 3.48782376386225
      endloop
   endfacet
   facet normal 0.994946364542922 0.0130297309305627 0.0995588157558093
      outer loop
         vertex 49.8782023787498 9.15750022977591 3.48782376386225
         vertex 49.9378442764282 12.2100003063679 2.49229418113828
         vertex 49.4415424764156 12.2100003063679 7.45211308822036
      endloop
   endfacet
   facet normal 0.994500790568657 0.00651478378292629 0.104526241444801
      outer loop
         vertex 49.8782023787498 9.15750022977591 3.48782376386225
         vertex 49.4415424764156 12.2100003063679 7.45211308822036
         vertex 49.513403326273 9.15750022977591 6.95865508168936
      endloop
   endfacet
   facet normal 0.984796022862005 -0.00488736747787424 0.173645924208757
      outer loop
         vertex 49.513403326273 9.15750022977591 6.95865508168936
         vertex 49.4415424764156 12.2100003063679 7.45211308822036
         vertex 48.9073805510998 9.15750022977591 10.395584627986
      endloop
   endfacet
   facet normal 0.984807784530458 -4.06503806412884E-09 0.173647998917957
      outer loop
         vertex 49.513403326273 9.15750022977591 6.95865508168936
         vertex 48.9073805510998 9.15750022977591 10.395584627986
         vertex 48.9073805510998 6.10500015318394 10.395584627986
      endloop
   endfacet
   facet normal 0.970295672442374 0 0.241922111514432
      outer loop
         vertex 48.9073805510998 6.10500015318394 10.395584627986
         vertex 48.9073805510998 9.15750022977591 10.395584627986
         vertex 48.0630844831467 6.10500015318394 13.7818679213524
      endloop
   endfacet
   facet normal 0.970295672442374 3.33528606382473E-09 0.241922111514432
      outer loop
         vertex 48.9073805510998 6.10500015318394 10.395584627986
         vertex 48.0630844831467 6.10500015318394 13.7818679213524
         vertex 48.0630844831467 3.05250007659197 13.7818679213524
      endloop
   endfacet
   facet normal 0.951056565632929 0 0.309016842528848
      outer loop
         vertex 48.0630844831467 3.05250007659197 13.7818679213524
         vertex 48.0630844831467 6.10500015318394 13.7818679213524
         vertex 46.9846315681934 3.05250007659197 17.1010065823793
      endloop
   endfacet
   facet normal 0.951056568699876 2.71253006023063E-09 0.309016833089749
      outer loop
         vertex 48.0630844831467 3.05250007659197 13.7818679213524
         vertex 46.9846315681934 3.05250007659197 17.1010065823793
         vertex 46.9846315681934 0 17.1010065823793
      endloop
   endfacet
   facet normal 0.927184002003434 0 0.3746062284972
      outer loop
         vertex 46.9846315681934 0 17.1010065823793
         vertex 46.9846315681934 3.05250007659197 17.1010065823793
         vertex 45.6772744655609 3.05250007659197 20.3368328511715
      endloop
   endfacet
   facet normal 0.921341321997472 -0.0171015564708081 0.388378301590377
      outer loop
         vertex 46.9846315681934 0 17.1010065823793
         vertex 45.6772744655609 3.05250007659197 20.3368328511715
         vertex 45.0484417378902 0 21.6941870748997
      endloop
   endfacet
   facet normal 0.898750881842602 0.00977336845330792 0.438350697109313
      outer loop
         vertex 45.0484417378902 0 21.6941870748997
         vertex 45.6772744655609 3.05250007659197 20.3368328511715
         vertex 44.1473796963692 3.05250007659197 23.4735775738955
      endloop
   endfacet
   facet normal 0.878053898138966 -0.0195436048041755 0.478162524121479
      outer loop
         vertex 45.0484417378902 0 21.6941870748997
         vertex 44.1473796963692 3.05250007659197 23.4735775738955
         vertex 42.6645427942276 0 26.0717608034611
      endloop
   endfacet
   facet normal 0.866015183091832 0.00488662060603715 0.499993823555325
      outer loop
         vertex 42.6645427942276 0 26.0717608034611
         vertex 44.1473796963692 3.05250007659197 23.4735775738955
         vertex 42.4024052917957 3.05250007659197 26.4959633350372
      endloop
   endfacet
   facet normal 0.829019730321018 -0.00651564220169627 0.559181395564236
      outer loop
         vertex 42.6645427942276 0 26.0717608034611
         vertex 42.4024052917957 3.05250007659197 26.4959633350372
         vertex 40.4508486390114 3.05250007659197 29.3892621994019
      endloop
   endfacet
   facet normal 0.829037309129256 -2.57231232736257E-09 0.559193294015337
      outer loop
         vertex 40.4508486390114 3.05250007659197 29.3892621994019
         vertex 42.4024052917957 3.05250007659197 26.4959633350372
         vertex 42.4024052917957 6.10500015318394 26.4959633350372
      endloop
   endfacet
   facet normal 0.829037327767458 0 0.559193266383093
      outer loop
         vertex 40.4508486390114 3.05250007659197 29.3892621994019
         vertex 42.4024052917957 6.10500015318394 26.4959633350372
         vertex 40.4508486390114 6.10500015318394 29.3892621994019
      endloop
   endfacet
   facet normal 0.829037309129256 -2.57231232736257E-09 0.559193294015337
      outer loop
         vertex 40.4508486390114 6.10500015318394 29.3892621994019
         vertex 42.4024052917957 6.10500015318394 26.4959633350372
         vertex 42.4024052917957 9.15750022977591 26.4959633350372
      endloop
   endfacet
   facet normal 0.829037327767458 0 0.559193266383093
      outer loop
         vertex 40.4508486390114 6.10500015318394 29.3892621994019
         vertex 42.4024052917957 9.15750022977591 26.4959633350372
         vertex 40.4508486390114 9.15750022977591 29.3892621994019
      endloop
   endfacet
   facet normal 0.829019730328564 0.00651564080477171 0.559181395569326
      outer loop
         vertex 40.4508486390114 9.15750022977591 29.3892621994019
         vertex 42.4024052917957 9.15750022977591 26.4959633350372
         vertex 42.6645427942276 12.2100003063679 26.0717608034611
      endloop
   endfacet
   facet normal 0.826168551013574 0.0130294479755086 0.563272366445918
      outer loop
         vertex 40.4508486390114 9.15750022977591 29.3892621994019
         vertex 42.6645427942276 12.2100003063679 26.0717608034611
         vertex 39.8566238582134 12.2100003063679 30.1902201026678
      endloop
   endfacet
   facet normal 0.979985217915507 0.0195434275909671 0.198108624509621
      outer loop
         vertex 49.4415424764156 12.2100003063679 7.45211308822036
         vertex 48.453863710165 12.2100003063679 12.33786996454
         vertex 48.9073805510998 9.15750022977591 10.395584627986
      endloop
   endfacet
   facet normal 0.970249325662443 -0.0097739246528681 0.241910554644592
      outer loop
         vertex 48.9073805510998 9.15750022977591 10.395584627986
         vertex 48.453863710165 12.2100003063679 12.33786996454
         vertex 48.0630844831467 9.15750022977591 13.7818679213524
      endloop
   endfacet
   facet normal 0.970295672442374 3.33528606382473E-09 0.241922111514432
      outer loop
         vertex 48.9073805510998 9.15750022977591 10.395584627986
         vertex 48.0630844831467 9.15750022977591 13.7818679213524
         vertex 48.0630844831467 6.10500015318394 13.7818679213524
      endloop
   endfacet
   facet normal 0.951056565632929 0 0.309016842528848
      outer loop
         vertex 48.0630844831467 6.10500015318394 13.7818679213524
         vertex 48.0630844831467 9.15750022977591 13.7818679213524
         vertex 46.9846315681934 6.10500015318394 17.1010065823793
      endloop
   endfacet
   facet normal 0.951056568699876 2.71253006023063E-09 0.309016833089749
      outer loop
         vertex 48.0630844831467 6.10500015318394 13.7818679213524
         vertex 46.9846315681934 6.10500015318394 17.1010065823793
         vertex 46.9846315681934 3.05250007659197 17.1010065823793
      endloop
   endfacet
   facet normal 0.927184010367743 0 0.374606207794785
      outer loop
         vertex 46.9846315681934 3.05250007659197 17.1010065823793
         vertex 46.9846315681934 6.10500015318394 17.1010065823793
         vertex 45.6772744655609 3.05250007659197 20.3368328511715
      endloop
   endfacet
   facet normal 0.955433131228506 0.0171007234775747 0.29471188813388
      outer loop
         vertex 48.453863710165 12.2100003063679 12.33786996454
         vertex 46.9846315681934 12.2100003063679 17.1010065823793
         vertex 48.0630844831467 9.15750022977591 13.7818679213524
      endloop
   endfacet
   facet normal 0.951056568699876 -2.71253006023063E-09 0.309016833089749
      outer loop
         vertex 48.0630844831467 9.15750022977591 13.7818679213524
         vertex 46.9846315681934 12.2100003063679 17.1010065823793
         vertex 46.9846315681934 9.15750022977591 17.1010065823793
      endloop
   endfacet
   facet normal 0.951056568699876 2.71253006023063E-09 0.309016833089749
      outer loop
         vertex 48.0630844831467 9.15750022977591 13.7818679213524
         vertex 46.9846315681934 9.15750022977591 17.1010065823793
         vertex 46.9846315681934 6.10500015318394 17.1010065823793
      endloop
   endfacet
   facet normal 0.927184010367743 0 0.374606207794785
      outer loop
         vertex 46.9846315681934 6.10500015318394 17.1010065823793
         vertex 46.9846315681934 9.15750022977591 17.1010065823793
         vertex 45.6772744655609 6.10500015318394 20.3368328511715
      endloop
   endfacet
   facet normal 0.927184012354641 -2.05325629070883E-08 0.374606202877032
      outer loop
         vertex 46.9846315681934 6.10500015318394 17.1010065823793
         vertex 45.6772744655609 6.10500015318394 20.3368328511715
         vertex 45.6772744655609 3.05250007659197 20.3368328511715
      endloop
   endfacet
   facet normal 0.898793800603486 0 0.438371650539518
      outer loop
         vertex 45.6772744655609 3.05250007659197 20.3368328511715
         vertex 45.6772744655609 6.10500015318394 20.3368328511715
         vertex 44.1473796963692 3.05250007659197 23.4735775738955
      endloop
   endfacet
   facet normal 0.927184010367743 0 0.374606207794785
      outer loop
         vertex 46.9846315681934 9.15750022977591 17.1010065823793
         vertex 46.9846315681934 12.2100003063679 17.1010065823793
         vertex 45.6772744655609 9.15750022977591 20.3368328511715
      endloop
   endfacet
   facet normal 0.921341310775715 0.0171015916527727 0.388378326662328
      outer loop
         vertex 45.6772744655609 9.15750022977591 20.3368328511715
         vertex 46.9846315681934 12.2100003063679 17.1010065823793
         vertex 45.0484417378902 12.2100003063679 21.6941870748997
      endloop
   endfacet
   facet normal 0.898750870027813 -0.00977337670673272 0.438350721149171
      outer loop
         vertex 45.6772744655609 9.15750022977591 20.3368328511715
         vertex 45.0484417378902 12.2100003063679 21.6941870748997
         vertex 44.1473796963692 9.15750022977591 23.4735775738955
      endloop
   endfacet
   facet normal 0.878053884648047 0.0195435965173424 0.47816254923367
      outer loop
         vertex 44.1473796963692 9.15750022977591 23.4735775738955
         vertex 45.0484417378902 12.2100003063679 21.6941870748997
         vertex 42.6645427942276 12.2100003063679 26.0717608034611
      endloop
   endfacet
   facet normal 0.866015155204345 -0.00488663987711918 0.499993871669549
      outer loop
         vertex 44.1473796963692 9.15750022977591 23.4735775738955
         vertex 42.6645427942276 12.2100003063679 26.0717608034611
         vertex 42.4024052917957 9.15750022977591 26.4959633350372
      endloop
   endfacet
   facet normal 0.787984478134535 -0.00814507050805515 0.615641226726626
      outer loop
         vertex 40.4508486390114 9.15750022977591 29.3892621994019
         vertex 39.8566238582134 12.2100003063679 30.1902201026678
         vertex 38.3022204041481 9.15750022977591 32.1393795311451
      endloop
   endfacet
   facet normal 0.765886029573532 0.0203568493897035 0.642654019194633
      outer loop
         vertex 38.3022204041481 9.15750022977591 32.1393795311451
         vertex 39.8566238582134 12.2100003063679 30.1902201026678
         vertex 36.6525948047638 12.2100003063679 34.0086370706558
      endloop
   endfacet
   facet normal 0.743120413552305 -0.00814576426898064 0.669108135869178
      outer loop
         vertex 38.3022204041481 9.15750022977591 32.1393795311451
         vertex 36.6525948047638 12.2100003063679 34.0086370706558
         vertex 35.9669886529446 9.15750022977591 34.7329191863537
      endloop
   endfacet
   facet normal 0.698177423257515 0.013028946078173 0.715806211357228
      outer loop
         vertex 35.9669886529446 9.15750022977591 34.7329191863537
         vertex 36.6525948047638 12.2100003063679 34.0086370706558
         vertex 33.0842919647694 12.2100003063679 37.4890603125095
      endloop
   endfacet
   facet normal 0.694643714344353 0.00651510933723738 0.719324449377473
      outer loop
         vertex 35.9669886529446 9.15750022977591 34.7329191863537
         vertex 33.0842919647694 12.2100003063679 37.4890603125095
         vertex 33.4565304219723 9.15750022977591 37.1572412550449
      endloop
   endfacet
   facet normal 0.642779766010417 -0.0048870765489816 0.766035435792886
      outer loop
         vertex 33.4565304219723 9.15750022977591 37.1572412550449
         vertex 33.0842919647694 12.2100003063679 37.4890603125095
         vertex 30.7830739766359 9.15750022977591 39.4005365669727
      endloop
   endfacet
   facet normal 0.6427874343287 1.2503728287556E-08 0.766044590261642
      outer loop
         vertex 33.4565304219723 9.15750022977591 37.1572412550449
         vertex 30.7830739766359 9.15750022977591 39.4005365669727
         vertex 30.7830739766359 6.10500015318394 39.4005365669727
      endloop
   endfacet
   facet normal 0.587785416676814 0 0.809016874942708
      outer loop
         vertex 30.7830739766359 6.10500015318394 39.4005365669727
         vertex 30.7830739766359 9.15750022977591 39.4005365669727
         vertex 27.9596447944641 6.10500015318394 41.4518788456917
      endloop
   endfacet
   facet normal 0.587785416676814 1.06859258105497E-08 0.809016874942708
      outer loop
         vertex 30.7830739766359 6.10500015318394 39.4005365669727
         vertex 27.9596447944641 6.10500015318394 41.4518788456917
         vertex 27.9596447944641 3.05250007659197 41.4518788456917
      endloop
   endfacet
   facet normal 0.529919155834671 0 0.848048163891338
      outer loop
         vertex 27.9596447944641 3.05250007659197 41.4518788456917
         vertex 27.9596447944641 6.10500015318394 41.4518788456917
         vertex 25.000000372529 3.05250007659197 43.3012694120407
      endloop
   endfacet
   facet normal 0.529919155834671 -4.43575849707275E-09 0.848048163891338
      outer loop
         vertex 27.9596447944641 3.05250007659197 41.4518788456917
         vertex 25.000000372529 3.05250007659197 43.3012694120407
         vertex 25.000000372529 0 43.3012694120407
      endloop
   endfacet
   facet normal 0.469471324787714 0 0.882947719404761
      outer loop
         vertex 25.000000372529 0 43.3012694120407
         vertex 25.000000372529 3.05250007659197 43.3012694120407
         vertex 21.9185575842857 3.05250007659197 44.9397005140781
      endloop
   endfacet
   facet normal 0.456143718536942 -0.017100681795974 0.889741802278281
      outer loop
         vertex 25.000000372529 0 43.3012694120407
         vertex 21.9185575842857 3.05250007659197 44.9397005140781
         vertex 20.5643549561501 0 45.5752909183502
      endloop
   endfacet
   facet normal 0.406717537728603 0.0097739379587461 0.913501677415406
      outer loop
         vertex 20.5643549561501 0 45.5752909183502
         vertex 21.9185575842857 3.05250007659197 44.9397005140781
         vertex 18.730329349637 3.05250007659197 46.3591925799847
      endloop
   endfacet
   facet normal 0.365271268305501 -0.0195437128533099 0.930695945966457
      outer loop
         vertex 20.5643549561501 0 45.5752909183502
         vertex 18.730329349637 3.05250007659197 46.3591925799847
         vertex 15.9243326634169 0 47.3963655531406
      endloop
   endfacet
   facet normal 0.342015738386869 0.00488692282261554 0.939681516621994
      outer loop
         vertex 15.9243326634169 0 47.3963655531406
         vertex 18.730329349637 3.05250007659197 46.3591925799847
         vertex 15.4508501291275 3.05250007659197 47.5528240203857
      endloop
   endfacet
   facet normal 0.275632182628066 -0.0065150840662912 0.961241100650247
      outer loop
         vertex 15.9243326634169 0 47.3963655531406
         vertex 15.4508501291275 3.05250007659197 47.5528240203857
         vertex 12.0960948988795 3.05250007659197 48.5147871077061
      endloop
   endfacet
   facet normal 0.275638013107255 -3.67237616799457E-09 0.961261507463128
      outer loop
         vertex 12.0960948988795 3.05250007659197 48.5147871077061
         vertex 15.4508501291275 3.05250007659197 47.5528240203857
         vertex 15.4508501291275 6.10500015318394 47.5528240203857
      endloop
   endfacet
   facet normal 0.275638028900115 0 0.961261502934586
      outer loop
         vertex 12.0960948988795 3.05250007659197 48.5147871077061
         vertex 15.4508501291275 6.10500015318394 47.5528240203857
         vertex 12.0960948988795 6.10500015318394 48.5147871077061
      endloop
   endfacet
   facet normal 0.275638013107255 -3.67237616799457E-09 0.961261507463128
      outer loop
         vertex 12.0960948988795 6.10500015318394 48.5147871077061
         vertex 15.4508501291275 6.10500015318394 47.5528240203857
         vertex 15.4508501291275 9.15750022977591 47.5528240203857
      endloop
   endfacet
   facet normal 0.275638028900115 0 0.961261502934586
      outer loop
         vertex 12.0960948988795 6.10500015318394 48.5147871077061
         vertex 15.4508501291275 9.15750022977591 47.5528240203857
         vertex 12.0960948988795 9.15750022977591 48.5147871077061
      endloop
   endfacet
   facet normal 0.275632166796574 0.00651510557816419 0.961241105044063
      outer loop
         vertex 12.0960948988795 9.15750022977591 48.5147871077061
         vertex 15.4508501291275 9.15750022977591 47.5528240203857
         vertex 15.9243326634169 12.2100003063679 47.3963655531406
      endloop
   endfacet
   facet normal 0.270817876647358 0.0130296694492599 0.962542417456114
      outer loop
         vertex 12.0960948988795 9.15750022977591 48.5147871077061
         vertex 15.9243326634169 12.2100003063679 47.3963655531406
         vertex 11.126047000289 12.2100003063679 48.746395856142
      endloop
   endfacet
   facet normal 0.623370494433403 0.0195432443815002 0.781682344861965
      outer loop
         vertex 33.0842919647694 12.2100003063679 37.4890603125095
         vertex 29.1871838271618 12.2100003063679 40.5968986451626
         vertex 30.7830739766359 9.15750022977591 39.4005365669727
      endloop
   endfacet
   facet normal 0.587757333056274 -0.00977386973338591 0.80897823759914
      outer loop
         vertex 30.7830739766359 9.15750022977591 39.4005365669727
         vertex 29.1871838271618 12.2100003063679 40.5968986451626
         vertex 27.9596447944641 9.15750022977591 41.4518788456917
      endloop
   endfacet
   facet normal 0.587785416676814 1.06859258105497E-08 0.809016874942708
      outer loop
         vertex 30.7830739766359 9.15750022977591 39.4005365669727
         vertex 27.9596447944641 9.15750022977591 41.4518788456917
         vertex 27.9596447944641 6.10500015318394 41.4518788456917
      endloop
   endfacet
   facet normal 0.529919155834671 0 0.848048163891338
      outer loop
         vertex 27.9596447944641 6.10500015318394 41.4518788456917
         vertex 27.9596447944641 9.15750022977591 41.4518788456917
         vertex 25.000000372529 6.10500015318394 43.3012694120407
      endloop
   endfacet
   facet normal 0.529919155834671 -4.43575849707275E-09 0.848048163891338
      outer loop
         vertex 27.9596447944641 6.10500015318394 41.4518788456917
         vertex 25.000000372529 6.10500015318394 43.3012694120407
         vertex 25.000000372529 3.05250007659197 43.3012694120407
      endloop
   endfacet
   facet normal 0.46947132331427 0 0.882947720188205
      outer loop
         vertex 25.000000372529 3.05250007659197 43.3012694120407
         vertex 25.000000372529 6.10500015318394 43.3012694120407
         vertex 21.9185575842857 3.05250007659197 44.9397005140781
      endloop
   endfacet
   facet normal 0.54246705801495 0.0171010457077009 0.839902997496918
      outer loop
         vertex 29.1871838271618 12.2100003063679 40.5968986451626
         vertex 25.000000372529 12.2100003063679 43.3012694120407
         vertex 27.9596447944641 9.15750022977591 41.4518788456917
      endloop
   endfacet
   facet normal 0.529919155834671 4.43575849707275E-09 0.848048163891338
      outer loop
         vertex 27.9596447944641 9.15750022977591 41.4518788456917
         vertex 25.000000372529 12.2100003063679 43.3012694120407
         vertex 25.000000372529 9.15750022977591 43.3012694120407
      endloop
   endfacet
   facet normal 0.529919155834671 -4.43575849707275E-09 0.848048163891338
      outer loop
         vertex 27.9596447944641 9.15750022977591 41.4518788456917
         vertex 25.000000372529 9.15750022977591 43.3012694120407
         vertex 25.000000372529 6.10500015318394 43.3012694120407
      endloop
   endfacet
   facet normal 0.46947132331427 0 0.882947720188205
      outer loop
         vertex 25.000000372529 6.10500015318394 43.3012694120407
         vertex 25.000000372529 9.15750022977591 43.3012694120407
         vertex 21.9185575842857 6.10500015318394 44.9397005140781
      endloop
   endfacet
   facet normal 0.469471301553921 4.96596213629649E-09 0.882947731758379
      outer loop
         vertex 25.000000372529 6.10500015318394 43.3012694120407
         vertex 21.9185575842857 6.10500015318394 44.9397005140781
         vertex 21.9185575842857 3.05250007659197 44.9397005140781
      endloop
   endfacet
   facet normal 0.406736970546957 0 0.913545311842978
      outer loop
         vertex 21.9185575842857 3.05250007659197 44.9397005140781
         vertex 21.9185575842857 6.10500015318394 44.9397005140781
         vertex 18.730329349637 3.05250007659197 46.3591925799847
      endloop
   endfacet
   facet normal 0.46947132331427 0 0.882947720188205
      outer loop
         vertex 25.000000372529 9.15750022977591 43.3012694120407
         vertex 25.000000372529 12.2100003063679 43.3012694120407
         vertex 21.9185575842857 9.15750022977591 44.9397005140781
      endloop
   endfacet
   facet normal 0.456143766604991 0.0171006470904925 0.889741778302277
      outer loop
         vertex 21.9185575842857 9.15750022977591 44.9397005140781
         vertex 25.000000372529 12.2100003063679 43.3012694120407
         vertex 20.5643549561501 12.2100003063679 45.5752909183502
      endloop
   endfacet
   facet normal 0.406717562593645 -0.00977393970274214 0.913501666326105
      outer loop
         vertex 21.9185575842857 9.15750022977591 44.9397005140781
         vertex 20.5643549561501 12.2100003063679 45.5752909183502
         vertex 18.730329349637 9.15750022977591 46.3591925799847
      endloop
   endfacet
   facet normal 0.365271242386417 0.0195437260995974 0.930695955860789
      outer loop
         vertex 18.730329349637 9.15750022977591 46.3591925799847
         vertex 20.5643549561501 12.2100003063679 45.5752909183502
         vertex 15.9243326634169 12.2100003063679 47.3963655531406
      endloop
   endfacet
   facet normal 0.342015704868523 -0.00488694834106311 0.939681528688949
      outer loop
         vertex 18.730329349637 9.15750022977591 46.3591925799847
         vertex 15.9243326634169 12.2100003063679 47.3963655531406
         vertex 15.4508501291275 9.15750022977591 47.5528240203857
      endloop
   endfacet
   facet normal 0.207904691292471 -0.00814496891799842 0.978115176663723
      outer loop
         vertex 12.0960948988795 9.15750022977591 48.5147871077061
         vertex 11.126047000289 12.2100003063679 48.746395856142
         vertex 8.68240930140018 9.15750022977591 49.2403879761696
      endloop
   endfacet
   facet normal 0.173611997619265 0.0203576217236015 0.984603697697915
      outer loop
         vertex 8.68240930140018 9.15750022977591 49.2403879761696
         vertex 11.126047000289 12.2100003063679 48.746395856142
         vertex 6.21718540787697 12.2100003063679 49.6119596064091
      endloop
   endfacet
   facet normal 0.139168443904083 -0.00814477742083031 0.990235228025181
      outer loop
         vertex 8.68240930140018 9.15750022977591 49.2403879761696
         vertex 6.21718540787697 12.2100003063679 49.6119596064091
         vertex 5.22642303258181 9.15750022977591 49.7260950505733
      endloop
   endfacet
   facet normal 0.0747238478650355 0.0130296704569512 0.997119137439467
      outer loop
         vertex 5.22642303258181 9.15750022977591 49.7260950505733
         vertex 6.21718540787697 12.2100003063679 49.6119596064091
         vertex 1.2465346371755 12.2100003063679 49.9844588339329
      endloop
   endfacet
   facet normal 0.06975531531702 0.00651578228315358 0.99754285149374
      outer loop
         vertex 5.22642303258181 9.15750022977591 49.7260950505733
         vertex 1.2465346371755 12.2100003063679 49.9844588339329
         vertex 1.74497487023473 9.15750022977591 49.9695427715778
      endloop
   endfacet
   facet normal 0 -0.0048864481218024 0.99998806124111
      outer loop
         vertex 1.74497487023473 9.15750022977591 49.9695427715778
         vertex 1.2465346371755 12.2100003063679 49.9844588339329
         vertex -1.74497487023473 9.15750022977591 49.9695427715778
      endloop
   endfacet
   facet normal 0 0 1
      outer loop
         vertex 1.74497487023473 9.15750022977591 49.9695427715778
         vertex -1.74497487023473 9.15750022977591 49.9695427715778
         vertex -1.74497487023473 6.10500015318394 49.9695427715778
      endloop
   endfacet
   facet normal -0.0697568023934825 0 0.997564027278368
      outer loop
         vertex -1.74497487023473 6.10500015318394 49.9695427715778
         vertex -1.74497487023473 9.15750022977591 49.9695427715778
         vertex -5.22642303258181 6.10500015318394 49.7260950505733
      endloop
   endfacet
   facet normal -0.0697568023934825 -3.64648931611134E-10 0.997564027278368
      outer loop
         vertex -1.74497487023473 6.10500015318394 49.9695427715778
         vertex -5.22642303258181 6.10500015318394 49.7260950505733
         vertex -5.22642303258181 3.05250007659197 49.7260950505733
      endloop
   endfacet
   facet normal -0.139173063795336 0 0.990268073964732
      outer loop
         vertex -5.22642303258181 3.05250007659197 49.7260950505733
         vertex -5.22642303258181 6.10500015318394 49.7260950505733
         vertex -8.68240930140018 3.05250007659197 49.2403879761696
      endloop
   endfacet
   facet normal -0.139173063795336 -1.25986228738461E-08 0.990268073964732
      outer loop
         vertex -5.22642303258181 3.05250007659197 49.7260950505733
         vertex -8.68240930140018 3.05250007659197 49.2403879761696
         vertex -8.68240930140018 0 49.2403879761696
      endloop
   endfacet
   facet normal -0.207911568312327 0 0.978147626773131
      outer loop
         vertex -8.68240930140018 0 49.2403879761696
         vertex -8.68240930140018 3.05250007659197 49.2403879761696
         vertex -12.0960948988795 3.05250007659197 48.5147871077061
      endloop
   endfacet
   facet normal -0.222488421353209 -0.0171008801632203 0.974785341632403
      outer loop
         vertex -8.68240930140018 0 49.2403879761696
         vertex -12.0960948988795 3.05250007659197 48.5147871077061
         vertex -13.5420234873891 0 48.1312125921249
      endloop
   endfacet
   facet normal -0.275624834666733 0.0097743009604963 0.961215591610784
      outer loop
         vertex -13.5420234873891 0 48.1312125921249
         vertex -12.0960948988795 3.05250007659197 48.5147871077061
         vertex -15.4508501291275 3.05250007659197 47.5528240203857
      endloop
   endfacet
   facet normal -0.318425897937357 -0.019542742775501 0.947746289218586
      outer loop
         vertex -13.5420234873891 0 48.1312125921249
         vertex -15.4508501291275 3.05250007659197 47.5528240203857
         vertex -18.2670503854752 0 46.543687582016
      endloop
   endfacet
   facet normal -0.342015738097333 0.00488709604447475 0.9396815158265
      outer loop
         vertex -18.2670503854752 0 46.543687582016
         vertex -15.4508501291275 3.05250007659197 47.5528240203857
         vertex -18.730329349637 3.05250007659197 46.3591925799847
      endloop
   endfacet
   facet normal -0.406728369910838 -0.00651522373850107 0.913525908209127
      outer loop
         vertex -18.2670503854752 0 46.543687582016
         vertex -18.730329349637 3.05250007659197 46.3591925799847
         vertex -21.9185575842857 3.05250007659197 44.9397005140781
      endloop
   endfacet
   facet normal -0.406736970546957 3.31532801700483E-09 0.913545311842978
      outer loop
         vertex -21.9185575842857 3.05250007659197 44.9397005140781
         vertex -18.730329349637 3.05250007659197 46.3591925799847
         vertex -18.730329349637 6.10500015318394 46.3591925799847
      endloop
   endfacet
   facet normal -0.406736970546957 0 0.913545311842978
      outer loop
         vertex -21.9185575842857 3.05250007659197 44.9397005140781
         vertex -18.730329349637 6.10500015318394 46.3591925799847
         vertex -21.9185575842857 6.10500015318394 44.9397005140781
      endloop
   endfacet
   facet normal -0.406736970546957 3.31532801700483E-09 0.913545311842978
      outer loop
         vertex -21.9185575842857 6.10500015318394 44.9397005140781
         vertex -18.730329349637 6.10500015318394 46.3591925799847
         vertex -18.730329349637 9.15750022977591 46.3591925799847
      endloop
   endfacet
   facet normal -0.406736970546957 0 0.913545311842978
      outer loop
         vertex -21.9185575842857 6.10500015318394 44.9397005140781
         vertex -18.730329349637 9.15750022977591 46.3591925799847
         vertex -21.9185575842857 9.15750022977591 44.9397005140781
      endloop
   endfacet
   facet normal -0.406728345079373 0.00651520845130417 0.913525919373846
      outer loop
         vertex -21.9185575842857 9.15750022977591 44.9397005140781
         vertex -18.730329349637 9.15750022977591 46.3591925799847
         vertex -18.2670503854752 12.2100003063679 46.543687582016
      endloop
   endfacet
   facet normal -0.411252235652063 0.0130290139265962 0.911428463164982
      outer loop
         vertex -21.9185575842857 9.15750022977591 44.9397005140781
         vertex -18.2670503854752 12.2100003063679 46.543687582016
         vertex -22.8105336427689 12.2100003063679 44.4935895502567
      endloop
   endfacet
   facet normal -0.0249257311957415 0.0195436459608999 0.999498251037446
      outer loop
         vertex 1.2465346371755 12.2100003063679 49.9844588339329
         vertex -3.7365045864135 12.2100003063679 49.8601906001568
         vertex -1.74497487023473 9.15750022977591 49.9695427715778
      endloop
   endfacet
   facet normal -0.0697534709437791 -0.00977413117643211 0.997516375630516
      outer loop
         vertex -1.74497487023473 9.15750022977591 49.9695427715778
         vertex -3.7365045864135 12.2100003063679 49.8601906001568
         vertex -5.22642303258181 9.15750022977591 49.7260950505733
      endloop
   endfacet
   facet normal -0.0697568023934825 -3.64648931611134E-10 0.997564027278368
      outer loop
         vertex -1.74497487023473 9.15750022977591 49.9695427715778
         vertex -5.22642303258181 9.15750022977591 49.7260950505733
         vertex -5.22642303258181 6.10500015318394 49.7260950505733
      endloop
   endfacet
   facet normal -0.139173063795336 0 0.990268073964732
      outer loop
         vertex -5.22642303258181 6.10500015318394 49.7260950505733
         vertex -5.22642303258181 9.15750022977591 49.7260950505733
         vertex -8.68240930140018 6.10500015318394 49.2403879761696
      endloop
   endfacet
   facet normal -0.139173063795336 -1.25986228738461E-08 0.990268073964732
      outer loop
         vertex -5.22642303258181 6.10500015318394 49.7260950505733
         vertex -8.68240930140018 6.10500015318394 49.2403879761696
         vertex -8.68240930140018 3.05250007659197 49.2403879761696
      endloop
   endfacet
   facet normal -0.207911580434017 0 0.978147624196588
      outer loop
         vertex -8.68240930140018 3.05250007659197 49.2403879761696
         vertex -8.68240930140018 6.10500015318394 49.2403879761696
         vertex -12.0960948988795 3.05250007659197 48.5147871077061
      endloop
   endfacet
   facet normal -0.124325581969261 0.0171005950855698 0.992094108094451
      outer loop
         vertex -3.7365045864135 12.2100003063679 49.8601906001568
         vertex -8.68240930140018 12.2100003063679 49.2403879761696
         vertex -5.22642303258181 9.15750022977591 49.7260950505733
      endloop
   endfacet
   facet normal -0.139173063795336 1.25986228738461E-08 0.990268073964732
      outer loop
         vertex -5.22642303258181 9.15750022977591 49.7260950505733
         vertex -8.68240930140018 12.2100003063679 49.2403879761696
         vertex -8.68240930140018 9.15750022977591 49.2403879761696
      endloop
   endfacet
   facet normal -0.139173063795336 -1.25986228738461E-08 0.990268073964732
      outer loop
         vertex -5.22642303258181 9.15750022977591 49.7260950505733
         vertex -8.68240930140018 9.15750022977591 49.2403879761696
         vertex -8.68240930140018 6.10500015318394 49.2403879761696
      endloop
   endfacet
   facet normal -0.207911580434017 0 0.978147624196588
      outer loop
         vertex -8.68240930140018 6.10500015318394 49.2403879761696
         vertex -8.68240930140018 9.15750022977591 49.2403879761696
         vertex -12.0960948988795 6.10500015318394 48.5147871077061
      endloop
   endfacet
   facet normal -0.207911580434017 2.19825179892941E-09 0.978147624196588
      outer loop
         vertex -8.68240930140018 6.10500015318394 49.2403879761696
         vertex -12.0960948988795 6.10500015318394 48.5147871077061
         vertex -12.0960948988795 3.05250007659197 48.5147871077061
      endloop
   endfacet
   facet normal -0.275638013107255 0 0.961261507463128
      outer loop
         vertex -12.0960948988795 3.05250007659197 48.5147871077061
         vertex -12.0960948988795 6.10500015318394 48.5147871077061
         vertex -15.4508501291275 3.05250007659197 47.5528240203857
      endloop
   endfacet
   facet normal -0.207911580434017 0 0.978147624196588
      outer loop
         vertex -8.68240930140018 9.15750022977591 49.2403879761696
         vertex -8.68240930140018 12.2100003063679 49.2403879761696
         vertex -12.0960948988795 9.15750022977591 48.5147871077061
      endloop
   endfacet
   facet normal -0.222488421353209 0.0171008801632203 0.974785341632403
      outer loop
         vertex -12.0960948988795 9.15750022977591 48.5147871077061
         vertex -8.68240930140018 12.2100003063679 49.2403879761696
         vertex -13.5420234873891 12.2100003063679 48.1312125921249
      endloop
   endfacet
   facet normal -0.27562485046812 -0.00977429779555998 0.961215587111981
      outer loop
         vertex -12.0960948988795 9.15750022977591 48.5147871077061
         vertex -13.5420234873891 12.2100003063679 48.1312125921249
         vertex -15.4508501291275 9.15750022977591 47.5528240203857
      endloop
   endfacet
   facet normal -0.318425897948948 0.0195427409135672 0.947746289253085
      outer loop
         vertex -15.4508501291275 9.15750022977591 47.5528240203857
         vertex -13.5420234873891 12.2100003063679 48.1312125921249
         vertex -18.2670503854752 12.2100003063679 46.543687582016
      endloop
   endfacet
   facet normal -0.342015685492168 -0.00488707984634586 0.939681535057435
      outer loop
         vertex -15.4508501291275 9.15750022977591 47.5528240203857
         vertex -18.2670503854752 12.2100003063679 46.543687582016
         vertex -18.730329349637 9.15750022977591 46.3591925799847
      endloop
   endfacet
   facet normal -0.469455777009163 -0.00814535652323175 0.882918414464119
      outer loop
         vertex -21.9185575842857 9.15750022977591 44.9397005140781
         vertex -22.8105336427689 12.2100003063679 44.4935895502567
         vertex -25.000000372529 9.15750022977591 43.3012694120407
      endloop
   endfacet
   facet normal -0.499896429989639 0.0203574371491899 0.865845906634853
      outer loop
         vertex -25.000000372529 9.15750022977591 43.3012694120407
         vertex -22.8105336427689 12.2100003063679 44.4935895502567
         vertex -27.1273124963045 12.2100003063679 42.0012958347797
      endloop
   endfacet
   facet normal -0.529901575459261 -0.00814494135521731 0.848020035291686
      outer loop
         vertex -25.000000372529 9.15750022977591 43.3012694120407
         vertex -27.1273124963045 12.2100003063679 42.0012958347797
         vertex -27.9596447944641 9.15750022977591 41.4518788456917
      endloop
   endfacet
   facet normal -0.583693757366127 0.0130294499455736 0.811869343580559
      outer loop
         vertex -27.9596447944641 9.15750022977591 41.4518788456917
         vertex -27.1273124963045 12.2100003063679 42.0012958347797
         vertex -31.1744902282953 12.2100003063679 39.0915758907795
      endloop
   endfacet
   facet normal -0.587772943293616 0.0065144183541437 0.808999709199865
      outer loop
         vertex -27.9596447944641 9.15750022977591 41.4518788456917
         vertex -31.1744902282953 12.2100003063679 39.0915758907795
         vertex -30.7830739766359 9.15750022977591 39.4005365669727
      endloop
   endfacet
   facet normal -0.642779764146712 -0.00488766978728871 0.766035433571808
      outer loop
         vertex -30.7830739766359 9.15750022977591 39.4005365669727
         vertex -31.1744902282953 12.2100003063679 39.0915758907795
         vertex -33.4565304219723 9.15750022977591 37.1572412550449
      endloop
   endfacet
   facet normal -0.6427874343287 -1.2503728287556E-08 0.766044590261642
      outer loop
         vertex -30.7830739766359 9.15750022977591 39.4005365669727
         vertex -33.4565304219723 9.15750022977591 37.1572412550449
         vertex -33.4565304219723 6.10500015318394 37.1572412550449
      endloop
   endfacet
   facet normal -0.694658451847262 0 0.719339721742909
      outer loop
         vertex -33.4565304219723 6.10500015318394 37.1572412550449
         vertex -33.4565304219723 9.15750022977591 37.1572412550449
         vertex -35.9669886529446 6.10500015318394 34.7329191863537
      endloop
   endfacet
   facet normal -0.694658451847259 -9.68554578740266E-08 0.719339721742905
      outer loop
         vertex -33.4565304219723 6.10500015318394 37.1572412550449
         vertex -35.9669886529446 6.10500015318394 34.7329191863537
         vertex -35.9669886529446 3.05250007659197 34.7329191863537
      endloop
   endfacet
   facet normal -0.743145065136475 0 0.669130340190388
      outer loop
         vertex -35.9669886529446 3.05250007659197 34.7329191863537
         vertex -35.9669886529446 6.10500015318394 34.7329191863537
         vertex -38.3022204041481 3.05250007659197 32.1393795311451
      endloop
   endfacet
   facet normal -0.743145065136474 -2.91496984146049E-08 0.669130340190388
      outer loop
         vertex -35.9669886529446 3.05250007659197 34.7329191863537
         vertex -38.3022204041481 3.05250007659197 32.1393795311451
         vertex -38.3022204041481 0 32.1393795311451
      endloop
   endfacet
   facet normal -0.78801062361436 0 0.615661641708258
      outer loop
         vertex -38.3022204041481 0 32.1393795311451
         vertex -38.3022204041481 3.05250007659197 32.1393795311451
         vertex -40.4508486390114 3.05250007659197 29.3892621994019
      endloop
   endfacet
   facet normal -0.797015715390521 -0.0171005295054367 0.603716424582907
      outer loop
         vertex -38.3022204041481 0 32.1393795311451
         vertex -40.4508486390114 3.05250007659197 29.3892621994019
         vertex -41.31193831563 0 28.1660035252571
      endloop
   endfacet
   facet normal -0.828997700907619 0.00977428966796842 0.55916658980251
      outer loop
         vertex -41.31193831563 0 28.1660035252571
         vertex -40.4508486390114 3.05250007659197 29.3892621994019
         vertex -42.4024052917957 3.05250007659197 26.4959633350372
      endloop
   endfacet
   facet normal -0.853128062969178 -0.0195436716911577 0.521335355669733
      outer loop
         vertex -41.31193831563 0 28.1660035252571
         vertex -42.4024052917957 3.05250007659197 26.4959633350372
         vertex -43.9110770821571 0 23.9126980304718
      endloop
   endfacet
   facet normal -0.866015168924645 0.00488644717075811 0.499993849788641
      outer loop
         vertex -43.9110770821571 0 23.9126980304718
         vertex -42.4024052917957 3.05250007659197 26.4959633350372
         vertex -44.1473796963692 3.05250007659197 23.4735775738955
      endloop
   endfacet
   facet normal -0.898774720541352 -0.00651562194202283 0.438362348276541
      outer loop
         vertex -43.9110770821571 0 23.9126980304718
         vertex -44.1473796963692 3.05250007659197 23.4735775738955
         vertex -45.6772744655609 3.05250007659197 20.3368328511715
      endloop
   endfacet
   facet normal -0.8987937888612 1.61426387277402E-08 0.438371674614736
      outer loop
         vertex -45.6772744655609 3.05250007659197 20.3368328511715
         vertex -44.1473796963692 3.05250007659197 23.4735775738955
         vertex -44.1473796963692 6.10500015318394 23.4735775738955
      endloop
   endfacet
   facet normal -0.898793789149278 0 0.43837167402409
      outer loop
         vertex -45.6772744655609 3.05250007659197 20.3368328511715
         vertex -44.1473796963692 6.10500015318394 23.4735775738955
         vertex -45.6772744655609 6.10500015318394 20.3368328511715
      endloop
   endfacet
   facet normal -0.8987937888612 1.61426387277402E-08 0.438371674614736
      outer loop
         vertex -45.6772744655609 6.10500015318394 20.3368328511715
         vertex -44.1473796963692 6.10500015318394 23.4735775738955
         vertex -44.1473796963692 9.15750022977591 23.4735775738955
      endloop
   endfacet
   facet normal -0.898793789149278 0 0.43837167402409
      outer loop
         vertex -45.6772744655609 6.10500015318394 20.3368328511715
         vertex -44.1473796963692 9.15750022977591 23.4735775738955
         vertex -45.6772744655609 9.15750022977591 20.3368328511715
      endloop
   endfacet
   facet normal -0.898774708747752 0.00651563070409043 0.438362372326733
      outer loop
         vertex -45.6772744655609 9.15750022977591 20.3368328511715
         vertex -44.1473796963692 9.15750022977591 23.4735775738955
         vertex -43.9110770821571 12.2100003063679 23.9126980304718
      endloop
   endfacet
   facet normal -0.900892322987243 0.0130304182771614 0.433847012876856
      outer loop
         vertex -45.6772744655609 9.15750022977591 20.3368328511715
         vertex -43.9110770821571 12.2100003063679 23.9126980304718
         vertex -46.0738092660904 12.2100003063679 19.4217395037413
      endloop
   endfacet
   facet normal -0.6615597410305 0.0195432131925593 0.749637760432175
      outer loop
         vertex -31.1744902282953 12.2100003063679 39.0915758907795
         vertex -34.9118411540985 12.2100003063679 35.7933416962624
         vertex -33.4565304219723 9.15750022977591 37.1572412550449
      endloop
   endfacet
   facet normal -0.694625275993792 -0.00977408444986419 0.719305354646908
      outer loop
         vertex -33.4565304219723 9.15750022977591 37.1572412550449
         vertex -34.9118411540985 12.2100003063679 35.7933416962624
         vertex -35.9669886529446 9.15750022977591 34.7329191863537
      endloop
   endfacet
   facet normal -0.694658451847259 -9.68554578740266E-08 0.719339721742905
      outer loop
         vertex -33.4565304219723 9.15750022977591 37.1572412550449
         vertex -35.9669886529446 9.15750022977591 34.7329191863537
         vertex -35.9669886529446 6.10500015318394 34.7329191863537
      endloop
   endfacet
   facet normal -0.743145065136475 0 0.669130340190388
      outer loop
         vertex -35.9669886529446 6.10500015318394 34.7329191863537
         vertex -35.9669886529446 9.15750022977591 34.7329191863537
         vertex -38.3022204041481 6.10500015318394 32.1393795311451
      endloop
   endfacet
   facet normal -0.743145065136474 -2.91496984146049E-08 0.669130340190388
      outer loop
         vertex -35.9669886529446 6.10500015318394 34.7329191863537
         vertex -38.3022204041481 6.10500015318394 32.1393795311451
         vertex -38.3022204041481 3.05250007659197 32.1393795311451
      endloop
   endfacet
   facet normal -0.78801059469729 0 0.615661678720402
      outer loop
         vertex -38.3022204041481 3.05250007659197 32.1393795311451
         vertex -38.3022204041481 6.10500015318394 32.1393795311451
         vertex -40.4508486390114 3.05250007659197 29.3892621994019
      endloop
   endfacet
   facet normal -0.732944909971661 0.0171007962017913 0.6800730267522
      outer loop
         vertex -34.9118411540985 12.2100003063679 35.7933416962624
         vertex -38.3022204041481 12.2100003063679 32.1393795311451
         vertex -35.9669886529446 9.15750022977591 34.7329191863537
      endloop
   endfacet
   facet normal -0.743145065136474 2.91496984146049E-08 0.669130340190388
      outer loop
         vertex -35.9669886529446 9.15750022977591 34.7329191863537
         vertex -38.3022204041481 12.2100003063679 32.1393795311451
         vertex -38.3022204041481 9.15750022977591 32.1393795311451
      endloop
   endfacet
   facet normal -0.743145065136474 -2.91496984146049E-08 0.669130340190388
      outer loop
         vertex -35.9669886529446 9.15750022977591 34.7329191863537
         vertex -38.3022204041481 9.15750022977591 32.1393795311451
         vertex -38.3022204041481 6.10500015318394 32.1393795311451
      endloop
   endfacet
   facet normal -0.78801059469729 0 0.615661678720402
      outer loop
         vertex -38.3022204041481 6.10500015318394 32.1393795311451
         vertex -38.3022204041481 9.15750022977591 32.1393795311451
         vertex -40.4508486390114 6.10500015318394 29.3892621994019
      endloop
   endfacet
   facet normal -0.788010617289791 -2.50933128340532E-08 0.615661649803333
      outer loop
         vertex -38.3022204041481 6.10500015318394 32.1393795311451
         vertex -40.4508486390114 6.10500015318394 29.3892621994019
         vertex -40.4508486390114 3.05250007659197 29.3892621994019
      endloop
   endfacet
   facet normal -0.829037327767458 0 0.559193266383093
      outer loop
         vertex -40.4508486390114 3.05250007659197 29.3892621994019
         vertex -40.4508486390114 6.10500015318394 29.3892621994019
         vertex -42.4024052917957 3.05250007659197 26.4959633350372
      endloop
   endfacet
   facet normal -0.78801059469729 0 0.615661678720402
      outer loop
         vertex -38.3022204041481 9.15750022977591 32.1393795311451
         vertex -38.3022204041481 12.2100003063679 32.1393795311451
         vertex -40.4508486390114 9.15750022977591 29.3892621994019
      endloop
   endfacet
   facet normal -0.797015715390521 0.0171005295054367 0.603716424582907
      outer loop
         vertex -40.4508486390114 9.15750022977591 29.3892621994019
         vertex -38.3022204041481 12.2100003063679 32.1393795311451
         vertex -41.31193831563 12.2100003063679 28.1660035252571
      endloop
   endfacet
   facet normal -0.828997728454211 -0.00977430023730454 0.559166548778295
      outer loop
         vertex -40.4508486390114 9.15750022977591 29.3892621994019
         vertex -41.31193831563 12.2100003063679 28.1660035252571
         vertex -42.4024052917957 9.15750022977591 26.4959633350372
      endloop
   endfacet
   facet normal -0.853128105391464 0.0195436899239908 0.521335285565178
      outer loop
         vertex -42.4024052917957 9.15750022977591 26.4959633350372
         vertex -41.31193831563 12.2100003063679 28.1660035252571
         vertex -43.9110770821571 12.2100003063679 23.9126980304718
      endloop
   endfacet
   facet normal -0.866015168940409 -0.00488644344555663 0.499993849797742
      outer loop
         vertex -42.4024052917957 9.15750022977591 26.4959633350372
         vertex -43.9110770821571 12.2100003063679 23.9126980304718
         vertex -44.1473796963692 9.15750022977591 23.4735775738955
      endloop
   endfacet
   facet normal -0.927153252660066 -0.00814422333280528 0.374593803616884
      outer loop
         vertex -45.6772744655609 9.15750022977591 20.3368328511715
         vertex -46.0738092660904 12.2100003063679 19.4217395037413
         vertex -46.9846315681934 9.15750022977591 17.1010065823793
      endloop
   endfacet
   facet normal -0.939497809880127 0.0203578052613539 0.341949448011524
      outer loop
         vertex -46.9846315681934 9.15750022977591 17.1010065823793
         vertex -46.0738092660904 12.2100003063679 19.4217395037413
         vertex -47.7786399424076 12.2100003063679 14.7377587854862
      endloop
   endfacet
   facet normal -0.951025019966799 -0.00814502178812141 0.3090065857182
      outer loop
         vertex -46.9846315681934 9.15750022977591 17.1010065823793
         vertex -47.7786399424076 12.2100003063679 14.7377587854862
         vertex -48.0630844831467 9.15750022977591 13.7818679213524
      endloop
   endfacet
   facet normal -0.968995085046676 0.0130294755719704 0.246736211208863
      outer loop
         vertex -48.0630844831467 9.15750022977591 13.7818679213524
         vertex -47.7786399424076 12.2100003063679 14.7377587854862
         vertex -49.0086227655411 12.2100003063679 9.90730710327625
      endloop
   endfacet
   facet normal -0.970275077495177 0.00651591293359521 0.241916962758648
      outer loop
         vertex -48.0630844831467 9.15750022977591 13.7818679213524
         vertex -49.0086227655411 12.2100003063679 9.90730710327625
         vertex -48.9073805510998 9.15750022977591 10.395584627986
      endloop
   endfacet
   facet normal -0.984796027850511 -0.00488633094062614 0.173645925088364
      outer loop
         vertex -48.9073805510998 9.15750022977591 10.395584627986
         vertex -49.0086227655411 12.2100003063679 9.90730710327625
         vertex -49.513403326273 9.15750022977591 6.95865508168936
      endloop
   endfacet
   facet normal -0.984807784530458 4.06503806412884E-09 0.173647998917957
      outer loop
         vertex -48.9073805510998 9.15750022977591 10.395584627986
         vertex -49.513403326273 9.15750022977591 6.95865508168936
         vertex -49.513403326273 6.10500015318394 6.95865508168936
      endloop
   endfacet
   facet normal -0.99452189547743 0 0.104528462229101
      outer loop
         vertex -49.513403326273 6.10500015318394 6.95865508168936
         vertex -49.513403326273 9.15750022977591 6.95865508168936
         vertex -49.8782023787498 6.10500015318394 3.48782376386225
      endloop
   endfacet
   facet normal -0.99452189637524 -6.79755790175087E-09 0.104528453687003
      outer loop
         vertex -49.513403326273 6.10500015318394 6.95865508168936
         vertex -49.8782023787498 6.10500015318394 3.48782376386225
         vertex -49.8782023787498 3.05250007659197 3.48782376386225
      endloop
   endfacet
   facet normal -0.988641918102998 0.0195434577841651 0.149014130294626
      outer loop
         vertex -49.0086227655411 12.2100003063679 9.90730710327625
         vertex -49.7515387833118 12.2100003063679 4.97839227318764
         vertex -49.513403326273 9.15750022977591 6.95865508168936
      endloop
   endfacet
   facet normal -0.994474388699095 -0.00977417059665512 0.104523470142878
      outer loop
         vertex -49.513403326273 9.15750022977591 6.95865508168936
         vertex -49.7515387833118 12.2100003063679 4.97839227318764
         vertex -49.8782023787498 9.15750022977591 3.48782376386225
      endloop
   endfacet
   facet normal -0.99452189637524 -6.79755790175087E-09 0.104528453687003
      outer loop
         vertex -49.513403326273 9.15750022977591 6.95865508168936
         vertex -49.8782023787498 9.15750022977591 3.48782376386225
         vertex -49.8782023787498 6.10500015318394 3.48782376386225
      endloop
   endfacet
   facet normal -0.998610869702872 0.0171005970667993 0.0498387448801791
      outer loop
         vertex -49.7515387833118 12.2100003063679 4.97839227318764
         vertex -50.0000007450581 12.2100003063679 0
         vertex -49.8782023787498 9.15750022977591 3.48782376386225
      endloop
   endfacet
   facet normal -0.994474389355868 0.00977418271030341 0.104523462761327
      outer loop
         vertex -49.8782023787498 3.05250007659197 3.48782376386225
         vertex -49.7515387833118 0 4.97839227318764
         vertex -49.513403326273 3.05250007659197 6.95865508168936
      endloop
   endfacet
   facet normal -0.988641920082326 -0.0195434689991633 0.149014115691801
      outer loop
         vertex -49.513403326273 3.05250007659197 6.95865508168936
         vertex -49.7515387833118 0 4.97839227318764
         vertex -49.0086227655411 0 9.90730710327625
      endloop
   endfacet
   facet normal -0.984796027854993 0.00488633000932582 0.173645925089154
      outer loop
         vertex -49.513403326273 3.05250007659197 6.95865508168936
         vertex -49.0086227655411 0 9.90730710327625
         vertex -48.9073805510998 3.05250007659197 10.395584627986
      endloop
   endfacet
   facet normal -0.969051320857903 -0.00732967459904284 0.246750508436812
      outer loop
         vertex -48.9073805510998 3.05250007659197 10.395584627986
         vertex -49.0086227655411 0 9.90730710327625
         vertex -47.7786399424076 0 14.7377587854862
      endloop
   endfacet
   facet normal -0.970191451452545 -0.0146566252451298 0.241896115853123
      outer loop
         vertex -48.9073805510998 3.05250007659197 10.395584627986
         vertex -47.7786399424076 0 14.7377587854862
         vertex -48.0630844831467 3.05250007659197 13.7818679213524
      endloop
   endfacet
   facet normal -0.951025014206564 0.00814503063117326 0.3090066032133
      outer loop
         vertex -48.0630844831467 3.05250007659197 13.7818679213524
         vertex -47.7786399424076 0 14.7377587854862
         vertex -46.9846315681934 3.05250007659197 17.1010065823793
      endloop
   endfacet
   facet normal -0.951056568699876 -2.71253006023063E-09 0.309016833089749
      outer loop
         vertex -48.0630844831467 3.05250007659197 13.7818679213524
         vertex -46.9846315681934 3.05250007659197 17.1010065823793
         vertex -46.9846315681934 6.10500015318394 17.1010065823793
      endloop
   endfacet
   facet normal -0.927184010367743 0 0.374606207794785
      outer loop
         vertex -46.9846315681934 6.10500015318394 17.1010065823793
         vertex -46.9846315681934 3.05250007659197 17.1010065823793
         vertex -45.6772744655609 6.10500015318394 20.3368328511715
      endloop
   endfacet
   facet normal -0.927184012354641 2.05325629070883E-08 0.374606202877032
      outer loop
         vertex -46.9846315681934 6.10500015318394 17.1010065823793
         vertex -45.6772744655609 6.10500015318394 20.3368328511715
         vertex -45.6772744655609 9.15750022977591 20.3368328511715
      endloop
   endfacet
   facet normal -0.939497799949557 -0.0203578236726224 0.341949474199414
      outer loop
         vertex -47.7786399424076 0 14.7377587854862
         vertex -46.0738092660904 0 19.4217395037413
         vertex -46.9846315681934 3.05250007659197 17.1010065823793
      endloop
   endfacet
   facet normal -0.927153260978547 0.00814422940155942 0.374593782895953
      outer loop
         vertex -46.9846315681934 3.05250007659197 17.1010065823793
         vertex -46.0738092660904 0 19.4217395037413
         vertex -45.6772744655609 3.05250007659197 20.3368328511715
      endloop
   endfacet
   facet normal -0.927184012354641 2.05325629070883E-08 0.374606202877032
      outer loop
         vertex -46.9846315681934 3.05250007659197 17.1010065823793
         vertex -45.6772744655609 3.05250007659197 20.3368328511715
         vertex -45.6772744655609 6.10500015318394 20.3368328511715
      endloop
   endfacet
   facet normal -0.90089233465733 -0.0130304165833112 0.433846988694552
      outer loop
         vertex -46.0738092660904 0 19.4217395037413
         vertex -43.9110770821571 0 23.9126980304718
         vertex -45.6772744655609 3.05250007659197 20.3368328511715
      endloop
   endfacet
   facet normal -0.732944880121287 -0.017100806681204 0.680073058659762
      outer loop
         vertex -38.3022204041481 0 32.1393795311451
         vertex -34.9118411540985 0 35.7933416962624
         vertex -35.9669886529446 3.05250007659197 34.7329191863537
      endloop
   endfacet
   facet normal -0.69462524598484 0.00977411755521977 0.719305383176379
      outer loop
         vertex -35.9669886529446 3.05250007659197 34.7329191863537
         vertex -34.9118411540985 0 35.7933416962624
         vertex -33.4565304219723 3.05250007659197 37.1572412550449
      endloop
   endfacet
   facet normal -0.694658451847259 -9.68554578740266E-08 0.719339721742905
      outer loop
         vertex -35.9669886529446 3.05250007659197 34.7329191863537
         vertex -33.4565304219723 3.05250007659197 37.1572412550449
         vertex -33.4565304219723 6.10500015318394 37.1572412550449
      endloop
   endfacet
   facet normal -0.6427874343287 0 0.766044590261642
      outer loop
         vertex -33.4565304219723 6.10500015318394 37.1572412550449
         vertex -33.4565304219723 3.05250007659197 37.1572412550449
         vertex -30.7830739766359 6.10500015318394 39.4005365669727
      endloop
   endfacet
   facet normal -0.6427874343287 -1.2503728287556E-08 0.766044590261642
      outer loop
         vertex -33.4565304219723 6.10500015318394 37.1572412550449
         vertex -30.7830739766359 6.10500015318394 39.4005365669727
         vertex -30.7830739766359 9.15750022977591 39.4005365669727
      endloop
   endfacet
   facet normal -0.587785416676814 0 0.809016874942708
      outer loop
         vertex -30.7830739766359 9.15750022977591 39.4005365669727
         vertex -30.7830739766359 6.10500015318394 39.4005365669727
         vertex -27.9596447944641 9.15750022977591 41.4518788456917
      endloop
   endfacet
   facet normal -0.66155977102372 -0.0195431805509793 0.749637734813954
      outer loop
         vertex -34.9118411540985 0 35.7933416962624
         vertex -31.1744902282953 0 39.0915758907795
         vertex -33.4565304219723 3.05250007659197 37.1572412550449
      endloop
   endfacet
   facet normal -0.642779729135019 0.00488768068450244 0.766035462880562
      outer loop
         vertex -33.4565304219723 3.05250007659197 37.1572412550449
         vertex -31.1744902282953 0 39.0915758907795
         vertex -30.7830739766359 3.05250007659197 39.4005365669727
      endloop
   endfacet
   facet normal -0.6427874343287 -1.2503728287556E-08 0.766044590261642
      outer loop
         vertex -33.4565304219723 3.05250007659197 37.1572412550449
         vertex -30.7830739766359 3.05250007659197 39.4005365669727
         vertex -30.7830739766359 6.10500015318394 39.4005365669727
      endloop
   endfacet
   facet normal -0.587785416676814 0 0.809016874942708
      outer loop
         vertex -30.7830739766359 6.10500015318394 39.4005365669727
         vertex -30.7830739766359 3.05250007659197 39.4005365669727
         vertex -27.9596447944641 6.10500015318394 41.4518788456917
      endloop
   endfacet
   facet normal -0.587785416676814 -1.06859258105497E-08 0.809016874942708
      outer loop
         vertex -30.7830739766359 6.10500015318394 39.4005365669727
         vertex -27.9596447944641 6.10500015318394 41.4518788456917
         vertex -27.9596447944641 9.15750022977591 41.4518788456917
      endloop
   endfacet
   facet normal -0.529919155834671 0 0.848048163891338
      outer loop
         vertex -27.9596447944641 9.15750022977591 41.4518788456917
         vertex -27.9596447944641 6.10500015318394 41.4518788456917
         vertex -25.000000372529 9.15750022977591 43.3012694120407
      endloop
   endfacet
   facet normal -0.583727646637313 -0.00732834483458947 0.811916455008303
      outer loop
         vertex -31.1744902282953 0 39.0915758907795
         vertex -27.1273124963045 0 42.0012958347797
         vertex -30.7830739766359 3.05250007659197 39.4005365669727
      endloop
   endfacet
   facet normal -0.587722249842776 -0.0146569807205947 0.808929990763046
      outer loop
         vertex -30.7830739766359 3.05250007659197 39.4005365669727
         vertex -27.1273124963045 0 42.0012958347797
         vertex -27.9596447944641 3.05250007659197 41.4518788456917
      endloop
   endfacet
   facet normal -0.587785416676814 -1.06859258105497E-08 0.809016874942708
      outer loop
         vertex -30.7830739766359 3.05250007659197 39.4005365669727
         vertex -27.9596447944641 3.05250007659197 41.4518788456917
         vertex -27.9596447944641 6.10500015318394 41.4518788456917
      endloop
   endfacet
   facet normal -0.529919155834671 0 0.848048163891338
      outer loop
         vertex -27.9596447944641 6.10500015318394 41.4518788456917
         vertex -27.9596447944641 3.05250007659197 41.4518788456917
         vertex -25.000000372529 6.10500015318394 43.3012694120407
      endloop
   endfacet
   facet normal -0.529919155834671 4.43575849707275E-09 0.848048163891338
      outer loop
         vertex -27.9596447944641 6.10500015318394 41.4518788456917
         vertex -25.000000372529 6.10500015318394 43.3012694120407
         vertex -25.000000372529 9.15750022977591 43.3012694120407
      endloop
   endfacet
   facet normal -0.46947132331427 0 0.882947720188205
      outer loop
         vertex -25.000000372529 9.15750022977591 43.3012694120407
         vertex -25.000000372529 6.10500015318394 43.3012694120407
         vertex -21.9185575842857 9.15750022977591 44.9397005140781
      endloop
   endfacet
   facet normal -0.529901575531614 0.00814492459252272 0.848020035407475
      outer loop
         vertex -27.9596447944641 3.05250007659197 41.4518788456917
         vertex -27.1273124963045 0 42.0012958347797
         vertex -25.000000372529 3.05250007659197 43.3012694120407
      endloop
   endfacet
   facet normal -0.499896429989639 -0.0203574371491899 0.865845906634853
      outer loop
         vertex -25.000000372529 3.05250007659197 43.3012694120407
         vertex -27.1273124963045 0 42.0012958347797
         vertex -22.8105336427689 0 44.4935895502567
      endloop
   endfacet
   facet normal -0.469455753803426 0.00814534918710604 0.882918426870499
      outer loop
         vertex -25.000000372529 3.05250007659197 43.3012694120407
         vertex -22.8105336427689 0 44.4935895502567
         vertex -21.9185575842857 3.05250007659197 44.9397005140781
      endloop
   endfacet
   facet normal -0.411252235652063 -0.0130290139265962 0.911428463164982
      outer loop
         vertex -21.9185575842857 3.05250007659197 44.9397005140781
         vertex -22.8105336427689 0 44.4935895502567
         vertex -18.2670503854752 0 46.543687582016
      endloop
   endfacet
   facet normal -0.124325581930198 -0.0171006221820349 0.992094107632287
      outer loop
         vertex -8.68240930140018 0 49.2403879761696
         vertex -3.7365045864135 0 49.8601906001568
         vertex -5.22642303258181 3.05250007659197 49.7260950505733
      endloop
   endfacet
   facet normal -0.0697534667977442 0.00977412873282826 0.99751637594438
      outer loop
         vertex -5.22642303258181 3.05250007659197 49.7260950505733
         vertex -3.7365045864135 0 49.8601906001568
         vertex -1.74497487023473 3.05250007659197 49.9695427715778
      endloop
   endfacet
   facet normal -0.0697568023934825 -3.64648931611134E-10 0.997564027278368
      outer loop
         vertex -5.22642303258181 3.05250007659197 49.7260950505733
         vertex -1.74497487023473 3.05250007659197 49.9695427715778
         vertex -1.74497487023473 6.10500015318394 49.9695427715778
      endloop
   endfacet
   facet normal 0 0 1
      outer loop
         vertex -1.74497487023473 6.10500015318394 49.9695427715778
         vertex -1.74497487023473 3.05250007659197 49.9695427715778
         vertex 1.74497487023473 6.10500015318394 49.9695427715778
      endloop
   endfacet
   facet normal 0 0 1
      outer loop
         vertex -1.74497487023473 6.10500015318394 49.9695427715778
         vertex 1.74497487023473 6.10500015318394 49.9695427715778
         vertex 1.74497487023473 9.15750022977591 49.9695427715778
      endloop
   endfacet
   facet normal 0.0697568023934825 0 0.997564027278368
      outer loop
         vertex 1.74497487023473 9.15750022977591 49.9695427715778
         vertex 1.74497487023473 6.10500015318394 49.9695427715778
         vertex 5.22642303258181 9.15750022977591 49.7260950505733
      endloop
   endfacet
   facet normal -0.0249257311966488 -0.0195436440989662 0.99949825107383
      outer loop
         vertex -3.7365045864135 0 49.8601906001568
         vertex 1.2465346371755 0 49.9844588339329
         vertex -1.74497487023473 3.05250007659197 49.9695427715778
      endloop
   endfacet
   facet normal 0 0.00488644829620104 0.999988061240257
      outer loop
         vertex -1.74497487023473 3.05250007659197 49.9695427715778
         vertex 1.2465346371755 0 49.9844588339329
         vertex 1.74497487023473 3.05250007659197 49.9695427715778
      endloop
   endfacet
   facet normal 0 0 1
      outer loop
         vertex -1.74497487023473 3.05250007659197 49.9695427715778
         vertex 1.74497487023473 3.05250007659197 49.9695427715778
         vertex 1.74497487023473 6.10500015318394 49.9695427715778
      endloop
   endfacet
   facet normal 0.0697568023934825 0 0.997564027278368
      outer loop
         vertex 1.74497487023473 6.10500015318394 49.9695427715778
         vertex 1.74497487023473 3.05250007659197 49.9695427715778
         vertex 5.22642303258181 6.10500015318394 49.7260950505733
      endloop
   endfacet
   facet normal 0.0697568023934825 3.64648931611134E-10 0.997564027278368
      outer loop
         vertex 1.74497487023473 6.10500015318394 49.9695427715778
         vertex 5.22642303258181 6.10500015318394 49.7260950505733
         vertex 5.22642303258181 9.15750022977591 49.7260950505733
      endloop
   endfacet
   facet normal 0.139173063795336 0 0.990268073964732
      outer loop
         vertex 5.22642303258181 9.15750022977591 49.7260950505733
         vertex 5.22642303258181 6.10500015318394 49.7260950505733
         vertex 8.68240930140018 9.15750022977591 49.2403879761696
      endloop
   endfacet
   facet normal 0.0747281759189006 -0.00732959014521684 0.997177003762189
      outer loop
         vertex 1.2465346371755 0 49.9844588339329
         vertex 6.21718540787697 0 49.6119596064091
         vertex 1.74497487023473 3.05250007659197 49.9695427715778
      endloop
   endfacet
   facet normal 0.0697493047317141 -0.0146569044833602 0.997456871067821
      outer loop
         vertex 1.74497487023473 3.05250007659197 49.9695427715778
         vertex 6.21718540787697 0 49.6119596064091
         vertex 5.22642303258181 3.05250007659197 49.7260950505733
      endloop
   endfacet
   facet normal 0.0697568023934825 3.64648931611134E-10 0.997564027278368
      outer loop
         vertex 1.74497487023473 3.05250007659197 49.9695427715778
         vertex 5.22642303258181 3.05250007659197 49.7260950505733
         vertex 5.22642303258181 6.10500015318394 49.7260950505733
      endloop
   endfacet
   facet normal 0.139173063795336 0 0.990268073964732
      outer loop
         vertex 5.22642303258181 6.10500015318394 49.7260950505733
         vertex 5.22642303258181 3.05250007659197 49.7260950505733
         vertex 8.68240930140018 6.10500015318394 49.2403879761696
      endloop
   endfacet
   facet normal 0.139173063795336 1.25986228738461E-08 0.990268073964732
      outer loop
         vertex 5.22642303258181 6.10500015318394 49.7260950505733
         vertex 8.68240930140018 6.10500015318394 49.2403879761696
         vertex 8.68240930140018 9.15750022977591 49.2403879761696
      endloop
   endfacet
   facet normal 0.207911580434017 0 0.978147624196588
      outer loop
         vertex 8.68240930140018 9.15750022977591 49.2403879761696
         vertex 8.68240930140018 6.10500015318394 49.2403879761696
         vertex 12.0960948988795 9.15750022977591 48.5147871077061
      endloop
   endfacet
   facet normal 0.139168443910416 0.00814477183326545 0.990235228070249
      outer loop
         vertex 5.22642303258181 3.05250007659197 49.7260950505733
         vertex 6.21718540787697 0 49.6119596064091
         vertex 8.68240930140018 3.05250007659197 49.2403879761696
      endloop
   endfacet
   facet normal 0.173611997619265 -0.0203576217236015 0.984603697697915
      outer loop
         vertex 8.68240930140018 3.05250007659197 49.2403879761696
         vertex 6.21718540787697 0 49.6119596064091
         vertex 11.126047000289 0 48.746395856142
      endloop
   endfacet
   facet normal 0.207904703402319 0.00814497591167757 0.978115174031459
      outer loop
         vertex 8.68240930140018 3.05250007659197 49.2403879761696
         vertex 11.126047000289 0 48.746395856142
         vertex 12.0960948988795 3.05250007659197 48.5147871077061
      endloop
   endfacet
   facet normal 0.270817876647358 -0.0130296694492599 0.962542417456114
      outer loop
         vertex 12.0960948988795 3.05250007659197 48.5147871077061
         vertex 11.126047000289 0 48.746395856142
         vertex 15.9243326634169 0 47.3963655531406
      endloop
   endfacet
   facet normal 0.542467016036589 -0.017101036950136 0.839903024787737
      outer loop
         vertex 25.000000372529 0 43.3012694120407
         vertex 29.1871838271618 0 40.5968986451626
         vertex 27.9596447944641 3.05250007659197 41.4518788456917
      endloop
   endfacet
   facet normal 0.587757294080021 0.00977386355715923 0.808978265991675
      outer loop
         vertex 27.9596447944641 3.05250007659197 41.4518788456917
         vertex 29.1871838271618 0 40.5968986451626
         vertex 30.7830739766359 3.05250007659197 39.4005365669727
      endloop
   endfacet
   facet normal 0.587785416676814 1.06859258105497E-08 0.809016874942708
      outer loop
         vertex 27.9596447944641 3.05250007659197 41.4518788456917
         vertex 30.7830739766359 3.05250007659197 39.4005365669727
         vertex 30.7830739766359 6.10500015318394 39.4005365669727
      endloop
   endfacet
   facet normal 0.6427874343287 0 0.766044590261642
      outer loop
         vertex 30.7830739766359 6.10500015318394 39.4005365669727
         vertex 30.7830739766359 3.05250007659197 39.4005365669727
         vertex 33.4565304219723 6.10500015318394 37.1572412550449
      endloop
   endfacet
   facet normal 0.6427874343287 1.2503728287556E-08 0.766044590261642
      outer loop
         vertex 30.7830739766359 6.10500015318394 39.4005365669727
         vertex 33.4565304219723 6.10500015318394 37.1572412550449
         vertex 33.4565304219723 9.15750022977591 37.1572412550449
      endloop
   endfacet
   facet normal 0.694658451847262 0 0.719339721742909
      outer loop
         vertex 33.4565304219723 9.15750022977591 37.1572412550449
         vertex 33.4565304219723 6.10500015318394 37.1572412550449
         vertex 35.9669886529446 9.15750022977591 34.7329191863537
      endloop
   endfacet
   facet normal 0.623370501900293 -0.0195432371589981 0.781682339087896
      outer loop
         vertex 29.1871838271618 0 40.5968986451626
         vertex 33.0842919647694 0 37.4890603125095
         vertex 30.7830739766359 3.05250007659197 39.4005365669727
      endloop
   endfacet
   facet normal 0.642779765978236 0.00488708679328522 0.766035435754534
      outer loop
         vertex 30.7830739766359 3.05250007659197 39.4005365669727
         vertex 33.0842919647694 0 37.4890603125095
         vertex 33.4565304219723 3.05250007659197 37.1572412550449
      endloop
   endfacet
   facet normal 0.6427874343287 1.2503728287556E-08 0.766044590261642
      outer loop
         vertex 30.7830739766359 3.05250007659197 39.4005365669727
         vertex 33.4565304219723 3.05250007659197 37.1572412550449
         vertex 33.4565304219723 6.10500015318394 37.1572412550449
      endloop
   endfacet
   facet normal 0.694658451847262 0 0.719339721742909
      outer loop
         vertex 33.4565304219723 6.10500015318394 37.1572412550449
         vertex 33.4565304219723 3.05250007659197 37.1572412550449
         vertex 35.9669886529446 6.10500015318394 34.7329191863537
      endloop
   endfacet
   facet normal 0.694658451847259 9.68554578740266E-08 0.719339721742905
      outer loop
         vertex 33.4565304219723 6.10500015318394 37.1572412550449
         vertex 35.9669886529446 6.10500015318394 34.7329191863537
         vertex 35.9669886529446 9.15750022977591 34.7329191863537
      endloop
   endfacet
   facet normal 0.743145065136475 0 0.669130340190388
      outer loop
         vertex 35.9669886529446 9.15750022977591 34.7329191863537
         vertex 35.9669886529446 6.10500015318394 34.7329191863537
         vertex 38.3022204041481 9.15750022977591 32.1393795311451
      endloop
   endfacet
   facet normal 0.698217971985167 -0.00732896087629831 0.715847714202815
      outer loop
         vertex 33.0842919647694 0 37.4890603125095
         vertex 36.6525948047638 0 34.0086370706558
         vertex 33.4565304219723 3.05250007659197 37.1572412550449
      endloop
   endfacet
   facet normal 0.694583825346963 -0.0146562306412277 0.719262472585475
      outer loop
         vertex 33.4565304219723 3.05250007659197 37.1572412550449
         vertex 36.6525948047638 0 34.0086370706558
         vertex 35.9669886529446 3.05250007659197 34.7329191863537
      endloop
   endfacet
   facet normal 0.694658451847259 9.68554578740266E-08 0.719339721742905
      outer loop
         vertex 33.4565304219723 3.05250007659197 37.1572412550449
         vertex 35.9669886529446 3.05250007659197 34.7329191863537
         vertex 35.9669886529446 6.10500015318394 34.7329191863537
      endloop
   endfacet
   facet normal 0.743145065136475 0 0.669130340190388
      outer loop
         vertex 35.9669886529446 6.10500015318394 34.7329191863537
         vertex 35.9669886529446 3.05250007659197 34.7329191863537
         vertex 38.3022204041481 6.10500015318394 32.1393795311451
      endloop
   endfacet
   facet normal 0.743145065136474 2.91496984146049E-08 0.669130340190388
      outer loop
         vertex 35.9669886529446 6.10500015318394 34.7329191863537
         vertex 38.3022204041481 6.10500015318394 32.1393795311451
         vertex 38.3022204041481 9.15750022977591 32.1393795311451
      endloop
   endfacet
   facet normal 0.78801059469729 0 0.615661678720402
      outer loop
         vertex 38.3022204041481 9.15750022977591 32.1393795311451
         vertex 38.3022204041481 6.10500015318394 32.1393795311451
         vertex 40.4508486390114 9.15750022977591 29.3892621994019
      endloop
   endfacet
   facet normal 0.743120386981398 0.00814574507330774 0.669108165612868
      outer loop
         vertex 35.9669886529446 3.05250007659197 34.7329191863537
         vertex 36.6525948047638 0 34.0086370706558
         vertex 38.3022204041481 3.05250007659197 32.1393795311451
      endloop
   endfacet
   facet normal 0.765886029573532 -0.0203568493897035 0.642654019194633
      outer loop
         vertex 38.3022204041481 3.05250007659197 32.1393795311451
         vertex 36.6525948047638 0 34.0086370706558
         vertex 39.8566238582134 0 30.1902201026678
      endloop
   endfacet
   facet normal 0.78798445548578 0.0081450792719564 0.615641255599746
      outer loop
         vertex 38.3022204041481 3.05250007659197 32.1393795311451
         vertex 39.8566238582134 0 30.1902201026678
         vertex 40.4508486390114 3.05250007659197 29.3892621994019
      endloop
   endfacet
   facet normal 0.826168551013574 -0.0130294479755086 0.563272366445918
      outer loop
         vertex 40.4508486390114 3.05250007659197 29.3892621994019
         vertex 39.8566238582134 0 30.1902201026678
         vertex 42.6645427942276 0 26.0717608034611
      endloop
   endfacet
   facet normal 0.95543313116764 -0.0171007272017756 0.294711888115105
      outer loop
         vertex 46.9846315681934 0 17.1010065823793
         vertex 48.453863710165 0 12.33786996454
         vertex 48.0630844831467 3.05250007659197 13.7818679213524
      endloop
   endfacet
   facet normal 0.970249325595492 0.00977393270320916 0.241910554587859
      outer loop
         vertex 48.0630844831467 3.05250007659197 13.7818679213524
         vertex 48.453863710165 0 12.33786996454
         vertex 48.9073805510998 3.05250007659197 10.395584627986
      endloop
   endfacet
   facet normal 0.970295672442374 3.33528606382473E-09 0.241922111514432
      outer loop
         vertex 48.0630844831467 3.05250007659197 13.7818679213524
         vertex 48.9073805510998 3.05250007659197 10.395584627986
         vertex 48.9073805510998 6.10500015318394 10.395584627986
      endloop
   endfacet
   facet normal 0.984807784530458 0 0.173647998917957
      outer loop
         vertex 48.9073805510998 6.10500015318394 10.395584627986
         vertex 48.9073805510998 3.05250007659197 10.395584627986
         vertex 49.513403326273 6.10500015318394 6.95865508168936
      endloop
   endfacet
   facet normal 0.984807784530458 -4.06503806412884E-09 0.173647998917957
      outer loop
         vertex 48.9073805510998 6.10500015318394 10.395584627986
         vertex 49.513403326273 6.10500015318394 6.95865508168936
         vertex 49.513403326273 9.15750022977591 6.95865508168936
      endloop
   endfacet
   facet normal 0.99452189547743 0 0.104528462229101
      outer loop
         vertex 49.513403326273 9.15750022977591 6.95865508168936
         vertex 49.513403326273 6.10500015318394 6.95865508168936
         vertex 49.8782023787498 9.15750022977591 3.48782376386225
      endloop
   endfacet
   facet normal 0.979985220701449 -0.0195434332344613 0.198108610171651
      outer loop
         vertex 48.453863710165 0 12.33786996454
         vertex 49.4415424764156 0 7.45211308822036
         vertex 48.9073805510998 3.05250007659197 10.395584627986
      endloop
   endfacet
   facet normal 0.984796022850799 0.004887369806125 0.173645924206781
      outer loop
         vertex 48.9073805510998 3.05250007659197 10.395584627986
         vertex 49.4415424764156 0 7.45211308822036
         vertex 49.513403326273 3.05250007659197 6.95865508168936
      endloop
   endfacet
   facet normal 0.984807784530458 -4.06503806412884E-09 0.173647998917957
      outer loop
         vertex 48.9073805510998 3.05250007659197 10.395584627986
         vertex 49.513403326273 3.05250007659197 6.95865508168936
         vertex 49.513403326273 6.10500015318394 6.95865508168936
      endloop
   endfacet
   facet normal 0.99452189547743 0 0.104528462229101
      outer loop
         vertex 49.513403326273 6.10500015318394 6.95865508168936
         vertex 49.513403326273 3.05250007659197 6.95865508168936
         vertex 49.8782023787498 6.10500015318394 3.48782376386225
      endloop
   endfacet
   facet normal 0.99452189637524 6.79755790175087E-09 0.104528453687003
      outer loop
         vertex 49.513403326273 6.10500015318394 6.95865508168936
         vertex 49.8782023787498 6.10500015318394 3.48782376386225
         vertex 49.8782023787498 9.15750022977591 3.48782376386225
      endloop
   endfacet
   facet normal 0.999390818240649 0 0.034899748083409
      outer loop
         vertex 49.8782023787498 9.15750022977591 3.48782376386225
         vertex 49.8782023787498 6.10500015318394 3.48782376386225
         vertex 50.0000007450581 9.15750022977591 6.12323384933553E-15
      endloop
   endfacet
   facet normal 0.995004112572104 -0.00732871420785324 0.0995645816174585
      outer loop
         vertex 49.4415424764156 0 7.45211308822036
         vertex 49.9378442764282 0 2.49229418113828
         vertex 49.513403326273 3.05250007659197 6.95865508168936
      endloop
   endfacet
   facet normal 0.99441506122473 -0.0146572340840382 0.104517230629319
      outer loop
         vertex 49.513403326273 3.05250007659197 6.95865508168936
         vertex 49.9378442764282 0 2.49229418113828
         vertex 49.8782023787498 3.05250007659197 3.48782376386225
      endloop
   endfacet
   facet normal 0.99452189637524 6.79755790175087E-09 0.104528453687003
      outer loop
         vertex 49.513403326273 3.05250007659197 6.95865508168936
         vertex 49.8782023787498 3.05250007659197 3.48782376386225
         vertex 49.8782023787498 6.10500015318394 3.48782376386225
      endloop
   endfacet
   facet normal 0.999390818240649 0 0.034899748083409
      outer loop
         vertex 49.8782023787498 6.10500015318394 3.48782376386225
         vertex 49.8782023787498 3.05250007659197 3.48782376386225
         vertex 50.0000007450581 6.10500015318394 -6.12323384933553E-15
      endloop
   endfacet
   facet normal 0.999390818297984 2.91452584085619E-09 0.0348997464415759
      outer loop
         vertex 49.8782023787498 6.10500015318394 3.48782376386225
         vertex 50.0000007450581 6.10500015318394 -6.12323384933553E-15
         vertex 50.0000007450581 9.15750022977591 6.12323384933553E-15
      endloop
   endfacet
   facet normal 0.999390818240649 1.40015919486853E-16 -0.034899748083409
      outer loop
         vertex 50.0000007450581 9.15750022977591 6.12323384933553E-15
         vertex 50.0000007450581 6.10500015318394 -6.12323384933553E-15
         vertex 49.8782023787498 9.15750022977591 -3.48782376386225
      endloop
   endfacet
   facet normal 0.999357671631938 0.00814447484006835 0.0348985913751712
      outer loop
         vertex 49.8782023787498 3.05250007659197 3.48782376386225
         vertex 49.9378442764282 0 2.49229418113828
         vertex 50.0000007450581 3.05250007659197 -6.12323384933553E-15
      endloop
   endfacet
   facet normal 0.999792749173947 -0.0203582587468147 0
      outer loop
         vertex 50.0000007450581 3.05250007659197 -6.12323384933553E-15
         vertex 49.9378442764282 0 2.49229418113828
         vertex 49.9378442764282 0 -2.49229418113828
      endloop
   endfacet
   facet normal 0.999357671624358 0.00814447577132918 -0.0348985913749065
      outer loop
         vertex 50.0000007450581 3.05250007659197 -6.12323384933553E-15
         vertex 49.9378442764282 0 -2.49229418113828
         vertex 49.8782023787498 3.05250007659197 -3.48782376386225
      endloop
   endfacet
   facet normal 0.994946364542922 -0.0130297309305627 -0.0995588157558093
      outer loop
         vertex 49.8782023787498 3.05250007659197 -3.48782376386225
         vertex 49.9378442764282 0 -2.49229418113828
         vertex 49.4415424764156 0 -7.45211308822036
      endloop
   endfacet
   facet normal 0.921341321997472 -0.0171015564708081 -0.388378301590377
      outer loop
         vertex 46.9846315681934 0 -17.1010065823793
         vertex 45.0484417378902 0 -21.6941870748997
         vertex 45.6772744655609 3.05250007659197 -20.3368328511715
      endloop
   endfacet
   facet normal 0.898750870027813 0.00977337670673272 -0.438350721149171
      outer loop
         vertex 45.6772744655609 3.05250007659197 -20.3368328511715
         vertex 45.0484417378902 0 -21.6941870748997
         vertex 44.1473796963692 3.05250007659197 -23.4735775738955
      endloop
   endfacet
   facet normal 0.8987937888612 1.61426387277402E-08 -0.438371674614736
      outer loop
         vertex 45.6772744655609 3.05250007659197 -20.3368328511715
         vertex 44.1473796963692 3.05250007659197 -23.4735775738955
         vertex 44.1473796963692 6.10500015318394 -23.4735775738955
      endloop
   endfacet
   facet normal 0.866025507129541 0 -0.499999821000989
      outer loop
         vertex 44.1473796963692 6.10500015318394 -23.4735775738955
         vertex 44.1473796963692 3.05250007659197 -23.4735775738955
         vertex 42.4024052917957 6.10500015318394 -26.4959633350372
      endloop
   endfacet
   facet normal 0.866025507129541 -7.83558018178929E-09 -0.499999821000989
      outer loop
         vertex 44.1473796963692 6.10500015318394 -23.4735775738955
         vertex 42.4024052917957 6.10500015318394 -26.4959633350372
         vertex 42.4024052917957 9.15750022977591 -26.4959633350372
      endloop
   endfacet
   facet normal 0.829037327767458 0 -0.559193266383093
      outer loop
         vertex 42.4024052917957 9.15750022977591 -26.4959633350372
         vertex 42.4024052917957 6.10500015318394 -26.4959633350372
         vertex 40.4508486390114 9.15750022977591 -29.3892621994019
      endloop
   endfacet
   facet normal 0.878053898138966 -0.0195436048041755 -0.478162524121479
      outer loop
         vertex 45.0484417378902 0 -21.6941870748997
         vertex 42.6645427942276 0 -26.0717608034611
         vertex 44.1473796963692 3.05250007659197 -23.4735775738955
      endloop
   endfacet
   facet normal 0.866015155204345 0.00488663987711918 -0.499993871669549
      outer loop
         vertex 44.1473796963692 3.05250007659197 -23.4735775738955
         vertex 42.6645427942276 0 -26.0717608034611
         vertex 42.4024052917957 3.05250007659197 -26.4959633350372
      endloop
   endfacet
   facet normal 0.866025507129541 -7.83558018178929E-09 -0.499999821000989
      outer loop
         vertex 44.1473796963692 3.05250007659197 -23.4735775738955
         vertex 42.4024052917957 3.05250007659197 -26.4959633350372
         vertex 42.4024052917957 6.10500015318394 -26.4959633350372
      endloop
   endfacet
   facet normal 0.829037327767458 0 -0.559193266383093
      outer loop
         vertex 42.4024052917957 6.10500015318394 -26.4959633350372
         vertex 42.4024052917957 3.05250007659197 -26.4959633350372
         vertex 40.4508486390114 6.10500015318394 -29.3892621994019
      endloop
   endfacet
   facet normal 0.829037309129256 2.57231232736257E-09 -0.559193294015337
      outer loop
         vertex 42.4024052917957 6.10500015318394 -26.4959633350372
         vertex 40.4508486390114 6.10500015318394 -29.3892621994019
         vertex 40.4508486390114 9.15750022977591 -29.3892621994019
      endloop
   endfacet
   facet normal 0.78801059469729 0 -0.615661678720402
      outer loop
         vertex 40.4508486390114 9.15750022977591 -29.3892621994019
         vertex 40.4508486390114 6.10500015318394 -29.3892621994019
         vertex 38.3022204041481 9.15750022977591 -32.1393795311451
      endloop
   endfacet
   facet normal 0.829019748963471 -0.00651564141409457 -0.559181367934865
      outer loop
         vertex 42.4024052917957 3.05250007659197 -26.4959633350372
         vertex 42.6645427942276 0 -26.0717608034611
         vertex 40.4508486390114 3.05250007659197 -29.3892621994019
      endloop
   endfacet
   facet normal 0.826168551013574 -0.0130294479755086 -0.563272366445918
      outer loop
         vertex 40.4508486390114 3.05250007659197 -29.3892621994019
         vertex 42.6645427942276 0 -26.0717608034611
         vertex 39.8566238582134 0 -30.1902201026678
      endloop
   endfacet
   facet normal 0.787984478134535 0.00814507050805515 -0.615641226726626
      outer loop
         vertex 40.4508486390114 3.05250007659197 -29.3892621994019
         vertex 39.8566238582134 0 -30.1902201026678
         vertex 38.3022204041481 3.05250007659197 -32.1393795311451
      endloop
   endfacet
   facet normal 0.765886029573532 -0.0203568493897035 -0.642654019194633
      outer loop
         vertex 38.3022204041481 3.05250007659197 -32.1393795311451
         vertex 39.8566238582134 0 -30.1902201026678
         vertex 36.6525948047638 0 -34.0086370706558
      endloop
   endfacet
   facet normal 0.743120413552305 0.00814576426898064 -0.669108135869178
      outer loop
         vertex 38.3022204041481 3.05250007659197 -32.1393795311451
         vertex 36.6525948047638 0 -34.0086370706558
         vertex 35.9669886529446 3.05250007659197 -34.7329191863537
      endloop
   endfacet
   facet normal 0.698177423257515 -0.013028946078173 -0.715806211357228
      outer loop
         vertex 35.9669886529446 3.05250007659197 -34.7329191863537
         vertex 36.6525948047638 0 -34.0086370706558
         vertex 33.0842919647694 0 -37.4890603125095
      endloop
   endfacet
   facet normal 0.456143718536942 -0.017100681795974 -0.889741802278281
      outer loop
         vertex 25.000000372529 0 -43.3012694120407
         vertex 20.5643549561501 0 -45.5752909183502
         vertex 21.9185575842857 3.05250007659197 -44.9397005140781
      endloop
   endfacet
   facet normal 0.406717562593645 0.00977393970274214 -0.913501666326105
      outer loop
         vertex 21.9185575842857 3.05250007659197 -44.9397005140781
         vertex 20.5643549561501 0 -45.5752909183502
         vertex 18.730329349637 3.05250007659197 -46.3591925799847
      endloop
   endfacet
   facet normal 0.406736970546957 3.31532801700483E-09 -0.913545311842978
      outer loop
         vertex 21.9185575842857 3.05250007659197 -44.9397005140781
         vertex 18.730329349637 3.05250007659197 -46.3591925799847
         vertex 18.730329349637 6.10500015318394 -46.3591925799847
      endloop
   endfacet
   facet normal 0.342019780877143 0 -0.939692752706304
      outer loop
         vertex 18.730329349637 6.10500015318394 -46.3591925799847
         vertex 18.730329349637 3.05250007659197 -46.3591925799847
         vertex 15.4508501291275 6.10500015318394 -47.5528240203857
      endloop
   endfacet
   facet normal 0.342019800033689 -3.1410391069176E-08 -0.939692745733899
      outer loop
         vertex 18.730329349637 6.10500015318394 -46.3591925799847
         vertex 15.4508501291275 6.10500015318394 -47.5528240203857
         vertex 15.4508501291275 9.15750022977591 -47.5528240203857
      endloop
   endfacet
   facet normal 0.275638013107255 0 -0.961261507463128
      outer loop
         vertex 15.4508501291275 9.15750022977591 -47.5528240203857
         vertex 15.4508501291275 6.10500015318394 -47.5528240203857
         vertex 12.0960948988795 9.15750022977591 -48.5147871077061
      endloop
   endfacet
   facet normal 0.365271268305501 -0.0195437128533099 -0.930695945966457
      outer loop
         vertex 20.5643549561501 0 -45.5752909183502
         vertex 15.9243326634169 0 -47.3963655531406
         vertex 18.730329349637 3.05250007659197 -46.3591925799847
      endloop
   endfacet
   facet normal 0.342015704868523 0.00488694834106311 -0.939681528688949
      outer loop
         vertex 18.730329349637 3.05250007659197 -46.3591925799847
         vertex 15.9243326634169 0 -47.3963655531406
         vertex 15.4508501291275 3.05250007659197 -47.5528240203857
      endloop
   endfacet
   facet normal 0.342019800033689 -3.1410391069176E-08 -0.939692745733899
      outer loop
         vertex 18.730329349637 3.05250007659197 -46.3591925799847
         vertex 15.4508501291275 3.05250007659197 -47.5528240203857
         vertex 15.4508501291275 6.10500015318394 -47.5528240203857
      endloop
   endfacet
   facet normal 0.275638013107255 0 -0.961261507463128
      outer loop
         vertex 15.4508501291275 6.10500015318394 -47.5528240203857
         vertex 15.4508501291275 3.05250007659197 -47.5528240203857
         vertex 12.0960948988795 6.10500015318394 -48.5147871077061
      endloop
   endfacet
   facet normal 0.275638013107255 3.67237616799457E-09 -0.961261507463128
      outer loop
         vertex 15.4508501291275 6.10500015318394 -47.5528240203857
         vertex 12.0960948988795 6.10500015318394 -48.5147871077061
         vertex 12.0960948988795 9.15750022977591 -48.5147871077061
      endloop
   endfacet
   facet normal 0.207911580434017 0 -0.978147624196588
      outer loop
         vertex 12.0960948988795 9.15750022977591 -48.5147871077061
         vertex 12.0960948988795 6.10500015318394 -48.5147871077061
         vertex 8.68240930140018 9.15750022977591 -49.2403879761696
      endloop
   endfacet
   facet normal 0.270833571411213 -0.00732897520200528 -0.962598287303242
      outer loop
         vertex 15.9243326634169 0 -47.3963655531406
         vertex 11.126047000289 0 -48.746395856142
         vertex 15.4508501291275 3.05250007659197 -47.5528240203857
      endloop
   endfacet
   facet normal 0.275608384405523 -0.0146570463180652 -0.961158254107308
      outer loop
         vertex 15.4508501291275 3.05250007659197 -47.5528240203857
         vertex 11.126047000289 0 -48.746395856142
         vertex 12.0960948988795 3.05250007659197 -48.5147871077061
      endloop
   endfacet
   facet normal 0.275638013107255 3.67237616799457E-09 -0.961261507463128
      outer loop
         vertex 15.4508501291275 3.05250007659197 -47.5528240203857
         vertex 12.0960948988795 3.05250007659197 -48.5147871077061
         vertex 12.0960948988795 6.10500015318394 -48.5147871077061
      endloop
   endfacet
   facet normal 0.207911580434017 0 -0.978147624196588
      outer loop
         vertex 12.0960948988795 6.10500015318394 -48.5147871077061
         vertex 12.0960948988795 3.05250007659197 -48.5147871077061
         vertex 8.68240930140018 6.10500015318394 -49.2403879761696
      endloop
   endfacet
   facet normal 0.207911580434017 2.19825179892941E-09 -0.978147624196588
      outer loop
         vertex 12.0960948988795 6.10500015318394 -48.5147871077061
         vertex 8.68240930140018 6.10500015318394 -49.2403879761696
         vertex 8.68240930140018 9.15750022977591 -49.2403879761696
      endloop
   endfacet
   facet normal 0.139173063795336 0 -0.990268073964732
      outer loop
         vertex 8.68240930140018 9.15750022977591 -49.2403879761696
         vertex 8.68240930140018 6.10500015318394 -49.2403879761696
         vertex 5.22642303258181 9.15750022977591 -49.7260950505733
      endloop
   endfacet
   facet normal 0.207904691292471 0.00814496891799842 -0.978115176663723
      outer loop
         vertex 12.0960948988795 3.05250007659197 -48.5147871077061
         vertex 11.126047000289 0 -48.746395856142
         vertex 8.68240930140018 3.05250007659197 -49.2403879761696
      endloop
   endfacet
   facet normal 0.173611997619265 -0.0203576217236015 -0.984603697697915
      outer loop
         vertex 8.68240930140018 3.05250007659197 -49.2403879761696
         vertex 11.126047000289 0 -48.746395856142
         vertex 6.21718540787697 0 -49.6119596064091
      endloop
   endfacet
   facet normal 0.139168443904083 0.00814477742083031 -0.990235228025181
      outer loop
         vertex 8.68240930140018 3.05250007659197 -49.2403879761696
         vertex 6.21718540787697 0 -49.6119596064091
         vertex 5.22642303258181 3.05250007659197 -49.7260950505733
      endloop
   endfacet
   facet normal 0.0747238478650355 -0.0130296704569512 -0.997119137439467
      outer loop
         vertex 5.22642303258181 3.05250007659197 -49.7260950505733
         vertex 6.21718540787697 0 -49.6119596064091
         vertex 1.2465346371755 0 -49.9844588339329
      endloop
   endfacet
   facet normal -0.222488421353209 -0.0171008801632203 -0.974785341632403
      outer loop
         vertex -8.68240930140018 0 -49.2403879761696
         vertex -13.5420234873891 0 -48.1312125921249
         vertex -12.0960948988795 3.05250007659197 -48.5147871077061
      endloop
   endfacet
   facet normal -0.27562485046812 0.00977429779555998 -0.961215587111981
      outer loop
         vertex -12.0960948988795 3.05250007659197 -48.5147871077061
         vertex -13.5420234873891 0 -48.1312125921249
         vertex -15.4508501291275 3.05250007659197 -47.5528240203857
      endloop
   endfacet
   facet normal -0.275638013107255 -3.67237616799457E-09 -0.961261507463128
      outer loop
         vertex -12.0960948988795 3.05250007659197 -48.5147871077061
         vertex -15.4508501291275 3.05250007659197 -47.5528240203857
         vertex -15.4508501291275 6.10500015318394 -47.5528240203857
      endloop
   endfacet
   facet normal -0.342019780877143 0 -0.939692752706304
      outer loop
         vertex -15.4508501291275 6.10500015318394 -47.5528240203857
         vertex -15.4508501291275 3.05250007659197 -47.5528240203857
         vertex -18.730329349637 6.10500015318394 -46.3591925799847
      endloop
   endfacet
   facet normal -0.342019800033689 3.1410391069176E-08 -0.939692745733899
      outer loop
         vertex -15.4508501291275 6.10500015318394 -47.5528240203857
         vertex -18.730329349637 6.10500015318394 -46.3591925799847
         vertex -18.730329349637 9.15750022977591 -46.3591925799847
      endloop
   endfacet
   facet normal -0.406736970546957 0 -0.913545311842978
      outer loop
         vertex -18.730329349637 9.15750022977591 -46.3591925799847
         vertex -18.730329349637 6.10500015318394 -46.3591925799847
         vertex -21.9185575842857 9.15750022977591 -44.9397005140781
      endloop
   endfacet
   facet normal -0.318425897937357 -0.019542742775501 -0.947746289218586
      outer loop
         vertex -13.5420234873891 0 -48.1312125921249
         vertex -18.2670503854752 0 -46.543687582016
         vertex -15.4508501291275 3.05250007659197 -47.5528240203857
      endloop
   endfacet
   facet normal -0.342015685492168 0.00488707984634586 -0.939681535057435
      outer loop
         vertex -15.4508501291275 3.05250007659197 -47.5528240203857
         vertex -18.2670503854752 0 -46.543687582016
         vertex -18.730329349637 3.05250007659197 -46.3591925799847
      endloop
   endfacet
   facet normal -0.342019800033689 3.1410391069176E-08 -0.939692745733899
      outer loop
         vertex -15.4508501291275 3.05250007659197 -47.5528240203857
         vertex -18.730329349637 3.05250007659197 -46.3591925799847
         vertex -18.730329349637 6.10500015318394 -46.3591925799847
      endloop
   endfacet
   facet normal -0.406736970546957 0 -0.913545311842978
      outer loop
         vertex -18.730329349637 6.10500015318394 -46.3591925799847
         vertex -18.730329349637 3.05250007659197 -46.3591925799847
         vertex -21.9185575842857 6.10500015318394 -44.9397005140781
      endloop
   endfacet
   facet normal -0.406736970546957 -3.31532801700483E-09 -0.913545311842978
      outer loop
         vertex -18.730329349637 6.10500015318394 -46.3591925799847
         vertex -21.9185575842857 6.10500015318394 -44.9397005140781
         vertex -21.9185575842857 9.15750022977591 -44.9397005140781
      endloop
   endfacet
   facet normal -0.46947132331427 0 -0.882947720188205
      outer loop
         vertex -21.9185575842857 9.15750022977591 -44.9397005140781
         vertex -21.9185575842857 6.10500015318394 -44.9397005140781
         vertex -25.000000372529 9.15750022977591 -43.3012694120407
      endloop
   endfacet
   facet normal -0.411276091061182 -0.00732901439948943 -0.911481356073379
      outer loop
         vertex -18.2670503854752 0 -46.543687582016
         vertex -22.8105336427689 0 -44.4935895502567
         vertex -18.730329349637 3.05250007659197 -46.3591925799847
      endloop
   endfacet
   facet normal -0.406693276069831 -0.0146562204303771 -0.913447193001481
      outer loop
         vertex -18.730329349637 3.05250007659197 -46.3591925799847
         vertex -22.8105336427689 0 -44.4935895502567
         vertex -21.9185575842857 3.05250007659197 -44.9397005140781
      endloop
   endfacet
   facet normal -0.406736970546957 -3.31532801700483E-09 -0.913545311842978
      outer loop
         vertex -18.730329349637 3.05250007659197 -46.3591925799847
         vertex -21.9185575842857 3.05250007659197 -44.9397005140781
         vertex -21.9185575842857 6.10500015318394 -44.9397005140781
      endloop
   endfacet
   facet normal -0.46947132331427 0 -0.882947720188205
      outer loop
         vertex -21.9185575842857 6.10500015318394 -44.9397005140781
         vertex -21.9185575842857 3.05250007659197 -44.9397005140781
         vertex -25.000000372529 6.10500015318394 -43.3012694120407
      endloop
   endfacet
   facet normal -0.469471301553921 4.96596213629649E-09 -0.882947731758379
      outer loop
         vertex -21.9185575842857 6.10500015318394 -44.9397005140781
         vertex -25.000000372529 6.10500015318394 -43.3012694120407
         vertex -25.000000372529 9.15750022977591 -43.3012694120407
      endloop
   endfacet
   facet normal -0.529919155834671 0 -0.848048163891338
      outer loop
         vertex -25.000000372529 9.15750022977591 -43.3012694120407
         vertex -25.000000372529 6.10500015318394 -43.3012694120407
         vertex -27.9596447944641 9.15750022977591 -41.4518788456917
      endloop
   endfacet
   facet normal -0.642779764146712 0.00488766978728871 -0.766035433571808
      outer loop
         vertex -30.7830739766359 3.05250007659197 -39.4005365669727
         vertex -31.1744902282953 0 -39.0915758907795
         vertex -33.4565304219723 3.05250007659197 -37.1572412550449
      endloop
   endfacet
   facet normal -0.661559741295404 -0.0195431927112888 -0.749637760732347
      outer loop
         vertex -33.4565304219723 3.05250007659197 -37.1572412550449
         vertex -31.1744902282953 0 -39.0915758907795
         vertex -34.9118411540985 0 -35.7933416962624
      endloop
   endfacet
   facet normal -0.694625275993792 0.00977408444986419 -0.719305354646908
      outer loop
         vertex -33.4565304219723 3.05250007659197 -37.1572412550449
         vertex -34.9118411540985 0 -35.7933416962624
         vertex -35.9669886529446 3.05250007659197 -34.7329191863537
      endloop
   endfacet
   facet normal -0.732944909948315 -0.0171007980638917 -0.680073026730538
      outer loop
         vertex -35.9669886529446 3.05250007659197 -34.7329191863537
         vertex -34.9118411540985 0 -35.7933416962624
         vertex -38.3022204041481 0 -32.1393795311451
      endloop
   endfacet
   facet normal -0.939497800662061 -0.0203577864351572 -0.341949474458744
      outer loop
         vertex -46.0738092660904 0 -19.4217395037413
         vertex -47.7786399424076 0 -14.7377587854862
         vertex -46.9846315681934 3.05250007659197 -17.1010065823793
      endloop
   endfacet
   facet normal -0.951025019966799 0.00814502178812141 -0.3090065857182
      outer loop
         vertex -46.9846315681934 3.05250007659197 -17.1010065823793
         vertex -47.7786399424076 0 -14.7377587854862
         vertex -48.0630844831467 3.05250007659197 -13.7818679213524
      endloop
   endfacet
   facet normal -0.951056568699876 2.71253006023063E-09 -0.309016833089749
      outer loop
         vertex -46.9846315681934 3.05250007659197 -17.1010065823793
         vertex -48.0630844831467 3.05250007659197 -13.7818679213524
         vertex -48.0630844831467 6.10500015318394 -13.7818679213524
      endloop
   endfacet
   facet normal -0.970295672442374 0 -0.241922111514432
      outer loop
         vertex -48.0630844831467 6.10500015318394 -13.7818679213524
         vertex -48.0630844831467 3.05250007659197 -13.7818679213524
         vertex -48.9073805510998 6.10500015318394 -10.395584627986
      endloop
   endfacet
   facet normal -0.970295672442374 3.33528606382473E-09 -0.241922111514432
      outer loop
         vertex -48.0630844831467 6.10500015318394 -13.7818679213524
         vertex -48.9073805510998 6.10500015318394 -10.395584627986
         vertex -48.9073805510998 9.15750022977591 -10.395584627986
      endloop
   endfacet
   facet normal -0.984807784530458 0 -0.173647998917957
      outer loop
         vertex -48.9073805510998 9.15750022977591 -10.395584627986
         vertex -48.9073805510998 6.10500015318394 -10.395584627986
         vertex -49.513403326273 9.15750022977591 -6.95865508168936
      endloop
   endfacet
   facet normal -0.96899508498232 -0.0130294754412491 -0.246736211468507
      outer loop
         vertex -47.7786399424076 0 -14.7377587854862
         vertex -49.0086227655411 0 -9.90730710327625
         vertex -48.0630844831467 3.05250007659197 -13.7818679213524
      endloop
   endfacet
   facet normal -0.970275077495177 -0.00651591293359521 -0.241916962758648
      outer loop
         vertex -48.0630844831467 3.05250007659197 -13.7818679213524
         vertex -49.0086227655411 0 -9.90730710327625
         vertex -48.9073805510998 3.05250007659197 -10.395584627986
      endloop
   endfacet
   facet normal -0.970295672442374 3.33528606382473E-09 -0.241922111514432
      outer loop
         vertex -48.0630844831467 3.05250007659197 -13.7818679213524
         vertex -48.9073805510998 3.05250007659197 -10.395584627986
         vertex -48.9073805510998 6.10500015318394 -10.395584627986
      endloop
   endfacet
   facet normal -0.984807784530458 0 -0.173647998917957
      outer loop
         vertex -48.9073805510998 6.10500015318394 -10.395584627986
         vertex -48.9073805510998 3.05250007659197 -10.395584627986
         vertex -49.513403326273 6.10500015318394 -6.95865508168936
      endloop
   endfacet
   facet normal -0.984807784530458 -4.06503806412884E-09 -0.173647998917957
      outer loop
         vertex -48.9073805510998 6.10500015318394 -10.395584627986
         vertex -49.513403326273 6.10500015318394 -6.95865508168936
         vertex -49.513403326273 9.15750022977591 -6.95865508168936
      endloop
   endfacet
   facet normal -0.99452189547743 0 -0.104528462229101
      outer loop
         vertex -49.513403326273 9.15750022977591 -6.95865508168936
         vertex -49.513403326273 6.10500015318394 -6.95865508168936
         vertex -49.8782023787498 9.15750022977591 -3.48782376386225
      endloop
   endfacet
   facet normal -0.984796027850511 0.00488633094062614 -0.173645925088364
      outer loop
         vertex -48.9073805510998 3.05250007659197 -10.395584627986
         vertex -49.0086227655411 0 -9.90730710327625
         vertex -49.513403326273 3.05250007659197 -6.95865508168936
      endloop
   endfacet
   facet normal -0.988641920082326 -0.0195434689991633 -0.149014115691801
      outer loop
         vertex -49.513403326273 3.05250007659197 -6.95865508168936
         vertex -49.0086227655411 0 -9.90730710327625
         vertex -49.7515387833118 0 -4.97839227318764
      endloop
   endfacet
   facet normal -0.994474388699095 0.00977417059665512 -0.104523470142878
      outer loop
         vertex -49.513403326273 3.05250007659197 -6.95865508168936
         vertex -49.7515387833118 0 -4.97839227318764
         vertex -49.8782023787498 3.05250007659197 -3.48782376386225
      endloop
   endfacet
   facet normal -0.998610869824662 -0.0171006007941753 -0.049838741160967
      outer loop
         vertex -49.8782023787498 3.05250007659197 -3.48782376386225
         vertex -49.7515387833118 0 -4.97839227318764
         vertex -50.0000007450581 0 0
      endloop
   endfacet
   facet normal -0.999390818297984 -2.91452584085619E-09 -0.0348997464415759
      outer loop
         vertex -49.8782023787498 3.05250007659197 -3.48782376386225
         vertex -50.0000007450581 0 0
         vertex -50.0000007450581 3.05250007659197 0
      endloop
   endfacet
   facet normal 0.999390818240649 0 -0.034899748083409
      outer loop
         vertex 49.8782023787498 3.05250007659197 -3.48782376386225
         vertex 49.8782023787498 6.10500015318394 -3.48782376386225
         vertex 50.0000007450581 3.05250007659197 -6.12323384933553E-15
      endloop
   endfacet
   facet normal 0.999390818370582 0 -0.0348997443626562
      outer loop
         vertex 50.0000007450581 3.05250007659197 -6.12323384933553E-15
         vertex 49.8782023787498 6.10500015318394 -3.48782376386225
         vertex 50.0000007450581 6.10500015318394 -6.12323384933553E-15
      endloop
   endfacet
   facet normal 0.999390818240649 0 0.034899748083409
      outer loop
         vertex 50.0000007450581 3.05250007659197 -6.12323384933553E-15
         vertex 50.0000007450581 6.10500015318394 -6.12323384933553E-15
         vertex 49.8782023787498 3.05250007659197 3.48782376386225
      endloop
   endfacet
   facet normal -0.999390818240649 0 -0.034899748083409
      outer loop
         vertex -50.0000007450581 6.10500015318394 0
         vertex -50.0000007450581 9.15750022977591 0
         vertex -49.8782023787498 6.10500015318394 -3.48782376386225
      endloop
   endfacet
   facet normal -0.999390818370582 0 -0.0348997443626562
      outer loop
         vertex -49.8782023787498 6.10500015318394 -3.48782376386225
         vertex -50.0000007450581 9.15750022977591 0
         vertex -49.8782023787498 9.15750022977591 -3.48782376386225
      endloop
   endfacet
   facet normal -0.99452189547743 0 -0.104528462229101
      outer loop
         vertex -49.8782023787498 6.10500015318394 -3.48782376386225
         vertex -49.8782023787498 9.15750022977591 -3.48782376386225
         vertex -49.513403326273 6.10500015318394 -6.95865508168936
      endloop
   endfacet
   facet normal -0.999390818240649 0 -0.034899748083409
      outer loop
         vertex -50.0000007450581 3.05250007659197 0
         vertex -50.0000007450581 6.10500015318394 0
         vertex -49.8782023787498 3.05250007659197 -3.48782376386225
      endloop
   endfacet
   facet normal -0.999390818370582 0 -0.0348997443626562
      outer loop
         vertex -49.8782023787498 3.05250007659197 -3.48782376386225
         vertex -50.0000007450581 6.10500015318394 0
         vertex -49.8782023787498 6.10500015318394 -3.48782376386225
      endloop
   endfacet
   facet normal -0.99452189547743 0 -0.104528462229101
      outer loop
         vertex -49.8782023787498 3.05250007659197 -3.48782376386225
         vertex -49.8782023787498 6.10500015318394 -3.48782376386225
         vertex -49.513403326273 3.05250007659197 -6.95865508168936
      endloop
   endfacet
   facet normal -0.994521896251961 0 -0.104528454859927
      outer loop
         vertex -49.513403326273 3.05250007659197 -6.95865508168936
         vertex -49.8782023787498 6.10500015318394 -3.48782376386225
         vertex -49.513403326273 6.10500015318394 -6.95865508168936
      endloop
   endfacet
   facet normal -0.984807784530458 0 -0.173647998917957
      outer loop
         vertex -49.513403326273 3.05250007659197 -6.95865508168936
         vertex -49.513403326273 6.10500015318394 -6.95865508168936
         vertex -48.9073805510998 3.05250007659197 -10.395584627986
      endloop
   endfacet
   facet normal -0.866025507129541 7.83558018178929E-09 -0.499999821000989
      outer loop
         vertex -44.1473796963692 9.15750022977591 -23.4735775738955
         vertex -42.4024052917957 9.15750022977591 -26.4959633350372
         vertex -42.4024052917957 6.10500015318394 -26.4959633350372
      endloop
   endfacet
   facet normal -0.829037327767458 0 -0.559193266383093
      outer loop
         vertex -42.4024052917957 6.10500015318394 -26.4959633350372
         vertex -42.4024052917957 9.15750022977591 -26.4959633350372
         vertex -40.4508486390114 6.10500015318394 -29.3892621994019
      endloop
   endfacet
   facet normal -0.829037309129256 -2.57231232736257E-09 -0.559193294015337
      outer loop
         vertex -42.4024052917957 6.10500015318394 -26.4959633350372
         vertex -40.4508486390114 6.10500015318394 -29.3892621994019
         vertex -40.4508486390114 3.05250007659197 -29.3892621994019
      endloop
   endfacet
   facet normal -0.78801059469729 0 -0.615661678720402
      outer loop
         vertex -40.4508486390114 3.05250007659197 -29.3892621994019
         vertex -40.4508486390114 6.10500015318394 -29.3892621994019
         vertex -38.3022204041481 3.05250007659197 -32.1393795311451
      endloop
   endfacet
   facet normal -0.829037309129256 -2.57231232736257E-09 -0.559193294015337
      outer loop
         vertex -42.4024052917957 9.15750022977591 -26.4959633350372
         vertex -40.4508486390114 9.15750022977591 -29.3892621994019
         vertex -40.4508486390114 6.10500015318394 -29.3892621994019
      endloop
   endfacet
   facet normal -0.78801059469729 0 -0.615661678720402
      outer loop
         vertex -40.4508486390114 6.10500015318394 -29.3892621994019
         vertex -40.4508486390114 9.15750022977591 -29.3892621994019
         vertex -38.3022204041481 6.10500015318394 -32.1393795311451
      endloop
   endfacet
   facet normal -0.788010617289791 2.50933128340532E-08 -0.615661649803333
      outer loop
         vertex -40.4508486390114 6.10500015318394 -29.3892621994019
         vertex -38.3022204041481 6.10500015318394 -32.1393795311451
         vertex -38.3022204041481 3.05250007659197 -32.1393795311451
      endloop
   endfacet
   facet normal -0.694658512473829 0 -0.719339663196496
      outer loop
         vertex -35.9669886529446 9.15750022977591 -34.7329191863537
         vertex -33.4565304219723 6.10500015318394 -37.1572412550449
         vertex -35.9669886529446 6.10500015318394 -34.7329191863537
      endloop
   endfacet
   facet normal -0.694658451847259 9.68554578740266E-08 -0.719339721742905
      outer loop
         vertex -35.9669886529446 6.10500015318394 -34.7329191863537
         vertex -33.4565304219723 6.10500015318394 -37.1572412550449
         vertex -33.4565304219723 3.05250007659197 -37.1572412550449
      endloop
   endfacet
   facet normal -0.694658512473829 0 -0.719339663196496
      outer loop
         vertex -35.9669886529446 6.10500015318394 -34.7329191863537
         vertex -33.4565304219723 3.05250007659197 -37.1572412550449
         vertex -35.9669886529446 3.05250007659197 -34.7329191863537
      endloop
   endfacet
   facet normal -0.78801059469729 0 -0.615661678720402
      outer loop
         vertex -38.3022204041481 9.15750022977591 -32.1393795311451
         vertex -38.3022204041481 6.10500015318394 -32.1393795311451
         vertex -40.4508486390114 9.15750022977591 -29.3892621994019
      endloop
   endfacet
   facet normal -0.6427874343287 0 -0.766044590261642
      outer loop
         vertex -33.4565304219723 3.05250007659197 -37.1572412550449
         vertex -33.4565304219723 6.10500015318394 -37.1572412550449
         vertex -30.7830739766359 3.05250007659197 -39.4005365669727
      endloop
   endfacet
   facet normal -0.529919155834671 0 -0.848048163891338
      outer loop
         vertex -27.9596447944641 9.15750022977591 -41.4518788456917
         vertex -25.000000372529 6.10500015318394 -43.3012694120407
         vertex -27.9596447944641 6.10500015318394 -41.4518788456917
      endloop
   endfacet
   facet normal -0.529919155834671 -4.43575849707275E-09 -0.848048163891338
      outer loop
         vertex -27.9596447944641 6.10500015318394 -41.4518788456917
         vertex -25.000000372529 6.10500015318394 -43.3012694120407
         vertex -25.000000372529 3.05250007659197 -43.3012694120407
      endloop
   endfacet
   facet normal -0.469455777019846 0.00814535372944941 -0.882918414484212
      outer loop
         vertex -22.8105336427689 0 -44.4935895502567
         vertex -25.000000372529 3.05250007659197 -43.3012694120407
         vertex -21.9185575842857 3.05250007659197 -44.9397005140781
      endloop
   endfacet
   facet normal -0.469471301553921 4.96596213629649E-09 -0.882947731758379
      outer loop
         vertex -21.9185575842857 3.05250007659197 -44.9397005140781
         vertex -25.000000372529 3.05250007659197 -43.3012694120407
         vertex -25.000000372529 6.10500015318394 -43.3012694120407
      endloop
   endfacet
   facet normal -0.587785416676814 0 -0.809016874942708
      outer loop
         vertex -27.9596447944641 9.15750022977591 -41.4518788456917
         vertex -27.9596447944641 6.10500015318394 -41.4518788456917
         vertex -30.7830739766359 9.15750022977591 -39.4005365669727
      endloop
   endfacet
   facet normal -0.139173063795336 1.25986228738461E-08 -0.990268073964732
      outer loop
         vertex -8.68240930140018 9.15750022977591 -49.2403879761696
         vertex -5.22642303258181 9.15750022977591 -49.7260950505733
         vertex -5.22642303258181 6.10500015318394 -49.7260950505733
      endloop
   endfacet
   facet normal -0.0697568023934825 0 -0.997564027278368
      outer loop
         vertex -5.22642303258181 6.10500015318394 -49.7260950505733
         vertex -5.22642303258181 9.15750022977591 -49.7260950505733
         vertex -1.74497487023473 6.10500015318394 -49.9695427715778
      endloop
   endfacet
   facet normal -0.0697568023934825 3.64648931611134E-10 -0.997564027278368
      outer loop
         vertex -5.22642303258181 6.10500015318394 -49.7260950505733
         vertex -1.74497487023473 6.10500015318394 -49.9695427715778
         vertex -1.74497487023473 3.05250007659197 -49.9695427715778
      endloop
   endfacet
   facet normal 0 0 -1
      outer loop
         vertex -1.74497487023473 3.05250007659197 -49.9695427715778
         vertex -1.74497487023473 6.10500015318394 -49.9695427715778
         vertex 1.74497487023473 3.05250007659197 -49.9695427715778
      endloop
   endfacet
   facet normal -0.0697568023934825 3.64648931611134E-10 -0.997564027278368
      outer loop
         vertex -5.22642303258181 9.15750022977591 -49.7260950505733
         vertex -1.74497487023473 9.15750022977591 -49.9695427715778
         vertex -1.74497487023473 6.10500015318394 -49.9695427715778
      endloop
   endfacet
   facet normal 0 0 -1
      outer loop
         vertex -1.74497487023473 6.10500015318394 -49.9695427715778
         vertex -1.74497487023473 9.15750022977591 -49.9695427715778
         vertex 1.74497487023473 6.10500015318394 -49.9695427715778
      endloop
   endfacet
   facet normal 0 0 -1
      outer loop
         vertex -1.74497487023473 6.10500015318394 -49.9695427715778
         vertex 1.74497487023473 6.10500015318394 -49.9695427715778
         vertex 1.74497487023473 3.05250007659197 -49.9695427715778
      endloop
   endfacet
   facet normal 0 0 -1
      outer loop
         vertex 1.74497487023473 9.15750022977591 -49.9695427715778
         vertex 1.74497487023473 6.10500015318394 -49.9695427715778
         vertex -1.74497487023473 9.15750022977591 -49.9695427715778
      endloop
   endfacet
   facet normal 0.139173063795336 0 -0.990268073964732
      outer loop
         vertex 5.22642303258181 3.05250007659197 -49.7260950505733
         vertex 5.22642303258181 6.10500015318394 -49.7260950505733
         vertex 8.68240930140018 3.05250007659197 -49.2403879761696
      endloop
   endfacet
   facet normal 0.139173078407875 0 -0.990268071911074
      outer loop
         vertex 8.68240930140018 3.05250007659197 -49.2403879761696
         vertex 5.22642303258181 6.10500015318394 -49.7260950505733
         vertex 8.68240930140018 6.10500015318394 -49.2403879761696
      endloop
   endfacet
   facet normal 0.207911580434017 0 -0.978147624196588
      outer loop
         vertex 8.68240930140018 3.05250007659197 -49.2403879761696
         vertex 8.68240930140018 6.10500015318394 -49.2403879761696
         vertex 12.0960948988795 3.05250007659197 -48.5147871077061
      endloop
   endfacet
   facet normal 0.139173063795336 0 -0.990268073964732
      outer loop
         vertex 5.22642303258181 6.10500015318394 -49.7260950505733
         vertex 5.22642303258181 9.15750022977591 -49.7260950505733
         vertex 8.68240930140018 6.10500015318394 -49.2403879761696
      endloop
   endfacet
   facet normal 0.529919155834671 4.43575849707275E-09 -0.848048163891338
      outer loop
         vertex 25.000000372529 9.15750022977591 -43.3012694120407
         vertex 27.9596447944641 9.15750022977591 -41.4518788456917
         vertex 27.9596447944641 6.10500015318394 -41.4518788456917
      endloop
   endfacet
   facet normal 0.587785416676814 0 -0.809016874942708
      outer loop
         vertex 27.9596447944641 6.10500015318394 -41.4518788456917
         vertex 27.9596447944641 9.15750022977591 -41.4518788456917
         vertex 30.7830739766359 6.10500015318394 -39.4005365669727
      endloop
   endfacet
   facet normal 0.587785416676814 -1.06859258105497E-08 -0.809016874942708
      outer loop
         vertex 27.9596447944641 6.10500015318394 -41.4518788456917
         vertex 30.7830739766359 6.10500015318394 -39.4005365669727
         vertex 30.7830739766359 3.05250007659197 -39.4005365669727
      endloop
   endfacet
   facet normal 0.6427874343287 0 -0.766044590261642
      outer loop
         vertex 30.7830739766359 3.05250007659197 -39.4005365669727
         vertex 30.7830739766359 6.10500015318394 -39.4005365669727
         vertex 33.4565304219723 3.05250007659197 -37.1572412550449
      endloop
   endfacet
   facet normal 0.587785416676814 -1.06859258105497E-08 -0.809016874942708
      outer loop
         vertex 27.9596447944641 9.15750022977591 -41.4518788456917
         vertex 30.7830739766359 9.15750022977591 -39.4005365669727
         vertex 30.7830739766359 6.10500015318394 -39.4005365669727
      endloop
   endfacet
   facet normal 0.6427874343287 0 -0.766044590261642
      outer loop
         vertex 30.7830739766359 6.10500015318394 -39.4005365669727
         vertex 30.7830739766359 9.15750022977591 -39.4005365669727
         vertex 33.4565304219723 6.10500015318394 -37.1572412550449
      endloop
   endfacet
   facet normal 0.6427874343287 -1.2503728287556E-08 -0.766044590261642
      outer loop
         vertex 30.7830739766359 6.10500015318394 -39.4005365669727
         vertex 33.4565304219723 6.10500015318394 -37.1572412550449
         vertex 33.4565304219723 3.05250007659197 -37.1572412550449
      endloop
   endfacet
   facet normal 0.6427874343287 0 -0.766044590261642
      outer loop
         vertex 33.4565304219723 9.15750022977591 -37.1572412550449
         vertex 33.4565304219723 6.10500015318394 -37.1572412550449
         vertex 30.7830739766359 9.15750022977591 -39.4005365669727
      endloop
   endfacet
   facet normal 0.743145065136475 0 -0.669130340190388
      outer loop
         vertex 35.9669886529446 6.10500015318394 -34.7329191863537
         vertex 35.9669886529446 9.15750022977591 -34.7329191863537
         vertex 38.3022204041481 6.10500015318394 -32.1393795311451
      endloop
   endfacet
   facet normal 0.743145091823584 0 -0.669130310551329
      outer loop
         vertex 38.3022204041481 6.10500015318394 -32.1393795311451
         vertex 35.9669886529446 9.15750022977591 -34.7329191863537
         vertex 38.3022204041481 9.15750022977591 -32.1393795311451
      endloop
   endfacet
   facet normal 0.78801059469729 0 -0.615661678720402
      outer loop
         vertex 38.3022204041481 6.10500015318394 -32.1393795311451
         vertex 38.3022204041481 9.15750022977591 -32.1393795311451
         vertex 40.4508486390114 6.10500015318394 -29.3892621994019
      endloop
   endfacet
   facet normal 0.743145065136475 0 -0.669130340190388
      outer loop
         vertex 35.9669886529446 3.05250007659197 -34.7329191863537
         vertex 35.9669886529446 6.10500015318394 -34.7329191863537
         vertex 38.3022204041481 3.05250007659197 -32.1393795311451
      endloop
   endfacet
   facet normal 0.743145091823584 0 -0.669130310551329
      outer loop
         vertex 38.3022204041481 3.05250007659197 -32.1393795311451
         vertex 35.9669886529446 6.10500015318394 -34.7329191863537
         vertex 38.3022204041481 6.10500015318394 -32.1393795311451
      endloop
   endfacet
   facet normal 0.78801059469729 0 -0.615661678720402
      outer loop
         vertex 38.3022204041481 3.05250007659197 -32.1393795311451
         vertex 38.3022204041481 6.10500015318394 -32.1393795311451
         vertex 40.4508486390114 3.05250007659197 -29.3892621994019
      endloop
   endfacet
   facet normal 0.78801062361436 0 -0.615661641708258
      outer loop
         vertex 40.4508486390114 3.05250007659197 -29.3892621994019
         vertex 38.3022204041481 6.10500015318394 -32.1393795311451
         vertex 40.4508486390114 6.10500015318394 -29.3892621994019
      endloop
   endfacet
   facet normal 0.829037327767458 0 -0.559193266383093
      outer loop
         vertex 40.4508486390114 3.05250007659197 -29.3892621994019
         vertex 40.4508486390114 6.10500015318394 -29.3892621994019
         vertex 42.4024052917957 3.05250007659197 -26.4959633350372
      endloop
   endfacet
   facet normal 0.951056568699876 -2.71253006023063E-09 -0.309016833089749
      outer loop
         vertex 46.9846315681934 9.15750022977591 -17.1010065823793
         vertex 48.0630844831467 9.15750022977591 -13.7818679213524
         vertex 48.0630844831467 6.10500015318394 -13.7818679213524
      endloop
   endfacet
   facet normal 0.970295672442374 0 -0.241922111514432
      outer loop
         vertex 48.0630844831467 6.10500015318394 -13.7818679213524
         vertex 48.0630844831467 9.15750022977591 -13.7818679213524
         vertex 48.9073805510998 6.10500015318394 -10.395584627986
      endloop
   endfacet
   facet normal 0.970295672442374 -3.33528606382473E-09 -0.241922111514432
      outer loop
         vertex 48.0630844831467 6.10500015318394 -13.7818679213524
         vertex 48.9073805510998 6.10500015318394 -10.395584627986
         vertex 48.9073805510998 3.05250007659197 -10.395584627986
      endloop
   endfacet
   facet normal 0.984807784530458 0 -0.173647998917957
      outer loop
         vertex 48.9073805510998 3.05250007659197 -10.395584627986
         vertex 48.9073805510998 6.10500015318394 -10.395584627986
         vertex 49.513403326273 3.05250007659197 -6.95865508168936
      endloop
   endfacet
   facet normal 0.970295672442374 -3.33528606382473E-09 -0.241922111514432
      outer loop
         vertex 48.0630844831467 9.15750022977591 -13.7818679213524
         vertex 48.9073805510998 9.15750022977591 -10.395584627986
         vertex 48.9073805510998 6.10500015318394 -10.395584627986
      endloop
   endfacet
   facet normal 0.984807784530458 0 -0.173647998917957
      outer loop
         vertex 48.9073805510998 6.10500015318394 -10.395584627986
         vertex 48.9073805510998 9.15750022977591 -10.395584627986
         vertex 49.513403326273 6.10500015318394 -6.95865508168936
      endloop
   endfacet
   facet normal 0.984807784530458 4.06503806412884E-09 -0.173647998917957
      outer loop
         vertex 48.9073805510998 6.10500015318394 -10.395584627986
         vertex 49.513403326273 6.10500015318394 -6.95865508168936
         vertex 49.513403326273 3.05250007659197 -6.95865508168936
      endloop
   endfacet
   facet normal 0.984807784530458 0 -0.173647998917957
      outer loop
         vertex 49.513403326273 9.15750022977591 -6.95865508168936
         vertex 49.513403326273 6.10500015318394 -6.95865508168936
         vertex 48.9073805510998 9.15750022977591 -10.395584627986
      endloop
   endfacet
   facet normal 0.999390818240649 0 -0.034899748083409
      outer loop
         vertex 49.8782023787498 6.10500015318394 -3.48782376386225
         vertex 49.8782023787498 9.15750022977591 -3.48782376386225
         vertex 50.0000007450581 6.10500015318394 -6.12323384933553E-15
      endloop
   endfacet
   facet normal 0.927184012354641 -2.05325629070883E-08 0.374606202877032
      outer loop
         vertex 46.9846315681934 9.15750022977591 17.1010065823793
         vertex 45.6772744655609 9.15750022977591 20.3368328511715
         vertex 45.6772744655609 6.10500015318394 20.3368328511715
      endloop
   endfacet
   facet normal 0.898793800603486 0 0.438371650539518
      outer loop
         vertex 45.6772744655609 6.10500015318394 20.3368328511715
         vertex 45.6772744655609 9.15750022977591 20.3368328511715
         vertex 44.1473796963692 6.10500015318394 23.4735775738955
      endloop
   endfacet
   facet normal 0.8987937888612 -1.61426387277402E-08 0.438371674614736
      outer loop
         vertex 45.6772744655609 6.10500015318394 20.3368328511715
         vertex 44.1473796963692 6.10500015318394 23.4735775738955
         vertex 44.1473796963692 3.05250007659197 23.4735775738955
      endloop
   endfacet
   facet normal 0.866025507129541 0 0.499999821000989
      outer loop
         vertex 44.1473796963692 3.05250007659197 23.4735775738955
         vertex 44.1473796963692 6.10500015318394 23.4735775738955
         vertex 42.4024052917957 3.05250007659197 26.4959633350372
      endloop
   endfacet
   facet normal 0.8987937888612 -1.61426387277402E-08 0.438371674614736
      outer loop
         vertex 45.6772744655609 9.15750022977591 20.3368328511715
         vertex 44.1473796963692 9.15750022977591 23.4735775738955
         vertex 44.1473796963692 6.10500015318394 23.4735775738955
      endloop
   endfacet
   facet normal 0.866025507129541 0 0.499999821000989
      outer loop
         vertex 44.1473796963692 6.10500015318394 23.4735775738955
         vertex 44.1473796963692 9.15750022977591 23.4735775738955
         vertex 42.4024052917957 6.10500015318394 26.4959633350372
      endloop
   endfacet
   facet normal 0.866025507129541 7.83558018178929E-09 0.499999821000989
      outer loop
         vertex 44.1473796963692 6.10500015318394 23.4735775738955
         vertex 42.4024052917957 6.10500015318394 26.4959633350372
         vertex 42.4024052917957 3.05250007659197 26.4959633350372
      endloop
   endfacet
   facet normal 0.866025507129541 0 0.499999821000989
      outer loop
         vertex 42.4024052917957 9.15750022977591 26.4959633350372
         vertex 42.4024052917957 6.10500015318394 26.4959633350372
         vertex 44.1473796963692 9.15750022977591 23.4735775738955
      endloop
   endfacet
   facet normal 0.78801059469729 0 0.615661678720402
      outer loop
         vertex 40.4508486390114 3.05250007659197 29.3892621994019
         vertex 40.4508486390114 6.10500015318394 29.3892621994019
         vertex 38.3022204041481 3.05250007659197 32.1393795311451
      endloop
   endfacet
   facet normal 0.78801062361436 0 0.615661641708258
      outer loop
         vertex 38.3022204041481 3.05250007659197 32.1393795311451
         vertex 40.4508486390114 6.10500015318394 29.3892621994019
         vertex 38.3022204041481 6.10500015318394 32.1393795311451
      endloop
   endfacet
   facet normal 0.743145065136475 0 0.669130340190388
      outer loop
         vertex 38.3022204041481 3.05250007659197 32.1393795311451
         vertex 38.3022204041481 6.10500015318394 32.1393795311451
         vertex 35.9669886529446 3.05250007659197 34.7329191863537
      endloop
   endfacet
   facet normal 0.78801059469729 0 0.615661678720402
      outer loop
         vertex 40.4508486390114 6.10500015318394 29.3892621994019
         vertex 40.4508486390114 9.15750022977591 29.3892621994019
         vertex 38.3022204041481 6.10500015318394 32.1393795311451
      endloop
   endfacet
   facet normal 0.469471301553921 4.96596213629649E-09 0.882947731758379
      outer loop
         vertex 25.000000372529 9.15750022977591 43.3012694120407
         vertex 21.9185575842857 9.15750022977591 44.9397005140781
         vertex 21.9185575842857 6.10500015318394 44.9397005140781
      endloop
   endfacet
   facet normal 0.406736970546957 0 0.913545311842978
      outer loop
         vertex 21.9185575842857 6.10500015318394 44.9397005140781
         vertex 21.9185575842857 9.15750022977591 44.9397005140781
         vertex 18.730329349637 6.10500015318394 46.3591925799847
      endloop
   endfacet
   facet normal 0.406736970546957 -3.31532801700483E-09 0.913545311842978
      outer loop
         vertex 21.9185575842857 6.10500015318394 44.9397005140781
         vertex 18.730329349637 6.10500015318394 46.3591925799847
         vertex 18.730329349637 3.05250007659197 46.3591925799847
      endloop
   endfacet
   facet normal 0.342019780877143 0 0.939692752706304
      outer loop
         vertex 18.730329349637 3.05250007659197 46.3591925799847
         vertex 18.730329349637 6.10500015318394 46.3591925799847
         vertex 15.4508501291275 3.05250007659197 47.5528240203857
      endloop
   endfacet
   facet normal 0.406736970546957 -3.31532801700483E-09 0.913545311842978
      outer loop
         vertex 21.9185575842857 9.15750022977591 44.9397005140781
         vertex 18.730329349637 9.15750022977591 46.3591925799847
         vertex 18.730329349637 6.10500015318394 46.3591925799847
      endloop
   endfacet
   facet normal 0.342019780877143 0 0.939692752706304
      outer loop
         vertex 18.730329349637 6.10500015318394 46.3591925799847
         vertex 18.730329349637 9.15750022977591 46.3591925799847
         vertex 15.4508501291275 6.10500015318394 47.5528240203857
      endloop
   endfacet
   facet normal 0.342019800033689 3.1410391069176E-08 0.939692745733899
      outer loop
         vertex 18.730329349637 6.10500015318394 46.3591925799847
         vertex 15.4508501291275 6.10500015318394 47.5528240203857
         vertex 15.4508501291275 3.05250007659197 47.5528240203857
      endloop
   endfacet
   facet normal 0.342019780877143 0 0.939692752706304
      outer loop
         vertex 15.4508501291275 9.15750022977591 47.5528240203857
         vertex 15.4508501291275 6.10500015318394 47.5528240203857
         vertex 18.730329349637 9.15750022977591 46.3591925799847
      endloop
   endfacet
   facet normal 0.207911580434017 0 0.978147624196588
      outer loop
         vertex 12.0960948988795 3.05250007659197 48.5147871077061
         vertex 12.0960948988795 6.10500015318394 48.5147871077061
         vertex 8.68240930140018 3.05250007659197 49.2403879761696
      endloop
   endfacet
   facet normal 0.207911568312327 0 0.978147626773131
      outer loop
         vertex 8.68240930140018 3.05250007659197 49.2403879761696
         vertex 12.0960948988795 6.10500015318394 48.5147871077061
         vertex 8.68240930140018 6.10500015318394 49.2403879761696
      endloop
   endfacet
   facet normal 0.139173063795336 0 0.990268073964732
      outer loop
         vertex 8.68240930140018 3.05250007659197 49.2403879761696
         vertex 8.68240930140018 6.10500015318394 49.2403879761696
         vertex 5.22642303258181 3.05250007659197 49.7260950505733
      endloop
   endfacet
   facet normal 0.207911580434017 0 0.978147624196588
      outer loop
         vertex 12.0960948988795 6.10500015318394 48.5147871077061
         vertex 12.0960948988795 9.15750022977591 48.5147871077061
         vertex 8.68240930140018 6.10500015318394 49.2403879761696
      endloop
   endfacet
   facet normal -0.207911580434017 2.19825179892941E-09 0.978147624196588
      outer loop
         vertex -8.68240930140018 9.15750022977591 49.2403879761696
         vertex -12.0960948988795 9.15750022977591 48.5147871077061
         vertex -12.0960948988795 6.10500015318394 48.5147871077061
      endloop
   endfacet
   facet normal -0.275638013107255 0 0.961261507463128
      outer loop
         vertex -12.0960948988795 6.10500015318394 48.5147871077061
         vertex -12.0960948988795 9.15750022977591 48.5147871077061
         vertex -15.4508501291275 6.10500015318394 47.5528240203857
      endloop
   endfacet
   facet normal -0.275638013107255 3.67237616799457E-09 0.961261507463128
      outer loop
         vertex -12.0960948988795 6.10500015318394 48.5147871077061
         vertex -15.4508501291275 6.10500015318394 47.5528240203857
         vertex -15.4508501291275 3.05250007659197 47.5528240203857
      endloop
   endfacet
   facet normal -0.342019780877143 0 0.939692752706304
      outer loop
         vertex -15.4508501291275 3.05250007659197 47.5528240203857
         vertex -15.4508501291275 6.10500015318394 47.5528240203857
         vertex -18.730329349637 3.05250007659197 46.3591925799847
      endloop
   endfacet
   facet normal -0.275638013107255 3.67237616799457E-09 0.961261507463128
      outer loop
         vertex -12.0960948988795 9.15750022977591 48.5147871077061
         vertex -15.4508501291275 9.15750022977591 47.5528240203857
         vertex -15.4508501291275 6.10500015318394 47.5528240203857
      endloop
   endfacet
   facet normal -0.342019780877143 0 0.939692752706304
      outer loop
         vertex -15.4508501291275 6.10500015318394 47.5528240203857
         vertex -15.4508501291275 9.15750022977591 47.5528240203857
         vertex -18.730329349637 6.10500015318394 46.3591925799847
      endloop
   endfacet
   facet normal -0.342019800033689 -3.1410391069176E-08 0.939692745733899
      outer loop
         vertex -15.4508501291275 6.10500015318394 47.5528240203857
         vertex -18.730329349637 6.10500015318394 46.3591925799847
         vertex -18.730329349637 3.05250007659197 46.3591925799847
      endloop
   endfacet
   facet normal -0.342019780877143 0 0.939692752706304
      outer loop
         vertex -18.730329349637 9.15750022977591 46.3591925799847
         vertex -18.730329349637 6.10500015318394 46.3591925799847
         vertex -15.4508501291275 9.15750022977591 47.5528240203857
      endloop
   endfacet
   facet normal -0.46947132331427 0 0.882947720188205
      outer loop
         vertex -21.9185575842857 3.05250007659197 44.9397005140781
         vertex -21.9185575842857 6.10500015318394 44.9397005140781
         vertex -25.000000372529 3.05250007659197 43.3012694120407
      endloop
   endfacet
   facet normal -0.469471324787714 0 0.882947719404761
      outer loop
         vertex -25.000000372529 3.05250007659197 43.3012694120407
         vertex -21.9185575842857 6.10500015318394 44.9397005140781
         vertex -25.000000372529 6.10500015318394 43.3012694120407
      endloop
   endfacet
   facet normal -0.529919155834671 0 0.848048163891338
      outer loop
         vertex -25.000000372529 3.05250007659197 43.3012694120407
         vertex -25.000000372529 6.10500015318394 43.3012694120407
         vertex -27.9596447944641 3.05250007659197 41.4518788456917
      endloop
   endfacet
   facet normal -0.46947132331427 0 0.882947720188205
      outer loop
         vertex -21.9185575842857 6.10500015318394 44.9397005140781
         vertex -21.9185575842857 9.15750022977591 44.9397005140781
         vertex -25.000000372529 6.10500015318394 43.3012694120407
      endloop
   endfacet
   facet normal -0.788010617289791 -2.50933128340532E-08 0.615661649803333
      outer loop
         vertex -38.3022204041481 9.15750022977591 32.1393795311451
         vertex -40.4508486390114 9.15750022977591 29.3892621994019
         vertex -40.4508486390114 6.10500015318394 29.3892621994019
      endloop
   endfacet
   facet normal -0.829037327767458 0 0.559193266383093
      outer loop
         vertex -40.4508486390114 6.10500015318394 29.3892621994019
         vertex -40.4508486390114 9.15750022977591 29.3892621994019
         vertex -42.4024052917957 6.10500015318394 26.4959633350372
      endloop
   endfacet
   facet normal -0.829037309129256 2.57231232736257E-09 0.559193294015337
      outer loop
         vertex -40.4508486390114 6.10500015318394 29.3892621994019
         vertex -42.4024052917957 6.10500015318394 26.4959633350372
         vertex -42.4024052917957 3.05250007659197 26.4959633350372
      endloop
   endfacet
   facet normal -0.866025507129541 0 0.499999821000989
      outer loop
         vertex -42.4024052917957 3.05250007659197 26.4959633350372
         vertex -42.4024052917957 6.10500015318394 26.4959633350372
         vertex -44.1473796963692 3.05250007659197 23.4735775738955
      endloop
   endfacet
   facet normal -0.829037309129256 2.57231232736257E-09 0.559193294015337
      outer loop
         vertex -40.4508486390114 9.15750022977591 29.3892621994019
         vertex -42.4024052917957 9.15750022977591 26.4959633350372
         vertex -42.4024052917957 6.10500015318394 26.4959633350372
      endloop
   endfacet
   facet normal -0.866025507129541 0 0.499999821000989
      outer loop
         vertex -42.4024052917957 6.10500015318394 26.4959633350372
         vertex -42.4024052917957 9.15750022977591 26.4959633350372
         vertex -44.1473796963692 6.10500015318394 23.4735775738955
      endloop
   endfacet
   facet normal -0.866025507129541 -7.83558018178929E-09 0.499999821000989
      outer loop
         vertex -42.4024052917957 6.10500015318394 26.4959633350372
         vertex -44.1473796963692 6.10500015318394 23.4735775738955
         vertex -44.1473796963692 3.05250007659197 23.4735775738955
      endloop
   endfacet
   facet normal -0.866025507129541 0 0.499999821000989
      outer loop
         vertex -44.1473796963692 9.15750022977591 23.4735775738955
         vertex -44.1473796963692 6.10500015318394 23.4735775738955
         vertex -42.4024052917957 9.15750022977591 26.4959633350372
      endloop
   endfacet
   facet normal -0.927184012354641 2.05325629070883E-08 0.374606202877032
      outer loop
         vertex -45.6772744655609 9.15750022977591 20.3368328511715
         vertex -46.9846315681934 9.15750022977591 17.1010065823793
         vertex -46.9846315681934 6.10500015318394 17.1010065823793
      endloop
   endfacet
   facet normal -0.951056565632929 0 0.309016842528848
      outer loop
         vertex -46.9846315681934 6.10500015318394 17.1010065823793
         vertex -46.9846315681934 9.15750022977591 17.1010065823793
         vertex -48.0630844831467 6.10500015318394 13.7818679213524
      endloop
   endfacet
   facet normal -0.951056568699876 -2.71253006023063E-09 0.309016833089749
      outer loop
         vertex -46.9846315681934 6.10500015318394 17.1010065823793
         vertex -48.0630844831467 6.10500015318394 13.7818679213524
         vertex -48.0630844831467 3.05250007659197 13.7818679213524
      endloop
   endfacet
   facet normal -0.970295672442374 0 0.241922111514432
      outer loop
         vertex -48.0630844831467 3.05250007659197 13.7818679213524
         vertex -48.0630844831467 6.10500015318394 13.7818679213524
         vertex -48.9073805510998 3.05250007659197 10.395584627986
      endloop
   endfacet
   facet normal -0.951056568699876 -2.71253006023063E-09 0.309016833089749
      outer loop
         vertex -46.9846315681934 9.15750022977591 17.1010065823793
         vertex -48.0630844831467 9.15750022977591 13.7818679213524
         vertex -48.0630844831467 6.10500015318394 13.7818679213524
      endloop
   endfacet
   facet normal -0.970295672442374 0 0.241922111514432
      outer loop
         vertex -48.0630844831467 6.10500015318394 13.7818679213524
         vertex -48.0630844831467 9.15750022977591 13.7818679213524
         vertex -48.9073805510998 6.10500015318394 10.395584627986
      endloop
   endfacet
   facet normal -0.970295672442374 -3.33528606382473E-09 0.241922111514432
      outer loop
         vertex -48.0630844831467 6.10500015318394 13.7818679213524
         vertex -48.9073805510998 6.10500015318394 10.395584627986
         vertex -48.9073805510998 3.05250007659197 10.395584627986
      endloop
   endfacet
   facet normal -0.984807784530458 0 0.173647998917957
      outer loop
         vertex -48.9073805510998 3.05250007659197 10.395584627986
         vertex -48.9073805510998 6.10500015318394 10.395584627986
         vertex -49.513403326273 3.05250007659197 6.95865508168936
      endloop
   endfacet
   facet normal -0.984807784530458 0 0.173647998917957
      outer loop
         vertex -48.9073805510998 9.15750022977591 10.395584627986
         vertex -49.513403326273 6.10500015318394 6.95865508168936
         vertex -48.9073805510998 6.10500015318394 10.395584627986
      endloop
   endfacet
   facet normal -0.984807784530458 4.06503806412884E-09 0.173647998917957
      outer loop
         vertex -48.9073805510998 6.10500015318394 10.395584627986
         vertex -49.513403326273 6.10500015318394 6.95865508168936
         vertex -49.513403326273 3.05250007659197 6.95865508168936
      endloop
   endfacet
   facet normal -0.99452189547743 0 0.104528462229101
      outer loop
         vertex -49.513403326273 3.05250007659197 6.95865508168936
         vertex -49.513403326273 6.10500015318394 6.95865508168936
         vertex -49.8782023787498 3.05250007659197 3.48782376386225
      endloop
   endfacet
   facet normal -0.970295672442374 0 0.241922111514432
      outer loop
         vertex -48.9073805510998 9.15750022977591 10.395584627986
         vertex -48.9073805510998 6.10500015318394 10.395584627986
         vertex -48.0630844831467 9.15750022977591 13.7818679213524
      endloop
   endfacet
   facet normal 0 1 0
      outer loop
         vertex 36.6525948047638 12.2100003063679 34.0086370706558
         vertex 39.8566238582134 12.2100003063679 30.1902201026678
         vertex 36.2068973481655 12.2100003063679 32.7586196362972
      endloop
   endfacet
   facet normal 0 1 0
      outer loop
         vertex 36.2068973481655 12.2100003063679 32.7586196362972
         vertex 39.8566238582134 12.2100003063679 30.1902201026678
         vertex 36.2068973481655 12.2100003063679 29.3103456497192
      endloop
   endfacet
   facet normal 0 1 0
      outer loop
         vertex 36.2068973481655 12.2100003063679 32.7586196362972
         vertex 36.2068973481655 12.2100003063679 29.3103456497192
         vertex 32.7586196362972 12.2100003063679 32.7586196362972
      endloop
   endfacet
   facet normal 0 1 0
      outer loop
         vertex 32.7586196362972 12.2100003063679 32.7586196362972
         vertex 36.2068973481655 12.2100003063679 29.3103456497192
         vertex 32.7586196362972 12.2100003063679 29.3103456497192
      endloop
   endfacet
   facet normal 0 1 0
      outer loop
         vertex 32.7586196362972 12.2100003063679 32.7586196362972
         vertex 32.7586196362972 12.2100003063679 29.3103456497192
         vertex 29.3103456497192 12.2100003063679 32.7586196362972
      endloop
   endfacet
   facet normal 0 1 0
      outer loop
         vertex 29.3103456497192 12.2100003063679 32.7586196362972
         vertex 32.7586196362972 12.2100003063679 29.3103456497192
         vertex 29.3103456497192 12.2100003063679 29.3103456497192
      endloop
   endfacet
   facet normal 0 1 0
      outer loop
         vertex 29.3103456497192 12.2100003063679 32.7586196362972
         vertex 29.3103456497192 12.2100003063679 29.3103456497192
         vertex 25.8620698004961 12.2100003063679 32.7586196362972
      endloop
   endfacet
   facet normal 0 1 0
      outer loop
         vertex 25.8620698004961 12.2100003063679 32.7586196362972
         vertex 29.3103456497192 12.2100003063679 29.3103456497192
         vertex 25.8620698004961 12.2100003063679 29.3103456497192
      endloop
   endfacet
   facet normal 0 1 0
      outer loop
         vertex 25.8620698004961 12.2100003063679 32.7586196362972
         vertex 25.8620698004961 12.2100003063679 29.3103456497192
         vertex 22.413793951273 12.2100003063679 32.7586196362972
      endloop
   endfacet
   facet normal 0 1 0
      outer loop
         vertex 22.413793951273 12.2100003063679 32.7586196362972
         vertex 25.8620698004961 12.2100003063679 29.3103456497192
         vertex 22.413793951273 12.2100003063679 29.3103456497192
      endloop
   endfacet
   facet normal 0 1 0
      outer loop
         vertex 22.413793951273 12.2100003063679 32.7586196362972
         vertex 22.413793951273 12.2100003063679 29.3103456497192
         vertex 18.9655181020498 12.2100003063679 32.7586196362972
      endloop
   endfacet
   facet normal 0 1 0
      outer loop
         vertex 18.9655181020498 12.2100003063679 32.7586196362972
         vertex 22.413793951273 12.2100003063679 29.3103456497192
         vertex 18.9655181020498 12.2100003063679 29.3103456497192
      endloop
   endfacet
   facet normal 0 1 0
      outer loop
         vertex 18.9655181020498 12.2100003063679 32.7586196362972
         vertex 18.9655181020498 12.2100003063679 29.3103456497192
         vertex 15.5172413215041 12.2100003063679 32.7586196362972
      endloop
   endfacet
   facet normal 0 1 0
      outer loop
         vertex 15.5172413215041 12.2100003063679 32.7586196362972
         vertex 18.9655181020498 12.2100003063679 29.3103456497192
         vertex 15.5172413215041 12.2100003063679 29.3103456497192
      endloop
   endfacet
   facet normal 0 1 0
      outer loop
         vertex 15.5172413215041 12.2100003063679 32.7586196362972
         vertex 15.5172413215041 12.2100003063679 29.3103456497192
         vertex 12.068965472281 12.2100003063679 32.7586196362972
      endloop
   endfacet
   facet normal 0 1 0
      outer loop
         vertex 12.068965472281 12.2100003063679 32.7586196362972
         vertex 15.5172413215041 12.2100003063679 29.3103456497192
         vertex 12.068965472281 12.2100003063679 29.3103456497192
      endloop
   endfacet
   facet normal 0 1 0
      outer loop
         vertex 12.068965472281 12.2100003063679 32.7586196362972
         vertex 12.068965472281 12.2100003063679 29.3103456497192
         vertex 8.62068962305784 12.2100003063679 32.7586196362972
      endloop
   endfacet
   facet normal 0 1 0
      outer loop
         vertex 8.62068962305784 12.2100003063679 32.7586196362972
         vertex 12.068965472281 12.2100003063679 29.3103456497192
         vertex 8.62068962305784 12.2100003063679 29.3103456497192
      endloop
   endfacet
   facet normal 0 1 0
      outer loop
         vertex 8.62068962305784 12.2100003063679 32.7586196362972
         vertex 8.62068962305784 12.2100003063679 29.3103456497192
         vertex 5.17241377383471 12.2100003063679 32.7586196362972
      endloop
   endfacet
   facet normal 0 1 0
      outer loop
         vertex 5.17241377383471 12.2100003063679 32.7586196362972
         vertex 8.62068962305784 12.2100003063679 29.3103456497192
         vertex 5.17241377383471 12.2100003063679 29.3103456497192
      endloop
   endfacet
   facet normal 0 1 0
      outer loop
         vertex 5.17241377383471 12.2100003063679 32.7586196362972
         vertex 5.17241377383471 12.2100003063679 29.3103456497192
         vertex 1.72413792461157 12.2100003063679 32.7586196362972
      endloop
   endfacet
   facet normal 0 1 0
      outer loop
         vertex 1.72413792461157 12.2100003063679 32.7586196362972
         vertex 5.17241377383471 12.2100003063679 29.3103456497192
         vertex 1.72413792461157 12.2100003063679 29.3103456497192
      endloop
   endfacet
   facet normal 0 1 0
      outer loop
         vertex 1.72413792461157 12.2100003063679 32.7586196362972
         vertex 1.72413792461157 12.2100003063679 29.3103456497192
         vertex -1.72413792461157 12.2100003063679 32.7586196362972
      endloop
   endfacet
   facet normal 0 1 0
      outer loop
         vertex -1.72413792461157 12.2100003063679 32.7586196362972
         vertex 1.72413792461157 12.2100003063679 29.3103456497192
         vertex -1.72413792461157 12.2100003063679 29.3103456497192
      endloop
   endfacet
   facet normal 0 1 0
      outer loop
         vertex -1.72413792461157 12.2100003063679 32.7586196362972
         vertex -1.72413792461157 12.2100003063679 29.3103456497192
         vertex -5.17241377383471 12.2100003063679 32.7586196362972
      endloop
   endfacet
   facet normal 0 1 0
      outer loop
         vertex -5.17241377383471 12.2100003063679 32.7586196362972
         vertex -1.72413792461157 12.2100003063679 29.3103456497192
         vertex -5.17241377383471 12.2100003063679 29.3103456497192
      endloop
   endfacet
   facet normal 0 1 0
      outer loop
         vertex -5.17241377383471 12.2100003063679 32.7586196362972
         vertex -5.17241377383471 12.2100003063679 29.3103456497192
         vertex -8.62068962305784 12.2100003063679 32.7586196362972
      endloop
   endfacet
   facet normal 0 1 0
      outer loop
         vertex -8.62068962305784 12.2100003063679 32.7586196362972
         vertex -5.17241377383471 12.2100003063679 29.3103456497192
         vertex -8.62068962305784 12.2100003063679 29.3103456497192
      endloop
   endfacet
   facet normal 0 1 0
      outer loop
         vertex -8.62068962305784 12.2100003063679 32.7586196362972
         vertex -8.62068962305784 12.2100003063679 29.3103456497192
         vertex -12.068965472281 12.2100003063679 32.7586196362972
      endloop
   endfacet
   facet normal 0 1 0
      outer loop
         vertex -12.068965472281 12.2100003063679 32.7586196362972
         vertex -8.62068962305784 12.2100003063679 29.3103456497192
         vertex -12.068965472281 12.2100003063679 29.3103456497192
      endloop
   endfacet
   facet normal 0 1 0
      outer loop
         vertex -12.068965472281 12.2100003063679 32.7586196362972
         vertex -12.068965472281 12.2100003063679 29.3103456497192
         vertex -15.5172413215041 12.2100003063679 32.7586196362972
      endloop
   endfacet
   facet normal 0 1 0
      outer loop
         vertex -15.5172413215041 12.2100003063679 32.7586196362972
         vertex -12.068965472281 12.2100003063679 29.3103456497192
         vertex -15.5172413215041 12.2100003063679 29.3103456497192
      endloop
   endfacet
   facet normal 0 1 0
      outer loop
         vertex -15.5172413215041 12.2100003063679 32.7586196362972
         vertex -15.5172413215041 12.2100003063679 29.3103456497192
         vertex -18.9655181020498 12.2100003063679 32.7586196362972
      endloop
   endfacet
   facet normal 0 1 0
      outer loop
         vertex -18.9655181020498 12.2100003063679 32.7586196362972
         vertex -15.5172413215041 12.2100003063679 29.3103456497192
         vertex -18.9655181020498 12.2100003063679 29.3103456497192
      endloop
   endfacet
   facet normal 0 1 0
      outer loop
         vertex -18.9655181020498 12.2100003063679 32.7586196362972
         vertex -18.9655181020498 12.2100003063679 29.3103456497192
         vertex -22.413793951273 12.2100003063679 32.7586196362972
      endloop
   endfacet
   facet normal 0 1 0
      outer loop
         vertex -22.413793951273 12.2100003063679 32.7586196362972
         vertex -18.9655181020498 12.2100003063679 29.3103456497192
         vertex -22.413793951273 12.2100003063679 29.3103456497192
      endloop
   endfacet
   facet normal 0 1 0
      outer loop
         vertex -22.413793951273 12.2100003063679 32.7586196362972
         vertex -22.413793951273 12.2100003063679 29.3103456497192
         vertex -25.8620698004961 12.2100003063679 32.7586196362972
      endloop
   endfacet
   facet normal 0 1 0
      outer loop
         vertex -25.8620698004961 12.2100003063679 32.7586196362972
         vertex -22.413793951273 12.2100003063679 29.3103456497192
         vertex -25.8620698004961 12.2100003063679 29.3103456497192
      endloop
   endfacet
   facet normal 0 1 0
      outer loop
         vertex -25.8620698004961 12.2100003063679 32.7586196362972
         vertex -25.8620698004961 12.2100003063679 29.3103456497192
         vertex -29.3103456497192 12.2100003063679 32.7586196362972
      endloop
   endfacet
   facet normal 0 1 0
      outer loop
         vertex -29.3103456497192 12.2100003063679 32.7586196362972
         vertex -25.8620698004961 12.2100003063679 29.3103456497192
         vertex -29.3103456497192 12.2100003063679 29.3103456497192
      endloop
   endfacet
   facet normal 0 1 0
      outer loop
         vertex -29.3103456497192 12.2100003063679 32.7586196362972
         vertex -29.3103456497192 12.2100003063679 29.3103456497192
         vertex -32.7586196362972 12.2100003063679 32.7586196362972
      endloop
   endfacet
   facet normal 0 1 0
      outer loop
         vertex -32.7586196362972 12.2100003063679 32.7586196362972
         vertex -29.3103456497192 12.2100003063679 29.3103456497192
         vertex -32.7586196362972 12.2100003063679 29.3103456497192
      endloop
   endfacet
   facet normal 0 1 0
      outer loop
         vertex -32.7586196362972 12.2100003063679 32.7586196362972
         vertex -32.7586196362972 12.2100003063679 29.3103456497192
         vertex -36.2068973481655 12.2100003063679 32.7586196362972
      endloop
   endfacet
   facet normal 0 1 0
      outer loop
         vertex -36.2068973481655 12.2100003063679 32.7586196362972
         vertex -32.7586196362972 12.2100003063679 29.3103456497192
         vertex -36.2068973481655 12.2100003063679 29.3103456497192
      endloop
   endfacet
   facet normal 0 1 0
      outer loop
         vertex -36.2068973481655 12.2100003063679 32.7586196362972
         vertex -36.2068973481655 12.2100003063679 29.3103456497192
         vertex -38.3022204041481 12.2100003063679 32.1393795311451
      endloop
   endfacet
   facet normal 0 1 0
      outer loop
         vertex -38.3022204041481 12.2100003063679 32.1393795311451
         vertex -36.2068973481655 12.2100003063679 29.3103456497192
         vertex -39.6551713347435 12.2100003063679 29.3103456497192
      endloop
   endfacet
   facet normal 0 1 0
      outer loop
         vertex -38.3022204041481 12.2100003063679 32.1393795311451
         vertex -39.6551713347435 12.2100003063679 29.3103456497192
         vertex -41.31193831563 12.2100003063679 28.1660035252571
      endloop
   endfacet
   facet normal 0 1 0
      outer loop
         vertex -41.31193831563 12.2100003063679 28.1660035252571
         vertex -39.6551713347435 12.2100003063679 29.3103456497192
         vertex -39.6551713347435 12.2100003063679 25.8620698004961
      endloop
   endfacet
   facet normal 0 1 0
      outer loop
         vertex -41.31193831563 12.2100003063679 28.1660035252571
         vertex -39.6551713347435 12.2100003063679 25.8620698004961
         vertex -43.9110770821571 12.2100003063679 23.9126980304718
      endloop
   endfacet
   facet normal 0 1 0
      outer loop
         vertex -43.9110770821571 12.2100003063679 23.9126980304718
         vertex -39.6551713347435 12.2100003063679 25.8620698004961
         vertex -43.1034490466118 12.2100003063679 22.413793951273
      endloop
   endfacet
   facet normal 0 1 0
      outer loop
         vertex -43.9110770821571 12.2100003063679 23.9126980304718
         vertex -43.1034490466118 12.2100003063679 22.413793951273
         vertex -46.0738092660904 12.2100003063679 19.4217395037413
      endloop
   endfacet
   facet normal 0 1 0
      outer loop
         vertex -46.0738092660904 12.2100003063679 19.4217395037413
         vertex -43.1034490466118 12.2100003063679 22.413793951273
         vertex -43.1034490466118 12.2100003063679 18.9655181020498
      endloop
   endfacet
   facet normal 0 1 0
      outer loop
         vertex -46.0738092660904 12.2100003063679 19.4217395037413
         vertex -43.1034490466118 12.2100003063679 18.9655181020498
         vertex -46.5517230331898 12.2100003063679 15.5172413215041
      endloop
   endfacet
   facet normal 0 1 0
      outer loop
         vertex -46.5517230331898 12.2100003063679 15.5172413215041
         vertex -43.1034490466118 12.2100003063679 18.9655181020498
         vertex -43.1034490466118 12.2100003063679 15.5172413215041
      endloop
   endfacet
   facet normal 0 1 0
      outer loop
         vertex -46.5517230331898 12.2100003063679 15.5172413215041
         vertex -43.1034490466118 12.2100003063679 15.5172413215041
         vertex -43.1034490466118 12.2100003063679 12.068965472281
      endloop
   endfacet
   facet normal 0 1 0
      outer loop
         vertex -43.1034490466118 12.2100003063679 12.068965472281
         vertex -43.1034490466118 12.2100003063679 15.5172413215041
         vertex -39.6551713347435 12.2100003063679 12.068965472281
      endloop
   endfacet
   facet normal 0 1 0
      outer loop
         vertex -43.1034490466118 12.2100003063679 12.068965472281
         vertex -39.6551713347435 12.2100003063679 12.068965472281
         vertex -39.6551713347435 12.2100003063679 8.62068962305784
      endloop
   endfacet
   facet normal 0 1 0
      outer loop
         vertex -39.6551713347435 12.2100003063679 8.62068962305784
         vertex -39.6551713347435 12.2100003063679 12.068965472281
         vertex -36.2068973481655 12.2100003063679 8.62068962305784
      endloop
   endfacet
   facet normal 0 1 0
      outer loop
         vertex -39.6551713347435 12.2100003063679 8.62068962305784
         vertex -36.2068973481655 12.2100003063679 8.62068962305784
         vertex -36.2068973481655 12.2100003063679 5.17241377383471
      endloop
   endfacet
   facet normal 0 1 0
      outer loop
         vertex -36.2068973481655 12.2100003063679 5.17241377383471
         vertex -36.2068973481655 12.2100003063679 8.62068962305784
         vertex -32.7586196362972 12.2100003063679 5.17241377383471
      endloop
   endfacet
   facet normal 0 1 0
      outer loop
         vertex -36.2068973481655 12.2100003063679 5.17241377383471
         vertex -32.7586196362972 12.2100003063679 5.17241377383471
         vertex -32.7586196362972 12.2100003063679 1.72413792461157
      endloop
   endfacet
   facet normal 0 1 0
      outer loop
         vertex -32.7586196362972 12.2100003063679 1.72413792461157
         vertex -32.7586196362972 12.2100003063679 5.17241377383471
         vertex -29.3103456497192 12.2100003063679 1.72413792461157
      endloop
   endfacet
   facet normal 0 1 0
      outer loop
         vertex -32.7586196362972 12.2100003063679 1.72413792461157
         vertex -29.3103456497192 12.2100003063679 1.72413792461157
         vertex -29.3103456497192 12.2100003063679 -1.72413792461157
      endloop
   endfacet
   facet normal 0 1 0
      outer loop
         vertex -29.3103456497192 12.2100003063679 -1.72413792461157
         vertex -29.3103456497192 12.2100003063679 1.72413792461157
         vertex -25.8620698004961 12.2100003063679 -1.72413792461157
      endloop
   endfacet
   facet normal 0 1 0
      outer loop
         vertex -29.3103456497192 12.2100003063679 -1.72413792461157
         vertex -25.8620698004961 12.2100003063679 -1.72413792461157
         vertex -25.8620698004961 12.2100003063679 -5.17241377383471
      endloop
   endfacet
   facet normal 0 1 0
      outer loop
         vertex -25.8620698004961 12.2100003063679 -5.17241377383471
         vertex -25.8620698004961 12.2100003063679 -1.72413792461157
         vertex -22.413793951273 12.2100003063679 -5.17241377383471
      endloop
   endfacet
   facet normal 0 1 0
      outer loop
         vertex -25.8620698004961 12.2100003063679 -5.17241377383471
         vertex -22.413793951273 12.2100003063679 -5.17241377383471
         vertex -22.413793951273 12.2100003063679 -8.62068962305784
      endloop
   endfacet
   facet normal 0 1 0
      outer loop
         vertex -22.413793951273 12.2100003063679 -8.62068962305784
         vertex -22.413793951273 12.2100003063679 -5.17241377383471
         vertex -18.9655181020498 12.2100003063679 -8.62068962305784
      endloop
   endfacet
   facet normal 0 1 0
      outer loop
         vertex -22.413793951273 12.2100003063679 -8.62068962305784
         vertex -18.9655181020498 12.2100003063679 -8.62068962305784
         vertex -18.9655181020498 12.2100003063679 -12.068965472281
      endloop
   endfacet
   facet normal 0 1 0
      outer loop
         vertex -18.9655181020498 12.2100003063679 -12.068965472281
         vertex -18.9655181020498 12.2100003063679 -8.62068962305784
         vertex -15.5172413215041 12.2100003063679 -12.068965472281
      endloop
   endfacet
   facet normal 0 1 0
      outer loop
         vertex -18.9655181020498 12.2100003063679 -12.068965472281
         vertex -15.5172413215041 12.2100003063679 -12.068965472281
         vertex -15.5172413215041 12.2100003063679 -15.5172413215041
      endloop
   endfacet
   facet normal 0 1 0
      outer loop
         vertex -15.5172413215041 12.2100003063679 -15.5172413215041
         vertex -15.5172413215041 12.2100003063679 -12.068965472281
         vertex -12.068965472281 12.2100003063679 -15.5172413215041
      endloop
   endfacet
   facet normal 0 1 0
      outer loop
         vertex -15.5172413215041 12.2100003063679 -15.5172413215041
         vertex -12.068965472281 12.2100003063679 -15.5172413215041
         vertex -12.068965472281 12.2100003063679 -18.9655181020498
      endloop
   endfacet
   facet normal 0 1 0
      outer loop
         vertex -12.068965472281 12.2100003063679 -18.9655181020498
         vertex -12.068965472281 12.2100003063679 -15.5172413215041
         vertex -8.62068962305784 12.2100003063679 -18.9655181020498
      endloop
   endfacet
   facet normal 0 1 0
      outer loop
         vertex -12.068965472281 12.2100003063679 -18.9655181020498
         vertex -8.62068962305784 12.2100003063679 -18.9655181020498
         vertex -8.62068962305784 12.2100003063679 -22.413793951273
      endloop
   endfacet
   facet normal 0 1 0
      outer loop
         vertex -8.62068962305784 12.2100003063679 -22.413793951273
         vertex -8.62068962305784 12.2100003063679 -18.9655181020498
         vertex -5.17241377383471 12.2100003063679 -22.413793951273
      endloop
   endfacet
   facet normal 0 1 0
      outer loop
         vertex -8.62068962305784 12.2100003063679 -22.413793951273
         vertex -5.17241377383471 12.2100003063679 -22.413793951273
         vertex -5.17241377383471 12.2100003063679 -25.8620698004961
      endloop
   endfacet
   facet normal 0 1 0
      outer loop
         vertex -5.17241377383471 12.2100003063679 -25.8620698004961
         vertex -5.17241377383471 12.2100003063679 -22.413793951273
         vertex -1.72413792461157 12.2100003063679 -25.8620698004961
      endloop
   endfacet
   facet normal 0 1 0
      outer loop
         vertex -5.17241377383471 12.2100003063679 -25.8620698004961
         vertex -1.72413792461157 12.2100003063679 -25.8620698004961
         vertex -1.72413792461157 12.2100003063679 -29.3103456497192
      endloop
   endfacet
   facet normal 0 1 0
      outer loop
         vertex -1.72413792461157 12.2100003063679 -29.3103456497192
         vertex -1.72413792461157 12.2100003063679 -25.8620698004961
         vertex 1.72413792461157 12.2100003063679 -29.3103456497192
      endloop
   endfacet
   facet normal 0 1 0
      outer loop
         vertex -1.72413792461157 12.2100003063679 -29.3103456497192
         vertex 1.72413792461157 12.2100003063679 -29.3103456497192
         vertex 1.72413792461157 12.2100003063679 -32.7586196362972
      endloop
   endfacet
   facet normal 0 1 0
      outer loop
         vertex 1.72413792461157 12.2100003063679 -32.7586196362972
         vertex 1.72413792461157 12.2100003063679 -29.3103456497192
         vertex 5.17241377383471 12.2100003063679 -32.7586196362972
      endloop
   endfacet
   facet normal 0 1 0
      outer loop
         vertex 1.72413792461157 12.2100003063679 -32.7586196362972
         vertex 5.17241377383471 12.2100003063679 -32.7586196362972
         vertex 5.17241377383471 12.2100003063679 -36.2068973481655
      endloop
   endfacet
   facet normal 0 1 0
      outer loop
         vertex 5.17241377383471 12.2100003063679 -36.2068973481655
         vertex 5.17241377383471 12.2100003063679 -32.7586196362972
         vertex 8.62068962305784 12.2100003063679 -36.2068973481655
      endloop
   endfacet
   facet normal 0 1 0
      outer loop
         vertex 5.17241377383471 12.2100003063679 -36.2068973481655
         vertex 8.62068962305784 12.2100003063679 -36.2068973481655
         vertex 8.62068962305784 12.2100003063679 -39.6551713347435
      endloop
   endfacet
   facet normal 0 1 0
      outer loop
         vertex 8.62068962305784 12.2100003063679 -39.6551713347435
         vertex 8.62068962305784 12.2100003063679 -36.2068973481655
         vertex 12.068965472281 12.2100003063679 -39.6551713347435
      endloop
   endfacet
   facet normal 0 1 0
      outer loop
         vertex 8.62068962305784 12.2100003063679 -39.6551713347435
         vertex 12.068965472281 12.2100003063679 -39.6551713347435
         vertex 12.068965472281 12.2100003063679 -43.1034490466118
      endloop
   endfacet
   facet normal 0 1 0
      outer loop
         vertex 12.068965472281 12.2100003063679 -43.1034490466118
         vertex 12.068965472281 12.2100003063679 -39.6551713347435
         vertex 15.5172413215041 12.2100003063679 -43.1034490466118
      endloop
   endfacet
   facet normal 0 1 0
      outer loop
         vertex 12.068965472281 12.2100003063679 -43.1034490466118
         vertex 15.5172413215041 12.2100003063679 -43.1034490466118
         vertex 15.5172413215041 12.2100003063679 -46.5517230331898
      endloop
   endfacet
   facet normal 0 1 0
      outer loop
         vertex 15.5172413215041 12.2100003063679 -46.5517230331898
         vertex 15.5172413215041 12.2100003063679 -43.1034490466118
         vertex 18.9655181020498 12.2100003063679 -43.1034490466118
      endloop
   endfacet
   facet normal 0 1 0
      outer loop
         vertex 15.5172413215041 12.2100003063679 -46.5517230331898
         vertex 18.9655181020498 12.2100003063679 -43.1034490466118
         vertex 20.5643549561501 12.2100003063679 -45.5752909183502
      endloop
   endfacet
   facet normal 0 1 0
      outer loop
         vertex 20.5643549561501 12.2100003063679 -45.5752909183502
         vertex 18.9655181020498 12.2100003063679 -43.1034490466118
         vertex 22.413793951273 12.2100003063679 -43.1034490466118
      endloop
   endfacet
   facet normal 0 1 0
      outer loop
         vertex 20.5643549561501 12.2100003063679 -45.5752909183502
         vertex 22.413793951273 12.2100003063679 -43.1034490466118
         vertex 25.000000372529 12.2100003063679 -43.3012694120407
      endloop
   endfacet
   facet normal 0 1 0
      outer loop
         vertex 25.000000372529 12.2100003063679 -43.3012694120407
         vertex 22.413793951273 12.2100003063679 -43.1034490466118
         vertex 22.413793951273 12.2100003063679 -39.6551713347435
      endloop
   endfacet
   facet normal 0 1 0
      outer loop
         vertex 25.000000372529 12.2100003063679 -43.3012694120407
         vertex 22.413793951273 12.2100003063679 -39.6551713347435
         vertex 25.8620698004961 12.2100003063679 -39.6551713347435
      endloop
   endfacet
   facet normal 0 1 0
      outer loop
         vertex 25.8620698004961 12.2100003063679 -39.6551713347435
         vertex 22.413793951273 12.2100003063679 -39.6551713347435
         vertex 22.413793951273 12.2100003063679 -36.2068973481655
      endloop
   endfacet
   facet normal 0 1 0
      outer loop
         vertex 25.8620698004961 12.2100003063679 -39.6551713347435
         vertex 22.413793951273 12.2100003063679 -36.2068973481655
         vertex 25.8620698004961 12.2100003063679 -36.2068973481655
      endloop
   endfacet
   facet normal 0 1 0
      outer loop
         vertex 25.8620698004961 12.2100003063679 -36.2068973481655
         vertex 22.413793951273 12.2100003063679 -36.2068973481655
         vertex 22.413793951273 12.2100003063679 -32.7586196362972
      endloop
   endfacet
   facet normal 0 1 0
      outer loop
         vertex 25.8620698004961 12.2100003063679 -36.2068973481655
         vertex 22.413793951273 12.2100003063679 -32.7586196362972
         vertex 25.8620698004961 12.2100003063679 -32.7586196362972
      endloop
   endfacet
   facet normal 0 1 0
      outer loop
         vertex 25.8620698004961 12.2100003063679 -32.7586196362972
         vertex 22.413793951273 12.2100003063679 -32.7586196362972
         vertex 22.413793951273 12.2100003063679 -29.3103456497192
      endloop
   endfacet
   facet normal 0 1 0
      outer loop
         vertex 25.8620698004961 12.2100003063679 -32.7586196362972
         vertex 22.413793951273 12.2100003063679 -29.3103456497192
         vertex 25.8620698004961 12.2100003063679 -29.3103456497192
      endloop
   endfacet
   facet normal 0 1 0
      outer loop
         vertex 25.8620698004961 12.2100003063679 -29.3103456497192
         vertex 22.413793951273 12.2100003063679 -29.3103456497192
         vertex 22.413793951273 12.2100003063679 -25.8620698004961
      endloop
   endfacet
   facet normal 0 1 0
      outer loop
         vertex 25.8620698004961 12.2100003063679 -29.3103456497192
         vertex 22.413793951273 12.2100003063679 -25.8620698004961
         vertex 25.8620698004961 12.2100003063679 -25.8620698004961
      endloop
   endfacet
   facet normal 0 1 0
      outer loop
         vertex 25.8620698004961 12.2100003063679 -25.8620698004961
         vertex 22.413793951273 12.2100003063679 -25.8620698004961
         vertex 22.413793951273 12.2100003063679 -22.413793951273
      endloop
   endfacet
   facet normal 0 1 0
      outer loop
         vertex 25.8620698004961 12.2100003063679 -25.8620698004961
         vertex 22.413793951273 12.2100003063679 -22.413793951273
         vertex 25.8620698004961 12.2100003063679 -22.413793951273
      endloop
   endfacet
   facet normal 0 1 0
      outer loop
         vertex 25.8620698004961 12.2100003063679 -22.413793951273
         vertex 22.413793951273 12.2100003063679 -22.413793951273
         vertex 22.413793951273 12.2100003063679 -18.9655181020498
      endloop
   endfacet
   facet normal 0 1 0
      outer loop
         vertex 25.8620698004961 12.2100003063679 -22.413793951273
         vertex 22.413793951273 12.2100003063679 -18.9655181020498
         vertex 25.8620698004961 12.2100003063679 -18.9655181020498
      endloop
   endfacet
   facet normal 0 1 0
      outer loop
         vertex 25.8620698004961 12.2100003063679 -18.9655181020498
         vertex 22.413793951273 12.2100003063679 -18.9655181020498
         vertex 22.413793951273 12.2100003063679 -15.5172413215041
      endloop
   endfacet
   facet normal 0 1 0
      outer loop
         vertex 25.8620698004961 12.2100003063679 -18.9655181020498
         vertex 22.413793951273 12.2100003063679 -15.5172413215041
         vertex 25.8620698004961 12.2100003063679 -15.5172413215041
      endloop
   endfacet
   facet normal 0 1 0
      outer loop
         vertex 25.8620698004961 12.2100003063679 -15.5172413215041
         vertex 22.413793951273 12.2100003063679 -15.5172413215041
         vertex 22.413793951273 12.2100003063679 -12.068965472281
      endloop
   endfacet
   facet normal 0 1 0
      outer loop
         vertex 25.8620698004961 12.2100003063679 -15.5172413215041
         vertex 22.413793951273 12.2100003063679 -12.068965472281
         vertex 25.8620698004961 12.2100003063679 -12.068965472281
      endloop
   endfacet
   facet normal 0 1 0
      outer loop
         vertex 25.8620698004961 12.2100003063679 -12.068965472281
         vertex 22.413793951273 12.2100003063679 -12.068965472281
         vertex 22.413793951273 12.2100003063679 -8.62068962305784
      endloop
   endfacet
   facet normal 0 1 0
      outer loop
         vertex 25.8620698004961 12.2100003063679 -12.068965472281
         vertex 22.413793951273 12.2100003063679 -8.62068962305784
         vertex 25.8620698004961 12.2100003063679 -8.62068962305784
      endloop
   endfacet
   facet normal 0 1 0
      outer loop
         vertex 25.8620698004961 12.2100003063679 -8.62068962305784
         vertex 22.413793951273 12.2100003063679 -8.62068962305784
         vertex 22.413793951273 12.2100003063679 -5.17241377383471
      endloop
   endfacet
   facet normal 0 1 0
      outer loop
         vertex 25.8620698004961 12.2100003063679 -8.62068962305784
         vertex 22.413793951273 12.2100003063679 -5.17241377383471
         vertex 25.8620698004961 12.2100003063679 -5.17241377383471
      endloop
   endfacet
   facet normal 0 1 0
      outer loop
         vertex 25.8620698004961 12.2100003063679 -5.17241377383471
         vertex 22.413793951273 12.2100003063679 -5.17241377383471
         vertex 22.413793951273 12.2100003063679 -1.72413792461157
      endloop
   endfacet
   facet normal 0 1 0
      outer loop
         vertex 25.8620698004961 12.2100003063679 -5.17241377383471
         vertex 22.413793951273 12.2100003063679 -1.72413792461157
         vertex 25.8620698004961 12.2100003063679 -1.72413792461157
      endloop
   endfacet
   facet normal 0 1 0
      outer loop
         vertex 25.8620698004961 12.2100003063679 -1.72413792461157
         vertex 22.413793951273 12.2100003063679 -1.72413792461157
         vertex 22.413793951273 12.2100003063679 1.72413792461157
      endloop
   endfacet
   facet normal 0 1 0
      outer loop
         vertex 25.8620698004961 12.2100003063679 -1.72413792461157
         vertex 22.413793951273 12.2100003063679 1.72413792461157
         vertex 25.8620698004961 12.2100003063679 1.72413792461157
      endloop
   endfacet
   facet normal 0 1 0
      outer loop
         vertex 25.8620698004961 12.2100003063679 1.72413792461157
         vertex 22.413793951273 12.2100003063679 1.72413792461157
         vertex 22.413793951273 12.2100003063679 5.17241377383471
      endloop
   endfacet
   facet normal 0 1 0
      outer loop
         vertex 25.8620698004961 12.2100003063679 1.72413792461157
         vertex 22.413793951273 12.2100003063679 5.17241377383471
         vertex 25.8620698004961 12.2100003063679 5.17241377383471
      endloop
   endfacet
   facet normal 0 1 0
      outer loop
         vertex 25.8620698004961 12.2100003063679 5.17241377383471
         vertex 22.413793951273 12.2100003063679 5.17241377383471
         vertex 22.413793951273 12.2100003063679 8.62068962305784
      endloop
   endfacet
   facet normal 0 1 0
      outer loop
         vertex 25.8620698004961 12.2100003063679 5.17241377383471
         vertex 22.413793951273 12.2100003063679 8.62068962305784
         vertex 25.8620698004961 12.2100003063679 8.62068962305784
      endloop
   endfacet
   facet normal 0 1 0
      outer loop
         vertex 25.8620698004961 12.2100003063679 8.62068962305784
         vertex 22.413793951273 12.2100003063679 8.62068962305784
         vertex 22.413793951273 12.2100003063679 12.068965472281
      endloop
   endfacet
   facet normal 0 1 0
      outer loop
         vertex 25.8620698004961 12.2100003063679 8.62068962305784
         vertex 22.413793951273 12.2100003063679 12.068965472281
         vertex 25.8620698004961 12.2100003063679 12.068965472281
      endloop
   endfacet
   facet normal 0 1 0
      outer loop
         vertex 25.8620698004961 12.2100003063679 12.068965472281
         vertex 22.413793951273 12.2100003063679 12.068965472281
         vertex 22.413793951273 12.2100003063679 15.5172413215041
      endloop
   endfacet
   facet normal 0 1 0
      outer loop
         vertex 25.8620698004961 12.2100003063679 12.068965472281
         vertex 22.413793951273 12.2100003063679 15.5172413215041
         vertex 25.8620698004961 12.2100003063679 15.5172413215041
      endloop
   endfacet
   facet normal 0 1 0
      outer loop
         vertex 25.8620698004961 12.2100003063679 15.5172413215041
         vertex 22.413793951273 12.2100003063679 15.5172413215041
         vertex 22.413793951273 12.2100003063679 18.9655181020498
      endloop
   endfacet
   facet normal 0 1 0
      outer loop
         vertex 25.8620698004961 12.2100003063679 15.5172413215041
         vertex 22.413793951273 12.2100003063679 18.9655181020498
         vertex 25.8620698004961 12.2100003063679 18.9655181020498
      endloop
   endfacet
   facet normal 0 1 0
      outer loop
         vertex 25.8620698004961 12.2100003063679 18.9655181020498
         vertex 22.413793951273 12.2100003063679 18.9655181020498
         vertex 22.413793951273 12.2100003063679 22.413793951273
      endloop
   endfacet
   facet normal 0 1 0
      outer loop
         vertex 25.8620698004961 12.2100003063679 18.9655181020498
         vertex 22.413793951273 12.2100003063679 22.413793951273
         vertex 25.8620698004961 12.2100003063679 22.413793951273
      endloop
   endfacet
   facet normal 0 1 0
      outer loop
         vertex 25.8620698004961 12.2100003063679 22.413793951273
         vertex 22.413793951273 12.2100003063679 22.413793951273
         vertex 22.413793951273 12.2100003063679 25.8620698004961
      endloop
   endfacet
   facet normal 0 1 0
      outer loop
         vertex 25.8620698004961 12.2100003063679 22.413793951273
         vertex 22.413793951273 12.2100003063679 25.8620698004961
         vertex 25.8620698004961 12.2100003063679 25.8620698004961
      endloop
   endfacet
   facet normal 0 1 0
      outer loop
         vertex 25.8620698004961 12.2100003063679 25.8620698004961
         vertex 22.413793951273 12.2100003063679 25.8620698004961
         vertex 22.413793951273 12.2100003063679 29.3103456497192
      endloop
   endfacet
   facet normal 0 1 0
      outer loop
         vertex 25.8620698004961 12.2100003063679 25.8620698004961
         vertex 22.413793951273 12.2100003063679 29.3103456497192
         vertex 25.8620698004961 12.2100003063679 29.3103456497192
      endloop
   endfacet
   facet normal 0 1 0
      outer loop
         vertex -38.3022204041481 12.2100003063679 32.1393795311451
         vertex -34.9118411540985 12.2100003063679 35.7933416962624
         vertex -36.2068973481655 12.2100003063679 32.7586196362972
      endloop
   endfacet
   facet normal 0 1 0
      outer loop
         vertex -36.2068973481655 12.2100003063679 32.7586196362972
         vertex -34.9118411540985 12.2100003063679 35.7933416962624
         vertex -32.7586196362972 12.2100003063679 32.7586196362972
      endloop
   endfacet
   facet normal 0 1 0
      outer loop
         vertex -32.7586196362972 12.2100003063679 32.7586196362972
         vertex -34.9118411540985 12.2100003063679 35.7933416962624
         vertex -32.7586196362972 12.2100003063679 36.2068973481655
      endloop
   endfacet
   facet normal 0 1 0
      outer loop
         vertex -32.7586196362972 12.2100003063679 36.2068973481655
         vertex -34.9118411540985 12.2100003063679 35.7933416962624
         vertex -31.1744902282953 12.2100003063679 39.0915758907795
      endloop
   endfacet
   facet normal 0 1 0
      outer loop
         vertex -32.7586196362972 12.2100003063679 36.2068973481655
         vertex -31.1744902282953 12.2100003063679 39.0915758907795
         vertex -29.3103456497192 12.2100003063679 36.2068973481655
      endloop
   endfacet
   facet normal 0 1 0
      outer loop
         vertex -29.3103456497192 12.2100003063679 36.2068973481655
         vertex -31.1744902282953 12.2100003063679 39.0915758907795
         vertex -29.3103456497192 12.2100003063679 39.6551713347435
      endloop
   endfacet
   facet normal 0 1 0
      outer loop
         vertex -29.3103456497192 12.2100003063679 36.2068973481655
         vertex -29.3103456497192 12.2100003063679 39.6551713347435
         vertex -25.8620698004961 12.2100003063679 36.2068973481655
      endloop
   endfacet
   facet normal 0 1 0
      outer loop
         vertex -25.8620698004961 12.2100003063679 36.2068973481655
         vertex -29.3103456497192 12.2100003063679 39.6551713347435
         vertex -25.8620698004961 12.2100003063679 39.6551713347435
      endloop
   endfacet
   facet normal 0 1 0
      outer loop
         vertex -25.8620698004961 12.2100003063679 36.2068973481655
         vertex -25.8620698004961 12.2100003063679 39.6551713347435
         vertex -22.413793951273 12.2100003063679 36.2068973481655
      endloop
   endfacet
   facet normal 0 1 0
      outer loop
         vertex -22.413793951273 12.2100003063679 36.2068973481655
         vertex -25.8620698004961 12.2100003063679 39.6551713347435
         vertex -22.413793951273 12.2100003063679 39.6551713347435
      endloop
   endfacet
   facet normal 0 1 0
      outer loop
         vertex -22.413793951273 12.2100003063679 36.2068973481655
         vertex -22.413793951273 12.2100003063679 39.6551713347435
         vertex -18.9655181020498 12.2100003063679 36.2068973481655
      endloop
   endfacet
   facet normal 0 1 0
      outer loop
         vertex -18.9655181020498 12.2100003063679 36.2068973481655
         vertex -22.413793951273 12.2100003063679 39.6551713347435
         vertex -18.9655181020498 12.2100003063679 39.6551713347435
      endloop
   endfacet
   facet normal 0 1 0
      outer loop
         vertex -18.9655181020498 12.2100003063679 36.2068973481655
         vertex -18.9655181020498 12.2100003063679 39.6551713347435
         vertex -15.5172413215041 12.2100003063679 36.2068973481655
      endloop
   endfacet
   facet normal 0 1 0
      outer loop
         vertex -15.5172413215041 12.2100003063679 36.2068973481655
         vertex -18.9655181020498 12.2100003063679 39.6551713347435
         vertex -15.5172413215041 12.2100003063679 39.6551713347435
      endloop
   endfacet
   facet normal 0 1 0
      outer loop
         vertex -15.5172413215041 12.2100003063679 36.2068973481655
         vertex -15.5172413215041 12.2100003063679 39.6551713347435
         vertex -12.068965472281 12.2100003063679 36.2068973481655
      endloop
   endfacet
   facet normal 0 1 0
      outer loop
         vertex -12.068965472281 12.2100003063679 36.2068973481655
         vertex -15.5172413215041 12.2100003063679 39.6551713347435
         vertex -12.068965472281 12.2100003063679 39.6551713347435
      endloop
   endfacet
   facet normal 0 1 0
      outer loop
         vertex -12.068965472281 12.2100003063679 36.2068973481655
         vertex -12.068965472281 12.2100003063679 39.6551713347435
         vertex -8.62068962305784 12.2100003063679 36.2068973481655
      endloop
   endfacet
   facet normal 0 1 0
      outer loop
         vertex -8.62068962305784 12.2100003063679 36.2068973481655
         vertex -12.068965472281 12.2100003063679 39.6551713347435
         vertex -8.62068962305784 12.2100003063679 39.6551713347435
      endloop
   endfacet
   facet normal 0 1 0
      outer loop
         vertex -8.62068962305784 12.2100003063679 36.2068973481655
         vertex -8.62068962305784 12.2100003063679 39.6551713347435
         vertex -5.17241377383471 12.2100003063679 36.2068973481655
      endloop
   endfacet
   facet normal 0 1 0
      outer loop
         vertex -5.17241377383471 12.2100003063679 36.2068973481655
         vertex -8.62068962305784 12.2100003063679 39.6551713347435
         vertex -5.17241377383471 12.2100003063679 39.6551713347435
      endloop
   endfacet
   facet normal 0 1 0
      outer loop
         vertex -5.17241377383471 12.2100003063679 36.2068973481655
         vertex -5.17241377383471 12.2100003063679 39.6551713347435
         vertex -1.72413792461157 12.2100003063679 36.2068973481655
      endloop
   endfacet
   facet normal 0 1 0
      outer loop
         vertex -1.72413792461157 12.2100003063679 36.2068973481655
         vertex -5.17241377383471 12.2100003063679 39.6551713347435
         vertex -1.72413792461157 12.2100003063679 39.6551713347435
      endloop
   endfacet
   facet normal 0 1 0
      outer loop
         vertex -1.72413792461157 12.2100003063679 36.2068973481655
         vertex -1.72413792461157 12.2100003063679 39.6551713347435
         vertex 1.72413792461157 12.2100003063679 36.2068973481655
      endloop
   endfacet
   facet normal 0 1 0
      outer loop
         vertex 1.72413792461157 12.2100003063679 36.2068973481655
         vertex -1.72413792461157 12.2100003063679 39.6551713347435
         vertex 1.72413792461157 12.2100003063679 39.6551713347435
      endloop
   endfacet
   facet normal 0 1 0
      outer loop
         vertex 1.72413792461157 12.2100003063679 36.2068973481655
         vertex 1.72413792461157 12.2100003063679 39.6551713347435
         vertex 5.17241377383471 12.2100003063679 36.2068973481655
      endloop
   endfacet
   facet normal 0 1 0
      outer loop
         vertex 5.17241377383471 12.2100003063679 36.2068973481655
         vertex 1.72413792461157 12.2100003063679 39.6551713347435
         vertex 5.17241377383471 12.2100003063679 39.6551713347435
      endloop
   endfacet
   facet normal 0 1 0
      outer loop
         vertex 5.17241377383471 12.2100003063679 36.2068973481655
         vertex 5.17241377383471 12.2100003063679 39.6551713347435
         vertex 8.62068962305784 12.2100003063679 36.2068973481655
      endloop
   endfacet
   facet normal 0 1 0
      outer loop
         vertex 8.62068962305784 12.2100003063679 36.2068973481655
         vertex 5.17241377383471 12.2100003063679 39.6551713347435
         vertex 8.62068962305784 12.2100003063679 39.6551713347435
      endloop
   endfacet
   facet normal 0 1 0
      outer loop
         vertex 8.62068962305784 12.2100003063679 36.2068973481655
         vertex 8.62068962305784 12.2100003063679 39.6551713347435
         vertex 12.068965472281 12.2100003063679 36.2068973481655
      endloop
   endfacet
   facet normal 0 1 0
      outer loop
         vertex 12.068965472281 12.2100003063679 36.2068973481655
         vertex 8.62068962305784 12.2100003063679 39.6551713347435
         vertex 12.068965472281 12.2100003063679 39.6551713347435
      endloop
   endfacet
   facet normal 0 1 0
      outer loop
         vertex 12.068965472281 12.2100003063679 36.2068973481655
         vertex 12.068965472281 12.2100003063679 39.6551713347435
         vertex 15.5172413215041 12.2100003063679 36.2068973481655
      endloop
   endfacet
   facet normal 0 1 0
      outer loop
         vertex 15.5172413215041 12.2100003063679 36.2068973481655
         vertex 12.068965472281 12.2100003063679 39.6551713347435
         vertex 15.5172413215041 12.2100003063679 39.6551713347435
      endloop
   endfacet
   facet normal 0 1 0
      outer loop
         vertex 15.5172413215041 12.2100003063679 36.2068973481655
         vertex 15.5172413215041 12.2100003063679 39.6551713347435
         vertex 18.9655181020498 12.2100003063679 36.2068973481655
      endloop
   endfacet
   facet normal 0 1 0
      outer loop
         vertex 18.9655181020498 12.2100003063679 36.2068973481655
         vertex 15.5172413215041 12.2100003063679 39.6551713347435
         vertex 18.9655181020498 12.2100003063679 39.6551713347435
      endloop
   endfacet
   facet normal 0 1 0
      outer loop
         vertex 18.9655181020498 12.2100003063679 36.2068973481655
         vertex 18.9655181020498 12.2100003063679 39.6551713347435
         vertex 22.413793951273 12.2100003063679 36.2068973481655
      endloop
   endfacet
   facet normal 0 1 0
      outer loop
         vertex 22.413793951273 12.2100003063679 36.2068973481655
         vertex 18.9655181020498 12.2100003063679 39.6551713347435
         vertex 22.413793951273 12.2100003063679 39.6551713347435
      endloop
   endfacet
   facet normal 0 1 0
      outer loop
         vertex 22.413793951273 12.2100003063679 36.2068973481655
         vertex 22.413793951273 12.2100003063679 39.6551713347435
         vertex 25.8620698004961 12.2100003063679 36.2068973481655
      endloop
   endfacet
   facet normal 0 1 0
      outer loop
         vertex 25.8620698004961 12.2100003063679 36.2068973481655
         vertex 22.413793951273 12.2100003063679 39.6551713347435
         vertex 25.8620698004961 12.2100003063679 39.6551713347435
      endloop
   endfacet
   facet normal 0 1 0
      outer loop
         vertex 25.8620698004961 12.2100003063679 36.2068973481655
         vertex 25.8620698004961 12.2100003063679 39.6551713347435
         vertex 29.3103456497192 12.2100003063679 36.2068973481655
      endloop
   endfacet
   facet normal 0 1 0
      outer loop
         vertex 29.3103456497192 12.2100003063679 36.2068973481655
         vertex 25.8620698004961 12.2100003063679 39.6551713347435
         vertex 29.3103456497192 12.2100003063679 39.6551713347435
      endloop
   endfacet
   facet normal 0 1 0
      outer loop
         vertex 29.3103456497192 12.2100003063679 36.2068973481655
         vertex 29.3103456497192 12.2100003063679 39.6551713347435
         vertex 33.0842919647694 12.2100003063679 37.4890603125095
      endloop
   endfacet
   facet normal 0 1 0
      outer loop
         vertex 33.0842919647694 12.2100003063679 37.4890603125095
         vertex 29.3103456497192 12.2100003063679 39.6551713347435
         vertex 29.1871838271618 12.2100003063679 40.5968986451626
      endloop
   endfacet
   facet normal 0 1 0
      outer loop
         vertex -31.1744902282953 12.2100003063679 39.0915758907795
         vertex -27.1273124963045 12.2100003063679 42.0012958347797
         vertex -29.3103456497192 12.2100003063679 39.6551713347435
      endloop
   endfacet
   facet normal 0 1 0
      outer loop
         vertex -29.3103456497192 12.2100003063679 39.6551713347435
         vertex -27.1273124963045 12.2100003063679 42.0012958347797
         vertex -25.8620698004961 12.2100003063679 39.6551713347435
      endloop
   endfacet
   facet normal 0 1 0
      outer loop
         vertex 1.72413792461157 12.2100003063679 39.6551713347435
         vertex -1.72413792461157 12.2100003063679 39.6551713347435
         vertex -1.72413792461157 12.2100003063679 43.1034490466118
      endloop
   endfacet
   facet normal 0 1 0
      outer loop
         vertex -1.72413792461157 12.2100003063679 43.1034490466118
         vertex -1.72413792461157 12.2100003063679 39.6551713347435
         vertex -5.17241377383471 12.2100003063679 43.1034490466118
      endloop
   endfacet
   facet normal 0 1 0
      outer loop
         vertex -1.72413792461157 12.2100003063679 43.1034490466118
         vertex -5.17241377383471 12.2100003063679 43.1034490466118
         vertex -5.17241377383471 12.2100003063679 46.5517230331898
      endloop
   endfacet
   facet normal 0 1 0
      outer loop
         vertex -5.17241377383471 12.2100003063679 46.5517230331898
         vertex -5.17241377383471 12.2100003063679 43.1034490466118
         vertex -8.62068962305784 12.2100003063679 46.5517230331898
      endloop
   endfacet
   facet normal 0 1 0
      outer loop
         vertex -5.17241377383471 12.2100003063679 46.5517230331898
         vertex -8.62068962305784 12.2100003063679 46.5517230331898
         vertex -8.68240930140018 12.2100003063679 49.2403879761696
      endloop
   endfacet
   facet normal 0 1 0
      outer loop
         vertex -8.68240930140018 12.2100003063679 49.2403879761696
         vertex -8.62068962305784 12.2100003063679 46.5517230331898
         vertex -12.068965472281 12.2100003063679 46.5517230331898
      endloop
   endfacet
   facet normal 0 1 0
      outer loop
         vertex -8.68240930140018 12.2100003063679 49.2403879761696
         vertex -12.068965472281 12.2100003063679 46.5517230331898
         vertex -13.5420234873891 12.2100003063679 48.1312125921249
      endloop
   endfacet
   facet normal 0 1 0
      outer loop
         vertex -13.5420234873891 12.2100003063679 48.1312125921249
         vertex -12.068965472281 12.2100003063679 46.5517230331898
         vertex -15.5172413215041 12.2100003063679 46.5517230331898
      endloop
   endfacet
   facet normal 0 1 0
      outer loop
         vertex -13.5420234873891 12.2100003063679 48.1312125921249
         vertex -15.5172413215041 12.2100003063679 46.5517230331898
         vertex -18.2670503854752 12.2100003063679 46.543687582016
      endloop
   endfacet
   facet normal 0 1 0
      outer loop
         vertex -18.2670503854752 12.2100003063679 46.543687582016
         vertex -15.5172413215041 12.2100003063679 46.5517230331898
         vertex -15.5172413215041 12.2100003063679 43.1034490466118
      endloop
   endfacet
   facet normal 0 1 0
      outer loop
         vertex -18.2670503854752 12.2100003063679 46.543687582016
         vertex -15.5172413215041 12.2100003063679 43.1034490466118
         vertex -18.9655181020498 12.2100003063679 43.1034490466118
      endloop
   endfacet
   facet normal 0 1 0
      outer loop
         vertex -18.9655181020498 12.2100003063679 43.1034490466118
         vertex -15.5172413215041 12.2100003063679 43.1034490466118
         vertex -15.5172413215041 12.2100003063679 39.6551713347435
      endloop
   endfacet
   facet normal 0 1 0
      outer loop
         vertex -18.9655181020498 12.2100003063679 43.1034490466118
         vertex -15.5172413215041 12.2100003063679 39.6551713347435
         vertex -18.9655181020498 12.2100003063679 39.6551713347435
      endloop
   endfacet
   facet normal 0 1 0
      outer loop
         vertex 25.000000372529 12.2100003063679 -43.3012694120407
         vertex 25.8620698004961 12.2100003063679 -39.6551713347435
         vertex 29.1871838271618 12.2100003063679 -40.5968986451626
      endloop
   endfacet
   facet normal 0 1 0
      outer loop
         vertex 29.1871838271618 12.2100003063679 -40.5968986451626
         vertex 25.8620698004961 12.2100003063679 -39.6551713347435
         vertex 29.3103456497192 12.2100003063679 -39.6551713347435
      endloop
   endfacet
   facet normal 0 1 0
      outer loop
         vertex 29.1871838271618 12.2100003063679 -40.5968986451626
         vertex 29.3103456497192 12.2100003063679 -39.6551713347435
         vertex 33.0842919647694 12.2100003063679 -37.4890603125095
      endloop
   endfacet
   facet normal 0 1 0
      outer loop
         vertex 33.0842919647694 12.2100003063679 -37.4890603125095
         vertex 29.3103456497192 12.2100003063679 -39.6551713347435
         vertex 29.3103456497192 12.2100003063679 -36.2068973481655
      endloop
   endfacet
   facet normal 0 1 0
      outer loop
         vertex 33.0842919647694 12.2100003063679 -37.4890603125095
         vertex 29.3103456497192 12.2100003063679 -36.2068973481655
         vertex 32.7586196362972 12.2100003063679 -36.2068973481655
      endloop
   endfacet
   facet normal 0 1 0
      outer loop
         vertex 32.7586196362972 12.2100003063679 -36.2068973481655
         vertex 29.3103456497192 12.2100003063679 -36.2068973481655
         vertex 29.3103456497192 12.2100003063679 -32.7586196362972
      endloop
   endfacet
   facet normal 0 1 0
      outer loop
         vertex 32.7586196362972 12.2100003063679 -36.2068973481655
         vertex 29.3103456497192 12.2100003063679 -32.7586196362972
         vertex 32.7586196362972 12.2100003063679 -32.7586196362972
      endloop
   endfacet
   facet normal 0 1 0
      outer loop
         vertex 32.7586196362972 12.2100003063679 -32.7586196362972
         vertex 29.3103456497192 12.2100003063679 -32.7586196362972
         vertex 29.3103456497192 12.2100003063679 -29.3103456497192
      endloop
   endfacet
   facet normal 0 1 0
      outer loop
         vertex 32.7586196362972 12.2100003063679 -32.7586196362972
         vertex 29.3103456497192 12.2100003063679 -29.3103456497192
         vertex 32.7586196362972 12.2100003063679 -29.3103456497192
      endloop
   endfacet
   facet normal 0 1 0
      outer loop
         vertex 32.7586196362972 12.2100003063679 -29.3103456497192
         vertex 29.3103456497192 12.2100003063679 -29.3103456497192
         vertex 29.3103456497192 12.2100003063679 -25.8620698004961
      endloop
   endfacet
   facet normal 0 1 0
      outer loop
         vertex 32.7586196362972 12.2100003063679 -29.3103456497192
         vertex 29.3103456497192 12.2100003063679 -25.8620698004961
         vertex 32.7586196362972 12.2100003063679 -25.8620698004961
      endloop
   endfacet
   facet normal 0 1 0
      outer loop
         vertex 32.7586196362972 12.2100003063679 -25.8620698004961
         vertex 29.3103456497192 12.2100003063679 -25.8620698004961
         vertex 29.3103456497192 12.2100003063679 -22.413793951273
      endloop
   endfacet
   facet normal 0 1 0
      outer loop
         vertex 32.7586196362972 12.2100003063679 -25.8620698004961
         vertex 29.3103456497192 12.2100003063679 -22.413793951273
         vertex 32.7586196362972 12.2100003063679 -22.413793951273
      endloop
   endfacet
   facet normal 0 1 0
      outer loop
         vertex 32.7586196362972 12.2100003063679 -22.413793951273
         vertex 29.3103456497192 12.2100003063679 -22.413793951273
         vertex 29.3103456497192 12.2100003063679 -18.9655181020498
      endloop
   endfacet
   facet normal 0 1 0
      outer loop
         vertex 32.7586196362972 12.2100003063679 -22.413793951273
         vertex 29.3103456497192 12.2100003063679 -18.9655181020498
         vertex 32.7586196362972 12.2100003063679 -18.9655181020498
      endloop
   endfacet
   facet normal 0 1 0
      outer loop
         vertex 32.7586196362972 12.2100003063679 -18.9655181020498
         vertex 29.3103456497192 12.2100003063679 -18.9655181020498
         vertex 29.3103456497192 12.2100003063679 -15.5172413215041
      endloop
   endfacet
   facet normal 0 1 0
      outer loop
         vertex 32.7586196362972 12.2100003063679 -18.9655181020498
         vertex 29.3103456497192 12.2100003063679 -15.5172413215041
         vertex 32.7586196362972 12.2100003063679 -15.5172413215041
      endloop
   endfacet
   facet normal 0 1 0
      outer loop
         vertex 32.7586196362972 12.2100003063679 -15.5172413215041
         vertex 29.3103456497192 12.2100003063679 -15.5172413215041
         vertex 29.3103456497192 12.2100003063679 -12.068965472281
      endloop
   endfacet
   facet normal 0 1 0
      outer loop
         vertex 32.7586196362972 12.2100003063679 -15.5172413215041
         vertex 29.3103456497192 12.2100003063679 -12.068965472281
         vertex 32.7586196362972 12.2100003063679 -12.068965472281
      endloop
   endfacet
   facet normal 0 1 0
      outer loop
         vertex 32.7586196362972 12.2100003063679 -12.068965472281
         vertex 29.3103456497192 12.2100003063679 -12.068965472281
         vertex 29.3103456497192 12.2100003063679 -8.62068962305784
      endloop
   endfacet
   facet normal 0 1 0
      outer loop
         vertex 32.7586196362972 12.2100003063679 -12.068965472281
         vertex 29.3103456497192 12.2100003063679 -8.62068962305784
         vertex 32.7586196362972 12.2100003063679 -8.62068962305784
      endloop
   endfacet
   facet normal 0 1 0
      outer loop
         vertex 32.7586196362972 12.2100003063679 -8.62068962305784
         vertex 29.3103456497192 12.2100003063679 -8.62068962305784
         vertex 29.3103456497192 12.2100003063679 -5.17241377383471
      endloop
   endfacet
   facet normal 0 1 0
      outer loop
         vertex 32.7586196362972 12.2100003063679 -8.62068962305784
         vertex 29.3103456497192 12.2100003063679 -5.17241377383471
         vertex 32.7586196362972 12.2100003063679 -5.17241377383471
      endloop
   endfacet
   facet normal 0 1 0
      outer loop
         vertex 32.7586196362972 12.2100003063679 -5.17241377383471
         vertex 29.3103456497192 12.2100003063679 -5.17241377383471
         vertex 29.3103456497192 12.2100003063679 -1.72413792461157
      endloop
   endfacet
   facet normal 0 1 0
      outer loop
         vertex 32.7586196362972 12.2100003063679 -5.17241377383471
         vertex 29.3103456497192 12.2100003063679 -1.72413792461157
         vertex 32.7586196362972 12.2100003063679 -1.72413792461157
      endloop
   endfacet
   facet normal 0 1 0
      outer loop
         vertex 32.7586196362972 12.2100003063679 -1.72413792461157
         vertex 29.3103456497192 12.2100003063679 -1.72413792461157
         vertex 29.3103456497192 12.2100003063679 1.72413792461157
      endloop
   endfacet
   facet normal 0 1 0
      outer loop
         vertex 32.7586196362972 12.2100003063679 -1.72413792461157
         vertex 29.3103456497192 12.2100003063679 1.72413792461157
         vertex 32.7586196362972 12.2100003063679 1.72413792461157
      endloop
   endfacet
   facet normal 0 1 0
      outer loop
         vertex 32.7586196362972 12.2100003063679 1.72413792461157
         vertex 29.3103456497192 12.2100003063679 1.72413792461157
         vertex 29.3103456497192 12.2100003063679 5.17241377383471
      endloop
   endfacet
   facet normal 0 1 0
      outer loop
         vertex 32.7586196362972 12.2100003063679 1.72413792461157
         vertex 29.3103456497192 12.2100003063679 5.17241377383471
         vertex 32.7586196362972 12.2100003063679 5.17241377383471
      endloop
   endfacet
   facet normal 0 1 0
      outer loop
         vertex 32.7586196362972 12.2100003063679 5.17241377383471
         vertex 29.3103456497192 12.2100003063679 5.17241377383471
         vertex 29.3103456497192 12.2100003063679 8.62068962305784
      endloop
   endfacet
   facet normal 0 1 0
      outer loop
         vertex 32.7586196362972 12.2100003063679 5.17241377383471
         vertex 29.3103456497192 12.2100003063679 8.62068962305784
         vertex 32.7586196362972 12.2100003063679 8.62068962305784
      endloop
   endfacet
   facet normal 0 1 0
      outer loop
         vertex 32.7586196362972 12.2100003063679 8.62068962305784
         vertex 29.3103456497192 12.2100003063679 8.62068962305784
         vertex 29.3103456497192 12.2100003063679 12.068965472281
      endloop
   endfacet
   facet normal 0 1 0
      outer loop
         vertex 32.7586196362972 12.2100003063679 8.62068962305784
         vertex 29.3103456497192 12.2100003063679 12.068965472281
         vertex 32.7586196362972 12.2100003063679 12.068965472281
      endloop
   endfacet
   facet normal 0 1 0
      outer loop
         vertex 32.7586196362972 12.2100003063679 12.068965472281
         vertex 29.3103456497192 12.2100003063679 12.068965472281
         vertex 29.3103456497192 12.2100003063679 15.5172413215041
      endloop
   endfacet
   facet normal 0 1 0
      outer loop
         vertex 32.7586196362972 12.2100003063679 12.068965472281
         vertex 29.3103456497192 12.2100003063679 15.5172413215041
         vertex 32.7586196362972 12.2100003063679 15.5172413215041
      endloop
   endfacet
   facet normal 0 1 0
      outer loop
         vertex 32.7586196362972 12.2100003063679 15.5172413215041
         vertex 29.3103456497192 12.2100003063679 15.5172413215041
         vertex 29.3103456497192 12.2100003063679 18.9655181020498
      endloop
   endfacet
   facet normal 0 1 0
      outer loop
         vertex 32.7586196362972 12.2100003063679 15.5172413215041
         vertex 29.3103456497192 12.2100003063679 18.9655181020498
         vertex 32.7586196362972 12.2100003063679 18.9655181020498
      endloop
   endfacet
   facet normal 0 1 0
      outer loop
         vertex 32.7586196362972 12.2100003063679 18.9655181020498
         vertex 29.3103456497192 12.2100003063679 18.9655181020498
         vertex 29.3103456497192 12.2100003063679 22.413793951273
      endloop
   endfacet
   facet normal 0 1 0
      outer loop
         vertex 32.7586196362972 12.2100003063679 18.9655181020498
         vertex 29.3103456497192 12.2100003063679 22.413793951273
         vertex 32.7586196362972 12.2100003063679 22.413793951273
      endloop
   endfacet
   facet normal 0 1 0
      outer loop
         vertex 32.7586196362972 12.2100003063679 22.413793951273
         vertex 29.3103456497192 12.2100003063679 22.413793951273
         vertex 29.3103456497192 12.2100003063679 25.8620698004961
      endloop
   endfacet
   facet normal 0 1 0
      outer loop
         vertex 32.7586196362972 12.2100003063679 22.413793951273
         vertex 29.3103456497192 12.2100003063679 25.8620698004961
         vertex 32.7586196362972 12.2100003063679 25.8620698004961
      endloop
   endfacet
   facet normal 0 1 0
      outer loop
         vertex 32.7586196362972 12.2100003063679 25.8620698004961
         vertex 29.3103456497192 12.2100003063679 25.8620698004961
         vertex 29.3103456497192 12.2100003063679 29.3103456497192
      endloop
   endfacet
   facet normal 0 1 0
      outer loop
         vertex 32.7586196362972 12.2100003063679 25.8620698004961
         vertex 29.3103456497192 12.2100003063679 29.3103456497192
         vertex 32.7586196362972 12.2100003063679 29.3103456497192
      endloop
   endfacet
   facet normal 0 1 0
      outer loop
         vertex -8.68240930140018 12.2100003063679 -49.2403879761696
         vertex -13.5420234873891 12.2100003063679 -48.1312125921249
         vertex -12.068965472281 12.2100003063679 -46.5517230331898
      endloop
   endfacet
   facet normal 0 1 0
      outer loop
         vertex -12.068965472281 12.2100003063679 -46.5517230331898
         vertex -13.5420234873891 12.2100003063679 -48.1312125921249
         vertex -15.5172413215041 12.2100003063679 -46.5517230331898
      endloop
   endfacet
   facet normal 0 1 0
      outer loop
         vertex -12.068965472281 12.2100003063679 -46.5517230331898
         vertex -15.5172413215041 12.2100003063679 -46.5517230331898
         vertex -15.5172413215041 12.2100003063679 -43.1034490466118
      endloop
   endfacet
   facet normal 0 1 0
      outer loop
         vertex -15.5172413215041 12.2100003063679 -43.1034490466118
         vertex -15.5172413215041 12.2100003063679 -46.5517230331898
         vertex -18.2670503854752 12.2100003063679 -46.543687582016
      endloop
   endfacet
   facet normal 0 1 0
      outer loop
         vertex -15.5172413215041 12.2100003063679 -43.1034490466118
         vertex -18.2670503854752 12.2100003063679 -46.543687582016
         vertex -18.9655181020498 12.2100003063679 -43.1034490466118
      endloop
   endfacet
   facet normal 0 1 0
      outer loop
         vertex -18.9655181020498 12.2100003063679 -43.1034490466118
         vertex -18.2670503854752 12.2100003063679 -46.543687582016
         vertex -22.8105336427689 12.2100003063679 -44.4935895502567
      endloop
   endfacet
   facet normal 0 1 0
      outer loop
         vertex -18.9655181020498 12.2100003063679 -43.1034490466118
         vertex -22.8105336427689 12.2100003063679 -44.4935895502567
         vertex -22.413793951273 12.2100003063679 -43.1034490466118
      endloop
   endfacet
   facet normal 0 1 0
      outer loop
         vertex -22.413793951273 12.2100003063679 -43.1034490466118
         vertex -22.8105336427689 12.2100003063679 -44.4935895502567
         vertex -27.1273124963045 12.2100003063679 -42.0012958347797
      endloop
   endfacet
   facet normal 0 1 0
      outer loop
         vertex -22.413793951273 12.2100003063679 -43.1034490466118
         vertex -27.1273124963045 12.2100003063679 -42.0012958347797
         vertex -25.8620698004961 12.2100003063679 -39.6551713347435
      endloop
   endfacet
   facet normal 0 1 0
      outer loop
         vertex -25.8620698004961 12.2100003063679 -39.6551713347435
         vertex -27.1273124963045 12.2100003063679 -42.0012958347797
         vertex -29.3103456497192 12.2100003063679 -39.6551713347435
      endloop
   endfacet
   facet normal 0 1 0
      outer loop
         vertex -25.8620698004961 12.2100003063679 -39.6551713347435
         vertex -29.3103456497192 12.2100003063679 -39.6551713347435
         vertex -29.3103456497192 12.2100003063679 -36.2068973481655
      endloop
   endfacet
   facet normal 0 1 0
      outer loop
         vertex -29.3103456497192 12.2100003063679 -36.2068973481655
         vertex -29.3103456497192 12.2100003063679 -39.6551713347435
         vertex -31.1744902282953 12.2100003063679 -39.0915758907795
      endloop
   endfacet
   facet normal 0 1 0
      outer loop
         vertex -29.3103456497192 12.2100003063679 -36.2068973481655
         vertex -31.1744902282953 12.2100003063679 -39.0915758907795
         vertex -32.7586196362972 12.2100003063679 -36.2068973481655
      endloop
   endfacet
   facet normal 0 1 0
      outer loop
         vertex -32.7586196362972 12.2100003063679 -36.2068973481655
         vertex -31.1744902282953 12.2100003063679 -39.0915758907795
         vertex -34.9118411540985 12.2100003063679 -35.7933416962624
      endloop
   endfacet
   facet normal 0 1 0
      outer loop
         vertex -32.7586196362972 12.2100003063679 -36.2068973481655
         vertex -34.9118411540985 12.2100003063679 -35.7933416962624
         vertex -32.7586196362972 12.2100003063679 -32.7586196362972
      endloop
   endfacet
   facet normal 0 1 0
      outer loop
         vertex -32.7586196362972 12.2100003063679 -32.7586196362972
         vertex -34.9118411540985 12.2100003063679 -35.7933416962624
         vertex -36.2068973481655 12.2100003063679 -32.7586196362972
      endloop
   endfacet
   facet normal 0 1 0
      outer loop
         vertex -32.7586196362972 12.2100003063679 -32.7586196362972
         vertex -36.2068973481655 12.2100003063679 -32.7586196362972
         vertex -36.2068973481655 12.2100003063679 -29.3103456497192
      endloop
   endfacet
   facet normal 0 1 0
      outer loop
         vertex -36.2068973481655 12.2100003063679 -29.3103456497192
         vertex -36.2068973481655 12.2100003063679 -32.7586196362972
         vertex -38.3022204041481 12.2100003063679 -32.1393795311451
      endloop
   endfacet
   facet normal 0 1 0
      outer loop
         vertex -36.2068973481655 12.2100003063679 -29.3103456497192
         vertex -38.3022204041481 12.2100003063679 -32.1393795311451
         vertex -39.6551713347435 12.2100003063679 -29.3103456497192
      endloop
   endfacet
   facet normal 0 1 0
      outer loop
         vertex -39.6551713347435 12.2100003063679 -29.3103456497192
         vertex -38.3022204041481 12.2100003063679 -32.1393795311451
         vertex -41.31193831563 12.2100003063679 -28.1660035252571
      endloop
   endfacet
   facet normal 0 1 0
      outer loop
         vertex -39.6551713347435 12.2100003063679 -29.3103456497192
         vertex -41.31193831563 12.2100003063679 -28.1660035252571
         vertex -39.6551713347435 12.2100003063679 -25.8620698004961
      endloop
   endfacet
   facet normal 0 1 0
      outer loop
         vertex -39.6551713347435 12.2100003063679 -25.8620698004961
         vertex -41.31193831563 12.2100003063679 -28.1660035252571
         vertex -43.9110770821571 12.2100003063679 -23.9126980304718
      endloop
   endfacet
   facet normal 0 1 0
      outer loop
         vertex -39.6551713347435 12.2100003063679 -25.8620698004961
         vertex -43.9110770821571 12.2100003063679 -23.9126980304718
         vertex -43.1034490466118 12.2100003063679 -22.413793951273
      endloop
   endfacet
   facet normal 0 1 0
      outer loop
         vertex -43.1034490466118 12.2100003063679 -22.413793951273
         vertex -43.9110770821571 12.2100003063679 -23.9126980304718
         vertex -46.0738092660904 12.2100003063679 -19.4217395037413
      endloop
   endfacet
   facet normal 0 1 0
      outer loop
         vertex -43.1034490466118 12.2100003063679 -22.413793951273
         vertex -46.0738092660904 12.2100003063679 -19.4217395037413
         vertex -43.1034490466118 12.2100003063679 -18.9655181020498
      endloop
   endfacet
   facet normal 0 1 0
      outer loop
         vertex -43.1034490466118 12.2100003063679 -18.9655181020498
         vertex -46.0738092660904 12.2100003063679 -19.4217395037413
         vertex -46.5517230331898 12.2100003063679 -15.5172413215041
      endloop
   endfacet
   facet normal 0 1 0
      outer loop
         vertex -43.1034490466118 12.2100003063679 -18.9655181020498
         vertex -46.5517230331898 12.2100003063679 -15.5172413215041
         vertex -43.1034490466118 12.2100003063679 -15.5172413215041
      endloop
   endfacet
   facet normal 0 1 0
      outer loop
         vertex -43.1034490466118 12.2100003063679 -15.5172413215041
         vertex -46.5517230331898 12.2100003063679 -15.5172413215041
         vertex -46.5517230331898 12.2100003063679 -12.068965472281
      endloop
   endfacet
   facet normal 0 1 0
      outer loop
         vertex -43.1034490466118 12.2100003063679 -15.5172413215041
         vertex -46.5517230331898 12.2100003063679 -12.068965472281
         vertex -43.1034490466118 12.2100003063679 -12.068965472281
      endloop
   endfacet
   facet normal 0 1 0
      outer loop
         vertex -43.1034490466118 12.2100003063679 -12.068965472281
         vertex -46.5517230331898 12.2100003063679 -12.068965472281
         vertex -46.5517230331898 12.2100003063679 -8.62068962305784
      endloop
   endfacet
   facet normal 0 1 0
      outer loop
         vertex -43.1034490466118 12.2100003063679 -12.068965472281
         vertex -46.5517230331898 12.2100003063679 -8.62068962305784
         vertex -43.1034490466118 12.2100003063679 -8.62068962305784
      endloop
   endfacet
   facet normal 0 1 0
      outer loop
         vertex -43.1034490466118 12.2100003063679 -8.62068962305784
         vertex -46.5517230331898 12.2100003063679 -8.62068962305784
         vertex -46.5517230331898 12.2100003063679 -5.17241377383471
      endloop
   endfacet
   facet normal 0 1 0
      outer loop
         vertex -43.1034490466118 12.2100003063679 -8.62068962305784
         vertex -46.5517230331898 12.2100003063679 -5.17241377383471
         vertex -43.1034490466118 12.2100003063679 -5.17241377383471
      endloop
   endfacet
   facet normal 0 1 0
      outer loop
         vertex -43.1034490466118 12.2100003063679 -5.17241377383471
         vertex -46.5517230331898 12.2100003063679 -5.17241377383471
         vertex -46.5517230331898 12.2100003063679 -1.72413792461157
      endloop
   endfacet
   facet normal 0 1 0
      outer loop
         vertex -43.1034490466118 12.2100003063679 -5.17241377383471
         vertex -46.5517230331898 12.2100003063679 -1.72413792461157
         vertex -43.1034490466118 12.2100003063679 -1.72413792461157
      endloop
   endfacet
   facet normal 0 1 0
      outer loop
         vertex -43.1034490466118 12.2100003063679 -1.72413792461157
         vertex -46.5517230331898 12.2100003063679 -1.72413792461157
         vertex -46.5517230331898 12.2100003063679 1.72413792461157
      endloop
   endfacet
   facet normal 0 1 0
      outer loop
         vertex -43.1034490466118 12.2100003063679 -1.72413792461157
         vertex -46.5517230331898 12.2100003063679 1.72413792461157
         vertex -43.1034490466118 12.2100003063679 1.72413792461157
      endloop
   endfacet
   facet normal 0 1 0
      outer loop
         vertex -43.1034490466118 12.2100003063679 1.72413792461157
         vertex -46.5517230331898 12.2100003063679 1.72413792461157
         vertex -46.5517230331898 12.2100003063679 5.17241377383471
      endloop
   endfacet
   facet normal 0 1 0
      outer loop
         vertex -43.1034490466118 12.2100003063679 1.72413792461157
         vertex -46.5517230331898 12.2100003063679 5.17241377383471
         vertex -43.1034490466118 12.2100003063679 5.17241377383471
      endloop
   endfacet
   facet normal 0 1 0
      outer loop
         vertex -43.1034490466118 12.2100003063679 5.17241377383471
         vertex -46.5517230331898 12.2100003063679 5.17241377383471
         vertex -46.5517230331898 12.2100003063679 8.62068962305784
      endloop
   endfacet
   facet normal 0 1 0
      outer loop
         vertex -43.1034490466118 12.2100003063679 5.17241377383471
         vertex -46.5517230331898 12.2100003063679 8.62068962305784
         vertex -43.1034490466118 12.2100003063679 8.62068962305784
      endloop
   endfacet
   facet normal 0 1 0
      outer loop
         vertex -43.1034490466118 12.2100003063679 8.62068962305784
         vertex -46.5517230331898 12.2100003063679 8.62068962305784
         vertex -46.5517230331898 12.2100003063679 12.068965472281
      endloop
   endfacet
   facet normal 0 1 0
      outer loop
         vertex -43.1034490466118 12.2100003063679 8.62068962305784
         vertex -46.5517230331898 12.2100003063679 12.068965472281
         vertex -43.1034490466118 12.2100003063679 12.068965472281
      endloop
   endfacet
   facet normal 0 1 0
      outer loop
         vertex -43.1034490466118 12.2100003063679 12.068965472281
         vertex -46.5517230331898 12.2100003063679 12.068965472281
         vertex -46.5517230331898 12.2100003063679 15.5172413215041
      endloop
   endfacet
   facet normal 0 1 0
      outer loop
         vertex -18.2670503854752 12.2100003063679 46.543687582016
         vertex -18.9655181020498 12.2100003063679 43.1034490466118
         vertex -22.8105336427689 12.2100003063679 44.4935895502567
      endloop
   endfacet
   facet normal 0 1 0
      outer loop
         vertex -22.8105336427689 12.2100003063679 44.4935895502567
         vertex -18.9655181020498 12.2100003063679 43.1034490466118
         vertex -22.413793951273 12.2100003063679 43.1034490466118
      endloop
   endfacet
   facet normal 0 1 0
      outer loop
         vertex -22.8105336427689 12.2100003063679 44.4935895502567
         vertex -22.413793951273 12.2100003063679 43.1034490466118
         vertex -27.1273124963045 12.2100003063679 42.0012958347797
      endloop
   endfacet
   facet normal 0 1 0
      outer loop
         vertex -27.1273124963045 12.2100003063679 42.0012958347797
         vertex -22.413793951273 12.2100003063679 43.1034490466118
         vertex -25.8620698004961 12.2100003063679 39.6551713347435
      endloop
   endfacet
   facet normal 0 1 0
      outer loop
         vertex 1.72413792461157 12.2100003063679 -32.7586196362972
         vertex 5.17241377383471 12.2100003063679 -36.2068973481655
         vertex 1.72413792461157 12.2100003063679 -36.2068973481655
      endloop
   endfacet
   facet normal 0 1 0
      outer loop
         vertex 1.72413792461157 12.2100003063679 -36.2068973481655
         vertex 5.17241377383471 12.2100003063679 -36.2068973481655
         vertex 5.17241377383471 12.2100003063679 -39.6551713347435
      endloop
   endfacet
   facet normal 0 1 0
      outer loop
         vertex 1.72413792461157 12.2100003063679 -36.2068973481655
         vertex 5.17241377383471 12.2100003063679 -39.6551713347435
         vertex 1.72413792461157 12.2100003063679 -39.6551713347435
      endloop
   endfacet
   facet normal 0 1 0
      outer loop
         vertex 1.72413792461157 12.2100003063679 -39.6551713347435
         vertex 5.17241377383471 12.2100003063679 -39.6551713347435
         vertex 5.17241377383471 12.2100003063679 -43.1034490466118
      endloop
   endfacet
   facet normal 0 1 0
      outer loop
         vertex 1.72413792461157 12.2100003063679 -39.6551713347435
         vertex 5.17241377383471 12.2100003063679 -43.1034490466118
         vertex 1.72413792461157 12.2100003063679 -43.1034490466118
      endloop
   endfacet
   facet normal 0 1 0
      outer loop
         vertex 1.72413792461157 12.2100003063679 -43.1034490466118
         vertex 5.17241377383471 12.2100003063679 -43.1034490466118
         vertex 5.17241377383471 12.2100003063679 -46.5517230331898
      endloop
   endfacet
   facet normal 0 1 0
      outer loop
         vertex 1.72413792461157 12.2100003063679 -43.1034490466118
         vertex 5.17241377383471 12.2100003063679 -46.5517230331898
         vertex 1.72413792461157 12.2100003063679 -46.5517230331898
      endloop
   endfacet
   facet normal 0 1 0
      outer loop
         vertex 1.72413792461157 12.2100003063679 -46.5517230331898
         vertex 5.17241377383471 12.2100003063679 -46.5517230331898
         vertex 1.2465346371755 12.2100003063679 -49.9844588339329
      endloop
   endfacet
   facet normal 0 1 0
      outer loop
         vertex 1.72413792461157 12.2100003063679 -46.5517230331898
         vertex 1.2465346371755 12.2100003063679 -49.9844588339329
         vertex -1.72413792461157 12.2100003063679 -46.5517230331898
      endloop
   endfacet
   facet normal 0 1 0
      outer loop
         vertex -1.72413792461157 12.2100003063679 -46.5517230331898
         vertex 1.2465346371755 12.2100003063679 -49.9844588339329
         vertex -3.7365045864135 12.2100003063679 -49.8601906001568
      endloop
   endfacet
   facet normal 0 1 0
      outer loop
         vertex -1.72413792461157 12.2100003063679 -46.5517230331898
         vertex -3.7365045864135 12.2100003063679 -49.8601906001568
         vertex -5.17241377383471 12.2100003063679 -46.5517230331898
      endloop
   endfacet
   facet normal 0 1 0
      outer loop
         vertex -5.17241377383471 12.2100003063679 -46.5517230331898
         vertex -3.7365045864135 12.2100003063679 -49.8601906001568
         vertex -8.68240930140018 12.2100003063679 -49.2403879761696
      endloop
   endfacet
   facet normal 0 1 0
      outer loop
         vertex -5.17241377383471 12.2100003063679 -46.5517230331898
         vertex -8.68240930140018 12.2100003063679 -49.2403879761696
         vertex -8.62068962305784 12.2100003063679 -46.5517230331898
      endloop
   endfacet
   facet normal 0 1 0
      outer loop
         vertex -8.62068962305784 12.2100003063679 -46.5517230331898
         vertex -8.68240930140018 12.2100003063679 -49.2403879761696
         vertex -12.068965472281 12.2100003063679 -46.5517230331898
      endloop
   endfacet
   facet normal 0 1 0
      outer loop
         vertex -8.62068962305784 12.2100003063679 -46.5517230331898
         vertex -12.068965472281 12.2100003063679 -46.5517230331898
         vertex -12.068965472281 12.2100003063679 -43.1034490466118
      endloop
   endfacet
   facet normal 0 1 0
      outer loop
         vertex -12.068965472281 12.2100003063679 -43.1034490466118
         vertex -12.068965472281 12.2100003063679 -46.5517230331898
         vertex -15.5172413215041 12.2100003063679 -43.1034490466118
      endloop
   endfacet
   facet normal 0 1 0
      outer loop
         vertex -12.068965472281 12.2100003063679 -43.1034490466118
         vertex -15.5172413215041 12.2100003063679 -43.1034490466118
         vertex -15.5172413215041 12.2100003063679 -39.6551713347435
      endloop
   endfacet
   facet normal 0 1 0
      outer loop
         vertex -15.5172413215041 12.2100003063679 -39.6551713347435
         vertex -15.5172413215041 12.2100003063679 -43.1034490466118
         vertex -18.9655181020498 12.2100003063679 -39.6551713347435
      endloop
   endfacet
   facet normal 0 1 0
      outer loop
         vertex -15.5172413215041 12.2100003063679 -39.6551713347435
         vertex -18.9655181020498 12.2100003063679 -39.6551713347435
         vertex -18.9655181020498 12.2100003063679 -36.2068973481655
      endloop
   endfacet
   facet normal 0 1 0
      outer loop
         vertex -18.9655181020498 12.2100003063679 -36.2068973481655
         vertex -18.9655181020498 12.2100003063679 -39.6551713347435
         vertex -22.413793951273 12.2100003063679 -36.2068973481655
      endloop
   endfacet
   facet normal 0 1 0
      outer loop
         vertex -18.9655181020498 12.2100003063679 -36.2068973481655
         vertex -22.413793951273 12.2100003063679 -36.2068973481655
         vertex -22.413793951273 12.2100003063679 -32.7586196362972
      endloop
   endfacet
   facet normal 0 1 0
      outer loop
         vertex -22.413793951273 12.2100003063679 -32.7586196362972
         vertex -22.413793951273 12.2100003063679 -36.2068973481655
         vertex -25.8620698004961 12.2100003063679 -32.7586196362972
      endloop
   endfacet
   facet normal 0 1 0
      outer loop
         vertex -22.413793951273 12.2100003063679 -32.7586196362972
         vertex -25.8620698004961 12.2100003063679 -32.7586196362972
         vertex -25.8620698004961 12.2100003063679 -29.3103456497192
      endloop
   endfacet
   facet normal 0 1 0
      outer loop
         vertex -25.8620698004961 12.2100003063679 -29.3103456497192
         vertex -25.8620698004961 12.2100003063679 -32.7586196362972
         vertex -29.3103456497192 12.2100003063679 -29.3103456497192
      endloop
   endfacet
   facet normal 0 1 0
      outer loop
         vertex -25.8620698004961 12.2100003063679 -29.3103456497192
         vertex -29.3103456497192 12.2100003063679 -29.3103456497192
         vertex -29.3103456497192 12.2100003063679 -25.8620698004961
      endloop
   endfacet
   facet normal 0 1 0
      outer loop
         vertex -29.3103456497192 12.2100003063679 -25.8620698004961
         vertex -29.3103456497192 12.2100003063679 -29.3103456497192
         vertex -32.7586196362972 12.2100003063679 -25.8620698004961
      endloop
   endfacet
   facet normal 0 1 0
      outer loop
         vertex -29.3103456497192 12.2100003063679 -25.8620698004961
         vertex -32.7586196362972 12.2100003063679 -25.8620698004961
         vertex -32.7586196362972 12.2100003063679 -22.413793951273
      endloop
   endfacet
   facet normal 0 1 0
      outer loop
         vertex -32.7586196362972 12.2100003063679 -22.413793951273
         vertex -32.7586196362972 12.2100003063679 -25.8620698004961
         vertex -36.2068973481655 12.2100003063679 -22.413793951273
      endloop
   endfacet
   facet normal 0 1 0
      outer loop
         vertex -32.7586196362972 12.2100003063679 -22.413793951273
         vertex -36.2068973481655 12.2100003063679 -22.413793951273
         vertex -36.2068973481655 12.2100003063679 -18.9655181020498
      endloop
   endfacet
   facet normal 0 1 0
      outer loop
         vertex -36.2068973481655 12.2100003063679 -18.9655181020498
         vertex -36.2068973481655 12.2100003063679 -22.413793951273
         vertex -39.6551713347435 12.2100003063679 -18.9655181020498
      endloop
   endfacet
   facet normal 0 1 0
      outer loop
         vertex -36.2068973481655 12.2100003063679 -18.9655181020498
         vertex -39.6551713347435 12.2100003063679 -18.9655181020498
         vertex -39.6551713347435 12.2100003063679 -15.5172413215041
      endloop
   endfacet
   facet normal 0 1 0
      outer loop
         vertex -39.6551713347435 12.2100003063679 -15.5172413215041
         vertex -39.6551713347435 12.2100003063679 -18.9655181020498
         vertex -43.1034490466118 12.2100003063679 -15.5172413215041
      endloop
   endfacet
   facet normal 0 1 0
      outer loop
         vertex -39.6551713347435 12.2100003063679 -15.5172413215041
         vertex -43.1034490466118 12.2100003063679 -15.5172413215041
         vertex -43.1034490466118 12.2100003063679 -12.068965472281
      endloop
   endfacet
   facet normal 0 1 0
      outer loop
         vertex -8.68240930140018 12.2100003063679 49.2403879761696
         vertex -3.7365045864135 12.2100003063679 49.8601906001568
         vertex -5.17241377383471 12.2100003063679 46.5517230331898
      endloop
   endfacet
   facet normal 0 1 0
      outer loop
         vertex -5.17241377383471 12.2100003063679 46.5517230331898
         vertex -3.7365045864135 12.2100003063679 49.8601906001568
         vertex -1.72413792461157 12.2100003063679 46.5517230331898
      endloop
   endfacet
   facet normal 0 1 0
      outer loop
         vertex -5.17241377383471 12.2100003063679 46.5517230331898
         vertex -1.72413792461157 12.2100003063679 46.5517230331898
         vertex -1.72413792461157 12.2100003063679 43.1034490466118
      endloop
   endfacet
   facet normal 0 1 0
      outer loop
         vertex -1.72413792461157 12.2100003063679 43.1034490466118
         vertex -1.72413792461157 12.2100003063679 46.5517230331898
         vertex 1.72413792461157 12.2100003063679 43.1034490466118
      endloop
   endfacet
   facet normal 0 1 0
      outer loop
         vertex -1.72413792461157 12.2100003063679 43.1034490466118
         vertex 1.72413792461157 12.2100003063679 43.1034490466118
         vertex 1.72413792461157 12.2100003063679 39.6551713347435
      endloop
   endfacet
   facet normal 0 1 0
      outer loop
         vertex 1.72413792461157 12.2100003063679 39.6551713347435
         vertex 1.72413792461157 12.2100003063679 43.1034490466118
         vertex 5.17241377383471 12.2100003063679 39.6551713347435
      endloop
   endfacet
   facet normal 0 1 0
      outer loop
         vertex -3.7365045864135 12.2100003063679 49.8601906001568
         vertex 1.2465346371755 12.2100003063679 49.9844588339329
         vertex -1.72413792461157 12.2100003063679 46.5517230331898
      endloop
   endfacet
   facet normal 0 1 0
      outer loop
         vertex -1.72413792461157 12.2100003063679 46.5517230331898
         vertex 1.2465346371755 12.2100003063679 49.9844588339329
         vertex 1.72413792461157 12.2100003063679 46.5517230331898
      endloop
   endfacet
   facet normal 0 1 0
      outer loop
         vertex -1.72413792461157 12.2100003063679 46.5517230331898
         vertex 1.72413792461157 12.2100003063679 46.5517230331898
         vertex 1.72413792461157 12.2100003063679 43.1034490466118
      endloop
   endfacet
   facet normal 0 1 0
      outer loop
         vertex 1.72413792461157 12.2100003063679 43.1034490466118
         vertex 1.72413792461157 12.2100003063679 46.5517230331898
         vertex 5.17241377383471 12.2100003063679 43.1034490466118
      endloop
   endfacet
   facet normal 0 1 0
      outer loop
         vertex 1.72413792461157 12.2100003063679 43.1034490466118
         vertex 5.17241377383471 12.2100003063679 43.1034490466118
         vertex 5.17241377383471 12.2100003063679 39.6551713347435
      endloop
   endfacet
   facet normal 0 1 0
      outer loop
         vertex 5.17241377383471 12.2100003063679 39.6551713347435
         vertex 5.17241377383471 12.2100003063679 43.1034490466118
         vertex 8.62068962305784 12.2100003063679 39.6551713347435
      endloop
   endfacet
   facet normal 0 1 0
      outer loop
         vertex 1.2465346371755 12.2100003063679 49.9844588339329
         vertex 6.21718540787697 12.2100003063679 49.6119596064091
         vertex 5.17241377383471 12.2100003063679 46.5517230331898
      endloop
   endfacet
   facet normal 0 1 0
      outer loop
         vertex 5.17241377383471 12.2100003063679 46.5517230331898
         vertex 6.21718540787697 12.2100003063679 49.6119596064091
         vertex 8.62068962305784 12.2100003063679 46.5517230331898
      endloop
   endfacet
   facet normal 0 1 0
      outer loop
         vertex 5.17241377383471 12.2100003063679 46.5517230331898
         vertex 8.62068962305784 12.2100003063679 46.5517230331898
         vertex 8.62068962305784 12.2100003063679 43.1034490466118
      endloop
   endfacet
   facet normal 0 1 0
      outer loop
         vertex 8.62068962305784 12.2100003063679 43.1034490466118
         vertex 8.62068962305784 12.2100003063679 46.5517230331898
         vertex 12.068965472281 12.2100003063679 43.1034490466118
      endloop
   endfacet
   facet normal 0 1 0
      outer loop
         vertex 8.62068962305784 12.2100003063679 43.1034490466118
         vertex 12.068965472281 12.2100003063679 43.1034490466118
         vertex 12.068965472281 12.2100003063679 39.6551713347435
      endloop
   endfacet
   facet normal 0 1 0
      outer loop
         vertex 12.068965472281 12.2100003063679 39.6551713347435
         vertex 12.068965472281 12.2100003063679 43.1034490466118
         vertex 15.5172413215041 12.2100003063679 39.6551713347435
      endloop
   endfacet
   facet normal 0 1 0
      outer loop
         vertex 11.126047000289 12.2100003063679 -48.746395856142
         vertex 6.21718540787697 12.2100003063679 -49.6119596064091
         vertex 8.62068962305784 12.2100003063679 -46.5517230331898
      endloop
   endfacet
   facet normal 0 1 0
      outer loop
         vertex 8.62068962305784 12.2100003063679 -46.5517230331898
         vertex 6.21718540787697 12.2100003063679 -49.6119596064091
         vertex 5.17241377383471 12.2100003063679 -46.5517230331898
      endloop
   endfacet
   facet normal 0 1 0
      outer loop
         vertex 8.62068962305784 12.2100003063679 -46.5517230331898
         vertex 5.17241377383471 12.2100003063679 -46.5517230331898
         vertex 5.17241377383471 12.2100003063679 -43.1034490466118
      endloop
   endfacet
   facet normal 0 1 0
      outer loop
         vertex 6.21718540787697 12.2100003063679 49.6119596064091
         vertex 11.126047000289 12.2100003063679 48.746395856142
         vertex 8.62068962305784 12.2100003063679 46.5517230331898
      endloop
   endfacet
   facet normal 0 1 0
      outer loop
         vertex 8.62068962305784 12.2100003063679 46.5517230331898
         vertex 11.126047000289 12.2100003063679 48.746395856142
         vertex 12.068965472281 12.2100003063679 46.5517230331898
      endloop
   endfacet
   facet normal 0 1 0
      outer loop
         vertex 8.62068962305784 12.2100003063679 46.5517230331898
         vertex 12.068965472281 12.2100003063679 46.5517230331898
         vertex 12.068965472281 12.2100003063679 43.1034490466118
      endloop
   endfacet
   facet normal 0 1 0
      outer loop
         vertex 12.068965472281 12.2100003063679 43.1034490466118
         vertex 12.068965472281 12.2100003063679 46.5517230331898
         vertex 15.5172413215041 12.2100003063679 43.1034490466118
      endloop
   endfacet
   facet normal 0 1 0
      outer loop
         vertex 12.068965472281 12.2100003063679 43.1034490466118
         vertex 15.5172413215041 12.2100003063679 43.1034490466118
         vertex 15.5172413215041 12.2100003063679 39.6551713347435
      endloop
   endfacet
   facet normal 0 1 0
      outer loop
         vertex 15.5172413215041 12.2100003063679 39.6551713347435
         vertex 15.5172413215041 12.2100003063679 43.1034490466118
         vertex 18.9655181020498 12.2100003063679 39.6551713347435
      endloop
   endfacet
   facet normal 0 1 0
      outer loop
         vertex 15.9243326634169 12.2100003063679 -47.3963655531406
         vertex 11.126047000289 12.2100003063679 -48.746395856142
         vertex 12.068965472281 12.2100003063679 -46.5517230331898
      endloop
   endfacet
   facet normal 0 1 0
      outer loop
         vertex 12.068965472281 12.2100003063679 -46.5517230331898
         vertex 11.126047000289 12.2100003063679 -48.746395856142
         vertex 8.62068962305784 12.2100003063679 -46.5517230331898
      endloop
   endfacet
   facet normal 0 1 0
      outer loop
         vertex 12.068965472281 12.2100003063679 -46.5517230331898
         vertex 8.62068962305784 12.2100003063679 -46.5517230331898
         vertex 8.62068962305784 12.2100003063679 -43.1034490466118
      endloop
   endfacet
   facet normal 0 1 0
      outer loop
         vertex 8.62068962305784 12.2100003063679 -43.1034490466118
         vertex 8.62068962305784 12.2100003063679 -46.5517230331898
         vertex 5.17241377383471 12.2100003063679 -43.1034490466118
      endloop
   endfacet
   facet normal 0 1 0
      outer loop
         vertex 8.62068962305784 12.2100003063679 -43.1034490466118
         vertex 5.17241377383471 12.2100003063679 -43.1034490466118
         vertex 5.17241377383471 12.2100003063679 -39.6551713347435
      endloop
   endfacet
   facet normal 0 1 0
      outer loop
         vertex 12.068965472281 12.2100003063679 46.5517230331898
         vertex 15.9243326634169 12.2100003063679 47.3963655531406
         vertex 15.5172413215041 12.2100003063679 46.5517230331898
      endloop
   endfacet
   facet normal 0 1 0
      outer loop
         vertex 15.5172413215041 12.2100003063679 46.5517230331898
         vertex 15.9243326634169 12.2100003063679 47.3963655531406
         vertex 20.5643549561501 12.2100003063679 45.5752909183502
      endloop
   endfacet
   facet normal 0 1 0
      outer loop
         vertex 15.5172413215041 12.2100003063679 46.5517230331898
         vertex 20.5643549561501 12.2100003063679 45.5752909183502
         vertex 18.9655181020498 12.2100003063679 43.1034490466118
      endloop
   endfacet
   facet normal 0 1 0
      outer loop
         vertex 18.9655181020498 12.2100003063679 43.1034490466118
         vertex 20.5643549561501 12.2100003063679 45.5752909183502
         vertex 22.413793951273 12.2100003063679 43.1034490466118
      endloop
   endfacet
   facet normal 0 1 0
      outer loop
         vertex 18.9655181020498 12.2100003063679 43.1034490466118
         vertex 22.413793951273 12.2100003063679 43.1034490466118
         vertex 22.413793951273 12.2100003063679 39.6551713347435
      endloop
   endfacet
   facet normal 0 1 0
      outer loop
         vertex 22.413793951273 12.2100003063679 39.6551713347435
         vertex 22.413793951273 12.2100003063679 43.1034490466118
         vertex 25.000000372529 12.2100003063679 43.3012694120407
      endloop
   endfacet
   facet normal 0 1 0
      outer loop
         vertex 22.413793951273 12.2100003063679 39.6551713347435
         vertex 25.000000372529 12.2100003063679 43.3012694120407
         vertex 25.8620698004961 12.2100003063679 39.6551713347435
      endloop
   endfacet
   facet normal 0 1 0
      outer loop
         vertex 25.8620698004961 12.2100003063679 39.6551713347435
         vertex 25.000000372529 12.2100003063679 43.3012694120407
         vertex 29.1871838271618 12.2100003063679 40.5968986451626
      endloop
   endfacet
   facet normal 0 1 0
      outer loop
         vertex 25.8620698004961 12.2100003063679 39.6551713347435
         vertex 29.1871838271618 12.2100003063679 40.5968986451626
         vertex 29.3103456497192 12.2100003063679 39.6551713347435
      endloop
   endfacet
   facet normal 0 1 0
      outer loop
         vertex 20.5643549561501 12.2100003063679 45.5752909183502
         vertex 25.000000372529 12.2100003063679 43.3012694120407
         vertex 22.413793951273 12.2100003063679 43.1034490466118
      endloop
   endfacet
   facet normal 0 1 0
      outer loop
         vertex -49.0086227655411 12.2100003063679 9.90730710327625
         vertex -47.7786399424076 12.2100003063679 14.7377587854862
         vertex -46.5517230331898 12.2100003063679 12.068965472281
      endloop
   endfacet
   facet normal 0 1 0
      outer loop
         vertex -46.5517230331898 12.2100003063679 12.068965472281
         vertex -47.7786399424076 12.2100003063679 14.7377587854862
         vertex -46.5517230331898 12.2100003063679 15.5172413215041
      endloop
   endfacet
   facet normal 0 1 0
      outer loop
         vertex -49.7515387833118 12.2100003063679 4.97839227318764
         vertex -49.0086227655411 12.2100003063679 9.90730710327625
         vertex -46.5517230331898 12.2100003063679 8.62068962305784
      endloop
   endfacet
   facet normal 0 1 0
      outer loop
         vertex -46.5517230331898 12.2100003063679 8.62068962305784
         vertex -49.0086227655411 12.2100003063679 9.90730710327625
         vertex -46.5517230331898 12.2100003063679 12.068965472281
      endloop
   endfacet
   facet normal 0 1 0
      outer loop
         vertex -46.5517230331898 12.2100003063679 8.62068962305784
         vertex -46.5517230331898 12.2100003063679 5.17241377383471
         vertex -49.7515387833118 12.2100003063679 4.97839227318764
      endloop
   endfacet
   facet normal 0 1 0
      outer loop
         vertex -49.7515387833118 12.2100003063679 4.97839227318764
         vertex -46.5517230331898 12.2100003063679 5.17241377383471
         vertex -46.5517230331898 12.2100003063679 1.72413792461157
      endloop
   endfacet
   facet normal 0 1 0
      outer loop
         vertex -49.7515387833118 12.2100003063679 4.97839227318764
         vertex -46.5517230331898 12.2100003063679 1.72413792461157
         vertex -50.0000007450581 12.2100003063679 0
      endloop
   endfacet
   facet normal 0 1 0
      outer loop
         vertex -50.0000007450581 12.2100003063679 0
         vertex -46.5517230331898 12.2100003063679 1.72413792461157
         vertex -46.5517230331898 12.2100003063679 -1.72413792461157
      endloop
   endfacet
   facet normal 0 1 0
      outer loop
         vertex -50.0000007450581 12.2100003063679 0
         vertex -46.5517230331898 12.2100003063679 -1.72413792461157
         vertex -49.7515387833118 12.2100003063679 -4.97839227318764
      endloop
   endfacet
   facet normal 0 1 0
      outer loop
         vertex -49.7515387833118 12.2100003063679 -4.97839227318764
         vertex -46.5517230331898 12.2100003063679 -1.72413792461157
         vertex -46.5517230331898 12.2100003063679 -5.17241377383471
      endloop
   endfacet
   facet normal 0 1 0
      outer loop
         vertex -49.7515387833118 12.2100003063679 -4.97839227318764
         vertex -46.5517230331898 12.2100003063679 -5.17241377383471
         vertex -46.5517230331898 12.2100003063679 -8.62068962305784
      endloop
   endfacet
   facet normal 0 1 0
      outer loop
         vertex -47.7786399424076 12.2100003063679 -14.7377587854862
         vertex -49.0086227655411 12.2100003063679 -9.90730710327625
         vertex -46.5517230331898 12.2100003063679 -12.068965472281
      endloop
   endfacet
   facet normal 0 1 0
      outer loop
         vertex -46.5517230331898 12.2100003063679 -12.068965472281
         vertex -49.0086227655411 12.2100003063679 -9.90730710327625
         vertex -46.5517230331898 12.2100003063679 -8.62068962305784
      endloop
   endfacet
   facet normal 0 1 0
      outer loop
         vertex -46.0738092660904 12.2100003063679 -19.4217395037413
         vertex -47.7786399424076 12.2100003063679 -14.7377587854862
         vertex -46.5517230331898 12.2100003063679 -15.5172413215041
      endloop
   endfacet
   facet normal 0 1 0
      outer loop
         vertex -46.5517230331898 12.2100003063679 -15.5172413215041
         vertex -47.7786399424076 12.2100003063679 -14.7377587854862
         vertex -46.5517230331898 12.2100003063679 -12.068965472281
      endloop
   endfacet
   facet normal 0 1 0
      outer loop
         vertex -49.0086227655411 12.2100003063679 -9.90730710327625
         vertex -49.7515387833118 12.2100003063679 -4.97839227318764
         vertex -46.5517230331898 12.2100003063679 -8.62068962305784
      endloop
   endfacet
   facet normal 0 1 0
      outer loop
         vertex -43.1034490466118 12.2100003063679 18.9655181020498
         vertex -43.1034490466118 12.2100003063679 22.413793951273
         vertex -39.6551713347435 12.2100003063679 18.9655181020498
      endloop
   endfacet
   facet normal 0 1 0
      outer loop
         vertex -39.6551713347435 12.2100003063679 18.9655181020498
         vertex -43.1034490466118 12.2100003063679 22.413793951273
         vertex -39.6551713347435 12.2100003063679 22.413793951273
      endloop
   endfacet
   facet normal 0 1 0
      outer loop
         vertex -39.6551713347435 12.2100003063679 18.9655181020498
         vertex -39.6551713347435 12.2100003063679 22.413793951273
         vertex -36.2068973481655 12.2100003063679 18.9655181020498
      endloop
   endfacet
   facet normal 0 1 0
      outer loop
         vertex -36.2068973481655 12.2100003063679 18.9655181020498
         vertex -39.6551713347435 12.2100003063679 22.413793951273
         vertex -36.2068973481655 12.2100003063679 22.413793951273
      endloop
   endfacet
   facet normal 0 1 0
      outer loop
         vertex -36.2068973481655 12.2100003063679 18.9655181020498
         vertex -36.2068973481655 12.2100003063679 22.413793951273
         vertex -32.7586196362972 12.2100003063679 18.9655181020498
      endloop
   endfacet
   facet normal 0 1 0
      outer loop
         vertex -32.7586196362972 12.2100003063679 18.9655181020498
         vertex -36.2068973481655 12.2100003063679 22.413793951273
         vertex -32.7586196362972 12.2100003063679 22.413793951273
      endloop
   endfacet
   facet normal 0 1 0
      outer loop
         vertex -32.7586196362972 12.2100003063679 18.9655181020498
         vertex -32.7586196362972 12.2100003063679 22.413793951273
         vertex -29.3103456497192 12.2100003063679 18.9655181020498
      endloop
   endfacet
   facet normal 0 1 0
      outer loop
         vertex -29.3103456497192 12.2100003063679 18.9655181020498
         vertex -32.7586196362972 12.2100003063679 22.413793951273
         vertex -29.3103456497192 12.2100003063679 22.413793951273
      endloop
   endfacet
   facet normal 0 1 0
      outer loop
         vertex -29.3103456497192 12.2100003063679 18.9655181020498
         vertex -29.3103456497192 12.2100003063679 22.413793951273
         vertex -25.8620698004961 12.2100003063679 18.9655181020498
      endloop
   endfacet
   facet normal 0 1 0
      outer loop
         vertex -25.8620698004961 12.2100003063679 18.9655181020498
         vertex -29.3103456497192 12.2100003063679 22.413793951273
         vertex -25.8620698004961 12.2100003063679 22.413793951273
      endloop
   endfacet
   facet normal 0 1 0
      outer loop
         vertex -25.8620698004961 12.2100003063679 18.9655181020498
         vertex -25.8620698004961 12.2100003063679 22.413793951273
         vertex -22.413793951273 12.2100003063679 18.9655181020498
      endloop
   endfacet
   facet normal 0 1 0
      outer loop
         vertex -22.413793951273 12.2100003063679 18.9655181020498
         vertex -25.8620698004961 12.2100003063679 22.413793951273
         vertex -22.413793951273 12.2100003063679 22.413793951273
      endloop
   endfacet
   facet normal 0 1 0
      outer loop
         vertex -22.413793951273 12.2100003063679 18.9655181020498
         vertex -22.413793951273 12.2100003063679 22.413793951273
         vertex -18.9655181020498 12.2100003063679 18.9655181020498
      endloop
   endfacet
   facet normal 0 1 0
      outer loop
         vertex -18.9655181020498 12.2100003063679 18.9655181020498
         vertex -22.413793951273 12.2100003063679 22.413793951273
         vertex -18.9655181020498 12.2100003063679 22.413793951273
      endloop
   endfacet
   facet normal 0 1 0
      outer loop
         vertex -18.9655181020498 12.2100003063679 18.9655181020498
         vertex -18.9655181020498 12.2100003063679 22.413793951273
         vertex -15.5172413215041 12.2100003063679 18.9655181020498
      endloop
   endfacet
   facet normal 0 1 0
      outer loop
         vertex -15.5172413215041 12.2100003063679 18.9655181020498
         vertex -18.9655181020498 12.2100003063679 22.413793951273
         vertex -15.5172413215041 12.2100003063679 22.413793951273
      endloop
   endfacet
   facet normal 0 1 0
      outer loop
         vertex -15.5172413215041 12.2100003063679 18.9655181020498
         vertex -15.5172413215041 12.2100003063679 22.413793951273
         vertex -12.068965472281 12.2100003063679 18.9655181020498
      endloop
   endfacet
   facet normal 0 1 0
      outer loop
         vertex -12.068965472281 12.2100003063679 18.9655181020498
         vertex -15.5172413215041 12.2100003063679 22.413793951273
         vertex -12.068965472281 12.2100003063679 22.413793951273
      endloop
   endfacet
   facet normal 0 1 0
      outer loop
         vertex -12.068965472281 12.2100003063679 18.9655181020498
         vertex -12.068965472281 12.2100003063679 22.413793951273
         vertex -8.62068962305784 12.2100003063679 18.9655181020498
      endloop
   endfacet
   facet normal 0 1 0
      outer loop
         vertex -8.62068962305784 12.2100003063679 18.9655181020498
         vertex -12.068965472281 12.2100003063679 22.413793951273
         vertex -8.62068962305784 12.2100003063679 22.413793951273
      endloop
   endfacet
   facet normal 0 1 0
      outer loop
         vertex -8.62068962305784 12.2100003063679 18.9655181020498
         vertex -8.62068962305784 12.2100003063679 22.413793951273
         vertex -5.17241377383471 12.2100003063679 18.9655181020498
      endloop
   endfacet
   facet normal 0 1 0
      outer loop
         vertex -5.17241377383471 12.2100003063679 18.9655181020498
         vertex -8.62068962305784 12.2100003063679 22.413793951273
         vertex -5.17241377383471 12.2100003063679 22.413793951273
      endloop
   endfacet
   facet normal 0 1 0
      outer loop
         vertex -5.17241377383471 12.2100003063679 18.9655181020498
         vertex -5.17241377383471 12.2100003063679 22.413793951273
         vertex -1.72413792461157 12.2100003063679 18.9655181020498
      endloop
   endfacet
   facet normal 0 1 0
      outer loop
         vertex -1.72413792461157 12.2100003063679 18.9655181020498
         vertex -5.17241377383471 12.2100003063679 22.413793951273
         vertex -1.72413792461157 12.2100003063679 22.413793951273
      endloop
   endfacet
   facet normal 0 1 0
      outer loop
         vertex -1.72413792461157 12.2100003063679 18.9655181020498
         vertex -1.72413792461157 12.2100003063679 22.413793951273
         vertex 1.72413792461157 12.2100003063679 18.9655181020498
      endloop
   endfacet
   facet normal 0 1 0
      outer loop
         vertex 1.72413792461157 12.2100003063679 18.9655181020498
         vertex -1.72413792461157 12.2100003063679 22.413793951273
         vertex 1.72413792461157 12.2100003063679 22.413793951273
      endloop
   endfacet
   facet normal 0 1 0
      outer loop
         vertex 1.72413792461157 12.2100003063679 18.9655181020498
         vertex 1.72413792461157 12.2100003063679 22.413793951273
         vertex 5.17241377383471 12.2100003063679 18.9655181020498
      endloop
   endfacet
   facet normal 0 1 0
      outer loop
         vertex 5.17241377383471 12.2100003063679 18.9655181020498
         vertex 1.72413792461157 12.2100003063679 22.413793951273
         vertex 5.17241377383471 12.2100003063679 22.413793951273
      endloop
   endfacet
   facet normal 0 1 0
      outer loop
         vertex 5.17241377383471 12.2100003063679 18.9655181020498
         vertex 5.17241377383471 12.2100003063679 22.413793951273
         vertex 8.62068962305784 12.2100003063679 18.9655181020498
      endloop
   endfacet
   facet normal 0 1 0
      outer loop
         vertex 8.62068962305784 12.2100003063679 18.9655181020498
         vertex 5.17241377383471 12.2100003063679 22.413793951273
         vertex 8.62068962305784 12.2100003063679 22.413793951273
      endloop
   endfacet
   facet normal 0 1 0
      outer loop
         vertex 8.62068962305784 12.2100003063679 18.9655181020498
         vertex 8.62068962305784 12.2100003063679 22.413793951273
         vertex 12.068965472281 12.2100003063679 18.9655181020498
      endloop
   endfacet
   facet normal 0 1 0
      outer loop
         vertex 12.068965472281 12.2100003063679 18.9655181020498
         vertex 8.62068962305784 12.2100003063679 22.413793951273
         vertex 12.068965472281 12.2100003063679 22.413793951273
      endloop
   endfacet
   facet normal 0 1 0
      outer loop
         vertex 12.068965472281 12.2100003063679 18.9655181020498
         vertex 12.068965472281 12.2100003063679 22.413793951273
         vertex 15.5172413215041 12.2100003063679 18.9655181020498
      endloop
   endfacet
   facet normal 0 1 0
      outer loop
         vertex 15.5172413215041 12.2100003063679 18.9655181020498
         vertex 12.068965472281 12.2100003063679 22.413793951273
         vertex 15.5172413215041 12.2100003063679 22.413793951273
      endloop
   endfacet
   facet normal 0 1 0
      outer loop
         vertex 15.5172413215041 12.2100003063679 18.9655181020498
         vertex 15.5172413215041 12.2100003063679 22.413793951273
         vertex 18.9655181020498 12.2100003063679 18.9655181020498
      endloop
   endfacet
   facet normal 0 1 0
      outer loop
         vertex 18.9655181020498 12.2100003063679 18.9655181020498
         vertex 15.5172413215041 12.2100003063679 22.413793951273
         vertex 18.9655181020498 12.2100003063679 22.413793951273
      endloop
   endfacet
   facet normal 0 1 0
      outer loop
         vertex 18.9655181020498 12.2100003063679 18.9655181020498
         vertex 18.9655181020498 12.2100003063679 22.413793951273
         vertex 22.413793951273 12.2100003063679 18.9655181020498
      endloop
   endfacet
   facet normal 0 1 0
      outer loop
         vertex 22.413793951273 12.2100003063679 18.9655181020498
         vertex 18.9655181020498 12.2100003063679 22.413793951273
         vertex 22.413793951273 12.2100003063679 22.413793951273
      endloop
   endfacet
   facet normal 0 1 0
      outer loop
         vertex -43.1034490466118 12.2100003063679 15.5172413215041
         vertex -43.1034490466118 12.2100003063679 18.9655181020498
         vertex -39.6551713347435 12.2100003063679 15.5172413215041
      endloop
   endfacet
   facet normal 0 1 0
      outer loop
         vertex -39.6551713347435 12.2100003063679 15.5172413215041
         vertex -43.1034490466118 12.2100003063679 18.9655181020498
         vertex -39.6551713347435 12.2100003063679 18.9655181020498
      endloop
   endfacet
   facet normal 0 1 0
      outer loop
         vertex -39.6551713347435 12.2100003063679 15.5172413215041
         vertex -39.6551713347435 12.2100003063679 18.9655181020498
         vertex -36.2068973481655 12.2100003063679 15.5172413215041
      endloop
   endfacet
   facet normal 0 1 0
      outer loop
         vertex -36.2068973481655 12.2100003063679 15.5172413215041
         vertex -39.6551713347435 12.2100003063679 18.9655181020498
         vertex -36.2068973481655 12.2100003063679 18.9655181020498
      endloop
   endfacet
   facet normal 0 1 0
      outer loop
         vertex -36.2068973481655 12.2100003063679 15.5172413215041
         vertex -36.2068973481655 12.2100003063679 18.9655181020498
         vertex -32.7586196362972 12.2100003063679 15.5172413215041
      endloop
   endfacet
   facet normal 0 1 0
      outer loop
         vertex -32.7586196362972 12.2100003063679 15.5172413215041
         vertex -36.2068973481655 12.2100003063679 18.9655181020498
         vertex -32.7586196362972 12.2100003063679 18.9655181020498
      endloop
   endfacet
   facet normal 0 1 0
      outer loop
         vertex -32.7586196362972 12.2100003063679 15.5172413215041
         vertex -32.7586196362972 12.2100003063679 18.9655181020498
         vertex -29.3103456497192 12.2100003063679 15.5172413215041
      endloop
   endfacet
   facet normal 0 1 0
      outer loop
         vertex -29.3103456497192 12.2100003063679 15.5172413215041
         vertex -32.7586196362972 12.2100003063679 18.9655181020498
         vertex -29.3103456497192 12.2100003063679 18.9655181020498
      endloop
   endfacet
   facet normal 0 1 0
      outer loop
         vertex -29.3103456497192 12.2100003063679 15.5172413215041
         vertex -29.3103456497192 12.2100003063679 18.9655181020498
         vertex -25.8620698004961 12.2100003063679 15.5172413215041
      endloop
   endfacet
   facet normal 0 1 0
      outer loop
         vertex -25.8620698004961 12.2100003063679 15.5172413215041
         vertex -29.3103456497192 12.2100003063679 18.9655181020498
         vertex -25.8620698004961 12.2100003063679 18.9655181020498
      endloop
   endfacet
   facet normal 0 1 0
      outer loop
         vertex -25.8620698004961 12.2100003063679 15.5172413215041
         vertex -25.8620698004961 12.2100003063679 18.9655181020498
         vertex -22.413793951273 12.2100003063679 15.5172413215041
      endloop
   endfacet
   facet normal 0 1 0
      outer loop
         vertex -22.413793951273 12.2100003063679 15.5172413215041
         vertex -25.8620698004961 12.2100003063679 18.9655181020498
         vertex -22.413793951273 12.2100003063679 18.9655181020498
      endloop
   endfacet
   facet normal 0 1 0
      outer loop
         vertex -22.413793951273 12.2100003063679 15.5172413215041
         vertex -22.413793951273 12.2100003063679 18.9655181020498
         vertex -18.9655181020498 12.2100003063679 15.5172413215041
      endloop
   endfacet
   facet normal 0 1 0
      outer loop
         vertex -18.9655181020498 12.2100003063679 15.5172413215041
         vertex -22.413793951273 12.2100003063679 18.9655181020498
         vertex -18.9655181020498 12.2100003063679 18.9655181020498
      endloop
   endfacet
   facet normal 0 1 0
      outer loop
         vertex -18.9655181020498 12.2100003063679 15.5172413215041
         vertex -18.9655181020498 12.2100003063679 18.9655181020498
         vertex -15.5172413215041 12.2100003063679 15.5172413215041
      endloop
   endfacet
   facet normal 0 1 0
      outer loop
         vertex -15.5172413215041 12.2100003063679 15.5172413215041
         vertex -18.9655181020498 12.2100003063679 18.9655181020498
         vertex -15.5172413215041 12.2100003063679 18.9655181020498
      endloop
   endfacet
   facet normal 0 1 0
      outer loop
         vertex -15.5172413215041 12.2100003063679 15.5172413215041
         vertex -15.5172413215041 12.2100003063679 18.9655181020498
         vertex -12.068965472281 12.2100003063679 15.5172413215041
      endloop
   endfacet
   facet normal 0 1 0
      outer loop
         vertex -12.068965472281 12.2100003063679 15.5172413215041
         vertex -15.5172413215041 12.2100003063679 18.9655181020498
         vertex -12.068965472281 12.2100003063679 18.9655181020498
      endloop
   endfacet
   facet normal 0 1 0
      outer loop
         vertex -12.068965472281 12.2100003063679 15.5172413215041
         vertex -12.068965472281 12.2100003063679 18.9655181020498
         vertex -8.62068962305784 12.2100003063679 15.5172413215041
      endloop
   endfacet
   facet normal 0 1 0
      outer loop
         vertex -8.62068962305784 12.2100003063679 15.5172413215041
         vertex -12.068965472281 12.2100003063679 18.9655181020498
         vertex -8.62068962305784 12.2100003063679 18.9655181020498
      endloop
   endfacet
   facet normal 0 1 0
      outer loop
         vertex -8.62068962305784 12.2100003063679 15.5172413215041
         vertex -8.62068962305784 12.2100003063679 18.9655181020498
         vertex -5.17241377383471 12.2100003063679 15.5172413215041
      endloop
   endfacet
   facet normal 0 1 0
      outer loop
         vertex -5.17241377383471 12.2100003063679 15.5172413215041
         vertex -8.62068962305784 12.2100003063679 18.9655181020498
         vertex -5.17241377383471 12.2100003063679 18.9655181020498
      endloop
   endfacet
   facet normal 0 1 0
      outer loop
         vertex -5.17241377383471 12.2100003063679 15.5172413215041
         vertex -5.17241377383471 12.2100003063679 18.9655181020498
         vertex -1.72413792461157 12.2100003063679 15.5172413215041
      endloop
   endfacet
   facet normal 0 1 0
      outer loop
         vertex -1.72413792461157 12.2100003063679 15.5172413215041
         vertex -5.17241377383471 12.2100003063679 18.9655181020498
         vertex -1.72413792461157 12.2100003063679 18.9655181020498
      endloop
   endfacet
   facet normal 0 1 0
      outer loop
         vertex -1.72413792461157 12.2100003063679 15.5172413215041
         vertex -1.72413792461157 12.2100003063679 18.9655181020498
         vertex 1.72413792461157 12.2100003063679 15.5172413215041
      endloop
   endfacet
   facet normal 0 1 0
      outer loop
         vertex 1.72413792461157 12.2100003063679 15.5172413215041
         vertex -1.72413792461157 12.2100003063679 18.9655181020498
         vertex 1.72413792461157 12.2100003063679 18.9655181020498
      endloop
   endfacet
   facet normal 0 1 0
      outer loop
         vertex 1.72413792461157 12.2100003063679 15.5172413215041
         vertex 1.72413792461157 12.2100003063679 18.9655181020498
         vertex 5.17241377383471 12.2100003063679 15.5172413215041
      endloop
   endfacet
   facet normal 0 1 0
      outer loop
         vertex 5.17241377383471 12.2100003063679 15.5172413215041
         vertex 1.72413792461157 12.2100003063679 18.9655181020498
         vertex 5.17241377383471 12.2100003063679 18.9655181020498
      endloop
   endfacet
   facet normal 0 1 0
      outer loop
         vertex 5.17241377383471 12.2100003063679 15.5172413215041
         vertex 5.17241377383471 12.2100003063679 18.9655181020498
         vertex 8.62068962305784 12.2100003063679 15.5172413215041
      endloop
   endfacet
   facet normal 0 1 0
      outer loop
         vertex 8.62068962305784 12.2100003063679 15.5172413215041
         vertex 5.17241377383471 12.2100003063679 18.9655181020498
         vertex 8.62068962305784 12.2100003063679 18.9655181020498
      endloop
   endfacet
   facet normal 0 1 0
      outer loop
         vertex 8.62068962305784 12.2100003063679 15.5172413215041
         vertex 8.62068962305784 12.2100003063679 18.9655181020498
         vertex 12.068965472281 12.2100003063679 15.5172413215041
      endloop
   endfacet
   facet normal 0 1 0
      outer loop
         vertex 12.068965472281 12.2100003063679 15.5172413215041
         vertex 8.62068962305784 12.2100003063679 18.9655181020498
         vertex 12.068965472281 12.2100003063679 18.9655181020498
      endloop
   endfacet
   facet normal 0 1 0
      outer loop
         vertex 12.068965472281 12.2100003063679 15.5172413215041
         vertex 12.068965472281 12.2100003063679 18.9655181020498
         vertex 15.5172413215041 12.2100003063679 15.5172413215041
      endloop
   endfacet
   facet normal 0 1 0
      outer loop
         vertex 15.5172413215041 12.2100003063679 15.5172413215041
         vertex 12.068965472281 12.2100003063679 18.9655181020498
         vertex 15.5172413215041 12.2100003063679 18.9655181020498
      endloop
   endfacet
   facet normal 0 1 0
      outer loop
         vertex 15.5172413215041 12.2100003063679 15.5172413215041
         vertex 15.5172413215041 12.2100003063679 18.9655181020498
         vertex 18.9655181020498 12.2100003063679 15.5172413215041
      endloop
   endfacet
   facet normal 0 1 0
      outer loop
         vertex 18.9655181020498 12.2100003063679 15.5172413215041
         vertex 15.5172413215041 12.2100003063679 18.9655181020498
         vertex 18.9655181020498 12.2100003063679 18.9655181020498
      endloop
   endfacet
   facet normal 0 1 0
      outer loop
         vertex 18.9655181020498 12.2100003063679 15.5172413215041
         vertex 18.9655181020498 12.2100003063679 18.9655181020498
         vertex 22.413793951273 12.2100003063679 15.5172413215041
      endloop
   endfacet
   facet normal 0 1 0
      outer loop
         vertex 22.413793951273 12.2100003063679 15.5172413215041
         vertex 18.9655181020498 12.2100003063679 18.9655181020498
         vertex 22.413793951273 12.2100003063679 18.9655181020498
      endloop
   endfacet
   facet normal 0 1 0
      outer loop
         vertex -43.1034490466118 12.2100003063679 12.068965472281
         vertex -39.6551713347435 12.2100003063679 8.62068962305784
         vertex -43.1034490466118 12.2100003063679 8.62068962305784
      endloop
   endfacet
   facet normal 0 1 0
      outer loop
         vertex -43.1034490466118 12.2100003063679 8.62068962305784
         vertex -39.6551713347435 12.2100003063679 8.62068962305784
         vertex -39.6551713347435 12.2100003063679 5.17241377383471
      endloop
   endfacet
   facet normal 0 1 0
      outer loop
         vertex -43.1034490466118 12.2100003063679 8.62068962305784
         vertex -39.6551713347435 12.2100003063679 5.17241377383471
         vertex -43.1034490466118 12.2100003063679 5.17241377383471
      endloop
   endfacet
   facet normal 0 1 0
      outer loop
         vertex -43.1034490466118 12.2100003063679 5.17241377383471
         vertex -39.6551713347435 12.2100003063679 5.17241377383471
         vertex -39.6551713347435 12.2100003063679 1.72413792461157
      endloop
   endfacet
   facet normal 0 1 0
      outer loop
         vertex -43.1034490466118 12.2100003063679 5.17241377383471
         vertex -39.6551713347435 12.2100003063679 1.72413792461157
         vertex -43.1034490466118 12.2100003063679 1.72413792461157
      endloop
   endfacet
   facet normal 0 1 0
      outer loop
         vertex -43.1034490466118 12.2100003063679 1.72413792461157
         vertex -39.6551713347435 12.2100003063679 1.72413792461157
         vertex -39.6551713347435 12.2100003063679 -1.72413792461157
      endloop
   endfacet
   facet normal 0 1 0
      outer loop
         vertex -43.1034490466118 12.2100003063679 1.72413792461157
         vertex -39.6551713347435 12.2100003063679 -1.72413792461157
         vertex -43.1034490466118 12.2100003063679 -1.72413792461157
      endloop
   endfacet
   facet normal 0 1 0
      outer loop
         vertex -43.1034490466118 12.2100003063679 -1.72413792461157
         vertex -39.6551713347435 12.2100003063679 -1.72413792461157
         vertex -39.6551713347435 12.2100003063679 -5.17241377383471
      endloop
   endfacet
   facet normal 0 1 0
      outer loop
         vertex -43.1034490466118 12.2100003063679 -1.72413792461157
         vertex -39.6551713347435 12.2100003063679 -5.17241377383471
         vertex -43.1034490466118 12.2100003063679 -5.17241377383471
      endloop
   endfacet
   facet normal 0 1 0
      outer loop
         vertex -43.1034490466118 12.2100003063679 -5.17241377383471
         vertex -39.6551713347435 12.2100003063679 -5.17241377383471
         vertex -39.6551713347435 12.2100003063679 -8.62068962305784
      endloop
   endfacet
   facet normal 0 1 0
      outer loop
         vertex -43.1034490466118 12.2100003063679 -5.17241377383471
         vertex -39.6551713347435 12.2100003063679 -8.62068962305784
         vertex -43.1034490466118 12.2100003063679 -8.62068962305784
      endloop
   endfacet
   facet normal 0 1 0
      outer loop
         vertex -43.1034490466118 12.2100003063679 -8.62068962305784
         vertex -39.6551713347435 12.2100003063679 -8.62068962305784
         vertex -39.6551713347435 12.2100003063679 -12.068965472281
      endloop
   endfacet
   facet normal 0 1 0
      outer loop
         vertex -43.1034490466118 12.2100003063679 -8.62068962305784
         vertex -39.6551713347435 12.2100003063679 -12.068965472281
         vertex -43.1034490466118 12.2100003063679 -12.068965472281
      endloop
   endfacet
   facet normal 0 1 0
      outer loop
         vertex -43.1034490466118 12.2100003063679 -12.068965472281
         vertex -39.6551713347435 12.2100003063679 -12.068965472281
         vertex -39.6551713347435 12.2100003063679 -15.5172413215041
      endloop
   endfacet
   facet normal 0 1 0
      outer loop
         vertex -43.1034490466118 12.2100003063679 -15.5172413215041
         vertex -39.6551713347435 12.2100003063679 -18.9655181020498
         vertex -43.1034490466118 12.2100003063679 -18.9655181020498
      endloop
   endfacet
   facet normal 0 1 0
      outer loop
         vertex -43.1034490466118 12.2100003063679 -18.9655181020498
         vertex -39.6551713347435 12.2100003063679 -18.9655181020498
         vertex -39.6551713347435 12.2100003063679 -22.413793951273
      endloop
   endfacet
   facet normal 0 1 0
      outer loop
         vertex -43.1034490466118 12.2100003063679 -18.9655181020498
         vertex -39.6551713347435 12.2100003063679 -22.413793951273
         vertex -43.1034490466118 12.2100003063679 -22.413793951273
      endloop
   endfacet
   facet normal 0 1 0
      outer loop
         vertex -43.1034490466118 12.2100003063679 -22.413793951273
         vertex -39.6551713347435 12.2100003063679 -22.413793951273
         vertex -39.6551713347435 12.2100003063679 -25.8620698004961
      endloop
   endfacet
   facet normal 0 1 0
      outer loop
         vertex -36.2068973481655 12.2100003063679 22.413793951273
         vertex -39.6551713347435 12.2100003063679 22.413793951273
         vertex -39.6551713347435 12.2100003063679 25.8620698004961
      endloop
   endfacet
   facet normal 0 1 0
      outer loop
         vertex -39.6551713347435 12.2100003063679 25.8620698004961
         vertex -39.6551713347435 12.2100003063679 22.413793951273
         vertex -43.1034490466118 12.2100003063679 22.413793951273
      endloop
   endfacet
   facet normal 0 1 0
      outer loop
         vertex -39.6551713347435 12.2100003063679 25.8620698004961
         vertex -39.6551713347435 12.2100003063679 29.3103456497192
         vertex -36.2068973481655 12.2100003063679 25.8620698004961
      endloop
   endfacet
   facet normal 0 1 0
      outer loop
         vertex -36.2068973481655 12.2100003063679 25.8620698004961
         vertex -39.6551713347435 12.2100003063679 29.3103456497192
         vertex -36.2068973481655 12.2100003063679 29.3103456497192
      endloop
   endfacet
   facet normal 0 1 0
      outer loop
         vertex -36.2068973481655 12.2100003063679 25.8620698004961
         vertex -36.2068973481655 12.2100003063679 29.3103456497192
         vertex -32.7586196362972 12.2100003063679 25.8620698004961
      endloop
   endfacet
   facet normal 0 1 0
      outer loop
         vertex -32.7586196362972 12.2100003063679 25.8620698004961
         vertex -36.2068973481655 12.2100003063679 29.3103456497192
         vertex -32.7586196362972 12.2100003063679 29.3103456497192
      endloop
   endfacet
   facet normal 0 1 0
      outer loop
         vertex -32.7586196362972 12.2100003063679 25.8620698004961
         vertex -32.7586196362972 12.2100003063679 29.3103456497192
         vertex -29.3103456497192 12.2100003063679 25.8620698004961
      endloop
   endfacet
   facet normal 0 1 0
      outer loop
         vertex -29.3103456497192 12.2100003063679 25.8620698004961
         vertex -32.7586196362972 12.2100003063679 29.3103456497192
         vertex -29.3103456497192 12.2100003063679 29.3103456497192
      endloop
   endfacet
   facet normal 0 1 0
      outer loop
         vertex -29.3103456497192 12.2100003063679 25.8620698004961
         vertex -29.3103456497192 12.2100003063679 29.3103456497192
         vertex -25.8620698004961 12.2100003063679 25.8620698004961
      endloop
   endfacet
   facet normal 0 1 0
      outer loop
         vertex -25.8620698004961 12.2100003063679 25.8620698004961
         vertex -29.3103456497192 12.2100003063679 29.3103456497192
         vertex -25.8620698004961 12.2100003063679 29.3103456497192
      endloop
   endfacet
   facet normal 0 1 0
      outer loop
         vertex -25.8620698004961 12.2100003063679 25.8620698004961
         vertex -25.8620698004961 12.2100003063679 29.3103456497192
         vertex -22.413793951273 12.2100003063679 25.8620698004961
      endloop
   endfacet
   facet normal 0 1 0
      outer loop
         vertex -22.413793951273 12.2100003063679 25.8620698004961
         vertex -25.8620698004961 12.2100003063679 29.3103456497192
         vertex -22.413793951273 12.2100003063679 29.3103456497192
      endloop
   endfacet
   facet normal 0 1 0
      outer loop
         vertex -22.413793951273 12.2100003063679 25.8620698004961
         vertex -22.413793951273 12.2100003063679 29.3103456497192
         vertex -18.9655181020498 12.2100003063679 25.8620698004961
      endloop
   endfacet
   facet normal 0 1 0
      outer loop
         vertex -18.9655181020498 12.2100003063679 25.8620698004961
         vertex -22.413793951273 12.2100003063679 29.3103456497192
         vertex -18.9655181020498 12.2100003063679 29.3103456497192
      endloop
   endfacet
   facet normal 0 1 0
      outer loop
         vertex -18.9655181020498 12.2100003063679 25.8620698004961
         vertex -18.9655181020498 12.2100003063679 29.3103456497192
         vertex -15.5172413215041 12.2100003063679 25.8620698004961
      endloop
   endfacet
   facet normal 0 1 0
      outer loop
         vertex -15.5172413215041 12.2100003063679 25.8620698004961
         vertex -18.9655181020498 12.2100003063679 29.3103456497192
         vertex -15.5172413215041 12.2100003063679 29.3103456497192
      endloop
   endfacet
   facet normal 0 1 0
      outer loop
         vertex -15.5172413215041 12.2100003063679 25.8620698004961
         vertex -15.5172413215041 12.2100003063679 29.3103456497192
         vertex -12.068965472281 12.2100003063679 25.8620698004961
      endloop
   endfacet
   facet normal 0 1 0
      outer loop
         vertex -12.068965472281 12.2100003063679 25.8620698004961
         vertex -15.5172413215041 12.2100003063679 29.3103456497192
         vertex -12.068965472281 12.2100003063679 29.3103456497192
      endloop
   endfacet
   facet normal 0 1 0
      outer loop
         vertex -12.068965472281 12.2100003063679 25.8620698004961
         vertex -12.068965472281 12.2100003063679 29.3103456497192
         vertex -8.62068962305784 12.2100003063679 25.8620698004961
      endloop
   endfacet
   facet normal 0 1 0
      outer loop
         vertex -8.62068962305784 12.2100003063679 25.8620698004961
         vertex -12.068965472281 12.2100003063679 29.3103456497192
         vertex -8.62068962305784 12.2100003063679 29.3103456497192
      endloop
   endfacet
   facet normal 0 1 0
      outer loop
         vertex -8.62068962305784 12.2100003063679 25.8620698004961
         vertex -8.62068962305784 12.2100003063679 29.3103456497192
         vertex -5.17241377383471 12.2100003063679 25.8620698004961
      endloop
   endfacet
   facet normal 0 1 0
      outer loop
         vertex -5.17241377383471 12.2100003063679 25.8620698004961
         vertex -8.62068962305784 12.2100003063679 29.3103456497192
         vertex -5.17241377383471 12.2100003063679 29.3103456497192
      endloop
   endfacet
   facet normal 0 1 0
      outer loop
         vertex -5.17241377383471 12.2100003063679 25.8620698004961
         vertex -5.17241377383471 12.2100003063679 29.3103456497192
         vertex -1.72413792461157 12.2100003063679 25.8620698004961
      endloop
   endfacet
   facet normal 0 1 0
      outer loop
         vertex -1.72413792461157 12.2100003063679 25.8620698004961
         vertex -5.17241377383471 12.2100003063679 29.3103456497192
         vertex -1.72413792461157 12.2100003063679 29.3103456497192
      endloop
   endfacet
   facet normal 0 1 0
      outer loop
         vertex -1.72413792461157 12.2100003063679 25.8620698004961
         vertex -1.72413792461157 12.2100003063679 29.3103456497192
         vertex 1.72413792461157 12.2100003063679 25.8620698004961
      endloop
   endfacet
   facet normal 0 1 0
      outer loop
         vertex 1.72413792461157 12.2100003063679 25.8620698004961
         vertex -1.72413792461157 12.2100003063679 29.3103456497192
         vertex 1.72413792461157 12.2100003063679 29.3103456497192
      endloop
   endfacet
   facet normal 0 1 0
      outer loop
         vertex 1.72413792461157 12.2100003063679 25.8620698004961
         vertex 1.72413792461157 12.2100003063679 29.3103456497192
         vertex 5.17241377383471 12.2100003063679 25.8620698004961
      endloop
   endfacet
   facet normal 0 1 0
      outer loop
         vertex 5.17241377383471 12.2100003063679 25.8620698004961
         vertex 1.72413792461157 12.2100003063679 29.3103456497192
         vertex 5.17241377383471 12.2100003063679 29.3103456497192
      endloop
   endfacet
   facet normal 0 1 0
      outer loop
         vertex 5.17241377383471 12.2100003063679 25.8620698004961
         vertex 5.17241377383471 12.2100003063679 29.3103456497192
         vertex 8.62068962305784 12.2100003063679 25.8620698004961
      endloop
   endfacet
   facet normal 0 1 0
      outer loop
         vertex 8.62068962305784 12.2100003063679 25.8620698004961
         vertex 5.17241377383471 12.2100003063679 29.3103456497192
         vertex 8.62068962305784 12.2100003063679 29.3103456497192
      endloop
   endfacet
   facet normal 0 1 0
      outer loop
         vertex 8.62068962305784 12.2100003063679 25.8620698004961
         vertex 8.62068962305784 12.2100003063679 29.3103456497192
         vertex 12.068965472281 12.2100003063679 25.8620698004961
      endloop
   endfacet
   facet normal 0 1 0
      outer loop
         vertex 12.068965472281 12.2100003063679 25.8620698004961
         vertex 8.62068962305784 12.2100003063679 29.3103456497192
         vertex 12.068965472281 12.2100003063679 29.3103456497192
      endloop
   endfacet
   facet normal 0 1 0
      outer loop
         vertex 12.068965472281 12.2100003063679 25.8620698004961
         vertex 12.068965472281 12.2100003063679 29.3103456497192
         vertex 15.5172413215041 12.2100003063679 25.8620698004961
      endloop
   endfacet
   facet normal 0 1 0
      outer loop
         vertex 15.5172413215041 12.2100003063679 25.8620698004961
         vertex 12.068965472281 12.2100003063679 29.3103456497192
         vertex 15.5172413215041 12.2100003063679 29.3103456497192
      endloop
   endfacet
   facet normal 0 1 0
      outer loop
         vertex 15.5172413215041 12.2100003063679 25.8620698004961
         vertex 15.5172413215041 12.2100003063679 29.3103456497192
         vertex 18.9655181020498 12.2100003063679 25.8620698004961
      endloop
   endfacet
   facet normal 0 1 0
      outer loop
         vertex 18.9655181020498 12.2100003063679 25.8620698004961
         vertex 15.5172413215041 12.2100003063679 29.3103456497192
         vertex 18.9655181020498 12.2100003063679 29.3103456497192
      endloop
   endfacet
   facet normal 0 1 0
      outer loop
         vertex 18.9655181020498 12.2100003063679 25.8620698004961
         vertex 18.9655181020498 12.2100003063679 29.3103456497192
         vertex 22.413793951273 12.2100003063679 25.8620698004961
      endloop
   endfacet
   facet normal 0 1 0
      outer loop
         vertex 22.413793951273 12.2100003063679 25.8620698004961
         vertex 18.9655181020498 12.2100003063679 29.3103456497192
         vertex 22.413793951273 12.2100003063679 29.3103456497192
      endloop
   endfacet
   facet normal 0 1 0
      outer loop
         vertex -43.1034490466118 12.2100003063679 15.5172413215041
         vertex -39.6551713347435 12.2100003063679 15.5172413215041
         vertex -39.6551713347435 12.2100003063679 12.068965472281
      endloop
   endfacet
   facet normal 0 1 0
      outer loop
         vertex -39.6551713347435 12.2100003063679 12.068965472281
         vertex -39.6551713347435 12.2100003063679 15.5172413215041
         vertex -36.2068973481655 12.2100003063679 12.068965472281
      endloop
   endfacet
   facet normal 0 1 0
      outer loop
         vertex -39.6551713347435 12.2100003063679 12.068965472281
         vertex -36.2068973481655 12.2100003063679 12.068965472281
         vertex -36.2068973481655 12.2100003063679 8.62068962305784
      endloop
   endfacet
   facet normal 0 1 0
      outer loop
         vertex -36.2068973481655 12.2100003063679 8.62068962305784
         vertex -36.2068973481655 12.2100003063679 12.068965472281
         vertex -32.7586196362972 12.2100003063679 8.62068962305784
      endloop
   endfacet
   facet normal 0 1 0
      outer loop
         vertex -36.2068973481655 12.2100003063679 8.62068962305784
         vertex -32.7586196362972 12.2100003063679 8.62068962305784
         vertex -32.7586196362972 12.2100003063679 5.17241377383471
      endloop
   endfacet
   facet normal 0 1 0
      outer loop
         vertex -32.7586196362972 12.2100003063679 5.17241377383471
         vertex -32.7586196362972 12.2100003063679 8.62068962305784
         vertex -29.3103456497192 12.2100003063679 5.17241377383471
      endloop
   endfacet
   facet normal 0 1 0
      outer loop
         vertex -32.7586196362972 12.2100003063679 5.17241377383471
         vertex -29.3103456497192 12.2100003063679 5.17241377383471
         vertex -29.3103456497192 12.2100003063679 1.72413792461157
      endloop
   endfacet
   facet normal 0 1 0
      outer loop
         vertex -29.3103456497192 12.2100003063679 1.72413792461157
         vertex -29.3103456497192 12.2100003063679 5.17241377383471
         vertex -25.8620698004961 12.2100003063679 1.72413792461157
      endloop
   endfacet
   facet normal 0 1 0
      outer loop
         vertex -29.3103456497192 12.2100003063679 1.72413792461157
         vertex -25.8620698004961 12.2100003063679 1.72413792461157
         vertex -25.8620698004961 12.2100003063679 -1.72413792461157
      endloop
   endfacet
   facet normal 0 1 0
      outer loop
         vertex -25.8620698004961 12.2100003063679 -1.72413792461157
         vertex -25.8620698004961 12.2100003063679 1.72413792461157
         vertex -22.413793951273 12.2100003063679 -1.72413792461157
      endloop
   endfacet
   facet normal 0 1 0
      outer loop
         vertex -25.8620698004961 12.2100003063679 -1.72413792461157
         vertex -22.413793951273 12.2100003063679 -1.72413792461157
         vertex -22.413793951273 12.2100003063679 -5.17241377383471
      endloop
   endfacet
   facet normal 0 1 0
      outer loop
         vertex -22.413793951273 12.2100003063679 -5.17241377383471
         vertex -22.413793951273 12.2100003063679 -1.72413792461157
         vertex -18.9655181020498 12.2100003063679 -5.17241377383471
      endloop
   endfacet
   facet normal 0 1 0
      outer loop
         vertex -22.413793951273 12.2100003063679 -5.17241377383471
         vertex -18.9655181020498 12.2100003063679 -5.17241377383471
         vertex -18.9655181020498 12.2100003063679 -8.62068962305784
      endloop
   endfacet
   facet normal 0 1 0
      outer loop
         vertex -18.9655181020498 12.2100003063679 -8.62068962305784
         vertex -18.9655181020498 12.2100003063679 -5.17241377383471
         vertex -15.5172413215041 12.2100003063679 -8.62068962305784
      endloop
   endfacet
   facet normal 0 1 0
      outer loop
         vertex -18.9655181020498 12.2100003063679 -8.62068962305784
         vertex -15.5172413215041 12.2100003063679 -8.62068962305784
         vertex -15.5172413215041 12.2100003063679 -12.068965472281
      endloop
   endfacet
   facet normal 0 1 0
      outer loop
         vertex -15.5172413215041 12.2100003063679 -12.068965472281
         vertex -15.5172413215041 12.2100003063679 -8.62068962305784
         vertex -12.068965472281 12.2100003063679 -12.068965472281
      endloop
   endfacet
   facet normal 0 1 0
      outer loop
         vertex -15.5172413215041 12.2100003063679 -12.068965472281
         vertex -12.068965472281 12.2100003063679 -12.068965472281
         vertex -12.068965472281 12.2100003063679 -15.5172413215041
      endloop
   endfacet
   facet normal 0 1 0
      outer loop
         vertex -12.068965472281 12.2100003063679 -15.5172413215041
         vertex -12.068965472281 12.2100003063679 -12.068965472281
         vertex -8.62068962305784 12.2100003063679 -15.5172413215041
      endloop
   endfacet
   facet normal 0 1 0
      outer loop
         vertex -12.068965472281 12.2100003063679 -15.5172413215041
         vertex -8.62068962305784 12.2100003063679 -15.5172413215041
         vertex -8.62068962305784 12.2100003063679 -18.9655181020498
      endloop
   endfacet
   facet normal 0 1 0
      outer loop
         vertex -8.62068962305784 12.2100003063679 -18.9655181020498
         vertex -8.62068962305784 12.2100003063679 -15.5172413215041
         vertex -5.17241377383471 12.2100003063679 -18.9655181020498
      endloop
   endfacet
   facet normal 0 1 0
      outer loop
         vertex -8.62068962305784 12.2100003063679 -18.9655181020498
         vertex -5.17241377383471 12.2100003063679 -18.9655181020498
         vertex -5.17241377383471 12.2100003063679 -22.413793951273
      endloop
   endfacet
   facet normal 0 1 0
      outer loop
         vertex -5.17241377383471 12.2100003063679 -22.413793951273
         vertex -5.17241377383471 12.2100003063679 -18.9655181020498
         vertex -1.72413792461157 12.2100003063679 -22.413793951273
      endloop
   endfacet
   facet normal 0 1 0
      outer loop
         vertex -5.17241377383471 12.2100003063679 -22.413793951273
         vertex -1.72413792461157 12.2100003063679 -22.413793951273
         vertex -1.72413792461157 12.2100003063679 -25.8620698004961
      endloop
   endfacet
   facet normal 0 1 0
      outer loop
         vertex -1.72413792461157 12.2100003063679 -25.8620698004961
         vertex -1.72413792461157 12.2100003063679 -22.413793951273
         vertex 1.72413792461157 12.2100003063679 -25.8620698004961
      endloop
   endfacet
   facet normal 0 1 0
      outer loop
         vertex -1.72413792461157 12.2100003063679 -25.8620698004961
         vertex 1.72413792461157 12.2100003063679 -25.8620698004961
         vertex 1.72413792461157 12.2100003063679 -29.3103456497192
      endloop
   endfacet
   facet normal 0 1 0
      outer loop
         vertex 1.72413792461157 12.2100003063679 -29.3103456497192
         vertex 1.72413792461157 12.2100003063679 -25.8620698004961
         vertex 5.17241377383471 12.2100003063679 -29.3103456497192
      endloop
   endfacet
   facet normal 0 1 0
      outer loop
         vertex 1.72413792461157 12.2100003063679 -29.3103456497192
         vertex 5.17241377383471 12.2100003063679 -29.3103456497192
         vertex 5.17241377383471 12.2100003063679 -32.7586196362972
      endloop
   endfacet
   facet normal 0 1 0
      outer loop
         vertex 5.17241377383471 12.2100003063679 -32.7586196362972
         vertex 5.17241377383471 12.2100003063679 -29.3103456497192
         vertex 8.62068962305784 12.2100003063679 -32.7586196362972
      endloop
   endfacet
   facet normal 0 1 0
      outer loop
         vertex 5.17241377383471 12.2100003063679 -32.7586196362972
         vertex 8.62068962305784 12.2100003063679 -32.7586196362972
         vertex 8.62068962305784 12.2100003063679 -36.2068973481655
      endloop
   endfacet
   facet normal 0 1 0
      outer loop
         vertex 8.62068962305784 12.2100003063679 -36.2068973481655
         vertex 8.62068962305784 12.2100003063679 -32.7586196362972
         vertex 12.068965472281 12.2100003063679 -36.2068973481655
      endloop
   endfacet
   facet normal 0 1 0
      outer loop
         vertex 8.62068962305784 12.2100003063679 -36.2068973481655
         vertex 12.068965472281 12.2100003063679 -36.2068973481655
         vertex 12.068965472281 12.2100003063679 -39.6551713347435
      endloop
   endfacet
   facet normal 0 1 0
      outer loop
         vertex 12.068965472281 12.2100003063679 -39.6551713347435
         vertex 12.068965472281 12.2100003063679 -36.2068973481655
         vertex 15.5172413215041 12.2100003063679 -39.6551713347435
      endloop
   endfacet
   facet normal 0 1 0
      outer loop
         vertex 12.068965472281 12.2100003063679 -39.6551713347435
         vertex 15.5172413215041 12.2100003063679 -39.6551713347435
         vertex 15.5172413215041 12.2100003063679 -43.1034490466118
      endloop
   endfacet
   facet normal 0 1 0
      outer loop
         vertex 15.5172413215041 12.2100003063679 -43.1034490466118
         vertex 15.5172413215041 12.2100003063679 -39.6551713347435
         vertex 18.9655181020498 12.2100003063679 -43.1034490466118
      endloop
   endfacet
   facet normal 0 1 0
      outer loop
         vertex -39.6551713347435 12.2100003063679 8.62068962305784
         vertex -36.2068973481655 12.2100003063679 5.17241377383471
         vertex -39.6551713347435 12.2100003063679 5.17241377383471
      endloop
   endfacet
   facet normal 0 1 0
      outer loop
         vertex -39.6551713347435 12.2100003063679 5.17241377383471
         vertex -36.2068973481655 12.2100003063679 5.17241377383471
         vertex -36.2068973481655 12.2100003063679 1.72413792461157
      endloop
   endfacet
   facet normal 0 1 0
      outer loop
         vertex -39.6551713347435 12.2100003063679 5.17241377383471
         vertex -36.2068973481655 12.2100003063679 1.72413792461157
         vertex -39.6551713347435 12.2100003063679 1.72413792461157
      endloop
   endfacet
   facet normal 0 1 0
      outer loop
         vertex -39.6551713347435 12.2100003063679 1.72413792461157
         vertex -36.2068973481655 12.2100003063679 1.72413792461157
         vertex -36.2068973481655 12.2100003063679 -1.72413792461157
      endloop
   endfacet
   facet normal 0 1 0
      outer loop
         vertex -39.6551713347435 12.2100003063679 1.72413792461157
         vertex -36.2068973481655 12.2100003063679 -1.72413792461157
         vertex -39.6551713347435 12.2100003063679 -1.72413792461157
      endloop
   endfacet
   facet normal 0 1 0
      outer loop
         vertex -39.6551713347435 12.2100003063679 -1.72413792461157
         vertex -36.2068973481655 12.2100003063679 -1.72413792461157
         vertex -36.2068973481655 12.2100003063679 -5.17241377383471
      endloop
   endfacet
   facet normal 0 1 0
      outer loop
         vertex -39.6551713347435 12.2100003063679 -1.72413792461157
         vertex -36.2068973481655 12.2100003063679 -5.17241377383471
         vertex -39.6551713347435 12.2100003063679 -5.17241377383471
      endloop
   endfacet
   facet normal 0 1 0
      outer loop
         vertex -39.6551713347435 12.2100003063679 -5.17241377383471
         vertex -36.2068973481655 12.2100003063679 -5.17241377383471
         vertex -36.2068973481655 12.2100003063679 -8.62068962305784
      endloop
   endfacet
   facet normal 0 1 0
      outer loop
         vertex -39.6551713347435 12.2100003063679 -5.17241377383471
         vertex -36.2068973481655 12.2100003063679 -8.62068962305784
         vertex -39.6551713347435 12.2100003063679 -8.62068962305784
      endloop
   endfacet
   facet normal 0 1 0
      outer loop
         vertex -39.6551713347435 12.2100003063679 -8.62068962305784
         vertex -36.2068973481655 12.2100003063679 -8.62068962305784
         vertex -36.2068973481655 12.2100003063679 -12.068965472281
      endloop
   endfacet
   facet normal 0 1 0
      outer loop
         vertex -39.6551713347435 12.2100003063679 -8.62068962305784
         vertex -36.2068973481655 12.2100003063679 -12.068965472281
         vertex -39.6551713347435 12.2100003063679 -12.068965472281
      endloop
   endfacet
   facet normal 0 1 0
      outer loop
         vertex -39.6551713347435 12.2100003063679 -12.068965472281
         vertex -36.2068973481655 12.2100003063679 -12.068965472281
         vertex -36.2068973481655 12.2100003063679 -15.5172413215041
      endloop
   endfacet
   facet normal 0 1 0
      outer loop
         vertex -39.6551713347435 12.2100003063679 -12.068965472281
         vertex -36.2068973481655 12.2100003063679 -15.5172413215041
         vertex -39.6551713347435 12.2100003063679 -15.5172413215041
      endloop
   endfacet
   facet normal 0 1 0
      outer loop
         vertex -39.6551713347435 12.2100003063679 -15.5172413215041
         vertex -36.2068973481655 12.2100003063679 -15.5172413215041
         vertex -36.2068973481655 12.2100003063679 -18.9655181020498
      endloop
   endfacet
   facet normal 0 1 0
      outer loop
         vertex -39.6551713347435 12.2100003063679 -18.9655181020498
         vertex -36.2068973481655 12.2100003063679 -22.413793951273
         vertex -39.6551713347435 12.2100003063679 -22.413793951273
      endloop
   endfacet
   facet normal 0 1 0
      outer loop
         vertex -39.6551713347435 12.2100003063679 -22.413793951273
         vertex -36.2068973481655 12.2100003063679 -22.413793951273
         vertex -36.2068973481655 12.2100003063679 -25.8620698004961
      endloop
   endfacet
   facet normal 0 1 0
      outer loop
         vertex -39.6551713347435 12.2100003063679 -22.413793951273
         vertex -36.2068973481655 12.2100003063679 -25.8620698004961
         vertex -39.6551713347435 12.2100003063679 -25.8620698004961
      endloop
   endfacet
   facet normal 0 1 0
      outer loop
         vertex -39.6551713347435 12.2100003063679 -25.8620698004961
         vertex -36.2068973481655 12.2100003063679 -25.8620698004961
         vertex -36.2068973481655 12.2100003063679 -29.3103456497192
      endloop
   endfacet
   facet normal 0 1 0
      outer loop
         vertex -39.6551713347435 12.2100003063679 -25.8620698004961
         vertex -36.2068973481655 12.2100003063679 -29.3103456497192
         vertex -39.6551713347435 12.2100003063679 -29.3103456497192
      endloop
   endfacet
   facet normal 0 1 0
      outer loop
         vertex -32.7586196362972 12.2100003063679 22.413793951273
         vertex -36.2068973481655 12.2100003063679 22.413793951273
         vertex -36.2068973481655 12.2100003063679 25.8620698004961
      endloop
   endfacet
   facet normal 0 1 0
      outer loop
         vertex -36.2068973481655 12.2100003063679 25.8620698004961
         vertex -36.2068973481655 12.2100003063679 22.413793951273
         vertex -39.6551713347435 12.2100003063679 25.8620698004961
      endloop
   endfacet
   facet normal 0 1 0
      outer loop
         vertex -39.6551713347435 12.2100003063679 15.5172413215041
         vertex -36.2068973481655 12.2100003063679 15.5172413215041
         vertex -36.2068973481655 12.2100003063679 12.068965472281
      endloop
   endfacet
   facet normal 0 1 0
      outer loop
         vertex -36.2068973481655 12.2100003063679 12.068965472281
         vertex -36.2068973481655 12.2100003063679 15.5172413215041
         vertex -32.7586196362972 12.2100003063679 12.068965472281
      endloop
   endfacet
   facet normal 0 1 0
      outer loop
         vertex -36.2068973481655 12.2100003063679 12.068965472281
         vertex -32.7586196362972 12.2100003063679 12.068965472281
         vertex -32.7586196362972 12.2100003063679 8.62068962305784
      endloop
   endfacet
   facet normal 0 1 0
      outer loop
         vertex -32.7586196362972 12.2100003063679 8.62068962305784
         vertex -32.7586196362972 12.2100003063679 12.068965472281
         vertex -29.3103456497192 12.2100003063679 8.62068962305784
      endloop
   endfacet
   facet normal 0 1 0
      outer loop
         vertex -32.7586196362972 12.2100003063679 8.62068962305784
         vertex -29.3103456497192 12.2100003063679 8.62068962305784
         vertex -29.3103456497192 12.2100003063679 5.17241377383471
      endloop
   endfacet
   facet normal 0 1 0
      outer loop
         vertex -29.3103456497192 12.2100003063679 5.17241377383471
         vertex -29.3103456497192 12.2100003063679 8.62068962305784
         vertex -25.8620698004961 12.2100003063679 5.17241377383471
      endloop
   endfacet
   facet normal 0 1 0
      outer loop
         vertex -29.3103456497192 12.2100003063679 5.17241377383471
         vertex -25.8620698004961 12.2100003063679 5.17241377383471
         vertex -25.8620698004961 12.2100003063679 1.72413792461157
      endloop
   endfacet
   facet normal 0 1 0
      outer loop
         vertex -25.8620698004961 12.2100003063679 1.72413792461157
         vertex -25.8620698004961 12.2100003063679 5.17241377383471
         vertex -22.413793951273 12.2100003063679 1.72413792461157
      endloop
   endfacet
   facet normal 0 1 0
      outer loop
         vertex -25.8620698004961 12.2100003063679 1.72413792461157
         vertex -22.413793951273 12.2100003063679 1.72413792461157
         vertex -22.413793951273 12.2100003063679 -1.72413792461157
      endloop
   endfacet
   facet normal 0 1 0
      outer loop
         vertex -22.413793951273 12.2100003063679 -1.72413792461157
         vertex -22.413793951273 12.2100003063679 1.72413792461157
         vertex -18.9655181020498 12.2100003063679 -1.72413792461157
      endloop
   endfacet
   facet normal 0 1 0
      outer loop
         vertex -22.413793951273 12.2100003063679 -1.72413792461157
         vertex -18.9655181020498 12.2100003063679 -1.72413792461157
         vertex -18.9655181020498 12.2100003063679 -5.17241377383471
      endloop
   endfacet
   facet normal 0 1 0
      outer loop
         vertex -18.9655181020498 12.2100003063679 -5.17241377383471
         vertex -18.9655181020498 12.2100003063679 -1.72413792461157
         vertex -15.5172413215041 12.2100003063679 -5.17241377383471
      endloop
   endfacet
   facet normal 0 1 0
      outer loop
         vertex -18.9655181020498 12.2100003063679 -5.17241377383471
         vertex -15.5172413215041 12.2100003063679 -5.17241377383471
         vertex -15.5172413215041 12.2100003063679 -8.62068962305784
      endloop
   endfacet
   facet normal 0 1 0
      outer loop
         vertex -15.5172413215041 12.2100003063679 -8.62068962305784
         vertex -15.5172413215041 12.2100003063679 -5.17241377383471
         vertex -12.068965472281 12.2100003063679 -8.62068962305784
      endloop
   endfacet
   facet normal 0 1 0
      outer loop
         vertex -15.5172413215041 12.2100003063679 -8.62068962305784
         vertex -12.068965472281 12.2100003063679 -8.62068962305784
         vertex -12.068965472281 12.2100003063679 -12.068965472281
      endloop
   endfacet
   facet normal 0 1 0
      outer loop
         vertex -12.068965472281 12.2100003063679 -12.068965472281
         vertex -12.068965472281 12.2100003063679 -8.62068962305784
         vertex -8.62068962305784 12.2100003063679 -12.068965472281
      endloop
   endfacet
   facet normal 0 1 0
      outer loop
         vertex -12.068965472281 12.2100003063679 -12.068965472281
         vertex -8.62068962305784 12.2100003063679 -12.068965472281
         vertex -8.62068962305784 12.2100003063679 -15.5172413215041
      endloop
   endfacet
   facet normal 0 1 0
      outer loop
         vertex -8.62068962305784 12.2100003063679 -15.5172413215041
         vertex -8.62068962305784 12.2100003063679 -12.068965472281
         vertex -5.17241377383471 12.2100003063679 -15.5172413215041
      endloop
   endfacet
   facet normal 0 1 0
      outer loop
         vertex -8.62068962305784 12.2100003063679 -15.5172413215041
         vertex -5.17241377383471 12.2100003063679 -15.5172413215041
         vertex -5.17241377383471 12.2100003063679 -18.9655181020498
      endloop
   endfacet
   facet normal 0 1 0
      outer loop
         vertex -5.17241377383471 12.2100003063679 -18.9655181020498
         vertex -5.17241377383471 12.2100003063679 -15.5172413215041
         vertex -1.72413792461157 12.2100003063679 -18.9655181020498
      endloop
   endfacet
   facet normal 0 1 0
      outer loop
         vertex -5.17241377383471 12.2100003063679 -18.9655181020498
         vertex -1.72413792461157 12.2100003063679 -18.9655181020498
         vertex -1.72413792461157 12.2100003063679 -22.413793951273
      endloop
   endfacet
   facet normal 0 1 0
      outer loop
         vertex -1.72413792461157 12.2100003063679 -22.413793951273
         vertex -1.72413792461157 12.2100003063679 -18.9655181020498
         vertex 1.72413792461157 12.2100003063679 -22.413793951273
      endloop
   endfacet
   facet normal 0 1 0
      outer loop
         vertex -1.72413792461157 12.2100003063679 -22.413793951273
         vertex 1.72413792461157 12.2100003063679 -22.413793951273
         vertex 1.72413792461157 12.2100003063679 -25.8620698004961
      endloop
   endfacet
   facet normal 0 1 0
      outer loop
         vertex 1.72413792461157 12.2100003063679 -25.8620698004961
         vertex 1.72413792461157 12.2100003063679 -22.413793951273
         vertex 5.17241377383471 12.2100003063679 -25.8620698004961
      endloop
   endfacet
   facet normal 0 1 0
      outer loop
         vertex 1.72413792461157 12.2100003063679 -25.8620698004961
         vertex 5.17241377383471 12.2100003063679 -25.8620698004961
         vertex 5.17241377383471 12.2100003063679 -29.3103456497192
      endloop
   endfacet
   facet normal 0 1 0
      outer loop
         vertex 5.17241377383471 12.2100003063679 -29.3103456497192
         vertex 5.17241377383471 12.2100003063679 -25.8620698004961
         vertex 8.62068962305784 12.2100003063679 -29.3103456497192
      endloop
   endfacet
   facet normal 0 1 0
      outer loop
         vertex 5.17241377383471 12.2100003063679 -29.3103456497192
         vertex 8.62068962305784 12.2100003063679 -29.3103456497192
         vertex 8.62068962305784 12.2100003063679 -32.7586196362972
      endloop
   endfacet
   facet normal 0 1 0
      outer loop
         vertex 8.62068962305784 12.2100003063679 -32.7586196362972
         vertex 8.62068962305784 12.2100003063679 -29.3103456497192
         vertex 12.068965472281 12.2100003063679 -32.7586196362972
      endloop
   endfacet
   facet normal 0 1 0
      outer loop
         vertex 8.62068962305784 12.2100003063679 -32.7586196362972
         vertex 12.068965472281 12.2100003063679 -32.7586196362972
         vertex 12.068965472281 12.2100003063679 -36.2068973481655
      endloop
   endfacet
   facet normal 0 1 0
      outer loop
         vertex 12.068965472281 12.2100003063679 -36.2068973481655
         vertex 12.068965472281 12.2100003063679 -32.7586196362972
         vertex 15.5172413215041 12.2100003063679 -36.2068973481655
      endloop
   endfacet
   facet normal 0 1 0
      outer loop
         vertex 12.068965472281 12.2100003063679 -36.2068973481655
         vertex 15.5172413215041 12.2100003063679 -36.2068973481655
         vertex 15.5172413215041 12.2100003063679 -39.6551713347435
      endloop
   endfacet
   facet normal 0 1 0
      outer loop
         vertex 15.5172413215041 12.2100003063679 -39.6551713347435
         vertex 15.5172413215041 12.2100003063679 -36.2068973481655
         vertex 18.9655181020498 12.2100003063679 -39.6551713347435
      endloop
   endfacet
   facet normal 0 1 0
      outer loop
         vertex 15.5172413215041 12.2100003063679 -39.6551713347435
         vertex 18.9655181020498 12.2100003063679 -39.6551713347435
         vertex 18.9655181020498 12.2100003063679 -43.1034490466118
      endloop
   endfacet
   facet normal 0 1 0
      outer loop
         vertex 18.9655181020498 12.2100003063679 -43.1034490466118
         vertex 18.9655181020498 12.2100003063679 -39.6551713347435
         vertex 22.413793951273 12.2100003063679 -43.1034490466118
      endloop
   endfacet
   facet normal 0 1 0
      outer loop
         vertex -36.2068973481655 12.2100003063679 5.17241377383471
         vertex -32.7586196362972 12.2100003063679 1.72413792461157
         vertex -36.2068973481655 12.2100003063679 1.72413792461157
      endloop
   endfacet
   facet normal 0 1 0
      outer loop
         vertex -36.2068973481655 12.2100003063679 1.72413792461157
         vertex -32.7586196362972 12.2100003063679 1.72413792461157
         vertex -32.7586196362972 12.2100003063679 -1.72413792461157
      endloop
   endfacet
   facet normal 0 1 0
      outer loop
         vertex -36.2068973481655 12.2100003063679 1.72413792461157
         vertex -32.7586196362972 12.2100003063679 -1.72413792461157
         vertex -36.2068973481655 12.2100003063679 -1.72413792461157
      endloop
   endfacet
   facet normal 0 1 0
      outer loop
         vertex -36.2068973481655 12.2100003063679 -1.72413792461157
         vertex -32.7586196362972 12.2100003063679 -1.72413792461157
         vertex -32.7586196362972 12.2100003063679 -5.17241377383471
      endloop
   endfacet
   facet normal 0 1 0
      outer loop
         vertex -36.2068973481655 12.2100003063679 -1.72413792461157
         vertex -32.7586196362972 12.2100003063679 -5.17241377383471
         vertex -36.2068973481655 12.2100003063679 -5.17241377383471
      endloop
   endfacet
   facet normal 0 1 0
      outer loop
         vertex -36.2068973481655 12.2100003063679 -5.17241377383471
         vertex -32.7586196362972 12.2100003063679 -5.17241377383471
         vertex -32.7586196362972 12.2100003063679 -8.62068962305784
      endloop
   endfacet
   facet normal 0 1 0
      outer loop
         vertex -36.2068973481655 12.2100003063679 -5.17241377383471
         vertex -32.7586196362972 12.2100003063679 -8.62068962305784
         vertex -36.2068973481655 12.2100003063679 -8.62068962305784
      endloop
   endfacet
   facet normal 0 1 0
      outer loop
         vertex -36.2068973481655 12.2100003063679 -8.62068962305784
         vertex -32.7586196362972 12.2100003063679 -8.62068962305784
         vertex -32.7586196362972 12.2100003063679 -12.068965472281
      endloop
   endfacet
   facet normal 0 1 0
      outer loop
         vertex -36.2068973481655 12.2100003063679 -8.62068962305784
         vertex -32.7586196362972 12.2100003063679 -12.068965472281
         vertex -36.2068973481655 12.2100003063679 -12.068965472281
      endloop
   endfacet
   facet normal 0 1 0
      outer loop
         vertex -36.2068973481655 12.2100003063679 -12.068965472281
         vertex -32.7586196362972 12.2100003063679 -12.068965472281
         vertex -32.7586196362972 12.2100003063679 -15.5172413215041
      endloop
   endfacet
   facet normal 0 1 0
      outer loop
         vertex -36.2068973481655 12.2100003063679 -12.068965472281
         vertex -32.7586196362972 12.2100003063679 -15.5172413215041
         vertex -36.2068973481655 12.2100003063679 -15.5172413215041
      endloop
   endfacet
   facet normal 0 1 0
      outer loop
         vertex -36.2068973481655 12.2100003063679 -15.5172413215041
         vertex -32.7586196362972 12.2100003063679 -15.5172413215041
         vertex -32.7586196362972 12.2100003063679 -18.9655181020498
      endloop
   endfacet
   facet normal 0 1 0
      outer loop
         vertex -36.2068973481655 12.2100003063679 -15.5172413215041
         vertex -32.7586196362972 12.2100003063679 -18.9655181020498
         vertex -36.2068973481655 12.2100003063679 -18.9655181020498
      endloop
   endfacet
   facet normal 0 1 0
      outer loop
         vertex -36.2068973481655 12.2100003063679 -18.9655181020498
         vertex -32.7586196362972 12.2100003063679 -18.9655181020498
         vertex -32.7586196362972 12.2100003063679 -22.413793951273
      endloop
   endfacet
   facet normal 0 1 0
      outer loop
         vertex -36.2068973481655 12.2100003063679 -22.413793951273
         vertex -32.7586196362972 12.2100003063679 -25.8620698004961
         vertex -36.2068973481655 12.2100003063679 -25.8620698004961
      endloop
   endfacet
   facet normal 0 1 0
      outer loop
         vertex -36.2068973481655 12.2100003063679 -25.8620698004961
         vertex -32.7586196362972 12.2100003063679 -25.8620698004961
         vertex -32.7586196362972 12.2100003063679 -29.3103456497192
      endloop
   endfacet
   facet normal 0 1 0
      outer loop
         vertex -36.2068973481655 12.2100003063679 -25.8620698004961
         vertex -32.7586196362972 12.2100003063679 -29.3103456497192
         vertex -36.2068973481655 12.2100003063679 -29.3103456497192
      endloop
   endfacet
   facet normal 0 1 0
      outer loop
         vertex -36.2068973481655 12.2100003063679 -29.3103456497192
         vertex -32.7586196362972 12.2100003063679 -29.3103456497192
         vertex -32.7586196362972 12.2100003063679 -32.7586196362972
      endloop
   endfacet
   facet normal 0 1 0
      outer loop
         vertex -34.9118411540985 12.2100003063679 -35.7933416962624
         vertex -38.3022204041481 12.2100003063679 -32.1393795311451
         vertex -36.2068973481655 12.2100003063679 -32.7586196362972
      endloop
   endfacet
   facet normal 0 1 0
      outer loop
         vertex -32.7586196362972 12.2100003063679 32.7586196362972
         vertex -32.7586196362972 12.2100003063679 36.2068973481655
         vertex -29.3103456497192 12.2100003063679 32.7586196362972
      endloop
   endfacet
   facet normal 0 1 0
      outer loop
         vertex -29.3103456497192 12.2100003063679 32.7586196362972
         vertex -32.7586196362972 12.2100003063679 36.2068973481655
         vertex -29.3103456497192 12.2100003063679 36.2068973481655
      endloop
   endfacet
   facet normal 0 1 0
      outer loop
         vertex -29.3103456497192 12.2100003063679 32.7586196362972
         vertex -29.3103456497192 12.2100003063679 36.2068973481655
         vertex -25.8620698004961 12.2100003063679 32.7586196362972
      endloop
   endfacet
   facet normal 0 1 0
      outer loop
         vertex -25.8620698004961 12.2100003063679 32.7586196362972
         vertex -29.3103456497192 12.2100003063679 36.2068973481655
         vertex -25.8620698004961 12.2100003063679 36.2068973481655
      endloop
   endfacet
   facet normal 0 1 0
      outer loop
         vertex -25.8620698004961 12.2100003063679 32.7586196362972
         vertex -25.8620698004961 12.2100003063679 36.2068973481655
         vertex -22.413793951273 12.2100003063679 32.7586196362972
      endloop
   endfacet
   facet normal 0 1 0
      outer loop
         vertex -22.413793951273 12.2100003063679 32.7586196362972
         vertex -25.8620698004961 12.2100003063679 36.2068973481655
         vertex -22.413793951273 12.2100003063679 36.2068973481655
      endloop
   endfacet
   facet normal 0 1 0
      outer loop
         vertex -22.413793951273 12.2100003063679 32.7586196362972
         vertex -22.413793951273 12.2100003063679 36.2068973481655
         vertex -18.9655181020498 12.2100003063679 32.7586196362972
      endloop
   endfacet
   facet normal 0 1 0
      outer loop
         vertex -18.9655181020498 12.2100003063679 32.7586196362972
         vertex -22.413793951273 12.2100003063679 36.2068973481655
         vertex -18.9655181020498 12.2100003063679 36.2068973481655
      endloop
   endfacet
   facet normal 0 1 0
      outer loop
         vertex -18.9655181020498 12.2100003063679 32.7586196362972
         vertex -18.9655181020498 12.2100003063679 36.2068973481655
         vertex -15.5172413215041 12.2100003063679 32.7586196362972
      endloop
   endfacet
   facet normal 0 1 0
      outer loop
         vertex -15.5172413215041 12.2100003063679 32.7586196362972
         vertex -18.9655181020498 12.2100003063679 36.2068973481655
         vertex -15.5172413215041 12.2100003063679 36.2068973481655
      endloop
   endfacet
   facet normal 0 1 0
      outer loop
         vertex -15.5172413215041 12.2100003063679 32.7586196362972
         vertex -15.5172413215041 12.2100003063679 36.2068973481655
         vertex -12.068965472281 12.2100003063679 32.7586196362972
      endloop
   endfacet
   facet normal 0 1 0
      outer loop
         vertex -12.068965472281 12.2100003063679 32.7586196362972
         vertex -15.5172413215041 12.2100003063679 36.2068973481655
         vertex -12.068965472281 12.2100003063679 36.2068973481655
      endloop
   endfacet
   facet normal 0 1 0
      outer loop
         vertex -12.068965472281 12.2100003063679 32.7586196362972
         vertex -12.068965472281 12.2100003063679 36.2068973481655
         vertex -8.62068962305784 12.2100003063679 32.7586196362972
      endloop
   endfacet
   facet normal 0 1 0
      outer loop
         vertex -8.62068962305784 12.2100003063679 32.7586196362972
         vertex -12.068965472281 12.2100003063679 36.2068973481655
         vertex -8.62068962305784 12.2100003063679 36.2068973481655
      endloop
   endfacet
   facet normal 0 1 0
      outer loop
         vertex -8.62068962305784 12.2100003063679 32.7586196362972
         vertex -8.62068962305784 12.2100003063679 36.2068973481655
         vertex -5.17241377383471 12.2100003063679 32.7586196362972
      endloop
   endfacet
   facet normal 0 1 0
      outer loop
         vertex -5.17241377383471 12.2100003063679 32.7586196362972
         vertex -8.62068962305784 12.2100003063679 36.2068973481655
         vertex -5.17241377383471 12.2100003063679 36.2068973481655
      endloop
   endfacet
   facet normal 0 1 0
      outer loop
         vertex -5.17241377383471 12.2100003063679 32.7586196362972
         vertex -5.17241377383471 12.2100003063679 36.2068973481655
         vertex -1.72413792461157 12.2100003063679 32.7586196362972
      endloop
   endfacet
   facet normal 0 1 0
      outer loop
         vertex -1.72413792461157 12.2100003063679 32.7586196362972
         vertex -5.17241377383471 12.2100003063679 36.2068973481655
         vertex -1.72413792461157 12.2100003063679 36.2068973481655
      endloop
   endfacet
   facet normal 0 1 0
      outer loop
         vertex -1.72413792461157 12.2100003063679 32.7586196362972
         vertex -1.72413792461157 12.2100003063679 36.2068973481655
         vertex 1.72413792461157 12.2100003063679 32.7586196362972
      endloop
   endfacet
   facet normal 0 1 0
      outer loop
         vertex 1.72413792461157 12.2100003063679 32.7586196362972
         vertex -1.72413792461157 12.2100003063679 36.2068973481655
         vertex 1.72413792461157 12.2100003063679 36.2068973481655
      endloop
   endfacet
   facet normal 0 1 0
      outer loop
         vertex 1.72413792461157 12.2100003063679 32.7586196362972
         vertex 1.72413792461157 12.2100003063679 36.2068973481655
         vertex 5.17241377383471 12.2100003063679 32.7586196362972
      endloop
   endfacet
   facet normal 0 1 0
      outer loop
         vertex 5.17241377383471 12.2100003063679 32.7586196362972
         vertex 1.72413792461157 12.2100003063679 36.2068973481655
         vertex 5.17241377383471 12.2100003063679 36.2068973481655
      endloop
   endfacet
   facet normal 0 1 0
      outer loop
         vertex 5.17241377383471 12.2100003063679 32.7586196362972
         vertex 5.17241377383471 12.2100003063679 36.2068973481655
         vertex 8.62068962305784 12.2100003063679 32.7586196362972
      endloop
   endfacet
   facet normal 0 1 0
      outer loop
         vertex 8.62068962305784 12.2100003063679 32.7586196362972
         vertex 5.17241377383471 12.2100003063679 36.2068973481655
         vertex 8.62068962305784 12.2100003063679 36.2068973481655
      endloop
   endfacet
   facet normal 0 1 0
      outer loop
         vertex 8.62068962305784 12.2100003063679 32.7586196362972
         vertex 8.62068962305784 12.2100003063679 36.2068973481655
         vertex 12.068965472281 12.2100003063679 32.7586196362972
      endloop
   endfacet
   facet normal 0 1 0
      outer loop
         vertex 12.068965472281 12.2100003063679 32.7586196362972
         vertex 8.62068962305784 12.2100003063679 36.2068973481655
         vertex 12.068965472281 12.2100003063679 36.2068973481655
      endloop
   endfacet
   facet normal 0 1 0
      outer loop
         vertex 12.068965472281 12.2100003063679 32.7586196362972
         vertex 12.068965472281 12.2100003063679 36.2068973481655
         vertex 15.5172413215041 12.2100003063679 32.7586196362972
      endloop
   endfacet
   facet normal 0 1 0
      outer loop
         vertex 15.5172413215041 12.2100003063679 32.7586196362972
         vertex 12.068965472281 12.2100003063679 36.2068973481655
         vertex 15.5172413215041 12.2100003063679 36.2068973481655
      endloop
   endfacet
   facet normal 0 1 0
      outer loop
         vertex 15.5172413215041 12.2100003063679 32.7586196362972
         vertex 15.5172413215041 12.2100003063679 36.2068973481655
         vertex 18.9655181020498 12.2100003063679 32.7586196362972
      endloop
   endfacet
   facet normal 0 1 0
      outer loop
         vertex 18.9655181020498 12.2100003063679 32.7586196362972
         vertex 15.5172413215041 12.2100003063679 36.2068973481655
         vertex 18.9655181020498 12.2100003063679 36.2068973481655
      endloop
   endfacet
   facet normal 0 1 0
      outer loop
         vertex 18.9655181020498 12.2100003063679 32.7586196362972
         vertex 18.9655181020498 12.2100003063679 36.2068973481655
         vertex 22.413793951273 12.2100003063679 32.7586196362972
      endloop
   endfacet
   facet normal 0 1 0
      outer loop
         vertex 22.413793951273 12.2100003063679 32.7586196362972
         vertex 18.9655181020498 12.2100003063679 36.2068973481655
         vertex 22.413793951273 12.2100003063679 36.2068973481655
      endloop
   endfacet
   facet normal 0 1 0
      outer loop
         vertex 22.413793951273 12.2100003063679 32.7586196362972
         vertex 22.413793951273 12.2100003063679 36.2068973481655
         vertex 25.8620698004961 12.2100003063679 32.7586196362972
      endloop
   endfacet
   facet normal 0 1 0
      outer loop
         vertex 25.8620698004961 12.2100003063679 32.7586196362972
         vertex 22.413793951273 12.2100003063679 36.2068973481655
         vertex 25.8620698004961 12.2100003063679 36.2068973481655
      endloop
   endfacet
   facet normal 0 1 0
      outer loop
         vertex 25.8620698004961 12.2100003063679 32.7586196362972
         vertex 25.8620698004961 12.2100003063679 36.2068973481655
         vertex 29.3103456497192 12.2100003063679 32.7586196362972
      endloop
   endfacet
   facet normal 0 1 0
      outer loop
         vertex 29.3103456497192 12.2100003063679 32.7586196362972
         vertex 25.8620698004961 12.2100003063679 36.2068973481655
         vertex 29.3103456497192 12.2100003063679 36.2068973481655
      endloop
   endfacet
   facet normal 0 1 0
      outer loop
         vertex 29.3103456497192 12.2100003063679 32.7586196362972
         vertex 29.3103456497192 12.2100003063679 36.2068973481655
         vertex 32.7586196362972 12.2100003063679 32.7586196362972
      endloop
   endfacet
   facet normal 0 1 0
      outer loop
         vertex 32.7586196362972 12.2100003063679 32.7586196362972
         vertex 29.3103456497192 12.2100003063679 36.2068973481655
         vertex 32.7586196362972 12.2100003063679 36.2068973481655
      endloop
   endfacet
   facet normal 0 1 0
      outer loop
         vertex 32.7586196362972 12.2100003063679 32.7586196362972
         vertex 32.7586196362972 12.2100003063679 36.2068973481655
         vertex 36.6525948047638 12.2100003063679 34.0086370706558
      endloop
   endfacet
   facet normal 0 1 0
      outer loop
         vertex 36.6525948047638 12.2100003063679 34.0086370706558
         vertex 32.7586196362972 12.2100003063679 36.2068973481655
         vertex 33.0842919647694 12.2100003063679 37.4890603125095
      endloop
   endfacet
   facet normal 0 1 0
      outer loop
         vertex -29.3103456497192 12.2100003063679 22.413793951273
         vertex -32.7586196362972 12.2100003063679 22.413793951273
         vertex -32.7586196362972 12.2100003063679 25.8620698004961
      endloop
   endfacet
   facet normal 0 1 0
      outer loop
         vertex -32.7586196362972 12.2100003063679 25.8620698004961
         vertex -32.7586196362972 12.2100003063679 22.413793951273
         vertex -36.2068973481655 12.2100003063679 25.8620698004961
      endloop
   endfacet
   facet normal 0 1 0
      outer loop
         vertex -36.2068973481655 12.2100003063679 15.5172413215041
         vertex -32.7586196362972 12.2100003063679 15.5172413215041
         vertex -32.7586196362972 12.2100003063679 12.068965472281
      endloop
   endfacet
   facet normal 0 1 0
      outer loop
         vertex -32.7586196362972 12.2100003063679 12.068965472281
         vertex -32.7586196362972 12.2100003063679 15.5172413215041
         vertex -29.3103456497192 12.2100003063679 12.068965472281
      endloop
   endfacet
   facet normal 0 1 0
      outer loop
         vertex -32.7586196362972 12.2100003063679 12.068965472281
         vertex -29.3103456497192 12.2100003063679 12.068965472281
         vertex -29.3103456497192 12.2100003063679 8.62068962305784
      endloop
   endfacet
   facet normal 0 1 0
      outer loop
         vertex -29.3103456497192 12.2100003063679 8.62068962305784
         vertex -29.3103456497192 12.2100003063679 12.068965472281
         vertex -25.8620698004961 12.2100003063679 8.62068962305784
      endloop
   endfacet
   facet normal 0 1 0
      outer loop
         vertex -29.3103456497192 12.2100003063679 8.62068962305784
         vertex -25.8620698004961 12.2100003063679 8.62068962305784
         vertex -25.8620698004961 12.2100003063679 5.17241377383471
      endloop
   endfacet
   facet normal 0 1 0
      outer loop
         vertex -25.8620698004961 12.2100003063679 5.17241377383471
         vertex -25.8620698004961 12.2100003063679 8.62068962305784
         vertex -22.413793951273 12.2100003063679 5.17241377383471
      endloop
   endfacet
   facet normal 0 1 0
      outer loop
         vertex -25.8620698004961 12.2100003063679 5.17241377383471
         vertex -22.413793951273 12.2100003063679 5.17241377383471
         vertex -22.413793951273 12.2100003063679 1.72413792461157
      endloop
   endfacet
   facet normal 0 1 0
      outer loop
         vertex -22.413793951273 12.2100003063679 1.72413792461157
         vertex -22.413793951273 12.2100003063679 5.17241377383471
         vertex -18.9655181020498 12.2100003063679 1.72413792461157
      endloop
   endfacet
   facet normal 0 1 0
      outer loop
         vertex -22.413793951273 12.2100003063679 1.72413792461157
         vertex -18.9655181020498 12.2100003063679 1.72413792461157
         vertex -18.9655181020498 12.2100003063679 -1.72413792461157
      endloop
   endfacet
   facet normal 0 1 0
      outer loop
         vertex -18.9655181020498 12.2100003063679 -1.72413792461157
         vertex -18.9655181020498 12.2100003063679 1.72413792461157
         vertex -15.5172413215041 12.2100003063679 -1.72413792461157
      endloop
   endfacet
   facet normal 0 1 0
      outer loop
         vertex -18.9655181020498 12.2100003063679 -1.72413792461157
         vertex -15.5172413215041 12.2100003063679 -1.72413792461157
         vertex -15.5172413215041 12.2100003063679 -5.17241377383471
      endloop
   endfacet
   facet normal 0 1 0
      outer loop
         vertex -15.5172413215041 12.2100003063679 -5.17241377383471
         vertex -15.5172413215041 12.2100003063679 -1.72413792461157
         vertex -12.068965472281 12.2100003063679 -5.17241377383471
      endloop
   endfacet
   facet normal 0 1 0
      outer loop
         vertex -15.5172413215041 12.2100003063679 -5.17241377383471
         vertex -12.068965472281 12.2100003063679 -5.17241377383471
         vertex -12.068965472281 12.2100003063679 -8.62068962305784
      endloop
   endfacet
   facet normal 0 1 0
      outer loop
         vertex -12.068965472281 12.2100003063679 -8.62068962305784
         vertex -12.068965472281 12.2100003063679 -5.17241377383471
         vertex -8.62068962305784 12.2100003063679 -8.62068962305784
      endloop
   endfacet
   facet normal 0 1 0
      outer loop
         vertex -12.068965472281 12.2100003063679 -8.62068962305784
         vertex -8.62068962305784 12.2100003063679 -8.62068962305784
         vertex -8.62068962305784 12.2100003063679 -12.068965472281
      endloop
   endfacet
   facet normal 0 1 0
      outer loop
         vertex -8.62068962305784 12.2100003063679 -12.068965472281
         vertex -8.62068962305784 12.2100003063679 -8.62068962305784
         vertex -5.17241377383471 12.2100003063679 -12.068965472281
      endloop
   endfacet
   facet normal 0 1 0
      outer loop
         vertex -8.62068962305784 12.2100003063679 -12.068965472281
         vertex -5.17241377383471 12.2100003063679 -12.068965472281
         vertex -5.17241377383471 12.2100003063679 -15.5172413215041
      endloop
   endfacet
   facet normal 0 1 0
      outer loop
         vertex -5.17241377383471 12.2100003063679 -15.5172413215041
         vertex -5.17241377383471 12.2100003063679 -12.068965472281
         vertex -1.72413792461157 12.2100003063679 -15.5172413215041
      endloop
   endfacet
   facet normal 0 1 0
      outer loop
         vertex -5.17241377383471 12.2100003063679 -15.5172413215041
         vertex -1.72413792461157 12.2100003063679 -15.5172413215041
         vertex -1.72413792461157 12.2100003063679 -18.9655181020498
      endloop
   endfacet
   facet normal 0 1 0
      outer loop
         vertex -1.72413792461157 12.2100003063679 -18.9655181020498
         vertex -1.72413792461157 12.2100003063679 -15.5172413215041
         vertex 1.72413792461157 12.2100003063679 -18.9655181020498
      endloop
   endfacet
   facet normal 0 1 0
      outer loop
         vertex -1.72413792461157 12.2100003063679 -18.9655181020498
         vertex 1.72413792461157 12.2100003063679 -18.9655181020498
         vertex 1.72413792461157 12.2100003063679 -22.413793951273
      endloop
   endfacet
   facet normal 0 1 0
      outer loop
         vertex 1.72413792461157 12.2100003063679 -22.413793951273
         vertex 1.72413792461157 12.2100003063679 -18.9655181020498
         vertex 5.17241377383471 12.2100003063679 -22.413793951273
      endloop
   endfacet
   facet normal 0 1 0
      outer loop
         vertex 1.72413792461157 12.2100003063679 -22.413793951273
         vertex 5.17241377383471 12.2100003063679 -22.413793951273
         vertex 5.17241377383471 12.2100003063679 -25.8620698004961
      endloop
   endfacet
   facet normal 0 1 0
      outer loop
         vertex 5.17241377383471 12.2100003063679 -25.8620698004961
         vertex 5.17241377383471 12.2100003063679 -22.413793951273
         vertex 8.62068962305784 12.2100003063679 -25.8620698004961
      endloop
   endfacet
   facet normal 0 1 0
      outer loop
         vertex 5.17241377383471 12.2100003063679 -25.8620698004961
         vertex 8.62068962305784 12.2100003063679 -25.8620698004961
         vertex 8.62068962305784 12.2100003063679 -29.3103456497192
      endloop
   endfacet
   facet normal 0 1 0
      outer loop
         vertex 8.62068962305784 12.2100003063679 -29.3103456497192
         vertex 8.62068962305784 12.2100003063679 -25.8620698004961
         vertex 12.068965472281 12.2100003063679 -29.3103456497192
      endloop
   endfacet
   facet normal 0 1 0
      outer loop
         vertex 8.62068962305784 12.2100003063679 -29.3103456497192
         vertex 12.068965472281 12.2100003063679 -29.3103456497192
         vertex 12.068965472281 12.2100003063679 -32.7586196362972
      endloop
   endfacet
   facet normal 0 1 0
      outer loop
         vertex 12.068965472281 12.2100003063679 -32.7586196362972
         vertex 12.068965472281 12.2100003063679 -29.3103456497192
         vertex 15.5172413215041 12.2100003063679 -32.7586196362972
      endloop
   endfacet
   facet normal 0 1 0
      outer loop
         vertex 12.068965472281 12.2100003063679 -32.7586196362972
         vertex 15.5172413215041 12.2100003063679 -32.7586196362972
         vertex 15.5172413215041 12.2100003063679 -36.2068973481655
      endloop
   endfacet
   facet normal 0 1 0
      outer loop
         vertex 15.5172413215041 12.2100003063679 -36.2068973481655
         vertex 15.5172413215041 12.2100003063679 -32.7586196362972
         vertex 18.9655181020498 12.2100003063679 -36.2068973481655
      endloop
   endfacet
   facet normal 0 1 0
      outer loop
         vertex 15.5172413215041 12.2100003063679 -36.2068973481655
         vertex 18.9655181020498 12.2100003063679 -36.2068973481655
         vertex 18.9655181020498 12.2100003063679 -39.6551713347435
      endloop
   endfacet
   facet normal 0 1 0
      outer loop
         vertex 18.9655181020498 12.2100003063679 -39.6551713347435
         vertex 18.9655181020498 12.2100003063679 -36.2068973481655
         vertex 22.413793951273 12.2100003063679 -39.6551713347435
      endloop
   endfacet
   facet normal 0 1 0
      outer loop
         vertex 18.9655181020498 12.2100003063679 -39.6551713347435
         vertex 22.413793951273 12.2100003063679 -39.6551713347435
         vertex 22.413793951273 12.2100003063679 -43.1034490466118
      endloop
   endfacet
   facet normal 0 1 0
      outer loop
         vertex -32.7586196362972 12.2100003063679 1.72413792461157
         vertex -29.3103456497192 12.2100003063679 -1.72413792461157
         vertex -32.7586196362972 12.2100003063679 -1.72413792461157
      endloop
   endfacet
   facet normal 0 1 0
      outer loop
         vertex -32.7586196362972 12.2100003063679 -1.72413792461157
         vertex -29.3103456497192 12.2100003063679 -1.72413792461157
         vertex -29.3103456497192 12.2100003063679 -5.17241377383471
      endloop
   endfacet
   facet normal 0 1 0
      outer loop
         vertex -32.7586196362972 12.2100003063679 -1.72413792461157
         vertex -29.3103456497192 12.2100003063679 -5.17241377383471
         vertex -32.7586196362972 12.2100003063679 -5.17241377383471
      endloop
   endfacet
   facet normal 0 1 0
      outer loop
         vertex -32.7586196362972 12.2100003063679 -5.17241377383471
         vertex -29.3103456497192 12.2100003063679 -5.17241377383471
         vertex -29.3103456497192 12.2100003063679 -8.62068962305784
      endloop
   endfacet
   facet normal 0 1 0
      outer loop
         vertex -32.7586196362972 12.2100003063679 -5.17241377383471
         vertex -29.3103456497192 12.2100003063679 -8.62068962305784
         vertex -32.7586196362972 12.2100003063679 -8.62068962305784
      endloop
   endfacet
   facet normal 0 1 0
      outer loop
         vertex -32.7586196362972 12.2100003063679 -8.62068962305784
         vertex -29.3103456497192 12.2100003063679 -8.62068962305784
         vertex -29.3103456497192 12.2100003063679 -12.068965472281
      endloop
   endfacet
   facet normal 0 1 0
      outer loop
         vertex -32.7586196362972 12.2100003063679 -8.62068962305784
         vertex -29.3103456497192 12.2100003063679 -12.068965472281
         vertex -32.7586196362972 12.2100003063679 -12.068965472281
      endloop
   endfacet
   facet normal 0 1 0
      outer loop
         vertex -32.7586196362972 12.2100003063679 -12.068965472281
         vertex -29.3103456497192 12.2100003063679 -12.068965472281
         vertex -29.3103456497192 12.2100003063679 -15.5172413215041
      endloop
   endfacet
   facet normal 0 1 0
      outer loop
         vertex -32.7586196362972 12.2100003063679 -12.068965472281
         vertex -29.3103456497192 12.2100003063679 -15.5172413215041
         vertex -32.7586196362972 12.2100003063679 -15.5172413215041
      endloop
   endfacet
   facet normal 0 1 0
      outer loop
         vertex -32.7586196362972 12.2100003063679 -15.5172413215041
         vertex -29.3103456497192 12.2100003063679 -15.5172413215041
         vertex -29.3103456497192 12.2100003063679 -18.9655181020498
      endloop
   endfacet
   facet normal 0 1 0
      outer loop
         vertex -32.7586196362972 12.2100003063679 -15.5172413215041
         vertex -29.3103456497192 12.2100003063679 -18.9655181020498
         vertex -32.7586196362972 12.2100003063679 -18.9655181020498
      endloop
   endfacet
   facet normal 0 1 0
      outer loop
         vertex -32.7586196362972 12.2100003063679 -18.9655181020498
         vertex -29.3103456497192 12.2100003063679 -18.9655181020498
         vertex -29.3103456497192 12.2100003063679 -22.413793951273
      endloop
   endfacet
   facet normal 0 1 0
      outer loop
         vertex -32.7586196362972 12.2100003063679 -18.9655181020498
         vertex -29.3103456497192 12.2100003063679 -22.413793951273
         vertex -32.7586196362972 12.2100003063679 -22.413793951273
      endloop
   endfacet
   facet normal 0 1 0
      outer loop
         vertex -32.7586196362972 12.2100003063679 -22.413793951273
         vertex -29.3103456497192 12.2100003063679 -22.413793951273
         vertex -29.3103456497192 12.2100003063679 -25.8620698004961
      endloop
   endfacet
   facet normal 0 1 0
      outer loop
         vertex -32.7586196362972 12.2100003063679 -25.8620698004961
         vertex -29.3103456497192 12.2100003063679 -29.3103456497192
         vertex -32.7586196362972 12.2100003063679 -29.3103456497192
      endloop
   endfacet
   facet normal 0 1 0
      outer loop
         vertex -32.7586196362972 12.2100003063679 -29.3103456497192
         vertex -29.3103456497192 12.2100003063679 -29.3103456497192
         vertex -29.3103456497192 12.2100003063679 -32.7586196362972
      endloop
   endfacet
   facet normal 0 1 0
      outer loop
         vertex -32.7586196362972 12.2100003063679 -29.3103456497192
         vertex -29.3103456497192 12.2100003063679 -32.7586196362972
         vertex -32.7586196362972 12.2100003063679 -32.7586196362972
      endloop
   endfacet
   facet normal 0 1 0
      outer loop
         vertex -32.7586196362972 12.2100003063679 -32.7586196362972
         vertex -29.3103456497192 12.2100003063679 -32.7586196362972
         vertex -29.3103456497192 12.2100003063679 -36.2068973481655
      endloop
   endfacet
   facet normal 0 1 0
      outer loop
         vertex -32.7586196362972 12.2100003063679 -32.7586196362972
         vertex -29.3103456497192 12.2100003063679 -36.2068973481655
         vertex -32.7586196362972 12.2100003063679 -36.2068973481655
      endloop
   endfacet
   facet normal 0 1 0
      outer loop
         vertex -25.8620698004961 12.2100003063679 22.413793951273
         vertex -29.3103456497192 12.2100003063679 22.413793951273
         vertex -29.3103456497192 12.2100003063679 25.8620698004961
      endloop
   endfacet
   facet normal 0 1 0
      outer loop
         vertex -29.3103456497192 12.2100003063679 25.8620698004961
         vertex -29.3103456497192 12.2100003063679 22.413793951273
         vertex -32.7586196362972 12.2100003063679 25.8620698004961
      endloop
   endfacet
   facet normal 0 1 0
      outer loop
         vertex -32.7586196362972 12.2100003063679 15.5172413215041
         vertex -29.3103456497192 12.2100003063679 15.5172413215041
         vertex -29.3103456497192 12.2100003063679 12.068965472281
      endloop
   endfacet
   facet normal 0 1 0
      outer loop
         vertex -29.3103456497192 12.2100003063679 12.068965472281
         vertex -29.3103456497192 12.2100003063679 15.5172413215041
         vertex -25.8620698004961 12.2100003063679 12.068965472281
      endloop
   endfacet
   facet normal 0 1 0
      outer loop
         vertex -29.3103456497192 12.2100003063679 12.068965472281
         vertex -25.8620698004961 12.2100003063679 12.068965472281
         vertex -25.8620698004961 12.2100003063679 8.62068962305784
      endloop
   endfacet
   facet normal 0 1 0
      outer loop
         vertex -25.8620698004961 12.2100003063679 8.62068962305784
         vertex -25.8620698004961 12.2100003063679 12.068965472281
         vertex -22.413793951273 12.2100003063679 8.62068962305784
      endloop
   endfacet
   facet normal 0 1 0
      outer loop
         vertex -25.8620698004961 12.2100003063679 8.62068962305784
         vertex -22.413793951273 12.2100003063679 8.62068962305784
         vertex -22.413793951273 12.2100003063679 5.17241377383471
      endloop
   endfacet
   facet normal 0 1 0
      outer loop
         vertex -22.413793951273 12.2100003063679 5.17241377383471
         vertex -22.413793951273 12.2100003063679 8.62068962305784
         vertex -18.9655181020498 12.2100003063679 5.17241377383471
      endloop
   endfacet
   facet normal 0 1 0
      outer loop
         vertex -22.413793951273 12.2100003063679 5.17241377383471
         vertex -18.9655181020498 12.2100003063679 5.17241377383471
         vertex -18.9655181020498 12.2100003063679 1.72413792461157
      endloop
   endfacet
   facet normal 0 1 0
      outer loop
         vertex -18.9655181020498 12.2100003063679 1.72413792461157
         vertex -18.9655181020498 12.2100003063679 5.17241377383471
         vertex -15.5172413215041 12.2100003063679 1.72413792461157
      endloop
   endfacet
   facet normal 0 1 0
      outer loop
         vertex -18.9655181020498 12.2100003063679 1.72413792461157
         vertex -15.5172413215041 12.2100003063679 1.72413792461157
         vertex -15.5172413215041 12.2100003063679 -1.72413792461157
      endloop
   endfacet
   facet normal 0 1 0
      outer loop
         vertex -15.5172413215041 12.2100003063679 -1.72413792461157
         vertex -15.5172413215041 12.2100003063679 1.72413792461157
         vertex -12.068965472281 12.2100003063679 -1.72413792461157
      endloop
   endfacet
   facet normal 0 1 0
      outer loop
         vertex -15.5172413215041 12.2100003063679 -1.72413792461157
         vertex -12.068965472281 12.2100003063679 -1.72413792461157
         vertex -12.068965472281 12.2100003063679 -5.17241377383471
      endloop
   endfacet
   facet normal 0 1 0
      outer loop
         vertex -12.068965472281 12.2100003063679 -5.17241377383471
         vertex -12.068965472281 12.2100003063679 -1.72413792461157
         vertex -8.62068962305784 12.2100003063679 -5.17241377383471
      endloop
   endfacet
   facet normal 0 1 0
      outer loop
         vertex -12.068965472281 12.2100003063679 -5.17241377383471
         vertex -8.62068962305784 12.2100003063679 -5.17241377383471
         vertex -8.62068962305784 12.2100003063679 -8.62068962305784
      endloop
   endfacet
   facet normal 0 1 0
      outer loop
         vertex -8.62068962305784 12.2100003063679 -8.62068962305784
         vertex -8.62068962305784 12.2100003063679 -5.17241377383471
         vertex -5.17241377383471 12.2100003063679 -8.62068962305784
      endloop
   endfacet
   facet normal 0 1 0
      outer loop
         vertex -8.62068962305784 12.2100003063679 -8.62068962305784
         vertex -5.17241377383471 12.2100003063679 -8.62068962305784
         vertex -5.17241377383471 12.2100003063679 -12.068965472281
      endloop
   endfacet
   facet normal 0 1 0
      outer loop
         vertex -5.17241377383471 12.2100003063679 -12.068965472281
         vertex -5.17241377383471 12.2100003063679 -8.62068962305784
         vertex -1.72413792461157 12.2100003063679 -12.068965472281
      endloop
   endfacet
   facet normal 0 1 0
      outer loop
         vertex -5.17241377383471 12.2100003063679 -12.068965472281
         vertex -1.72413792461157 12.2100003063679 -12.068965472281
         vertex -1.72413792461157 12.2100003063679 -15.5172413215041
      endloop
   endfacet
   facet normal 0 1 0
      outer loop
         vertex -1.72413792461157 12.2100003063679 -15.5172413215041
         vertex -1.72413792461157 12.2100003063679 -12.068965472281
         vertex 1.72413792461157 12.2100003063679 -15.5172413215041
      endloop
   endfacet
   facet normal 0 1 0
      outer loop
         vertex -1.72413792461157 12.2100003063679 -15.5172413215041
         vertex 1.72413792461157 12.2100003063679 -15.5172413215041
         vertex 1.72413792461157 12.2100003063679 -18.9655181020498
      endloop
   endfacet
   facet normal 0 1 0
      outer loop
         vertex 1.72413792461157 12.2100003063679 -18.9655181020498
         vertex 1.72413792461157 12.2100003063679 -15.5172413215041
         vertex 5.17241377383471 12.2100003063679 -18.9655181020498
      endloop
   endfacet
   facet normal 0 1 0
      outer loop
         vertex 1.72413792461157 12.2100003063679 -18.9655181020498
         vertex 5.17241377383471 12.2100003063679 -18.9655181020498
         vertex 5.17241377383471 12.2100003063679 -22.413793951273
      endloop
   endfacet
   facet normal 0 1 0
      outer loop
         vertex 5.17241377383471 12.2100003063679 -22.413793951273
         vertex 5.17241377383471 12.2100003063679 -18.9655181020498
         vertex 8.62068962305784 12.2100003063679 -22.413793951273
      endloop
   endfacet
   facet normal 0 1 0
      outer loop
         vertex 5.17241377383471 12.2100003063679 -22.413793951273
         vertex 8.62068962305784 12.2100003063679 -22.413793951273
         vertex 8.62068962305784 12.2100003063679 -25.8620698004961
      endloop
   endfacet
   facet normal 0 1 0
      outer loop
         vertex 8.62068962305784 12.2100003063679 -25.8620698004961
         vertex 8.62068962305784 12.2100003063679 -22.413793951273
         vertex 12.068965472281 12.2100003063679 -25.8620698004961
      endloop
   endfacet
   facet normal 0 1 0
      outer loop
         vertex 8.62068962305784 12.2100003063679 -25.8620698004961
         vertex 12.068965472281 12.2100003063679 -25.8620698004961
         vertex 12.068965472281 12.2100003063679 -29.3103456497192
      endloop
   endfacet
   facet normal 0 1 0
      outer loop
         vertex 12.068965472281 12.2100003063679 -29.3103456497192
         vertex 12.068965472281 12.2100003063679 -25.8620698004961
         vertex 15.5172413215041 12.2100003063679 -29.3103456497192
      endloop
   endfacet
   facet normal 0 1 0
      outer loop
         vertex 12.068965472281 12.2100003063679 -29.3103456497192
         vertex 15.5172413215041 12.2100003063679 -29.3103456497192
         vertex 15.5172413215041 12.2100003063679 -32.7586196362972
      endloop
   endfacet
   facet normal 0 1 0
      outer loop
         vertex 15.5172413215041 12.2100003063679 -32.7586196362972
         vertex 15.5172413215041 12.2100003063679 -29.3103456497192
         vertex 18.9655181020498 12.2100003063679 -32.7586196362972
      endloop
   endfacet
   facet normal 0 1 0
      outer loop
         vertex 15.5172413215041 12.2100003063679 -32.7586196362972
         vertex 18.9655181020498 12.2100003063679 -32.7586196362972
         vertex 18.9655181020498 12.2100003063679 -36.2068973481655
      endloop
   endfacet
   facet normal 0 1 0
      outer loop
         vertex 18.9655181020498 12.2100003063679 -36.2068973481655
         vertex 18.9655181020498 12.2100003063679 -32.7586196362972
         vertex 22.413793951273 12.2100003063679 -36.2068973481655
      endloop
   endfacet
   facet normal 0 1 0
      outer loop
         vertex 18.9655181020498 12.2100003063679 -36.2068973481655
         vertex 22.413793951273 12.2100003063679 -36.2068973481655
         vertex 22.413793951273 12.2100003063679 -39.6551713347435
      endloop
   endfacet
   facet normal 0 1 0
      outer loop
         vertex -29.3103456497192 12.2100003063679 -1.72413792461157
         vertex -25.8620698004961 12.2100003063679 -5.17241377383471
         vertex -29.3103456497192 12.2100003063679 -5.17241377383471
      endloop
   endfacet
   facet normal 0 1 0
      outer loop
         vertex -29.3103456497192 12.2100003063679 -5.17241377383471
         vertex -25.8620698004961 12.2100003063679 -5.17241377383471
         vertex -25.8620698004961 12.2100003063679 -8.62068962305784
      endloop
   endfacet
   facet normal 0 1 0
      outer loop
         vertex -29.3103456497192 12.2100003063679 -5.17241377383471
         vertex -25.8620698004961 12.2100003063679 -8.62068962305784
         vertex -29.3103456497192 12.2100003063679 -8.62068962305784
      endloop
   endfacet
   facet normal 0 1 0
      outer loop
         vertex -29.3103456497192 12.2100003063679 -8.62068962305784
         vertex -25.8620698004961 12.2100003063679 -8.62068962305784
         vertex -25.8620698004961 12.2100003063679 -12.068965472281
      endloop
   endfacet
   facet normal 0 1 0
      outer loop
         vertex -29.3103456497192 12.2100003063679 -8.62068962305784
         vertex -25.8620698004961 12.2100003063679 -12.068965472281
         vertex -29.3103456497192 12.2100003063679 -12.068965472281
      endloop
   endfacet
   facet normal 0 1 0
      outer loop
         vertex -29.3103456497192 12.2100003063679 -12.068965472281
         vertex -25.8620698004961 12.2100003063679 -12.068965472281
         vertex -25.8620698004961 12.2100003063679 -15.5172413215041
      endloop
   endfacet
   facet normal 0 1 0
      outer loop
         vertex -29.3103456497192 12.2100003063679 -12.068965472281
         vertex -25.8620698004961 12.2100003063679 -15.5172413215041
         vertex -29.3103456497192 12.2100003063679 -15.5172413215041
      endloop
   endfacet
   facet normal 0 1 0
      outer loop
         vertex -29.3103456497192 12.2100003063679 -15.5172413215041
         vertex -25.8620698004961 12.2100003063679 -15.5172413215041
         vertex -25.8620698004961 12.2100003063679 -18.9655181020498
      endloop
   endfacet
   facet normal 0 1 0
      outer loop
         vertex -29.3103456497192 12.2100003063679 -15.5172413215041
         vertex -25.8620698004961 12.2100003063679 -18.9655181020498
         vertex -29.3103456497192 12.2100003063679 -18.9655181020498
      endloop
   endfacet
   facet normal 0 1 0
      outer loop
         vertex -29.3103456497192 12.2100003063679 -18.9655181020498
         vertex -25.8620698004961 12.2100003063679 -18.9655181020498
         vertex -25.8620698004961 12.2100003063679 -22.413793951273
      endloop
   endfacet
   facet normal 0 1 0
      outer loop
         vertex -29.3103456497192 12.2100003063679 -18.9655181020498
         vertex -25.8620698004961 12.2100003063679 -22.413793951273
         vertex -29.3103456497192 12.2100003063679 -22.413793951273
      endloop
   endfacet
   facet normal 0 1 0
      outer loop
         vertex -29.3103456497192 12.2100003063679 -22.413793951273
         vertex -25.8620698004961 12.2100003063679 -22.413793951273
         vertex -25.8620698004961 12.2100003063679 -25.8620698004961
      endloop
   endfacet
   facet normal 0 1 0
      outer loop
         vertex -29.3103456497192 12.2100003063679 -22.413793951273
         vertex -25.8620698004961 12.2100003063679 -25.8620698004961
         vertex -29.3103456497192 12.2100003063679 -25.8620698004961
      endloop
   endfacet
   facet normal 0 1 0
      outer loop
         vertex -29.3103456497192 12.2100003063679 -25.8620698004961
         vertex -25.8620698004961 12.2100003063679 -25.8620698004961
         vertex -25.8620698004961 12.2100003063679 -29.3103456497192
      endloop
   endfacet
   facet normal 0 1 0
      outer loop
         vertex -29.3103456497192 12.2100003063679 -29.3103456497192
         vertex -25.8620698004961 12.2100003063679 -32.7586196362972
         vertex -29.3103456497192 12.2100003063679 -32.7586196362972
      endloop
   endfacet
   facet normal 0 1 0
      outer loop
         vertex -29.3103456497192 12.2100003063679 -32.7586196362972
         vertex -25.8620698004961 12.2100003063679 -32.7586196362972
         vertex -25.8620698004961 12.2100003063679 -36.2068973481655
      endloop
   endfacet
   facet normal 0 1 0
      outer loop
         vertex -29.3103456497192 12.2100003063679 -32.7586196362972
         vertex -25.8620698004961 12.2100003063679 -36.2068973481655
         vertex -29.3103456497192 12.2100003063679 -36.2068973481655
      endloop
   endfacet
   facet normal 0 1 0
      outer loop
         vertex -29.3103456497192 12.2100003063679 -36.2068973481655
         vertex -25.8620698004961 12.2100003063679 -36.2068973481655
         vertex -25.8620698004961 12.2100003063679 -39.6551713347435
      endloop
   endfacet
   facet normal 0 1 0
      outer loop
         vertex -27.1273124963045 12.2100003063679 -42.0012958347797
         vertex -31.1744902282953 12.2100003063679 -39.0915758907795
         vertex -29.3103456497192 12.2100003063679 -39.6551713347435
      endloop
   endfacet
   facet normal 0 1 0
      outer loop
         vertex -22.413793951273 12.2100003063679 22.413793951273
         vertex -25.8620698004961 12.2100003063679 22.413793951273
         vertex -25.8620698004961 12.2100003063679 25.8620698004961
      endloop
   endfacet
   facet normal 0 1 0
      outer loop
         vertex -25.8620698004961 12.2100003063679 25.8620698004961
         vertex -25.8620698004961 12.2100003063679 22.413793951273
         vertex -29.3103456497192 12.2100003063679 25.8620698004961
      endloop
   endfacet
   facet normal 0 1 0
      outer loop
         vertex -29.3103456497192 12.2100003063679 15.5172413215041
         vertex -25.8620698004961 12.2100003063679 15.5172413215041
         vertex -25.8620698004961 12.2100003063679 12.068965472281
      endloop
   endfacet
   facet normal 0 1 0
      outer loop
         vertex -25.8620698004961 12.2100003063679 12.068965472281
         vertex -25.8620698004961 12.2100003063679 15.5172413215041
         vertex -22.413793951273 12.2100003063679 12.068965472281
      endloop
   endfacet
   facet normal 0 1 0
      outer loop
         vertex -25.8620698004961 12.2100003063679 12.068965472281
         vertex -22.413793951273 12.2100003063679 12.068965472281
         vertex -22.413793951273 12.2100003063679 8.62068962305784
      endloop
   endfacet
   facet normal 0 1 0
      outer loop
         vertex -22.413793951273 12.2100003063679 8.62068962305784
         vertex -22.413793951273 12.2100003063679 12.068965472281
         vertex -18.9655181020498 12.2100003063679 8.62068962305784
      endloop
   endfacet
   facet normal 0 1 0
      outer loop
         vertex -22.413793951273 12.2100003063679 8.62068962305784
         vertex -18.9655181020498 12.2100003063679 8.62068962305784
         vertex -18.9655181020498 12.2100003063679 5.17241377383471
      endloop
   endfacet
   facet normal 0 1 0
      outer loop
         vertex -18.9655181020498 12.2100003063679 5.17241377383471
         vertex -18.9655181020498 12.2100003063679 8.62068962305784
         vertex -15.5172413215041 12.2100003063679 5.17241377383471
      endloop
   endfacet
   facet normal 0 1 0
      outer loop
         vertex -18.9655181020498 12.2100003063679 5.17241377383471
         vertex -15.5172413215041 12.2100003063679 5.17241377383471
         vertex -15.5172413215041 12.2100003063679 1.72413792461157
      endloop
   endfacet
   facet normal 0 1 0
      outer loop
         vertex -15.5172413215041 12.2100003063679 1.72413792461157
         vertex -15.5172413215041 12.2100003063679 5.17241377383471
         vertex -12.068965472281 12.2100003063679 1.72413792461157
      endloop
   endfacet
   facet normal 0 1 0
      outer loop
         vertex -15.5172413215041 12.2100003063679 1.72413792461157
         vertex -12.068965472281 12.2100003063679 1.72413792461157
         vertex -12.068965472281 12.2100003063679 -1.72413792461157
      endloop
   endfacet
   facet normal 0 1 0
      outer loop
         vertex -12.068965472281 12.2100003063679 -1.72413792461157
         vertex -12.068965472281 12.2100003063679 1.72413792461157
         vertex -8.62068962305784 12.2100003063679 -1.72413792461157
      endloop
   endfacet
   facet normal 0 1 0
      outer loop
         vertex -12.068965472281 12.2100003063679 -1.72413792461157
         vertex -8.62068962305784 12.2100003063679 -1.72413792461157
         vertex -8.62068962305784 12.2100003063679 -5.17241377383471
      endloop
   endfacet
   facet normal 0 1 0
      outer loop
         vertex -8.62068962305784 12.2100003063679 -5.17241377383471
         vertex -8.62068962305784 12.2100003063679 -1.72413792461157
         vertex -5.17241377383471 12.2100003063679 -5.17241377383471
      endloop
   endfacet
   facet normal 0 1 0
      outer loop
         vertex -8.62068962305784 12.2100003063679 -5.17241377383471
         vertex -5.17241377383471 12.2100003063679 -5.17241377383471
         vertex -5.17241377383471 12.2100003063679 -8.62068962305784
      endloop
   endfacet
   facet normal 0 1 0
      outer loop
         vertex -5.17241377383471 12.2100003063679 -8.62068962305784
         vertex -5.17241377383471 12.2100003063679 -5.17241377383471
         vertex -1.72413792461157 12.2100003063679 -8.62068962305784
      endloop
   endfacet
   facet normal 0 1 0
      outer loop
         vertex -5.17241377383471 12.2100003063679 -8.62068962305784
         vertex -1.72413792461157 12.2100003063679 -8.62068962305784
         vertex -1.72413792461157 12.2100003063679 -12.068965472281
      endloop
   endfacet
   facet normal 0 1 0
      outer loop
         vertex -1.72413792461157 12.2100003063679 -12.068965472281
         vertex -1.72413792461157 12.2100003063679 -8.62068962305784
         vertex 1.72413792461157 12.2100003063679 -12.068965472281
      endloop
   endfacet
   facet normal 0 1 0
      outer loop
         vertex -1.72413792461157 12.2100003063679 -12.068965472281
         vertex 1.72413792461157 12.2100003063679 -12.068965472281
         vertex 1.72413792461157 12.2100003063679 -15.5172413215041
      endloop
   endfacet
   facet normal 0 1 0
      outer loop
         vertex 1.72413792461157 12.2100003063679 -15.5172413215041
         vertex 1.72413792461157 12.2100003063679 -12.068965472281
         vertex 5.17241377383471 12.2100003063679 -15.5172413215041
      endloop
   endfacet
   facet normal 0 1 0
      outer loop
         vertex 1.72413792461157 12.2100003063679 -15.5172413215041
         vertex 5.17241377383471 12.2100003063679 -15.5172413215041
         vertex 5.17241377383471 12.2100003063679 -18.9655181020498
      endloop
   endfacet
   facet normal 0 1 0
      outer loop
         vertex 5.17241377383471 12.2100003063679 -18.9655181020498
         vertex 5.17241377383471 12.2100003063679 -15.5172413215041
         vertex 8.62068962305784 12.2100003063679 -18.9655181020498
      endloop
   endfacet
   facet normal 0 1 0
      outer loop
         vertex 5.17241377383471 12.2100003063679 -18.9655181020498
         vertex 8.62068962305784 12.2100003063679 -18.9655181020498
         vertex 8.62068962305784 12.2100003063679 -22.413793951273
      endloop
   endfacet
   facet normal 0 1 0
      outer loop
         vertex 8.62068962305784 12.2100003063679 -22.413793951273
         vertex 8.62068962305784 12.2100003063679 -18.9655181020498
         vertex 12.068965472281 12.2100003063679 -22.413793951273
      endloop
   endfacet
   facet normal 0 1 0
      outer loop
         vertex 8.62068962305784 12.2100003063679 -22.413793951273
         vertex 12.068965472281 12.2100003063679 -22.413793951273
         vertex 12.068965472281 12.2100003063679 -25.8620698004961
      endloop
   endfacet
   facet normal 0 1 0
      outer loop
         vertex 12.068965472281 12.2100003063679 -25.8620698004961
         vertex 12.068965472281 12.2100003063679 -22.413793951273
         vertex 15.5172413215041 12.2100003063679 -25.8620698004961
      endloop
   endfacet
   facet normal 0 1 0
      outer loop
         vertex 12.068965472281 12.2100003063679 -25.8620698004961
         vertex 15.5172413215041 12.2100003063679 -25.8620698004961
         vertex 15.5172413215041 12.2100003063679 -29.3103456497192
      endloop
   endfacet
   facet normal 0 1 0
      outer loop
         vertex 15.5172413215041 12.2100003063679 -29.3103456497192
         vertex 15.5172413215041 12.2100003063679 -25.8620698004961
         vertex 18.9655181020498 12.2100003063679 -29.3103456497192
      endloop
   endfacet
   facet normal 0 1 0
      outer loop
         vertex 15.5172413215041 12.2100003063679 -29.3103456497192
         vertex 18.9655181020498 12.2100003063679 -29.3103456497192
         vertex 18.9655181020498 12.2100003063679 -32.7586196362972
      endloop
   endfacet
   facet normal 0 1 0
      outer loop
         vertex 18.9655181020498 12.2100003063679 -32.7586196362972
         vertex 18.9655181020498 12.2100003063679 -29.3103456497192
         vertex 22.413793951273 12.2100003063679 -32.7586196362972
      endloop
   endfacet
   facet normal 0 1 0
      outer loop
         vertex 18.9655181020498 12.2100003063679 -32.7586196362972
         vertex 22.413793951273 12.2100003063679 -32.7586196362972
         vertex 22.413793951273 12.2100003063679 -36.2068973481655
      endloop
   endfacet
   facet normal 0 1 0
      outer loop
         vertex -25.8620698004961 12.2100003063679 -5.17241377383471
         vertex -22.413793951273 12.2100003063679 -8.62068962305784
         vertex -25.8620698004961 12.2100003063679 -8.62068962305784
      endloop
   endfacet
   facet normal 0 1 0
      outer loop
         vertex -25.8620698004961 12.2100003063679 -8.62068962305784
         vertex -22.413793951273 12.2100003063679 -8.62068962305784
         vertex -22.413793951273 12.2100003063679 -12.068965472281
      endloop
   endfacet
   facet normal 0 1 0
      outer loop
         vertex -25.8620698004961 12.2100003063679 -8.62068962305784
         vertex -22.413793951273 12.2100003063679 -12.068965472281
         vertex -25.8620698004961 12.2100003063679 -12.068965472281
      endloop
   endfacet
   facet normal 0 1 0
      outer loop
         vertex -25.8620698004961 12.2100003063679 -12.068965472281
         vertex -22.413793951273 12.2100003063679 -12.068965472281
         vertex -22.413793951273 12.2100003063679 -15.5172413215041
      endloop
   endfacet
   facet normal 0 1 0
      outer loop
         vertex -25.8620698004961 12.2100003063679 -12.068965472281
         vertex -22.413793951273 12.2100003063679 -15.5172413215041
         vertex -25.8620698004961 12.2100003063679 -15.5172413215041
      endloop
   endfacet
   facet normal 0 1 0
      outer loop
         vertex -25.8620698004961 12.2100003063679 -15.5172413215041
         vertex -22.413793951273 12.2100003063679 -15.5172413215041
         vertex -22.413793951273 12.2100003063679 -18.9655181020498
      endloop
   endfacet
   facet normal 0 1 0
      outer loop
         vertex -25.8620698004961 12.2100003063679 -15.5172413215041
         vertex -22.413793951273 12.2100003063679 -18.9655181020498
         vertex -25.8620698004961 12.2100003063679 -18.9655181020498
      endloop
   endfacet
   facet normal 0 1 0
      outer loop
         vertex -25.8620698004961 12.2100003063679 -18.9655181020498
         vertex -22.413793951273 12.2100003063679 -18.9655181020498
         vertex -22.413793951273 12.2100003063679 -22.413793951273
      endloop
   endfacet
   facet normal 0 1 0
      outer loop
         vertex -25.8620698004961 12.2100003063679 -18.9655181020498
         vertex -22.413793951273 12.2100003063679 -22.413793951273
         vertex -25.8620698004961 12.2100003063679 -22.413793951273
      endloop
   endfacet
   facet normal 0 1 0
      outer loop
         vertex -25.8620698004961 12.2100003063679 -22.413793951273
         vertex -22.413793951273 12.2100003063679 -22.413793951273
         vertex -22.413793951273 12.2100003063679 -25.8620698004961
      endloop
   endfacet
   facet normal 0 1 0
      outer loop
         vertex -25.8620698004961 12.2100003063679 -22.413793951273
         vertex -22.413793951273 12.2100003063679 -25.8620698004961
         vertex -25.8620698004961 12.2100003063679 -25.8620698004961
      endloop
   endfacet
   facet normal 0 1 0
      outer loop
         vertex -25.8620698004961 12.2100003063679 -25.8620698004961
         vertex -22.413793951273 12.2100003063679 -25.8620698004961
         vertex -22.413793951273 12.2100003063679 -29.3103456497192
      endloop
   endfacet
   facet normal 0 1 0
      outer loop
         vertex -25.8620698004961 12.2100003063679 -25.8620698004961
         vertex -22.413793951273 12.2100003063679 -29.3103456497192
         vertex -25.8620698004961 12.2100003063679 -29.3103456497192
      endloop
   endfacet
   facet normal 0 1 0
      outer loop
         vertex -25.8620698004961 12.2100003063679 -29.3103456497192
         vertex -22.413793951273 12.2100003063679 -29.3103456497192
         vertex -22.413793951273 12.2100003063679 -32.7586196362972
      endloop
   endfacet
   facet normal 0 1 0
      outer loop
         vertex -25.8620698004961 12.2100003063679 -32.7586196362972
         vertex -22.413793951273 12.2100003063679 -36.2068973481655
         vertex -25.8620698004961 12.2100003063679 -36.2068973481655
      endloop
   endfacet
   facet normal 0 1 0
      outer loop
         vertex -25.8620698004961 12.2100003063679 -36.2068973481655
         vertex -22.413793951273 12.2100003063679 -36.2068973481655
         vertex -22.413793951273 12.2100003063679 -39.6551713347435
      endloop
   endfacet
   facet normal 0 1 0
      outer loop
         vertex -25.8620698004961 12.2100003063679 -36.2068973481655
         vertex -22.413793951273 12.2100003063679 -39.6551713347435
         vertex -25.8620698004961 12.2100003063679 -39.6551713347435
      endloop
   endfacet
   facet normal 0 1 0
      outer loop
         vertex -25.8620698004961 12.2100003063679 -39.6551713347435
         vertex -22.413793951273 12.2100003063679 -39.6551713347435
         vertex -22.413793951273 12.2100003063679 -43.1034490466118
      endloop
   endfacet
   facet normal 0 1 0
      outer loop
         vertex -18.9655181020498 12.2100003063679 39.6551713347435
         vertex -22.413793951273 12.2100003063679 39.6551713347435
         vertex -22.413793951273 12.2100003063679 43.1034490466118
      endloop
   endfacet
   facet normal 0 1 0
      outer loop
         vertex -22.413793951273 12.2100003063679 43.1034490466118
         vertex -22.413793951273 12.2100003063679 39.6551713347435
         vertex -25.8620698004961 12.2100003063679 39.6551713347435
      endloop
   endfacet
   facet normal 0 1 0
      outer loop
         vertex -18.9655181020498 12.2100003063679 22.413793951273
         vertex -22.413793951273 12.2100003063679 22.413793951273
         vertex -22.413793951273 12.2100003063679 25.8620698004961
      endloop
   endfacet
   facet normal 0 1 0
      outer loop
         vertex -22.413793951273 12.2100003063679 25.8620698004961
         vertex -22.413793951273 12.2100003063679 22.413793951273
         vertex -25.8620698004961 12.2100003063679 25.8620698004961
      endloop
   endfacet
   facet normal 0 1 0
      outer loop
         vertex -25.8620698004961 12.2100003063679 15.5172413215041
         vertex -22.413793951273 12.2100003063679 15.5172413215041
         vertex -22.413793951273 12.2100003063679 12.068965472281
      endloop
   endfacet
   facet normal 0 1 0
      outer loop
         vertex -22.413793951273 12.2100003063679 12.068965472281
         vertex -22.413793951273 12.2100003063679 15.5172413215041
         vertex -18.9655181020498 12.2100003063679 12.068965472281
      endloop
   endfacet
   facet normal 0 1 0
      outer loop
         vertex -22.413793951273 12.2100003063679 12.068965472281
         vertex -18.9655181020498 12.2100003063679 12.068965472281
         vertex -18.9655181020498 12.2100003063679 8.62068962305784
      endloop
   endfacet
   facet normal 0 1 0
      outer loop
         vertex -18.9655181020498 12.2100003063679 8.62068962305784
         vertex -18.9655181020498 12.2100003063679 12.068965472281
         vertex -15.5172413215041 12.2100003063679 8.62068962305784
      endloop
   endfacet
   facet normal 0 1 0
      outer loop
         vertex -18.9655181020498 12.2100003063679 8.62068962305784
         vertex -15.5172413215041 12.2100003063679 8.62068962305784
         vertex -15.5172413215041 12.2100003063679 5.17241377383471
      endloop
   endfacet
   facet normal 0 1 0
      outer loop
         vertex -15.5172413215041 12.2100003063679 5.17241377383471
         vertex -15.5172413215041 12.2100003063679 8.62068962305784
         vertex -12.068965472281 12.2100003063679 5.17241377383471
      endloop
   endfacet
   facet normal 0 1 0
      outer loop
         vertex -15.5172413215041 12.2100003063679 5.17241377383471
         vertex -12.068965472281 12.2100003063679 5.17241377383471
         vertex -12.068965472281 12.2100003063679 1.72413792461157
      endloop
   endfacet
   facet normal 0 1 0
      outer loop
         vertex -12.068965472281 12.2100003063679 1.72413792461157
         vertex -12.068965472281 12.2100003063679 5.17241377383471
         vertex -8.62068962305784 12.2100003063679 1.72413792461157
      endloop
   endfacet
   facet normal 0 1 0
      outer loop
         vertex -12.068965472281 12.2100003063679 1.72413792461157
         vertex -8.62068962305784 12.2100003063679 1.72413792461157
         vertex -8.62068962305784 12.2100003063679 -1.72413792461157
      endloop
   endfacet
   facet normal 0 1 0
      outer loop
         vertex -8.62068962305784 12.2100003063679 -1.72413792461157
         vertex -8.62068962305784 12.2100003063679 1.72413792461157
         vertex -5.17241377383471 12.2100003063679 -1.72413792461157
      endloop
   endfacet
   facet normal 0 1 0
      outer loop
         vertex -8.62068962305784 12.2100003063679 -1.72413792461157
         vertex -5.17241377383471 12.2100003063679 -1.72413792461157
         vertex -5.17241377383471 12.2100003063679 -5.17241377383471
      endloop
   endfacet
   facet normal 0 1 0
      outer loop
         vertex -5.17241377383471 12.2100003063679 -5.17241377383471
         vertex -5.17241377383471 12.2100003063679 -1.72413792461157
         vertex -1.72413792461157 12.2100003063679 -5.17241377383471
      endloop
   endfacet
   facet normal 0 1 0
      outer loop
         vertex -5.17241377383471 12.2100003063679 -5.17241377383471
         vertex -1.72413792461157 12.2100003063679 -5.17241377383471
         vertex -1.72413792461157 12.2100003063679 -8.62068962305784
      endloop
   endfacet
   facet normal 0 1 0
      outer loop
         vertex -1.72413792461157 12.2100003063679 -8.62068962305784
         vertex -1.72413792461157 12.2100003063679 -5.17241377383471
         vertex 1.72413792461157 12.2100003063679 -8.62068962305784
      endloop
   endfacet
   facet normal 0 1 0
      outer loop
         vertex -1.72413792461157 12.2100003063679 -8.62068962305784
         vertex 1.72413792461157 12.2100003063679 -8.62068962305784
         vertex 1.72413792461157 12.2100003063679 -12.068965472281
      endloop
   endfacet
   facet normal 0 1 0
      outer loop
         vertex 1.72413792461157 12.2100003063679 -12.068965472281
         vertex 1.72413792461157 12.2100003063679 -8.62068962305784
         vertex 5.17241377383471 12.2100003063679 -12.068965472281
      endloop
   endfacet
   facet normal 0 1 0
      outer loop
         vertex 1.72413792461157 12.2100003063679 -12.068965472281
         vertex 5.17241377383471 12.2100003063679 -12.068965472281
         vertex 5.17241377383471 12.2100003063679 -15.5172413215041
      endloop
   endfacet
   facet normal 0 1 0
      outer loop
         vertex 5.17241377383471 12.2100003063679 -15.5172413215041
         vertex 5.17241377383471 12.2100003063679 -12.068965472281
         vertex 8.62068962305784 12.2100003063679 -15.5172413215041
      endloop
   endfacet
   facet normal 0 1 0
      outer loop
         vertex 5.17241377383471 12.2100003063679 -15.5172413215041
         vertex 8.62068962305784 12.2100003063679 -15.5172413215041
         vertex 8.62068962305784 12.2100003063679 -18.9655181020498
      endloop
   endfacet
   facet normal 0 1 0
      outer loop
         vertex 8.62068962305784 12.2100003063679 -18.9655181020498
         vertex 8.62068962305784 12.2100003063679 -15.5172413215041
         vertex 12.068965472281 12.2100003063679 -18.9655181020498
      endloop
   endfacet
   facet normal 0 1 0
      outer loop
         vertex 8.62068962305784 12.2100003063679 -18.9655181020498
         vertex 12.068965472281 12.2100003063679 -18.9655181020498
         vertex 12.068965472281 12.2100003063679 -22.413793951273
      endloop
   endfacet
   facet normal 0 1 0
      outer loop
         vertex 12.068965472281 12.2100003063679 -22.413793951273
         vertex 12.068965472281 12.2100003063679 -18.9655181020498
         vertex 15.5172413215041 12.2100003063679 -22.413793951273
      endloop
   endfacet
   facet normal 0 1 0
      outer loop
         vertex 12.068965472281 12.2100003063679 -22.413793951273
         vertex 15.5172413215041 12.2100003063679 -22.413793951273
         vertex 15.5172413215041 12.2100003063679 -25.8620698004961
      endloop
   endfacet
   facet normal 0 1 0
      outer loop
         vertex 15.5172413215041 12.2100003063679 -25.8620698004961
         vertex 15.5172413215041 12.2100003063679 -22.413793951273
         vertex 18.9655181020498 12.2100003063679 -25.8620698004961
      endloop
   endfacet
   facet normal 0 1 0
      outer loop
         vertex 15.5172413215041 12.2100003063679 -25.8620698004961
         vertex 18.9655181020498 12.2100003063679 -25.8620698004961
         vertex 18.9655181020498 12.2100003063679 -29.3103456497192
      endloop
   endfacet
   facet normal 0 1 0
      outer loop
         vertex 18.9655181020498 12.2100003063679 -29.3103456497192
         vertex 18.9655181020498 12.2100003063679 -25.8620698004961
         vertex 22.413793951273 12.2100003063679 -29.3103456497192
      endloop
   endfacet
   facet normal 0 1 0
      outer loop
         vertex 18.9655181020498 12.2100003063679 -29.3103456497192
         vertex 22.413793951273 12.2100003063679 -29.3103456497192
         vertex 22.413793951273 12.2100003063679 -32.7586196362972
      endloop
   endfacet
   facet normal 0 1 0
      outer loop
         vertex -22.413793951273 12.2100003063679 -8.62068962305784
         vertex -18.9655181020498 12.2100003063679 -12.068965472281
         vertex -22.413793951273 12.2100003063679 -12.068965472281
      endloop
   endfacet
   facet normal 0 1 0
      outer loop
         vertex -22.413793951273 12.2100003063679 -12.068965472281
         vertex -18.9655181020498 12.2100003063679 -12.068965472281
         vertex -18.9655181020498 12.2100003063679 -15.5172413215041
      endloop
   endfacet
   facet normal 0 1 0
      outer loop
         vertex -22.413793951273 12.2100003063679 -12.068965472281
         vertex -18.9655181020498 12.2100003063679 -15.5172413215041
         vertex -22.413793951273 12.2100003063679 -15.5172413215041
      endloop
   endfacet
   facet normal 0 1 0
      outer loop
         vertex -22.413793951273 12.2100003063679 -15.5172413215041
         vertex -18.9655181020498 12.2100003063679 -15.5172413215041
         vertex -18.9655181020498 12.2100003063679 -18.9655181020498
      endloop
   endfacet
   facet normal 0 1 0
      outer loop
         vertex -22.413793951273 12.2100003063679 -15.5172413215041
         vertex -18.9655181020498 12.2100003063679 -18.9655181020498
         vertex -22.413793951273 12.2100003063679 -18.9655181020498
      endloop
   endfacet
   facet normal 0 1 0
      outer loop
         vertex -22.413793951273 12.2100003063679 -18.9655181020498
         vertex -18.9655181020498 12.2100003063679 -18.9655181020498
         vertex -18.9655181020498 12.2100003063679 -22.413793951273
      endloop
   endfacet
   facet normal 0 1 0
      outer loop
         vertex -22.413793951273 12.2100003063679 -18.9655181020498
         vertex -18.9655181020498 12.2100003063679 -22.413793951273
         vertex -22.413793951273 12.2100003063679 -22.413793951273
      endloop
   endfacet
   facet normal 0 1 0
      outer loop
         vertex -22.413793951273 12.2100003063679 -22.413793951273
         vertex -18.9655181020498 12.2100003063679 -22.413793951273
         vertex -18.9655181020498 12.2100003063679 -25.8620698004961
      endloop
   endfacet
   facet normal 0 1 0
      outer loop
         vertex -22.413793951273 12.2100003063679 -22.413793951273
         vertex -18.9655181020498 12.2100003063679 -25.8620698004961
         vertex -22.413793951273 12.2100003063679 -25.8620698004961
      endloop
   endfacet
   facet normal 0 1 0
      outer loop
         vertex -22.413793951273 12.2100003063679 -25.8620698004961
         vertex -18.9655181020498 12.2100003063679 -25.8620698004961
         vertex -18.9655181020498 12.2100003063679 -29.3103456497192
      endloop
   endfacet
   facet normal 0 1 0
      outer loop
         vertex -22.413793951273 12.2100003063679 -25.8620698004961
         vertex -18.9655181020498 12.2100003063679 -29.3103456497192
         vertex -22.413793951273 12.2100003063679 -29.3103456497192
      endloop
   endfacet
   facet normal 0 1 0
      outer loop
         vertex -22.413793951273 12.2100003063679 -29.3103456497192
         vertex -18.9655181020498 12.2100003063679 -29.3103456497192
         vertex -18.9655181020498 12.2100003063679 -32.7586196362972
      endloop
   endfacet
   facet normal 0 1 0
      outer loop
         vertex -22.413793951273 12.2100003063679 -29.3103456497192
         vertex -18.9655181020498 12.2100003063679 -32.7586196362972
         vertex -22.413793951273 12.2100003063679 -32.7586196362972
      endloop
   endfacet
   facet normal 0 1 0
      outer loop
         vertex -22.413793951273 12.2100003063679 -32.7586196362972
         vertex -18.9655181020498 12.2100003063679 -32.7586196362972
         vertex -18.9655181020498 12.2100003063679 -36.2068973481655
      endloop
   endfacet
   facet normal 0 1 0
      outer loop
         vertex -22.413793951273 12.2100003063679 -36.2068973481655
         vertex -18.9655181020498 12.2100003063679 -39.6551713347435
         vertex -22.413793951273 12.2100003063679 -39.6551713347435
      endloop
   endfacet
   facet normal 0 1 0
      outer loop
         vertex -22.413793951273 12.2100003063679 -39.6551713347435
         vertex -18.9655181020498 12.2100003063679 -39.6551713347435
         vertex -18.9655181020498 12.2100003063679 -43.1034490466118
      endloop
   endfacet
   facet normal 0 1 0
      outer loop
         vertex -22.413793951273 12.2100003063679 -39.6551713347435
         vertex -18.9655181020498 12.2100003063679 -43.1034490466118
         vertex -22.413793951273 12.2100003063679 -43.1034490466118
      endloop
   endfacet
   facet normal 0 1 0
      outer loop
         vertex -15.5172413215041 12.2100003063679 43.1034490466118
         vertex -15.5172413215041 12.2100003063679 46.5517230331898
         vertex -12.068965472281 12.2100003063679 43.1034490466118
      endloop
   endfacet
   facet normal 0 1 0
      outer loop
         vertex -12.068965472281 12.2100003063679 43.1034490466118
         vertex -15.5172413215041 12.2100003063679 46.5517230331898
         vertex -12.068965472281 12.2100003063679 46.5517230331898
      endloop
   endfacet
   facet normal 0 1 0
      outer loop
         vertex -12.068965472281 12.2100003063679 43.1034490466118
         vertex -12.068965472281 12.2100003063679 46.5517230331898
         vertex -8.62068962305784 12.2100003063679 43.1034490466118
      endloop
   endfacet
   facet normal 0 1 0
      outer loop
         vertex -8.62068962305784 12.2100003063679 43.1034490466118
         vertex -12.068965472281 12.2100003063679 46.5517230331898
         vertex -8.62068962305784 12.2100003063679 46.5517230331898
      endloop
   endfacet
   facet normal 0 1 0
      outer loop
         vertex -8.62068962305784 12.2100003063679 43.1034490466118
         vertex -8.62068962305784 12.2100003063679 46.5517230331898
         vertex -5.17241377383471 12.2100003063679 43.1034490466118
      endloop
   endfacet
   facet normal 0 1 0
      outer loop
         vertex -15.5172413215041 12.2100003063679 39.6551713347435
         vertex -15.5172413215041 12.2100003063679 43.1034490466118
         vertex -12.068965472281 12.2100003063679 39.6551713347435
      endloop
   endfacet
   facet normal 0 1 0
      outer loop
         vertex -12.068965472281 12.2100003063679 39.6551713347435
         vertex -15.5172413215041 12.2100003063679 43.1034490466118
         vertex -12.068965472281 12.2100003063679 43.1034490466118
      endloop
   endfacet
   facet normal 0 1 0
      outer loop
         vertex -12.068965472281 12.2100003063679 39.6551713347435
         vertex -12.068965472281 12.2100003063679 43.1034490466118
         vertex -8.62068962305784 12.2100003063679 39.6551713347435
      endloop
   endfacet
   facet normal 0 1 0
      outer loop
         vertex -8.62068962305784 12.2100003063679 39.6551713347435
         vertex -12.068965472281 12.2100003063679 43.1034490466118
         vertex -8.62068962305784 12.2100003063679 43.1034490466118
      endloop
   endfacet
   facet normal 0 1 0
      outer loop
         vertex -8.62068962305784 12.2100003063679 39.6551713347435
         vertex -8.62068962305784 12.2100003063679 43.1034490466118
         vertex -5.17241377383471 12.2100003063679 39.6551713347435
      endloop
   endfacet
   facet normal 0 1 0
      outer loop
         vertex -5.17241377383471 12.2100003063679 39.6551713347435
         vertex -8.62068962305784 12.2100003063679 43.1034490466118
         vertex -5.17241377383471 12.2100003063679 43.1034490466118
      endloop
   endfacet
   facet normal 0 1 0
      outer loop
         vertex -5.17241377383471 12.2100003063679 39.6551713347435
         vertex -5.17241377383471 12.2100003063679 43.1034490466118
         vertex -1.72413792461157 12.2100003063679 39.6551713347435
      endloop
   endfacet
   facet normal 0 1 0
      outer loop
         vertex 22.413793951273 12.2100003063679 25.8620698004961
         vertex 22.413793951273 12.2100003063679 22.413793951273
         vertex 18.9655181020498 12.2100003063679 25.8620698004961
      endloop
   endfacet
   facet normal 0 1 0
      outer loop
         vertex 18.9655181020498 12.2100003063679 25.8620698004961
         vertex 22.413793951273 12.2100003063679 22.413793951273
         vertex 18.9655181020498 12.2100003063679 22.413793951273
      endloop
   endfacet
   facet normal 0 1 0
      outer loop
         vertex 18.9655181020498 12.2100003063679 25.8620698004961
         vertex 18.9655181020498 12.2100003063679 22.413793951273
         vertex 15.5172413215041 12.2100003063679 25.8620698004961
      endloop
   endfacet
   facet normal 0 1 0
      outer loop
         vertex 15.5172413215041 12.2100003063679 25.8620698004961
         vertex 18.9655181020498 12.2100003063679 22.413793951273
         vertex 15.5172413215041 12.2100003063679 22.413793951273
      endloop
   endfacet
   facet normal 0 1 0
      outer loop
         vertex 15.5172413215041 12.2100003063679 25.8620698004961
         vertex 15.5172413215041 12.2100003063679 22.413793951273
         vertex 12.068965472281 12.2100003063679 25.8620698004961
      endloop
   endfacet
   facet normal 0 1 0
      outer loop
         vertex 12.068965472281 12.2100003063679 25.8620698004961
         vertex 15.5172413215041 12.2100003063679 22.413793951273
         vertex 12.068965472281 12.2100003063679 22.413793951273
      endloop
   endfacet
   facet normal 0 1 0
      outer loop
         vertex 12.068965472281 12.2100003063679 25.8620698004961
         vertex 12.068965472281 12.2100003063679 22.413793951273
         vertex 8.62068962305784 12.2100003063679 25.8620698004961
      endloop
   endfacet
   facet normal 0 1 0
      outer loop
         vertex 8.62068962305784 12.2100003063679 25.8620698004961
         vertex 12.068965472281 12.2100003063679 22.413793951273
         vertex 8.62068962305784 12.2100003063679 22.413793951273
      endloop
   endfacet
   facet normal 0 1 0
      outer loop
         vertex 8.62068962305784 12.2100003063679 25.8620698004961
         vertex 8.62068962305784 12.2100003063679 22.413793951273
         vertex 5.17241377383471 12.2100003063679 25.8620698004961
      endloop
   endfacet
   facet normal 0 1 0
      outer loop
         vertex 5.17241377383471 12.2100003063679 25.8620698004961
         vertex 8.62068962305784 12.2100003063679 22.413793951273
         vertex 5.17241377383471 12.2100003063679 22.413793951273
      endloop
   endfacet
   facet normal 0 1 0
      outer loop
         vertex 5.17241377383471 12.2100003063679 25.8620698004961
         vertex 5.17241377383471 12.2100003063679 22.413793951273
         vertex 1.72413792461157 12.2100003063679 25.8620698004961
      endloop
   endfacet
   facet normal 0 1 0
      outer loop
         vertex 1.72413792461157 12.2100003063679 25.8620698004961
         vertex 5.17241377383471 12.2100003063679 22.413793951273
         vertex 1.72413792461157 12.2100003063679 22.413793951273
      endloop
   endfacet
   facet normal 0 1 0
      outer loop
         vertex 1.72413792461157 12.2100003063679 25.8620698004961
         vertex 1.72413792461157 12.2100003063679 22.413793951273
         vertex -1.72413792461157 12.2100003063679 25.8620698004961
      endloop
   endfacet
   facet normal 0 1 0
      outer loop
         vertex -1.72413792461157 12.2100003063679 25.8620698004961
         vertex 1.72413792461157 12.2100003063679 22.413793951273
         vertex -1.72413792461157 12.2100003063679 22.413793951273
      endloop
   endfacet
   facet normal 0 1 0
      outer loop
         vertex -1.72413792461157 12.2100003063679 25.8620698004961
         vertex -1.72413792461157 12.2100003063679 22.413793951273
         vertex -5.17241377383471 12.2100003063679 25.8620698004961
      endloop
   endfacet
   facet normal 0 1 0
      outer loop
         vertex -5.17241377383471 12.2100003063679 25.8620698004961
         vertex -1.72413792461157 12.2100003063679 22.413793951273
         vertex -5.17241377383471 12.2100003063679 22.413793951273
      endloop
   endfacet
   facet normal 0 1 0
      outer loop
         vertex -5.17241377383471 12.2100003063679 25.8620698004961
         vertex -5.17241377383471 12.2100003063679 22.413793951273
         vertex -8.62068962305784 12.2100003063679 25.8620698004961
      endloop
   endfacet
   facet normal 0 1 0
      outer loop
         vertex -8.62068962305784 12.2100003063679 25.8620698004961
         vertex -5.17241377383471 12.2100003063679 22.413793951273
         vertex -8.62068962305784 12.2100003063679 22.413793951273
      endloop
   endfacet
   facet normal 0 1 0
      outer loop
         vertex -8.62068962305784 12.2100003063679 25.8620698004961
         vertex -8.62068962305784 12.2100003063679 22.413793951273
         vertex -12.068965472281 12.2100003063679 25.8620698004961
      endloop
   endfacet
   facet normal 0 1 0
      outer loop
         vertex -12.068965472281 12.2100003063679 25.8620698004961
         vertex -8.62068962305784 12.2100003063679 22.413793951273
         vertex -12.068965472281 12.2100003063679 22.413793951273
      endloop
   endfacet
   facet normal 0 1 0
      outer loop
         vertex -12.068965472281 12.2100003063679 25.8620698004961
         vertex -12.068965472281 12.2100003063679 22.413793951273
         vertex -15.5172413215041 12.2100003063679 25.8620698004961
      endloop
   endfacet
   facet normal 0 1 0
      outer loop
         vertex -15.5172413215041 12.2100003063679 25.8620698004961
         vertex -12.068965472281 12.2100003063679 22.413793951273
         vertex -15.5172413215041 12.2100003063679 22.413793951273
      endloop
   endfacet
   facet normal 0 1 0
      outer loop
         vertex -15.5172413215041 12.2100003063679 25.8620698004961
         vertex -15.5172413215041 12.2100003063679 22.413793951273
         vertex -18.9655181020498 12.2100003063679 25.8620698004961
      endloop
   endfacet
   facet normal 0 1 0
      outer loop
         vertex -18.9655181020498 12.2100003063679 25.8620698004961
         vertex -15.5172413215041 12.2100003063679 22.413793951273
         vertex -18.9655181020498 12.2100003063679 22.413793951273
      endloop
   endfacet
   facet normal 0 1 0
      outer loop
         vertex -18.9655181020498 12.2100003063679 25.8620698004961
         vertex -18.9655181020498 12.2100003063679 22.413793951273
         vertex -22.413793951273 12.2100003063679 25.8620698004961
      endloop
   endfacet
   facet normal 0 1 0
      outer loop
         vertex 22.413793951273 12.2100003063679 15.5172413215041
         vertex 22.413793951273 12.2100003063679 12.068965472281
         vertex 18.9655181020498 12.2100003063679 15.5172413215041
      endloop
   endfacet
   facet normal 0 1 0
      outer loop
         vertex 18.9655181020498 12.2100003063679 15.5172413215041
         vertex 22.413793951273 12.2100003063679 12.068965472281
         vertex 18.9655181020498 12.2100003063679 12.068965472281
      endloop
   endfacet
   facet normal 0 1 0
      outer loop
         vertex 18.9655181020498 12.2100003063679 15.5172413215041
         vertex 18.9655181020498 12.2100003063679 12.068965472281
         vertex 15.5172413215041 12.2100003063679 15.5172413215041
      endloop
   endfacet
   facet normal 0 1 0
      outer loop
         vertex 15.5172413215041 12.2100003063679 15.5172413215041
         vertex 18.9655181020498 12.2100003063679 12.068965472281
         vertex 15.5172413215041 12.2100003063679 12.068965472281
      endloop
   endfacet
   facet normal 0 1 0
      outer loop
         vertex 15.5172413215041 12.2100003063679 15.5172413215041
         vertex 15.5172413215041 12.2100003063679 12.068965472281
         vertex 12.068965472281 12.2100003063679 15.5172413215041
      endloop
   endfacet
   facet normal 0 1 0
      outer loop
         vertex 12.068965472281 12.2100003063679 15.5172413215041
         vertex 15.5172413215041 12.2100003063679 12.068965472281
         vertex 12.068965472281 12.2100003063679 12.068965472281
      endloop
   endfacet
   facet normal 0 1 0
      outer loop
         vertex 12.068965472281 12.2100003063679 15.5172413215041
         vertex 12.068965472281 12.2100003063679 12.068965472281
         vertex 8.62068962305784 12.2100003063679 15.5172413215041
      endloop
   endfacet
   facet normal 0 1 0
      outer loop
         vertex 8.62068962305784 12.2100003063679 15.5172413215041
         vertex 12.068965472281 12.2100003063679 12.068965472281
         vertex 8.62068962305784 12.2100003063679 12.068965472281
      endloop
   endfacet
   facet normal 0 1 0
      outer loop
         vertex 8.62068962305784 12.2100003063679 15.5172413215041
         vertex 8.62068962305784 12.2100003063679 12.068965472281
         vertex 5.17241377383471 12.2100003063679 15.5172413215041
      endloop
   endfacet
   facet normal 0 1 0
      outer loop
         vertex 5.17241377383471 12.2100003063679 15.5172413215041
         vertex 8.62068962305784 12.2100003063679 12.068965472281
         vertex 5.17241377383471 12.2100003063679 12.068965472281
      endloop
   endfacet
   facet normal 0 1 0
      outer loop
         vertex 5.17241377383471 12.2100003063679 15.5172413215041
         vertex 5.17241377383471 12.2100003063679 12.068965472281
         vertex 1.72413792461157 12.2100003063679 15.5172413215041
      endloop
   endfacet
   facet normal 0 1 0
      outer loop
         vertex 1.72413792461157 12.2100003063679 15.5172413215041
         vertex 5.17241377383471 12.2100003063679 12.068965472281
         vertex 1.72413792461157 12.2100003063679 12.068965472281
      endloop
   endfacet
   facet normal 0 1 0
      outer loop
         vertex 1.72413792461157 12.2100003063679 15.5172413215041
         vertex 1.72413792461157 12.2100003063679 12.068965472281
         vertex -1.72413792461157 12.2100003063679 15.5172413215041
      endloop
   endfacet
   facet normal 0 1 0
      outer loop
         vertex -1.72413792461157 12.2100003063679 15.5172413215041
         vertex 1.72413792461157 12.2100003063679 12.068965472281
         vertex -1.72413792461157 12.2100003063679 12.068965472281
      endloop
   endfacet
   facet normal 0 1 0
      outer loop
         vertex -1.72413792461157 12.2100003063679 15.5172413215041
         vertex -1.72413792461157 12.2100003063679 12.068965472281
         vertex -5.17241377383471 12.2100003063679 15.5172413215041
      endloop
   endfacet
   facet normal 0 1 0
      outer loop
         vertex -5.17241377383471 12.2100003063679 15.5172413215041
         vertex -1.72413792461157 12.2100003063679 12.068965472281
         vertex -5.17241377383471 12.2100003063679 12.068965472281
      endloop
   endfacet
   facet normal 0 1 0
      outer loop
         vertex -5.17241377383471 12.2100003063679 15.5172413215041
         vertex -5.17241377383471 12.2100003063679 12.068965472281
         vertex -8.62068962305784 12.2100003063679 15.5172413215041
      endloop
   endfacet
   facet normal 0 1 0
      outer loop
         vertex -8.62068962305784 12.2100003063679 15.5172413215041
         vertex -5.17241377383471 12.2100003063679 12.068965472281
         vertex -8.62068962305784 12.2100003063679 12.068965472281
      endloop
   endfacet
   facet normal 0 1 0
      outer loop
         vertex -8.62068962305784 12.2100003063679 15.5172413215041
         vertex -8.62068962305784 12.2100003063679 12.068965472281
         vertex -12.068965472281 12.2100003063679 15.5172413215041
      endloop
   endfacet
   facet normal 0 1 0
      outer loop
         vertex -12.068965472281 12.2100003063679 15.5172413215041
         vertex -8.62068962305784 12.2100003063679 12.068965472281
         vertex -12.068965472281 12.2100003063679 12.068965472281
      endloop
   endfacet
   facet normal 0 1 0
      outer loop
         vertex -12.068965472281 12.2100003063679 15.5172413215041
         vertex -12.068965472281 12.2100003063679 12.068965472281
         vertex -15.5172413215041 12.2100003063679 15.5172413215041
      endloop
   endfacet
   facet normal 0 1 0
      outer loop
         vertex -15.5172413215041 12.2100003063679 15.5172413215041
         vertex -12.068965472281 12.2100003063679 12.068965472281
         vertex -15.5172413215041 12.2100003063679 12.068965472281
      endloop
   endfacet
   facet normal 0 1 0
      outer loop
         vertex -15.5172413215041 12.2100003063679 15.5172413215041
         vertex -15.5172413215041 12.2100003063679 12.068965472281
         vertex -18.9655181020498 12.2100003063679 15.5172413215041
      endloop
   endfacet
   facet normal 0 1 0
      outer loop
         vertex -18.9655181020498 12.2100003063679 15.5172413215041
         vertex -15.5172413215041 12.2100003063679 12.068965472281
         vertex -18.9655181020498 12.2100003063679 12.068965472281
      endloop
   endfacet
   facet normal 0 1 0
      outer loop
         vertex -18.9655181020498 12.2100003063679 15.5172413215041
         vertex -18.9655181020498 12.2100003063679 12.068965472281
         vertex -22.413793951273 12.2100003063679 15.5172413215041
      endloop
   endfacet
   facet normal 0 1 0
      outer loop
         vertex -18.9655181020498 12.2100003063679 12.068965472281
         vertex -15.5172413215041 12.2100003063679 12.068965472281
         vertex -15.5172413215041 12.2100003063679 8.62068962305784
      endloop
   endfacet
   facet normal 0 1 0
      outer loop
         vertex -15.5172413215041 12.2100003063679 8.62068962305784
         vertex -15.5172413215041 12.2100003063679 12.068965472281
         vertex -12.068965472281 12.2100003063679 8.62068962305784
      endloop
   endfacet
   facet normal 0 1 0
      outer loop
         vertex -15.5172413215041 12.2100003063679 8.62068962305784
         vertex -12.068965472281 12.2100003063679 8.62068962305784
         vertex -12.068965472281 12.2100003063679 5.17241377383471
      endloop
   endfacet
   facet normal 0 1 0
      outer loop
         vertex -12.068965472281 12.2100003063679 5.17241377383471
         vertex -12.068965472281 12.2100003063679 8.62068962305784
         vertex -8.62068962305784 12.2100003063679 5.17241377383471
      endloop
   endfacet
   facet normal 0 1 0
      outer loop
         vertex -12.068965472281 12.2100003063679 5.17241377383471
         vertex -8.62068962305784 12.2100003063679 5.17241377383471
         vertex -8.62068962305784 12.2100003063679 1.72413792461157
      endloop
   endfacet
   facet normal 0 1 0
      outer loop
         vertex -8.62068962305784 12.2100003063679 1.72413792461157
         vertex -8.62068962305784 12.2100003063679 5.17241377383471
         vertex -5.17241377383471 12.2100003063679 1.72413792461157
      endloop
   endfacet
   facet normal 0 1 0
      outer loop
         vertex -8.62068962305784 12.2100003063679 1.72413792461157
         vertex -5.17241377383471 12.2100003063679 1.72413792461157
         vertex -5.17241377383471 12.2100003063679 -1.72413792461157
      endloop
   endfacet
   facet normal 0 1 0
      outer loop
         vertex -5.17241377383471 12.2100003063679 -1.72413792461157
         vertex -5.17241377383471 12.2100003063679 1.72413792461157
         vertex -1.72413792461157 12.2100003063679 -1.72413792461157
      endloop
   endfacet
   facet normal 0 1 0
      outer loop
         vertex -5.17241377383471 12.2100003063679 -1.72413792461157
         vertex -1.72413792461157 12.2100003063679 -1.72413792461157
         vertex -1.72413792461157 12.2100003063679 -5.17241377383471
      endloop
   endfacet
   facet normal 0 1 0
      outer loop
         vertex -1.72413792461157 12.2100003063679 -5.17241377383471
         vertex -1.72413792461157 12.2100003063679 -1.72413792461157
         vertex 1.72413792461157 12.2100003063679 -5.17241377383471
      endloop
   endfacet
   facet normal 0 1 0
      outer loop
         vertex -1.72413792461157 12.2100003063679 -5.17241377383471
         vertex 1.72413792461157 12.2100003063679 -5.17241377383471
         vertex 1.72413792461157 12.2100003063679 -8.62068962305784
      endloop
   endfacet
   facet normal 0 1 0
      outer loop
         vertex 1.72413792461157 12.2100003063679 -8.62068962305784
         vertex 1.72413792461157 12.2100003063679 -5.17241377383471
         vertex 5.17241377383471 12.2100003063679 -8.62068962305784
      endloop
   endfacet
   facet normal 0 1 0
      outer loop
         vertex 1.72413792461157 12.2100003063679 -8.62068962305784
         vertex 5.17241377383471 12.2100003063679 -8.62068962305784
         vertex 5.17241377383471 12.2100003063679 -12.068965472281
      endloop
   endfacet
   facet normal 0 1 0
      outer loop
         vertex 5.17241377383471 12.2100003063679 -12.068965472281
         vertex 5.17241377383471 12.2100003063679 -8.62068962305784
         vertex 8.62068962305784 12.2100003063679 -12.068965472281
      endloop
   endfacet
   facet normal 0 1 0
      outer loop
         vertex 5.17241377383471 12.2100003063679 -12.068965472281
         vertex 8.62068962305784 12.2100003063679 -12.068965472281
         vertex 8.62068962305784 12.2100003063679 -15.5172413215041
      endloop
   endfacet
   facet normal 0 1 0
      outer loop
         vertex 8.62068962305784 12.2100003063679 -15.5172413215041
         vertex 8.62068962305784 12.2100003063679 -12.068965472281
         vertex 12.068965472281 12.2100003063679 -15.5172413215041
      endloop
   endfacet
   facet normal 0 1 0
      outer loop
         vertex 8.62068962305784 12.2100003063679 -15.5172413215041
         vertex 12.068965472281 12.2100003063679 -15.5172413215041
         vertex 12.068965472281 12.2100003063679 -18.9655181020498
      endloop
   endfacet
   facet normal 0 1 0
      outer loop
         vertex 12.068965472281 12.2100003063679 -18.9655181020498
         vertex 12.068965472281 12.2100003063679 -15.5172413215041
         vertex 15.5172413215041 12.2100003063679 -18.9655181020498
      endloop
   endfacet
   facet normal 0 1 0
      outer loop
         vertex 12.068965472281 12.2100003063679 -18.9655181020498
         vertex 15.5172413215041 12.2100003063679 -18.9655181020498
         vertex 15.5172413215041 12.2100003063679 -22.413793951273
      endloop
   endfacet
   facet normal 0 1 0
      outer loop
         vertex 15.5172413215041 12.2100003063679 -22.413793951273
         vertex 15.5172413215041 12.2100003063679 -18.9655181020498
         vertex 18.9655181020498 12.2100003063679 -22.413793951273
      endloop
   endfacet
   facet normal 0 1 0
      outer loop
         vertex 15.5172413215041 12.2100003063679 -22.413793951273
         vertex 18.9655181020498 12.2100003063679 -22.413793951273
         vertex 18.9655181020498 12.2100003063679 -25.8620698004961
      endloop
   endfacet
   facet normal 0 1 0
      outer loop
         vertex 18.9655181020498 12.2100003063679 -25.8620698004961
         vertex 18.9655181020498 12.2100003063679 -22.413793951273
         vertex 22.413793951273 12.2100003063679 -25.8620698004961
      endloop
   endfacet
   facet normal 0 1 0
      outer loop
         vertex 18.9655181020498 12.2100003063679 -25.8620698004961
         vertex 22.413793951273 12.2100003063679 -25.8620698004961
         vertex 22.413793951273 12.2100003063679 -29.3103456497192
      endloop
   endfacet
   facet normal 0 1 0
      outer loop
         vertex -18.9655181020498 12.2100003063679 -18.9655181020498
         vertex -18.9655181020498 12.2100003063679 -15.5172413215041
         vertex -15.5172413215041 12.2100003063679 -18.9655181020498
      endloop
   endfacet
   facet normal 0 1 0
      outer loop
         vertex -15.5172413215041 12.2100003063679 -18.9655181020498
         vertex -18.9655181020498 12.2100003063679 -15.5172413215041
         vertex -15.5172413215041 12.2100003063679 -15.5172413215041
      endloop
   endfacet
   facet normal 0 1 0
      outer loop
         vertex -15.5172413215041 12.2100003063679 -18.9655181020498
         vertex -15.5172413215041 12.2100003063679 -15.5172413215041
         vertex -12.068965472281 12.2100003063679 -18.9655181020498
      endloop
   endfacet
   facet normal 0 1 0
      outer loop
         vertex -18.9655181020498 12.2100003063679 -22.413793951273
         vertex -18.9655181020498 12.2100003063679 -18.9655181020498
         vertex -15.5172413215041 12.2100003063679 -22.413793951273
      endloop
   endfacet
   facet normal 0 1 0
      outer loop
         vertex -15.5172413215041 12.2100003063679 -22.413793951273
         vertex -18.9655181020498 12.2100003063679 -18.9655181020498
         vertex -15.5172413215041 12.2100003063679 -18.9655181020498
      endloop
   endfacet
   facet normal 0 1 0
      outer loop
         vertex -15.5172413215041 12.2100003063679 -22.413793951273
         vertex -15.5172413215041 12.2100003063679 -18.9655181020498
         vertex -12.068965472281 12.2100003063679 -22.413793951273
      endloop
   endfacet
   facet normal 0 1 0
      outer loop
         vertex -12.068965472281 12.2100003063679 -22.413793951273
         vertex -15.5172413215041 12.2100003063679 -18.9655181020498
         vertex -12.068965472281 12.2100003063679 -18.9655181020498
      endloop
   endfacet
   facet normal 0 1 0
      outer loop
         vertex -12.068965472281 12.2100003063679 -22.413793951273
         vertex -12.068965472281 12.2100003063679 -18.9655181020498
         vertex -8.62068962305784 12.2100003063679 -22.413793951273
      endloop
   endfacet
   facet normal 0 1 0
      outer loop
         vertex -18.9655181020498 12.2100003063679 -25.8620698004961
         vertex -18.9655181020498 12.2100003063679 -22.413793951273
         vertex -15.5172413215041 12.2100003063679 -25.8620698004961
      endloop
   endfacet
   facet normal 0 1 0
      outer loop
         vertex -15.5172413215041 12.2100003063679 -25.8620698004961
         vertex -18.9655181020498 12.2100003063679 -22.413793951273
         vertex -15.5172413215041 12.2100003063679 -22.413793951273
      endloop
   endfacet
   facet normal 0 1 0
      outer loop
         vertex -15.5172413215041 12.2100003063679 -25.8620698004961
         vertex -15.5172413215041 12.2100003063679 -22.413793951273
         vertex -12.068965472281 12.2100003063679 -25.8620698004961
      endloop
   endfacet
   facet normal 0 1 0
      outer loop
         vertex -12.068965472281 12.2100003063679 -25.8620698004961
         vertex -15.5172413215041 12.2100003063679 -22.413793951273
         vertex -12.068965472281 12.2100003063679 -22.413793951273
      endloop
   endfacet
   facet normal 0 1 0
      outer loop
         vertex -12.068965472281 12.2100003063679 -25.8620698004961
         vertex -12.068965472281 12.2100003063679 -22.413793951273
         vertex -8.62068962305784 12.2100003063679 -25.8620698004961
      endloop
   endfacet
   facet normal 0 1 0
      outer loop
         vertex -8.62068962305784 12.2100003063679 -25.8620698004961
         vertex -12.068965472281 12.2100003063679 -22.413793951273
         vertex -8.62068962305784 12.2100003063679 -22.413793951273
      endloop
   endfacet
   facet normal 0 1 0
      outer loop
         vertex -8.62068962305784 12.2100003063679 -25.8620698004961
         vertex -8.62068962305784 12.2100003063679 -22.413793951273
         vertex -5.17241377383471 12.2100003063679 -25.8620698004961
      endloop
   endfacet
   facet normal 0 1 0
      outer loop
         vertex -18.9655181020498 12.2100003063679 -29.3103456497192
         vertex -18.9655181020498 12.2100003063679 -25.8620698004961
         vertex -15.5172413215041 12.2100003063679 -29.3103456497192
      endloop
   endfacet
   facet normal 0 1 0
      outer loop
         vertex -15.5172413215041 12.2100003063679 -29.3103456497192
         vertex -18.9655181020498 12.2100003063679 -25.8620698004961
         vertex -15.5172413215041 12.2100003063679 -25.8620698004961
      endloop
   endfacet
   facet normal 0 1 0
      outer loop
         vertex -15.5172413215041 12.2100003063679 -29.3103456497192
         vertex -15.5172413215041 12.2100003063679 -25.8620698004961
         vertex -12.068965472281 12.2100003063679 -29.3103456497192
      endloop
   endfacet
   facet normal 0 1 0
      outer loop
         vertex -12.068965472281 12.2100003063679 -29.3103456497192
         vertex -15.5172413215041 12.2100003063679 -25.8620698004961
         vertex -12.068965472281 12.2100003063679 -25.8620698004961
      endloop
   endfacet
   facet normal 0 1 0
      outer loop
         vertex -12.068965472281 12.2100003063679 -29.3103456497192
         vertex -12.068965472281 12.2100003063679 -25.8620698004961
         vertex -8.62068962305784 12.2100003063679 -29.3103456497192
      endloop
   endfacet
   facet normal 0 1 0
      outer loop
         vertex -8.62068962305784 12.2100003063679 -29.3103456497192
         vertex -12.068965472281 12.2100003063679 -25.8620698004961
         vertex -8.62068962305784 12.2100003063679 -25.8620698004961
      endloop
   endfacet
   facet normal 0 1 0
      outer loop
         vertex -8.62068962305784 12.2100003063679 -29.3103456497192
         vertex -8.62068962305784 12.2100003063679 -25.8620698004961
         vertex -5.17241377383471 12.2100003063679 -29.3103456497192
      endloop
   endfacet
   facet normal 0 1 0
      outer loop
         vertex -5.17241377383471 12.2100003063679 -29.3103456497192
         vertex -8.62068962305784 12.2100003063679 -25.8620698004961
         vertex -5.17241377383471 12.2100003063679 -25.8620698004961
      endloop
   endfacet
   facet normal 0 1 0
      outer loop
         vertex -5.17241377383471 12.2100003063679 -29.3103456497192
         vertex -5.17241377383471 12.2100003063679 -25.8620698004961
         vertex -1.72413792461157 12.2100003063679 -29.3103456497192
      endloop
   endfacet
   facet normal 0 1 0
      outer loop
         vertex -18.9655181020498 12.2100003063679 -32.7586196362972
         vertex -18.9655181020498 12.2100003063679 -29.3103456497192
         vertex -15.5172413215041 12.2100003063679 -32.7586196362972
      endloop
   endfacet
   facet normal 0 1 0
      outer loop
         vertex -15.5172413215041 12.2100003063679 -32.7586196362972
         vertex -18.9655181020498 12.2100003063679 -29.3103456497192
         vertex -15.5172413215041 12.2100003063679 -29.3103456497192
      endloop
   endfacet
   facet normal 0 1 0
      outer loop
         vertex -15.5172413215041 12.2100003063679 -32.7586196362972
         vertex -15.5172413215041 12.2100003063679 -29.3103456497192
         vertex -12.068965472281 12.2100003063679 -32.7586196362972
      endloop
   endfacet
   facet normal 0 1 0
      outer loop
         vertex -12.068965472281 12.2100003063679 -32.7586196362972
         vertex -15.5172413215041 12.2100003063679 -29.3103456497192
         vertex -12.068965472281 12.2100003063679 -29.3103456497192
      endloop
   endfacet
   facet normal 0 1 0
      outer loop
         vertex -12.068965472281 12.2100003063679 -32.7586196362972
         vertex -12.068965472281 12.2100003063679 -29.3103456497192
         vertex -8.62068962305784 12.2100003063679 -32.7586196362972
      endloop
   endfacet
   facet normal 0 1 0
      outer loop
         vertex -8.62068962305784 12.2100003063679 -32.7586196362972
         vertex -12.068965472281 12.2100003063679 -29.3103456497192
         vertex -8.62068962305784 12.2100003063679 -29.3103456497192
      endloop
   endfacet
   facet normal 0 1 0
      outer loop
         vertex -8.62068962305784 12.2100003063679 -32.7586196362972
         vertex -8.62068962305784 12.2100003063679 -29.3103456497192
         vertex -5.17241377383471 12.2100003063679 -32.7586196362972
      endloop
   endfacet
   facet normal 0 1 0
      outer loop
         vertex -5.17241377383471 12.2100003063679 -32.7586196362972
         vertex -8.62068962305784 12.2100003063679 -29.3103456497192
         vertex -5.17241377383471 12.2100003063679 -29.3103456497192
      endloop
   endfacet
   facet normal 0 1 0
      outer loop
         vertex -5.17241377383471 12.2100003063679 -32.7586196362972
         vertex -5.17241377383471 12.2100003063679 -29.3103456497192
         vertex -1.72413792461157 12.2100003063679 -32.7586196362972
      endloop
   endfacet
   facet normal 0 1 0
      outer loop
         vertex -1.72413792461157 12.2100003063679 -32.7586196362972
         vertex -5.17241377383471 12.2100003063679 -29.3103456497192
         vertex -1.72413792461157 12.2100003063679 -29.3103456497192
      endloop
   endfacet
   facet normal 0 1 0
      outer loop
         vertex -1.72413792461157 12.2100003063679 -32.7586196362972
         vertex -1.72413792461157 12.2100003063679 -29.3103456497192
         vertex 1.72413792461157 12.2100003063679 -32.7586196362972
      endloop
   endfacet
   facet normal 0 1 0
      outer loop
         vertex -18.9655181020498 12.2100003063679 -36.2068973481655
         vertex -18.9655181020498 12.2100003063679 -32.7586196362972
         vertex -15.5172413215041 12.2100003063679 -36.2068973481655
      endloop
   endfacet
   facet normal 0 1 0
      outer loop
         vertex -15.5172413215041 12.2100003063679 -36.2068973481655
         vertex -18.9655181020498 12.2100003063679 -32.7586196362972
         vertex -15.5172413215041 12.2100003063679 -32.7586196362972
      endloop
   endfacet
   facet normal 0 1 0
      outer loop
         vertex -15.5172413215041 12.2100003063679 -36.2068973481655
         vertex -15.5172413215041 12.2100003063679 -32.7586196362972
         vertex -12.068965472281 12.2100003063679 -36.2068973481655
      endloop
   endfacet
   facet normal 0 1 0
      outer loop
         vertex -12.068965472281 12.2100003063679 -36.2068973481655
         vertex -15.5172413215041 12.2100003063679 -32.7586196362972
         vertex -12.068965472281 12.2100003063679 -32.7586196362972
      endloop
   endfacet
   facet normal 0 1 0
      outer loop
         vertex -12.068965472281 12.2100003063679 -36.2068973481655
         vertex -12.068965472281 12.2100003063679 -32.7586196362972
         vertex -8.62068962305784 12.2100003063679 -36.2068973481655
      endloop
   endfacet
   facet normal 0 1 0
      outer loop
         vertex -8.62068962305784 12.2100003063679 -36.2068973481655
         vertex -12.068965472281 12.2100003063679 -32.7586196362972
         vertex -8.62068962305784 12.2100003063679 -32.7586196362972
      endloop
   endfacet
   facet normal 0 1 0
      outer loop
         vertex -8.62068962305784 12.2100003063679 -36.2068973481655
         vertex -8.62068962305784 12.2100003063679 -32.7586196362972
         vertex -5.17241377383471 12.2100003063679 -36.2068973481655
      endloop
   endfacet
   facet normal 0 1 0
      outer loop
         vertex -5.17241377383471 12.2100003063679 -36.2068973481655
         vertex -8.62068962305784 12.2100003063679 -32.7586196362972
         vertex -5.17241377383471 12.2100003063679 -32.7586196362972
      endloop
   endfacet
   facet normal 0 1 0
      outer loop
         vertex -5.17241377383471 12.2100003063679 -36.2068973481655
         vertex -5.17241377383471 12.2100003063679 -32.7586196362972
         vertex -1.72413792461157 12.2100003063679 -36.2068973481655
      endloop
   endfacet
   facet normal 0 1 0
      outer loop
         vertex -1.72413792461157 12.2100003063679 -36.2068973481655
         vertex -5.17241377383471 12.2100003063679 -32.7586196362972
         vertex -1.72413792461157 12.2100003063679 -32.7586196362972
      endloop
   endfacet
   facet normal 0 1 0
      outer loop
         vertex -1.72413792461157 12.2100003063679 -36.2068973481655
         vertex -1.72413792461157 12.2100003063679 -32.7586196362972
         vertex 1.72413792461157 12.2100003063679 -36.2068973481655
      endloop
   endfacet
   facet normal 0 1 0
      outer loop
         vertex 1.72413792461157 12.2100003063679 -36.2068973481655
         vertex -1.72413792461157 12.2100003063679 -32.7586196362972
         vertex 1.72413792461157 12.2100003063679 -32.7586196362972
      endloop
   endfacet
   facet normal 0 1 0
      outer loop
         vertex -18.9655181020498 12.2100003063679 -36.2068973481655
         vertex -15.5172413215041 12.2100003063679 -36.2068973481655
         vertex -15.5172413215041 12.2100003063679 -39.6551713347435
      endloop
   endfacet
   facet normal 0 1 0
      outer loop
         vertex -15.5172413215041 12.2100003063679 -39.6551713347435
         vertex -15.5172413215041 12.2100003063679 -36.2068973481655
         vertex -12.068965472281 12.2100003063679 -39.6551713347435
      endloop
   endfacet
   facet normal 0 1 0
      outer loop
         vertex -15.5172413215041 12.2100003063679 -39.6551713347435
         vertex -12.068965472281 12.2100003063679 -39.6551713347435
         vertex -12.068965472281 12.2100003063679 -43.1034490466118
      endloop
   endfacet
   facet normal 0 1 0
      outer loop
         vertex -12.068965472281 12.2100003063679 -43.1034490466118
         vertex -12.068965472281 12.2100003063679 -39.6551713347435
         vertex -8.62068962305784 12.2100003063679 -43.1034490466118
      endloop
   endfacet
   facet normal 0 1 0
      outer loop
         vertex -12.068965472281 12.2100003063679 -43.1034490466118
         vertex -8.62068962305784 12.2100003063679 -43.1034490466118
         vertex -8.62068962305784 12.2100003063679 -46.5517230331898
      endloop
   endfacet
   facet normal 0 1 0
      outer loop
         vertex -8.62068962305784 12.2100003063679 -46.5517230331898
         vertex -8.62068962305784 12.2100003063679 -43.1034490466118
         vertex -5.17241377383471 12.2100003063679 -46.5517230331898
      endloop
   endfacet
   facet normal 0 1 0
      outer loop
         vertex -18.9655181020498 12.2100003063679 -43.1034490466118
         vertex -18.9655181020498 12.2100003063679 -39.6551713347435
         vertex -15.5172413215041 12.2100003063679 -43.1034490466118
      endloop
   endfacet
   facet normal 0 1 0
      outer loop
         vertex -18.9655181020498 12.2100003063679 -15.5172413215041
         vertex -18.9655181020498 12.2100003063679 -12.068965472281
         vertex -15.5172413215041 12.2100003063679 -15.5172413215041
      endloop
   endfacet
   facet normal 0 1 0
      outer loop
         vertex -18.9655181020498 12.2100003063679 43.1034490466118
         vertex -18.9655181020498 12.2100003063679 39.6551713347435
         vertex -22.413793951273 12.2100003063679 43.1034490466118
      endloop
   endfacet
   facet normal 0 1 0
      outer loop
         vertex -13.5420234873891 12.2100003063679 -48.1312125921249
         vertex -18.2670503854752 12.2100003063679 -46.543687582016
         vertex -15.5172413215041 12.2100003063679 -46.5517230331898
      endloop
   endfacet
   facet normal 0 1 0
      outer loop
         vertex -15.5172413215041 12.2100003063679 12.068965472281
         vertex -12.068965472281 12.2100003063679 12.068965472281
         vertex -12.068965472281 12.2100003063679 8.62068962305784
      endloop
   endfacet
   facet normal 0 1 0
      outer loop
         vertex -12.068965472281 12.2100003063679 8.62068962305784
         vertex -12.068965472281 12.2100003063679 12.068965472281
         vertex -8.62068962305784 12.2100003063679 8.62068962305784
      endloop
   endfacet
   facet normal 0 1 0
      outer loop
         vertex -12.068965472281 12.2100003063679 8.62068962305784
         vertex -8.62068962305784 12.2100003063679 8.62068962305784
         vertex -8.62068962305784 12.2100003063679 5.17241377383471
      endloop
   endfacet
   facet normal 0 1 0
      outer loop
         vertex -8.62068962305784 12.2100003063679 5.17241377383471
         vertex -8.62068962305784 12.2100003063679 8.62068962305784
         vertex -5.17241377383471 12.2100003063679 5.17241377383471
      endloop
   endfacet
   facet normal 0 1 0
      outer loop
         vertex -8.62068962305784 12.2100003063679 5.17241377383471
         vertex -5.17241377383471 12.2100003063679 5.17241377383471
         vertex -5.17241377383471 12.2100003063679 1.72413792461157
      endloop
   endfacet
   facet normal 0 1 0
      outer loop
         vertex -5.17241377383471 12.2100003063679 1.72413792461157
         vertex -5.17241377383471 12.2100003063679 5.17241377383471
         vertex -1.72413792461157 12.2100003063679 1.72413792461157
      endloop
   endfacet
   facet normal 0 1 0
      outer loop
         vertex -5.17241377383471 12.2100003063679 1.72413792461157
         vertex -1.72413792461157 12.2100003063679 1.72413792461157
         vertex -1.72413792461157 12.2100003063679 -1.72413792461157
      endloop
   endfacet
   facet normal 0 1 0
      outer loop
         vertex -1.72413792461157 12.2100003063679 -1.72413792461157
         vertex -1.72413792461157 12.2100003063679 1.72413792461157
         vertex 1.72413792461157 12.2100003063679 -1.72413792461157
      endloop
   endfacet
   facet normal 0 1 0
      outer loop
         vertex -1.72413792461157 12.2100003063679 -1.72413792461157
         vertex 1.72413792461157 12.2100003063679 -1.72413792461157
         vertex 1.72413792461157 12.2100003063679 -5.17241377383471
      endloop
   endfacet
   facet normal 0 1 0
      outer loop
         vertex 1.72413792461157 12.2100003063679 -5.17241377383471
         vertex 1.72413792461157 12.2100003063679 -1.72413792461157
         vertex 5.17241377383471 12.2100003063679 -5.17241377383471
      endloop
   endfacet
   facet normal 0 1 0
      outer loop
         vertex 1.72413792461157 12.2100003063679 -5.17241377383471
         vertex 5.17241377383471 12.2100003063679 -5.17241377383471
         vertex 5.17241377383471 12.2100003063679 -8.62068962305784
      endloop
   endfacet
   facet normal 0 1 0
      outer loop
         vertex 5.17241377383471 12.2100003063679 -8.62068962305784
         vertex 5.17241377383471 12.2100003063679 -5.17241377383471
         vertex 8.62068962305784 12.2100003063679 -8.62068962305784
      endloop
   endfacet
   facet normal 0 1 0
      outer loop
         vertex 5.17241377383471 12.2100003063679 -8.62068962305784
         vertex 8.62068962305784 12.2100003063679 -8.62068962305784
         vertex 8.62068962305784 12.2100003063679 -12.068965472281
      endloop
   endfacet
   facet normal 0 1 0
      outer loop
         vertex 8.62068962305784 12.2100003063679 -12.068965472281
         vertex 8.62068962305784 12.2100003063679 -8.62068962305784
         vertex 12.068965472281 12.2100003063679 -12.068965472281
      endloop
   endfacet
   facet normal 0 1 0
      outer loop
         vertex 8.62068962305784 12.2100003063679 -12.068965472281
         vertex 12.068965472281 12.2100003063679 -12.068965472281
         vertex 12.068965472281 12.2100003063679 -15.5172413215041
      endloop
   endfacet
   facet normal 0 1 0
      outer loop
         vertex 12.068965472281 12.2100003063679 -15.5172413215041
         vertex 12.068965472281 12.2100003063679 -12.068965472281
         vertex 15.5172413215041 12.2100003063679 -15.5172413215041
      endloop
   endfacet
   facet normal 0 1 0
      outer loop
         vertex 12.068965472281 12.2100003063679 -15.5172413215041
         vertex 15.5172413215041 12.2100003063679 -15.5172413215041
         vertex 15.5172413215041 12.2100003063679 -18.9655181020498
      endloop
   endfacet
   facet normal 0 1 0
      outer loop
         vertex 15.5172413215041 12.2100003063679 -18.9655181020498
         vertex 15.5172413215041 12.2100003063679 -15.5172413215041
         vertex 18.9655181020498 12.2100003063679 -18.9655181020498
      endloop
   endfacet
   facet normal 0 1 0
      outer loop
         vertex 15.5172413215041 12.2100003063679 -18.9655181020498
         vertex 18.9655181020498 12.2100003063679 -18.9655181020498
         vertex 18.9655181020498 12.2100003063679 -22.413793951273
      endloop
   endfacet
   facet normal 0 1 0
      outer loop
         vertex 18.9655181020498 12.2100003063679 -22.413793951273
         vertex 18.9655181020498 12.2100003063679 -18.9655181020498
         vertex 22.413793951273 12.2100003063679 -22.413793951273
      endloop
   endfacet
   facet normal 0 1 0
      outer loop
         vertex 18.9655181020498 12.2100003063679 -22.413793951273
         vertex 22.413793951273 12.2100003063679 -22.413793951273
         vertex 22.413793951273 12.2100003063679 -25.8620698004961
      endloop
   endfacet
   facet normal 0 1 0
      outer loop
         vertex -15.5172413215041 12.2100003063679 -36.2068973481655
         vertex -12.068965472281 12.2100003063679 -36.2068973481655
         vertex -12.068965472281 12.2100003063679 -39.6551713347435
      endloop
   endfacet
   facet normal 0 1 0
      outer loop
         vertex -12.068965472281 12.2100003063679 -39.6551713347435
         vertex -12.068965472281 12.2100003063679 -36.2068973481655
         vertex -8.62068962305784 12.2100003063679 -39.6551713347435
      endloop
   endfacet
   facet normal 0 1 0
      outer loop
         vertex -12.068965472281 12.2100003063679 -39.6551713347435
         vertex -8.62068962305784 12.2100003063679 -39.6551713347435
         vertex -8.62068962305784 12.2100003063679 -43.1034490466118
      endloop
   endfacet
   facet normal 0 1 0
      outer loop
         vertex -8.62068962305784 12.2100003063679 -43.1034490466118
         vertex -8.62068962305784 12.2100003063679 -39.6551713347435
         vertex -5.17241377383471 12.2100003063679 -43.1034490466118
      endloop
   endfacet
   facet normal 0 1 0
      outer loop
         vertex -8.62068962305784 12.2100003063679 -43.1034490466118
         vertex -5.17241377383471 12.2100003063679 -43.1034490466118
         vertex -5.17241377383471 12.2100003063679 -46.5517230331898
      endloop
   endfacet
   facet normal 0 1 0
      outer loop
         vertex -5.17241377383471 12.2100003063679 -46.5517230331898
         vertex -5.17241377383471 12.2100003063679 -43.1034490466118
         vertex -1.72413792461157 12.2100003063679 -46.5517230331898
      endloop
   endfacet
   facet normal 0 1 0
      outer loop
         vertex -12.068965472281 12.2100003063679 12.068965472281
         vertex -8.62068962305784 12.2100003063679 12.068965472281
         vertex -8.62068962305784 12.2100003063679 8.62068962305784
      endloop
   endfacet
   facet normal 0 1 0
      outer loop
         vertex -8.62068962305784 12.2100003063679 8.62068962305784
         vertex -8.62068962305784 12.2100003063679 12.068965472281
         vertex -5.17241377383471 12.2100003063679 8.62068962305784
      endloop
   endfacet
   facet normal 0 1 0
      outer loop
         vertex -8.62068962305784 12.2100003063679 8.62068962305784
         vertex -5.17241377383471 12.2100003063679 8.62068962305784
         vertex -5.17241377383471 12.2100003063679 5.17241377383471
      endloop
   endfacet
   facet normal 0 1 0
      outer loop
         vertex -5.17241377383471 12.2100003063679 5.17241377383471
         vertex -5.17241377383471 12.2100003063679 8.62068962305784
         vertex -1.72413792461157 12.2100003063679 5.17241377383471
      endloop
   endfacet
   facet normal 0 1 0
      outer loop
         vertex -5.17241377383471 12.2100003063679 5.17241377383471
         vertex -1.72413792461157 12.2100003063679 5.17241377383471
         vertex -1.72413792461157 12.2100003063679 1.72413792461157
      endloop
   endfacet
   facet normal 0 1 0
      outer loop
         vertex -1.72413792461157 12.2100003063679 1.72413792461157
         vertex -1.72413792461157 12.2100003063679 5.17241377383471
         vertex 1.72413792461157 12.2100003063679 1.72413792461157
      endloop
   endfacet
   facet normal 0 1 0
      outer loop
         vertex -1.72413792461157 12.2100003063679 1.72413792461157
         vertex 1.72413792461157 12.2100003063679 1.72413792461157
         vertex 1.72413792461157 12.2100003063679 -1.72413792461157
      endloop
   endfacet
   facet normal 0 1 0
      outer loop
         vertex 1.72413792461157 12.2100003063679 -1.72413792461157
         vertex 1.72413792461157 12.2100003063679 1.72413792461157
         vertex 5.17241377383471 12.2100003063679 -1.72413792461157
      endloop
   endfacet
   facet normal 0 1 0
      outer loop
         vertex 1.72413792461157 12.2100003063679 -1.72413792461157
         vertex 5.17241377383471 12.2100003063679 -1.72413792461157
         vertex 5.17241377383471 12.2100003063679 -5.17241377383471
      endloop
   endfacet
   facet normal 0 1 0
      outer loop
         vertex 5.17241377383471 12.2100003063679 -5.17241377383471
         vertex 5.17241377383471 12.2100003063679 -1.72413792461157
         vertex 8.62068962305784 12.2100003063679 -5.17241377383471
      endloop
   endfacet
   facet normal 0 1 0
      outer loop
         vertex 5.17241377383471 12.2100003063679 -5.17241377383471
         vertex 8.62068962305784 12.2100003063679 -5.17241377383471
         vertex 8.62068962305784 12.2100003063679 -8.62068962305784
      endloop
   endfacet
   facet normal 0 1 0
      outer loop
         vertex 8.62068962305784 12.2100003063679 -8.62068962305784
         vertex 8.62068962305784 12.2100003063679 -5.17241377383471
         vertex 12.068965472281 12.2100003063679 -8.62068962305784
      endloop
   endfacet
   facet normal 0 1 0
      outer loop
         vertex 8.62068962305784 12.2100003063679 -8.62068962305784
         vertex 12.068965472281 12.2100003063679 -8.62068962305784
         vertex 12.068965472281 12.2100003063679 -12.068965472281
      endloop
   endfacet
   facet normal 0 1 0
      outer loop
         vertex 12.068965472281 12.2100003063679 -12.068965472281
         vertex 12.068965472281 12.2100003063679 -8.62068962305784
         vertex 15.5172413215041 12.2100003063679 -12.068965472281
      endloop
   endfacet
   facet normal 0 1 0
      outer loop
         vertex 12.068965472281 12.2100003063679 -12.068965472281
         vertex 15.5172413215041 12.2100003063679 -12.068965472281
         vertex 15.5172413215041 12.2100003063679 -15.5172413215041
      endloop
   endfacet
   facet normal 0 1 0
      outer loop
         vertex 15.5172413215041 12.2100003063679 -15.5172413215041
         vertex 15.5172413215041 12.2100003063679 -12.068965472281
         vertex 18.9655181020498 12.2100003063679 -15.5172413215041
      endloop
   endfacet
   facet normal 0 1 0
      outer loop
         vertex 15.5172413215041 12.2100003063679 -15.5172413215041
         vertex 18.9655181020498 12.2100003063679 -15.5172413215041
         vertex 18.9655181020498 12.2100003063679 -18.9655181020498
      endloop
   endfacet
   facet normal 0 1 0
      outer loop
         vertex 18.9655181020498 12.2100003063679 -18.9655181020498
         vertex 18.9655181020498 12.2100003063679 -15.5172413215041
         vertex 22.413793951273 12.2100003063679 -18.9655181020498
      endloop
   endfacet
   facet normal 0 1 0
      outer loop
         vertex 18.9655181020498 12.2100003063679 -18.9655181020498
         vertex 22.413793951273 12.2100003063679 -18.9655181020498
         vertex 22.413793951273 12.2100003063679 -22.413793951273
      endloop
   endfacet
   facet normal 0 1 0
      outer loop
         vertex -12.068965472281 12.2100003063679 -36.2068973481655
         vertex -8.62068962305784 12.2100003063679 -36.2068973481655
         vertex -8.62068962305784 12.2100003063679 -39.6551713347435
      endloop
   endfacet
   facet normal 0 1 0
      outer loop
         vertex -8.62068962305784 12.2100003063679 -39.6551713347435
         vertex -8.62068962305784 12.2100003063679 -36.2068973481655
         vertex -5.17241377383471 12.2100003063679 -39.6551713347435
      endloop
   endfacet
   facet normal 0 1 0
      outer loop
         vertex -8.62068962305784 12.2100003063679 -39.6551713347435
         vertex -5.17241377383471 12.2100003063679 -39.6551713347435
         vertex -5.17241377383471 12.2100003063679 -43.1034490466118
      endloop
   endfacet
   facet normal 0 1 0
      outer loop
         vertex -5.17241377383471 12.2100003063679 -43.1034490466118
         vertex -5.17241377383471 12.2100003063679 -39.6551713347435
         vertex -1.72413792461157 12.2100003063679 -43.1034490466118
      endloop
   endfacet
   facet normal 0 1 0
      outer loop
         vertex -5.17241377383471 12.2100003063679 -43.1034490466118
         vertex -1.72413792461157 12.2100003063679 -43.1034490466118
         vertex -1.72413792461157 12.2100003063679 -46.5517230331898
      endloop
   endfacet
   facet normal 0 1 0
      outer loop
         vertex -1.72413792461157 12.2100003063679 -46.5517230331898
         vertex -1.72413792461157 12.2100003063679 -43.1034490466118
         vertex 1.72413792461157 12.2100003063679 -46.5517230331898
      endloop
   endfacet
   facet normal 0 1 0
      outer loop
         vertex 22.413793951273 12.2100003063679 12.068965472281
         vertex 22.413793951273 12.2100003063679 8.62068962305784
         vertex 18.9655181020498 12.2100003063679 12.068965472281
      endloop
   endfacet
   facet normal 0 1 0
      outer loop
         vertex 18.9655181020498 12.2100003063679 12.068965472281
         vertex 22.413793951273 12.2100003063679 8.62068962305784
         vertex 18.9655181020498 12.2100003063679 8.62068962305784
      endloop
   endfacet
   facet normal 0 1 0
      outer loop
         vertex 18.9655181020498 12.2100003063679 12.068965472281
         vertex 18.9655181020498 12.2100003063679 8.62068962305784
         vertex 15.5172413215041 12.2100003063679 12.068965472281
      endloop
   endfacet
   facet normal 0 1 0
      outer loop
         vertex 15.5172413215041 12.2100003063679 12.068965472281
         vertex 18.9655181020498 12.2100003063679 8.62068962305784
         vertex 15.5172413215041 12.2100003063679 8.62068962305784
      endloop
   endfacet
   facet normal 0 1 0
      outer loop
         vertex 15.5172413215041 12.2100003063679 12.068965472281
         vertex 15.5172413215041 12.2100003063679 8.62068962305784
         vertex 12.068965472281 12.2100003063679 12.068965472281
      endloop
   endfacet
   facet normal 0 1 0
      outer loop
         vertex 12.068965472281 12.2100003063679 12.068965472281
         vertex 15.5172413215041 12.2100003063679 8.62068962305784
         vertex 12.068965472281 12.2100003063679 8.62068962305784
      endloop
   endfacet
   facet normal 0 1 0
      outer loop
         vertex 12.068965472281 12.2100003063679 12.068965472281
         vertex 12.068965472281 12.2100003063679 8.62068962305784
         vertex 8.62068962305784 12.2100003063679 12.068965472281
      endloop
   endfacet
   facet normal 0 1 0
      outer loop
         vertex 8.62068962305784 12.2100003063679 12.068965472281
         vertex 12.068965472281 12.2100003063679 8.62068962305784
         vertex 8.62068962305784 12.2100003063679 8.62068962305784
      endloop
   endfacet
   facet normal 0 1 0
      outer loop
         vertex 8.62068962305784 12.2100003063679 12.068965472281
         vertex 8.62068962305784 12.2100003063679 8.62068962305784
         vertex 5.17241377383471 12.2100003063679 12.068965472281
      endloop
   endfacet
   facet normal 0 1 0
      outer loop
         vertex 5.17241377383471 12.2100003063679 12.068965472281
         vertex 8.62068962305784 12.2100003063679 8.62068962305784
         vertex 5.17241377383471 12.2100003063679 8.62068962305784
      endloop
   endfacet
   facet normal 0 1 0
      outer loop
         vertex 5.17241377383471 12.2100003063679 12.068965472281
         vertex 5.17241377383471 12.2100003063679 8.62068962305784
         vertex 1.72413792461157 12.2100003063679 12.068965472281
      endloop
   endfacet
   facet normal 0 1 0
      outer loop
         vertex 1.72413792461157 12.2100003063679 12.068965472281
         vertex 5.17241377383471 12.2100003063679 8.62068962305784
         vertex 1.72413792461157 12.2100003063679 8.62068962305784
      endloop
   endfacet
   facet normal 0 1 0
      outer loop
         vertex 1.72413792461157 12.2100003063679 12.068965472281
         vertex 1.72413792461157 12.2100003063679 8.62068962305784
         vertex -1.72413792461157 12.2100003063679 12.068965472281
      endloop
   endfacet
   facet normal 0 1 0
      outer loop
         vertex -1.72413792461157 12.2100003063679 12.068965472281
         vertex 1.72413792461157 12.2100003063679 8.62068962305784
         vertex -1.72413792461157 12.2100003063679 8.62068962305784
      endloop
   endfacet
   facet normal 0 1 0
      outer loop
         vertex -1.72413792461157 12.2100003063679 12.068965472281
         vertex -1.72413792461157 12.2100003063679 8.62068962305784
         vertex -5.17241377383471 12.2100003063679 12.068965472281
      endloop
   endfacet
   facet normal 0 1 0
      outer loop
         vertex -5.17241377383471 12.2100003063679 12.068965472281
         vertex -1.72413792461157 12.2100003063679 8.62068962305784
         vertex -5.17241377383471 12.2100003063679 8.62068962305784
      endloop
   endfacet
   facet normal 0 1 0
      outer loop
         vertex -5.17241377383471 12.2100003063679 12.068965472281
         vertex -5.17241377383471 12.2100003063679 8.62068962305784
         vertex -8.62068962305784 12.2100003063679 12.068965472281
      endloop
   endfacet
   facet normal 0 1 0
      outer loop
         vertex -5.17241377383471 12.2100003063679 8.62068962305784
         vertex -1.72413792461157 12.2100003063679 8.62068962305784
         vertex -1.72413792461157 12.2100003063679 5.17241377383471
      endloop
   endfacet
   facet normal 0 1 0
      outer loop
         vertex -1.72413792461157 12.2100003063679 5.17241377383471
         vertex -1.72413792461157 12.2100003063679 8.62068962305784
         vertex 1.72413792461157 12.2100003063679 5.17241377383471
      endloop
   endfacet
   facet normal 0 1 0
      outer loop
         vertex -1.72413792461157 12.2100003063679 5.17241377383471
         vertex 1.72413792461157 12.2100003063679 5.17241377383471
         vertex 1.72413792461157 12.2100003063679 1.72413792461157
      endloop
   endfacet
   facet normal 0 1 0
      outer loop
         vertex 1.72413792461157 12.2100003063679 1.72413792461157
         vertex 1.72413792461157 12.2100003063679 5.17241377383471
         vertex 5.17241377383471 12.2100003063679 1.72413792461157
      endloop
   endfacet
   facet normal 0 1 0
      outer loop
         vertex 1.72413792461157 12.2100003063679 1.72413792461157
         vertex 5.17241377383471 12.2100003063679 1.72413792461157
         vertex 5.17241377383471 12.2100003063679 -1.72413792461157
      endloop
   endfacet
   facet normal 0 1 0
      outer loop
         vertex 5.17241377383471 12.2100003063679 -1.72413792461157
         vertex 5.17241377383471 12.2100003063679 1.72413792461157
         vertex 8.62068962305784 12.2100003063679 -1.72413792461157
      endloop
   endfacet
   facet normal 0 1 0
      outer loop
         vertex 5.17241377383471 12.2100003063679 -1.72413792461157
         vertex 8.62068962305784 12.2100003063679 -1.72413792461157
         vertex 8.62068962305784 12.2100003063679 -5.17241377383471
      endloop
   endfacet
   facet normal 0 1 0
      outer loop
         vertex 8.62068962305784 12.2100003063679 -5.17241377383471
         vertex 8.62068962305784 12.2100003063679 -1.72413792461157
         vertex 12.068965472281 12.2100003063679 -5.17241377383471
      endloop
   endfacet
   facet normal 0 1 0
      outer loop
         vertex 8.62068962305784 12.2100003063679 -5.17241377383471
         vertex 12.068965472281 12.2100003063679 -5.17241377383471
         vertex 12.068965472281 12.2100003063679 -8.62068962305784
      endloop
   endfacet
   facet normal 0 1 0
      outer loop
         vertex 12.068965472281 12.2100003063679 -8.62068962305784
         vertex 12.068965472281 12.2100003063679 -5.17241377383471
         vertex 15.5172413215041 12.2100003063679 -8.62068962305784
      endloop
   endfacet
   facet normal 0 1 0
      outer loop
         vertex 12.068965472281 12.2100003063679 -8.62068962305784
         vertex 15.5172413215041 12.2100003063679 -8.62068962305784
         vertex 15.5172413215041 12.2100003063679 -12.068965472281
      endloop
   endfacet
   facet normal 0 1 0
      outer loop
         vertex 15.5172413215041 12.2100003063679 -12.068965472281
         vertex 15.5172413215041 12.2100003063679 -8.62068962305784
         vertex 18.9655181020498 12.2100003063679 -12.068965472281
      endloop
   endfacet
   facet normal 0 1 0
      outer loop
         vertex 15.5172413215041 12.2100003063679 -12.068965472281
         vertex 18.9655181020498 12.2100003063679 -12.068965472281
         vertex 18.9655181020498 12.2100003063679 -15.5172413215041
      endloop
   endfacet
   facet normal 0 1 0
      outer loop
         vertex 18.9655181020498 12.2100003063679 -15.5172413215041
         vertex 18.9655181020498 12.2100003063679 -12.068965472281
         vertex 22.413793951273 12.2100003063679 -15.5172413215041
      endloop
   endfacet
   facet normal 0 1 0
      outer loop
         vertex 18.9655181020498 12.2100003063679 -15.5172413215041
         vertex 22.413793951273 12.2100003063679 -15.5172413215041
         vertex 22.413793951273 12.2100003063679 -18.9655181020498
      endloop
   endfacet
   facet normal 0 1 0
      outer loop
         vertex 1.72413792461157 12.2100003063679 -36.2068973481655
         vertex 1.72413792461157 12.2100003063679 -39.6551713347435
         vertex -1.72413792461157 12.2100003063679 -36.2068973481655
      endloop
   endfacet
   facet normal 0 1 0
      outer loop
         vertex -1.72413792461157 12.2100003063679 -36.2068973481655
         vertex 1.72413792461157 12.2100003063679 -39.6551713347435
         vertex -1.72413792461157 12.2100003063679 -39.6551713347435
      endloop
   endfacet
   facet normal 0 1 0
      outer loop
         vertex -1.72413792461157 12.2100003063679 -36.2068973481655
         vertex -1.72413792461157 12.2100003063679 -39.6551713347435
         vertex -5.17241377383471 12.2100003063679 -36.2068973481655
      endloop
   endfacet
   facet normal 0 1 0
      outer loop
         vertex -5.17241377383471 12.2100003063679 -36.2068973481655
         vertex -1.72413792461157 12.2100003063679 -39.6551713347435
         vertex -5.17241377383471 12.2100003063679 -39.6551713347435
      endloop
   endfacet
   facet normal 0 1 0
      outer loop
         vertex -5.17241377383471 12.2100003063679 -36.2068973481655
         vertex -5.17241377383471 12.2100003063679 -39.6551713347435
         vertex -8.62068962305784 12.2100003063679 -36.2068973481655
      endloop
   endfacet
   facet normal 0 1 0
      outer loop
         vertex -5.17241377383471 12.2100003063679 -39.6551713347435
         vertex -1.72413792461157 12.2100003063679 -39.6551713347435
         vertex -1.72413792461157 12.2100003063679 -43.1034490466118
      endloop
   endfacet
   facet normal 0 1 0
      outer loop
         vertex -1.72413792461157 12.2100003063679 -43.1034490466118
         vertex -1.72413792461157 12.2100003063679 -39.6551713347435
         vertex 1.72413792461157 12.2100003063679 -43.1034490466118
      endloop
   endfacet
   facet normal 0 1 0
      outer loop
         vertex -1.72413792461157 12.2100003063679 -43.1034490466118
         vertex 1.72413792461157 12.2100003063679 -43.1034490466118
         vertex 1.72413792461157 12.2100003063679 -46.5517230331898
      endloop
   endfacet
   facet normal 0 1 0
      outer loop
         vertex -1.72413792461157 12.2100003063679 8.62068962305784
         vertex 1.72413792461157 12.2100003063679 8.62068962305784
         vertex 1.72413792461157 12.2100003063679 5.17241377383471
      endloop
   endfacet
   facet normal 0 1 0
      outer loop
         vertex 1.72413792461157 12.2100003063679 5.17241377383471
         vertex 1.72413792461157 12.2100003063679 8.62068962305784
         vertex 5.17241377383471 12.2100003063679 5.17241377383471
      endloop
   endfacet
   facet normal 0 1 0
      outer loop
         vertex 1.72413792461157 12.2100003063679 5.17241377383471
         vertex 5.17241377383471 12.2100003063679 5.17241377383471
         vertex 5.17241377383471 12.2100003063679 1.72413792461157
      endloop
   endfacet
   facet normal 0 1 0
      outer loop
         vertex 5.17241377383471 12.2100003063679 1.72413792461157
         vertex 5.17241377383471 12.2100003063679 5.17241377383471
         vertex 8.62068962305784 12.2100003063679 1.72413792461157
      endloop
   endfacet
   facet normal 0 1 0
      outer loop
         vertex 5.17241377383471 12.2100003063679 1.72413792461157
         vertex 8.62068962305784 12.2100003063679 1.72413792461157
         vertex 8.62068962305784 12.2100003063679 -1.72413792461157
      endloop
   endfacet
   facet normal 0 1 0
      outer loop
         vertex 8.62068962305784 12.2100003063679 -1.72413792461157
         vertex 8.62068962305784 12.2100003063679 1.72413792461157
         vertex 12.068965472281 12.2100003063679 -1.72413792461157
      endloop
   endfacet
   facet normal 0 1 0
      outer loop
         vertex 8.62068962305784 12.2100003063679 -1.72413792461157
         vertex 12.068965472281 12.2100003063679 -1.72413792461157
         vertex 12.068965472281 12.2100003063679 -5.17241377383471
      endloop
   endfacet
   facet normal 0 1 0
      outer loop
         vertex 12.068965472281 12.2100003063679 -5.17241377383471
         vertex 12.068965472281 12.2100003063679 -1.72413792461157
         vertex 15.5172413215041 12.2100003063679 -5.17241377383471
      endloop
   endfacet
   facet normal 0 1 0
      outer loop
         vertex 12.068965472281 12.2100003063679 -5.17241377383471
         vertex 15.5172413215041 12.2100003063679 -5.17241377383471
         vertex 15.5172413215041 12.2100003063679 -8.62068962305784
      endloop
   endfacet
   facet normal 0 1 0
      outer loop
         vertex 15.5172413215041 12.2100003063679 -8.62068962305784
         vertex 15.5172413215041 12.2100003063679 -5.17241377383471
         vertex 18.9655181020498 12.2100003063679 -8.62068962305784
      endloop
   endfacet
   facet normal 0 1 0
      outer loop
         vertex 15.5172413215041 12.2100003063679 -8.62068962305784
         vertex 18.9655181020498 12.2100003063679 -8.62068962305784
         vertex 18.9655181020498 12.2100003063679 -12.068965472281
      endloop
   endfacet
   facet normal 0 1 0
      outer loop
         vertex 18.9655181020498 12.2100003063679 -12.068965472281
         vertex 18.9655181020498 12.2100003063679 -8.62068962305784
         vertex 22.413793951273 12.2100003063679 -12.068965472281
      endloop
   endfacet
   facet normal 0 1 0
      outer loop
         vertex 18.9655181020498 12.2100003063679 -12.068965472281
         vertex 22.413793951273 12.2100003063679 -12.068965472281
         vertex 22.413793951273 12.2100003063679 -15.5172413215041
      endloop
   endfacet
   facet normal 0 1 0
      outer loop
         vertex 1.72413792461157 12.2100003063679 -39.6551713347435
         vertex 1.72413792461157 12.2100003063679 -43.1034490466118
         vertex -1.72413792461157 12.2100003063679 -39.6551713347435
      endloop
   endfacet
   facet normal 0 1 0
      outer loop
         vertex 1.2465346371755 12.2100003063679 -49.9844588339329
         vertex 5.17241377383471 12.2100003063679 -46.5517230331898
         vertex 6.21718540787697 12.2100003063679 -49.6119596064091
      endloop
   endfacet
   facet normal 0 1 0
      outer loop
         vertex 8.62068962305784 12.2100003063679 -43.1034490466118
         vertex 5.17241377383471 12.2100003063679 -39.6551713347435
         vertex 8.62068962305784 12.2100003063679 -39.6551713347435
      endloop
   endfacet
   facet normal 0 1 0
      outer loop
         vertex 8.62068962305784 12.2100003063679 -39.6551713347435
         vertex 5.17241377383471 12.2100003063679 -39.6551713347435
         vertex 5.17241377383471 12.2100003063679 -36.2068973481655
      endloop
   endfacet
   facet normal 0 1 0
      outer loop
         vertex 5.17241377383471 12.2100003063679 5.17241377383471
         vertex 5.17241377383471 12.2100003063679 8.62068962305784
         vertex 8.62068962305784 12.2100003063679 5.17241377383471
      endloop
   endfacet
   facet normal 0 1 0
      outer loop
         vertex 8.62068962305784 12.2100003063679 5.17241377383471
         vertex 5.17241377383471 12.2100003063679 8.62068962305784
         vertex 8.62068962305784 12.2100003063679 8.62068962305784
      endloop
   endfacet
   facet normal 0 1 0
      outer loop
         vertex 8.62068962305784 12.2100003063679 5.17241377383471
         vertex 8.62068962305784 12.2100003063679 8.62068962305784
         vertex 12.068965472281 12.2100003063679 5.17241377383471
      endloop
   endfacet
   facet normal 0 1 0
      outer loop
         vertex 12.068965472281 12.2100003063679 5.17241377383471
         vertex 8.62068962305784 12.2100003063679 8.62068962305784
         vertex 12.068965472281 12.2100003063679 8.62068962305784
      endloop
   endfacet
   facet normal 0 1 0
      outer loop
         vertex 12.068965472281 12.2100003063679 5.17241377383471
         vertex 12.068965472281 12.2100003063679 8.62068962305784
         vertex 15.5172413215041 12.2100003063679 5.17241377383471
      endloop
   endfacet
   facet normal 0 1 0
      outer loop
         vertex 15.5172413215041 12.2100003063679 5.17241377383471
         vertex 12.068965472281 12.2100003063679 8.62068962305784
         vertex 15.5172413215041 12.2100003063679 8.62068962305784
      endloop
   endfacet
   facet normal 0 1 0
      outer loop
         vertex 15.5172413215041 12.2100003063679 5.17241377383471
         vertex 15.5172413215041 12.2100003063679 8.62068962305784
         vertex 18.9655181020498 12.2100003063679 5.17241377383471
      endloop
   endfacet
   facet normal 0 1 0
      outer loop
         vertex 18.9655181020498 12.2100003063679 5.17241377383471
         vertex 15.5172413215041 12.2100003063679 8.62068962305784
         vertex 18.9655181020498 12.2100003063679 8.62068962305784
      endloop
   endfacet
   facet normal 0 1 0
      outer loop
         vertex 18.9655181020498 12.2100003063679 5.17241377383471
         vertex 18.9655181020498 12.2100003063679 8.62068962305784
         vertex 22.413793951273 12.2100003063679 5.17241377383471
      endloop
   endfacet
   facet normal 0 1 0
      outer loop
         vertex 22.413793951273 12.2100003063679 5.17241377383471
         vertex 18.9655181020498 12.2100003063679 8.62068962305784
         vertex 22.413793951273 12.2100003063679 8.62068962305784
      endloop
   endfacet
   facet normal 0 1 0
      outer loop
         vertex 5.17241377383471 12.2100003063679 8.62068962305784
         vertex 5.17241377383471 12.2100003063679 5.17241377383471
         vertex 1.72413792461157 12.2100003063679 8.62068962305784
      endloop
   endfacet
   facet normal 0 1 0
      outer loop
         vertex 8.62068962305784 12.2100003063679 39.6551713347435
         vertex 5.17241377383471 12.2100003063679 43.1034490466118
         vertex 8.62068962305784 12.2100003063679 43.1034490466118
      endloop
   endfacet
   facet normal 0 1 0
      outer loop
         vertex 8.62068962305784 12.2100003063679 43.1034490466118
         vertex 5.17241377383471 12.2100003063679 43.1034490466118
         vertex 5.17241377383471 12.2100003063679 46.5517230331898
      endloop
   endfacet
   facet normal 0 1 0
      outer loop
         vertex 5.17241377383471 12.2100003063679 43.1034490466118
         vertex 1.72413792461157 12.2100003063679 46.5517230331898
         vertex 5.17241377383471 12.2100003063679 46.5517230331898
      endloop
   endfacet
   facet normal 0 1 0
      outer loop
         vertex 5.17241377383471 12.2100003063679 46.5517230331898
         vertex 1.72413792461157 12.2100003063679 46.5517230331898
         vertex 1.2465346371755 12.2100003063679 49.9844588339329
      endloop
   endfacet
   facet normal 0 1 0
      outer loop
         vertex 8.62068962305784 12.2100003063679 39.6551713347435
         vertex 8.62068962305784 12.2100003063679 43.1034490466118
         vertex 12.068965472281 12.2100003063679 39.6551713347435
      endloop
   endfacet
   facet normal 0 1 0
      outer loop
         vertex 5.17241377383471 12.2100003063679 5.17241377383471
         vertex 8.62068962305784 12.2100003063679 5.17241377383471
         vertex 8.62068962305784 12.2100003063679 1.72413792461157
      endloop
   endfacet
   facet normal 0 1 0
      outer loop
         vertex 8.62068962305784 12.2100003063679 1.72413792461157
         vertex 8.62068962305784 12.2100003063679 5.17241377383471
         vertex 12.068965472281 12.2100003063679 1.72413792461157
      endloop
   endfacet
   facet normal 0 1 0
      outer loop
         vertex 8.62068962305784 12.2100003063679 1.72413792461157
         vertex 12.068965472281 12.2100003063679 1.72413792461157
         vertex 12.068965472281 12.2100003063679 -1.72413792461157
      endloop
   endfacet
   facet normal 0 1 0
      outer loop
         vertex 12.068965472281 12.2100003063679 -1.72413792461157
         vertex 12.068965472281 12.2100003063679 1.72413792461157
         vertex 15.5172413215041 12.2100003063679 -1.72413792461157
      endloop
   endfacet
   facet normal 0 1 0
      outer loop
         vertex 12.068965472281 12.2100003063679 -1.72413792461157
         vertex 15.5172413215041 12.2100003063679 -1.72413792461157
         vertex 15.5172413215041 12.2100003063679 -5.17241377383471
      endloop
   endfacet
   facet normal 0 1 0
      outer loop
         vertex 15.5172413215041 12.2100003063679 -5.17241377383471
         vertex 15.5172413215041 12.2100003063679 -1.72413792461157
         vertex 18.9655181020498 12.2100003063679 -5.17241377383471
      endloop
   endfacet
   facet normal 0 1 0
      outer loop
         vertex 15.5172413215041 12.2100003063679 -5.17241377383471
         vertex 18.9655181020498 12.2100003063679 -5.17241377383471
         vertex 18.9655181020498 12.2100003063679 -8.62068962305784
      endloop
   endfacet
   facet normal 0 1 0
      outer loop
         vertex 18.9655181020498 12.2100003063679 -8.62068962305784
         vertex 18.9655181020498 12.2100003063679 -5.17241377383471
         vertex 22.413793951273 12.2100003063679 -8.62068962305784
      endloop
   endfacet
   facet normal 0 1 0
      outer loop
         vertex 18.9655181020498 12.2100003063679 -8.62068962305784
         vertex 22.413793951273 12.2100003063679 -8.62068962305784
         vertex 22.413793951273 12.2100003063679 -12.068965472281
      endloop
   endfacet
   facet normal 0 1 0
      outer loop
         vertex 12.068965472281 12.2100003063679 -46.5517230331898
         vertex 8.62068962305784 12.2100003063679 -43.1034490466118
         vertex 12.068965472281 12.2100003063679 -43.1034490466118
      endloop
   endfacet
   facet normal 0 1 0
      outer loop
         vertex 12.068965472281 12.2100003063679 -43.1034490466118
         vertex 8.62068962305784 12.2100003063679 -43.1034490466118
         vertex 8.62068962305784 12.2100003063679 -39.6551713347435
      endloop
   endfacet
   facet normal 0 1 0
      outer loop
         vertex 8.62068962305784 12.2100003063679 5.17241377383471
         vertex 12.068965472281 12.2100003063679 5.17241377383471
         vertex 12.068965472281 12.2100003063679 1.72413792461157
      endloop
   endfacet
   facet normal 0 1 0
      outer loop
         vertex 12.068965472281 12.2100003063679 1.72413792461157
         vertex 12.068965472281 12.2100003063679 5.17241377383471
         vertex 15.5172413215041 12.2100003063679 1.72413792461157
      endloop
   endfacet
   facet normal 0 1 0
      outer loop
         vertex 12.068965472281 12.2100003063679 1.72413792461157
         vertex 15.5172413215041 12.2100003063679 1.72413792461157
         vertex 15.5172413215041 12.2100003063679 -1.72413792461157
      endloop
   endfacet
   facet normal 0 1 0
      outer loop
         vertex 15.5172413215041 12.2100003063679 -1.72413792461157
         vertex 15.5172413215041 12.2100003063679 1.72413792461157
         vertex 18.9655181020498 12.2100003063679 -1.72413792461157
      endloop
   endfacet
   facet normal 0 1 0
      outer loop
         vertex 15.5172413215041 12.2100003063679 -1.72413792461157
         vertex 18.9655181020498 12.2100003063679 -1.72413792461157
         vertex 18.9655181020498 12.2100003063679 -5.17241377383471
      endloop
   endfacet
   facet normal 0 1 0
      outer loop
         vertex 18.9655181020498 12.2100003063679 -5.17241377383471
         vertex 18.9655181020498 12.2100003063679 -1.72413792461157
         vertex 22.413793951273 12.2100003063679 -5.17241377383471
      endloop
   endfacet
   facet normal 0 1 0
      outer loop
         vertex 18.9655181020498 12.2100003063679 -5.17241377383471
         vertex 22.413793951273 12.2100003063679 -5.17241377383471
         vertex 22.413793951273 12.2100003063679 -8.62068962305784
      endloop
   endfacet
   facet normal 0 1 0
      outer loop
         vertex 12.068965472281 12.2100003063679 -43.1034490466118
         vertex 15.5172413215041 12.2100003063679 -46.5517230331898
         vertex 12.068965472281 12.2100003063679 -46.5517230331898
      endloop
   endfacet
   facet normal 0 1 0
      outer loop
         vertex 12.068965472281 12.2100003063679 -46.5517230331898
         vertex 15.5172413215041 12.2100003063679 -46.5517230331898
         vertex 15.9243326634169 12.2100003063679 -47.3963655531406
      endloop
   endfacet
   facet normal 0 1 0
      outer loop
         vertex 15.5172413215041 12.2100003063679 1.72413792461157
         vertex 15.5172413215041 12.2100003063679 5.17241377383471
         vertex 18.9655181020498 12.2100003063679 1.72413792461157
      endloop
   endfacet
   facet normal 0 1 0
      outer loop
         vertex 18.9655181020498 12.2100003063679 1.72413792461157
         vertex 15.5172413215041 12.2100003063679 5.17241377383471
         vertex 18.9655181020498 12.2100003063679 5.17241377383471
      endloop
   endfacet
   facet normal 0 1 0
      outer loop
         vertex 18.9655181020498 12.2100003063679 1.72413792461157
         vertex 18.9655181020498 12.2100003063679 5.17241377383471
         vertex 22.413793951273 12.2100003063679 1.72413792461157
      endloop
   endfacet
   facet normal 0 1 0
      outer loop
         vertex 22.413793951273 12.2100003063679 1.72413792461157
         vertex 18.9655181020498 12.2100003063679 5.17241377383471
         vertex 22.413793951273 12.2100003063679 5.17241377383471
      endloop
   endfacet
   facet normal 0 1 0
      outer loop
         vertex 15.5172413215041 12.2100003063679 5.17241377383471
         vertex 15.5172413215041 12.2100003063679 1.72413792461157
         vertex 12.068965472281 12.2100003063679 5.17241377383471
      endloop
   endfacet
   facet normal 0 1 0
      outer loop
         vertex 18.9655181020498 12.2100003063679 39.6551713347435
         vertex 15.5172413215041 12.2100003063679 43.1034490466118
         vertex 18.9655181020498 12.2100003063679 43.1034490466118
      endloop
   endfacet
   facet normal 0 1 0
      outer loop
         vertex 18.9655181020498 12.2100003063679 43.1034490466118
         vertex 15.5172413215041 12.2100003063679 43.1034490466118
         vertex 15.5172413215041 12.2100003063679 46.5517230331898
      endloop
   endfacet
   facet normal 0 1 0
      outer loop
         vertex 15.9243326634169 12.2100003063679 47.3963655531406
         vertex 12.068965472281 12.2100003063679 46.5517230331898
         vertex 11.126047000289 12.2100003063679 48.746395856142
      endloop
   endfacet
   facet normal 0 1 0
      outer loop
         vertex 15.5172413215041 12.2100003063679 46.5517230331898
         vertex 15.5172413215041 12.2100003063679 43.1034490466118
         vertex 12.068965472281 12.2100003063679 46.5517230331898
      endloop
   endfacet
   facet normal 0 1 0
      outer loop
         vertex 18.9655181020498 12.2100003063679 39.6551713347435
         vertex 18.9655181020498 12.2100003063679 43.1034490466118
         vertex 22.413793951273 12.2100003063679 39.6551713347435
      endloop
   endfacet
   facet normal 0 1 0
      outer loop
         vertex 15.5172413215041 12.2100003063679 1.72413792461157
         vertex 18.9655181020498 12.2100003063679 1.72413792461157
         vertex 18.9655181020498 12.2100003063679 -1.72413792461157
      endloop
   endfacet
   facet normal 0 1 0
      outer loop
         vertex 18.9655181020498 12.2100003063679 -1.72413792461157
         vertex 18.9655181020498 12.2100003063679 1.72413792461157
         vertex 22.413793951273 12.2100003063679 -1.72413792461157
      endloop
   endfacet
   facet normal 0 1 0
      outer loop
         vertex 18.9655181020498 12.2100003063679 -1.72413792461157
         vertex 22.413793951273 12.2100003063679 -1.72413792461157
         vertex 22.413793951273 12.2100003063679 -5.17241377383471
      endloop
   endfacet
   facet normal 0 1 0
      outer loop
         vertex 22.413793951273 12.2100003063679 1.72413792461157
         vertex 22.413793951273 12.2100003063679 -1.72413792461157
         vertex 18.9655181020498 12.2100003063679 1.72413792461157
      endloop
   endfacet
   facet normal 0 1 0
      outer loop
         vertex 29.3103456497192 12.2100003063679 29.3103456497192
         vertex 29.3103456497192 12.2100003063679 25.8620698004961
         vertex 25.8620698004961 12.2100003063679 29.3103456497192
      endloop
   endfacet
   facet normal 0 1 0
      outer loop
         vertex 25.8620698004961 12.2100003063679 29.3103456497192
         vertex 29.3103456497192 12.2100003063679 25.8620698004961
         vertex 25.8620698004961 12.2100003063679 25.8620698004961
      endloop
   endfacet
   facet normal 0 1 0
      outer loop
         vertex 29.3103456497192 12.2100003063679 25.8620698004961
         vertex 29.3103456497192 12.2100003063679 22.413793951273
         vertex 25.8620698004961 12.2100003063679 25.8620698004961
      endloop
   endfacet
   facet normal 0 1 0
      outer loop
         vertex 25.8620698004961 12.2100003063679 25.8620698004961
         vertex 29.3103456497192 12.2100003063679 22.413793951273
         vertex 25.8620698004961 12.2100003063679 22.413793951273
      endloop
   endfacet
   facet normal 0 1 0
      outer loop
         vertex 29.3103456497192 12.2100003063679 22.413793951273
         vertex 29.3103456497192 12.2100003063679 18.9655181020498
         vertex 25.8620698004961 12.2100003063679 22.413793951273
      endloop
   endfacet
   facet normal 0 1 0
      outer loop
         vertex 25.8620698004961 12.2100003063679 22.413793951273
         vertex 29.3103456497192 12.2100003063679 18.9655181020498
         vertex 25.8620698004961 12.2100003063679 18.9655181020498
      endloop
   endfacet
   facet normal 0 1 0
      outer loop
         vertex 29.3103456497192 12.2100003063679 18.9655181020498
         vertex 29.3103456497192 12.2100003063679 15.5172413215041
         vertex 25.8620698004961 12.2100003063679 18.9655181020498
      endloop
   endfacet
   facet normal 0 1 0
      outer loop
         vertex 25.8620698004961 12.2100003063679 18.9655181020498
         vertex 29.3103456497192 12.2100003063679 15.5172413215041
         vertex 25.8620698004961 12.2100003063679 15.5172413215041
      endloop
   endfacet
   facet normal 0 1 0
      outer loop
         vertex 29.3103456497192 12.2100003063679 15.5172413215041
         vertex 29.3103456497192 12.2100003063679 12.068965472281
         vertex 25.8620698004961 12.2100003063679 15.5172413215041
      endloop
   endfacet
   facet normal 0 1 0
      outer loop
         vertex 25.8620698004961 12.2100003063679 15.5172413215041
         vertex 29.3103456497192 12.2100003063679 12.068965472281
         vertex 25.8620698004961 12.2100003063679 12.068965472281
      endloop
   endfacet
   facet normal 0 1 0
      outer loop
         vertex 29.3103456497192 12.2100003063679 12.068965472281
         vertex 29.3103456497192 12.2100003063679 8.62068962305784
         vertex 25.8620698004961 12.2100003063679 12.068965472281
      endloop
   endfacet
   facet normal 0 1 0
      outer loop
         vertex 25.8620698004961 12.2100003063679 12.068965472281
         vertex 29.3103456497192 12.2100003063679 8.62068962305784
         vertex 25.8620698004961 12.2100003063679 8.62068962305784
      endloop
   endfacet
   facet normal 0 1 0
      outer loop
         vertex 29.3103456497192 12.2100003063679 8.62068962305784
         vertex 29.3103456497192 12.2100003063679 5.17241377383471
         vertex 25.8620698004961 12.2100003063679 8.62068962305784
      endloop
   endfacet
   facet normal 0 1 0
      outer loop
         vertex 25.8620698004961 12.2100003063679 8.62068962305784
         vertex 29.3103456497192 12.2100003063679 5.17241377383471
         vertex 25.8620698004961 12.2100003063679 5.17241377383471
      endloop
   endfacet
   facet normal 0 1 0
      outer loop
         vertex 29.3103456497192 12.2100003063679 5.17241377383471
         vertex 29.3103456497192 12.2100003063679 1.72413792461157
         vertex 25.8620698004961 12.2100003063679 5.17241377383471
      endloop
   endfacet
   facet normal 0 1 0
      outer loop
         vertex 25.8620698004961 12.2100003063679 5.17241377383471
         vertex 29.3103456497192 12.2100003063679 1.72413792461157
         vertex 25.8620698004961 12.2100003063679 1.72413792461157
      endloop
   endfacet
   facet normal 0 1 0
      outer loop
         vertex 29.3103456497192 12.2100003063679 1.72413792461157
         vertex 29.3103456497192 12.2100003063679 -1.72413792461157
         vertex 25.8620698004961 12.2100003063679 1.72413792461157
      endloop
   endfacet
   facet normal 0 1 0
      outer loop
         vertex 25.8620698004961 12.2100003063679 1.72413792461157
         vertex 29.3103456497192 12.2100003063679 -1.72413792461157
         vertex 25.8620698004961 12.2100003063679 -1.72413792461157
      endloop
   endfacet
   facet normal 0 1 0
      outer loop
         vertex 29.3103456497192 12.2100003063679 -1.72413792461157
         vertex 29.3103456497192 12.2100003063679 -5.17241377383471
         vertex 25.8620698004961 12.2100003063679 -1.72413792461157
      endloop
   endfacet
   facet normal 0 1 0
      outer loop
         vertex 25.8620698004961 12.2100003063679 -1.72413792461157
         vertex 29.3103456497192 12.2100003063679 -5.17241377383471
         vertex 25.8620698004961 12.2100003063679 -5.17241377383471
      endloop
   endfacet
   facet normal 0 1 0
      outer loop
         vertex 29.3103456497192 12.2100003063679 -5.17241377383471
         vertex 29.3103456497192 12.2100003063679 -8.62068962305784
         vertex 25.8620698004961 12.2100003063679 -5.17241377383471
      endloop
   endfacet
   facet normal 0 1 0
      outer loop
         vertex 25.8620698004961 12.2100003063679 -5.17241377383471
         vertex 29.3103456497192 12.2100003063679 -8.62068962305784
         vertex 25.8620698004961 12.2100003063679 -8.62068962305784
      endloop
   endfacet
   facet normal 0 1 0
      outer loop
         vertex 29.3103456497192 12.2100003063679 -8.62068962305784
         vertex 29.3103456497192 12.2100003063679 -12.068965472281
         vertex 25.8620698004961 12.2100003063679 -8.62068962305784
      endloop
   endfacet
   facet normal 0 1 0
      outer loop
         vertex 25.8620698004961 12.2100003063679 -8.62068962305784
         vertex 29.3103456497192 12.2100003063679 -12.068965472281
         vertex 25.8620698004961 12.2100003063679 -12.068965472281
      endloop
   endfacet
   facet normal 0 1 0
      outer loop
         vertex 29.3103456497192 12.2100003063679 -12.068965472281
         vertex 29.3103456497192 12.2100003063679 -15.5172413215041
         vertex 25.8620698004961 12.2100003063679 -12.068965472281
      endloop
   endfacet
   facet normal 0 1 0
      outer loop
         vertex 25.8620698004961 12.2100003063679 -12.068965472281
         vertex 29.3103456497192 12.2100003063679 -15.5172413215041
         vertex 25.8620698004961 12.2100003063679 -15.5172413215041
      endloop
   endfacet
   facet normal 0 1 0
      outer loop
         vertex 29.3103456497192 12.2100003063679 -15.5172413215041
         vertex 29.3103456497192 12.2100003063679 -18.9655181020498
         vertex 25.8620698004961 12.2100003063679 -15.5172413215041
      endloop
   endfacet
   facet normal 0 1 0
      outer loop
         vertex 25.8620698004961 12.2100003063679 -15.5172413215041
         vertex 29.3103456497192 12.2100003063679 -18.9655181020498
         vertex 25.8620698004961 12.2100003063679 -18.9655181020498
      endloop
   endfacet
   facet normal 0 1 0
      outer loop
         vertex 29.3103456497192 12.2100003063679 -18.9655181020498
         vertex 29.3103456497192 12.2100003063679 -22.413793951273
         vertex 25.8620698004961 12.2100003063679 -18.9655181020498
      endloop
   endfacet
   facet normal 0 1 0
      outer loop
         vertex 25.8620698004961 12.2100003063679 -18.9655181020498
         vertex 29.3103456497192 12.2100003063679 -22.413793951273
         vertex 25.8620698004961 12.2100003063679 -22.413793951273
      endloop
   endfacet
   facet normal 0 1 0
      outer loop
         vertex 29.3103456497192 12.2100003063679 -22.413793951273
         vertex 29.3103456497192 12.2100003063679 -25.8620698004961
         vertex 25.8620698004961 12.2100003063679 -22.413793951273
      endloop
   endfacet
   facet normal 0 1 0
      outer loop
         vertex 25.8620698004961 12.2100003063679 -22.413793951273
         vertex 29.3103456497192 12.2100003063679 -25.8620698004961
         vertex 25.8620698004961 12.2100003063679 -25.8620698004961
      endloop
   endfacet
   facet normal 0 1 0
      outer loop
         vertex 29.3103456497192 12.2100003063679 -25.8620698004961
         vertex 29.3103456497192 12.2100003063679 -29.3103456497192
         vertex 25.8620698004961 12.2100003063679 -25.8620698004961
      endloop
   endfacet
   facet normal 0 1 0
      outer loop
         vertex 25.8620698004961 12.2100003063679 -25.8620698004961
         vertex 29.3103456497192 12.2100003063679 -29.3103456497192
         vertex 25.8620698004961 12.2100003063679 -29.3103456497192
      endloop
   endfacet
   facet normal 0 1 0
      outer loop
         vertex 29.3103456497192 12.2100003063679 -29.3103456497192
         vertex 29.3103456497192 12.2100003063679 -32.7586196362972
         vertex 25.8620698004961 12.2100003063679 -29.3103456497192
      endloop
   endfacet
   facet normal 0 1 0
      outer loop
         vertex 25.8620698004961 12.2100003063679 -29.3103456497192
         vertex 29.3103456497192 12.2100003063679 -32.7586196362972
         vertex 25.8620698004961 12.2100003063679 -32.7586196362972
      endloop
   endfacet
   facet normal 0 1 0
      outer loop
         vertex 29.3103456497192 12.2100003063679 -32.7586196362972
         vertex 29.3103456497192 12.2100003063679 -36.2068973481655
         vertex 25.8620698004961 12.2100003063679 -32.7586196362972
      endloop
   endfacet
   facet normal 0 1 0
      outer loop
         vertex 25.8620698004961 12.2100003063679 -32.7586196362972
         vertex 29.3103456497192 12.2100003063679 -36.2068973481655
         vertex 25.8620698004961 12.2100003063679 -36.2068973481655
      endloop
   endfacet
   facet normal 0 1 0
      outer loop
         vertex 29.3103456497192 12.2100003063679 -36.2068973481655
         vertex 29.3103456497192 12.2100003063679 -39.6551713347435
         vertex 25.8620698004961 12.2100003063679 -36.2068973481655
      endloop
   endfacet
   facet normal 0 1 0
      outer loop
         vertex 25.8620698004961 12.2100003063679 -36.2068973481655
         vertex 29.3103456497192 12.2100003063679 -39.6551713347435
         vertex 25.8620698004961 12.2100003063679 -39.6551713347435
      endloop
   endfacet
   facet normal 0 1 0
      outer loop
         vertex 32.7586196362972 12.2100003063679 -36.2068973481655
         vertex 32.7586196362972 12.2100003063679 -32.7586196362972
         vertex 36.6525948047638 12.2100003063679 -34.0086370706558
      endloop
   endfacet
   facet normal 0 1 0
      outer loop
         vertex 36.6525948047638 12.2100003063679 -34.0086370706558
         vertex 32.7586196362972 12.2100003063679 -32.7586196362972
         vertex 36.2068973481655 12.2100003063679 -32.7586196362972
      endloop
   endfacet
   facet normal 0 1 0
      outer loop
         vertex 36.6525948047638 12.2100003063679 -34.0086370706558
         vertex 36.2068973481655 12.2100003063679 -32.7586196362972
         vertex 39.8566238582134 12.2100003063679 -30.1902201026678
      endloop
   endfacet
   facet normal 0 1 0
      outer loop
         vertex 39.8566238582134 12.2100003063679 -30.1902201026678
         vertex 36.2068973481655 12.2100003063679 -32.7586196362972
         vertex 36.2068973481655 12.2100003063679 -29.3103456497192
      endloop
   endfacet
   facet normal 0 1 0
      outer loop
         vertex 39.8566238582134 12.2100003063679 -30.1902201026678
         vertex 36.2068973481655 12.2100003063679 -29.3103456497192
         vertex 39.6551713347435 12.2100003063679 -29.3103456497192
      endloop
   endfacet
   facet normal 0 1 0
      outer loop
         vertex 39.6551713347435 12.2100003063679 -29.3103456497192
         vertex 36.2068973481655 12.2100003063679 -29.3103456497192
         vertex 36.2068973481655 12.2100003063679 -25.8620698004961
      endloop
   endfacet
   facet normal 0 1 0
      outer loop
         vertex 39.6551713347435 12.2100003063679 -29.3103456497192
         vertex 36.2068973481655 12.2100003063679 -25.8620698004961
         vertex 39.6551713347435 12.2100003063679 -25.8620698004961
      endloop
   endfacet
   facet normal 0 1 0
      outer loop
         vertex 39.6551713347435 12.2100003063679 -25.8620698004961
         vertex 36.2068973481655 12.2100003063679 -25.8620698004961
         vertex 36.2068973481655 12.2100003063679 -22.413793951273
      endloop
   endfacet
   facet normal 0 1 0
      outer loop
         vertex 39.6551713347435 12.2100003063679 -25.8620698004961
         vertex 36.2068973481655 12.2100003063679 -22.413793951273
         vertex 39.6551713347435 12.2100003063679 -22.413793951273
      endloop
   endfacet
   facet normal 0 1 0
      outer loop
         vertex 39.6551713347435 12.2100003063679 -22.413793951273
         vertex 36.2068973481655 12.2100003063679 -22.413793951273
         vertex 36.2068973481655 12.2100003063679 -18.9655181020498
      endloop
   endfacet
   facet normal 0 1 0
      outer loop
         vertex 39.6551713347435 12.2100003063679 -22.413793951273
         vertex 36.2068973481655 12.2100003063679 -18.9655181020498
         vertex 39.6551713347435 12.2100003063679 -18.9655181020498
      endloop
   endfacet
   facet normal 0 1 0
      outer loop
         vertex 39.6551713347435 12.2100003063679 -18.9655181020498
         vertex 36.2068973481655 12.2100003063679 -18.9655181020498
         vertex 36.2068973481655 12.2100003063679 -15.5172413215041
      endloop
   endfacet
   facet normal 0 1 0
      outer loop
         vertex 39.6551713347435 12.2100003063679 -18.9655181020498
         vertex 36.2068973481655 12.2100003063679 -15.5172413215041
         vertex 39.6551713347435 12.2100003063679 -15.5172413215041
      endloop
   endfacet
   facet normal 0 1 0
      outer loop
         vertex 39.6551713347435 12.2100003063679 -15.5172413215041
         vertex 36.2068973481655 12.2100003063679 -15.5172413215041
         vertex 36.2068973481655 12.2100003063679 -12.068965472281
      endloop
   endfacet
   facet normal 0 1 0
      outer loop
         vertex 39.6551713347435 12.2100003063679 -15.5172413215041
         vertex 36.2068973481655 12.2100003063679 -12.068965472281
         vertex 39.6551713347435 12.2100003063679 -12.068965472281
      endloop
   endfacet
   facet normal 0 1 0
      outer loop
         vertex 39.6551713347435 12.2100003063679 -12.068965472281
         vertex 36.2068973481655 12.2100003063679 -12.068965472281
         vertex 36.2068973481655 12.2100003063679 -8.62068962305784
      endloop
   endfacet
   facet normal 0 1 0
      outer loop
         vertex 39.6551713347435 12.2100003063679 -12.068965472281
         vertex 36.2068973481655 12.2100003063679 -8.62068962305784
         vertex 39.6551713347435 12.2100003063679 -8.62068962305784
      endloop
   endfacet
   facet normal 0 1 0
      outer loop
         vertex 39.6551713347435 12.2100003063679 -8.62068962305784
         vertex 36.2068973481655 12.2100003063679 -8.62068962305784
         vertex 36.2068973481655 12.2100003063679 -5.17241377383471
      endloop
   endfacet
   facet normal 0 1 0
      outer loop
         vertex 39.6551713347435 12.2100003063679 -8.62068962305784
         vertex 36.2068973481655 12.2100003063679 -5.17241377383471
         vertex 39.6551713347435 12.2100003063679 -5.17241377383471
      endloop
   endfacet
   facet normal 0 1 0
      outer loop
         vertex 39.6551713347435 12.2100003063679 -5.17241377383471
         vertex 36.2068973481655 12.2100003063679 -5.17241377383471
         vertex 36.2068973481655 12.2100003063679 -1.72413792461157
      endloop
   endfacet
   facet normal 0 1 0
      outer loop
         vertex 39.6551713347435 12.2100003063679 -5.17241377383471
         vertex 36.2068973481655 12.2100003063679 -1.72413792461157
         vertex 39.6551713347435 12.2100003063679 -1.72413792461157
      endloop
   endfacet
   facet normal 0 1 0
      outer loop
         vertex 39.6551713347435 12.2100003063679 -1.72413792461157
         vertex 36.2068973481655 12.2100003063679 -1.72413792461157
         vertex 36.2068973481655 12.2100003063679 1.72413792461157
      endloop
   endfacet
   facet normal 0 1 0
      outer loop
         vertex 39.6551713347435 12.2100003063679 -1.72413792461157
         vertex 36.2068973481655 12.2100003063679 1.72413792461157
         vertex 39.6551713347435 12.2100003063679 1.72413792461157
      endloop
   endfacet
   facet normal 0 1 0
      outer loop
         vertex 39.6551713347435 12.2100003063679 1.72413792461157
         vertex 36.2068973481655 12.2100003063679 1.72413792461157
         vertex 36.2068973481655 12.2100003063679 5.17241377383471
      endloop
   endfacet
   facet normal 0 1 0
      outer loop
         vertex 39.6551713347435 12.2100003063679 1.72413792461157
         vertex 36.2068973481655 12.2100003063679 5.17241377383471
         vertex 39.6551713347435 12.2100003063679 5.17241377383471
      endloop
   endfacet
   facet normal 0 1 0
      outer loop
         vertex 39.6551713347435 12.2100003063679 5.17241377383471
         vertex 36.2068973481655 12.2100003063679 5.17241377383471
         vertex 36.2068973481655 12.2100003063679 8.62068962305784
      endloop
   endfacet
   facet normal 0 1 0
      outer loop
         vertex 39.6551713347435 12.2100003063679 5.17241377383471
         vertex 36.2068973481655 12.2100003063679 8.62068962305784
         vertex 39.6551713347435 12.2100003063679 8.62068962305784
      endloop
   endfacet
   facet normal 0 1 0
      outer loop
         vertex 39.6551713347435 12.2100003063679 8.62068962305784
         vertex 36.2068973481655 12.2100003063679 8.62068962305784
         vertex 36.2068973481655 12.2100003063679 12.068965472281
      endloop
   endfacet
   facet normal 0 1 0
      outer loop
         vertex 39.6551713347435 12.2100003063679 8.62068962305784
         vertex 36.2068973481655 12.2100003063679 12.068965472281
         vertex 39.6551713347435 12.2100003063679 12.068965472281
      endloop
   endfacet
   facet normal 0 1 0
      outer loop
         vertex 39.6551713347435 12.2100003063679 12.068965472281
         vertex 36.2068973481655 12.2100003063679 12.068965472281
         vertex 36.2068973481655 12.2100003063679 15.5172413215041
      endloop
   endfacet
   facet normal 0 1 0
      outer loop
         vertex 39.6551713347435 12.2100003063679 12.068965472281
         vertex 36.2068973481655 12.2100003063679 15.5172413215041
         vertex 39.6551713347435 12.2100003063679 15.5172413215041
      endloop
   endfacet
   facet normal 0 1 0
      outer loop
         vertex 39.6551713347435 12.2100003063679 15.5172413215041
         vertex 36.2068973481655 12.2100003063679 15.5172413215041
         vertex 36.2068973481655 12.2100003063679 18.9655181020498
      endloop
   endfacet
   facet normal 0 1 0
      outer loop
         vertex 39.6551713347435 12.2100003063679 15.5172413215041
         vertex 36.2068973481655 12.2100003063679 18.9655181020498
         vertex 39.6551713347435 12.2100003063679 18.9655181020498
      endloop
   endfacet
   facet normal 0 1 0
      outer loop
         vertex 39.6551713347435 12.2100003063679 18.9655181020498
         vertex 36.2068973481655 12.2100003063679 18.9655181020498
         vertex 36.2068973481655 12.2100003063679 22.413793951273
      endloop
   endfacet
   facet normal 0 1 0
      outer loop
         vertex 39.6551713347435 12.2100003063679 18.9655181020498
         vertex 36.2068973481655 12.2100003063679 22.413793951273
         vertex 39.6551713347435 12.2100003063679 22.413793951273
      endloop
   endfacet
   facet normal 0 1 0
      outer loop
         vertex 39.6551713347435 12.2100003063679 22.413793951273
         vertex 36.2068973481655 12.2100003063679 22.413793951273
         vertex 36.2068973481655 12.2100003063679 25.8620698004961
      endloop
   endfacet
   facet normal 0 1 0
      outer loop
         vertex 39.6551713347435 12.2100003063679 22.413793951273
         vertex 36.2068973481655 12.2100003063679 25.8620698004961
         vertex 39.6551713347435 12.2100003063679 25.8620698004961
      endloop
   endfacet
   facet normal 0 1 0
      outer loop
         vertex 39.6551713347435 12.2100003063679 25.8620698004961
         vertex 36.2068973481655 12.2100003063679 25.8620698004961
         vertex 36.2068973481655 12.2100003063679 29.3103456497192
      endloop
   endfacet
   facet normal 0 1 0
      outer loop
         vertex 39.6551713347435 12.2100003063679 25.8620698004961
         vertex 36.2068973481655 12.2100003063679 29.3103456497192
         vertex 39.6551713347435 12.2100003063679 29.3103456497192
      endloop
   endfacet
   facet normal 0 1 0
      outer loop
         vertex 39.6551713347435 12.2100003063679 29.3103456497192
         vertex 36.2068973481655 12.2100003063679 29.3103456497192
         vertex 39.8566238582134 12.2100003063679 30.1902201026678
      endloop
   endfacet
   facet normal 0 1 0
      outer loop
         vertex 39.6551713347435 12.2100003063679 29.3103456497192
         vertex 39.8566238582134 12.2100003063679 30.1902201026678
         vertex 42.6645427942276 12.2100003063679 26.0717608034611
      endloop
   endfacet
   facet normal 0 1 0
      outer loop
         vertex 36.2068973481655 12.2100003063679 -29.3103456497192
         vertex 36.2068973481655 12.2100003063679 -32.7586196362972
         vertex 32.7586196362972 12.2100003063679 -29.3103456497192
      endloop
   endfacet
   facet normal 0 1 0
      outer loop
         vertex 32.7586196362972 12.2100003063679 -29.3103456497192
         vertex 36.2068973481655 12.2100003063679 -32.7586196362972
         vertex 32.7586196362972 12.2100003063679 -32.7586196362972
      endloop
   endfacet
   facet normal 0 1 0
      outer loop
         vertex 36.2068973481655 12.2100003063679 -25.8620698004961
         vertex 36.2068973481655 12.2100003063679 -29.3103456497192
         vertex 32.7586196362972 12.2100003063679 -25.8620698004961
      endloop
   endfacet
   facet normal 0 1 0
      outer loop
         vertex 32.7586196362972 12.2100003063679 -25.8620698004961
         vertex 36.2068973481655 12.2100003063679 -29.3103456497192
         vertex 32.7586196362972 12.2100003063679 -29.3103456497192
      endloop
   endfacet
   facet normal 0 1 0
      outer loop
         vertex 36.2068973481655 12.2100003063679 -22.413793951273
         vertex 36.2068973481655 12.2100003063679 -25.8620698004961
         vertex 32.7586196362972 12.2100003063679 -22.413793951273
      endloop
   endfacet
   facet normal 0 1 0
      outer loop
         vertex 32.7586196362972 12.2100003063679 -22.413793951273
         vertex 36.2068973481655 12.2100003063679 -25.8620698004961
         vertex 32.7586196362972 12.2100003063679 -25.8620698004961
      endloop
   endfacet
   facet normal 0 1 0
      outer loop
         vertex 36.2068973481655 12.2100003063679 -18.9655181020498
         vertex 36.2068973481655 12.2100003063679 -22.413793951273
         vertex 32.7586196362972 12.2100003063679 -18.9655181020498
      endloop
   endfacet
   facet normal 0 1 0
      outer loop
         vertex 32.7586196362972 12.2100003063679 -18.9655181020498
         vertex 36.2068973481655 12.2100003063679 -22.413793951273
         vertex 32.7586196362972 12.2100003063679 -22.413793951273
      endloop
   endfacet
   facet normal 0 1 0
      outer loop
         vertex 36.2068973481655 12.2100003063679 -15.5172413215041
         vertex 36.2068973481655 12.2100003063679 -18.9655181020498
         vertex 32.7586196362972 12.2100003063679 -15.5172413215041
      endloop
   endfacet
   facet normal 0 1 0
      outer loop
         vertex 32.7586196362972 12.2100003063679 -15.5172413215041
         vertex 36.2068973481655 12.2100003063679 -18.9655181020498
         vertex 32.7586196362972 12.2100003063679 -18.9655181020498
      endloop
   endfacet
   facet normal 0 1 0
      outer loop
         vertex 36.2068973481655 12.2100003063679 -12.068965472281
         vertex 36.2068973481655 12.2100003063679 -15.5172413215041
         vertex 32.7586196362972 12.2100003063679 -12.068965472281
      endloop
   endfacet
   facet normal 0 1 0
      outer loop
         vertex 32.7586196362972 12.2100003063679 -12.068965472281
         vertex 36.2068973481655 12.2100003063679 -15.5172413215041
         vertex 32.7586196362972 12.2100003063679 -15.5172413215041
      endloop
   endfacet
   facet normal 0 1 0
      outer loop
         vertex 36.2068973481655 12.2100003063679 -8.62068962305784
         vertex 36.2068973481655 12.2100003063679 -12.068965472281
         vertex 32.7586196362972 12.2100003063679 -8.62068962305784
      endloop
   endfacet
   facet normal 0 1 0
      outer loop
         vertex 32.7586196362972 12.2100003063679 -8.62068962305784
         vertex 36.2068973481655 12.2100003063679 -12.068965472281
         vertex 32.7586196362972 12.2100003063679 -12.068965472281
      endloop
   endfacet
   facet normal 0 1 0
      outer loop
         vertex 36.2068973481655 12.2100003063679 -5.17241377383471
         vertex 36.2068973481655 12.2100003063679 -8.62068962305784
         vertex 32.7586196362972 12.2100003063679 -5.17241377383471
      endloop
   endfacet
   facet normal 0 1 0
      outer loop
         vertex 32.7586196362972 12.2100003063679 -5.17241377383471
         vertex 36.2068973481655 12.2100003063679 -8.62068962305784
         vertex 32.7586196362972 12.2100003063679 -8.62068962305784
      endloop
   endfacet
   facet normal 0 1 0
      outer loop
         vertex 36.2068973481655 12.2100003063679 -1.72413792461157
         vertex 36.2068973481655 12.2100003063679 -5.17241377383471
         vertex 32.7586196362972 12.2100003063679 -1.72413792461157
      endloop
   endfacet
   facet normal 0 1 0
      outer loop
         vertex 32.7586196362972 12.2100003063679 -1.72413792461157
         vertex 36.2068973481655 12.2100003063679 -5.17241377383471
         vertex 32.7586196362972 12.2100003063679 -5.17241377383471
      endloop
   endfacet
   facet normal 0 1 0
      outer loop
         vertex 36.2068973481655 12.2100003063679 1.72413792461157
         vertex 36.2068973481655 12.2100003063679 -1.72413792461157
         vertex 32.7586196362972 12.2100003063679 1.72413792461157
      endloop
   endfacet
   facet normal 0 1 0
      outer loop
         vertex 32.7586196362972 12.2100003063679 1.72413792461157
         vertex 36.2068973481655 12.2100003063679 -1.72413792461157
         vertex 32.7586196362972 12.2100003063679 -1.72413792461157
      endloop
   endfacet
   facet normal 0 1 0
      outer loop
         vertex 36.2068973481655 12.2100003063679 5.17241377383471
         vertex 36.2068973481655 12.2100003063679 1.72413792461157
         vertex 32.7586196362972 12.2100003063679 5.17241377383471
      endloop
   endfacet
   facet normal 0 1 0
      outer loop
         vertex 32.7586196362972 12.2100003063679 5.17241377383471
         vertex 36.2068973481655 12.2100003063679 1.72413792461157
         vertex 32.7586196362972 12.2100003063679 1.72413792461157
      endloop
   endfacet
   facet normal 0 1 0
      outer loop
         vertex 36.2068973481655 12.2100003063679 8.62068962305784
         vertex 36.2068973481655 12.2100003063679 5.17241377383471
         vertex 32.7586196362972 12.2100003063679 8.62068962305784
      endloop
   endfacet
   facet normal 0 1 0
      outer loop
         vertex 32.7586196362972 12.2100003063679 8.62068962305784
         vertex 36.2068973481655 12.2100003063679 5.17241377383471
         vertex 32.7586196362972 12.2100003063679 5.17241377383471
      endloop
   endfacet
   facet normal 0 1 0
      outer loop
         vertex 36.2068973481655 12.2100003063679 12.068965472281
         vertex 36.2068973481655 12.2100003063679 8.62068962305784
         vertex 32.7586196362972 12.2100003063679 12.068965472281
      endloop
   endfacet
   facet normal 0 1 0
      outer loop
         vertex 32.7586196362972 12.2100003063679 12.068965472281
         vertex 36.2068973481655 12.2100003063679 8.62068962305784
         vertex 32.7586196362972 12.2100003063679 8.62068962305784
      endloop
   endfacet
   facet normal 0 1 0
      outer loop
         vertex 36.2068973481655 12.2100003063679 15.5172413215041
         vertex 36.2068973481655 12.2100003063679 12.068965472281
         vertex 32.7586196362972 12.2100003063679 15.5172413215041
      endloop
   endfacet
   facet normal 0 1 0
      outer loop
         vertex 32.7586196362972 12.2100003063679 15.5172413215041
         vertex 36.2068973481655 12.2100003063679 12.068965472281
         vertex 32.7586196362972 12.2100003063679 12.068965472281
      endloop
   endfacet
   facet normal 0 1 0
      outer loop
         vertex 36.2068973481655 12.2100003063679 18.9655181020498
         vertex 36.2068973481655 12.2100003063679 15.5172413215041
         vertex 32.7586196362972 12.2100003063679 18.9655181020498
      endloop
   endfacet
   facet normal 0 1 0
      outer loop
         vertex 32.7586196362972 12.2100003063679 18.9655181020498
         vertex 36.2068973481655 12.2100003063679 15.5172413215041
         vertex 32.7586196362972 12.2100003063679 15.5172413215041
      endloop
   endfacet
   facet normal 0 1 0
      outer loop
         vertex 36.2068973481655 12.2100003063679 22.413793951273
         vertex 36.2068973481655 12.2100003063679 18.9655181020498
         vertex 32.7586196362972 12.2100003063679 22.413793951273
      endloop
   endfacet
   facet normal 0 1 0
      outer loop
         vertex 32.7586196362972 12.2100003063679 22.413793951273
         vertex 36.2068973481655 12.2100003063679 18.9655181020498
         vertex 32.7586196362972 12.2100003063679 18.9655181020498
      endloop
   endfacet
   facet normal 0 1 0
      outer loop
         vertex 36.2068973481655 12.2100003063679 25.8620698004961
         vertex 36.2068973481655 12.2100003063679 22.413793951273
         vertex 32.7586196362972 12.2100003063679 25.8620698004961
      endloop
   endfacet
   facet normal 0 1 0
      outer loop
         vertex 32.7586196362972 12.2100003063679 25.8620698004961
         vertex 36.2068973481655 12.2100003063679 22.413793951273
         vertex 32.7586196362972 12.2100003063679 22.413793951273
      endloop
   endfacet
   facet normal 0 1 0
      outer loop
         vertex 36.2068973481655 12.2100003063679 29.3103456497192
         vertex 36.2068973481655 12.2100003063679 25.8620698004961
         vertex 32.7586196362972 12.2100003063679 29.3103456497192
      endloop
   endfacet
   facet normal 0 1 0
      outer loop
         vertex 32.7586196362972 12.2100003063679 29.3103456497192
         vertex 36.2068973481655 12.2100003063679 25.8620698004961
         vertex 32.7586196362972 12.2100003063679 25.8620698004961
      endloop
   endfacet
   facet normal 0 1 0
      outer loop
         vertex 32.7586196362972 12.2100003063679 -36.2068973481655
         vertex 36.6525948047638 12.2100003063679 -34.0086370706558
         vertex 33.0842919647694 12.2100003063679 -37.4890603125095
      endloop
   endfacet
   facet normal 0 1 0
      outer loop
         vertex 36.2068973481655 12.2100003063679 32.7586196362972
         vertex 32.7586196362972 12.2100003063679 32.7586196362972
         vertex 36.6525948047638 12.2100003063679 34.0086370706558
      endloop
   endfacet
   facet normal 0 1 0
      outer loop
         vertex 39.6551713347435 12.2100003063679 22.413793951273
         vertex 39.6551713347435 12.2100003063679 25.8620698004961
         vertex 42.6645427942276 12.2100003063679 26.0717608034611
      endloop
   endfacet
   facet normal 0 1 0
      outer loop
         vertex 42.6645427942276 12.2100003063679 26.0717608034611
         vertex 39.6551713347435 12.2100003063679 25.8620698004961
         vertex 39.6551713347435 12.2100003063679 29.3103456497192
      endloop
   endfacet
   facet normal 0 1 0
      outer loop
         vertex 39.6551713347435 12.2100003063679 18.9655181020498
         vertex 39.6551713347435 12.2100003063679 22.413793951273
         vertex 43.1034490466118 12.2100003063679 18.9655181020498
      endloop
   endfacet
   facet normal 0 1 0
      outer loop
         vertex 43.1034490466118 12.2100003063679 18.9655181020498
         vertex 39.6551713347435 12.2100003063679 22.413793951273
         vertex 43.1034490466118 12.2100003063679 22.413793951273
      endloop
   endfacet
   facet normal 0 1 0
      outer loop
         vertex 43.1034490466118 12.2100003063679 18.9655181020498
         vertex 43.1034490466118 12.2100003063679 22.413793951273
         vertex 45.0484417378902 12.2100003063679 21.6941870748997
      endloop
   endfacet
   facet normal 0 1 0
      outer loop
         vertex 45.0484417378902 12.2100003063679 21.6941870748997
         vertex 43.1034490466118 12.2100003063679 22.413793951273
         vertex 42.6645427942276 12.2100003063679 26.0717608034611
      endloop
   endfacet
   facet normal 0 1 0
      outer loop
         vertex 39.6551713347435 12.2100003063679 15.5172413215041
         vertex 39.6551713347435 12.2100003063679 18.9655181020498
         vertex 43.1034490466118 12.2100003063679 15.5172413215041
      endloop
   endfacet
   facet normal 0 1 0
      outer loop
         vertex 43.1034490466118 12.2100003063679 15.5172413215041
         vertex 39.6551713347435 12.2100003063679 18.9655181020498
         vertex 43.1034490466118 12.2100003063679 18.9655181020498
      endloop
   endfacet
   facet normal 0 1 0
      outer loop
         vertex 43.1034490466118 12.2100003063679 15.5172413215041
         vertex 43.1034490466118 12.2100003063679 18.9655181020498
         vertex 46.9846315681934 12.2100003063679 17.1010065823793
      endloop
   endfacet
   facet normal 0 1 0
      outer loop
         vertex 46.9846315681934 12.2100003063679 17.1010065823793
         vertex 43.1034490466118 12.2100003063679 18.9655181020498
         vertex 45.0484417378902 12.2100003063679 21.6941870748997
      endloop
   endfacet
   facet normal 0 1 0
      outer loop
         vertex 39.6551713347435 12.2100003063679 12.068965472281
         vertex 39.6551713347435 12.2100003063679 15.5172413215041
         vertex 43.1034490466118 12.2100003063679 12.068965472281
      endloop
   endfacet
   facet normal 0 1 0
      outer loop
         vertex 43.1034490466118 12.2100003063679 12.068965472281
         vertex 39.6551713347435 12.2100003063679 15.5172413215041
         vertex 43.1034490466118 12.2100003063679 15.5172413215041
      endloop
   endfacet
   facet normal 0 1 0
      outer loop
         vertex 43.1034490466118 12.2100003063679 12.068965472281
         vertex 43.1034490466118 12.2100003063679 15.5172413215041
         vertex 46.5517230331898 12.2100003063679 12.068965472281
      endloop
   endfacet
   facet normal 0 1 0
      outer loop
         vertex 46.5517230331898 12.2100003063679 12.068965472281
         vertex 43.1034490466118 12.2100003063679 15.5172413215041
         vertex 46.5517230331898 12.2100003063679 15.5172413215041
      endloop
   endfacet
   facet normal 0 1 0
      outer loop
         vertex 46.5517230331898 12.2100003063679 12.068965472281
         vertex 46.5517230331898 12.2100003063679 15.5172413215041
         vertex 48.453863710165 12.2100003063679 12.33786996454
      endloop
   endfacet
   facet normal 0 1 0
      outer loop
         vertex 48.453863710165 12.2100003063679 12.33786996454
         vertex 46.5517230331898 12.2100003063679 15.5172413215041
         vertex 46.9846315681934 12.2100003063679 17.1010065823793
      endloop
   endfacet
   facet normal 0 1 0
      outer loop
         vertex 39.6551713347435 12.2100003063679 8.62068962305784
         vertex 39.6551713347435 12.2100003063679 12.068965472281
         vertex 43.1034490466118 12.2100003063679 8.62068962305784
      endloop
   endfacet
   facet normal 0 1 0
      outer loop
         vertex 43.1034490466118 12.2100003063679 8.62068962305784
         vertex 39.6551713347435 12.2100003063679 12.068965472281
         vertex 43.1034490466118 12.2100003063679 12.068965472281
      endloop
   endfacet
   facet normal 0 1 0
      outer loop
         vertex 43.1034490466118 12.2100003063679 8.62068962305784
         vertex 43.1034490466118 12.2100003063679 12.068965472281
         vertex 46.5517230331898 12.2100003063679 8.62068962305784
      endloop
   endfacet
   facet normal 0 1 0
      outer loop
         vertex 46.5517230331898 12.2100003063679 8.62068962305784
         vertex 43.1034490466118 12.2100003063679 12.068965472281
         vertex 46.5517230331898 12.2100003063679 12.068965472281
      endloop
   endfacet
   facet normal 0 1 0
      outer loop
         vertex 46.5517230331898 12.2100003063679 8.62068962305784
         vertex 46.5517230331898 12.2100003063679 12.068965472281
         vertex 48.453863710165 12.2100003063679 12.33786996454
      endloop
   endfacet
   facet normal 0 1 0
      outer loop
         vertex 39.6551713347435 12.2100003063679 5.17241377383471
         vertex 39.6551713347435 12.2100003063679 8.62068962305784
         vertex 43.1034490466118 12.2100003063679 5.17241377383471
      endloop
   endfacet
   facet normal 0 1 0
      outer loop
         vertex 43.1034490466118 12.2100003063679 5.17241377383471
         vertex 39.6551713347435 12.2100003063679 8.62068962305784
         vertex 43.1034490466118 12.2100003063679 8.62068962305784
      endloop
   endfacet
   facet normal 0 1 0
      outer loop
         vertex 43.1034490466118 12.2100003063679 5.17241377383471
         vertex 43.1034490466118 12.2100003063679 8.62068962305784
         vertex 46.5517230331898 12.2100003063679 5.17241377383471
      endloop
   endfacet
   facet normal 0 1 0
      outer loop
         vertex 46.5517230331898 12.2100003063679 5.17241377383471
         vertex 43.1034490466118 12.2100003063679 8.62068962305784
         vertex 46.5517230331898 12.2100003063679 8.62068962305784
      endloop
   endfacet
   facet normal 0 1 0
      outer loop
         vertex 46.5517230331898 12.2100003063679 5.17241377383471
         vertex 46.5517230331898 12.2100003063679 8.62068962305784
         vertex 49.4415424764156 12.2100003063679 7.45211308822036
      endloop
   endfacet
   facet normal 0 1 0
      outer loop
         vertex 49.4415424764156 12.2100003063679 7.45211308822036
         vertex 46.5517230331898 12.2100003063679 8.62068962305784
         vertex 48.453863710165 12.2100003063679 12.33786996454
      endloop
   endfacet
   facet normal 0 1 0
      outer loop
         vertex 39.6551713347435 12.2100003063679 1.72413792461157
         vertex 39.6551713347435 12.2100003063679 5.17241377383471
         vertex 43.1034490466118 12.2100003063679 1.72413792461157
      endloop
   endfacet
   facet normal 0 1 0
      outer loop
         vertex 43.1034490466118 12.2100003063679 1.72413792461157
         vertex 39.6551713347435 12.2100003063679 5.17241377383471
         vertex 43.1034490466118 12.2100003063679 5.17241377383471
      endloop
   endfacet
   facet normal 0 1 0
      outer loop
         vertex 43.1034490466118 12.2100003063679 1.72413792461157
         vertex 43.1034490466118 12.2100003063679 5.17241377383471
         vertex 46.5517230331898 12.2100003063679 1.72413792461157
      endloop
   endfacet
   facet normal 0 1 0
      outer loop
         vertex 46.5517230331898 12.2100003063679 1.72413792461157
         vertex 43.1034490466118 12.2100003063679 5.17241377383471
         vertex 46.5517230331898 12.2100003063679 5.17241377383471
      endloop
   endfacet
   facet normal 0 1 0
      outer loop
         vertex 46.5517230331898 12.2100003063679 1.72413792461157
         vertex 46.5517230331898 12.2100003063679 5.17241377383471
         vertex 49.9378442764282 12.2100003063679 2.49229418113828
      endloop
   endfacet
   facet normal 0 1 0
      outer loop
         vertex 49.9378442764282 12.2100003063679 2.49229418113828
         vertex 46.5517230331898 12.2100003063679 5.17241377383471
         vertex 49.4415424764156 12.2100003063679 7.45211308822036
      endloop
   endfacet
   facet normal 0 1 0
      outer loop
         vertex 39.6551713347435 12.2100003063679 -1.72413792461157
         vertex 39.6551713347435 12.2100003063679 1.72413792461157
         vertex 43.1034490466118 12.2100003063679 -1.72413792461157
      endloop
   endfacet
   facet normal 0 1 0
      outer loop
         vertex 43.1034490466118 12.2100003063679 -1.72413792461157
         vertex 39.6551713347435 12.2100003063679 1.72413792461157
         vertex 43.1034490466118 12.2100003063679 1.72413792461157
      endloop
   endfacet
   facet normal 0 1 0
      outer loop
         vertex 43.1034490466118 12.2100003063679 -1.72413792461157
         vertex 43.1034490466118 12.2100003063679 1.72413792461157
         vertex 46.5517230331898 12.2100003063679 -1.72413792461157
      endloop
   endfacet
   facet normal 0 1 0
      outer loop
         vertex 46.5517230331898 12.2100003063679 -1.72413792461157
         vertex 43.1034490466118 12.2100003063679 1.72413792461157
         vertex 46.5517230331898 12.2100003063679 1.72413792461157
      endloop
   endfacet
   facet normal 0 1 0
      outer loop
         vertex 46.5517230331898 12.2100003063679 -1.72413792461157
         vertex 46.5517230331898 12.2100003063679 1.72413792461157
         vertex 49.9378442764282 12.2100003063679 -2.49229418113828
      endloop
   endfacet
   facet normal 0 1 0
      outer loop
         vertex 49.9378442764282 12.2100003063679 -2.49229418113828
         vertex 46.5517230331898 12.2100003063679 1.72413792461157
         vertex 49.9378442764282 12.2100003063679 2.49229418113828
      endloop
   endfacet
   facet normal 0 1 0
      outer loop
         vertex 39.6551713347435 12.2100003063679 -5.17241377383471
         vertex 39.6551713347435 12.2100003063679 -1.72413792461157
         vertex 43.1034490466118 12.2100003063679 -5.17241377383471
      endloop
   endfacet
   facet normal 0 1 0
      outer loop
         vertex 43.1034490466118 12.2100003063679 -5.17241377383471
         vertex 39.6551713347435 12.2100003063679 -1.72413792461157
         vertex 43.1034490466118 12.2100003063679 -1.72413792461157
      endloop
   endfacet
   facet normal 0 1 0
      outer loop
         vertex 43.1034490466118 12.2100003063679 -5.17241377383471
         vertex 43.1034490466118 12.2100003063679 -1.72413792461157
         vertex 46.5517230331898 12.2100003063679 -5.17241377383471
      endloop
   endfacet
   facet normal 0 1 0
      outer loop
         vertex 46.5517230331898 12.2100003063679 -5.17241377383471
         vertex 43.1034490466118 12.2100003063679 -1.72413792461157
         vertex 46.5517230331898 12.2100003063679 -1.72413792461157
      endloop
   endfacet
   facet normal 0 1 0
      outer loop
         vertex 46.5517230331898 12.2100003063679 -5.17241377383471
         vertex 46.5517230331898 12.2100003063679 -1.72413792461157
         vertex 49.9378442764282 12.2100003063679 -2.49229418113828
      endloop
   endfacet
   facet normal 0 1 0
      outer loop
         vertex 39.6551713347435 12.2100003063679 -8.62068962305784
         vertex 39.6551713347435 12.2100003063679 -5.17241377383471
         vertex 43.1034490466118 12.2100003063679 -8.62068962305784
      endloop
   endfacet
   facet normal 0 1 0
      outer loop
         vertex 43.1034490466118 12.2100003063679 -8.62068962305784
         vertex 39.6551713347435 12.2100003063679 -5.17241377383471
         vertex 43.1034490466118 12.2100003063679 -5.17241377383471
      endloop
   endfacet
   facet normal 0 1 0
      outer loop
         vertex 43.1034490466118 12.2100003063679 -8.62068962305784
         vertex 43.1034490466118 12.2100003063679 -5.17241377383471
         vertex 46.5517230331898 12.2100003063679 -8.62068962305784
      endloop
   endfacet
   facet normal 0 1 0
      outer loop
         vertex 46.5517230331898 12.2100003063679 -8.62068962305784
         vertex 43.1034490466118 12.2100003063679 -5.17241377383471
         vertex 46.5517230331898 12.2100003063679 -5.17241377383471
      endloop
   endfacet
   facet normal 0 1 0
      outer loop
         vertex 46.5517230331898 12.2100003063679 -8.62068962305784
         vertex 46.5517230331898 12.2100003063679 -5.17241377383471
         vertex 49.4415424764156 12.2100003063679 -7.45211308822036
      endloop
   endfacet
   facet normal 0 1 0
      outer loop
         vertex 49.4415424764156 12.2100003063679 -7.45211308822036
         vertex 46.5517230331898 12.2100003063679 -5.17241377383471
         vertex 49.9378442764282 12.2100003063679 -2.49229418113828
      endloop
   endfacet
   facet normal 0 1 0
      outer loop
         vertex 39.6551713347435 12.2100003063679 -12.068965472281
         vertex 39.6551713347435 12.2100003063679 -8.62068962305784
         vertex 43.1034490466118 12.2100003063679 -12.068965472281
      endloop
   endfacet
   facet normal 0 1 0
      outer loop
         vertex 43.1034490466118 12.2100003063679 -12.068965472281
         vertex 39.6551713347435 12.2100003063679 -8.62068962305784
         vertex 43.1034490466118 12.2100003063679 -8.62068962305784
      endloop
   endfacet
   facet normal 0 1 0
      outer loop
         vertex 43.1034490466118 12.2100003063679 -12.068965472281
         vertex 43.1034490466118 12.2100003063679 -8.62068962305784
         vertex 46.5517230331898 12.2100003063679 -12.068965472281
      endloop
   endfacet
   facet normal 0 1 0
      outer loop
         vertex 46.5517230331898 12.2100003063679 -12.068965472281
         vertex 43.1034490466118 12.2100003063679 -8.62068962305784
         vertex 46.5517230331898 12.2100003063679 -8.62068962305784
      endloop
   endfacet
   facet normal 0 1 0
      outer loop
         vertex 46.5517230331898 12.2100003063679 -12.068965472281
         vertex 46.5517230331898 12.2100003063679 -8.62068962305784
         vertex 48.453863710165 12.2100003063679 -12.33786996454
      endloop
   endfacet
   facet normal 0 1 0
      outer loop
         vertex 48.453863710165 12.2100003063679 -12.33786996454
         vertex 46.5517230331898 12.2100003063679 -8.62068962305784
         vertex 49.4415424764156 12.2100003063679 -7.45211308822036
      endloop
   endfacet
   facet normal 0 1 0
      outer loop
         vertex 39.6551713347435 12.2100003063679 -15.5172413215041
         vertex 39.6551713347435 12.2100003063679 -12.068965472281
         vertex 43.1034490466118 12.2100003063679 -15.5172413215041
      endloop
   endfacet
   facet normal 0 1 0
      outer loop
         vertex 43.1034490466118 12.2100003063679 -15.5172413215041
         vertex 39.6551713347435 12.2100003063679 -12.068965472281
         vertex 43.1034490466118 12.2100003063679 -12.068965472281
      endloop
   endfacet
   facet normal 0 1 0
      outer loop
         vertex 43.1034490466118 12.2100003063679 -15.5172413215041
         vertex 43.1034490466118 12.2100003063679 -12.068965472281
         vertex 46.5517230331898 12.2100003063679 -15.5172413215041
      endloop
   endfacet
   facet normal 0 1 0
      outer loop
         vertex 46.5517230331898 12.2100003063679 -15.5172413215041
         vertex 43.1034490466118 12.2100003063679 -12.068965472281
         vertex 46.5517230331898 12.2100003063679 -12.068965472281
      endloop
   endfacet
   facet normal 0 1 0
      outer loop
         vertex 46.5517230331898 12.2100003063679 -15.5172413215041
         vertex 46.5517230331898 12.2100003063679 -12.068965472281
         vertex 48.453863710165 12.2100003063679 -12.33786996454
      endloop
   endfacet
   facet normal 0 1 0
      outer loop
         vertex 39.6551713347435 12.2100003063679 -18.9655181020498
         vertex 39.6551713347435 12.2100003063679 -15.5172413215041
         vertex 43.1034490466118 12.2100003063679 -18.9655181020498
      endloop
   endfacet
   facet normal 0 1 0
      outer loop
         vertex 43.1034490466118 12.2100003063679 -18.9655181020498
         vertex 39.6551713347435 12.2100003063679 -15.5172413215041
         vertex 43.1034490466118 12.2100003063679 -15.5172413215041
      endloop
   endfacet
   facet normal 0 1 0
      outer loop
         vertex 43.1034490466118 12.2100003063679 -18.9655181020498
         vertex 43.1034490466118 12.2100003063679 -15.5172413215041
         vertex 46.9846315681934 12.2100003063679 -17.1010065823793
      endloop
   endfacet
   facet normal 0 1 0
      outer loop
         vertex 46.9846315681934 12.2100003063679 -17.1010065823793
         vertex 43.1034490466118 12.2100003063679 -15.5172413215041
         vertex 46.5517230331898 12.2100003063679 -15.5172413215041
      endloop
   endfacet
   facet normal 0 1 0
      outer loop
         vertex 46.9846315681934 12.2100003063679 -17.1010065823793
         vertex 46.5517230331898 12.2100003063679 -15.5172413215041
         vertex 48.453863710165 12.2100003063679 -12.33786996454
      endloop
   endfacet
   facet normal 0 1 0
      outer loop
         vertex 39.6551713347435 12.2100003063679 -22.413793951273
         vertex 39.6551713347435 12.2100003063679 -18.9655181020498
         vertex 43.1034490466118 12.2100003063679 -22.413793951273
      endloop
   endfacet
   facet normal 0 1 0
      outer loop
         vertex 43.1034490466118 12.2100003063679 -22.413793951273
         vertex 39.6551713347435 12.2100003063679 -18.9655181020498
         vertex 43.1034490466118 12.2100003063679 -18.9655181020498
      endloop
   endfacet
   facet normal 0 1 0
      outer loop
         vertex 43.1034490466118 12.2100003063679 -22.413793951273
         vertex 43.1034490466118 12.2100003063679 -18.9655181020498
         vertex 45.0484417378902 12.2100003063679 -21.6941870748997
      endloop
   endfacet
   facet normal 0 1 0
      outer loop
         vertex 45.0484417378902 12.2100003063679 -21.6941870748997
         vertex 43.1034490466118 12.2100003063679 -18.9655181020498
         vertex 46.9846315681934 12.2100003063679 -17.1010065823793
      endloop
   endfacet
   facet normal 0 1 0
      outer loop
         vertex 39.6551713347435 12.2100003063679 -25.8620698004961
         vertex 39.6551713347435 12.2100003063679 -22.413793951273
         vertex 42.6645427942276 12.2100003063679 -26.0717608034611
      endloop
   endfacet
   facet normal 0 1 0
      outer loop
         vertex 42.6645427942276 12.2100003063679 -26.0717608034611
         vertex 39.6551713347435 12.2100003063679 -22.413793951273
         vertex 43.1034490466118 12.2100003063679 -22.413793951273
      endloop
   endfacet
   facet normal 0 1 0
      outer loop
         vertex 42.6645427942276 12.2100003063679 -26.0717608034611
         vertex 43.1034490466118 12.2100003063679 -22.413793951273
         vertex 45.0484417378902 12.2100003063679 -21.6941870748997
      endloop
   endfacet
   facet normal 0 1 0
      outer loop
         vertex 39.8566238582134 12.2100003063679 -30.1902201026678
         vertex 39.6551713347435 12.2100003063679 -29.3103456497192
         vertex 42.6645427942276 12.2100003063679 -26.0717608034611
      endloop
   endfacet
   facet normal 0 1 0
      outer loop
         vertex 42.6645427942276 12.2100003063679 -26.0717608034611
         vertex 39.6551713347435 12.2100003063679 -29.3103456497192
         vertex 39.6551713347435 12.2100003063679 -25.8620698004961
      endloop
   endfacet
   facet normal 0 1 0
      outer loop
         vertex 43.1034490466118 12.2100003063679 22.413793951273
         vertex 39.6551713347435 12.2100003063679 22.413793951273
         vertex 42.6645427942276 12.2100003063679 26.0717608034611
      endloop
   endfacet
   facet normal 0 1 0
      outer loop
         vertex 46.5517230331898 12.2100003063679 15.5172413215041
         vertex 43.1034490466118 12.2100003063679 15.5172413215041
         vertex 46.9846315681934 12.2100003063679 17.1010065823793
      endloop
   endfacet
   facet normal 0 1 0
      outer loop
         vertex 32.7586196362972 12.2100003063679 36.2068973481655
         vertex 29.3103456497192 12.2100003063679 36.2068973481655
         vertex 33.0842919647694 12.2100003063679 37.4890603125095
      endloop
   endfacet
   facet normal 0 1 0
      outer loop
         vertex -46.5517230331898 12.2100003063679 15.5172413215041
         vertex -47.7786399424076 12.2100003063679 14.7377587854862
         vertex -46.0738092660904 12.2100003063679 19.4217395037413
      endloop
   endfacet
   facet normal 0 1 0
      outer loop
         vertex 15.9243326634169 12.2100003063679 -47.3963655531406
         vertex 15.5172413215041 12.2100003063679 -46.5517230331898
         vertex 20.5643549561501 12.2100003063679 -45.5752909183502
      endloop
   endfacet
   facet normal 0 -1 0
      outer loop
         vertex 36.6525948047638 0 -34.0086370706558
         vertex 39.8566238582134 0 -30.1902201026678
         vertex 36.2068973481655 0 -32.7586196362972
      endloop
   endfacet
   facet normal 0 -1 0
      outer loop
         vertex 36.2068973481655 0 -32.7586196362972
         vertex 39.8566238582134 0 -30.1902201026678
         vertex 36.2068973481655 0 -29.3103456497192
      endloop
   endfacet
   facet normal 0 -1 0
      outer loop
         vertex 36.2068973481655 0 -32.7586196362972
         vertex 36.2068973481655 0 -29.3103456497192
         vertex 32.7586196362972 0 -32.7586196362972
      endloop
   endfacet
   facet normal 0 -1 0
      outer loop
         vertex 32.7586196362972 0 -32.7586196362972
         vertex 36.2068973481655 0 -29.3103456497192
         vertex 32.7586196362972 0 -29.3103456497192
      endloop
   endfacet
   facet normal 0 -1 0
      outer loop
         vertex 32.7586196362972 0 -32.7586196362972
         vertex 32.7586196362972 0 -29.3103456497192
         vertex 29.3103456497192 0 -32.7586196362972
      endloop
   endfacet
   facet normal 0 -1 0
      outer loop
         vertex 29.3103456497192 0 -32.7586196362972
         vertex 32.7586196362972 0 -29.3103456497192
         vertex 29.3103456497192 0 -29.3103456497192
      endloop
   endfacet
   facet normal 0 -1 0
      outer loop
         vertex 29.3103456497192 0 -32.7586196362972
         vertex 29.3103456497192 0 -29.3103456497192
         vertex 25.8620698004961 0 -32.7586196362972
      endloop
   endfacet
   facet normal 0 -1 0
      outer loop
         vertex 25.8620698004961 0 -32.7586196362972
         vertex 29.3103456497192 0 -29.3103456497192
         vertex 25.8620698004961 0 -29.3103456497192
      endloop
   endfacet
   facet normal 0 -1 0
      outer loop
         vertex 25.8620698004961 0 -32.7586196362972
         vertex 25.8620698004961 0 -29.3103456497192
         vertex 22.413793951273 0 -32.7586196362972
      endloop
   endfacet
   facet normal 0 -1 0
      outer loop
         vertex 22.413793951273 0 -32.7586196362972
         vertex 25.8620698004961 0 -29.3103456497192
         vertex 22.413793951273 0 -29.3103456497192
      endloop
   endfacet
   facet normal 0 -1 0
      outer loop
         vertex 22.413793951273 0 -32.7586196362972
         vertex 22.413793951273 0 -29.3103456497192
         vertex 18.9655181020498 0 -32.7586196362972
      endloop
   endfacet
   facet normal 0 -1 0
      outer loop
         vertex 18.9655181020498 0 -32.7586196362972
         vertex 22.413793951273 0 -29.3103456497192
         vertex 18.9655181020498 0 -29.3103456497192
      endloop
   endfacet
   facet normal 0 -1 0
      outer loop
         vertex 18.9655181020498 0 -32.7586196362972
         vertex 18.9655181020498 0 -29.3103456497192
         vertex 15.5172413215041 0 -32.7586196362972
      endloop
   endfacet
   facet normal 0 -1 0
      outer loop
         vertex 15.5172413215041 0 -32.7586196362972
         vertex 18.9655181020498 0 -29.3103456497192
         vertex 15.5172413215041 0 -29.3103456497192
      endloop
   endfacet
   facet normal 0 -1 0
      outer loop
         vertex 15.5172413215041 0 -32.7586196362972
         vertex 15.5172413215041 0 -29.3103456497192
         vertex 12.068965472281 0 -32.7586196362972
      endloop
   endfacet
   facet normal 0 -1 0
      outer loop
         vertex 12.068965472281 0 -32.7586196362972
         vertex 15.5172413215041 0 -29.3103456497192
         vertex 12.068965472281 0 -29.3103456497192
      endloop
   endfacet
   facet normal 0 -1 0
      outer loop
         vertex 12.068965472281 0 -32.7586196362972
         vertex 12.068965472281 0 -29.3103456497192
         vertex 8.62068962305784 0 -32.7586196362972
      endloop
   endfacet
   facet normal 0 -1 0
      outer loop
         vertex 8.62068962305784 0 -32.7586196362972
         vertex 12.068965472281 0 -29.3103456497192
         vertex 8.62068962305784 0 -29.3103456497192
      endloop
   endfacet
   facet normal 0 -1 0
      outer loop
         vertex 8.62068962305784 0 -32.7586196362972
         vertex 8.62068962305784 0 -29.3103456497192
         vertex 5.17241377383471 0 -32.7586196362972
      endloop
   endfacet
   facet normal 0 -1 0
      outer loop
         vertex 5.17241377383471 0 -32.7586196362972
         vertex 8.62068962305784 0 -29.3103456497192
         vertex 5.17241377383471 0 -29.3103456497192
      endloop
   endfacet
   facet normal 0 -1 0
      outer loop
         vertex 5.17241377383471 0 -32.7586196362972
         vertex 5.17241377383471 0 -29.3103456497192
         vertex 1.72413792461157 0 -32.7586196362972
      endloop
   endfacet
   facet normal 0 -1 0
      outer loop
         vertex 1.72413792461157 0 -32.7586196362972
         vertex 5.17241377383471 0 -29.3103456497192
         vertex 1.72413792461157 0 -29.3103456497192
      endloop
   endfacet
   facet normal 0 -1 0
      outer loop
         vertex 1.72413792461157 0 -32.7586196362972
         vertex 1.72413792461157 0 -29.3103456497192
         vertex -1.72413792461157 0 -32.7586196362972
      endloop
   endfacet
   facet normal 0 -1 0
      outer loop
         vertex -1.72413792461157 0 -32.7586196362972
         vertex 1.72413792461157 0 -29.3103456497192
         vertex -1.72413792461157 0 -29.3103456497192
      endloop
   endfacet
   facet normal 0 -1 0
      outer loop
         vertex -1.72413792461157 0 -32.7586196362972
         vertex -1.72413792461157 0 -29.3103456497192
         vertex -5.17241377383471 0 -32.7586196362972
      endloop
   endfacet
   facet normal 0 -1 0
      outer loop
         vertex -5.17241377383471 0 -32.7586196362972
         vertex -1.72413792461157 0 -29.3103456497192
         vertex -5.17241377383471 0 -29.3103456497192
      endloop
   endfacet
   facet normal 0 -1 0
      outer loop
         vertex -5.17241377383471 0 -32.7586196362972
         vertex -5.17241377383471 0 -29.3103456497192
         vertex -8.62068962305784 0 -32.7586196362972
      endloop
   endfacet
   facet normal 0 -1 0
      outer loop
         vertex -8.62068962305784 0 -32.7586196362972
         vertex -5.17241377383471 0 -29.3103456497192
         vertex -8.62068962305784 0 -29.3103456497192
      endloop
   endfacet
   facet normal 0 -1 0
      outer loop
         vertex -8.62068962305784 0 -32.7586196362972
         vertex -8.62068962305784 0 -29.3103456497192
         vertex -12.068965472281 0 -32.7586196362972
      endloop
   endfacet
   facet normal 0 -1 0
      outer loop
         vertex -12.068965472281 0 -32.7586196362972
         vertex -8.62068962305784 0 -29.3103456497192
         vertex -12.068965472281 0 -29.3103456497192
      endloop
   endfacet
   facet normal 0 -1 0
      outer loop
         vertex -12.068965472281 0 -32.7586196362972
         vertex -12.068965472281 0 -29.3103456497192
         vertex -15.5172413215041 0 -32.7586196362972
      endloop
   endfacet
   facet normal 0 -1 0
      outer loop
         vertex -15.5172413215041 0 -32.7586196362972
         vertex -12.068965472281 0 -29.3103456497192
         vertex -15.5172413215041 0 -29.3103456497192
      endloop
   endfacet
   facet normal 0 -1 0
      outer loop
         vertex -15.5172413215041 0 -32.7586196362972
         vertex -15.5172413215041 0 -29.3103456497192
         vertex -18.9655181020498 0 -32.7586196362972
      endloop
   endfacet
   facet normal 0 -1 0
      outer loop
         vertex -18.9655181020498 0 -32.7586196362972
         vertex -15.5172413215041 0 -29.3103456497192
         vertex -18.9655181020498 0 -29.3103456497192
      endloop
   endfacet
   facet normal 0 -1 0
      outer loop
         vertex -18.9655181020498 0 -32.7586196362972
         vertex -18.9655181020498 0 -29.3103456497192
         vertex -22.413793951273 0 -32.7586196362972
      endloop
   endfacet
   facet normal 0 -1 0
      outer loop
         vertex -22.413793951273 0 -32.7586196362972
         vertex -18.9655181020498 0 -29.3103456497192
         vertex -22.413793951273 0 -29.3103456497192
      endloop
   endfacet
   facet normal 0 -1 0
      outer loop
         vertex -22.413793951273 0 -32.7586196362972
         vertex -22.413793951273 0 -29.3103456497192
         vertex -25.8620698004961 0 -32.7586196362972
      endloop
   endfacet
   facet normal 0 -1 0
      outer loop
         vertex -25.8620698004961 0 -32.7586196362972
         vertex -22.413793951273 0 -29.3103456497192
         vertex -25.8620698004961 0 -29.3103456497192
      endloop
   endfacet
   facet normal 0 -1 0
      outer loop
         vertex -25.8620698004961 0 -32.7586196362972
         vertex -25.8620698004961 0 -29.3103456497192
         vertex -29.3103456497192 0 -32.7586196362972
      endloop
   endfacet
   facet normal 0 -1 0
      outer loop
         vertex -29.3103456497192 0 -32.7586196362972
         vertex -25.8620698004961 0 -29.3103456497192
         vertex -29.3103456497192 0 -29.3103456497192
      endloop
   endfacet
   facet normal 0 -1 0
      outer loop
         vertex -29.3103456497192 0 -32.7586196362972
         vertex -29.3103456497192 0 -29.3103456497192
         vertex -32.7586196362972 0 -32.7586196362972
      endloop
   endfacet
   facet normal 0 -1 0
      outer loop
         vertex -32.7586196362972 0 -32.7586196362972
         vertex -29.3103456497192 0 -29.3103456497192
         vertex -32.7586196362972 0 -29.3103456497192
      endloop
   endfacet
   facet normal 0 -1 0
      outer loop
         vertex -32.7586196362972 0 -32.7586196362972
         vertex -32.7586196362972 0 -29.3103456497192
         vertex -36.2068973481655 0 -32.7586196362972
      endloop
   endfacet
   facet normal 0 -1 0
      outer loop
         vertex -36.2068973481655 0 -32.7586196362972
         vertex -32.7586196362972 0 -29.3103456497192
         vertex -36.2068973481655 0 -29.3103456497192
      endloop
   endfacet
   facet normal 0 -1 0
      outer loop
         vertex -36.2068973481655 0 -32.7586196362972
         vertex -36.2068973481655 0 -29.3103456497192
         vertex -38.3022204041481 0 -32.1393795311451
      endloop
   endfacet
   facet normal 0 -1 0
      outer loop
         vertex -38.3022204041481 0 -32.1393795311451
         vertex -36.2068973481655 0 -29.3103456497192
         vertex -39.6551713347435 0 -29.3103456497192
      endloop
   endfacet
   facet normal 0 -1 0
      outer loop
         vertex -38.3022204041481 0 -32.1393795311451
         vertex -39.6551713347435 0 -29.3103456497192
         vertex -41.31193831563 0 -28.1660035252571
      endloop
   endfacet
   facet normal 0 -1 0
      outer loop
         vertex -41.31193831563 0 -28.1660035252571
         vertex -39.6551713347435 0 -29.3103456497192
         vertex -39.6551713347435 0 -25.8620698004961
      endloop
   endfacet
   facet normal 0 -1 0
      outer loop
         vertex -41.31193831563 0 -28.1660035252571
         vertex -39.6551713347435 0 -25.8620698004961
         vertex -43.9110770821571 0 -23.9126980304718
      endloop
   endfacet
   facet normal 0 -1 0
      outer loop
         vertex -43.9110770821571 0 -23.9126980304718
         vertex -39.6551713347435 0 -25.8620698004961
         vertex -43.1034490466118 0 -22.413793951273
      endloop
   endfacet
   facet normal 0 -1 0
      outer loop
         vertex -43.9110770821571 0 -23.9126980304718
         vertex -43.1034490466118 0 -22.413793951273
         vertex -46.0738092660904 0 -19.4217395037413
      endloop
   endfacet
   facet normal 0 -1 0
      outer loop
         vertex -46.0738092660904 0 -19.4217395037413
         vertex -43.1034490466118 0 -22.413793951273
         vertex -43.1034490466118 0 -18.9655181020498
      endloop
   endfacet
   facet normal 0 -1 0
      outer loop
         vertex -46.0738092660904 0 -19.4217395037413
         vertex -43.1034490466118 0 -18.9655181020498
         vertex -46.5517230331898 0 -15.5172413215041
      endloop
   endfacet
   facet normal 0 -1 0
      outer loop
         vertex -46.5517230331898 0 -15.5172413215041
         vertex -43.1034490466118 0 -18.9655181020498
         vertex -43.1034490466118 0 -15.5172413215041
      endloop
   endfacet
   facet normal 0 -1 0
      outer loop
         vertex -46.5517230331898 0 -15.5172413215041
         vertex -43.1034490466118 0 -15.5172413215041
         vertex -43.1034490466118 0 -12.068965472281
      endloop
   endfacet
   facet normal 0 -1 0
      outer loop
         vertex -43.1034490466118 0 -12.068965472281
         vertex -43.1034490466118 0 -15.5172413215041
         vertex -39.6551713347435 0 -12.068965472281
      endloop
   endfacet
   facet normal 0 -1 0
      outer loop
         vertex -43.1034490466118 0 -12.068965472281
         vertex -39.6551713347435 0 -12.068965472281
         vertex -39.6551713347435 0 -8.62068962305784
      endloop
   endfacet
   facet normal 0 -1 0
      outer loop
         vertex -39.6551713347435 0 -8.62068962305784
         vertex -39.6551713347435 0 -12.068965472281
         vertex -36.2068973481655 0 -8.62068962305784
      endloop
   endfacet
   facet normal 0 -1 0
      outer loop
         vertex -39.6551713347435 0 -8.62068962305784
         vertex -36.2068973481655 0 -8.62068962305784
         vertex -36.2068973481655 0 -5.17241377383471
      endloop
   endfacet
   facet normal 0 -1 0
      outer loop
         vertex -36.2068973481655 0 -5.17241377383471
         vertex -36.2068973481655 0 -8.62068962305784
         vertex -32.7586196362972 0 -5.17241377383471
      endloop
   endfacet
   facet normal 0 -1 0
      outer loop
         vertex -36.2068973481655 0 -5.17241377383471
         vertex -32.7586196362972 0 -5.17241377383471
         vertex -32.7586196362972 0 -1.72413792461157
      endloop
   endfacet
   facet normal 0 -1 0
      outer loop
         vertex -32.7586196362972 0 -1.72413792461157
         vertex -32.7586196362972 0 -5.17241377383471
         vertex -29.3103456497192 0 -1.72413792461157
      endloop
   endfacet
   facet normal 0 -1 0
      outer loop
         vertex -32.7586196362972 0 -1.72413792461157
         vertex -29.3103456497192 0 -1.72413792461157
         vertex -29.3103456497192 0 1.72413792461157
      endloop
   endfacet
   facet normal 0 -1 0
      outer loop
         vertex -29.3103456497192 0 1.72413792461157
         vertex -29.3103456497192 0 -1.72413792461157
         vertex -25.8620698004961 0 1.72413792461157
      endloop
   endfacet
   facet normal 0 -1 0
      outer loop
         vertex -29.3103456497192 0 1.72413792461157
         vertex -25.8620698004961 0 1.72413792461157
         vertex -25.8620698004961 0 5.17241377383471
      endloop
   endfacet
   facet normal 0 -1 0
      outer loop
         vertex -25.8620698004961 0 5.17241377383471
         vertex -25.8620698004961 0 1.72413792461157
         vertex -22.413793951273 0 5.17241377383471
      endloop
   endfacet
   facet normal 0 -1 0
      outer loop
         vertex -25.8620698004961 0 5.17241377383471
         vertex -22.413793951273 0 5.17241377383471
         vertex -22.413793951273 0 8.62068962305784
      endloop
   endfacet
   facet normal 0 -1 0
      outer loop
         vertex -22.413793951273 0 8.62068962305784
         vertex -22.413793951273 0 5.17241377383471
         vertex -18.9655181020498 0 8.62068962305784
      endloop
   endfacet
   facet normal 0 -1 0
      outer loop
         vertex -22.413793951273 0 8.62068962305784
         vertex -18.9655181020498 0 8.62068962305784
         vertex -18.9655181020498 0 12.068965472281
      endloop
   endfacet
   facet normal 0 -1 0
      outer loop
         vertex -18.9655181020498 0 12.068965472281
         vertex -18.9655181020498 0 8.62068962305784
         vertex -15.5172413215041 0 12.068965472281
      endloop
   endfacet
   facet normal 0 -1 0
      outer loop
         vertex -18.9655181020498 0 12.068965472281
         vertex -15.5172413215041 0 12.068965472281
         vertex -15.5172413215041 0 15.5172413215041
      endloop
   endfacet
   facet normal 0 -1 0
      outer loop
         vertex -15.5172413215041 0 15.5172413215041
         vertex -15.5172413215041 0 12.068965472281
         vertex -12.068965472281 0 15.5172413215041
      endloop
   endfacet
   facet normal 0 -1 0
      outer loop
         vertex -15.5172413215041 0 15.5172413215041
         vertex -12.068965472281 0 15.5172413215041
         vertex -12.068965472281 0 18.9655181020498
      endloop
   endfacet
   facet normal 0 -1 0
      outer loop
         vertex -12.068965472281 0 18.9655181020498
         vertex -12.068965472281 0 15.5172413215041
         vertex -8.62068962305784 0 18.9655181020498
      endloop
   endfacet
   facet normal 0 -1 0
      outer loop
         vertex -12.068965472281 0 18.9655181020498
         vertex -8.62068962305784 0 18.9655181020498
         vertex -8.62068962305784 0 22.413793951273
      endloop
   endfacet
   facet normal 0 -1 0
      outer loop
         vertex -8.62068962305784 0 22.413793951273
         vertex -8.62068962305784 0 18.9655181020498
         vertex -5.17241377383471 0 22.413793951273
      endloop
   endfacet
   facet normal 0 -1 0
      outer loop
         vertex -8.62068962305784 0 22.413793951273
         vertex -5.17241377383471 0 22.413793951273
         vertex -5.17241377383471 0 25.8620698004961
      endloop
   endfacet
   facet normal 0 -1 0
      outer loop
         vertex -5.17241377383471 0 25.8620698004961
         vertex -5.17241377383471 0 22.413793951273
         vertex -1.72413792461157 0 25.8620698004961
      endloop
   endfacet
   facet normal 0 -1 0
      outer loop
         vertex -5.17241377383471 0 25.8620698004961
         vertex -1.72413792461157 0 25.8620698004961
         vertex -1.72413792461157 0 29.3103456497192
      endloop
   endfacet
   facet normal 0 -1 0
      outer loop
         vertex -1.72413792461157 0 29.3103456497192
         vertex -1.72413792461157 0 25.8620698004961
         vertex 1.72413792461157 0 29.3103456497192
      endloop
   endfacet
   facet normal 0 -1 0
      outer loop
         vertex -1.72413792461157 0 29.3103456497192
         vertex 1.72413792461157 0 29.3103456497192
         vertex 1.72413792461157 0 32.7586196362972
      endloop
   endfacet
   facet normal 0 -1 0
      outer loop
         vertex 1.72413792461157 0 32.7586196362972
         vertex 1.72413792461157 0 29.3103456497192
         vertex 5.17241377383471 0 32.7586196362972
      endloop
   endfacet
   facet normal 0 -1 0
      outer loop
         vertex 1.72413792461157 0 32.7586196362972
         vertex 5.17241377383471 0 32.7586196362972
         vertex 5.17241377383471 0 36.2068973481655
      endloop
   endfacet
   facet normal 0 -1 0
      outer loop
         vertex 5.17241377383471 0 36.2068973481655
         vertex 5.17241377383471 0 32.7586196362972
         vertex 8.62068962305784 0 36.2068973481655
      endloop
   endfacet
   facet normal 0 -1 0
      outer loop
         vertex 5.17241377383471 0 36.2068973481655
         vertex 8.62068962305784 0 36.2068973481655
         vertex 8.62068962305784 0 39.6551713347435
      endloop
   endfacet
   facet normal 0 -1 0
      outer loop
         vertex 8.62068962305784 0 39.6551713347435
         vertex 8.62068962305784 0 36.2068973481655
         vertex 12.068965472281 0 39.6551713347435
      endloop
   endfacet
   facet normal 0 -1 0
      outer loop
         vertex 8.62068962305784 0 39.6551713347435
         vertex 12.068965472281 0 39.6551713347435
         vertex 12.068965472281 0 43.1034490466118
      endloop
   endfacet
   facet normal 0 -1 0
      outer loop
         vertex 12.068965472281 0 43.1034490466118
         vertex 12.068965472281 0 39.6551713347435
         vertex 15.5172413215041 0 43.1034490466118
      endloop
   endfacet
   facet normal 0 -1 0
      outer loop
         vertex 12.068965472281 0 43.1034490466118
         vertex 15.5172413215041 0 43.1034490466118
         vertex 15.5172413215041 0 46.5517230331898
      endloop
   endfacet
   facet normal 0 -1 0
      outer loop
         vertex 15.5172413215041 0 46.5517230331898
         vertex 15.5172413215041 0 43.1034490466118
         vertex 18.9655181020498 0 43.1034490466118
      endloop
   endfacet
   facet normal 0 -1 0
      outer loop
         vertex 15.5172413215041 0 46.5517230331898
         vertex 18.9655181020498 0 43.1034490466118
         vertex 20.5643549561501 0 45.5752909183502
      endloop
   endfacet
   facet normal 0 -1 0
      outer loop
         vertex 20.5643549561501 0 45.5752909183502
         vertex 18.9655181020498 0 43.1034490466118
         vertex 22.413793951273 0 43.1034490466118
      endloop
   endfacet
   facet normal 0 -1 0
      outer loop
         vertex 20.5643549561501 0 45.5752909183502
         vertex 22.413793951273 0 43.1034490466118
         vertex 25.000000372529 0 43.3012694120407
      endloop
   endfacet
   facet normal 0 -1 0
      outer loop
         vertex 25.000000372529 0 43.3012694120407
         vertex 22.413793951273 0 43.1034490466118
         vertex 22.413793951273 0 39.6551713347435
      endloop
   endfacet
   facet normal 0 -1 0
      outer loop
         vertex 25.000000372529 0 43.3012694120407
         vertex 22.413793951273 0 39.6551713347435
         vertex 25.8620698004961 0 39.6551713347435
      endloop
   endfacet
   facet normal 0 -1 0
      outer loop
         vertex 25.8620698004961 0 39.6551713347435
         vertex 22.413793951273 0 39.6551713347435
         vertex 22.413793951273 0 36.2068973481655
      endloop
   endfacet
   facet normal 0 -1 0
      outer loop
         vertex 25.8620698004961 0 39.6551713347435
         vertex 22.413793951273 0 36.2068973481655
         vertex 25.8620698004961 0 36.2068973481655
      endloop
   endfacet
   facet normal 0 -1 0
      outer loop
         vertex 25.8620698004961 0 36.2068973481655
         vertex 22.413793951273 0 36.2068973481655
         vertex 22.413793951273 0 32.7586196362972
      endloop
   endfacet
   facet normal 0 -1 0
      outer loop
         vertex 25.8620698004961 0 36.2068973481655
         vertex 22.413793951273 0 32.7586196362972
         vertex 25.8620698004961 0 32.7586196362972
      endloop
   endfacet
   facet normal 0 -1 0
      outer loop
         vertex 25.8620698004961 0 32.7586196362972
         vertex 22.413793951273 0 32.7586196362972
         vertex 22.413793951273 0 29.3103456497192
      endloop
   endfacet
   facet normal 0 -1 0
      outer loop
         vertex 25.8620698004961 0 32.7586196362972
         vertex 22.413793951273 0 29.3103456497192
         vertex 25.8620698004961 0 29.3103456497192
      endloop
   endfacet
   facet normal 0 -1 0
      outer loop
         vertex 25.8620698004961 0 29.3103456497192
         vertex 22.413793951273 0 29.3103456497192
         vertex 22.413793951273 0 25.8620698004961
      endloop
   endfacet
   facet normal 0 -1 0
      outer loop
         vertex 25.8620698004961 0 29.3103456497192
         vertex 22.413793951273 0 25.8620698004961
         vertex 25.8620698004961 0 25.8620698004961
      endloop
   endfacet
   facet normal 0 -1 0
      outer loop
         vertex 25.8620698004961 0 25.8620698004961
         vertex 22.413793951273 0 25.8620698004961
         vertex 22.413793951273 0 22.413793951273
      endloop
   endfacet
   facet normal 0 -1 0
      outer loop
         vertex 25.8620698004961 0 25.8620698004961
         vertex 22.413793951273 0 22.413793951273
         vertex 25.8620698004961 0 22.413793951273
      endloop
   endfacet
   facet normal 0 -1 0
      outer loop
         vertex 25.8620698004961 0 22.413793951273
         vertex 22.413793951273 0 22.413793951273
         vertex 22.413793951273 0 18.9655181020498
      endloop
   endfacet
   facet normal 0 -1 0
      outer loop
         vertex 25.8620698004961 0 22.413793951273
         vertex 22.413793951273 0 18.9655181020498
         vertex 25.8620698004961 0 18.9655181020498
      endloop
   endfacet
   facet normal 0 -1 0
      outer loop
         vertex 25.8620698004961 0 18.9655181020498
         vertex 22.413793951273 0 18.9655181020498
         vertex 22.413793951273 0 15.5172413215041
      endloop
   endfacet
   facet normal 0 -1 0
      outer loop
         vertex 25.8620698004961 0 18.9655181020498
         vertex 22.413793951273 0 15.5172413215041
         vertex 25.8620698004961 0 15.5172413215041
      endloop
   endfacet
   facet normal 0 -1 0
      outer loop
         vertex 25.8620698004961 0 15.5172413215041
         vertex 22.413793951273 0 15.5172413215041
         vertex 22.413793951273 0 12.068965472281
      endloop
   endfacet
   facet normal 0 -1 0
      outer loop
         vertex 25.8620698004961 0 15.5172413215041
         vertex 22.413793951273 0 12.068965472281
         vertex 25.8620698004961 0 12.068965472281
      endloop
   endfacet
   facet normal 0 -1 0
      outer loop
         vertex 25.8620698004961 0 12.068965472281
         vertex 22.413793951273 0 12.068965472281
         vertex 22.413793951273 0 8.62068962305784
      endloop
   endfacet
   facet normal 0 -1 0
      outer loop
         vertex 25.8620698004961 0 12.068965472281
         vertex 22.413793951273 0 8.62068962305784
         vertex 25.8620698004961 0 8.62068962305784
      endloop
   endfacet
   facet normal 0 -1 0
      outer loop
         vertex 25.8620698004961 0 8.62068962305784
         vertex 22.413793951273 0 8.62068962305784
         vertex 22.413793951273 0 5.17241377383471
      endloop
   endfacet
   facet normal 0 -1 0
      outer loop
         vertex 25.8620698004961 0 8.62068962305784
         vertex 22.413793951273 0 5.17241377383471
         vertex 25.8620698004961 0 5.17241377383471
      endloop
   endfacet
   facet normal 0 -1 0
      outer loop
         vertex 25.8620698004961 0 5.17241377383471
         vertex 22.413793951273 0 5.17241377383471
         vertex 22.413793951273 0 1.72413792461157
      endloop
   endfacet
   facet normal 0 -1 0
      outer loop
         vertex 25.8620698004961 0 5.17241377383471
         vertex 22.413793951273 0 1.72413792461157
         vertex 25.8620698004961 0 1.72413792461157
      endloop
   endfacet
   facet normal 0 -1 0
      outer loop
         vertex 25.8620698004961 0 1.72413792461157
         vertex 22.413793951273 0 1.72413792461157
         vertex 22.413793951273 0 -1.72413792461157
      endloop
   endfacet
   facet normal 0 -1 0
      outer loop
         vertex 25.8620698004961 0 1.72413792461157
         vertex 22.413793951273 0 -1.72413792461157
         vertex 25.8620698004961 0 -1.72413792461157
      endloop
   endfacet
   facet normal 0 -1 0
      outer loop
         vertex 25.8620698004961 0 -1.72413792461157
         vertex 22.413793951273 0 -1.72413792461157
         vertex 22.413793951273 0 -5.17241377383471
      endloop
   endfacet
   facet normal 0 -1 0
      outer loop
         vertex 25.8620698004961 0 -1.72413792461157
         vertex 22.413793951273 0 -5.17241377383471
         vertex 25.8620698004961 0 -5.17241377383471
      endloop
   endfacet
   facet normal 0 -1 0
      outer loop
         vertex 25.8620698004961 0 -5.17241377383471
         vertex 22.413793951273 0 -5.17241377383471
         vertex 22.413793951273 0 -8.62068962305784
      endloop
   endfacet
   facet normal 0 -1 0
      outer loop
         vertex 25.8620698004961 0 -5.17241377383471
         vertex 22.413793951273 0 -8.62068962305784
         vertex 25.8620698004961 0 -8.62068962305784
      endloop
   endfacet
   facet normal 0 -1 0
      outer loop
         vertex 25.8620698004961 0 -8.62068962305784
         vertex 22.413793951273 0 -8.62068962305784
         vertex 22.413793951273 0 -12.068965472281
      endloop
   endfacet
   facet normal 0 -1 0
      outer loop
         vertex 25.8620698004961 0 -8.62068962305784
         vertex 22.413793951273 0 -12.068965472281
         vertex 25.8620698004961 0 -12.068965472281
      endloop
   endfacet
   facet normal 0 -1 0
      outer loop
         vertex 25.8620698004961 0 -12.068965472281
         vertex 22.413793951273 0 -12.068965472281
         vertex 22.413793951273 0 -15.5172413215041
      endloop
   endfacet
   facet normal 0 -1 0
      outer loop
         vertex 25.8620698004961 0 -12.068965472281
         vertex 22.413793951273 0 -15.5172413215041
         vertex 25.8620698004961 0 -15.5172413215041
      endloop
   endfacet
   facet normal 0 -1 0
      outer loop
         vertex 25.8620698004961 0 -15.5172413215041
         vertex 22.413793951273 0 -15.5172413215041
         vertex 22.413793951273 0 -18.9655181020498
      endloop
   endfacet
   facet normal 0 -1 0
      outer loop
         vertex 25.8620698004961 0 -15.5172413215041
         vertex 22.413793951273 0 -18.9655181020498
         vertex 25.8620698004961 0 -18.9655181020498
      endloop
   endfacet
   facet normal 0 -1 0
      outer loop
         vertex 25.8620698004961 0 -18.9655181020498
         vertex 22.413793951273 0 -18.9655181020498
         vertex 22.413793951273 0 -22.413793951273
      endloop
   endfacet
   facet normal 0 -1 0
      outer loop
         vertex 25.8620698004961 0 -18.9655181020498
         vertex 22.413793951273 0 -22.413793951273
         vertex 25.8620698004961 0 -22.413793951273
      endloop
   endfacet
   facet normal 0 -1 0
      outer loop
         vertex 25.8620698004961 0 -22.413793951273
         vertex 22.413793951273 0 -22.413793951273
         vertex 22.413793951273 0 -25.8620698004961
      endloop
   endfacet
   facet normal 0 -1 0
      outer loop
         vertex 25.8620698004961 0 -22.413793951273
         vertex 22.413793951273 0 -25.8620698004961
         vertex 25.8620698004961 0 -25.8620698004961
      endloop
   endfacet
   facet normal 0 -1 0
      outer loop
         vertex 25.8620698004961 0 -25.8620698004961
         vertex 22.413793951273 0 -25.8620698004961
         vertex 22.413793951273 0 -29.3103456497192
      endloop
   endfacet
   facet normal 0 -1 0
      outer loop
         vertex 25.8620698004961 0 -25.8620698004961
         vertex 22.413793951273 0 -29.3103456497192
         vertex 25.8620698004961 0 -29.3103456497192
      endloop
   endfacet
   facet normal 0 -1 0
      outer loop
         vertex -38.3022204041481 0 -32.1393795311451
         vertex -34.9118411540985 0 -35.7933416962624
         vertex -36.2068973481655 0 -32.7586196362972
      endloop
   endfacet
   facet normal 0 -1 0
      outer loop
         vertex -36.2068973481655 0 -32.7586196362972
         vertex -34.9118411540985 0 -35.7933416962624
         vertex -32.7586196362972 0 -32.7586196362972
      endloop
   endfacet
   facet normal 0 -1 0
      outer loop
         vertex -32.7586196362972 0 -32.7586196362972
         vertex -34.9118411540985 0 -35.7933416962624
         vertex -32.7586196362972 0 -36.2068973481655
      endloop
   endfacet
   facet normal 0 -1 0
      outer loop
         vertex -32.7586196362972 0 -36.2068973481655
         vertex -34.9118411540985 0 -35.7933416962624
         vertex -31.1744902282953 0 -39.0915758907795
      endloop
   endfacet
   facet normal 0 -1 0
      outer loop
         vertex -32.7586196362972 0 -36.2068973481655
         vertex -31.1744902282953 0 -39.0915758907795
         vertex -29.3103456497192 0 -36.2068973481655
      endloop
   endfacet
   facet normal 0 -1 0
      outer loop
         vertex -29.3103456497192 0 -36.2068973481655
         vertex -31.1744902282953 0 -39.0915758907795
         vertex -29.3103456497192 0 -39.6551713347435
      endloop
   endfacet
   facet normal 0 -1 0
      outer loop
         vertex -29.3103456497192 0 -36.2068973481655
         vertex -29.3103456497192 0 -39.6551713347435
         vertex -25.8620698004961 0 -36.2068973481655
      endloop
   endfacet
   facet normal 0 -1 0
      outer loop
         vertex -25.8620698004961 0 -36.2068973481655
         vertex -29.3103456497192 0 -39.6551713347435
         vertex -25.8620698004961 0 -39.6551713347435
      endloop
   endfacet
   facet normal 0 -1 0
      outer loop
         vertex -25.8620698004961 0 -36.2068973481655
         vertex -25.8620698004961 0 -39.6551713347435
         vertex -22.413793951273 0 -36.2068973481655
      endloop
   endfacet
   facet normal 0 -1 0
      outer loop
         vertex -22.413793951273 0 -36.2068973481655
         vertex -25.8620698004961 0 -39.6551713347435
         vertex -22.413793951273 0 -39.6551713347435
      endloop
   endfacet
   facet normal 0 -1 0
      outer loop
         vertex -22.413793951273 0 -36.2068973481655
         vertex -22.413793951273 0 -39.6551713347435
         vertex -18.9655181020498 0 -36.2068973481655
      endloop
   endfacet
   facet normal 0 -1 0
      outer loop
         vertex -18.9655181020498 0 -36.2068973481655
         vertex -22.413793951273 0 -39.6551713347435
         vertex -18.9655181020498 0 -39.6551713347435
      endloop
   endfacet
   facet normal 0 -1 0
      outer loop
         vertex -18.9655181020498 0 -36.2068973481655
         vertex -18.9655181020498 0 -39.6551713347435
         vertex -15.5172413215041 0 -36.2068973481655
      endloop
   endfacet
   facet normal 0 -1 0
      outer loop
         vertex -15.5172413215041 0 -36.2068973481655
         vertex -18.9655181020498 0 -39.6551713347435
         vertex -15.5172413215041 0 -39.6551713347435
      endloop
   endfacet
   facet normal 0 -1 0
      outer loop
         vertex -15.5172413215041 0 -36.2068973481655
         vertex -15.5172413215041 0 -39.6551713347435
         vertex -12.068965472281 0 -36.2068973481655
      endloop
   endfacet
   facet normal 0 -1 0
      outer loop
         vertex -12.068965472281 0 -36.2068973481655
         vertex -15.5172413215041 0 -39.6551713347435
         vertex -12.068965472281 0 -39.6551713347435
      endloop
   endfacet
   facet normal 0 -1 0
      outer loop
         vertex -12.068965472281 0 -36.2068973481655
         vertex -12.068965472281 0 -39.6551713347435
         vertex -8.62068962305784 0 -36.2068973481655
      endloop
   endfacet
   facet normal 0 -1 0
      outer loop
         vertex -8.62068962305784 0 -36.2068973481655
         vertex -12.068965472281 0 -39.6551713347435
         vertex -8.62068962305784 0 -39.6551713347435
      endloop
   endfacet
   facet normal 0 -1 0
      outer loop
         vertex -8.62068962305784 0 -36.2068973481655
         vertex -8.62068962305784 0 -39.6551713347435
         vertex -5.17241377383471 0 -36.2068973481655
      endloop
   endfacet
   facet normal 0 -1 0
      outer loop
         vertex -5.17241377383471 0 -36.2068973481655
         vertex -8.62068962305784 0 -39.6551713347435
         vertex -5.17241377383471 0 -39.6551713347435
      endloop
   endfacet
   facet normal 0 -1 0
      outer loop
         vertex -5.17241377383471 0 -36.2068973481655
         vertex -5.17241377383471 0 -39.6551713347435
         vertex -1.72413792461157 0 -36.2068973481655
      endloop
   endfacet
   facet normal 0 -1 0
      outer loop
         vertex -1.72413792461157 0 -36.2068973481655
         vertex -5.17241377383471 0 -39.6551713347435
         vertex -1.72413792461157 0 -39.6551713347435
      endloop
   endfacet
   facet normal 0 -1 0
      outer loop
         vertex -1.72413792461157 0 -36.2068973481655
         vertex -1.72413792461157 0 -39.6551713347435
         vertex 1.72413792461157 0 -36.2068973481655
      endloop
   endfacet
   facet normal 0 -1 0
      outer loop
         vertex 1.72413792461157 0 -36.2068973481655
         vertex -1.72413792461157 0 -39.6551713347435
         vertex 1.72413792461157 0 -39.6551713347435
      endloop
   endfacet
   facet normal 0 -1 0
      outer loop
         vertex 1.72413792461157 0 -36.2068973481655
         vertex 1.72413792461157 0 -39.6551713347435
         vertex 5.17241377383471 0 -36.2068973481655
      endloop
   endfacet
   facet normal 0 -1 0
      outer loop
         vertex 5.17241377383471 0 -36.2068973481655
         vertex 1.72413792461157 0 -39.6551713347435
         vertex 5.17241377383471 0 -39.6551713347435
      endloop
   endfacet
   facet normal 0 -1 0
      outer loop
         vertex 5.17241377383471 0 -36.2068973481655
         vertex 5.17241377383471 0 -39.6551713347435
         vertex 8.62068962305784 0 -36.2068973481655
      endloop
   endfacet
   facet normal 0 -1 0
      outer loop
         vertex 8.62068962305784 0 -36.2068973481655
         vertex 5.17241377383471 0 -39.6551713347435
         vertex 8.62068962305784 0 -39.6551713347435
      endloop
   endfacet
   facet normal 0 -1 0
      outer loop
         vertex 8.62068962305784 0 -36.2068973481655
         vertex 8.62068962305784 0 -39.6551713347435
         vertex 12.068965472281 0 -36.2068973481655
      endloop
   endfacet
   facet normal 0 -1 0
      outer loop
         vertex 12.068965472281 0 -36.2068973481655
         vertex 8.62068962305784 0 -39.6551713347435
         vertex 12.068965472281 0 -39.6551713347435
      endloop
   endfacet
   facet normal 0 -1 0
      outer loop
         vertex 12.068965472281 0 -36.2068973481655
         vertex 12.068965472281 0 -39.6551713347435
         vertex 15.5172413215041 0 -36.2068973481655
      endloop
   endfacet
   facet normal 0 -1 0
      outer loop
         vertex 15.5172413215041 0 -36.2068973481655
         vertex 12.068965472281 0 -39.6551713347435
         vertex 15.5172413215041 0 -39.6551713347435
      endloop
   endfacet
   facet normal 0 -1 0
      outer loop
         vertex 15.5172413215041 0 -36.2068973481655
         vertex 15.5172413215041 0 -39.6551713347435
         vertex 18.9655181020498 0 -36.2068973481655
      endloop
   endfacet
   facet normal 0 -1 0
      outer loop
         vertex 18.9655181020498 0 -36.2068973481655
         vertex 15.5172413215041 0 -39.6551713347435
         vertex 18.9655181020498 0 -39.6551713347435
      endloop
   endfacet
   facet normal 0 -1 0
      outer loop
         vertex 18.9655181020498 0 -36.2068973481655
         vertex 18.9655181020498 0 -39.6551713347435
         vertex 22.413793951273 0 -36.2068973481655
      endloop
   endfacet
   facet normal 0 -1 0
      outer loop
         vertex 22.413793951273 0 -36.2068973481655
         vertex 18.9655181020498 0 -39.6551713347435
         vertex 22.413793951273 0 -39.6551713347435
      endloop
   endfacet
   facet normal 0 -1 0
      outer loop
         vertex 22.413793951273 0 -36.2068973481655
         vertex 22.413793951273 0 -39.6551713347435
         vertex 25.8620698004961 0 -36.2068973481655
      endloop
   endfacet
   facet normal 0 -1 0
      outer loop
         vertex 25.8620698004961 0 -36.2068973481655
         vertex 22.413793951273 0 -39.6551713347435
         vertex 25.8620698004961 0 -39.6551713347435
      endloop
   endfacet
   facet normal 0 -1 0
      outer loop
         vertex 25.8620698004961 0 -36.2068973481655
         vertex 25.8620698004961 0 -39.6551713347435
         vertex 29.3103456497192 0 -36.2068973481655
      endloop
   endfacet
   facet normal 0 -1 0
      outer loop
         vertex 29.3103456497192 0 -36.2068973481655
         vertex 25.8620698004961 0 -39.6551713347435
         vertex 29.3103456497192 0 -39.6551713347435
      endloop
   endfacet
   facet normal 0 -1 0
      outer loop
         vertex 29.3103456497192 0 -36.2068973481655
         vertex 29.3103456497192 0 -39.6551713347435
         vertex 33.0842919647694 0 -37.4890603125095
      endloop
   endfacet
   facet normal 0 -1 0
      outer loop
         vertex 33.0842919647694 0 -37.4890603125095
         vertex 29.3103456497192 0 -39.6551713347435
         vertex 29.1871838271618 0 -40.5968986451626
      endloop
   endfacet
   facet normal 0 -1 0
      outer loop
         vertex -31.1744902282953 0 -39.0915758907795
         vertex -27.1273124963045 0 -42.0012958347797
         vertex -29.3103456497192 0 -39.6551713347435
      endloop
   endfacet
   facet normal 0 -1 0
      outer loop
         vertex -29.3103456497192 0 -39.6551713347435
         vertex -27.1273124963045 0 -42.0012958347797
         vertex -25.8620698004961 0 -39.6551713347435
      endloop
   endfacet
   facet normal 0 -1 0
      outer loop
         vertex 1.72413792461157 0 -39.6551713347435
         vertex -1.72413792461157 0 -39.6551713347435
         vertex -1.72413792461157 0 -43.1034490466118
      endloop
   endfacet
   facet normal 0 -1 0
      outer loop
         vertex -1.72413792461157 0 -43.1034490466118
         vertex -1.72413792461157 0 -39.6551713347435
         vertex -5.17241377383471 0 -43.1034490466118
      endloop
   endfacet
   facet normal 0 -1 0
      outer loop
         vertex -1.72413792461157 0 -43.1034490466118
         vertex -5.17241377383471 0 -43.1034490466118
         vertex -5.17241377383471 0 -46.5517230331898
      endloop
   endfacet
   facet normal 0 -1 0
      outer loop
         vertex -5.17241377383471 0 -46.5517230331898
         vertex -5.17241377383471 0 -43.1034490466118
         vertex -8.62068962305784 0 -46.5517230331898
      endloop
   endfacet
   facet normal 0 -1 0
      outer loop
         vertex -5.17241377383471 0 -46.5517230331898
         vertex -8.62068962305784 0 -46.5517230331898
         vertex -8.68240930140018 0 -49.2403879761696
      endloop
   endfacet
   facet normal 0 -1 0
      outer loop
         vertex -8.68240930140018 0 -49.2403879761696
         vertex -8.62068962305784 0 -46.5517230331898
         vertex -12.068965472281 0 -46.5517230331898
      endloop
   endfacet
   facet normal 0 -1 0
      outer loop
         vertex -8.68240930140018 0 -49.2403879761696
         vertex -12.068965472281 0 -46.5517230331898
         vertex -13.5420234873891 0 -48.1312125921249
      endloop
   endfacet
   facet normal 0 -1 0
      outer loop
         vertex -13.5420234873891 0 -48.1312125921249
         vertex -12.068965472281 0 -46.5517230331898
         vertex -15.5172413215041 0 -46.5517230331898
      endloop
   endfacet
   facet normal 0 -1 0
      outer loop
         vertex -13.5420234873891 0 -48.1312125921249
         vertex -15.5172413215041 0 -46.5517230331898
         vertex -18.2670503854752 0 -46.543687582016
      endloop
   endfacet
   facet normal 0 -1 0
      outer loop
         vertex -18.2670503854752 0 -46.543687582016
         vertex -15.5172413215041 0 -46.5517230331898
         vertex -15.5172413215041 0 -43.1034490466118
      endloop
   endfacet
   facet normal 0 -1 0
      outer loop
         vertex -18.2670503854752 0 -46.543687582016
         vertex -15.5172413215041 0 -43.1034490466118
         vertex -18.9655181020498 0 -43.1034490466118
      endloop
   endfacet
   facet normal 0 -1 0
      outer loop
         vertex -18.9655181020498 0 -43.1034490466118
         vertex -15.5172413215041 0 -43.1034490466118
         vertex -15.5172413215041 0 -39.6551713347435
      endloop
   endfacet
   facet normal 0 -1 0
      outer loop
         vertex -18.9655181020498 0 -43.1034490466118
         vertex -15.5172413215041 0 -39.6551713347435
         vertex -18.9655181020498 0 -39.6551713347435
      endloop
   endfacet
   facet normal 0 -1 0
      outer loop
         vertex 25.000000372529 0 43.3012694120407
         vertex 25.8620698004961 0 39.6551713347435
         vertex 29.1871838271618 0 40.5968986451626
      endloop
   endfacet
   facet normal 0 -1 0
      outer loop
         vertex 29.1871838271618 0 40.5968986451626
         vertex 25.8620698004961 0 39.6551713347435
         vertex 29.3103456497192 0 39.6551713347435
      endloop
   endfacet
   facet normal 0 -1 0
      outer loop
         vertex 29.1871838271618 0 40.5968986451626
         vertex 29.3103456497192 0 39.6551713347435
         vertex 33.0842919647694 0 37.4890603125095
      endloop
   endfacet
   facet normal 0 -1 0
      outer loop
         vertex 33.0842919647694 0 37.4890603125095
         vertex 29.3103456497192 0 39.6551713347435
         vertex 29.3103456497192 0 36.2068973481655
      endloop
   endfacet
   facet normal 0 -1 0
      outer loop
         vertex 33.0842919647694 0 37.4890603125095
         vertex 29.3103456497192 0 36.2068973481655
         vertex 32.7586196362972 0 36.2068973481655
      endloop
   endfacet
   facet normal 0 -1 0
      outer loop
         vertex 32.7586196362972 0 36.2068973481655
         vertex 29.3103456497192 0 36.2068973481655
         vertex 29.3103456497192 0 32.7586196362972
      endloop
   endfacet
   facet normal 0 -1 0
      outer loop
         vertex 32.7586196362972 0 36.2068973481655
         vertex 29.3103456497192 0 32.7586196362972
         vertex 32.7586196362972 0 32.7586196362972
      endloop
   endfacet
   facet normal 0 -1 0
      outer loop
         vertex 32.7586196362972 0 32.7586196362972
         vertex 29.3103456497192 0 32.7586196362972
         vertex 29.3103456497192 0 29.3103456497192
      endloop
   endfacet
   facet normal 0 -1 0
      outer loop
         vertex 32.7586196362972 0 32.7586196362972
         vertex 29.3103456497192 0 29.3103456497192
         vertex 32.7586196362972 0 29.3103456497192
      endloop
   endfacet
   facet normal 0 -1 0
      outer loop
         vertex 32.7586196362972 0 29.3103456497192
         vertex 29.3103456497192 0 29.3103456497192
         vertex 29.3103456497192 0 25.8620698004961
      endloop
   endfacet
   facet normal 0 -1 0
      outer loop
         vertex 32.7586196362972 0 29.3103456497192
         vertex 29.3103456497192 0 25.8620698004961
         vertex 32.7586196362972 0 25.8620698004961
      endloop
   endfacet
   facet normal 0 -1 0
      outer loop
         vertex 32.7586196362972 0 25.8620698004961
         vertex 29.3103456497192 0 25.8620698004961
         vertex 29.3103456497192 0 22.413793951273
      endloop
   endfacet
   facet normal 0 -1 0
      outer loop
         vertex 32.7586196362972 0 25.8620698004961
         vertex 29.3103456497192 0 22.413793951273
         vertex 32.7586196362972 0 22.413793951273
      endloop
   endfacet
   facet normal 0 -1 0
      outer loop
         vertex 32.7586196362972 0 22.413793951273
         vertex 29.3103456497192 0 22.413793951273
         vertex 29.3103456497192 0 18.9655181020498
      endloop
   endfacet
   facet normal 0 -1 0
      outer loop
         vertex 32.7586196362972 0 22.413793951273
         vertex 29.3103456497192 0 18.9655181020498
         vertex 32.7586196362972 0 18.9655181020498
      endloop
   endfacet
   facet normal 0 -1 0
      outer loop
         vertex 32.7586196362972 0 18.9655181020498
         vertex 29.3103456497192 0 18.9655181020498
         vertex 29.3103456497192 0 15.5172413215041
      endloop
   endfacet
   facet normal 0 -1 0
      outer loop
         vertex 32.7586196362972 0 18.9655181020498
         vertex 29.3103456497192 0 15.5172413215041
         vertex 32.7586196362972 0 15.5172413215041
      endloop
   endfacet
   facet normal 0 -1 0
      outer loop
         vertex 32.7586196362972 0 15.5172413215041
         vertex 29.3103456497192 0 15.5172413215041
         vertex 29.3103456497192 0 12.068965472281
      endloop
   endfacet
   facet normal 0 -1 0
      outer loop
         vertex 32.7586196362972 0 15.5172413215041
         vertex 29.3103456497192 0 12.068965472281
         vertex 32.7586196362972 0 12.068965472281
      endloop
   endfacet
   facet normal 0 -1 0
      outer loop
         vertex 32.7586196362972 0 12.068965472281
         vertex 29.3103456497192 0 12.068965472281
         vertex 29.3103456497192 0 8.62068962305784
      endloop
   endfacet
   facet normal 0 -1 0
      outer loop
         vertex 32.7586196362972 0 12.068965472281
         vertex 29.3103456497192 0 8.62068962305784
         vertex 32.7586196362972 0 8.62068962305784
      endloop
   endfacet
   facet normal 0 -1 0
      outer loop
         vertex 32.7586196362972 0 8.62068962305784
         vertex 29.3103456497192 0 8.62068962305784
         vertex 29.3103456497192 0 5.17241377383471
      endloop
   endfacet
   facet normal 0 -1 0
      outer loop
         vertex 32.7586196362972 0 8.62068962305784
         vertex 29.3103456497192 0 5.17241377383471
         vertex 32.7586196362972 0 5.17241377383471
      endloop
   endfacet
   facet normal 0 -1 0
      outer loop
         vertex 32.7586196362972 0 5.17241377383471
         vertex 29.3103456497192 0 5.17241377383471
         vertex 29.3103456497192 0 1.72413792461157
      endloop
   endfacet
   facet normal 0 -1 0
      outer loop
         vertex 32.7586196362972 0 5.17241377383471
         vertex 29.3103456497192 0 1.72413792461157
         vertex 32.7586196362972 0 1.72413792461157
      endloop
   endfacet
   facet normal 0 -1 0
      outer loop
         vertex 32.7586196362972 0 1.72413792461157
         vertex 29.3103456497192 0 1.72413792461157
         vertex 29.3103456497192 0 -1.72413792461157
      endloop
   endfacet
   facet normal 0 -1 0
      outer loop
         vertex 32.7586196362972 0 1.72413792461157
         vertex 29.3103456497192 0 -1.72413792461157
         vertex 32.7586196362972 0 -1.72413792461157
      endloop
   endfacet
   facet normal 0 -1 0
      outer loop
         vertex 32.7586196362972 0 -1.72413792461157
         vertex 29.3103456497192 0 -1.72413792461157
         vertex 29.3103456497192 0 -5.17241377383471
      endloop
   endfacet
   facet normal 0 -1 0
      outer loop
         vertex 32.7586196362972 0 -1.72413792461157
         vertex 29.3103456497192 0 -5.17241377383471
         vertex 32.7586196362972 0 -5.17241377383471
      endloop
   endfacet
   facet normal 0 -1 0
      outer loop
         vertex 32.7586196362972 0 -5.17241377383471
         vertex 29.3103456497192 0 -5.17241377383471
         vertex 29.3103456497192 0 -8.62068962305784
      endloop
   endfacet
   facet normal 0 -1 0
      outer loop
         vertex 32.7586196362972 0 -5.17241377383471
         vertex 29.3103456497192 0 -8.62068962305784
         vertex 32.7586196362972 0 -8.62068962305784
      endloop
   endfacet
   facet normal 0 -1 0
      outer loop
         vertex 32.7586196362972 0 -8.62068962305784
         vertex 29.3103456497192 0 -8.62068962305784
         vertex 29.3103456497192 0 -12.068965472281
      endloop
   endfacet
   facet normal 0 -1 0
      outer loop
         vertex 32.7586196362972 0 -8.62068962305784
         vertex 29.3103456497192 0 -12.068965472281
         vertex 32.7586196362972 0 -12.068965472281
      endloop
   endfacet
   facet normal 0 -1 0
      outer loop
         vertex 32.7586196362972 0 -12.068965472281
         vertex 29.3103456497192 0 -12.068965472281
         vertex 29.3103456497192 0 -15.5172413215041
      endloop
   endfacet
   facet normal 0 -1 0
      outer loop
         vertex 32.7586196362972 0 -12.068965472281
         vertex 29.3103456497192 0 -15.5172413215041
         vertex 32.7586196362972 0 -15.5172413215041
      endloop
   endfacet
   facet normal 0 -1 0
      outer loop
         vertex 32.7586196362972 0 -15.5172413215041
         vertex 29.3103456497192 0 -15.5172413215041
         vertex 29.3103456497192 0 -18.9655181020498
      endloop
   endfacet
   facet normal 0 -1 0
      outer loop
         vertex 32.7586196362972 0 -15.5172413215041
         vertex 29.3103456497192 0 -18.9655181020498
         vertex 32.7586196362972 0 -18.9655181020498
      endloop
   endfacet
   facet normal 0 -1 0
      outer loop
         vertex 32.7586196362972 0 -18.9655181020498
         vertex 29.3103456497192 0 -18.9655181020498
         vertex 29.3103456497192 0 -22.413793951273
      endloop
   endfacet
   facet normal 0 -1 0
      outer loop
         vertex 32.7586196362972 0 -18.9655181020498
         vertex 29.3103456497192 0 -22.413793951273
         vertex 32.7586196362972 0 -22.413793951273
      endloop
   endfacet
   facet normal 0 -1 0
      outer loop
         vertex 32.7586196362972 0 -22.413793951273
         vertex 29.3103456497192 0 -22.413793951273
         vertex 29.3103456497192 0 -25.8620698004961
      endloop
   endfacet
   facet normal 0 -1 0
      outer loop
         vertex 32.7586196362972 0 -22.413793951273
         vertex 29.3103456497192 0 -25.8620698004961
         vertex 32.7586196362972 0 -25.8620698004961
      endloop
   endfacet
   facet normal 0 -1 0
      outer loop
         vertex 32.7586196362972 0 -25.8620698004961
         vertex 29.3103456497192 0 -25.8620698004961
         vertex 29.3103456497192 0 -29.3103456497192
      endloop
   endfacet
   facet normal 0 -1 0
      outer loop
         vertex 32.7586196362972 0 -25.8620698004961
         vertex 29.3103456497192 0 -29.3103456497192
         vertex 32.7586196362972 0 -29.3103456497192
      endloop
   endfacet
   facet normal 0 -1 0
      outer loop
         vertex -8.68240930140018 0 49.2403879761696
         vertex -13.5420234873891 0 48.1312125921249
         vertex -12.068965472281 0 46.5517230331898
      endloop
   endfacet
   facet normal 0 -1 0
      outer loop
         vertex -12.068965472281 0 46.5517230331898
         vertex -13.5420234873891 0 48.1312125921249
         vertex -15.5172413215041 0 46.5517230331898
      endloop
   endfacet
   facet normal 0 -1 0
      outer loop
         vertex -12.068965472281 0 46.5517230331898
         vertex -15.5172413215041 0 46.5517230331898
         vertex -15.5172413215041 0 43.1034490466118
      endloop
   endfacet
   facet normal 0 -1 0
      outer loop
         vertex -15.5172413215041 0 43.1034490466118
         vertex -15.5172413215041 0 46.5517230331898
         vertex -18.2670503854752 0 46.543687582016
      endloop
   endfacet
   facet normal 0 -1 0
      outer loop
         vertex -15.5172413215041 0 43.1034490466118
         vertex -18.2670503854752 0 46.543687582016
         vertex -18.9655181020498 0 43.1034490466118
      endloop
   endfacet
   facet normal 0 -1 0
      outer loop
         vertex -18.9655181020498 0 43.1034490466118
         vertex -18.2670503854752 0 46.543687582016
         vertex -22.8105336427689 0 44.4935895502567
      endloop
   endfacet
   facet normal 0 -1 0
      outer loop
         vertex -18.9655181020498 0 43.1034490466118
         vertex -22.8105336427689 0 44.4935895502567
         vertex -22.413793951273 0 43.1034490466118
      endloop
   endfacet
   facet normal 0 -1 0
      outer loop
         vertex -22.413793951273 0 43.1034490466118
         vertex -22.8105336427689 0 44.4935895502567
         vertex -27.1273124963045 0 42.0012958347797
      endloop
   endfacet
   facet normal 0 -1 0
      outer loop
         vertex -22.413793951273 0 43.1034490466118
         vertex -27.1273124963045 0 42.0012958347797
         vertex -25.8620698004961 0 39.6551713347435
      endloop
   endfacet
   facet normal 0 -1 0
      outer loop
         vertex -25.8620698004961 0 39.6551713347435
         vertex -27.1273124963045 0 42.0012958347797
         vertex -29.3103456497192 0 39.6551713347435
      endloop
   endfacet
   facet normal 0 -1 0
      outer loop
         vertex -25.8620698004961 0 39.6551713347435
         vertex -29.3103456497192 0 39.6551713347435
         vertex -29.3103456497192 0 36.2068973481655
      endloop
   endfacet
   facet normal 0 -1 0
      outer loop
         vertex -29.3103456497192 0 36.2068973481655
         vertex -29.3103456497192 0 39.6551713347435
         vertex -31.1744902282953 0 39.0915758907795
      endloop
   endfacet
   facet normal 0 -1 0
      outer loop
         vertex -29.3103456497192 0 36.2068973481655
         vertex -31.1744902282953 0 39.0915758907795
         vertex -32.7586196362972 0 36.2068973481655
      endloop
   endfacet
   facet normal 0 -1 0
      outer loop
         vertex -32.7586196362972 0 36.2068973481655
         vertex -31.1744902282953 0 39.0915758907795
         vertex -34.9118411540985 0 35.7933416962624
      endloop
   endfacet
   facet normal 0 -1 0
      outer loop
         vertex -32.7586196362972 0 36.2068973481655
         vertex -34.9118411540985 0 35.7933416962624
         vertex -32.7586196362972 0 32.7586196362972
      endloop
   endfacet
   facet normal 0 -1 0
      outer loop
         vertex -32.7586196362972 0 32.7586196362972
         vertex -34.9118411540985 0 35.7933416962624
         vertex -36.2068973481655 0 32.7586196362972
      endloop
   endfacet
   facet normal 0 -1 0
      outer loop
         vertex -32.7586196362972 0 32.7586196362972
         vertex -36.2068973481655 0 32.7586196362972
         vertex -36.2068973481655 0 29.3103456497192
      endloop
   endfacet
   facet normal 0 -1 0
      outer loop
         vertex -36.2068973481655 0 29.3103456497192
         vertex -36.2068973481655 0 32.7586196362972
         vertex -38.3022204041481 0 32.1393795311451
      endloop
   endfacet
   facet normal 0 -1 0
      outer loop
         vertex -36.2068973481655 0 29.3103456497192
         vertex -38.3022204041481 0 32.1393795311451
         vertex -39.6551713347435 0 29.3103456497192
      endloop
   endfacet
   facet normal 0 -1 0
      outer loop
         vertex -39.6551713347435 0 29.3103456497192
         vertex -38.3022204041481 0 32.1393795311451
         vertex -41.31193831563 0 28.1660035252571
      endloop
   endfacet
   facet normal 0 -1 0
      outer loop
         vertex -39.6551713347435 0 29.3103456497192
         vertex -41.31193831563 0 28.1660035252571
         vertex -39.6551713347435 0 25.8620698004961
      endloop
   endfacet
   facet normal 0 -1 0
      outer loop
         vertex -39.6551713347435 0 25.8620698004961
         vertex -41.31193831563 0 28.1660035252571
         vertex -43.9110770821571 0 23.9126980304718
      endloop
   endfacet
   facet normal 0 -1 0
      outer loop
         vertex -39.6551713347435 0 25.8620698004961
         vertex -43.9110770821571 0 23.9126980304718
         vertex -43.1034490466118 0 22.413793951273
      endloop
   endfacet
   facet normal 0 -1 0
      outer loop
         vertex -43.1034490466118 0 22.413793951273
         vertex -43.9110770821571 0 23.9126980304718
         vertex -46.0738092660904 0 19.4217395037413
      endloop
   endfacet
   facet normal 0 -1 0
      outer loop
         vertex -43.1034490466118 0 22.413793951273
         vertex -46.0738092660904 0 19.4217395037413
         vertex -43.1034490466118 0 18.9655181020498
      endloop
   endfacet
   facet normal 0 -1 0
      outer loop
         vertex -43.1034490466118 0 18.9655181020498
         vertex -46.0738092660904 0 19.4217395037413
         vertex -46.5517230331898 0 15.5172413215041
      endloop
   endfacet
   facet normal 0 -1 0
      outer loop
         vertex -43.1034490466118 0 18.9655181020498
         vertex -46.5517230331898 0 15.5172413215041
         vertex -43.1034490466118 0 15.5172413215041
      endloop
   endfacet
   facet normal 0 -1 0
      outer loop
         vertex -43.1034490466118 0 15.5172413215041
         vertex -46.5517230331898 0 15.5172413215041
         vertex -46.5517230331898 0 12.068965472281
      endloop
   endfacet
   facet normal 0 -1 0
      outer loop
         vertex -43.1034490466118 0 15.5172413215041
         vertex -46.5517230331898 0 12.068965472281
         vertex -43.1034490466118 0 12.068965472281
      endloop
   endfacet
   facet normal 0 -1 0
      outer loop
         vertex -43.1034490466118 0 12.068965472281
         vertex -46.5517230331898 0 12.068965472281
         vertex -46.5517230331898 0 8.62068962305784
      endloop
   endfacet
   facet normal 0 -1 0
      outer loop
         vertex -43.1034490466118 0 12.068965472281
         vertex -46.5517230331898 0 8.62068962305784
         vertex -43.1034490466118 0 8.62068962305784
      endloop
   endfacet
   facet normal 0 -1 0
      outer loop
         vertex -43.1034490466118 0 8.62068962305784
         vertex -46.5517230331898 0 8.62068962305784
         vertex -46.5517230331898 0 5.17241377383471
      endloop
   endfacet
   facet normal 0 -1 0
      outer loop
         vertex -43.1034490466118 0 8.62068962305784
         vertex -46.5517230331898 0 5.17241377383471
         vertex -43.1034490466118 0 5.17241377383471
      endloop
   endfacet
   facet normal 0 -1 0
      outer loop
         vertex -43.1034490466118 0 5.17241377383471
         vertex -46.5517230331898 0 5.17241377383471
         vertex -46.5517230331898 0 1.72413792461157
      endloop
   endfacet
   facet normal 0 -1 0
      outer loop
         vertex -43.1034490466118 0 5.17241377383471
         vertex -46.5517230331898 0 1.72413792461157
         vertex -43.1034490466118 0 1.72413792461157
      endloop
   endfacet
   facet normal 0 -1 0
      outer loop
         vertex -43.1034490466118 0 1.72413792461157
         vertex -46.5517230331898 0 1.72413792461157
         vertex -46.5517230331898 0 -1.72413792461157
      endloop
   endfacet
   facet normal 0 -1 0
      outer loop
         vertex -43.1034490466118 0 1.72413792461157
         vertex -46.5517230331898 0 -1.72413792461157
         vertex -43.1034490466118 0 -1.72413792461157
      endloop
   endfacet
   facet normal 0 -1 0
      outer loop
         vertex -43.1034490466118 0 -1.72413792461157
         vertex -46.5517230331898 0 -1.72413792461157
         vertex -46.5517230331898 0 -5.17241377383471
      endloop
   endfacet
   facet normal 0 -1 0
      outer loop
         vertex -43.1034490466118 0 -1.72413792461157
         vertex -46.5517230331898 0 -5.17241377383471
         vertex -43.1034490466118 0 -5.17241377383471
      endloop
   endfacet
   facet normal 0 -1 0
      outer loop
         vertex -43.1034490466118 0 -5.17241377383471
         vertex -46.5517230331898 0 -5.17241377383471
         vertex -46.5517230331898 0 -8.62068962305784
      endloop
   endfacet
   facet normal 0 -1 0
      outer loop
         vertex -43.1034490466118 0 -5.17241377383471
         vertex -46.5517230331898 0 -8.62068962305784
         vertex -43.1034490466118 0 -8.62068962305784
      endloop
   endfacet
   facet normal 0 -1 0
      outer loop
         vertex -43.1034490466118 0 -8.62068962305784
         vertex -46.5517230331898 0 -8.62068962305784
         vertex -46.5517230331898 0 -12.068965472281
      endloop
   endfacet
   facet normal 0 -1 0
      outer loop
         vertex -43.1034490466118 0 -8.62068962305784
         vertex -46.5517230331898 0 -12.068965472281
         vertex -43.1034490466118 0 -12.068965472281
      endloop
   endfacet
   facet normal 0 -1 0
      outer loop
         vertex -43.1034490466118 0 -12.068965472281
         vertex -46.5517230331898 0 -12.068965472281
         vertex -46.5517230331898 0 -15.5172413215041
      endloop
   endfacet
   facet normal 0 -1 0
      outer loop
         vertex -18.2670503854752 0 -46.543687582016
         vertex -18.9655181020498 0 -43.1034490466118
         vertex -22.8105336427689 0 -44.4935895502567
      endloop
   endfacet
   facet normal 0 -1 0
      outer loop
         vertex -22.8105336427689 0 -44.4935895502567
         vertex -18.9655181020498 0 -43.1034490466118
         vertex -22.413793951273 0 -43.1034490466118
      endloop
   endfacet
   facet normal 0 -1 0
      outer loop
         vertex -22.8105336427689 0 -44.4935895502567
         vertex -22.413793951273 0 -43.1034490466118
         vertex -27.1273124963045 0 -42.0012958347797
      endloop
   endfacet
   facet normal 0 -1 0
      outer loop
         vertex -27.1273124963045 0 -42.0012958347797
         vertex -22.413793951273 0 -43.1034490466118
         vertex -25.8620698004961 0 -39.6551713347435
      endloop
   endfacet
   facet normal 0 -1 0
      outer loop
         vertex 1.72413792461157 0 32.7586196362972
         vertex 5.17241377383471 0 36.2068973481655
         vertex 1.72413792461157 0 36.2068973481655
      endloop
   endfacet
   facet normal 0 -1 0
      outer loop
         vertex 1.72413792461157 0 36.2068973481655
         vertex 5.17241377383471 0 36.2068973481655
         vertex 5.17241377383471 0 39.6551713347435
      endloop
   endfacet
   facet normal 0 -1 0
      outer loop
         vertex 1.72413792461157 0 36.2068973481655
         vertex 5.17241377383471 0 39.6551713347435
         vertex 1.72413792461157 0 39.6551713347435
      endloop
   endfacet
   facet normal 0 -1 0
      outer loop
         vertex 1.72413792461157 0 39.6551713347435
         vertex 5.17241377383471 0 39.6551713347435
         vertex 5.17241377383471 0 43.1034490466118
      endloop
   endfacet
   facet normal 0 -1 0
      outer loop
         vertex 1.72413792461157 0 39.6551713347435
         vertex 5.17241377383471 0 43.1034490466118
         vertex 1.72413792461157 0 43.1034490466118
      endloop
   endfacet
   facet normal 0 -1 0
      outer loop
         vertex 1.72413792461157 0 43.1034490466118
         vertex 5.17241377383471 0 43.1034490466118
         vertex 5.17241377383471 0 46.5517230331898
      endloop
   endfacet
   facet normal 0 -1 0
      outer loop
         vertex 1.72413792461157 0 43.1034490466118
         vertex 5.17241377383471 0 46.5517230331898
         vertex 1.72413792461157 0 46.5517230331898
      endloop
   endfacet
   facet normal 0 -1 0
      outer loop
         vertex 1.72413792461157 0 46.5517230331898
         vertex 5.17241377383471 0 46.5517230331898
         vertex 1.2465346371755 0 49.9844588339329
      endloop
   endfacet
   facet normal 0 -1 0
      outer loop
         vertex 1.72413792461157 0 46.5517230331898
         vertex 1.2465346371755 0 49.9844588339329
         vertex -1.72413792461157 0 46.5517230331898
      endloop
   endfacet
   facet normal 0 -1 0
      outer loop
         vertex -1.72413792461157 0 46.5517230331898
         vertex 1.2465346371755 0 49.9844588339329
         vertex -3.7365045864135 0 49.8601906001568
      endloop
   endfacet
   facet normal 0 -1 0
      outer loop
         vertex -1.72413792461157 0 46.5517230331898
         vertex -3.7365045864135 0 49.8601906001568
         vertex -5.17241377383471 0 46.5517230331898
      endloop
   endfacet
   facet normal 0 -1 0
      outer loop
         vertex -5.17241377383471 0 46.5517230331898
         vertex -3.7365045864135 0 49.8601906001568
         vertex -8.68240930140018 0 49.2403879761696
      endloop
   endfacet
   facet normal 0 -1 0
      outer loop
         vertex -5.17241377383471 0 46.5517230331898
         vertex -8.68240930140018 0 49.2403879761696
         vertex -8.62068962305784 0 46.5517230331898
      endloop
   endfacet
   facet normal 0 -1 0
      outer loop
         vertex -8.62068962305784 0 46.5517230331898
         vertex -8.68240930140018 0 49.2403879761696
         vertex -12.068965472281 0 46.5517230331898
      endloop
   endfacet
   facet normal 0 -1 0
      outer loop
         vertex -8.62068962305784 0 46.5517230331898
         vertex -12.068965472281 0 46.5517230331898
         vertex -12.068965472281 0 43.1034490466118
      endloop
   endfacet
   facet normal 0 -1 0
      outer loop
         vertex -12.068965472281 0 43.1034490466118
         vertex -12.068965472281 0 46.5517230331898
         vertex -15.5172413215041 0 43.1034490466118
      endloop
   endfacet
   facet normal 0 -1 0
      outer loop
         vertex -12.068965472281 0 43.1034490466118
         vertex -15.5172413215041 0 43.1034490466118
         vertex -15.5172413215041 0 39.6551713347435
      endloop
   endfacet
   facet normal 0 -1 0
      outer loop
         vertex -15.5172413215041 0 39.6551713347435
         vertex -15.5172413215041 0 43.1034490466118
         vertex -18.9655181020498 0 39.6551713347435
      endloop
   endfacet
   facet normal 0 -1 0
      outer loop
         vertex -15.5172413215041 0 39.6551713347435
         vertex -18.9655181020498 0 39.6551713347435
         vertex -18.9655181020498 0 36.2068973481655
      endloop
   endfacet
   facet normal 0 -1 0
      outer loop
         vertex -18.9655181020498 0 36.2068973481655
         vertex -18.9655181020498 0 39.6551713347435
         vertex -22.413793951273 0 36.2068973481655
      endloop
   endfacet
   facet normal 0 -1 0
      outer loop
         vertex -18.9655181020498 0 36.2068973481655
         vertex -22.413793951273 0 36.2068973481655
         vertex -22.413793951273 0 32.7586196362972
      endloop
   endfacet
   facet normal 0 -1 0
      outer loop
         vertex -22.413793951273 0 32.7586196362972
         vertex -22.413793951273 0 36.2068973481655
         vertex -25.8620698004961 0 32.7586196362972
      endloop
   endfacet
   facet normal 0 -1 0
      outer loop
         vertex -22.413793951273 0 32.7586196362972
         vertex -25.8620698004961 0 32.7586196362972
         vertex -25.8620698004961 0 29.3103456497192
      endloop
   endfacet
   facet normal 0 -1 0
      outer loop
         vertex -25.8620698004961 0 29.3103456497192
         vertex -25.8620698004961 0 32.7586196362972
         vertex -29.3103456497192 0 29.3103456497192
      endloop
   endfacet
   facet normal 0 -1 0
      outer loop
         vertex -25.8620698004961 0 29.3103456497192
         vertex -29.3103456497192 0 29.3103456497192
         vertex -29.3103456497192 0 25.8620698004961
      endloop
   endfacet
   facet normal 0 -1 0
      outer loop
         vertex -29.3103456497192 0 25.8620698004961
         vertex -29.3103456497192 0 29.3103456497192
         vertex -32.7586196362972 0 25.8620698004961
      endloop
   endfacet
   facet normal 0 -1 0
      outer loop
         vertex -29.3103456497192 0 25.8620698004961
         vertex -32.7586196362972 0 25.8620698004961
         vertex -32.7586196362972 0 22.413793951273
      endloop
   endfacet
   facet normal 0 -1 0
      outer loop
         vertex -32.7586196362972 0 22.413793951273
         vertex -32.7586196362972 0 25.8620698004961
         vertex -36.2068973481655 0 22.413793951273
      endloop
   endfacet
   facet normal 0 -1 0
      outer loop
         vertex -32.7586196362972 0 22.413793951273
         vertex -36.2068973481655 0 22.413793951273
         vertex -36.2068973481655 0 18.9655181020498
      endloop
   endfacet
   facet normal 0 -1 0
      outer loop
         vertex -36.2068973481655 0 18.9655181020498
         vertex -36.2068973481655 0 22.413793951273
         vertex -39.6551713347435 0 18.9655181020498
      endloop
   endfacet
   facet normal 0 -1 0
      outer loop
         vertex -36.2068973481655 0 18.9655181020498
         vertex -39.6551713347435 0 18.9655181020498
         vertex -39.6551713347435 0 15.5172413215041
      endloop
   endfacet
   facet normal 0 -1 0
      outer loop
         vertex -39.6551713347435 0 15.5172413215041
         vertex -39.6551713347435 0 18.9655181020498
         vertex -43.1034490466118 0 15.5172413215041
      endloop
   endfacet
   facet normal 0 -1 0
      outer loop
         vertex -39.6551713347435 0 15.5172413215041
         vertex -43.1034490466118 0 15.5172413215041
         vertex -43.1034490466118 0 12.068965472281
      endloop
   endfacet
   facet normal 0 -1 0
      outer loop
         vertex -8.68240930140018 0 -49.2403879761696
         vertex -3.7365045864135 0 -49.8601906001568
         vertex -5.17241377383471 0 -46.5517230331898
      endloop
   endfacet
   facet normal 0 -1 0
      outer loop
         vertex -5.17241377383471 0 -46.5517230331898
         vertex -3.7365045864135 0 -49.8601906001568
         vertex -1.72413792461157 0 -46.5517230331898
      endloop
   endfacet
   facet normal 0 -1 0
      outer loop
         vertex -5.17241377383471 0 -46.5517230331898
         vertex -1.72413792461157 0 -46.5517230331898
         vertex -1.72413792461157 0 -43.1034490466118
      endloop
   endfacet
   facet normal 0 -1 0
      outer loop
         vertex -1.72413792461157 0 -43.1034490466118
         vertex -1.72413792461157 0 -46.5517230331898
         vertex 1.72413792461157 0 -43.1034490466118
      endloop
   endfacet
   facet normal 0 -1 0
      outer loop
         vertex -1.72413792461157 0 -43.1034490466118
         vertex 1.72413792461157 0 -43.1034490466118
         vertex 1.72413792461157 0 -39.6551713347435
      endloop
   endfacet
   facet normal 0 -1 0
      outer loop
         vertex 1.72413792461157 0 -39.6551713347435
         vertex 1.72413792461157 0 -43.1034490466118
         vertex 5.17241377383471 0 -39.6551713347435
      endloop
   endfacet
   facet normal 0 -1 0
      outer loop
         vertex -3.7365045864135 0 -49.8601906001568
         vertex 1.2465346371755 0 -49.9844588339329
         vertex -1.72413792461157 0 -46.5517230331898
      endloop
   endfacet
   facet normal 0 -1 0
      outer loop
         vertex -1.72413792461157 0 -46.5517230331898
         vertex 1.2465346371755 0 -49.9844588339329
         vertex 1.72413792461157 0 -46.5517230331898
      endloop
   endfacet
   facet normal 0 -1 0
      outer loop
         vertex -1.72413792461157 0 -46.5517230331898
         vertex 1.72413792461157 0 -46.5517230331898
         vertex 1.72413792461157 0 -43.1034490466118
      endloop
   endfacet
   facet normal 0 -1 0
      outer loop
         vertex 1.72413792461157 0 -43.1034490466118
         vertex 1.72413792461157 0 -46.5517230331898
         vertex 5.17241377383471 0 -43.1034490466118
      endloop
   endfacet
   facet normal 0 -1 0
      outer loop
         vertex 1.72413792461157 0 -43.1034490466118
         vertex 5.17241377383471 0 -43.1034490466118
         vertex 5.17241377383471 0 -39.6551713347435
      endloop
   endfacet
   facet normal 0 -1 0
      outer loop
         vertex 5.17241377383471 0 -39.6551713347435
         vertex 5.17241377383471 0 -43.1034490466118
         vertex 8.62068962305784 0 -39.6551713347435
      endloop
   endfacet
   facet normal 0 -1 0
      outer loop
         vertex 1.2465346371755 0 -49.9844588339329
         vertex 6.21718540787697 0 -49.6119596064091
         vertex 5.17241377383471 0 -46.5517230331898
      endloop
   endfacet
   facet normal 0 -1 0
      outer loop
         vertex 5.17241377383471 0 -46.5517230331898
         vertex 6.21718540787697 0 -49.6119596064091
         vertex 8.62068962305784 0 -46.5517230331898
      endloop
   endfacet
   facet normal 0 -1 0
      outer loop
         vertex 5.17241377383471 0 -46.5517230331898
         vertex 8.62068962305784 0 -46.5517230331898
         vertex 8.62068962305784 0 -43.1034490466118
      endloop
   endfacet
   facet normal 0 -1 0
      outer loop
         vertex 8.62068962305784 0 -43.1034490466118
         vertex 8.62068962305784 0 -46.5517230331898
         vertex 12.068965472281 0 -43.1034490466118
      endloop
   endfacet
   facet normal 0 -1 0
      outer loop
         vertex 8.62068962305784 0 -43.1034490466118
         vertex 12.068965472281 0 -43.1034490466118
         vertex 12.068965472281 0 -39.6551713347435
      endloop
   endfacet
   facet normal 0 -1 0
      outer loop
         vertex 12.068965472281 0 -39.6551713347435
         vertex 12.068965472281 0 -43.1034490466118
         vertex 15.5172413215041 0 -39.6551713347435
      endloop
   endfacet
   facet normal 0 -1 0
      outer loop
         vertex 11.126047000289 0 48.746395856142
         vertex 6.21718540787697 0 49.6119596064091
         vertex 8.62068962305784 0 46.5517230331898
      endloop
   endfacet
   facet normal 0 -1 0
      outer loop
         vertex 8.62068962305784 0 46.5517230331898
         vertex 6.21718540787697 0 49.6119596064091
         vertex 5.17241377383471 0 46.5517230331898
      endloop
   endfacet
   facet normal 0 -1 0
      outer loop
         vertex 8.62068962305784 0 46.5517230331898
         vertex 5.17241377383471 0 46.5517230331898
         vertex 5.17241377383471 0 43.1034490466118
      endloop
   endfacet
   facet normal 0 -1 0
      outer loop
         vertex 6.21718540787697 0 -49.6119596064091
         vertex 11.126047000289 0 -48.746395856142
         vertex 8.62068962305784 0 -46.5517230331898
      endloop
   endfacet
   facet normal 0 -1 0
      outer loop
         vertex 8.62068962305784 0 -46.5517230331898
         vertex 11.126047000289 0 -48.746395856142
         vertex 12.068965472281 0 -46.5517230331898
      endloop
   endfacet
   facet normal 0 -1 0
      outer loop
         vertex 8.62068962305784 0 -46.5517230331898
         vertex 12.068965472281 0 -46.5517230331898
         vertex 12.068965472281 0 -43.1034490466118
      endloop
   endfacet
   facet normal 0 -1 0
      outer loop
         vertex 12.068965472281 0 -43.1034490466118
         vertex 12.068965472281 0 -46.5517230331898
         vertex 15.5172413215041 0 -43.1034490466118
      endloop
   endfacet
   facet normal 0 -1 0
      outer loop
         vertex 12.068965472281 0 -43.1034490466118
         vertex 15.5172413215041 0 -43.1034490466118
         vertex 15.5172413215041 0 -39.6551713347435
      endloop
   endfacet
   facet normal 0 -1 0
      outer loop
         vertex 15.5172413215041 0 -39.6551713347435
         vertex 15.5172413215041 0 -43.1034490466118
         vertex 18.9655181020498 0 -39.6551713347435
      endloop
   endfacet
   facet normal 0 -1 0
      outer loop
         vertex 15.9243326634169 0 47.3963655531406
         vertex 11.126047000289 0 48.746395856142
         vertex 12.068965472281 0 46.5517230331898
      endloop
   endfacet
   facet normal 0 -1 0
      outer loop
         vertex 12.068965472281 0 46.5517230331898
         vertex 11.126047000289 0 48.746395856142
         vertex 8.62068962305784 0 46.5517230331898
      endloop
   endfacet
   facet normal 0 -1 0
      outer loop
         vertex 12.068965472281 0 46.5517230331898
         vertex 8.62068962305784 0 46.5517230331898
         vertex 8.62068962305784 0 43.1034490466118
      endloop
   endfacet
   facet normal 0 -1 0
      outer loop
         vertex 8.62068962305784 0 43.1034490466118
         vertex 8.62068962305784 0 46.5517230331898
         vertex 5.17241377383471 0 43.1034490466118
      endloop
   endfacet
   facet normal 0 -1 0
      outer loop
         vertex 8.62068962305784 0 43.1034490466118
         vertex 5.17241377383471 0 43.1034490466118
         vertex 5.17241377383471 0 39.6551713347435
      endloop
   endfacet
   facet normal 0 -1 0
      outer loop
         vertex 12.068965472281 0 -46.5517230331898
         vertex 15.9243326634169 0 -47.3963655531406
         vertex 15.5172413215041 0 -46.5517230331898
      endloop
   endfacet
   facet normal 0 -1 0
      outer loop
         vertex 15.5172413215041 0 -46.5517230331898
         vertex 15.9243326634169 0 -47.3963655531406
         vertex 20.5643549561501 0 -45.5752909183502
      endloop
   endfacet
   facet normal 0 -1 0
      outer loop
         vertex 15.5172413215041 0 -46.5517230331898
         vertex 20.5643549561501 0 -45.5752909183502
         vertex 18.9655181020498 0 -43.1034490466118
      endloop
   endfacet
   facet normal 0 -1 0
      outer loop
         vertex 18.9655181020498 0 -43.1034490466118
         vertex 20.5643549561501 0 -45.5752909183502
         vertex 22.413793951273 0 -43.1034490466118
      endloop
   endfacet
   facet normal 0 -1 0
      outer loop
         vertex 18.9655181020498 0 -43.1034490466118
         vertex 22.413793951273 0 -43.1034490466118
         vertex 22.413793951273 0 -39.6551713347435
      endloop
   endfacet
   facet normal 0 -1 0
      outer loop
         vertex 22.413793951273 0 -39.6551713347435
         vertex 22.413793951273 0 -43.1034490466118
         vertex 25.000000372529 0 -43.3012694120407
      endloop
   endfacet
   facet normal 0 -1 0
      outer loop
         vertex 22.413793951273 0 -39.6551713347435
         vertex 25.000000372529 0 -43.3012694120407
         vertex 25.8620698004961 0 -39.6551713347435
      endloop
   endfacet
   facet normal 0 -1 0
      outer loop
         vertex 25.8620698004961 0 -39.6551713347435
         vertex 25.000000372529 0 -43.3012694120407
         vertex 29.1871838271618 0 -40.5968986451626
      endloop
   endfacet
   facet normal 0 -1 0
      outer loop
         vertex 25.8620698004961 0 -39.6551713347435
         vertex 29.1871838271618 0 -40.5968986451626
         vertex 29.3103456497192 0 -39.6551713347435
      endloop
   endfacet
   facet normal 0 -1 0
      outer loop
         vertex 20.5643549561501 0 -45.5752909183502
         vertex 25.000000372529 0 -43.3012694120407
         vertex 22.413793951273 0 -43.1034490466118
      endloop
   endfacet
   facet normal 0 -1 0
      outer loop
         vertex -49.0086227655411 0 -9.90730710327625
         vertex -47.7786399424076 0 -14.7377587854862
         vertex -46.5517230331898 0 -12.068965472281
      endloop
   endfacet
   facet normal 0 -1 0
      outer loop
         vertex -46.5517230331898 0 -12.068965472281
         vertex -47.7786399424076 0 -14.7377587854862
         vertex -46.5517230331898 0 -15.5172413215041
      endloop
   endfacet
   facet normal 0 -1 0
      outer loop
         vertex -49.7515387833118 0 -4.97839227318764
         vertex -49.0086227655411 0 -9.90730710327625
         vertex -46.5517230331898 0 -8.62068962305784
      endloop
   endfacet
   facet normal 0 -1 0
      outer loop
         vertex -46.5517230331898 0 -8.62068962305784
         vertex -49.0086227655411 0 -9.90730710327625
         vertex -46.5517230331898 0 -12.068965472281
      endloop
   endfacet
   facet normal 0 -1 0
      outer loop
         vertex -46.5517230331898 0 -8.62068962305784
         vertex -46.5517230331898 0 -5.17241377383471
         vertex -49.7515387833118 0 -4.97839227318764
      endloop
   endfacet
   facet normal 0 -1 0
      outer loop
         vertex -49.7515387833118 0 -4.97839227318764
         vertex -46.5517230331898 0 -5.17241377383471
         vertex -46.5517230331898 0 -1.72413792461157
      endloop
   endfacet
   facet normal 0 -1 0
      outer loop
         vertex -49.7515387833118 0 -4.97839227318764
         vertex -46.5517230331898 0 -1.72413792461157
         vertex -50.0000007450581 0 0
      endloop
   endfacet
   facet normal 0 -1 0
      outer loop
         vertex -50.0000007450581 0 0
         vertex -46.5517230331898 0 -1.72413792461157
         vertex -46.5517230331898 0 1.72413792461157
      endloop
   endfacet
   facet normal 0 -1 0
      outer loop
         vertex -50.0000007450581 0 0
         vertex -46.5517230331898 0 1.72413792461157
         vertex -49.7515387833118 0 4.97839227318764
      endloop
   endfacet
   facet normal 0 -1 0
      outer loop
         vertex -49.7515387833118 0 4.97839227318764
         vertex -46.5517230331898 0 1.72413792461157
         vertex -46.5517230331898 0 5.17241377383471
      endloop
   endfacet
   facet normal 0 -1 0
      outer loop
         vertex -49.7515387833118 0 4.97839227318764
         vertex -46.5517230331898 0 5.17241377383471
         vertex -46.5517230331898 0 8.62068962305784
      endloop
   endfacet
   facet normal 0 -1 0
      outer loop
         vertex -47.7786399424076 0 14.7377587854862
         vertex -49.0086227655411 0 9.90730710327625
         vertex -46.5517230331898 0 12.068965472281
      endloop
   endfacet
   facet normal 0 -1 0
      outer loop
         vertex -46.5517230331898 0 12.068965472281
         vertex -49.0086227655411 0 9.90730710327625
         vertex -46.5517230331898 0 8.62068962305784
      endloop
   endfacet
   facet normal 0 -1 0
      outer loop
         vertex -46.0738092660904 0 19.4217395037413
         vertex -47.7786399424076 0 14.7377587854862
         vertex -46.5517230331898 0 15.5172413215041
      endloop
   endfacet
   facet normal 0 -1 0
      outer loop
         vertex -46.5517230331898 0 15.5172413215041
         vertex -47.7786399424076 0 14.7377587854862
         vertex -46.5517230331898 0 12.068965472281
      endloop
   endfacet
   facet normal 0 -1 0
      outer loop
         vertex -49.0086227655411 0 9.90730710327625
         vertex -49.7515387833118 0 4.97839227318764
         vertex -46.5517230331898 0 8.62068962305784
      endloop
   endfacet
   facet normal 0 -1 0
      outer loop
         vertex -43.1034490466118 0 -18.9655181020498
         vertex -43.1034490466118 0 -22.413793951273
         vertex -39.6551713347435 0 -18.9655181020498
      endloop
   endfacet
   facet normal 0 -1 0
      outer loop
         vertex -39.6551713347435 0 -18.9655181020498
         vertex -43.1034490466118 0 -22.413793951273
         vertex -39.6551713347435 0 -22.413793951273
      endloop
   endfacet
   facet normal 0 -1 0
      outer loop
         vertex -39.6551713347435 0 -18.9655181020498
         vertex -39.6551713347435 0 -22.413793951273
         vertex -36.2068973481655 0 -18.9655181020498
      endloop
   endfacet
   facet normal 0 -1 0
      outer loop
         vertex -36.2068973481655 0 -18.9655181020498
         vertex -39.6551713347435 0 -22.413793951273
         vertex -36.2068973481655 0 -22.413793951273
      endloop
   endfacet
   facet normal 0 -1 0
      outer loop
         vertex -36.2068973481655 0 -18.9655181020498
         vertex -36.2068973481655 0 -22.413793951273
         vertex -32.7586196362972 0 -18.9655181020498
      endloop
   endfacet
   facet normal 0 -1 0
      outer loop
         vertex -32.7586196362972 0 -18.9655181020498
         vertex -36.2068973481655 0 -22.413793951273
         vertex -32.7586196362972 0 -22.413793951273
      endloop
   endfacet
   facet normal 0 -1 0
      outer loop
         vertex -32.7586196362972 0 -18.9655181020498
         vertex -32.7586196362972 0 -22.413793951273
         vertex -29.3103456497192 0 -18.9655181020498
      endloop
   endfacet
   facet normal 0 -1 0
      outer loop
         vertex -29.3103456497192 0 -18.9655181020498
         vertex -32.7586196362972 0 -22.413793951273
         vertex -29.3103456497192 0 -22.413793951273
      endloop
   endfacet
   facet normal 0 -1 0
      outer loop
         vertex -29.3103456497192 0 -18.9655181020498
         vertex -29.3103456497192 0 -22.413793951273
         vertex -25.8620698004961 0 -18.9655181020498
      endloop
   endfacet
   facet normal 0 -1 0
      outer loop
         vertex -25.8620698004961 0 -18.9655181020498
         vertex -29.3103456497192 0 -22.413793951273
         vertex -25.8620698004961 0 -22.413793951273
      endloop
   endfacet
   facet normal 0 -1 0
      outer loop
         vertex -25.8620698004961 0 -18.9655181020498
         vertex -25.8620698004961 0 -22.413793951273
         vertex -22.413793951273 0 -18.9655181020498
      endloop
   endfacet
   facet normal 0 -1 0
      outer loop
         vertex -22.413793951273 0 -18.9655181020498
         vertex -25.8620698004961 0 -22.413793951273
         vertex -22.413793951273 0 -22.413793951273
      endloop
   endfacet
   facet normal 0 -1 0
      outer loop
         vertex -22.413793951273 0 -18.9655181020498
         vertex -22.413793951273 0 -22.413793951273
         vertex -18.9655181020498 0 -18.9655181020498
      endloop
   endfacet
   facet normal 0 -1 0
      outer loop
         vertex -18.9655181020498 0 -18.9655181020498
         vertex -22.413793951273 0 -22.413793951273
         vertex -18.9655181020498 0 -22.413793951273
      endloop
   endfacet
   facet normal 0 -1 0
      outer loop
         vertex -18.9655181020498 0 -18.9655181020498
         vertex -18.9655181020498 0 -22.413793951273
         vertex -15.5172413215041 0 -18.9655181020498
      endloop
   endfacet
   facet normal 0 -1 0
      outer loop
         vertex -15.5172413215041 0 -18.9655181020498
         vertex -18.9655181020498 0 -22.413793951273
         vertex -15.5172413215041 0 -22.413793951273
      endloop
   endfacet
   facet normal 0 -1 0
      outer loop
         vertex -15.5172413215041 0 -18.9655181020498
         vertex -15.5172413215041 0 -22.413793951273
         vertex -12.068965472281 0 -18.9655181020498
      endloop
   endfacet
   facet normal 0 -1 0
      outer loop
         vertex -12.068965472281 0 -18.9655181020498
         vertex -15.5172413215041 0 -22.413793951273
         vertex -12.068965472281 0 -22.413793951273
      endloop
   endfacet
   facet normal 0 -1 0
      outer loop
         vertex -12.068965472281 0 -18.9655181020498
         vertex -12.068965472281 0 -22.413793951273
         vertex -8.62068962305784 0 -18.9655181020498
      endloop
   endfacet
   facet normal 0 -1 0
      outer loop
         vertex -8.62068962305784 0 -18.9655181020498
         vertex -12.068965472281 0 -22.413793951273
         vertex -8.62068962305784 0 -22.413793951273
      endloop
   endfacet
   facet normal 0 -1 0
      outer loop
         vertex -8.62068962305784 0 -18.9655181020498
         vertex -8.62068962305784 0 -22.413793951273
         vertex -5.17241377383471 0 -18.9655181020498
      endloop
   endfacet
   facet normal 0 -1 0
      outer loop
         vertex -5.17241377383471 0 -18.9655181020498
         vertex -8.62068962305784 0 -22.413793951273
         vertex -5.17241377383471 0 -22.413793951273
      endloop
   endfacet
   facet normal 0 -1 0
      outer loop
         vertex -5.17241377383471 0 -18.9655181020498
         vertex -5.17241377383471 0 -22.413793951273
         vertex -1.72413792461157 0 -18.9655181020498
      endloop
   endfacet
   facet normal 0 -1 0
      outer loop
         vertex -1.72413792461157 0 -18.9655181020498
         vertex -5.17241377383471 0 -22.413793951273
         vertex -1.72413792461157 0 -22.413793951273
      endloop
   endfacet
   facet normal 0 -1 0
      outer loop
         vertex -1.72413792461157 0 -18.9655181020498
         vertex -1.72413792461157 0 -22.413793951273
         vertex 1.72413792461157 0 -18.9655181020498
      endloop
   endfacet
   facet normal 0 -1 0
      outer loop
         vertex 1.72413792461157 0 -18.9655181020498
         vertex -1.72413792461157 0 -22.413793951273
         vertex 1.72413792461157 0 -22.413793951273
      endloop
   endfacet
   facet normal 0 -1 0
      outer loop
         vertex 1.72413792461157 0 -18.9655181020498
         vertex 1.72413792461157 0 -22.413793951273
         vertex 5.17241377383471 0 -18.9655181020498
      endloop
   endfacet
   facet normal 0 -1 0
      outer loop
         vertex 5.17241377383471 0 -18.9655181020498
         vertex 1.72413792461157 0 -22.413793951273
         vertex 5.17241377383471 0 -22.413793951273
      endloop
   endfacet
   facet normal 0 -1 0
      outer loop
         vertex 5.17241377383471 0 -18.9655181020498
         vertex 5.17241377383471 0 -22.413793951273
         vertex 8.62068962305784 0 -18.9655181020498
      endloop
   endfacet
   facet normal 0 -1 0
      outer loop
         vertex 8.62068962305784 0 -18.9655181020498
         vertex 5.17241377383471 0 -22.413793951273
         vertex 8.62068962305784 0 -22.413793951273
      endloop
   endfacet
   facet normal 0 -1 0
      outer loop
         vertex 8.62068962305784 0 -18.9655181020498
         vertex 8.62068962305784 0 -22.413793951273
         vertex 12.068965472281 0 -18.9655181020498
      endloop
   endfacet
   facet normal 0 -1 0
      outer loop
         vertex 12.068965472281 0 -18.9655181020498
         vertex 8.62068962305784 0 -22.413793951273
         vertex 12.068965472281 0 -22.413793951273
      endloop
   endfacet
   facet normal 0 -1 0
      outer loop
         vertex 12.068965472281 0 -18.9655181020498
         vertex 12.068965472281 0 -22.413793951273
         vertex 15.5172413215041 0 -18.9655181020498
      endloop
   endfacet
   facet normal 0 -1 0
      outer loop
         vertex 15.5172413215041 0 -18.9655181020498
         vertex 12.068965472281 0 -22.413793951273
         vertex 15.5172413215041 0 -22.413793951273
      endloop
   endfacet
   facet normal 0 -1 0
      outer loop
         vertex 15.5172413215041 0 -18.9655181020498
         vertex 15.5172413215041 0 -22.413793951273
         vertex 18.9655181020498 0 -18.9655181020498
      endloop
   endfacet
   facet normal 0 -1 0
      outer loop
         vertex 18.9655181020498 0 -18.9655181020498
         vertex 15.5172413215041 0 -22.413793951273
         vertex 18.9655181020498 0 -22.413793951273
      endloop
   endfacet
   facet normal 0 -1 0
      outer loop
         vertex 18.9655181020498 0 -18.9655181020498
         vertex 18.9655181020498 0 -22.413793951273
         vertex 22.413793951273 0 -18.9655181020498
      endloop
   endfacet
   facet normal 0 -1 0
      outer loop
         vertex 22.413793951273 0 -18.9655181020498
         vertex 18.9655181020498 0 -22.413793951273
         vertex 22.413793951273 0 -22.413793951273
      endloop
   endfacet
   facet normal 0 -1 0
      outer loop
         vertex -43.1034490466118 0 -15.5172413215041
         vertex -43.1034490466118 0 -18.9655181020498
         vertex -39.6551713347435 0 -15.5172413215041
      endloop
   endfacet
   facet normal 0 -1 0
      outer loop
         vertex -39.6551713347435 0 -15.5172413215041
         vertex -43.1034490466118 0 -18.9655181020498
         vertex -39.6551713347435 0 -18.9655181020498
      endloop
   endfacet
   facet normal 0 -1 0
      outer loop
         vertex -39.6551713347435 0 -15.5172413215041
         vertex -39.6551713347435 0 -18.9655181020498
         vertex -36.2068973481655 0 -15.5172413215041
      endloop
   endfacet
   facet normal 0 -1 0
      outer loop
         vertex -36.2068973481655 0 -15.5172413215041
         vertex -39.6551713347435 0 -18.9655181020498
         vertex -36.2068973481655 0 -18.9655181020498
      endloop
   endfacet
   facet normal 0 -1 0
      outer loop
         vertex -36.2068973481655 0 -15.5172413215041
         vertex -36.2068973481655 0 -18.9655181020498
         vertex -32.7586196362972 0 -15.5172413215041
      endloop
   endfacet
   facet normal 0 -1 0
      outer loop
         vertex -32.7586196362972 0 -15.5172413215041
         vertex -36.2068973481655 0 -18.9655181020498
         vertex -32.7586196362972 0 -18.9655181020498
      endloop
   endfacet
   facet normal 0 -1 0
      outer loop
         vertex -32.7586196362972 0 -15.5172413215041
         vertex -32.7586196362972 0 -18.9655181020498
         vertex -29.3103456497192 0 -15.5172413215041
      endloop
   endfacet
   facet normal 0 -1 0
      outer loop
         vertex -29.3103456497192 0 -15.5172413215041
         vertex -32.7586196362972 0 -18.9655181020498
         vertex -29.3103456497192 0 -18.9655181020498
      endloop
   endfacet
   facet normal 0 -1 0
      outer loop
         vertex -29.3103456497192 0 -15.5172413215041
         vertex -29.3103456497192 0 -18.9655181020498
         vertex -25.8620698004961 0 -15.5172413215041
      endloop
   endfacet
   facet normal 0 -1 0
      outer loop
         vertex -25.8620698004961 0 -15.5172413215041
         vertex -29.3103456497192 0 -18.9655181020498
         vertex -25.8620698004961 0 -18.9655181020498
      endloop
   endfacet
   facet normal 0 -1 0
      outer loop
         vertex -25.8620698004961 0 -15.5172413215041
         vertex -25.8620698004961 0 -18.9655181020498
         vertex -22.413793951273 0 -15.5172413215041
      endloop
   endfacet
   facet normal 0 -1 0
      outer loop
         vertex -22.413793951273 0 -15.5172413215041
         vertex -25.8620698004961 0 -18.9655181020498
         vertex -22.413793951273 0 -18.9655181020498
      endloop
   endfacet
   facet normal 0 -1 0
      outer loop
         vertex -22.413793951273 0 -15.5172413215041
         vertex -22.413793951273 0 -18.9655181020498
         vertex -18.9655181020498 0 -15.5172413215041
      endloop
   endfacet
   facet normal 0 -1 0
      outer loop
         vertex -18.9655181020498 0 -15.5172413215041
         vertex -22.413793951273 0 -18.9655181020498
         vertex -18.9655181020498 0 -18.9655181020498
      endloop
   endfacet
   facet normal 0 -1 0
      outer loop
         vertex -18.9655181020498 0 -15.5172413215041
         vertex -18.9655181020498 0 -18.9655181020498
         vertex -15.5172413215041 0 -15.5172413215041
      endloop
   endfacet
   facet normal 0 -1 0
      outer loop
         vertex -15.5172413215041 0 -15.5172413215041
         vertex -18.9655181020498 0 -18.9655181020498
         vertex -15.5172413215041 0 -18.9655181020498
      endloop
   endfacet
   facet normal 0 -1 0
      outer loop
         vertex -15.5172413215041 0 -15.5172413215041
         vertex -15.5172413215041 0 -18.9655181020498
         vertex -12.068965472281 0 -15.5172413215041
      endloop
   endfacet
   facet normal 0 -1 0
      outer loop
         vertex -12.068965472281 0 -15.5172413215041
         vertex -15.5172413215041 0 -18.9655181020498
         vertex -12.068965472281 0 -18.9655181020498
      endloop
   endfacet
   facet normal 0 -1 0
      outer loop
         vertex -12.068965472281 0 -15.5172413215041
         vertex -12.068965472281 0 -18.9655181020498
         vertex -8.62068962305784 0 -15.5172413215041
      endloop
   endfacet
   facet normal 0 -1 0
      outer loop
         vertex -8.62068962305784 0 -15.5172413215041
         vertex -12.068965472281 0 -18.9655181020498
         vertex -8.62068962305784 0 -18.9655181020498
      endloop
   endfacet
   facet normal 0 -1 0
      outer loop
         vertex -8.62068962305784 0 -15.5172413215041
         vertex -8.62068962305784 0 -18.9655181020498
         vertex -5.17241377383471 0 -15.5172413215041
      endloop
   endfacet
   facet normal 0 -1 0
      outer loop
         vertex -5.17241377383471 0 -15.5172413215041
         vertex -8.62068962305784 0 -18.9655181020498
         vertex -5.17241377383471 0 -18.9655181020498
      endloop
   endfacet
   facet normal 0 -1 0
      outer loop
         vertex -5.17241377383471 0 -15.5172413215041
         vertex -5.17241377383471 0 -18.9655181020498
         vertex -1.72413792461157 0 -15.5172413215041
      endloop
   endfacet
   facet normal 0 -1 0
      outer loop
         vertex -1.72413792461157 0 -15.5172413215041
         vertex -5.17241377383471 0 -18.9655181020498
         vertex -1.72413792461157 0 -18.9655181020498
      endloop
   endfacet
   facet normal 0 -1 0
      outer loop
         vertex -1.72413792461157 0 -15.5172413215041
         vertex -1.72413792461157 0 -18.9655181020498
         vertex 1.72413792461157 0 -15.5172413215041
      endloop
   endfacet
   facet normal 0 -1 0
      outer loop
         vertex 1.72413792461157 0 -15.5172413215041
         vertex -1.72413792461157 0 -18.9655181020498
         vertex 1.72413792461157 0 -18.9655181020498
      endloop
   endfacet
   facet normal 0 -1 0
      outer loop
         vertex 1.72413792461157 0 -15.5172413215041
         vertex 1.72413792461157 0 -18.9655181020498
         vertex 5.17241377383471 0 -15.5172413215041
      endloop
   endfacet
   facet normal 0 -1 0
      outer loop
         vertex 5.17241377383471 0 -15.5172413215041
         vertex 1.72413792461157 0 -18.9655181020498
         vertex 5.17241377383471 0 -18.9655181020498
      endloop
   endfacet
   facet normal 0 -1 0
      outer loop
         vertex 5.17241377383471 0 -15.5172413215041
         vertex 5.17241377383471 0 -18.9655181020498
         vertex 8.62068962305784 0 -15.5172413215041
      endloop
   endfacet
   facet normal 0 -1 0
      outer loop
         vertex 8.62068962305784 0 -15.5172413215041
         vertex 5.17241377383471 0 -18.9655181020498
         vertex 8.62068962305784 0 -18.9655181020498
      endloop
   endfacet
   facet normal 0 -1 0
      outer loop
         vertex 8.62068962305784 0 -15.5172413215041
         vertex 8.62068962305784 0 -18.9655181020498
         vertex 12.068965472281 0 -15.5172413215041
      endloop
   endfacet
   facet normal 0 -1 0
      outer loop
         vertex 12.068965472281 0 -15.5172413215041
         vertex 8.62068962305784 0 -18.9655181020498
         vertex 12.068965472281 0 -18.9655181020498
      endloop
   endfacet
   facet normal 0 -1 0
      outer loop
         vertex 12.068965472281 0 -15.5172413215041
         vertex 12.068965472281 0 -18.9655181020498
         vertex 15.5172413215041 0 -15.5172413215041
      endloop
   endfacet
   facet normal 0 -1 0
      outer loop
         vertex 15.5172413215041 0 -15.5172413215041
         vertex 12.068965472281 0 -18.9655181020498
         vertex 15.5172413215041 0 -18.9655181020498
      endloop
   endfacet
   facet normal 0 -1 0
      outer loop
         vertex 15.5172413215041 0 -15.5172413215041
         vertex 15.5172413215041 0 -18.9655181020498
         vertex 18.9655181020498 0 -15.5172413215041
      endloop
   endfacet
   facet normal 0 -1 0
      outer loop
         vertex 18.9655181020498 0 -15.5172413215041
         vertex 15.5172413215041 0 -18.9655181020498
         vertex 18.9655181020498 0 -18.9655181020498
      endloop
   endfacet
   facet normal 0 -1 0
      outer loop
         vertex 18.9655181020498 0 -15.5172413215041
         vertex 18.9655181020498 0 -18.9655181020498
         vertex 22.413793951273 0 -15.5172413215041
      endloop
   endfacet
   facet normal 0 -1 0
      outer loop
         vertex 22.413793951273 0 -15.5172413215041
         vertex 18.9655181020498 0 -18.9655181020498
         vertex 22.413793951273 0 -18.9655181020498
      endloop
   endfacet
   facet normal 0 -1 0
      outer loop
         vertex -43.1034490466118 0 -12.068965472281
         vertex -39.6551713347435 0 -8.62068962305784
         vertex -43.1034490466118 0 -8.62068962305784
      endloop
   endfacet
   facet normal 0 -1 0
      outer loop
         vertex -43.1034490466118 0 -8.62068962305784
         vertex -39.6551713347435 0 -8.62068962305784
         vertex -39.6551713347435 0 -5.17241377383471
      endloop
   endfacet
   facet normal 0 -1 0
      outer loop
         vertex -43.1034490466118 0 -8.62068962305784
         vertex -39.6551713347435 0 -5.17241377383471
         vertex -43.1034490466118 0 -5.17241377383471
      endloop
   endfacet
   facet normal 0 -1 0
      outer loop
         vertex -43.1034490466118 0 -5.17241377383471
         vertex -39.6551713347435 0 -5.17241377383471
         vertex -39.6551713347435 0 -1.72413792461157
      endloop
   endfacet
   facet normal 0 -1 0
      outer loop
         vertex -43.1034490466118 0 -5.17241377383471
         vertex -39.6551713347435 0 -1.72413792461157
         vertex -43.1034490466118 0 -1.72413792461157
      endloop
   endfacet
   facet normal 0 -1 0
      outer loop
         vertex -43.1034490466118 0 -1.72413792461157
         vertex -39.6551713347435 0 -1.72413792461157
         vertex -39.6551713347435 0 1.72413792461157
      endloop
   endfacet
   facet normal 0 -1 0
      outer loop
         vertex -43.1034490466118 0 -1.72413792461157
         vertex -39.6551713347435 0 1.72413792461157
         vertex -43.1034490466118 0 1.72413792461157
      endloop
   endfacet
   facet normal 0 -1 0
      outer loop
         vertex -43.1034490466118 0 1.72413792461157
         vertex -39.6551713347435 0 1.72413792461157
         vertex -39.6551713347435 0 5.17241377383471
      endloop
   endfacet
   facet normal 0 -1 0
      outer loop
         vertex -43.1034490466118 0 1.72413792461157
         vertex -39.6551713347435 0 5.17241377383471
         vertex -43.1034490466118 0 5.17241377383471
      endloop
   endfacet
   facet normal 0 -1 0
      outer loop
         vertex -43.1034490466118 0 5.17241377383471
         vertex -39.6551713347435 0 5.17241377383471
         vertex -39.6551713347435 0 8.62068962305784
      endloop
   endfacet
   facet normal 0 -1 0
      outer loop
         vertex -43.1034490466118 0 5.17241377383471
         vertex -39.6551713347435 0 8.62068962305784
         vertex -43.1034490466118 0 8.62068962305784
      endloop
   endfacet
   facet normal 0 -1 0
      outer loop
         vertex -43.1034490466118 0 8.62068962305784
         vertex -39.6551713347435 0 8.62068962305784
         vertex -39.6551713347435 0 12.068965472281
      endloop
   endfacet
   facet normal 0 -1 0
      outer loop
         vertex -43.1034490466118 0 8.62068962305784
         vertex -39.6551713347435 0 12.068965472281
         vertex -43.1034490466118 0 12.068965472281
      endloop
   endfacet
   facet normal 0 -1 0
      outer loop
         vertex -43.1034490466118 0 12.068965472281
         vertex -39.6551713347435 0 12.068965472281
         vertex -39.6551713347435 0 15.5172413215041
      endloop
   endfacet
   facet normal 0 -1 0
      outer loop
         vertex -43.1034490466118 0 15.5172413215041
         vertex -39.6551713347435 0 18.9655181020498
         vertex -43.1034490466118 0 18.9655181020498
      endloop
   endfacet
   facet normal 0 -1 0
      outer loop
         vertex -43.1034490466118 0 18.9655181020498
         vertex -39.6551713347435 0 18.9655181020498
         vertex -39.6551713347435 0 22.413793951273
      endloop
   endfacet
   facet normal 0 -1 0
      outer loop
         vertex -43.1034490466118 0 18.9655181020498
         vertex -39.6551713347435 0 22.413793951273
         vertex -43.1034490466118 0 22.413793951273
      endloop
   endfacet
   facet normal 0 -1 0
      outer loop
         vertex -43.1034490466118 0 22.413793951273
         vertex -39.6551713347435 0 22.413793951273
         vertex -39.6551713347435 0 25.8620698004961
      endloop
   endfacet
   facet normal 0 -1 0
      outer loop
         vertex -36.2068973481655 0 -22.413793951273
         vertex -39.6551713347435 0 -22.413793951273
         vertex -39.6551713347435 0 -25.8620698004961
      endloop
   endfacet
   facet normal 0 -1 0
      outer loop
         vertex -39.6551713347435 0 -25.8620698004961
         vertex -39.6551713347435 0 -22.413793951273
         vertex -43.1034490466118 0 -22.413793951273
      endloop
   endfacet
   facet normal 0 -1 0
      outer loop
         vertex -39.6551713347435 0 -25.8620698004961
         vertex -39.6551713347435 0 -29.3103456497192
         vertex -36.2068973481655 0 -25.8620698004961
      endloop
   endfacet
   facet normal 0 -1 0
      outer loop
         vertex -36.2068973481655 0 -25.8620698004961
         vertex -39.6551713347435 0 -29.3103456497192
         vertex -36.2068973481655 0 -29.3103456497192
      endloop
   endfacet
   facet normal 0 -1 0
      outer loop
         vertex -36.2068973481655 0 -25.8620698004961
         vertex -36.2068973481655 0 -29.3103456497192
         vertex -32.7586196362972 0 -25.8620698004961
      endloop
   endfacet
   facet normal 0 -1 0
      outer loop
         vertex -32.7586196362972 0 -25.8620698004961
         vertex -36.2068973481655 0 -29.3103456497192
         vertex -32.7586196362972 0 -29.3103456497192
      endloop
   endfacet
   facet normal 0 -1 0
      outer loop
         vertex -32.7586196362972 0 -25.8620698004961
         vertex -32.7586196362972 0 -29.3103456497192
         vertex -29.3103456497192 0 -25.8620698004961
      endloop
   endfacet
   facet normal 0 -1 0
      outer loop
         vertex -29.3103456497192 0 -25.8620698004961
         vertex -32.7586196362972 0 -29.3103456497192
         vertex -29.3103456497192 0 -29.3103456497192
      endloop
   endfacet
   facet normal 0 -1 0
      outer loop
         vertex -29.3103456497192 0 -25.8620698004961
         vertex -29.3103456497192 0 -29.3103456497192
         vertex -25.8620698004961 0 -25.8620698004961
      endloop
   endfacet
   facet normal 0 -1 0
      outer loop
         vertex -25.8620698004961 0 -25.8620698004961
         vertex -29.3103456497192 0 -29.3103456497192
         vertex -25.8620698004961 0 -29.3103456497192
      endloop
   endfacet
   facet normal 0 -1 0
      outer loop
         vertex -25.8620698004961 0 -25.8620698004961
         vertex -25.8620698004961 0 -29.3103456497192
         vertex -22.413793951273 0 -25.8620698004961
      endloop
   endfacet
   facet normal 0 -1 0
      outer loop
         vertex -22.413793951273 0 -25.8620698004961
         vertex -25.8620698004961 0 -29.3103456497192
         vertex -22.413793951273 0 -29.3103456497192
      endloop
   endfacet
   facet normal 0 -1 0
      outer loop
         vertex -22.413793951273 0 -25.8620698004961
         vertex -22.413793951273 0 -29.3103456497192
         vertex -18.9655181020498 0 -25.8620698004961
      endloop
   endfacet
   facet normal 0 -1 0
      outer loop
         vertex -18.9655181020498 0 -25.8620698004961
         vertex -22.413793951273 0 -29.3103456497192
         vertex -18.9655181020498 0 -29.3103456497192
      endloop
   endfacet
   facet normal 0 -1 0
      outer loop
         vertex -18.9655181020498 0 -25.8620698004961
         vertex -18.9655181020498 0 -29.3103456497192
         vertex -15.5172413215041 0 -25.8620698004961
      endloop
   endfacet
   facet normal 0 -1 0
      outer loop
         vertex -15.5172413215041 0 -25.8620698004961
         vertex -18.9655181020498 0 -29.3103456497192
         vertex -15.5172413215041 0 -29.3103456497192
      endloop
   endfacet
   facet normal 0 -1 0
      outer loop
         vertex -15.5172413215041 0 -25.8620698004961
         vertex -15.5172413215041 0 -29.3103456497192
         vertex -12.068965472281 0 -25.8620698004961
      endloop
   endfacet
   facet normal 0 -1 0
      outer loop
         vertex -12.068965472281 0 -25.8620698004961
         vertex -15.5172413215041 0 -29.3103456497192
         vertex -12.068965472281 0 -29.3103456497192
      endloop
   endfacet
   facet normal 0 -1 0
      outer loop
         vertex -12.068965472281 0 -25.8620698004961
         vertex -12.068965472281 0 -29.3103456497192
         vertex -8.62068962305784 0 -25.8620698004961
      endloop
   endfacet
   facet normal 0 -1 0
      outer loop
         vertex -8.62068962305784 0 -25.8620698004961
         vertex -12.068965472281 0 -29.3103456497192
         vertex -8.62068962305784 0 -29.3103456497192
      endloop
   endfacet
   facet normal 0 -1 0
      outer loop
         vertex -8.62068962305784 0 -25.8620698004961
         vertex -8.62068962305784 0 -29.3103456497192
         vertex -5.17241377383471 0 -25.8620698004961
      endloop
   endfacet
   facet normal 0 -1 0
      outer loop
         vertex -5.17241377383471 0 -25.8620698004961
         vertex -8.62068962305784 0 -29.3103456497192
         vertex -5.17241377383471 0 -29.3103456497192
      endloop
   endfacet
   facet normal 0 -1 0
      outer loop
         vertex -5.17241377383471 0 -25.8620698004961
         vertex -5.17241377383471 0 -29.3103456497192
         vertex -1.72413792461157 0 -25.8620698004961
      endloop
   endfacet
   facet normal 0 -1 0
      outer loop
         vertex -1.72413792461157 0 -25.8620698004961
         vertex -5.17241377383471 0 -29.3103456497192
         vertex -1.72413792461157 0 -29.3103456497192
      endloop
   endfacet
   facet normal 0 -1 0
      outer loop
         vertex -1.72413792461157 0 -25.8620698004961
         vertex -1.72413792461157 0 -29.3103456497192
         vertex 1.72413792461157 0 -25.8620698004961
      endloop
   endfacet
   facet normal 0 -1 0
      outer loop
         vertex 1.72413792461157 0 -25.8620698004961
         vertex -1.72413792461157 0 -29.3103456497192
         vertex 1.72413792461157 0 -29.3103456497192
      endloop
   endfacet
   facet normal 0 -1 0
      outer loop
         vertex 1.72413792461157 0 -25.8620698004961
         vertex 1.72413792461157 0 -29.3103456497192
         vertex 5.17241377383471 0 -25.8620698004961
      endloop
   endfacet
   facet normal 0 -1 0
      outer loop
         vertex 5.17241377383471 0 -25.8620698004961
         vertex 1.72413792461157 0 -29.3103456497192
         vertex 5.17241377383471 0 -29.3103456497192
      endloop
   endfacet
   facet normal 0 -1 0
      outer loop
         vertex 5.17241377383471 0 -25.8620698004961
         vertex 5.17241377383471 0 -29.3103456497192
         vertex 8.62068962305784 0 -25.8620698004961
      endloop
   endfacet
   facet normal 0 -1 0
      outer loop
         vertex 8.62068962305784 0 -25.8620698004961
         vertex 5.17241377383471 0 -29.3103456497192
         vertex 8.62068962305784 0 -29.3103456497192
      endloop
   endfacet
   facet normal 0 -1 0
      outer loop
         vertex 8.62068962305784 0 -25.8620698004961
         vertex 8.62068962305784 0 -29.3103456497192
         vertex 12.068965472281 0 -25.8620698004961
      endloop
   endfacet
   facet normal 0 -1 0
      outer loop
         vertex 12.068965472281 0 -25.8620698004961
         vertex 8.62068962305784 0 -29.3103456497192
         vertex 12.068965472281 0 -29.3103456497192
      endloop
   endfacet
   facet normal 0 -1 0
      outer loop
         vertex 12.068965472281 0 -25.8620698004961
         vertex 12.068965472281 0 -29.3103456497192
         vertex 15.5172413215041 0 -25.8620698004961
      endloop
   endfacet
   facet normal 0 -1 0
      outer loop
         vertex 15.5172413215041 0 -25.8620698004961
         vertex 12.068965472281 0 -29.3103456497192
         vertex 15.5172413215041 0 -29.3103456497192
      endloop
   endfacet
   facet normal 0 -1 0
      outer loop
         vertex 15.5172413215041 0 -25.8620698004961
         vertex 15.5172413215041 0 -29.3103456497192
         vertex 18.9655181020498 0 -25.8620698004961
      endloop
   endfacet
   facet normal 0 -1 0
      outer loop
         vertex 18.9655181020498 0 -25.8620698004961
         vertex 15.5172413215041 0 -29.3103456497192
         vertex 18.9655181020498 0 -29.3103456497192
      endloop
   endfacet
   facet normal 0 -1 0
      outer loop
         vertex 18.9655181020498 0 -25.8620698004961
         vertex 18.9655181020498 0 -29.3103456497192
         vertex 22.413793951273 0 -25.8620698004961
      endloop
   endfacet
   facet normal 0 -1 0
      outer loop
         vertex 22.413793951273 0 -25.8620698004961
         vertex 18.9655181020498 0 -29.3103456497192
         vertex 22.413793951273 0 -29.3103456497192
      endloop
   endfacet
   facet normal 0 -1 0
      outer loop
         vertex -43.1034490466118 0 -15.5172413215041
         vertex -39.6551713347435 0 -15.5172413215041
         vertex -39.6551713347435 0 -12.068965472281
      endloop
   endfacet
   facet normal 0 -1 0
      outer loop
         vertex -39.6551713347435 0 -12.068965472281
         vertex -39.6551713347435 0 -15.5172413215041
         vertex -36.2068973481655 0 -12.068965472281
      endloop
   endfacet
   facet normal 0 -1 0
      outer loop
         vertex -39.6551713347435 0 -12.068965472281
         vertex -36.2068973481655 0 -12.068965472281
         vertex -36.2068973481655 0 -8.62068962305784
      endloop
   endfacet
   facet normal 0 -1 0
      outer loop
         vertex -36.2068973481655 0 -8.62068962305784
         vertex -36.2068973481655 0 -12.068965472281
         vertex -32.7586196362972 0 -8.62068962305784
      endloop
   endfacet
   facet normal 0 -1 0
      outer loop
         vertex -36.2068973481655 0 -8.62068962305784
         vertex -32.7586196362972 0 -8.62068962305784
         vertex -32.7586196362972 0 -5.17241377383471
      endloop
   endfacet
   facet normal 0 -1 0
      outer loop
         vertex -32.7586196362972 0 -5.17241377383471
         vertex -32.7586196362972 0 -8.62068962305784
         vertex -29.3103456497192 0 -5.17241377383471
      endloop
   endfacet
   facet normal 0 -1 0
      outer loop
         vertex -32.7586196362972 0 -5.17241377383471
         vertex -29.3103456497192 0 -5.17241377383471
         vertex -29.3103456497192 0 -1.72413792461157
      endloop
   endfacet
   facet normal 0 -1 0
      outer loop
         vertex -29.3103456497192 0 -1.72413792461157
         vertex -29.3103456497192 0 -5.17241377383471
         vertex -25.8620698004961 0 -1.72413792461157
      endloop
   endfacet
   facet normal 0 -1 0
      outer loop
         vertex -29.3103456497192 0 -1.72413792461157
         vertex -25.8620698004961 0 -1.72413792461157
         vertex -25.8620698004961 0 1.72413792461157
      endloop
   endfacet
   facet normal 0 -1 0
      outer loop
         vertex -25.8620698004961 0 1.72413792461157
         vertex -25.8620698004961 0 -1.72413792461157
         vertex -22.413793951273 0 1.72413792461157
      endloop
   endfacet
   facet normal 0 -1 0
      outer loop
         vertex -25.8620698004961 0 1.72413792461157
         vertex -22.413793951273 0 1.72413792461157
         vertex -22.413793951273 0 5.17241377383471
      endloop
   endfacet
   facet normal 0 -1 0
      outer loop
         vertex -22.413793951273 0 5.17241377383471
         vertex -22.413793951273 0 1.72413792461157
         vertex -18.9655181020498 0 5.17241377383471
      endloop
   endfacet
   facet normal 0 -1 0
      outer loop
         vertex -22.413793951273 0 5.17241377383471
         vertex -18.9655181020498 0 5.17241377383471
         vertex -18.9655181020498 0 8.62068962305784
      endloop
   endfacet
   facet normal 0 -1 0
      outer loop
         vertex -18.9655181020498 0 8.62068962305784
         vertex -18.9655181020498 0 5.17241377383471
         vertex -15.5172413215041 0 8.62068962305784
      endloop
   endfacet
   facet normal 0 -1 0
      outer loop
         vertex -18.9655181020498 0 8.62068962305784
         vertex -15.5172413215041 0 8.62068962305784
         vertex -15.5172413215041 0 12.068965472281
      endloop
   endfacet
   facet normal 0 -1 0
      outer loop
         vertex -15.5172413215041 0 12.068965472281
         vertex -15.5172413215041 0 8.62068962305784
         vertex -12.068965472281 0 12.068965472281
      endloop
   endfacet
   facet normal 0 -1 0
      outer loop
         vertex -15.5172413215041 0 12.068965472281
         vertex -12.068965472281 0 12.068965472281
         vertex -12.068965472281 0 15.5172413215041
      endloop
   endfacet
   facet normal 0 -1 0
      outer loop
         vertex -12.068965472281 0 15.5172413215041
         vertex -12.068965472281 0 12.068965472281
         vertex -8.62068962305784 0 15.5172413215041
      endloop
   endfacet
   facet normal 0 -1 0
      outer loop
         vertex -12.068965472281 0 15.5172413215041
         vertex -8.62068962305784 0 15.5172413215041
         vertex -8.62068962305784 0 18.9655181020498
      endloop
   endfacet
   facet normal 0 -1 0
      outer loop
         vertex -8.62068962305784 0 18.9655181020498
         vertex -8.62068962305784 0 15.5172413215041
         vertex -5.17241377383471 0 18.9655181020498
      endloop
   endfacet
   facet normal 0 -1 0
      outer loop
         vertex -8.62068962305784 0 18.9655181020498
         vertex -5.17241377383471 0 18.9655181020498
         vertex -5.17241377383471 0 22.413793951273
      endloop
   endfacet
   facet normal 0 -1 0
      outer loop
         vertex -5.17241377383471 0 22.413793951273
         vertex -5.17241377383471 0 18.9655181020498
         vertex -1.72413792461157 0 22.413793951273
      endloop
   endfacet
   facet normal 0 -1 0
      outer loop
         vertex -5.17241377383471 0 22.413793951273
         vertex -1.72413792461157 0 22.413793951273
         vertex -1.72413792461157 0 25.8620698004961
      endloop
   endfacet
   facet normal 0 -1 0
      outer loop
         vertex -1.72413792461157 0 25.8620698004961
         vertex -1.72413792461157 0 22.413793951273
         vertex 1.72413792461157 0 25.8620698004961
      endloop
   endfacet
   facet normal 0 -1 0
      outer loop
         vertex -1.72413792461157 0 25.8620698004961
         vertex 1.72413792461157 0 25.8620698004961
         vertex 1.72413792461157 0 29.3103456497192
      endloop
   endfacet
   facet normal 0 -1 0
      outer loop
         vertex 1.72413792461157 0 29.3103456497192
         vertex 1.72413792461157 0 25.8620698004961
         vertex 5.17241377383471 0 29.3103456497192
      endloop
   endfacet
   facet normal 0 -1 0
      outer loop
         vertex 1.72413792461157 0 29.3103456497192
         vertex 5.17241377383471 0 29.3103456497192
         vertex 5.17241377383471 0 32.7586196362972
      endloop
   endfacet
   facet normal 0 -1 0
      outer loop
         vertex 5.17241377383471 0 32.7586196362972
         vertex 5.17241377383471 0 29.3103456497192
         vertex 8.62068962305784 0 32.7586196362972
      endloop
   endfacet
   facet normal 0 -1 0
      outer loop
         vertex 5.17241377383471 0 32.7586196362972
         vertex 8.62068962305784 0 32.7586196362972
         vertex 8.62068962305784 0 36.2068973481655
      endloop
   endfacet
   facet normal 0 -1 0
      outer loop
         vertex 8.62068962305784 0 36.2068973481655
         vertex 8.62068962305784 0 32.7586196362972
         vertex 12.068965472281 0 36.2068973481655
      endloop
   endfacet
   facet normal 0 -1 0
      outer loop
         vertex 8.62068962305784 0 36.2068973481655
         vertex 12.068965472281 0 36.2068973481655
         vertex 12.068965472281 0 39.6551713347435
      endloop
   endfacet
   facet normal 0 -1 0
      outer loop
         vertex 12.068965472281 0 39.6551713347435
         vertex 12.068965472281 0 36.2068973481655
         vertex 15.5172413215041 0 39.6551713347435
      endloop
   endfacet
   facet normal 0 -1 0
      outer loop
         vertex 12.068965472281 0 39.6551713347435
         vertex 15.5172413215041 0 39.6551713347435
         vertex 15.5172413215041 0 43.1034490466118
      endloop
   endfacet
   facet normal 0 -1 0
      outer loop
         vertex 15.5172413215041 0 43.1034490466118
         vertex 15.5172413215041 0 39.6551713347435
         vertex 18.9655181020498 0 43.1034490466118
      endloop
   endfacet
   facet normal 0 -1 0
      outer loop
         vertex -39.6551713347435 0 -8.62068962305784
         vertex -36.2068973481655 0 -5.17241377383471
         vertex -39.6551713347435 0 -5.17241377383471
      endloop
   endfacet
   facet normal 0 -1 0
      outer loop
         vertex -39.6551713347435 0 -5.17241377383471
         vertex -36.2068973481655 0 -5.17241377383471
         vertex -36.2068973481655 0 -1.72413792461157
      endloop
   endfacet
   facet normal 0 -1 0
      outer loop
         vertex -39.6551713347435 0 -5.17241377383471
         vertex -36.2068973481655 0 -1.72413792461157
         vertex -39.6551713347435 0 -1.72413792461157
      endloop
   endfacet
   facet normal 0 -1 0
      outer loop
         vertex -39.6551713347435 0 -1.72413792461157
         vertex -36.2068973481655 0 -1.72413792461157
         vertex -36.2068973481655 0 1.72413792461157
      endloop
   endfacet
   facet normal 0 -1 0
      outer loop
         vertex -39.6551713347435 0 -1.72413792461157
         vertex -36.2068973481655 0 1.72413792461157
         vertex -39.6551713347435 0 1.72413792461157
      endloop
   endfacet
   facet normal 0 -1 0
      outer loop
         vertex -39.6551713347435 0 1.72413792461157
         vertex -36.2068973481655 0 1.72413792461157
         vertex -36.2068973481655 0 5.17241377383471
      endloop
   endfacet
   facet normal 0 -1 0
      outer loop
         vertex -39.6551713347435 0 1.72413792461157
         vertex -36.2068973481655 0 5.17241377383471
         vertex -39.6551713347435 0 5.17241377383471
      endloop
   endfacet
   facet normal 0 -1 0
      outer loop
         vertex -39.6551713347435 0 5.17241377383471
         vertex -36.2068973481655 0 5.17241377383471
         vertex -36.2068973481655 0 8.62068962305784
      endloop
   endfacet
   facet normal 0 -1 0
      outer loop
         vertex -39.6551713347435 0 5.17241377383471
         vertex -36.2068973481655 0 8.62068962305784
         vertex -39.6551713347435 0 8.62068962305784
      endloop
   endfacet
   facet normal 0 -1 0
      outer loop
         vertex -39.6551713347435 0 8.62068962305784
         vertex -36.2068973481655 0 8.62068962305784
         vertex -36.2068973481655 0 12.068965472281
      endloop
   endfacet
   facet normal 0 -1 0
      outer loop
         vertex -39.6551713347435 0 8.62068962305784
         vertex -36.2068973481655 0 12.068965472281
         vertex -39.6551713347435 0 12.068965472281
      endloop
   endfacet
   facet normal 0 -1 0
      outer loop
         vertex -39.6551713347435 0 12.068965472281
         vertex -36.2068973481655 0 12.068965472281
         vertex -36.2068973481655 0 15.5172413215041
      endloop
   endfacet
   facet normal 0 -1 0
      outer loop
         vertex -39.6551713347435 0 12.068965472281
         vertex -36.2068973481655 0 15.5172413215041
         vertex -39.6551713347435 0 15.5172413215041
      endloop
   endfacet
   facet normal 0 -1 0
      outer loop
         vertex -39.6551713347435 0 15.5172413215041
         vertex -36.2068973481655 0 15.5172413215041
         vertex -36.2068973481655 0 18.9655181020498
      endloop
   endfacet
   facet normal 0 -1 0
      outer loop
         vertex -39.6551713347435 0 18.9655181020498
         vertex -36.2068973481655 0 22.413793951273
         vertex -39.6551713347435 0 22.413793951273
      endloop
   endfacet
   facet normal 0 -1 0
      outer loop
         vertex -39.6551713347435 0 22.413793951273
         vertex -36.2068973481655 0 22.413793951273
         vertex -36.2068973481655 0 25.8620698004961
      endloop
   endfacet
   facet normal 0 -1 0
      outer loop
         vertex -39.6551713347435 0 22.413793951273
         vertex -36.2068973481655 0 25.8620698004961
         vertex -39.6551713347435 0 25.8620698004961
      endloop
   endfacet
   facet normal 0 -1 0
      outer loop
         vertex -39.6551713347435 0 25.8620698004961
         vertex -36.2068973481655 0 25.8620698004961
         vertex -36.2068973481655 0 29.3103456497192
      endloop
   endfacet
   facet normal 0 -1 0
      outer loop
         vertex -39.6551713347435 0 25.8620698004961
         vertex -36.2068973481655 0 29.3103456497192
         vertex -39.6551713347435 0 29.3103456497192
      endloop
   endfacet
   facet normal 0 -1 0
      outer loop
         vertex -32.7586196362972 0 -22.413793951273
         vertex -36.2068973481655 0 -22.413793951273
         vertex -36.2068973481655 0 -25.8620698004961
      endloop
   endfacet
   facet normal 0 -1 0
      outer loop
         vertex -36.2068973481655 0 -25.8620698004961
         vertex -36.2068973481655 0 -22.413793951273
         vertex -39.6551713347435 0 -25.8620698004961
      endloop
   endfacet
   facet normal 0 -1 0
      outer loop
         vertex -39.6551713347435 0 -15.5172413215041
         vertex -36.2068973481655 0 -15.5172413215041
         vertex -36.2068973481655 0 -12.068965472281
      endloop
   endfacet
   facet normal 0 -1 0
      outer loop
         vertex -36.2068973481655 0 -12.068965472281
         vertex -36.2068973481655 0 -15.5172413215041
         vertex -32.7586196362972 0 -12.068965472281
      endloop
   endfacet
   facet normal 0 -1 0
      outer loop
         vertex -36.2068973481655 0 -12.068965472281
         vertex -32.7586196362972 0 -12.068965472281
         vertex -32.7586196362972 0 -8.62068962305784
      endloop
   endfacet
   facet normal 0 -1 0
      outer loop
         vertex -32.7586196362972 0 -8.62068962305784
         vertex -32.7586196362972 0 -12.068965472281
         vertex -29.3103456497192 0 -8.62068962305784
      endloop
   endfacet
   facet normal 0 -1 0
      outer loop
         vertex -32.7586196362972 0 -8.62068962305784
         vertex -29.3103456497192 0 -8.62068962305784
         vertex -29.3103456497192 0 -5.17241377383471
      endloop
   endfacet
   facet normal 0 -1 0
      outer loop
         vertex -29.3103456497192 0 -5.17241377383471
         vertex -29.3103456497192 0 -8.62068962305784
         vertex -25.8620698004961 0 -5.17241377383471
      endloop
   endfacet
   facet normal 0 -1 0
      outer loop
         vertex -29.3103456497192 0 -5.17241377383471
         vertex -25.8620698004961 0 -5.17241377383471
         vertex -25.8620698004961 0 -1.72413792461157
      endloop
   endfacet
   facet normal 0 -1 0
      outer loop
         vertex -25.8620698004961 0 -1.72413792461157
         vertex -25.8620698004961 0 -5.17241377383471
         vertex -22.413793951273 0 -1.72413792461157
      endloop
   endfacet
   facet normal 0 -1 0
      outer loop
         vertex -25.8620698004961 0 -1.72413792461157
         vertex -22.413793951273 0 -1.72413792461157
         vertex -22.413793951273 0 1.72413792461157
      endloop
   endfacet
   facet normal 0 -1 0
      outer loop
         vertex -22.413793951273 0 1.72413792461157
         vertex -22.413793951273 0 -1.72413792461157
         vertex -18.9655181020498 0 1.72413792461157
      endloop
   endfacet
   facet normal 0 -1 0
      outer loop
         vertex -22.413793951273 0 1.72413792461157
         vertex -18.9655181020498 0 1.72413792461157
         vertex -18.9655181020498 0 5.17241377383471
      endloop
   endfacet
   facet normal 0 -1 0
      outer loop
         vertex -18.9655181020498 0 5.17241377383471
         vertex -18.9655181020498 0 1.72413792461157
         vertex -15.5172413215041 0 5.17241377383471
      endloop
   endfacet
   facet normal 0 -1 0
      outer loop
         vertex -18.9655181020498 0 5.17241377383471
         vertex -15.5172413215041 0 5.17241377383471
         vertex -15.5172413215041 0 8.62068962305784
      endloop
   endfacet
   facet normal 0 -1 0
      outer loop
         vertex -15.5172413215041 0 8.62068962305784
         vertex -15.5172413215041 0 5.17241377383471
         vertex -12.068965472281 0 8.62068962305784
      endloop
   endfacet
   facet normal 0 -1 0
      outer loop
         vertex -15.5172413215041 0 8.62068962305784
         vertex -12.068965472281 0 8.62068962305784
         vertex -12.068965472281 0 12.068965472281
      endloop
   endfacet
   facet normal 0 -1 0
      outer loop
         vertex -12.068965472281 0 12.068965472281
         vertex -12.068965472281 0 8.62068962305784
         vertex -8.62068962305784 0 12.068965472281
      endloop
   endfacet
   facet normal 0 -1 0
      outer loop
         vertex -12.068965472281 0 12.068965472281
         vertex -8.62068962305784 0 12.068965472281
         vertex -8.62068962305784 0 15.5172413215041
      endloop
   endfacet
   facet normal 0 -1 0
      outer loop
         vertex -8.62068962305784 0 15.5172413215041
         vertex -8.62068962305784 0 12.068965472281
         vertex -5.17241377383471 0 15.5172413215041
      endloop
   endfacet
   facet normal 0 -1 0
      outer loop
         vertex -8.62068962305784 0 15.5172413215041
         vertex -5.17241377383471 0 15.5172413215041
         vertex -5.17241377383471 0 18.9655181020498
      endloop
   endfacet
   facet normal 0 -1 0
      outer loop
         vertex -5.17241377383471 0 18.9655181020498
         vertex -5.17241377383471 0 15.5172413215041
         vertex -1.72413792461157 0 18.9655181020498
      endloop
   endfacet
   facet normal 0 -1 0
      outer loop
         vertex -5.17241377383471 0 18.9655181020498
         vertex -1.72413792461157 0 18.9655181020498
         vertex -1.72413792461157 0 22.413793951273
      endloop
   endfacet
   facet normal 0 -1 0
      outer loop
         vertex -1.72413792461157 0 22.413793951273
         vertex -1.72413792461157 0 18.9655181020498
         vertex 1.72413792461157 0 22.413793951273
      endloop
   endfacet
   facet normal 0 -1 0
      outer loop
         vertex -1.72413792461157 0 22.413793951273
         vertex 1.72413792461157 0 22.413793951273
         vertex 1.72413792461157 0 25.8620698004961
      endloop
   endfacet
   facet normal 0 -1 0
      outer loop
         vertex 1.72413792461157 0 25.8620698004961
         vertex 1.72413792461157 0 22.413793951273
         vertex 5.17241377383471 0 25.8620698004961
      endloop
   endfacet
   facet normal 0 -1 0
      outer loop
         vertex 1.72413792461157 0 25.8620698004961
         vertex 5.17241377383471 0 25.8620698004961
         vertex 5.17241377383471 0 29.3103456497192
      endloop
   endfacet
   facet normal 0 -1 0
      outer loop
         vertex 5.17241377383471 0 29.3103456497192
         vertex 5.17241377383471 0 25.8620698004961
         vertex 8.62068962305784 0 29.3103456497192
      endloop
   endfacet
   facet normal 0 -1 0
      outer loop
         vertex 5.17241377383471 0 29.3103456497192
         vertex 8.62068962305784 0 29.3103456497192
         vertex 8.62068962305784 0 32.7586196362972
      endloop
   endfacet
   facet normal 0 -1 0
      outer loop
         vertex 8.62068962305784 0 32.7586196362972
         vertex 8.62068962305784 0 29.3103456497192
         vertex 12.068965472281 0 32.7586196362972
      endloop
   endfacet
   facet normal 0 -1 0
      outer loop
         vertex 8.62068962305784 0 32.7586196362972
         vertex 12.068965472281 0 32.7586196362972
         vertex 12.068965472281 0 36.2068973481655
      endloop
   endfacet
   facet normal 0 -1 0
      outer loop
         vertex 12.068965472281 0 36.2068973481655
         vertex 12.068965472281 0 32.7586196362972
         vertex 15.5172413215041 0 36.2068973481655
      endloop
   endfacet
   facet normal 0 -1 0
      outer loop
         vertex 12.068965472281 0 36.2068973481655
         vertex 15.5172413215041 0 36.2068973481655
         vertex 15.5172413215041 0 39.6551713347435
      endloop
   endfacet
   facet normal 0 -1 0
      outer loop
         vertex 15.5172413215041 0 39.6551713347435
         vertex 15.5172413215041 0 36.2068973481655
         vertex 18.9655181020498 0 39.6551713347435
      endloop
   endfacet
   facet normal 0 -1 0
      outer loop
         vertex 15.5172413215041 0 39.6551713347435
         vertex 18.9655181020498 0 39.6551713347435
         vertex 18.9655181020498 0 43.1034490466118
      endloop
   endfacet
   facet normal 0 -1 0
      outer loop
         vertex 18.9655181020498 0 43.1034490466118
         vertex 18.9655181020498 0 39.6551713347435
         vertex 22.413793951273 0 43.1034490466118
      endloop
   endfacet
   facet normal 0 -1 0
      outer loop
         vertex -36.2068973481655 0 -5.17241377383471
         vertex -32.7586196362972 0 -1.72413792461157
         vertex -36.2068973481655 0 -1.72413792461157
      endloop
   endfacet
   facet normal 0 -1 0
      outer loop
         vertex -36.2068973481655 0 -1.72413792461157
         vertex -32.7586196362972 0 -1.72413792461157
         vertex -32.7586196362972 0 1.72413792461157
      endloop
   endfacet
   facet normal 0 -1 0
      outer loop
         vertex -36.2068973481655 0 -1.72413792461157
         vertex -32.7586196362972 0 1.72413792461157
         vertex -36.2068973481655 0 1.72413792461157
      endloop
   endfacet
   facet normal 0 -1 0
      outer loop
         vertex -36.2068973481655 0 1.72413792461157
         vertex -32.7586196362972 0 1.72413792461157
         vertex -32.7586196362972 0 5.17241377383471
      endloop
   endfacet
   facet normal 0 -1 0
      outer loop
         vertex -36.2068973481655 0 1.72413792461157
         vertex -32.7586196362972 0 5.17241377383471
         vertex -36.2068973481655 0 5.17241377383471
      endloop
   endfacet
   facet normal 0 -1 0
      outer loop
         vertex -36.2068973481655 0 5.17241377383471
         vertex -32.7586196362972 0 5.17241377383471
         vertex -32.7586196362972 0 8.62068962305784
      endloop
   endfacet
   facet normal 0 -1 0
      outer loop
         vertex -36.2068973481655 0 5.17241377383471
         vertex -32.7586196362972 0 8.62068962305784
         vertex -36.2068973481655 0 8.62068962305784
      endloop
   endfacet
   facet normal 0 -1 0
      outer loop
         vertex -36.2068973481655 0 8.62068962305784
         vertex -32.7586196362972 0 8.62068962305784
         vertex -32.7586196362972 0 12.068965472281
      endloop
   endfacet
   facet normal 0 -1 0
      outer loop
         vertex -36.2068973481655 0 8.62068962305784
         vertex -32.7586196362972 0 12.068965472281
         vertex -36.2068973481655 0 12.068965472281
      endloop
   endfacet
   facet normal 0 -1 0
      outer loop
         vertex -36.2068973481655 0 12.068965472281
         vertex -32.7586196362972 0 12.068965472281
         vertex -32.7586196362972 0 15.5172413215041
      endloop
   endfacet
   facet normal 0 -1 0
      outer loop
         vertex -36.2068973481655 0 12.068965472281
         vertex -32.7586196362972 0 15.5172413215041
         vertex -36.2068973481655 0 15.5172413215041
      endloop
   endfacet
   facet normal 0 -1 0
      outer loop
         vertex -36.2068973481655 0 15.5172413215041
         vertex -32.7586196362972 0 15.5172413215041
         vertex -32.7586196362972 0 18.9655181020498
      endloop
   endfacet
   facet normal 0 -1 0
      outer loop
         vertex -36.2068973481655 0 15.5172413215041
         vertex -32.7586196362972 0 18.9655181020498
         vertex -36.2068973481655 0 18.9655181020498
      endloop
   endfacet
   facet normal 0 -1 0
      outer loop
         vertex -36.2068973481655 0 18.9655181020498
         vertex -32.7586196362972 0 18.9655181020498
         vertex -32.7586196362972 0 22.413793951273
      endloop
   endfacet
   facet normal 0 -1 0
      outer loop
         vertex -36.2068973481655 0 22.413793951273
         vertex -32.7586196362972 0 25.8620698004961
         vertex -36.2068973481655 0 25.8620698004961
      endloop
   endfacet
   facet normal 0 -1 0
      outer loop
         vertex -36.2068973481655 0 25.8620698004961
         vertex -32.7586196362972 0 25.8620698004961
         vertex -32.7586196362972 0 29.3103456497192
      endloop
   endfacet
   facet normal 0 -1 0
      outer loop
         vertex -36.2068973481655 0 25.8620698004961
         vertex -32.7586196362972 0 29.3103456497192
         vertex -36.2068973481655 0 29.3103456497192
      endloop
   endfacet
   facet normal 0 -1 0
      outer loop
         vertex -36.2068973481655 0 29.3103456497192
         vertex -32.7586196362972 0 29.3103456497192
         vertex -32.7586196362972 0 32.7586196362972
      endloop
   endfacet
   facet normal 0 -1 0
      outer loop
         vertex -34.9118411540985 0 35.7933416962624
         vertex -38.3022204041481 0 32.1393795311451
         vertex -36.2068973481655 0 32.7586196362972
      endloop
   endfacet
   facet normal 0 -1 0
      outer loop
         vertex -32.7586196362972 0 -32.7586196362972
         vertex -32.7586196362972 0 -36.2068973481655
         vertex -29.3103456497192 0 -32.7586196362972
      endloop
   endfacet
   facet normal 0 -1 0
      outer loop
         vertex -29.3103456497192 0 -32.7586196362972
         vertex -32.7586196362972 0 -36.2068973481655
         vertex -29.3103456497192 0 -36.2068973481655
      endloop
   endfacet
   facet normal 0 -1 0
      outer loop
         vertex -29.3103456497192 0 -32.7586196362972
         vertex -29.3103456497192 0 -36.2068973481655
         vertex -25.8620698004961 0 -32.7586196362972
      endloop
   endfacet
   facet normal 0 -1 0
      outer loop
         vertex -25.8620698004961 0 -32.7586196362972
         vertex -29.3103456497192 0 -36.2068973481655
         vertex -25.8620698004961 0 -36.2068973481655
      endloop
   endfacet
   facet normal 0 -1 0
      outer loop
         vertex -25.8620698004961 0 -32.7586196362972
         vertex -25.8620698004961 0 -36.2068973481655
         vertex -22.413793951273 0 -32.7586196362972
      endloop
   endfacet
   facet normal 0 -1 0
      outer loop
         vertex -22.413793951273 0 -32.7586196362972
         vertex -25.8620698004961 0 -36.2068973481655
         vertex -22.413793951273 0 -36.2068973481655
      endloop
   endfacet
   facet normal 0 -1 0
      outer loop
         vertex -22.413793951273 0 -32.7586196362972
         vertex -22.413793951273 0 -36.2068973481655
         vertex -18.9655181020498 0 -32.7586196362972
      endloop
   endfacet
   facet normal 0 -1 0
      outer loop
         vertex -18.9655181020498 0 -32.7586196362972
         vertex -22.413793951273 0 -36.2068973481655
         vertex -18.9655181020498 0 -36.2068973481655
      endloop
   endfacet
   facet normal 0 -1 0
      outer loop
         vertex -18.9655181020498 0 -32.7586196362972
         vertex -18.9655181020498 0 -36.2068973481655
         vertex -15.5172413215041 0 -32.7586196362972
      endloop
   endfacet
   facet normal 0 -1 0
      outer loop
         vertex -15.5172413215041 0 -32.7586196362972
         vertex -18.9655181020498 0 -36.2068973481655
         vertex -15.5172413215041 0 -36.2068973481655
      endloop
   endfacet
   facet normal 0 -1 0
      outer loop
         vertex -15.5172413215041 0 -32.7586196362972
         vertex -15.5172413215041 0 -36.2068973481655
         vertex -12.068965472281 0 -32.7586196362972
      endloop
   endfacet
   facet normal 0 -1 0
      outer loop
         vertex -12.068965472281 0 -32.7586196362972
         vertex -15.5172413215041 0 -36.2068973481655
         vertex -12.068965472281 0 -36.2068973481655
      endloop
   endfacet
   facet normal 0 -1 0
      outer loop
         vertex -12.068965472281 0 -32.7586196362972
         vertex -12.068965472281 0 -36.2068973481655
         vertex -8.62068962305784 0 -32.7586196362972
      endloop
   endfacet
   facet normal 0 -1 0
      outer loop
         vertex -8.62068962305784 0 -32.7586196362972
         vertex -12.068965472281 0 -36.2068973481655
         vertex -8.62068962305784 0 -36.2068973481655
      endloop
   endfacet
   facet normal 0 -1 0
      outer loop
         vertex -8.62068962305784 0 -32.7586196362972
         vertex -8.62068962305784 0 -36.2068973481655
         vertex -5.17241377383471 0 -32.7586196362972
      endloop
   endfacet
   facet normal 0 -1 0
      outer loop
         vertex -5.17241377383471 0 -32.7586196362972
         vertex -8.62068962305784 0 -36.2068973481655
         vertex -5.17241377383471 0 -36.2068973481655
      endloop
   endfacet
   facet normal 0 -1 0
      outer loop
         vertex -5.17241377383471 0 -32.7586196362972
         vertex -5.17241377383471 0 -36.2068973481655
         vertex -1.72413792461157 0 -32.7586196362972
      endloop
   endfacet
   facet normal 0 -1 0
      outer loop
         vertex -1.72413792461157 0 -32.7586196362972
         vertex -5.17241377383471 0 -36.2068973481655
         vertex -1.72413792461157 0 -36.2068973481655
      endloop
   endfacet
   facet normal 0 -1 0
      outer loop
         vertex -1.72413792461157 0 -32.7586196362972
         vertex -1.72413792461157 0 -36.2068973481655
         vertex 1.72413792461157 0 -32.7586196362972
      endloop
   endfacet
   facet normal 0 -1 0
      outer loop
         vertex 1.72413792461157 0 -32.7586196362972
         vertex -1.72413792461157 0 -36.2068973481655
         vertex 1.72413792461157 0 -36.2068973481655
      endloop
   endfacet
   facet normal 0 -1 0
      outer loop
         vertex 1.72413792461157 0 -32.7586196362972
         vertex 1.72413792461157 0 -36.2068973481655
         vertex 5.17241377383471 0 -32.7586196362972
      endloop
   endfacet
   facet normal 0 -1 0
      outer loop
         vertex 5.17241377383471 0 -32.7586196362972
         vertex 1.72413792461157 0 -36.2068973481655
         vertex 5.17241377383471 0 -36.2068973481655
      endloop
   endfacet
   facet normal 0 -1 0
      outer loop
         vertex 5.17241377383471 0 -32.7586196362972
         vertex 5.17241377383471 0 -36.2068973481655
         vertex 8.62068962305784 0 -32.7586196362972
      endloop
   endfacet
   facet normal 0 -1 0
      outer loop
         vertex 8.62068962305784 0 -32.7586196362972
         vertex 5.17241377383471 0 -36.2068973481655
         vertex 8.62068962305784 0 -36.2068973481655
      endloop
   endfacet
   facet normal 0 -1 0
      outer loop
         vertex 8.62068962305784 0 -32.7586196362972
         vertex 8.62068962305784 0 -36.2068973481655
         vertex 12.068965472281 0 -32.7586196362972
      endloop
   endfacet
   facet normal 0 -1 0
      outer loop
         vertex 12.068965472281 0 -32.7586196362972
         vertex 8.62068962305784 0 -36.2068973481655
         vertex 12.068965472281 0 -36.2068973481655
      endloop
   endfacet
   facet normal 0 -1 0
      outer loop
         vertex 12.068965472281 0 -32.7586196362972
         vertex 12.068965472281 0 -36.2068973481655
         vertex 15.5172413215041 0 -32.7586196362972
      endloop
   endfacet
   facet normal 0 -1 0
      outer loop
         vertex 15.5172413215041 0 -32.7586196362972
         vertex 12.068965472281 0 -36.2068973481655
         vertex 15.5172413215041 0 -36.2068973481655
      endloop
   endfacet
   facet normal 0 -1 0
      outer loop
         vertex 15.5172413215041 0 -32.7586196362972
         vertex 15.5172413215041 0 -36.2068973481655
         vertex 18.9655181020498 0 -32.7586196362972
      endloop
   endfacet
   facet normal 0 -1 0
      outer loop
         vertex 18.9655181020498 0 -32.7586196362972
         vertex 15.5172413215041 0 -36.2068973481655
         vertex 18.9655181020498 0 -36.2068973481655
      endloop
   endfacet
   facet normal 0 -1 0
      outer loop
         vertex 18.9655181020498 0 -32.7586196362972
         vertex 18.9655181020498 0 -36.2068973481655
         vertex 22.413793951273 0 -32.7586196362972
      endloop
   endfacet
   facet normal 0 -1 0
      outer loop
         vertex 22.413793951273 0 -32.7586196362972
         vertex 18.9655181020498 0 -36.2068973481655
         vertex 22.413793951273 0 -36.2068973481655
      endloop
   endfacet
   facet normal 0 -1 0
      outer loop
         vertex 22.413793951273 0 -32.7586196362972
         vertex 22.413793951273 0 -36.2068973481655
         vertex 25.8620698004961 0 -32.7586196362972
      endloop
   endfacet
   facet normal 0 -1 0
      outer loop
         vertex 25.8620698004961 0 -32.7586196362972
         vertex 22.413793951273 0 -36.2068973481655
         vertex 25.8620698004961 0 -36.2068973481655
      endloop
   endfacet
   facet normal 0 -1 0
      outer loop
         vertex 25.8620698004961 0 -32.7586196362972
         vertex 25.8620698004961 0 -36.2068973481655
         vertex 29.3103456497192 0 -32.7586196362972
      endloop
   endfacet
   facet normal 0 -1 0
      outer loop
         vertex 29.3103456497192 0 -32.7586196362972
         vertex 25.8620698004961 0 -36.2068973481655
         vertex 29.3103456497192 0 -36.2068973481655
      endloop
   endfacet
   facet normal 0 -1 0
      outer loop
         vertex 29.3103456497192 0 -32.7586196362972
         vertex 29.3103456497192 0 -36.2068973481655
         vertex 32.7586196362972 0 -32.7586196362972
      endloop
   endfacet
   facet normal 0 -1 0
      outer loop
         vertex 32.7586196362972 0 -32.7586196362972
         vertex 29.3103456497192 0 -36.2068973481655
         vertex 32.7586196362972 0 -36.2068973481655
      endloop
   endfacet
   facet normal 0 -1 0
      outer loop
         vertex 32.7586196362972 0 -32.7586196362972
         vertex 32.7586196362972 0 -36.2068973481655
         vertex 36.6525948047638 0 -34.0086370706558
      endloop
   endfacet
   facet normal 0 -1 0
      outer loop
         vertex 36.6525948047638 0 -34.0086370706558
         vertex 32.7586196362972 0 -36.2068973481655
         vertex 33.0842919647694 0 -37.4890603125095
      endloop
   endfacet
   facet normal 0 -1 0
      outer loop
         vertex -29.3103456497192 0 -22.413793951273
         vertex -32.7586196362972 0 -22.413793951273
         vertex -32.7586196362972 0 -25.8620698004961
      endloop
   endfacet
   facet normal 0 -1 0
      outer loop
         vertex -32.7586196362972 0 -25.8620698004961
         vertex -32.7586196362972 0 -22.413793951273
         vertex -36.2068973481655 0 -25.8620698004961
      endloop
   endfacet
   facet normal 0 -1 0
      outer loop
         vertex -36.2068973481655 0 -15.5172413215041
         vertex -32.7586196362972 0 -15.5172413215041
         vertex -32.7586196362972 0 -12.068965472281
      endloop
   endfacet
   facet normal 0 -1 0
      outer loop
         vertex -32.7586196362972 0 -12.068965472281
         vertex -32.7586196362972 0 -15.5172413215041
         vertex -29.3103456497192 0 -12.068965472281
      endloop
   endfacet
   facet normal 0 -1 0
      outer loop
         vertex -32.7586196362972 0 -12.068965472281
         vertex -29.3103456497192 0 -12.068965472281
         vertex -29.3103456497192 0 -8.62068962305784
      endloop
   endfacet
   facet normal 0 -1 0
      outer loop
         vertex -29.3103456497192 0 -8.62068962305784
         vertex -29.3103456497192 0 -12.068965472281
         vertex -25.8620698004961 0 -8.62068962305784
      endloop
   endfacet
   facet normal 0 -1 0
      outer loop
         vertex -29.3103456497192 0 -8.62068962305784
         vertex -25.8620698004961 0 -8.62068962305784
         vertex -25.8620698004961 0 -5.17241377383471
      endloop
   endfacet
   facet normal 0 -1 0
      outer loop
         vertex -25.8620698004961 0 -5.17241377383471
         vertex -25.8620698004961 0 -8.62068962305784
         vertex -22.413793951273 0 -5.17241377383471
      endloop
   endfacet
   facet normal 0 -1 0
      outer loop
         vertex -25.8620698004961 0 -5.17241377383471
         vertex -22.413793951273 0 -5.17241377383471
         vertex -22.413793951273 0 -1.72413792461157
      endloop
   endfacet
   facet normal 0 -1 0
      outer loop
         vertex -22.413793951273 0 -1.72413792461157
         vertex -22.413793951273 0 -5.17241377383471
         vertex -18.9655181020498 0 -1.72413792461157
      endloop
   endfacet
   facet normal 0 -1 0
      outer loop
         vertex -22.413793951273 0 -1.72413792461157
         vertex -18.9655181020498 0 -1.72413792461157
         vertex -18.9655181020498 0 1.72413792461157
      endloop
   endfacet
   facet normal 0 -1 0
      outer loop
         vertex -18.9655181020498 0 1.72413792461157
         vertex -18.9655181020498 0 -1.72413792461157
         vertex -15.5172413215041 0 1.72413792461157
      endloop
   endfacet
   facet normal 0 -1 0
      outer loop
         vertex -18.9655181020498 0 1.72413792461157
         vertex -15.5172413215041 0 1.72413792461157
         vertex -15.5172413215041 0 5.17241377383471
      endloop
   endfacet
   facet normal 0 -1 0
      outer loop
         vertex -15.5172413215041 0 5.17241377383471
         vertex -15.5172413215041 0 1.72413792461157
         vertex -12.068965472281 0 5.17241377383471
      endloop
   endfacet
   facet normal 0 -1 0
      outer loop
         vertex -15.5172413215041 0 5.17241377383471
         vertex -12.068965472281 0 5.17241377383471
         vertex -12.068965472281 0 8.62068962305784
      endloop
   endfacet
   facet normal 0 -1 0
      outer loop
         vertex -12.068965472281 0 8.62068962305784
         vertex -12.068965472281 0 5.17241377383471
         vertex -8.62068962305784 0 8.62068962305784
      endloop
   endfacet
   facet normal 0 -1 0
      outer loop
         vertex -12.068965472281 0 8.62068962305784
         vertex -8.62068962305784 0 8.62068962305784
         vertex -8.62068962305784 0 12.068965472281
      endloop
   endfacet
   facet normal 0 -1 0
      outer loop
         vertex -8.62068962305784 0 12.068965472281
         vertex -8.62068962305784 0 8.62068962305784
         vertex -5.17241377383471 0 12.068965472281
      endloop
   endfacet
   facet normal 0 -1 0
      outer loop
         vertex -8.62068962305784 0 12.068965472281
         vertex -5.17241377383471 0 12.068965472281
         vertex -5.17241377383471 0 15.5172413215041
      endloop
   endfacet
   facet normal 0 -1 0
      outer loop
         vertex -5.17241377383471 0 15.5172413215041
         vertex -5.17241377383471 0 12.068965472281
         vertex -1.72413792461157 0 15.5172413215041
      endloop
   endfacet
   facet normal 0 -1 0
      outer loop
         vertex -5.17241377383471 0 15.5172413215041
         vertex -1.72413792461157 0 15.5172413215041
         vertex -1.72413792461157 0 18.9655181020498
      endloop
   endfacet
   facet normal 0 -1 0
      outer loop
         vertex -1.72413792461157 0 18.9655181020498
         vertex -1.72413792461157 0 15.5172413215041
         vertex 1.72413792461157 0 18.9655181020498
      endloop
   endfacet
   facet normal 0 -1 0
      outer loop
         vertex -1.72413792461157 0 18.9655181020498
         vertex 1.72413792461157 0 18.9655181020498
         vertex 1.72413792461157 0 22.413793951273
      endloop
   endfacet
   facet normal 0 -1 0
      outer loop
         vertex 1.72413792461157 0 22.413793951273
         vertex 1.72413792461157 0 18.9655181020498
         vertex 5.17241377383471 0 22.413793951273
      endloop
   endfacet
   facet normal 0 -1 0
      outer loop
         vertex 1.72413792461157 0 22.413793951273
         vertex 5.17241377383471 0 22.413793951273
         vertex 5.17241377383471 0 25.8620698004961
      endloop
   endfacet
   facet normal 0 -1 0
      outer loop
         vertex 5.17241377383471 0 25.8620698004961
         vertex 5.17241377383471 0 22.413793951273
         vertex 8.62068962305784 0 25.8620698004961
      endloop
   endfacet
   facet normal 0 -1 0
      outer loop
         vertex 5.17241377383471 0 25.8620698004961
         vertex 8.62068962305784 0 25.8620698004961
         vertex 8.62068962305784 0 29.3103456497192
      endloop
   endfacet
   facet normal 0 -1 0
      outer loop
         vertex 8.62068962305784 0 29.3103456497192
         vertex 8.62068962305784 0 25.8620698004961
         vertex 12.068965472281 0 29.3103456497192
      endloop
   endfacet
   facet normal 0 -1 0
      outer loop
         vertex 8.62068962305784 0 29.3103456497192
         vertex 12.068965472281 0 29.3103456497192
         vertex 12.068965472281 0 32.7586196362972
      endloop
   endfacet
   facet normal 0 -1 0
      outer loop
         vertex 12.068965472281 0 32.7586196362972
         vertex 12.068965472281 0 29.3103456497192
         vertex 15.5172413215041 0 32.7586196362972
      endloop
   endfacet
   facet normal 0 -1 0
      outer loop
         vertex 12.068965472281 0 32.7586196362972
         vertex 15.5172413215041 0 32.7586196362972
         vertex 15.5172413215041 0 36.2068973481655
      endloop
   endfacet
   facet normal 0 -1 0
      outer loop
         vertex 15.5172413215041 0 36.2068973481655
         vertex 15.5172413215041 0 32.7586196362972
         vertex 18.9655181020498 0 36.2068973481655
      endloop
   endfacet
   facet normal 0 -1 0
      outer loop
         vertex 15.5172413215041 0 36.2068973481655
         vertex 18.9655181020498 0 36.2068973481655
         vertex 18.9655181020498 0 39.6551713347435
      endloop
   endfacet
   facet normal 0 -1 0
      outer loop
         vertex 18.9655181020498 0 39.6551713347435
         vertex 18.9655181020498 0 36.2068973481655
         vertex 22.413793951273 0 39.6551713347435
      endloop
   endfacet
   facet normal 0 -1 0
      outer loop
         vertex 18.9655181020498 0 39.6551713347435
         vertex 22.413793951273 0 39.6551713347435
         vertex 22.413793951273 0 43.1034490466118
      endloop
   endfacet
   facet normal 0 -1 0
      outer loop
         vertex -32.7586196362972 0 -1.72413792461157
         vertex -29.3103456497192 0 1.72413792461157
         vertex -32.7586196362972 0 1.72413792461157
      endloop
   endfacet
   facet normal 0 -1 0
      outer loop
         vertex -32.7586196362972 0 1.72413792461157
         vertex -29.3103456497192 0 1.72413792461157
         vertex -29.3103456497192 0 5.17241377383471
      endloop
   endfacet
   facet normal 0 -1 0
      outer loop
         vertex -32.7586196362972 0 1.72413792461157
         vertex -29.3103456497192 0 5.17241377383471
         vertex -32.7586196362972 0 5.17241377383471
      endloop
   endfacet
   facet normal 0 -1 0
      outer loop
         vertex -32.7586196362972 0 5.17241377383471
         vertex -29.3103456497192 0 5.17241377383471
         vertex -29.3103456497192 0 8.62068962305784
      endloop
   endfacet
   facet normal 0 -1 0
      outer loop
         vertex -32.7586196362972 0 5.17241377383471
         vertex -29.3103456497192 0 8.62068962305784
         vertex -32.7586196362972 0 8.62068962305784
      endloop
   endfacet
   facet normal 0 -1 0
      outer loop
         vertex -32.7586196362972 0 8.62068962305784
         vertex -29.3103456497192 0 8.62068962305784
         vertex -29.3103456497192 0 12.068965472281
      endloop
   endfacet
   facet normal 0 -1 0
      outer loop
         vertex -32.7586196362972 0 8.62068962305784
         vertex -29.3103456497192 0 12.068965472281
         vertex -32.7586196362972 0 12.068965472281
      endloop
   endfacet
   facet normal 0 -1 0
      outer loop
         vertex -32.7586196362972 0 12.068965472281
         vertex -29.3103456497192 0 12.068965472281
         vertex -29.3103456497192 0 15.5172413215041
      endloop
   endfacet
   facet normal 0 -1 0
      outer loop
         vertex -32.7586196362972 0 12.068965472281
         vertex -29.3103456497192 0 15.5172413215041
         vertex -32.7586196362972 0 15.5172413215041
      endloop
   endfacet
   facet normal 0 -1 0
      outer loop
         vertex -32.7586196362972 0 15.5172413215041
         vertex -29.3103456497192 0 15.5172413215041
         vertex -29.3103456497192 0 18.9655181020498
      endloop
   endfacet
   facet normal 0 -1 0
      outer loop
         vertex -32.7586196362972 0 15.5172413215041
         vertex -29.3103456497192 0 18.9655181020498
         vertex -32.7586196362972 0 18.9655181020498
      endloop
   endfacet
   facet normal 0 -1 0
      outer loop
         vertex -32.7586196362972 0 18.9655181020498
         vertex -29.3103456497192 0 18.9655181020498
         vertex -29.3103456497192 0 22.413793951273
      endloop
   endfacet
   facet normal 0 -1 0
      outer loop
         vertex -32.7586196362972 0 18.9655181020498
         vertex -29.3103456497192 0 22.413793951273
         vertex -32.7586196362972 0 22.413793951273
      endloop
   endfacet
   facet normal 0 -1 0
      outer loop
         vertex -32.7586196362972 0 22.413793951273
         vertex -29.3103456497192 0 22.413793951273
         vertex -29.3103456497192 0 25.8620698004961
      endloop
   endfacet
   facet normal 0 -1 0
      outer loop
         vertex -32.7586196362972 0 25.8620698004961
         vertex -29.3103456497192 0 29.3103456497192
         vertex -32.7586196362972 0 29.3103456497192
      endloop
   endfacet
   facet normal 0 -1 0
      outer loop
         vertex -32.7586196362972 0 29.3103456497192
         vertex -29.3103456497192 0 29.3103456497192
         vertex -29.3103456497192 0 32.7586196362972
      endloop
   endfacet
   facet normal 0 -1 0
      outer loop
         vertex -32.7586196362972 0 29.3103456497192
         vertex -29.3103456497192 0 32.7586196362972
         vertex -32.7586196362972 0 32.7586196362972
      endloop
   endfacet
   facet normal 0 -1 0
      outer loop
         vertex -32.7586196362972 0 32.7586196362972
         vertex -29.3103456497192 0 32.7586196362972
         vertex -29.3103456497192 0 36.2068973481655
      endloop
   endfacet
   facet normal 0 -1 0
      outer loop
         vertex -32.7586196362972 0 32.7586196362972
         vertex -29.3103456497192 0 36.2068973481655
         vertex -32.7586196362972 0 36.2068973481655
      endloop
   endfacet
   facet normal 0 -1 0
      outer loop
         vertex -25.8620698004961 0 -22.413793951273
         vertex -29.3103456497192 0 -22.413793951273
         vertex -29.3103456497192 0 -25.8620698004961
      endloop
   endfacet
   facet normal 0 -1 0
      outer loop
         vertex -29.3103456497192 0 -25.8620698004961
         vertex -29.3103456497192 0 -22.413793951273
         vertex -32.7586196362972 0 -25.8620698004961
      endloop
   endfacet
   facet normal 0 -1 0
      outer loop
         vertex -32.7586196362972 0 -15.5172413215041
         vertex -29.3103456497192 0 -15.5172413215041
         vertex -29.3103456497192 0 -12.068965472281
      endloop
   endfacet
   facet normal 0 -1 0
      outer loop
         vertex -29.3103456497192 0 -12.068965472281
         vertex -29.3103456497192 0 -15.5172413215041
         vertex -25.8620698004961 0 -12.068965472281
      endloop
   endfacet
   facet normal 0 -1 0
      outer loop
         vertex -29.3103456497192 0 -12.068965472281
         vertex -25.8620698004961 0 -12.068965472281
         vertex -25.8620698004961 0 -8.62068962305784
      endloop
   endfacet
   facet normal 0 -1 0
      outer loop
         vertex -25.8620698004961 0 -8.62068962305784
         vertex -25.8620698004961 0 -12.068965472281
         vertex -22.413793951273 0 -8.62068962305784
      endloop
   endfacet
   facet normal 0 -1 0
      outer loop
         vertex -25.8620698004961 0 -8.62068962305784
         vertex -22.413793951273 0 -8.62068962305784
         vertex -22.413793951273 0 -5.17241377383471
      endloop
   endfacet
   facet normal 0 -1 0
      outer loop
         vertex -22.413793951273 0 -5.17241377383471
         vertex -22.413793951273 0 -8.62068962305784
         vertex -18.9655181020498 0 -5.17241377383471
      endloop
   endfacet
   facet normal 0 -1 0
      outer loop
         vertex -22.413793951273 0 -5.17241377383471
         vertex -18.9655181020498 0 -5.17241377383471
         vertex -18.9655181020498 0 -1.72413792461157
      endloop
   endfacet
   facet normal 0 -1 0
      outer loop
         vertex -18.9655181020498 0 -1.72413792461157
         vertex -18.9655181020498 0 -5.17241377383471
         vertex -15.5172413215041 0 -1.72413792461157
      endloop
   endfacet
   facet normal 0 -1 0
      outer loop
         vertex -18.9655181020498 0 -1.72413792461157
         vertex -15.5172413215041 0 -1.72413792461157
         vertex -15.5172413215041 0 1.72413792461157
      endloop
   endfacet
   facet normal 0 -1 0
      outer loop
         vertex -15.5172413215041 0 1.72413792461157
         vertex -15.5172413215041 0 -1.72413792461157
         vertex -12.068965472281 0 1.72413792461157
      endloop
   endfacet
   facet normal 0 -1 0
      outer loop
         vertex -15.5172413215041 0 1.72413792461157
         vertex -12.068965472281 0 1.72413792461157
         vertex -12.068965472281 0 5.17241377383471
      endloop
   endfacet
   facet normal 0 -1 0
      outer loop
         vertex -12.068965472281 0 5.17241377383471
         vertex -12.068965472281 0 1.72413792461157
         vertex -8.62068962305784 0 5.17241377383471
      endloop
   endfacet
   facet normal 0 -1 0
      outer loop
         vertex -12.068965472281 0 5.17241377383471
         vertex -8.62068962305784 0 5.17241377383471
         vertex -8.62068962305784 0 8.62068962305784
      endloop
   endfacet
   facet normal 0 -1 0
      outer loop
         vertex -8.62068962305784 0 8.62068962305784
         vertex -8.62068962305784 0 5.17241377383471
         vertex -5.17241377383471 0 8.62068962305784
      endloop
   endfacet
   facet normal 0 -1 0
      outer loop
         vertex -8.62068962305784 0 8.62068962305784
         vertex -5.17241377383471 0 8.62068962305784
         vertex -5.17241377383471 0 12.068965472281
      endloop
   endfacet
   facet normal 0 -1 0
      outer loop
         vertex -5.17241377383471 0 12.068965472281
         vertex -5.17241377383471 0 8.62068962305784
         vertex -1.72413792461157 0 12.068965472281
      endloop
   endfacet
   facet normal 0 -1 0
      outer loop
         vertex -5.17241377383471 0 12.068965472281
         vertex -1.72413792461157 0 12.068965472281
         vertex -1.72413792461157 0 15.5172413215041
      endloop
   endfacet
   facet normal 0 -1 0
      outer loop
         vertex -1.72413792461157 0 15.5172413215041
         vertex -1.72413792461157 0 12.068965472281
         vertex 1.72413792461157 0 15.5172413215041
      endloop
   endfacet
   facet normal 0 -1 0
      outer loop
         vertex -1.72413792461157 0 15.5172413215041
         vertex 1.72413792461157 0 15.5172413215041
         vertex 1.72413792461157 0 18.9655181020498
      endloop
   endfacet
   facet normal 0 -1 0
      outer loop
         vertex 1.72413792461157 0 18.9655181020498
         vertex 1.72413792461157 0 15.5172413215041
         vertex 5.17241377383471 0 18.9655181020498
      endloop
   endfacet
   facet normal 0 -1 0
      outer loop
         vertex 1.72413792461157 0 18.9655181020498
         vertex 5.17241377383471 0 18.9655181020498
         vertex 5.17241377383471 0 22.413793951273
      endloop
   endfacet
   facet normal 0 -1 0
      outer loop
         vertex 5.17241377383471 0 22.413793951273
         vertex 5.17241377383471 0 18.9655181020498
         vertex 8.62068962305784 0 22.413793951273
      endloop
   endfacet
   facet normal 0 -1 0
      outer loop
         vertex 5.17241377383471 0 22.413793951273
         vertex 8.62068962305784 0 22.413793951273
         vertex 8.62068962305784 0 25.8620698004961
      endloop
   endfacet
   facet normal 0 -1 0
      outer loop
         vertex 8.62068962305784 0 25.8620698004961
         vertex 8.62068962305784 0 22.413793951273
         vertex 12.068965472281 0 25.8620698004961
      endloop
   endfacet
   facet normal 0 -1 0
      outer loop
         vertex 8.62068962305784 0 25.8620698004961
         vertex 12.068965472281 0 25.8620698004961
         vertex 12.068965472281 0 29.3103456497192
      endloop
   endfacet
   facet normal 0 -1 0
      outer loop
         vertex 12.068965472281 0 29.3103456497192
         vertex 12.068965472281 0 25.8620698004961
         vertex 15.5172413215041 0 29.3103456497192
      endloop
   endfacet
   facet normal 0 -1 0
      outer loop
         vertex 12.068965472281 0 29.3103456497192
         vertex 15.5172413215041 0 29.3103456497192
         vertex 15.5172413215041 0 32.7586196362972
      endloop
   endfacet
   facet normal 0 -1 0
      outer loop
         vertex 15.5172413215041 0 32.7586196362972
         vertex 15.5172413215041 0 29.3103456497192
         vertex 18.9655181020498 0 32.7586196362972
      endloop
   endfacet
   facet normal 0 -1 0
      outer loop
         vertex 15.5172413215041 0 32.7586196362972
         vertex 18.9655181020498 0 32.7586196362972
         vertex 18.9655181020498 0 36.2068973481655
      endloop
   endfacet
   facet normal 0 -1 0
      outer loop
         vertex 18.9655181020498 0 36.2068973481655
         vertex 18.9655181020498 0 32.7586196362972
         vertex 22.413793951273 0 36.2068973481655
      endloop
   endfacet
   facet normal 0 -1 0
      outer loop
         vertex 18.9655181020498 0 36.2068973481655
         vertex 22.413793951273 0 36.2068973481655
         vertex 22.413793951273 0 39.6551713347435
      endloop
   endfacet
   facet normal 0 -1 0
      outer loop
         vertex -29.3103456497192 0 1.72413792461157
         vertex -25.8620698004961 0 5.17241377383471
         vertex -29.3103456497192 0 5.17241377383471
      endloop
   endfacet
   facet normal 0 -1 0
      outer loop
         vertex -29.3103456497192 0 5.17241377383471
         vertex -25.8620698004961 0 5.17241377383471
         vertex -25.8620698004961 0 8.62068962305784
      endloop
   endfacet
   facet normal 0 -1 0
      outer loop
         vertex -29.3103456497192 0 5.17241377383471
         vertex -25.8620698004961 0 8.62068962305784
         vertex -29.3103456497192 0 8.62068962305784
      endloop
   endfacet
   facet normal 0 -1 0
      outer loop
         vertex -29.3103456497192 0 8.62068962305784
         vertex -25.8620698004961 0 8.62068962305784
         vertex -25.8620698004961 0 12.068965472281
      endloop
   endfacet
   facet normal 0 -1 0
      outer loop
         vertex -29.3103456497192 0 8.62068962305784
         vertex -25.8620698004961 0 12.068965472281
         vertex -29.3103456497192 0 12.068965472281
      endloop
   endfacet
   facet normal 0 -1 0
      outer loop
         vertex -29.3103456497192 0 12.068965472281
         vertex -25.8620698004961 0 12.068965472281
         vertex -25.8620698004961 0 15.5172413215041
      endloop
   endfacet
   facet normal 0 -1 0
      outer loop
         vertex -29.3103456497192 0 12.068965472281
         vertex -25.8620698004961 0 15.5172413215041
         vertex -29.3103456497192 0 15.5172413215041
      endloop
   endfacet
   facet normal 0 -1 0
      outer loop
         vertex -29.3103456497192 0 15.5172413215041
         vertex -25.8620698004961 0 15.5172413215041
         vertex -25.8620698004961 0 18.9655181020498
      endloop
   endfacet
   facet normal 0 -1 0
      outer loop
         vertex -29.3103456497192 0 15.5172413215041
         vertex -25.8620698004961 0 18.9655181020498
         vertex -29.3103456497192 0 18.9655181020498
      endloop
   endfacet
   facet normal 0 -1 0
      outer loop
         vertex -29.3103456497192 0 18.9655181020498
         vertex -25.8620698004961 0 18.9655181020498
         vertex -25.8620698004961 0 22.413793951273
      endloop
   endfacet
   facet normal 0 -1 0
      outer loop
         vertex -29.3103456497192 0 18.9655181020498
         vertex -25.8620698004961 0 22.413793951273
         vertex -29.3103456497192 0 22.413793951273
      endloop
   endfacet
   facet normal 0 -1 0
      outer loop
         vertex -29.3103456497192 0 22.413793951273
         vertex -25.8620698004961 0 22.413793951273
         vertex -25.8620698004961 0 25.8620698004961
      endloop
   endfacet
   facet normal 0 -1 0
      outer loop
         vertex -29.3103456497192 0 22.413793951273
         vertex -25.8620698004961 0 25.8620698004961
         vertex -29.3103456497192 0 25.8620698004961
      endloop
   endfacet
   facet normal 0 -1 0
      outer loop
         vertex -29.3103456497192 0 25.8620698004961
         vertex -25.8620698004961 0 25.8620698004961
         vertex -25.8620698004961 0 29.3103456497192
      endloop
   endfacet
   facet normal 0 -1 0
      outer loop
         vertex -29.3103456497192 0 29.3103456497192
         vertex -25.8620698004961 0 32.7586196362972
         vertex -29.3103456497192 0 32.7586196362972
      endloop
   endfacet
   facet normal 0 -1 0
      outer loop
         vertex -29.3103456497192 0 32.7586196362972
         vertex -25.8620698004961 0 32.7586196362972
         vertex -25.8620698004961 0 36.2068973481655
      endloop
   endfacet
   facet normal 0 -1 0
      outer loop
         vertex -29.3103456497192 0 32.7586196362972
         vertex -25.8620698004961 0 36.2068973481655
         vertex -29.3103456497192 0 36.2068973481655
      endloop
   endfacet
   facet normal 0 -1 0
      outer loop
         vertex -29.3103456497192 0 36.2068973481655
         vertex -25.8620698004961 0 36.2068973481655
         vertex -25.8620698004961 0 39.6551713347435
      endloop
   endfacet
   facet normal 0 -1 0
      outer loop
         vertex -27.1273124963045 0 42.0012958347797
         vertex -31.1744902282953 0 39.0915758907795
         vertex -29.3103456497192 0 39.6551713347435
      endloop
   endfacet
   facet normal 0 -1 0
      outer loop
         vertex -22.413793951273 0 -22.413793951273
         vertex -25.8620698004961 0 -22.413793951273
         vertex -25.8620698004961 0 -25.8620698004961
      endloop
   endfacet
   facet normal 0 -1 0
      outer loop
         vertex -25.8620698004961 0 -25.8620698004961
         vertex -25.8620698004961 0 -22.413793951273
         vertex -29.3103456497192 0 -25.8620698004961
      endloop
   endfacet
   facet normal 0 -1 0
      outer loop
         vertex -29.3103456497192 0 -15.5172413215041
         vertex -25.8620698004961 0 -15.5172413215041
         vertex -25.8620698004961 0 -12.068965472281
      endloop
   endfacet
   facet normal 0 -1 0
      outer loop
         vertex -25.8620698004961 0 -12.068965472281
         vertex -25.8620698004961 0 -15.5172413215041
         vertex -22.413793951273 0 -12.068965472281
      endloop
   endfacet
   facet normal 0 -1 0
      outer loop
         vertex -25.8620698004961 0 -12.068965472281
         vertex -22.413793951273 0 -12.068965472281
         vertex -22.413793951273 0 -8.62068962305784
      endloop
   endfacet
   facet normal 0 -1 0
      outer loop
         vertex -22.413793951273 0 -8.62068962305784
         vertex -22.413793951273 0 -12.068965472281
         vertex -18.9655181020498 0 -8.62068962305784
      endloop
   endfacet
   facet normal 0 -1 0
      outer loop
         vertex -22.413793951273 0 -8.62068962305784
         vertex -18.9655181020498 0 -8.62068962305784
         vertex -18.9655181020498 0 -5.17241377383471
      endloop
   endfacet
   facet normal 0 -1 0
      outer loop
         vertex -18.9655181020498 0 -5.17241377383471
         vertex -18.9655181020498 0 -8.62068962305784
         vertex -15.5172413215041 0 -5.17241377383471
      endloop
   endfacet
   facet normal 0 -1 0
      outer loop
         vertex -18.9655181020498 0 -5.17241377383471
         vertex -15.5172413215041 0 -5.17241377383471
         vertex -15.5172413215041 0 -1.72413792461157
      endloop
   endfacet
   facet normal 0 -1 0
      outer loop
         vertex -15.5172413215041 0 -1.72413792461157
         vertex -15.5172413215041 0 -5.17241377383471
         vertex -12.068965472281 0 -1.72413792461157
      endloop
   endfacet
   facet normal 0 -1 0
      outer loop
         vertex -15.5172413215041 0 -1.72413792461157
         vertex -12.068965472281 0 -1.72413792461157
         vertex -12.068965472281 0 1.72413792461157
      endloop
   endfacet
   facet normal 0 -1 0
      outer loop
         vertex -12.068965472281 0 1.72413792461157
         vertex -12.068965472281 0 -1.72413792461157
         vertex -8.62068962305784 0 1.72413792461157
      endloop
   endfacet
   facet normal 0 -1 0
      outer loop
         vertex -12.068965472281 0 1.72413792461157
         vertex -8.62068962305784 0 1.72413792461157
         vertex -8.62068962305784 0 5.17241377383471
      endloop
   endfacet
   facet normal 0 -1 0
      outer loop
         vertex -8.62068962305784 0 5.17241377383471
         vertex -8.62068962305784 0 1.72413792461157
         vertex -5.17241377383471 0 5.17241377383471
      endloop
   endfacet
   facet normal 0 -1 0
      outer loop
         vertex -8.62068962305784 0 5.17241377383471
         vertex -5.17241377383471 0 5.17241377383471
         vertex -5.17241377383471 0 8.62068962305784
      endloop
   endfacet
   facet normal 0 -1 0
      outer loop
         vertex -5.17241377383471 0 8.62068962305784
         vertex -5.17241377383471 0 5.17241377383471
         vertex -1.72413792461157 0 8.62068962305784
      endloop
   endfacet
   facet normal 0 -1 0
      outer loop
         vertex -5.17241377383471 0 8.62068962305784
         vertex -1.72413792461157 0 8.62068962305784
         vertex -1.72413792461157 0 12.068965472281
      endloop
   endfacet
   facet normal 0 -1 0
      outer loop
         vertex -1.72413792461157 0 12.068965472281
         vertex -1.72413792461157 0 8.62068962305784
         vertex 1.72413792461157 0 12.068965472281
      endloop
   endfacet
   facet normal 0 -1 0
      outer loop
         vertex -1.72413792461157 0 12.068965472281
         vertex 1.72413792461157 0 12.068965472281
         vertex 1.72413792461157 0 15.5172413215041
      endloop
   endfacet
   facet normal 0 -1 0
      outer loop
         vertex 1.72413792461157 0 15.5172413215041
         vertex 1.72413792461157 0 12.068965472281
         vertex 5.17241377383471 0 15.5172413215041
      endloop
   endfacet
   facet normal 0 -1 0
      outer loop
         vertex 1.72413792461157 0 15.5172413215041
         vertex 5.17241377383471 0 15.5172413215041
         vertex 5.17241377383471 0 18.9655181020498
      endloop
   endfacet
   facet normal 0 -1 0
      outer loop
         vertex 5.17241377383471 0 18.9655181020498
         vertex 5.17241377383471 0 15.5172413215041
         vertex 8.62068962305784 0 18.9655181020498
      endloop
   endfacet
   facet normal 0 -1 0
      outer loop
         vertex 5.17241377383471 0 18.9655181020498
         vertex 8.62068962305784 0 18.9655181020498
         vertex 8.62068962305784 0 22.413793951273
      endloop
   endfacet
   facet normal 0 -1 0
      outer loop
         vertex 8.62068962305784 0 22.413793951273
         vertex 8.62068962305784 0 18.9655181020498
         vertex 12.068965472281 0 22.413793951273
      endloop
   endfacet
   facet normal 0 -1 0
      outer loop
         vertex 8.62068962305784 0 22.413793951273
         vertex 12.068965472281 0 22.413793951273
         vertex 12.068965472281 0 25.8620698004961
      endloop
   endfacet
   facet normal 0 -1 0
      outer loop
         vertex 12.068965472281 0 25.8620698004961
         vertex 12.068965472281 0 22.413793951273
         vertex 15.5172413215041 0 25.8620698004961
      endloop
   endfacet
   facet normal 0 -1 0
      outer loop
         vertex 12.068965472281 0 25.8620698004961
         vertex 15.5172413215041 0 25.8620698004961
         vertex 15.5172413215041 0 29.3103456497192
      endloop
   endfacet
   facet normal 0 -1 0
      outer loop
         vertex 15.5172413215041 0 29.3103456497192
         vertex 15.5172413215041 0 25.8620698004961
         vertex 18.9655181020498 0 29.3103456497192
      endloop
   endfacet
   facet normal 0 -1 0
      outer loop
         vertex 15.5172413215041 0 29.3103456497192
         vertex 18.9655181020498 0 29.3103456497192
         vertex 18.9655181020498 0 32.7586196362972
      endloop
   endfacet
   facet normal 0 -1 0
      outer loop
         vertex 18.9655181020498 0 32.7586196362972
         vertex 18.9655181020498 0 29.3103456497192
         vertex 22.413793951273 0 32.7586196362972
      endloop
   endfacet
   facet normal 0 -1 0
      outer loop
         vertex 18.9655181020498 0 32.7586196362972
         vertex 22.413793951273 0 32.7586196362972
         vertex 22.413793951273 0 36.2068973481655
      endloop
   endfacet
   facet normal 0 -1 0
      outer loop
         vertex -25.8620698004961 0 5.17241377383471
         vertex -22.413793951273 0 8.62068962305784
         vertex -25.8620698004961 0 8.62068962305784
      endloop
   endfacet
   facet normal 0 -1 0
      outer loop
         vertex -25.8620698004961 0 8.62068962305784
         vertex -22.413793951273 0 8.62068962305784
         vertex -22.413793951273 0 12.068965472281
      endloop
   endfacet
   facet normal 0 -1 0
      outer loop
         vertex -25.8620698004961 0 8.62068962305784
         vertex -22.413793951273 0 12.068965472281
         vertex -25.8620698004961 0 12.068965472281
      endloop
   endfacet
   facet normal 0 -1 0
      outer loop
         vertex -25.8620698004961 0 12.068965472281
         vertex -22.413793951273 0 12.068965472281
         vertex -22.413793951273 0 15.5172413215041
      endloop
   endfacet
   facet normal 0 -1 0
      outer loop
         vertex -25.8620698004961 0 12.068965472281
         vertex -22.413793951273 0 15.5172413215041
         vertex -25.8620698004961 0 15.5172413215041
      endloop
   endfacet
   facet normal 0 -1 0
      outer loop
         vertex -25.8620698004961 0 15.5172413215041
         vertex -22.413793951273 0 15.5172413215041
         vertex -22.413793951273 0 18.9655181020498
      endloop
   endfacet
   facet normal 0 -1 0
      outer loop
         vertex -25.8620698004961 0 15.5172413215041
         vertex -22.413793951273 0 18.9655181020498
         vertex -25.8620698004961 0 18.9655181020498
      endloop
   endfacet
   facet normal 0 -1 0
      outer loop
         vertex -25.8620698004961 0 18.9655181020498
         vertex -22.413793951273 0 18.9655181020498
         vertex -22.413793951273 0 22.413793951273
      endloop
   endfacet
   facet normal 0 -1 0
      outer loop
         vertex -25.8620698004961 0 18.9655181020498
         vertex -22.413793951273 0 22.413793951273
         vertex -25.8620698004961 0 22.413793951273
      endloop
   endfacet
   facet normal 0 -1 0
      outer loop
         vertex -25.8620698004961 0 22.413793951273
         vertex -22.413793951273 0 22.413793951273
         vertex -22.413793951273 0 25.8620698004961
      endloop
   endfacet
   facet normal 0 -1 0
      outer loop
         vertex -25.8620698004961 0 22.413793951273
         vertex -22.413793951273 0 25.8620698004961
         vertex -25.8620698004961 0 25.8620698004961
      endloop
   endfacet
   facet normal 0 -1 0
      outer loop
         vertex -25.8620698004961 0 25.8620698004961
         vertex -22.413793951273 0 25.8620698004961
         vertex -22.413793951273 0 29.3103456497192
      endloop
   endfacet
   facet normal 0 -1 0
      outer loop
         vertex -25.8620698004961 0 25.8620698004961
         vertex -22.413793951273 0 29.3103456497192
         vertex -25.8620698004961 0 29.3103456497192
      endloop
   endfacet
   facet normal 0 -1 0
      outer loop
         vertex -25.8620698004961 0 29.3103456497192
         vertex -22.413793951273 0 29.3103456497192
         vertex -22.413793951273 0 32.7586196362972
      endloop
   endfacet
   facet normal 0 -1 0
      outer loop
         vertex -25.8620698004961 0 32.7586196362972
         vertex -22.413793951273 0 36.2068973481655
         vertex -25.8620698004961 0 36.2068973481655
      endloop
   endfacet
   facet normal 0 -1 0
      outer loop
         vertex -25.8620698004961 0 36.2068973481655
         vertex -22.413793951273 0 36.2068973481655
         vertex -22.413793951273 0 39.6551713347435
      endloop
   endfacet
   facet normal 0 -1 0
      outer loop
         vertex -25.8620698004961 0 36.2068973481655
         vertex -22.413793951273 0 39.6551713347435
         vertex -25.8620698004961 0 39.6551713347435
      endloop
   endfacet
   facet normal 0 -1 0
      outer loop
         vertex -25.8620698004961 0 39.6551713347435
         vertex -22.413793951273 0 39.6551713347435
         vertex -22.413793951273 0 43.1034490466118
      endloop
   endfacet
   facet normal 0 -1 0
      outer loop
         vertex -18.9655181020498 0 -39.6551713347435
         vertex -22.413793951273 0 -39.6551713347435
         vertex -22.413793951273 0 -43.1034490466118
      endloop
   endfacet
   facet normal 0 -1 0
      outer loop
         vertex -22.413793951273 0 -43.1034490466118
         vertex -22.413793951273 0 -39.6551713347435
         vertex -25.8620698004961 0 -39.6551713347435
      endloop
   endfacet
   facet normal 0 -1 0
      outer loop
         vertex -18.9655181020498 0 -22.413793951273
         vertex -22.413793951273 0 -22.413793951273
         vertex -22.413793951273 0 -25.8620698004961
      endloop
   endfacet
   facet normal 0 -1 0
      outer loop
         vertex -22.413793951273 0 -25.8620698004961
         vertex -22.413793951273 0 -22.413793951273
         vertex -25.8620698004961 0 -25.8620698004961
      endloop
   endfacet
   facet normal 0 -1 0
      outer loop
         vertex -25.8620698004961 0 -15.5172413215041
         vertex -22.413793951273 0 -15.5172413215041
         vertex -22.413793951273 0 -12.068965472281
      endloop
   endfacet
   facet normal 0 -1 0
      outer loop
         vertex -22.413793951273 0 -12.068965472281
         vertex -22.413793951273 0 -15.5172413215041
         vertex -18.9655181020498 0 -12.068965472281
      endloop
   endfacet
   facet normal 0 -1 0
      outer loop
         vertex -22.413793951273 0 -12.068965472281
         vertex -18.9655181020498 0 -12.068965472281
         vertex -18.9655181020498 0 -8.62068962305784
      endloop
   endfacet
   facet normal 0 -1 0
      outer loop
         vertex -18.9655181020498 0 -8.62068962305784
         vertex -18.9655181020498 0 -12.068965472281
         vertex -15.5172413215041 0 -8.62068962305784
      endloop
   endfacet
   facet normal 0 -1 0
      outer loop
         vertex -18.9655181020498 0 -8.62068962305784
         vertex -15.5172413215041 0 -8.62068962305784
         vertex -15.5172413215041 0 -5.17241377383471
      endloop
   endfacet
   facet normal 0 -1 0
      outer loop
         vertex -15.5172413215041 0 -5.17241377383471
         vertex -15.5172413215041 0 -8.62068962305784
         vertex -12.068965472281 0 -5.17241377383471
      endloop
   endfacet
   facet normal 0 -1 0
      outer loop
         vertex -15.5172413215041 0 -5.17241377383471
         vertex -12.068965472281 0 -5.17241377383471
         vertex -12.068965472281 0 -1.72413792461157
      endloop
   endfacet
   facet normal 0 -1 0
      outer loop
         vertex -12.068965472281 0 -1.72413792461157
         vertex -12.068965472281 0 -5.17241377383471
         vertex -8.62068962305784 0 -1.72413792461157
      endloop
   endfacet
   facet normal 0 -1 0
      outer loop
         vertex -12.068965472281 0 -1.72413792461157
         vertex -8.62068962305784 0 -1.72413792461157
         vertex -8.62068962305784 0 1.72413792461157
      endloop
   endfacet
   facet normal 0 -1 0
      outer loop
         vertex -8.62068962305784 0 1.72413792461157
         vertex -8.62068962305784 0 -1.72413792461157
         vertex -5.17241377383471 0 1.72413792461157
      endloop
   endfacet
   facet normal 0 -1 0
      outer loop
         vertex -8.62068962305784 0 1.72413792461157
         vertex -5.17241377383471 0 1.72413792461157
         vertex -5.17241377383471 0 5.17241377383471
      endloop
   endfacet
   facet normal 0 -1 0
      outer loop
         vertex -5.17241377383471 0 5.17241377383471
         vertex -5.17241377383471 0 1.72413792461157
         vertex -1.72413792461157 0 5.17241377383471
      endloop
   endfacet
   facet normal 0 -1 0
      outer loop
         vertex -5.17241377383471 0 5.17241377383471
         vertex -1.72413792461157 0 5.17241377383471
         vertex -1.72413792461157 0 8.62068962305784
      endloop
   endfacet
   facet normal 0 -1 0
      outer loop
         vertex -1.72413792461157 0 8.62068962305784
         vertex -1.72413792461157 0 5.17241377383471
         vertex 1.72413792461157 0 8.62068962305784
      endloop
   endfacet
   facet normal 0 -1 0
      outer loop
         vertex -1.72413792461157 0 8.62068962305784
         vertex 1.72413792461157 0 8.62068962305784
         vertex 1.72413792461157 0 12.068965472281
      endloop
   endfacet
   facet normal 0 -1 0
      outer loop
         vertex 1.72413792461157 0 12.068965472281
         vertex 1.72413792461157 0 8.62068962305784
         vertex 5.17241377383471 0 12.068965472281
      endloop
   endfacet
   facet normal 0 -1 0
      outer loop
         vertex 1.72413792461157 0 12.068965472281
         vertex 5.17241377383471 0 12.068965472281
         vertex 5.17241377383471 0 15.5172413215041
      endloop
   endfacet
   facet normal 0 -1 0
      outer loop
         vertex 5.17241377383471 0 15.5172413215041
         vertex 5.17241377383471 0 12.068965472281
         vertex 8.62068962305784 0 15.5172413215041
      endloop
   endfacet
   facet normal 0 -1 0
      outer loop
         vertex 5.17241377383471 0 15.5172413215041
         vertex 8.62068962305784 0 15.5172413215041
         vertex 8.62068962305784 0 18.9655181020498
      endloop
   endfacet
   facet normal 0 -1 0
      outer loop
         vertex 8.62068962305784 0 18.9655181020498
         vertex 8.62068962305784 0 15.5172413215041
         vertex 12.068965472281 0 18.9655181020498
      endloop
   endfacet
   facet normal 0 -1 0
      outer loop
         vertex 8.62068962305784 0 18.9655181020498
         vertex 12.068965472281 0 18.9655181020498
         vertex 12.068965472281 0 22.413793951273
      endloop
   endfacet
   facet normal 0 -1 0
      outer loop
         vertex 12.068965472281 0 22.413793951273
         vertex 12.068965472281 0 18.9655181020498
         vertex 15.5172413215041 0 22.413793951273
      endloop
   endfacet
   facet normal 0 -1 0
      outer loop
         vertex 12.068965472281 0 22.413793951273
         vertex 15.5172413215041 0 22.413793951273
         vertex 15.5172413215041 0 25.8620698004961
      endloop
   endfacet
   facet normal 0 -1 0
      outer loop
         vertex 15.5172413215041 0 25.8620698004961
         vertex 15.5172413215041 0 22.413793951273
         vertex 18.9655181020498 0 25.8620698004961
      endloop
   endfacet
   facet normal 0 -1 0
      outer loop
         vertex 15.5172413215041 0 25.8620698004961
         vertex 18.9655181020498 0 25.8620698004961
         vertex 18.9655181020498 0 29.3103456497192
      endloop
   endfacet
   facet normal 0 -1 0
      outer loop
         vertex 18.9655181020498 0 29.3103456497192
         vertex 18.9655181020498 0 25.8620698004961
         vertex 22.413793951273 0 29.3103456497192
      endloop
   endfacet
   facet normal 0 -1 0
      outer loop
         vertex 18.9655181020498 0 29.3103456497192
         vertex 22.413793951273 0 29.3103456497192
         vertex 22.413793951273 0 32.7586196362972
      endloop
   endfacet
   facet normal 0 -1 0
      outer loop
         vertex -22.413793951273 0 8.62068962305784
         vertex -18.9655181020498 0 12.068965472281
         vertex -22.413793951273 0 12.068965472281
      endloop
   endfacet
   facet normal 0 -1 0
      outer loop
         vertex -22.413793951273 0 12.068965472281
         vertex -18.9655181020498 0 12.068965472281
         vertex -18.9655181020498 0 15.5172413215041
      endloop
   endfacet
   facet normal 0 -1 0
      outer loop
         vertex -22.413793951273 0 12.068965472281
         vertex -18.9655181020498 0 15.5172413215041
         vertex -22.413793951273 0 15.5172413215041
      endloop
   endfacet
   facet normal 0 -1 0
      outer loop
         vertex -22.413793951273 0 15.5172413215041
         vertex -18.9655181020498 0 15.5172413215041
         vertex -18.9655181020498 0 18.9655181020498
      endloop
   endfacet
   facet normal 0 -1 0
      outer loop
         vertex -22.413793951273 0 15.5172413215041
         vertex -18.9655181020498 0 18.9655181020498
         vertex -22.413793951273 0 18.9655181020498
      endloop
   endfacet
   facet normal 0 -1 0
      outer loop
         vertex -22.413793951273 0 18.9655181020498
         vertex -18.9655181020498 0 18.9655181020498
         vertex -18.9655181020498 0 22.413793951273
      endloop
   endfacet
   facet normal 0 -1 0
      outer loop
         vertex -22.413793951273 0 18.9655181020498
         vertex -18.9655181020498 0 22.413793951273
         vertex -22.413793951273 0 22.413793951273
      endloop
   endfacet
   facet normal 0 -1 0
      outer loop
         vertex -22.413793951273 0 22.413793951273
         vertex -18.9655181020498 0 22.413793951273
         vertex -18.9655181020498 0 25.8620698004961
      endloop
   endfacet
   facet normal 0 -1 0
      outer loop
         vertex -22.413793951273 0 22.413793951273
         vertex -18.9655181020498 0 25.8620698004961
         vertex -22.413793951273 0 25.8620698004961
      endloop
   endfacet
   facet normal 0 -1 0
      outer loop
         vertex -22.413793951273 0 25.8620698004961
         vertex -18.9655181020498 0 25.8620698004961
         vertex -18.9655181020498 0 29.3103456497192
      endloop
   endfacet
   facet normal 0 -1 0
      outer loop
         vertex -22.413793951273 0 25.8620698004961
         vertex -18.9655181020498 0 29.3103456497192
         vertex -22.413793951273 0 29.3103456497192
      endloop
   endfacet
   facet normal 0 -1 0
      outer loop
         vertex -22.413793951273 0 29.3103456497192
         vertex -18.9655181020498 0 29.3103456497192
         vertex -18.9655181020498 0 32.7586196362972
      endloop
   endfacet
   facet normal 0 -1 0
      outer loop
         vertex -22.413793951273 0 29.3103456497192
         vertex -18.9655181020498 0 32.7586196362972
         vertex -22.413793951273 0 32.7586196362972
      endloop
   endfacet
   facet normal 0 -1 0
      outer loop
         vertex -22.413793951273 0 32.7586196362972
         vertex -18.9655181020498 0 32.7586196362972
         vertex -18.9655181020498 0 36.2068973481655
      endloop
   endfacet
   facet normal 0 -1 0
      outer loop
         vertex -22.413793951273 0 36.2068973481655
         vertex -18.9655181020498 0 39.6551713347435
         vertex -22.413793951273 0 39.6551713347435
      endloop
   endfacet
   facet normal 0 -1 0
      outer loop
         vertex -22.413793951273 0 39.6551713347435
         vertex -18.9655181020498 0 39.6551713347435
         vertex -18.9655181020498 0 43.1034490466118
      endloop
   endfacet
   facet normal 0 -1 0
      outer loop
         vertex -22.413793951273 0 39.6551713347435
         vertex -18.9655181020498 0 43.1034490466118
         vertex -22.413793951273 0 43.1034490466118
      endloop
   endfacet
   facet normal 0 -1 0
      outer loop
         vertex -15.5172413215041 0 -43.1034490466118
         vertex -15.5172413215041 0 -46.5517230331898
         vertex -12.068965472281 0 -43.1034490466118
      endloop
   endfacet
   facet normal 0 -1 0
      outer loop
         vertex -12.068965472281 0 -43.1034490466118
         vertex -15.5172413215041 0 -46.5517230331898
         vertex -12.068965472281 0 -46.5517230331898
      endloop
   endfacet
   facet normal 0 -1 0
      outer loop
         vertex -12.068965472281 0 -43.1034490466118
         vertex -12.068965472281 0 -46.5517230331898
         vertex -8.62068962305784 0 -43.1034490466118
      endloop
   endfacet
   facet normal 0 -1 0
      outer loop
         vertex -8.62068962305784 0 -43.1034490466118
         vertex -12.068965472281 0 -46.5517230331898
         vertex -8.62068962305784 0 -46.5517230331898
      endloop
   endfacet
   facet normal 0 -1 0
      outer loop
         vertex -8.62068962305784 0 -43.1034490466118
         vertex -8.62068962305784 0 -46.5517230331898
         vertex -5.17241377383471 0 -43.1034490466118
      endloop
   endfacet
   facet normal 0 -1 0
      outer loop
         vertex -15.5172413215041 0 -39.6551713347435
         vertex -15.5172413215041 0 -43.1034490466118
         vertex -12.068965472281 0 -39.6551713347435
      endloop
   endfacet
   facet normal 0 -1 0
      outer loop
         vertex -12.068965472281 0 -39.6551713347435
         vertex -15.5172413215041 0 -43.1034490466118
         vertex -12.068965472281 0 -43.1034490466118
      endloop
   endfacet
   facet normal 0 -1 0
      outer loop
         vertex -12.068965472281 0 -39.6551713347435
         vertex -12.068965472281 0 -43.1034490466118
         vertex -8.62068962305784 0 -39.6551713347435
      endloop
   endfacet
   facet normal 0 -1 0
      outer loop
         vertex -8.62068962305784 0 -39.6551713347435
         vertex -12.068965472281 0 -43.1034490466118
         vertex -8.62068962305784 0 -43.1034490466118
      endloop
   endfacet
   facet normal 0 -1 0
      outer loop
         vertex -8.62068962305784 0 -39.6551713347435
         vertex -8.62068962305784 0 -43.1034490466118
         vertex -5.17241377383471 0 -39.6551713347435
      endloop
   endfacet
   facet normal 0 -1 0
      outer loop
         vertex -5.17241377383471 0 -39.6551713347435
         vertex -8.62068962305784 0 -43.1034490466118
         vertex -5.17241377383471 0 -43.1034490466118
      endloop
   endfacet
   facet normal 0 -1 0
      outer loop
         vertex -5.17241377383471 0 -39.6551713347435
         vertex -5.17241377383471 0 -43.1034490466118
         vertex -1.72413792461157 0 -39.6551713347435
      endloop
   endfacet
   facet normal 0 -1 0
      outer loop
         vertex 22.413793951273 0 -25.8620698004961
         vertex 22.413793951273 0 -22.413793951273
         vertex 18.9655181020498 0 -25.8620698004961
      endloop
   endfacet
   facet normal 0 -1 0
      outer loop
         vertex 18.9655181020498 0 -25.8620698004961
         vertex 22.413793951273 0 -22.413793951273
         vertex 18.9655181020498 0 -22.413793951273
      endloop
   endfacet
   facet normal 0 -1 0
      outer loop
         vertex 18.9655181020498 0 -25.8620698004961
         vertex 18.9655181020498 0 -22.413793951273
         vertex 15.5172413215041 0 -25.8620698004961
      endloop
   endfacet
   facet normal 0 -1 0
      outer loop
         vertex 15.5172413215041 0 -25.8620698004961
         vertex 18.9655181020498 0 -22.413793951273
         vertex 15.5172413215041 0 -22.413793951273
      endloop
   endfacet
   facet normal 0 -1 0
      outer loop
         vertex 15.5172413215041 0 -25.8620698004961
         vertex 15.5172413215041 0 -22.413793951273
         vertex 12.068965472281 0 -25.8620698004961
      endloop
   endfacet
   facet normal 0 -1 0
      outer loop
         vertex 12.068965472281 0 -25.8620698004961
         vertex 15.5172413215041 0 -22.413793951273
         vertex 12.068965472281 0 -22.413793951273
      endloop
   endfacet
   facet normal 0 -1 0
      outer loop
         vertex 12.068965472281 0 -25.8620698004961
         vertex 12.068965472281 0 -22.413793951273
         vertex 8.62068962305784 0 -25.8620698004961
      endloop
   endfacet
   facet normal 0 -1 0
      outer loop
         vertex 8.62068962305784 0 -25.8620698004961
         vertex 12.068965472281 0 -22.413793951273
         vertex 8.62068962305784 0 -22.413793951273
      endloop
   endfacet
   facet normal 0 -1 0
      outer loop
         vertex 8.62068962305784 0 -25.8620698004961
         vertex 8.62068962305784 0 -22.413793951273
         vertex 5.17241377383471 0 -25.8620698004961
      endloop
   endfacet
   facet normal 0 -1 0
      outer loop
         vertex 5.17241377383471 0 -25.8620698004961
         vertex 8.62068962305784 0 -22.413793951273
         vertex 5.17241377383471 0 -22.413793951273
      endloop
   endfacet
   facet normal 0 -1 0
      outer loop
         vertex 5.17241377383471 0 -25.8620698004961
         vertex 5.17241377383471 0 -22.413793951273
         vertex 1.72413792461157 0 -25.8620698004961
      endloop
   endfacet
   facet normal 0 -1 0
      outer loop
         vertex 1.72413792461157 0 -25.8620698004961
         vertex 5.17241377383471 0 -22.413793951273
         vertex 1.72413792461157 0 -22.413793951273
      endloop
   endfacet
   facet normal 0 -1 0
      outer loop
         vertex 1.72413792461157 0 -25.8620698004961
         vertex 1.72413792461157 0 -22.413793951273
         vertex -1.72413792461157 0 -25.8620698004961
      endloop
   endfacet
   facet normal 0 -1 0
      outer loop
         vertex -1.72413792461157 0 -25.8620698004961
         vertex 1.72413792461157 0 -22.413793951273
         vertex -1.72413792461157 0 -22.413793951273
      endloop
   endfacet
   facet normal 0 -1 0
      outer loop
         vertex -1.72413792461157 0 -25.8620698004961
         vertex -1.72413792461157 0 -22.413793951273
         vertex -5.17241377383471 0 -25.8620698004961
      endloop
   endfacet
   facet normal 0 -1 0
      outer loop
         vertex -5.17241377383471 0 -25.8620698004961
         vertex -1.72413792461157 0 -22.413793951273
         vertex -5.17241377383471 0 -22.413793951273
      endloop
   endfacet
   facet normal 0 -1 0
      outer loop
         vertex -5.17241377383471 0 -25.8620698004961
         vertex -5.17241377383471 0 -22.413793951273
         vertex -8.62068962305784 0 -25.8620698004961
      endloop
   endfacet
   facet normal 0 -1 0
      outer loop
         vertex -8.62068962305784 0 -25.8620698004961
         vertex -5.17241377383471 0 -22.413793951273
         vertex -8.62068962305784 0 -22.413793951273
      endloop
   endfacet
   facet normal 0 -1 0
      outer loop
         vertex -8.62068962305784 0 -25.8620698004961
         vertex -8.62068962305784 0 -22.413793951273
         vertex -12.068965472281 0 -25.8620698004961
      endloop
   endfacet
   facet normal 0 -1 0
      outer loop
         vertex -12.068965472281 0 -25.8620698004961
         vertex -8.62068962305784 0 -22.413793951273
         vertex -12.068965472281 0 -22.413793951273
      endloop
   endfacet
   facet normal 0 -1 0
      outer loop
         vertex -12.068965472281 0 -25.8620698004961
         vertex -12.068965472281 0 -22.413793951273
         vertex -15.5172413215041 0 -25.8620698004961
      endloop
   endfacet
   facet normal 0 -1 0
      outer loop
         vertex -15.5172413215041 0 -25.8620698004961
         vertex -12.068965472281 0 -22.413793951273
         vertex -15.5172413215041 0 -22.413793951273
      endloop
   endfacet
   facet normal 0 -1 0
      outer loop
         vertex -15.5172413215041 0 -25.8620698004961
         vertex -15.5172413215041 0 -22.413793951273
         vertex -18.9655181020498 0 -25.8620698004961
      endloop
   endfacet
   facet normal 0 -1 0
      outer loop
         vertex -18.9655181020498 0 -25.8620698004961
         vertex -15.5172413215041 0 -22.413793951273
         vertex -18.9655181020498 0 -22.413793951273
      endloop
   endfacet
   facet normal 0 -1 0
      outer loop
         vertex -18.9655181020498 0 -25.8620698004961
         vertex -18.9655181020498 0 -22.413793951273
         vertex -22.413793951273 0 -25.8620698004961
      endloop
   endfacet
   facet normal 0 -1 0
      outer loop
         vertex 22.413793951273 0 -15.5172413215041
         vertex 22.413793951273 0 -12.068965472281
         vertex 18.9655181020498 0 -15.5172413215041
      endloop
   endfacet
   facet normal 0 -1 0
      outer loop
         vertex 18.9655181020498 0 -15.5172413215041
         vertex 22.413793951273 0 -12.068965472281
         vertex 18.9655181020498 0 -12.068965472281
      endloop
   endfacet
   facet normal 0 -1 0
      outer loop
         vertex 18.9655181020498 0 -15.5172413215041
         vertex 18.9655181020498 0 -12.068965472281
         vertex 15.5172413215041 0 -15.5172413215041
      endloop
   endfacet
   facet normal 0 -1 0
      outer loop
         vertex 15.5172413215041 0 -15.5172413215041
         vertex 18.9655181020498 0 -12.068965472281
         vertex 15.5172413215041 0 -12.068965472281
      endloop
   endfacet
   facet normal 0 -1 0
      outer loop
         vertex 15.5172413215041 0 -15.5172413215041
         vertex 15.5172413215041 0 -12.068965472281
         vertex 12.068965472281 0 -15.5172413215041
      endloop
   endfacet
   facet normal 0 -1 0
      outer loop
         vertex 12.068965472281 0 -15.5172413215041
         vertex 15.5172413215041 0 -12.068965472281
         vertex 12.068965472281 0 -12.068965472281
      endloop
   endfacet
   facet normal 0 -1 0
      outer loop
         vertex 12.068965472281 0 -15.5172413215041
         vertex 12.068965472281 0 -12.068965472281
         vertex 8.62068962305784 0 -15.5172413215041
      endloop
   endfacet
   facet normal 0 -1 0
      outer loop
         vertex 8.62068962305784 0 -15.5172413215041
         vertex 12.068965472281 0 -12.068965472281
         vertex 8.62068962305784 0 -12.068965472281
      endloop
   endfacet
   facet normal 0 -1 0
      outer loop
         vertex 8.62068962305784 0 -15.5172413215041
         vertex 8.62068962305784 0 -12.068965472281
         vertex 5.17241377383471 0 -15.5172413215041
      endloop
   endfacet
   facet normal 0 -1 0
      outer loop
         vertex 5.17241377383471 0 -15.5172413215041
         vertex 8.62068962305784 0 -12.068965472281
         vertex 5.17241377383471 0 -12.068965472281
      endloop
   endfacet
   facet normal 0 -1 0
      outer loop
         vertex 5.17241377383471 0 -15.5172413215041
         vertex 5.17241377383471 0 -12.068965472281
         vertex 1.72413792461157 0 -15.5172413215041
      endloop
   endfacet
   facet normal 0 -1 0
      outer loop
         vertex 1.72413792461157 0 -15.5172413215041
         vertex 5.17241377383471 0 -12.068965472281
         vertex 1.72413792461157 0 -12.068965472281
      endloop
   endfacet
   facet normal 0 -1 0
      outer loop
         vertex 1.72413792461157 0 -15.5172413215041
         vertex 1.72413792461157 0 -12.068965472281
         vertex -1.72413792461157 0 -15.5172413215041
      endloop
   endfacet
   facet normal 0 -1 0
      outer loop
         vertex -1.72413792461157 0 -15.5172413215041
         vertex 1.72413792461157 0 -12.068965472281
         vertex -1.72413792461157 0 -12.068965472281
      endloop
   endfacet
   facet normal 0 -1 0
      outer loop
         vertex -1.72413792461157 0 -15.5172413215041
         vertex -1.72413792461157 0 -12.068965472281
         vertex -5.17241377383471 0 -15.5172413215041
      endloop
   endfacet
   facet normal 0 -1 0
      outer loop
         vertex -5.17241377383471 0 -15.5172413215041
         vertex -1.72413792461157 0 -12.068965472281
         vertex -5.17241377383471 0 -12.068965472281
      endloop
   endfacet
   facet normal 0 -1 0
      outer loop
         vertex -5.17241377383471 0 -15.5172413215041
         vertex -5.17241377383471 0 -12.068965472281
         vertex -8.62068962305784 0 -15.5172413215041
      endloop
   endfacet
   facet normal 0 -1 0
      outer loop
         vertex -8.62068962305784 0 -15.5172413215041
         vertex -5.17241377383471 0 -12.068965472281
         vertex -8.62068962305784 0 -12.068965472281
      endloop
   endfacet
   facet normal 0 -1 0
      outer loop
         vertex -8.62068962305784 0 -15.5172413215041
         vertex -8.62068962305784 0 -12.068965472281
         vertex -12.068965472281 0 -15.5172413215041
      endloop
   endfacet
   facet normal 0 -1 0
      outer loop
         vertex -12.068965472281 0 -15.5172413215041
         vertex -8.62068962305784 0 -12.068965472281
         vertex -12.068965472281 0 -12.068965472281
      endloop
   endfacet
   facet normal 0 -1 0
      outer loop
         vertex -12.068965472281 0 -15.5172413215041
         vertex -12.068965472281 0 -12.068965472281
         vertex -15.5172413215041 0 -15.5172413215041
      endloop
   endfacet
   facet normal 0 -1 0
      outer loop
         vertex -15.5172413215041 0 -15.5172413215041
         vertex -12.068965472281 0 -12.068965472281
         vertex -15.5172413215041 0 -12.068965472281
      endloop
   endfacet
   facet normal 0 -1 0
      outer loop
         vertex -15.5172413215041 0 -15.5172413215041
         vertex -15.5172413215041 0 -12.068965472281
         vertex -18.9655181020498 0 -15.5172413215041
      endloop
   endfacet
   facet normal 0 -1 0
      outer loop
         vertex -18.9655181020498 0 -15.5172413215041
         vertex -15.5172413215041 0 -12.068965472281
         vertex -18.9655181020498 0 -12.068965472281
      endloop
   endfacet
   facet normal 0 -1 0
      outer loop
         vertex -18.9655181020498 0 -15.5172413215041
         vertex -18.9655181020498 0 -12.068965472281
         vertex -22.413793951273 0 -15.5172413215041
      endloop
   endfacet
   facet normal 0 -1 0
      outer loop
         vertex -18.9655181020498 0 -12.068965472281
         vertex -15.5172413215041 0 -12.068965472281
         vertex -15.5172413215041 0 -8.62068962305784
      endloop
   endfacet
   facet normal 0 -1 0
      outer loop
         vertex -15.5172413215041 0 -8.62068962305784
         vertex -15.5172413215041 0 -12.068965472281
         vertex -12.068965472281 0 -8.62068962305784
      endloop
   endfacet
   facet normal 0 -1 0
      outer loop
         vertex -15.5172413215041 0 -8.62068962305784
         vertex -12.068965472281 0 -8.62068962305784
         vertex -12.068965472281 0 -5.17241377383471
      endloop
   endfacet
   facet normal 0 -1 0
      outer loop
         vertex -12.068965472281 0 -5.17241377383471
         vertex -12.068965472281 0 -8.62068962305784
         vertex -8.62068962305784 0 -5.17241377383471
      endloop
   endfacet
   facet normal 0 -1 0
      outer loop
         vertex -12.068965472281 0 -5.17241377383471
         vertex -8.62068962305784 0 -5.17241377383471
         vertex -8.62068962305784 0 -1.72413792461157
      endloop
   endfacet
   facet normal 0 -1 0
      outer loop
         vertex -8.62068962305784 0 -1.72413792461157
         vertex -8.62068962305784 0 -5.17241377383471
         vertex -5.17241377383471 0 -1.72413792461157
      endloop
   endfacet
   facet normal 0 -1 0
      outer loop
         vertex -8.62068962305784 0 -1.72413792461157
         vertex -5.17241377383471 0 -1.72413792461157
         vertex -5.17241377383471 0 1.72413792461157
      endloop
   endfacet
   facet normal 0 -1 0
      outer loop
         vertex -5.17241377383471 0 1.72413792461157
         vertex -5.17241377383471 0 -1.72413792461157
         vertex -1.72413792461157 0 1.72413792461157
      endloop
   endfacet
   facet normal 0 -1 0
      outer loop
         vertex -5.17241377383471 0 1.72413792461157
         vertex -1.72413792461157 0 1.72413792461157
         vertex -1.72413792461157 0 5.17241377383471
      endloop
   endfacet
   facet normal 0 -1 0
      outer loop
         vertex -1.72413792461157 0 5.17241377383471
         vertex -1.72413792461157 0 1.72413792461157
         vertex 1.72413792461157 0 5.17241377383471
      endloop
   endfacet
   facet normal 0 -1 0
      outer loop
         vertex -1.72413792461157 0 5.17241377383471
         vertex 1.72413792461157 0 5.17241377383471
         vertex 1.72413792461157 0 8.62068962305784
      endloop
   endfacet
   facet normal 0 -1 0
      outer loop
         vertex 1.72413792461157 0 8.62068962305784
         vertex 1.72413792461157 0 5.17241377383471
         vertex 5.17241377383471 0 8.62068962305784
      endloop
   endfacet
   facet normal 0 -1 0
      outer loop
         vertex 1.72413792461157 0 8.62068962305784
         vertex 5.17241377383471 0 8.62068962305784
         vertex 5.17241377383471 0 12.068965472281
      endloop
   endfacet
   facet normal 0 -1 0
      outer loop
         vertex 5.17241377383471 0 12.068965472281
         vertex 5.17241377383471 0 8.62068962305784
         vertex 8.62068962305784 0 12.068965472281
      endloop
   endfacet
   facet normal 0 -1 0
      outer loop
         vertex 5.17241377383471 0 12.068965472281
         vertex 8.62068962305784 0 12.068965472281
         vertex 8.62068962305784 0 15.5172413215041
      endloop
   endfacet
   facet normal 0 -1 0
      outer loop
         vertex 8.62068962305784 0 15.5172413215041
         vertex 8.62068962305784 0 12.068965472281
         vertex 12.068965472281 0 15.5172413215041
      endloop
   endfacet
   facet normal 0 -1 0
      outer loop
         vertex 8.62068962305784 0 15.5172413215041
         vertex 12.068965472281 0 15.5172413215041
         vertex 12.068965472281 0 18.9655181020498
      endloop
   endfacet
   facet normal 0 -1 0
      outer loop
         vertex 12.068965472281 0 18.9655181020498
         vertex 12.068965472281 0 15.5172413215041
         vertex 15.5172413215041 0 18.9655181020498
      endloop
   endfacet
   facet normal 0 -1 0
      outer loop
         vertex 12.068965472281 0 18.9655181020498
         vertex 15.5172413215041 0 18.9655181020498
         vertex 15.5172413215041 0 22.413793951273
      endloop
   endfacet
   facet normal 0 -1 0
      outer loop
         vertex 15.5172413215041 0 22.413793951273
         vertex 15.5172413215041 0 18.9655181020498
         vertex 18.9655181020498 0 22.413793951273
      endloop
   endfacet
   facet normal 0 -1 0
      outer loop
         vertex 15.5172413215041 0 22.413793951273
         vertex 18.9655181020498 0 22.413793951273
         vertex 18.9655181020498 0 25.8620698004961
      endloop
   endfacet
   facet normal 0 -1 0
      outer loop
         vertex 18.9655181020498 0 25.8620698004961
         vertex 18.9655181020498 0 22.413793951273
         vertex 22.413793951273 0 25.8620698004961
      endloop
   endfacet
   facet normal 0 -1 0
      outer loop
         vertex 18.9655181020498 0 25.8620698004961
         vertex 22.413793951273 0 25.8620698004961
         vertex 22.413793951273 0 29.3103456497192
      endloop
   endfacet
   facet normal 0 -1 0
      outer loop
         vertex -18.9655181020498 0 18.9655181020498
         vertex -18.9655181020498 0 15.5172413215041
         vertex -15.5172413215041 0 18.9655181020498
      endloop
   endfacet
   facet normal 0 -1 0
      outer loop
         vertex -15.5172413215041 0 18.9655181020498
         vertex -18.9655181020498 0 15.5172413215041
         vertex -15.5172413215041 0 15.5172413215041
      endloop
   endfacet
   facet normal 0 -1 0
      outer loop
         vertex -15.5172413215041 0 18.9655181020498
         vertex -15.5172413215041 0 15.5172413215041
         vertex -12.068965472281 0 18.9655181020498
      endloop
   endfacet
   facet normal 0 -1 0
      outer loop
         vertex -18.9655181020498 0 22.413793951273
         vertex -18.9655181020498 0 18.9655181020498
         vertex -15.5172413215041 0 22.413793951273
      endloop
   endfacet
   facet normal 0 -1 0
      outer loop
         vertex -15.5172413215041 0 22.413793951273
         vertex -18.9655181020498 0 18.9655181020498
         vertex -15.5172413215041 0 18.9655181020498
      endloop
   endfacet
   facet normal 0 -1 0
      outer loop
         vertex -15.5172413215041 0 22.413793951273
         vertex -15.5172413215041 0 18.9655181020498
         vertex -12.068965472281 0 22.413793951273
      endloop
   endfacet
   facet normal 0 -1 0
      outer loop
         vertex -12.068965472281 0 22.413793951273
         vertex -15.5172413215041 0 18.9655181020498
         vertex -12.068965472281 0 18.9655181020498
      endloop
   endfacet
   facet normal 0 -1 0
      outer loop
         vertex -12.068965472281 0 22.413793951273
         vertex -12.068965472281 0 18.9655181020498
         vertex -8.62068962305784 0 22.413793951273
      endloop
   endfacet
   facet normal 0 -1 0
      outer loop
         vertex -18.9655181020498 0 25.8620698004961
         vertex -18.9655181020498 0 22.413793951273
         vertex -15.5172413215041 0 25.8620698004961
      endloop
   endfacet
   facet normal 0 -1 0
      outer loop
         vertex -15.5172413215041 0 25.8620698004961
         vertex -18.9655181020498 0 22.413793951273
         vertex -15.5172413215041 0 22.413793951273
      endloop
   endfacet
   facet normal 0 -1 0
      outer loop
         vertex -15.5172413215041 0 25.8620698004961
         vertex -15.5172413215041 0 22.413793951273
         vertex -12.068965472281 0 25.8620698004961
      endloop
   endfacet
   facet normal 0 -1 0
      outer loop
         vertex -12.068965472281 0 25.8620698004961
         vertex -15.5172413215041 0 22.413793951273
         vertex -12.068965472281 0 22.413793951273
      endloop
   endfacet
   facet normal 0 -1 0
      outer loop
         vertex -12.068965472281 0 25.8620698004961
         vertex -12.068965472281 0 22.413793951273
         vertex -8.62068962305784 0 25.8620698004961
      endloop
   endfacet
   facet normal 0 -1 0
      outer loop
         vertex -8.62068962305784 0 25.8620698004961
         vertex -12.068965472281 0 22.413793951273
         vertex -8.62068962305784 0 22.413793951273
      endloop
   endfacet
   facet normal 0 -1 0
      outer loop
         vertex -8.62068962305784 0 25.8620698004961
         vertex -8.62068962305784 0 22.413793951273
         vertex -5.17241377383471 0 25.8620698004961
      endloop
   endfacet
   facet normal 0 -1 0
      outer loop
         vertex -18.9655181020498 0 29.3103456497192
         vertex -18.9655181020498 0 25.8620698004961
         vertex -15.5172413215041 0 29.3103456497192
      endloop
   endfacet
   facet normal 0 -1 0
      outer loop
         vertex -15.5172413215041 0 29.3103456497192
         vertex -18.9655181020498 0 25.8620698004961
         vertex -15.5172413215041 0 25.8620698004961
      endloop
   endfacet
   facet normal 0 -1 0
      outer loop
         vertex -15.5172413215041 0 29.3103456497192
         vertex -15.5172413215041 0 25.8620698004961
         vertex -12.068965472281 0 29.3103456497192
      endloop
   endfacet
   facet normal 0 -1 0
      outer loop
         vertex -12.068965472281 0 29.3103456497192
         vertex -15.5172413215041 0 25.8620698004961
         vertex -12.068965472281 0 25.8620698004961
      endloop
   endfacet
   facet normal 0 -1 0
      outer loop
         vertex -12.068965472281 0 29.3103456497192
         vertex -12.068965472281 0 25.8620698004961
         vertex -8.62068962305784 0 29.3103456497192
      endloop
   endfacet
   facet normal 0 -1 0
      outer loop
         vertex -8.62068962305784 0 29.3103456497192
         vertex -12.068965472281 0 25.8620698004961
         vertex -8.62068962305784 0 25.8620698004961
      endloop
   endfacet
   facet normal 0 -1 0
      outer loop
         vertex -8.62068962305784 0 29.3103456497192
         vertex -8.62068962305784 0 25.8620698004961
         vertex -5.17241377383471 0 29.3103456497192
      endloop
   endfacet
   facet normal 0 -1 0
      outer loop
         vertex -5.17241377383471 0 29.3103456497192
         vertex -8.62068962305784 0 25.8620698004961
         vertex -5.17241377383471 0 25.8620698004961
      endloop
   endfacet
   facet normal 0 -1 0
      outer loop
         vertex -5.17241377383471 0 29.3103456497192
         vertex -5.17241377383471 0 25.8620698004961
         vertex -1.72413792461157 0 29.3103456497192
      endloop
   endfacet
   facet normal 0 -1 0
      outer loop
         vertex -18.9655181020498 0 32.7586196362972
         vertex -18.9655181020498 0 29.3103456497192
         vertex -15.5172413215041 0 32.7586196362972
      endloop
   endfacet
   facet normal 0 -1 0
      outer loop
         vertex -15.5172413215041 0 32.7586196362972
         vertex -18.9655181020498 0 29.3103456497192
         vertex -15.5172413215041 0 29.3103456497192
      endloop
   endfacet
   facet normal 0 -1 0
      outer loop
         vertex -15.5172413215041 0 32.7586196362972
         vertex -15.5172413215041 0 29.3103456497192
         vertex -12.068965472281 0 32.7586196362972
      endloop
   endfacet
   facet normal 0 -1 0
      outer loop
         vertex -12.068965472281 0 32.7586196362972
         vertex -15.5172413215041 0 29.3103456497192
         vertex -12.068965472281 0 29.3103456497192
      endloop
   endfacet
   facet normal 0 -1 0
      outer loop
         vertex -12.068965472281 0 32.7586196362972
         vertex -12.068965472281 0 29.3103456497192
         vertex -8.62068962305784 0 32.7586196362972
      endloop
   endfacet
   facet normal 0 -1 0
      outer loop
         vertex -8.62068962305784 0 32.7586196362972
         vertex -12.068965472281 0 29.3103456497192
         vertex -8.62068962305784 0 29.3103456497192
      endloop
   endfacet
   facet normal 0 -1 0
      outer loop
         vertex -8.62068962305784 0 32.7586196362972
         vertex -8.62068962305784 0 29.3103456497192
         vertex -5.17241377383471 0 32.7586196362972
      endloop
   endfacet
   facet normal 0 -1 0
      outer loop
         vertex -5.17241377383471 0 32.7586196362972
         vertex -8.62068962305784 0 29.3103456497192
         vertex -5.17241377383471 0 29.3103456497192
      endloop
   endfacet
   facet normal 0 -1 0
      outer loop
         vertex -5.17241377383471 0 32.7586196362972
         vertex -5.17241377383471 0 29.3103456497192
         vertex -1.72413792461157 0 32.7586196362972
      endloop
   endfacet
   facet normal 0 -1 0
      outer loop
         vertex -1.72413792461157 0 32.7586196362972
         vertex -5.17241377383471 0 29.3103456497192
         vertex -1.72413792461157 0 29.3103456497192
      endloop
   endfacet
   facet normal 0 -1 0
      outer loop
         vertex -1.72413792461157 0 32.7586196362972
         vertex -1.72413792461157 0 29.3103456497192
         vertex 1.72413792461157 0 32.7586196362972
      endloop
   endfacet
   facet normal 0 -1 0
      outer loop
         vertex -18.9655181020498 0 36.2068973481655
         vertex -18.9655181020498 0 32.7586196362972
         vertex -15.5172413215041 0 36.2068973481655
      endloop
   endfacet
   facet normal 0 -1 0
      outer loop
         vertex -15.5172413215041 0 36.2068973481655
         vertex -18.9655181020498 0 32.7586196362972
         vertex -15.5172413215041 0 32.7586196362972
      endloop
   endfacet
   facet normal 0 -1 0
      outer loop
         vertex -15.5172413215041 0 36.2068973481655
         vertex -15.5172413215041 0 32.7586196362972
         vertex -12.068965472281 0 36.2068973481655
      endloop
   endfacet
   facet normal 0 -1 0
      outer loop
         vertex -12.068965472281 0 36.2068973481655
         vertex -15.5172413215041 0 32.7586196362972
         vertex -12.068965472281 0 32.7586196362972
      endloop
   endfacet
   facet normal 0 -1 0
      outer loop
         vertex -12.068965472281 0 36.2068973481655
         vertex -12.068965472281 0 32.7586196362972
         vertex -8.62068962305784 0 36.2068973481655
      endloop
   endfacet
   facet normal 0 -1 0
      outer loop
         vertex -8.62068962305784 0 36.2068973481655
         vertex -12.068965472281 0 32.7586196362972
         vertex -8.62068962305784 0 32.7586196362972
      endloop
   endfacet
   facet normal 0 -1 0
      outer loop
         vertex -8.62068962305784 0 36.2068973481655
         vertex -8.62068962305784 0 32.7586196362972
         vertex -5.17241377383471 0 36.2068973481655
      endloop
   endfacet
   facet normal 0 -1 0
      outer loop
         vertex -5.17241377383471 0 36.2068973481655
         vertex -8.62068962305784 0 32.7586196362972
         vertex -5.17241377383471 0 32.7586196362972
      endloop
   endfacet
   facet normal 0 -1 0
      outer loop
         vertex -5.17241377383471 0 36.2068973481655
         vertex -5.17241377383471 0 32.7586196362972
         vertex -1.72413792461157 0 36.2068973481655
      endloop
   endfacet
   facet normal 0 -1 0
      outer loop
         vertex -1.72413792461157 0 36.2068973481655
         vertex -5.17241377383471 0 32.7586196362972
         vertex -1.72413792461157 0 32.7586196362972
      endloop
   endfacet
   facet normal 0 -1 0
      outer loop
         vertex -1.72413792461157 0 36.2068973481655
         vertex -1.72413792461157 0 32.7586196362972
         vertex 1.72413792461157 0 36.2068973481655
      endloop
   endfacet
   facet normal 0 -1 0
      outer loop
         vertex 1.72413792461157 0 36.2068973481655
         vertex -1.72413792461157 0 32.7586196362972
         vertex 1.72413792461157 0 32.7586196362972
      endloop
   endfacet
   facet normal 0 -1 0
      outer loop
         vertex -18.9655181020498 0 36.2068973481655
         vertex -15.5172413215041 0 36.2068973481655
         vertex -15.5172413215041 0 39.6551713347435
      endloop
   endfacet
   facet normal 0 -1 0
      outer loop
         vertex -15.5172413215041 0 39.6551713347435
         vertex -15.5172413215041 0 36.2068973481655
         vertex -12.068965472281 0 39.6551713347435
      endloop
   endfacet
   facet normal 0 -1 0
      outer loop
         vertex -15.5172413215041 0 39.6551713347435
         vertex -12.068965472281 0 39.6551713347435
         vertex -12.068965472281 0 43.1034490466118
      endloop
   endfacet
   facet normal 0 -1 0
      outer loop
         vertex -12.068965472281 0 43.1034490466118
         vertex -12.068965472281 0 39.6551713347435
         vertex -8.62068962305784 0 43.1034490466118
      endloop
   endfacet
   facet normal 0 -1 0
      outer loop
         vertex -12.068965472281 0 43.1034490466118
         vertex -8.62068962305784 0 43.1034490466118
         vertex -8.62068962305784 0 46.5517230331898
      endloop
   endfacet
   facet normal 0 -1 0
      outer loop
         vertex -8.62068962305784 0 46.5517230331898
         vertex -8.62068962305784 0 43.1034490466118
         vertex -5.17241377383471 0 46.5517230331898
      endloop
   endfacet
   facet normal 0 -1 0
      outer loop
         vertex -18.9655181020498 0 43.1034490466118
         vertex -18.9655181020498 0 39.6551713347435
         vertex -15.5172413215041 0 43.1034490466118
      endloop
   endfacet
   facet normal 0 -1 0
      outer loop
         vertex -18.9655181020498 0 15.5172413215041
         vertex -18.9655181020498 0 12.068965472281
         vertex -15.5172413215041 0 15.5172413215041
      endloop
   endfacet
   facet normal 0 -1 0
      outer loop
         vertex -18.9655181020498 0 -43.1034490466118
         vertex -18.9655181020498 0 -39.6551713347435
         vertex -22.413793951273 0 -43.1034490466118
      endloop
   endfacet
   facet normal 0 -1 0
      outer loop
         vertex -13.5420234873891 0 48.1312125921249
         vertex -18.2670503854752 0 46.543687582016
         vertex -15.5172413215041 0 46.5517230331898
      endloop
   endfacet
   facet normal 0 -1 0
      outer loop
         vertex -15.5172413215041 0 -12.068965472281
         vertex -12.068965472281 0 -12.068965472281
         vertex -12.068965472281 0 -8.62068962305784
      endloop
   endfacet
   facet normal 0 -1 0
      outer loop
         vertex -12.068965472281 0 -8.62068962305784
         vertex -12.068965472281 0 -12.068965472281
         vertex -8.62068962305784 0 -8.62068962305784
      endloop
   endfacet
   facet normal 0 -1 0
      outer loop
         vertex -12.068965472281 0 -8.62068962305784
         vertex -8.62068962305784 0 -8.62068962305784
         vertex -8.62068962305784 0 -5.17241377383471
      endloop
   endfacet
   facet normal 0 -1 0
      outer loop
         vertex -8.62068962305784 0 -5.17241377383471
         vertex -8.62068962305784 0 -8.62068962305784
         vertex -5.17241377383471 0 -5.17241377383471
      endloop
   endfacet
   facet normal 0 -1 0
      outer loop
         vertex -8.62068962305784 0 -5.17241377383471
         vertex -5.17241377383471 0 -5.17241377383471
         vertex -5.17241377383471 0 -1.72413792461157
      endloop
   endfacet
   facet normal 0 -1 0
      outer loop
         vertex -5.17241377383471 0 -1.72413792461157
         vertex -5.17241377383471 0 -5.17241377383471
         vertex -1.72413792461157 0 -1.72413792461157
      endloop
   endfacet
   facet normal 0 -1 0
      outer loop
         vertex -5.17241377383471 0 -1.72413792461157
         vertex -1.72413792461157 0 -1.72413792461157
         vertex -1.72413792461157 0 1.72413792461157
      endloop
   endfacet
   facet normal 0 -1 0
      outer loop
         vertex -1.72413792461157 0 1.72413792461157
         vertex -1.72413792461157 0 -1.72413792461157
         vertex 1.72413792461157 0 1.72413792461157
      endloop
   endfacet
   facet normal 0 -1 0
      outer loop
         vertex -1.72413792461157 0 1.72413792461157
         vertex 1.72413792461157 0 1.72413792461157
         vertex 1.72413792461157 0 5.17241377383471
      endloop
   endfacet
   facet normal 0 -1 0
      outer loop
         vertex 1.72413792461157 0 5.17241377383471
         vertex 1.72413792461157 0 1.72413792461157
         vertex 5.17241377383471 0 5.17241377383471
      endloop
   endfacet
   facet normal 0 -1 0
      outer loop
         vertex 1.72413792461157 0 5.17241377383471
         vertex 5.17241377383471 0 5.17241377383471
         vertex 5.17241377383471 0 8.62068962305784
      endloop
   endfacet
   facet normal 0 -1 0
      outer loop
         vertex 5.17241377383471 0 8.62068962305784
         vertex 5.17241377383471 0 5.17241377383471
         vertex 8.62068962305784 0 8.62068962305784
      endloop
   endfacet
   facet normal 0 -1 0
      outer loop
         vertex 5.17241377383471 0 8.62068962305784
         vertex 8.62068962305784 0 8.62068962305784
         vertex 8.62068962305784 0 12.068965472281
      endloop
   endfacet
   facet normal 0 -1 0
      outer loop
         vertex 8.62068962305784 0 12.068965472281
         vertex 8.62068962305784 0 8.62068962305784
         vertex 12.068965472281 0 12.068965472281
      endloop
   endfacet
   facet normal 0 -1 0
      outer loop
         vertex 8.62068962305784 0 12.068965472281
         vertex 12.068965472281 0 12.068965472281
         vertex 12.068965472281 0 15.5172413215041
      endloop
   endfacet
   facet normal 0 -1 0
      outer loop
         vertex 12.068965472281 0 15.5172413215041
         vertex 12.068965472281 0 12.068965472281
         vertex 15.5172413215041 0 15.5172413215041
      endloop
   endfacet
   facet normal 0 -1 0
      outer loop
         vertex 12.068965472281 0 15.5172413215041
         vertex 15.5172413215041 0 15.5172413215041
         vertex 15.5172413215041 0 18.9655181020498
      endloop
   endfacet
   facet normal 0 -1 0
      outer loop
         vertex 15.5172413215041 0 18.9655181020498
         vertex 15.5172413215041 0 15.5172413215041
         vertex 18.9655181020498 0 18.9655181020498
      endloop
   endfacet
   facet normal 0 -1 0
      outer loop
         vertex 15.5172413215041 0 18.9655181020498
         vertex 18.9655181020498 0 18.9655181020498
         vertex 18.9655181020498 0 22.413793951273
      endloop
   endfacet
   facet normal 0 -1 0
      outer loop
         vertex 18.9655181020498 0 22.413793951273
         vertex 18.9655181020498 0 18.9655181020498
         vertex 22.413793951273 0 22.413793951273
      endloop
   endfacet
   facet normal 0 -1 0
      outer loop
         vertex 18.9655181020498 0 22.413793951273
         vertex 22.413793951273 0 22.413793951273
         vertex 22.413793951273 0 25.8620698004961
      endloop
   endfacet
   facet normal 0 -1 0
      outer loop
         vertex -15.5172413215041 0 36.2068973481655
         vertex -12.068965472281 0 36.2068973481655
         vertex -12.068965472281 0 39.6551713347435
      endloop
   endfacet
   facet normal 0 -1 0
      outer loop
         vertex -12.068965472281 0 39.6551713347435
         vertex -12.068965472281 0 36.2068973481655
         vertex -8.62068962305784 0 39.6551713347435
      endloop
   endfacet
   facet normal 0 -1 0
      outer loop
         vertex -12.068965472281 0 39.6551713347435
         vertex -8.62068962305784 0 39.6551713347435
         vertex -8.62068962305784 0 43.1034490466118
      endloop
   endfacet
   facet normal 0 -1 0
      outer loop
         vertex -8.62068962305784 0 43.1034490466118
         vertex -8.62068962305784 0 39.6551713347435
         vertex -5.17241377383471 0 43.1034490466118
      endloop
   endfacet
   facet normal 0 -1 0
      outer loop
         vertex -8.62068962305784 0 43.1034490466118
         vertex -5.17241377383471 0 43.1034490466118
         vertex -5.17241377383471 0 46.5517230331898
      endloop
   endfacet
   facet normal 0 -1 0
      outer loop
         vertex -5.17241377383471 0 46.5517230331898
         vertex -5.17241377383471 0 43.1034490466118
         vertex -1.72413792461157 0 46.5517230331898
      endloop
   endfacet
   facet normal 0 -1 0
      outer loop
         vertex -12.068965472281 0 -12.068965472281
         vertex -8.62068962305784 0 -12.068965472281
         vertex -8.62068962305784 0 -8.62068962305784
      endloop
   endfacet
   facet normal 0 -1 0
      outer loop
         vertex -8.62068962305784 0 -8.62068962305784
         vertex -8.62068962305784 0 -12.068965472281
         vertex -5.17241377383471 0 -8.62068962305784
      endloop
   endfacet
   facet normal 0 -1 0
      outer loop
         vertex -8.62068962305784 0 -8.62068962305784
         vertex -5.17241377383471 0 -8.62068962305784
         vertex -5.17241377383471 0 -5.17241377383471
      endloop
   endfacet
   facet normal 0 -1 0
      outer loop
         vertex -5.17241377383471 0 -5.17241377383471
         vertex -5.17241377383471 0 -8.62068962305784
         vertex -1.72413792461157 0 -5.17241377383471
      endloop
   endfacet
   facet normal 0 -1 0
      outer loop
         vertex -5.17241377383471 0 -5.17241377383471
         vertex -1.72413792461157 0 -5.17241377383471
         vertex -1.72413792461157 0 -1.72413792461157
      endloop
   endfacet
   facet normal 0 -1 0
      outer loop
         vertex -1.72413792461157 0 -1.72413792461157
         vertex -1.72413792461157 0 -5.17241377383471
         vertex 1.72413792461157 0 -1.72413792461157
      endloop
   endfacet
   facet normal 0 -1 0
      outer loop
         vertex -1.72413792461157 0 -1.72413792461157
         vertex 1.72413792461157 0 -1.72413792461157
         vertex 1.72413792461157 0 1.72413792461157
      endloop
   endfacet
   facet normal 0 -1 0
      outer loop
         vertex 1.72413792461157 0 1.72413792461157
         vertex 1.72413792461157 0 -1.72413792461157
         vertex 5.17241377383471 0 1.72413792461157
      endloop
   endfacet
   facet normal 0 -1 0
      outer loop
         vertex 1.72413792461157 0 1.72413792461157
         vertex 5.17241377383471 0 1.72413792461157
         vertex 5.17241377383471 0 5.17241377383471
      endloop
   endfacet
   facet normal 0 -1 0
      outer loop
         vertex 5.17241377383471 0 5.17241377383471
         vertex 5.17241377383471 0 1.72413792461157
         vertex 8.62068962305784 0 5.17241377383471
      endloop
   endfacet
   facet normal 0 -1 0
      outer loop
         vertex 5.17241377383471 0 5.17241377383471
         vertex 8.62068962305784 0 5.17241377383471
         vertex 8.62068962305784 0 8.62068962305784
      endloop
   endfacet
   facet normal 0 -1 0
      outer loop
         vertex 8.62068962305784 0 8.62068962305784
         vertex 8.62068962305784 0 5.17241377383471
         vertex 12.068965472281 0 8.62068962305784
      endloop
   endfacet
   facet normal 0 -1 0
      outer loop
         vertex 8.62068962305784 0 8.62068962305784
         vertex 12.068965472281 0 8.62068962305784
         vertex 12.068965472281 0 12.068965472281
      endloop
   endfacet
   facet normal 0 -1 0
      outer loop
         vertex 12.068965472281 0 12.068965472281
         vertex 12.068965472281 0 8.62068962305784
         vertex 15.5172413215041 0 12.068965472281
      endloop
   endfacet
   facet normal 0 -1 0
      outer loop
         vertex 12.068965472281 0 12.068965472281
         vertex 15.5172413215041 0 12.068965472281
         vertex 15.5172413215041 0 15.5172413215041
      endloop
   endfacet
   facet normal 0 -1 0
      outer loop
         vertex 15.5172413215041 0 15.5172413215041
         vertex 15.5172413215041 0 12.068965472281
         vertex 18.9655181020498 0 15.5172413215041
      endloop
   endfacet
   facet normal 0 -1 0
      outer loop
         vertex 15.5172413215041 0 15.5172413215041
         vertex 18.9655181020498 0 15.5172413215041
         vertex 18.9655181020498 0 18.9655181020498
      endloop
   endfacet
   facet normal 0 -1 0
      outer loop
         vertex 18.9655181020498 0 18.9655181020498
         vertex 18.9655181020498 0 15.5172413215041
         vertex 22.413793951273 0 18.9655181020498
      endloop
   endfacet
   facet normal 0 -1 0
      outer loop
         vertex 18.9655181020498 0 18.9655181020498
         vertex 22.413793951273 0 18.9655181020498
         vertex 22.413793951273 0 22.413793951273
      endloop
   endfacet
   facet normal 0 -1 0
      outer loop
         vertex -12.068965472281 0 36.2068973481655
         vertex -8.62068962305784 0 36.2068973481655
         vertex -8.62068962305784 0 39.6551713347435
      endloop
   endfacet
   facet normal 0 -1 0
      outer loop
         vertex -8.62068962305784 0 39.6551713347435
         vertex -8.62068962305784 0 36.2068973481655
         vertex -5.17241377383471 0 39.6551713347435
      endloop
   endfacet
   facet normal 0 -1 0
      outer loop
         vertex -8.62068962305784 0 39.6551713347435
         vertex -5.17241377383471 0 39.6551713347435
         vertex -5.17241377383471 0 43.1034490466118
      endloop
   endfacet
   facet normal 0 -1 0
      outer loop
         vertex -5.17241377383471 0 43.1034490466118
         vertex -5.17241377383471 0 39.6551713347435
         vertex -1.72413792461157 0 43.1034490466118
      endloop
   endfacet
   facet normal 0 -1 0
      outer loop
         vertex -5.17241377383471 0 43.1034490466118
         vertex -1.72413792461157 0 43.1034490466118
         vertex -1.72413792461157 0 46.5517230331898
      endloop
   endfacet
   facet normal 0 -1 0
      outer loop
         vertex -1.72413792461157 0 46.5517230331898
         vertex -1.72413792461157 0 43.1034490466118
         vertex 1.72413792461157 0 46.5517230331898
      endloop
   endfacet
   facet normal 0 -1 0
      outer loop
         vertex 22.413793951273 0 -12.068965472281
         vertex 22.413793951273 0 -8.62068962305784
         vertex 18.9655181020498 0 -12.068965472281
      endloop
   endfacet
   facet normal 0 -1 0
      outer loop
         vertex 18.9655181020498 0 -12.068965472281
         vertex 22.413793951273 0 -8.62068962305784
         vertex 18.9655181020498 0 -8.62068962305784
      endloop
   endfacet
   facet normal 0 -1 0
      outer loop
         vertex 18.9655181020498 0 -12.068965472281
         vertex 18.9655181020498 0 -8.62068962305784
         vertex 15.5172413215041 0 -12.068965472281
      endloop
   endfacet
   facet normal 0 -1 0
      outer loop
         vertex 15.5172413215041 0 -12.068965472281
         vertex 18.9655181020498 0 -8.62068962305784
         vertex 15.5172413215041 0 -8.62068962305784
      endloop
   endfacet
   facet normal 0 -1 0
      outer loop
         vertex 15.5172413215041 0 -12.068965472281
         vertex 15.5172413215041 0 -8.62068962305784
         vertex 12.068965472281 0 -12.068965472281
      endloop
   endfacet
   facet normal 0 -1 0
      outer loop
         vertex 12.068965472281 0 -12.068965472281
         vertex 15.5172413215041 0 -8.62068962305784
         vertex 12.068965472281 0 -8.62068962305784
      endloop
   endfacet
   facet normal 0 -1 0
      outer loop
         vertex 12.068965472281 0 -12.068965472281
         vertex 12.068965472281 0 -8.62068962305784
         vertex 8.62068962305784 0 -12.068965472281
      endloop
   endfacet
   facet normal 0 -1 0
      outer loop
         vertex 8.62068962305784 0 -12.068965472281
         vertex 12.068965472281 0 -8.62068962305784
         vertex 8.62068962305784 0 -8.62068962305784
      endloop
   endfacet
   facet normal 0 -1 0
      outer loop
         vertex 8.62068962305784 0 -12.068965472281
         vertex 8.62068962305784 0 -8.62068962305784
         vertex 5.17241377383471 0 -12.068965472281
      endloop
   endfacet
   facet normal 0 -1 0
      outer loop
         vertex 5.17241377383471 0 -12.068965472281
         vertex 8.62068962305784 0 -8.62068962305784
         vertex 5.17241377383471 0 -8.62068962305784
      endloop
   endfacet
   facet normal 0 -1 0
      outer loop
         vertex 5.17241377383471 0 -12.068965472281
         vertex 5.17241377383471 0 -8.62068962305784
         vertex 1.72413792461157 0 -12.068965472281
      endloop
   endfacet
   facet normal 0 -1 0
      outer loop
         vertex 1.72413792461157 0 -12.068965472281
         vertex 5.17241377383471 0 -8.62068962305784
         vertex 1.72413792461157 0 -8.62068962305784
      endloop
   endfacet
   facet normal 0 -1 0
      outer loop
         vertex 1.72413792461157 0 -12.068965472281
         vertex 1.72413792461157 0 -8.62068962305784
         vertex -1.72413792461157 0 -12.068965472281
      endloop
   endfacet
   facet normal 0 -1 0
      outer loop
         vertex -1.72413792461157 0 -12.068965472281
         vertex 1.72413792461157 0 -8.62068962305784
         vertex -1.72413792461157 0 -8.62068962305784
      endloop
   endfacet
   facet normal 0 -1 0
      outer loop
         vertex -1.72413792461157 0 -12.068965472281
         vertex -1.72413792461157 0 -8.62068962305784
         vertex -5.17241377383471 0 -12.068965472281
      endloop
   endfacet
   facet normal 0 -1 0
      outer loop
         vertex -5.17241377383471 0 -12.068965472281
         vertex -1.72413792461157 0 -8.62068962305784
         vertex -5.17241377383471 0 -8.62068962305784
      endloop
   endfacet
   facet normal 0 -1 0
      outer loop
         vertex -5.17241377383471 0 -12.068965472281
         vertex -5.17241377383471 0 -8.62068962305784
         vertex -8.62068962305784 0 -12.068965472281
      endloop
   endfacet
   facet normal 0 -1 0
      outer loop
         vertex -5.17241377383471 0 -8.62068962305784
         vertex -1.72413792461157 0 -8.62068962305784
         vertex -1.72413792461157 0 -5.17241377383471
      endloop
   endfacet
   facet normal 0 -1 0
      outer loop
         vertex -1.72413792461157 0 -5.17241377383471
         vertex -1.72413792461157 0 -8.62068962305784
         vertex 1.72413792461157 0 -5.17241377383471
      endloop
   endfacet
   facet normal 0 -1 0
      outer loop
         vertex -1.72413792461157 0 -5.17241377383471
         vertex 1.72413792461157 0 -5.17241377383471
         vertex 1.72413792461157 0 -1.72413792461157
      endloop
   endfacet
   facet normal 0 -1 0
      outer loop
         vertex 1.72413792461157 0 -1.72413792461157
         vertex 1.72413792461157 0 -5.17241377383471
         vertex 5.17241377383471 0 -1.72413792461157
      endloop
   endfacet
   facet normal 0 -1 0
      outer loop
         vertex 1.72413792461157 0 -1.72413792461157
         vertex 5.17241377383471 0 -1.72413792461157
         vertex 5.17241377383471 0 1.72413792461157
      endloop
   endfacet
   facet normal 0 -1 0
      outer loop
         vertex 5.17241377383471 0 1.72413792461157
         vertex 5.17241377383471 0 -1.72413792461157
         vertex 8.62068962305784 0 1.72413792461157
      endloop
   endfacet
   facet normal 0 -1 0
      outer loop
         vertex 5.17241377383471 0 1.72413792461157
         vertex 8.62068962305784 0 1.72413792461157
         vertex 8.62068962305784 0 5.17241377383471
      endloop
   endfacet
   facet normal 0 -1 0
      outer loop
         vertex 8.62068962305784 0 5.17241377383471
         vertex 8.62068962305784 0 1.72413792461157
         vertex 12.068965472281 0 5.17241377383471
      endloop
   endfacet
   facet normal 0 -1 0
      outer loop
         vertex 8.62068962305784 0 5.17241377383471
         vertex 12.068965472281 0 5.17241377383471
         vertex 12.068965472281 0 8.62068962305784
      endloop
   endfacet
   facet normal 0 -1 0
      outer loop
         vertex 12.068965472281 0 8.62068962305784
         vertex 12.068965472281 0 5.17241377383471
         vertex 15.5172413215041 0 8.62068962305784
      endloop
   endfacet
   facet normal 0 -1 0
      outer loop
         vertex 12.068965472281 0 8.62068962305784
         vertex 15.5172413215041 0 8.62068962305784
         vertex 15.5172413215041 0 12.068965472281
      endloop
   endfacet
   facet normal 0 -1 0
      outer loop
         vertex 15.5172413215041 0 12.068965472281
         vertex 15.5172413215041 0 8.62068962305784
         vertex 18.9655181020498 0 12.068965472281
      endloop
   endfacet
   facet normal 0 -1 0
      outer loop
         vertex 15.5172413215041 0 12.068965472281
         vertex 18.9655181020498 0 12.068965472281
         vertex 18.9655181020498 0 15.5172413215041
      endloop
   endfacet
   facet normal 0 -1 0
      outer loop
         vertex 18.9655181020498 0 15.5172413215041
         vertex 18.9655181020498 0 12.068965472281
         vertex 22.413793951273 0 15.5172413215041
      endloop
   endfacet
   facet normal 0 -1 0
      outer loop
         vertex 18.9655181020498 0 15.5172413215041
         vertex 22.413793951273 0 15.5172413215041
         vertex 22.413793951273 0 18.9655181020498
      endloop
   endfacet
   facet normal 0 -1 0
      outer loop
         vertex 1.72413792461157 0 36.2068973481655
         vertex 1.72413792461157 0 39.6551713347435
         vertex -1.72413792461157 0 36.2068973481655
      endloop
   endfacet
   facet normal 0 -1 0
      outer loop
         vertex -1.72413792461157 0 36.2068973481655
         vertex 1.72413792461157 0 39.6551713347435
         vertex -1.72413792461157 0 39.6551713347435
      endloop
   endfacet
   facet normal 0 -1 0
      outer loop
         vertex -1.72413792461157 0 36.2068973481655
         vertex -1.72413792461157 0 39.6551713347435
         vertex -5.17241377383471 0 36.2068973481655
      endloop
   endfacet
   facet normal 0 -1 0
      outer loop
         vertex -5.17241377383471 0 36.2068973481655
         vertex -1.72413792461157 0 39.6551713347435
         vertex -5.17241377383471 0 39.6551713347435
      endloop
   endfacet
   facet normal 0 -1 0
      outer loop
         vertex -5.17241377383471 0 36.2068973481655
         vertex -5.17241377383471 0 39.6551713347435
         vertex -8.62068962305784 0 36.2068973481655
      endloop
   endfacet
   facet normal 0 -1 0
      outer loop
         vertex -5.17241377383471 0 39.6551713347435
         vertex -1.72413792461157 0 39.6551713347435
         vertex -1.72413792461157 0 43.1034490466118
      endloop
   endfacet
   facet normal 0 -1 0
      outer loop
         vertex -1.72413792461157 0 43.1034490466118
         vertex -1.72413792461157 0 39.6551713347435
         vertex 1.72413792461157 0 43.1034490466118
      endloop
   endfacet
   facet normal 0 -1 0
      outer loop
         vertex -1.72413792461157 0 43.1034490466118
         vertex 1.72413792461157 0 43.1034490466118
         vertex 1.72413792461157 0 46.5517230331898
      endloop
   endfacet
   facet normal 0 -1 0
      outer loop
         vertex -1.72413792461157 0 -8.62068962305784
         vertex 1.72413792461157 0 -8.62068962305784
         vertex 1.72413792461157 0 -5.17241377383471
      endloop
   endfacet
   facet normal 0 -1 0
      outer loop
         vertex 1.72413792461157 0 -5.17241377383471
         vertex 1.72413792461157 0 -8.62068962305784
         vertex 5.17241377383471 0 -5.17241377383471
      endloop
   endfacet
   facet normal 0 -1 0
      outer loop
         vertex 1.72413792461157 0 -5.17241377383471
         vertex 5.17241377383471 0 -5.17241377383471
         vertex 5.17241377383471 0 -1.72413792461157
      endloop
   endfacet
   facet normal 0 -1 0
      outer loop
         vertex 5.17241377383471 0 -1.72413792461157
         vertex 5.17241377383471 0 -5.17241377383471
         vertex 8.62068962305784 0 -1.72413792461157
      endloop
   endfacet
   facet normal 0 -1 0
      outer loop
         vertex 5.17241377383471 0 -1.72413792461157
         vertex 8.62068962305784 0 -1.72413792461157
         vertex 8.62068962305784 0 1.72413792461157
      endloop
   endfacet
   facet normal 0 -1 0
      outer loop
         vertex 8.62068962305784 0 1.72413792461157
         vertex 8.62068962305784 0 -1.72413792461157
         vertex 12.068965472281 0 1.72413792461157
      endloop
   endfacet
   facet normal 0 -1 0
      outer loop
         vertex 8.62068962305784 0 1.72413792461157
         vertex 12.068965472281 0 1.72413792461157
         vertex 12.068965472281 0 5.17241377383471
      endloop
   endfacet
   facet normal 0 -1 0
      outer loop
         vertex 12.068965472281 0 5.17241377383471
         vertex 12.068965472281 0 1.72413792461157
         vertex 15.5172413215041 0 5.17241377383471
      endloop
   endfacet
   facet normal 0 -1 0
      outer loop
         vertex 12.068965472281 0 5.17241377383471
         vertex 15.5172413215041 0 5.17241377383471
         vertex 15.5172413215041 0 8.62068962305784
      endloop
   endfacet
   facet normal 0 -1 0
      outer loop
         vertex 15.5172413215041 0 8.62068962305784
         vertex 15.5172413215041 0 5.17241377383471
         vertex 18.9655181020498 0 8.62068962305784
      endloop
   endfacet
   facet normal 0 -1 0
      outer loop
         vertex 15.5172413215041 0 8.62068962305784
         vertex 18.9655181020498 0 8.62068962305784
         vertex 18.9655181020498 0 12.068965472281
      endloop
   endfacet
   facet normal 0 -1 0
      outer loop
         vertex 18.9655181020498 0 12.068965472281
         vertex 18.9655181020498 0 8.62068962305784
         vertex 22.413793951273 0 12.068965472281
      endloop
   endfacet
   facet normal 0 -1 0
      outer loop
         vertex 18.9655181020498 0 12.068965472281
         vertex 22.413793951273 0 12.068965472281
         vertex 22.413793951273 0 15.5172413215041
      endloop
   endfacet
   facet normal 0 -1 0
      outer loop
         vertex 1.72413792461157 0 39.6551713347435
         vertex 1.72413792461157 0 43.1034490466118
         vertex -1.72413792461157 0 39.6551713347435
      endloop
   endfacet
   facet normal 0 -1 0
      outer loop
         vertex 1.2465346371755 0 49.9844588339329
         vertex 5.17241377383471 0 46.5517230331898
         vertex 6.21718540787697 0 49.6119596064091
      endloop
   endfacet
   facet normal 0 -1 0
      outer loop
         vertex 8.62068962305784 0 43.1034490466118
         vertex 5.17241377383471 0 39.6551713347435
         vertex 8.62068962305784 0 39.6551713347435
      endloop
   endfacet
   facet normal 0 -1 0
      outer loop
         vertex 8.62068962305784 0 39.6551713347435
         vertex 5.17241377383471 0 39.6551713347435
         vertex 5.17241377383471 0 36.2068973481655
      endloop
   endfacet
   facet normal 0 -1 0
      outer loop
         vertex 5.17241377383471 0 -5.17241377383471
         vertex 5.17241377383471 0 -8.62068962305784
         vertex 8.62068962305784 0 -5.17241377383471
      endloop
   endfacet
   facet normal 0 -1 0
      outer loop
         vertex 8.62068962305784 0 -5.17241377383471
         vertex 5.17241377383471 0 -8.62068962305784
         vertex 8.62068962305784 0 -8.62068962305784
      endloop
   endfacet
   facet normal 0 -1 0
      outer loop
         vertex 8.62068962305784 0 -5.17241377383471
         vertex 8.62068962305784 0 -8.62068962305784
         vertex 12.068965472281 0 -5.17241377383471
      endloop
   endfacet
   facet normal 0 -1 0
      outer loop
         vertex 12.068965472281 0 -5.17241377383471
         vertex 8.62068962305784 0 -8.62068962305784
         vertex 12.068965472281 0 -8.62068962305784
      endloop
   endfacet
   facet normal 0 -1 0
      outer loop
         vertex 12.068965472281 0 -5.17241377383471
         vertex 12.068965472281 0 -8.62068962305784
         vertex 15.5172413215041 0 -5.17241377383471
      endloop
   endfacet
   facet normal 0 -1 0
      outer loop
         vertex 15.5172413215041 0 -5.17241377383471
         vertex 12.068965472281 0 -8.62068962305784
         vertex 15.5172413215041 0 -8.62068962305784
      endloop
   endfacet
   facet normal 0 -1 0
      outer loop
         vertex 15.5172413215041 0 -5.17241377383471
         vertex 15.5172413215041 0 -8.62068962305784
         vertex 18.9655181020498 0 -5.17241377383471
      endloop
   endfacet
   facet normal 0 -1 0
      outer loop
         vertex 18.9655181020498 0 -5.17241377383471
         vertex 15.5172413215041 0 -8.62068962305784
         vertex 18.9655181020498 0 -8.62068962305784
      endloop
   endfacet
   facet normal 0 -1 0
      outer loop
         vertex 18.9655181020498 0 -5.17241377383471
         vertex 18.9655181020498 0 -8.62068962305784
         vertex 22.413793951273 0 -5.17241377383471
      endloop
   endfacet
   facet normal 0 -1 0
      outer loop
         vertex 22.413793951273 0 -5.17241377383471
         vertex 18.9655181020498 0 -8.62068962305784
         vertex 22.413793951273 0 -8.62068962305784
      endloop
   endfacet
   facet normal 0 -1 0
      outer loop
         vertex 5.17241377383471 0 -8.62068962305784
         vertex 5.17241377383471 0 -5.17241377383471
         vertex 1.72413792461157 0 -8.62068962305784
      endloop
   endfacet
   facet normal 0 -1 0
      outer loop
         vertex 8.62068962305784 0 -39.6551713347435
         vertex 5.17241377383471 0 -43.1034490466118
         vertex 8.62068962305784 0 -43.1034490466118
      endloop
   endfacet
   facet normal 0 -1 0
      outer loop
         vertex 8.62068962305784 0 -43.1034490466118
         vertex 5.17241377383471 0 -43.1034490466118
         vertex 5.17241377383471 0 -46.5517230331898
      endloop
   endfacet
   facet normal 0 -1 0
      outer loop
         vertex 5.17241377383471 0 -43.1034490466118
         vertex 1.72413792461157 0 -46.5517230331898
         vertex 5.17241377383471 0 -46.5517230331898
      endloop
   endfacet
   facet normal 0 -1 0
      outer loop
         vertex 5.17241377383471 0 -46.5517230331898
         vertex 1.72413792461157 0 -46.5517230331898
         vertex 1.2465346371755 0 -49.9844588339329
      endloop
   endfacet
   facet normal 0 -1 0
      outer loop
         vertex 8.62068962305784 0 -39.6551713347435
         vertex 8.62068962305784 0 -43.1034490466118
         vertex 12.068965472281 0 -39.6551713347435
      endloop
   endfacet
   facet normal 0 -1 0
      outer loop
         vertex 5.17241377383471 0 -5.17241377383471
         vertex 8.62068962305784 0 -5.17241377383471
         vertex 8.62068962305784 0 -1.72413792461157
      endloop
   endfacet
   facet normal 0 -1 0
      outer loop
         vertex 8.62068962305784 0 -1.72413792461157
         vertex 8.62068962305784 0 -5.17241377383471
         vertex 12.068965472281 0 -1.72413792461157
      endloop
   endfacet
   facet normal 0 -1 0
      outer loop
         vertex 8.62068962305784 0 -1.72413792461157
         vertex 12.068965472281 0 -1.72413792461157
         vertex 12.068965472281 0 1.72413792461157
      endloop
   endfacet
   facet normal 0 -1 0
      outer loop
         vertex 12.068965472281 0 1.72413792461157
         vertex 12.068965472281 0 -1.72413792461157
         vertex 15.5172413215041 0 1.72413792461157
      endloop
   endfacet
   facet normal 0 -1 0
      outer loop
         vertex 12.068965472281 0 1.72413792461157
         vertex 15.5172413215041 0 1.72413792461157
         vertex 15.5172413215041 0 5.17241377383471
      endloop
   endfacet
   facet normal 0 -1 0
      outer loop
         vertex 15.5172413215041 0 5.17241377383471
         vertex 15.5172413215041 0 1.72413792461157
         vertex 18.9655181020498 0 5.17241377383471
      endloop
   endfacet
   facet normal 0 -1 0
      outer loop
         vertex 15.5172413215041 0 5.17241377383471
         vertex 18.9655181020498 0 5.17241377383471
         vertex 18.9655181020498 0 8.62068962305784
      endloop
   endfacet
   facet normal 0 -1 0
      outer loop
         vertex 18.9655181020498 0 8.62068962305784
         vertex 18.9655181020498 0 5.17241377383471
         vertex 22.413793951273 0 8.62068962305784
      endloop
   endfacet
   facet normal 0 -1 0
      outer loop
         vertex 18.9655181020498 0 8.62068962305784
         vertex 22.413793951273 0 8.62068962305784
         vertex 22.413793951273 0 12.068965472281
      endloop
   endfacet
   facet normal 0 -1 0
      outer loop
         vertex 12.068965472281 0 46.5517230331898
         vertex 8.62068962305784 0 43.1034490466118
         vertex 12.068965472281 0 43.1034490466118
      endloop
   endfacet
   facet normal 0 -1 0
      outer loop
         vertex 12.068965472281 0 43.1034490466118
         vertex 8.62068962305784 0 43.1034490466118
         vertex 8.62068962305784 0 39.6551713347435
      endloop
   endfacet
   facet normal 0 -1 0
      outer loop
         vertex 8.62068962305784 0 -5.17241377383471
         vertex 12.068965472281 0 -5.17241377383471
         vertex 12.068965472281 0 -1.72413792461157
      endloop
   endfacet
   facet normal 0 -1 0
      outer loop
         vertex 12.068965472281 0 -1.72413792461157
         vertex 12.068965472281 0 -5.17241377383471
         vertex 15.5172413215041 0 -1.72413792461157
      endloop
   endfacet
   facet normal 0 -1 0
      outer loop
         vertex 12.068965472281 0 -1.72413792461157
         vertex 15.5172413215041 0 -1.72413792461157
         vertex 15.5172413215041 0 1.72413792461157
      endloop
   endfacet
   facet normal 0 -1 0
      outer loop
         vertex 15.5172413215041 0 1.72413792461157
         vertex 15.5172413215041 0 -1.72413792461157
         vertex 18.9655181020498 0 1.72413792461157
      endloop
   endfacet
   facet normal 0 -1 0
      outer loop
         vertex 15.5172413215041 0 1.72413792461157
         vertex 18.9655181020498 0 1.72413792461157
         vertex 18.9655181020498 0 5.17241377383471
      endloop
   endfacet
   facet normal 0 -1 0
      outer loop
         vertex 18.9655181020498 0 5.17241377383471
         vertex 18.9655181020498 0 1.72413792461157
         vertex 22.413793951273 0 5.17241377383471
      endloop
   endfacet
   facet normal 0 -1 0
      outer loop
         vertex 18.9655181020498 0 5.17241377383471
         vertex 22.413793951273 0 5.17241377383471
         vertex 22.413793951273 0 8.62068962305784
      endloop
   endfacet
   facet normal 0 -1 0
      outer loop
         vertex 12.068965472281 0 43.1034490466118
         vertex 15.5172413215041 0 46.5517230331898
         vertex 12.068965472281 0 46.5517230331898
      endloop
   endfacet
   facet normal 0 -1 0
      outer loop
         vertex 12.068965472281 0 46.5517230331898
         vertex 15.5172413215041 0 46.5517230331898
         vertex 15.9243326634169 0 47.3963655531406
      endloop
   endfacet
   facet normal 0 -1 0
      outer loop
         vertex 15.5172413215041 0 -1.72413792461157
         vertex 15.5172413215041 0 -5.17241377383471
         vertex 18.9655181020498 0 -1.72413792461157
      endloop
   endfacet
   facet normal 0 -1 0
      outer loop
         vertex 18.9655181020498 0 -1.72413792461157
         vertex 15.5172413215041 0 -5.17241377383471
         vertex 18.9655181020498 0 -5.17241377383471
      endloop
   endfacet
   facet normal 0 -1 0
      outer loop
         vertex 18.9655181020498 0 -1.72413792461157
         vertex 18.9655181020498 0 -5.17241377383471
         vertex 22.413793951273 0 -1.72413792461157
      endloop
   endfacet
   facet normal 0 -1 0
      outer loop
         vertex 22.413793951273 0 -1.72413792461157
         vertex 18.9655181020498 0 -5.17241377383471
         vertex 22.413793951273 0 -5.17241377383471
      endloop
   endfacet
   facet normal 0 -1 0
      outer loop
         vertex 15.5172413215041 0 -5.17241377383471
         vertex 15.5172413215041 0 -1.72413792461157
         vertex 12.068965472281 0 -5.17241377383471
      endloop
   endfacet
   facet normal 0 -1 0
      outer loop
         vertex 18.9655181020498 0 -39.6551713347435
         vertex 15.5172413215041 0 -43.1034490466118
         vertex 18.9655181020498 0 -43.1034490466118
      endloop
   endfacet
   facet normal 0 -1 0
      outer loop
         vertex 18.9655181020498 0 -43.1034490466118
         vertex 15.5172413215041 0 -43.1034490466118
         vertex 15.5172413215041 0 -46.5517230331898
      endloop
   endfacet
   facet normal 0 -1 0
      outer loop
         vertex 15.9243326634169 0 -47.3963655531406
         vertex 12.068965472281 0 -46.5517230331898
         vertex 11.126047000289 0 -48.746395856142
      endloop
   endfacet
   facet normal 0 -1 0
      outer loop
         vertex 15.5172413215041 0 -46.5517230331898
         vertex 15.5172413215041 0 -43.1034490466118
         vertex 12.068965472281 0 -46.5517230331898
      endloop
   endfacet
   facet normal 0 -1 0
      outer loop
         vertex 18.9655181020498 0 -39.6551713347435
         vertex 18.9655181020498 0 -43.1034490466118
         vertex 22.413793951273 0 -39.6551713347435
      endloop
   endfacet
   facet normal 0 -1 0
      outer loop
         vertex 15.5172413215041 0 -1.72413792461157
         vertex 18.9655181020498 0 -1.72413792461157
         vertex 18.9655181020498 0 1.72413792461157
      endloop
   endfacet
   facet normal 0 -1 0
      outer loop
         vertex 18.9655181020498 0 1.72413792461157
         vertex 18.9655181020498 0 -1.72413792461157
         vertex 22.413793951273 0 1.72413792461157
      endloop
   endfacet
   facet normal 0 -1 0
      outer loop
         vertex 18.9655181020498 0 1.72413792461157
         vertex 22.413793951273 0 1.72413792461157
         vertex 22.413793951273 0 5.17241377383471
      endloop
   endfacet
   facet normal 0 -1 0
      outer loop
         vertex 22.413793951273 0 -1.72413792461157
         vertex 22.413793951273 0 1.72413792461157
         vertex 18.9655181020498 0 -1.72413792461157
      endloop
   endfacet
   facet normal 0 -1 0
      outer loop
         vertex 29.3103456497192 0 -29.3103456497192
         vertex 29.3103456497192 0 -25.8620698004961
         vertex 25.8620698004961 0 -29.3103456497192
      endloop
   endfacet
   facet normal 0 -1 0
      outer loop
         vertex 25.8620698004961 0 -29.3103456497192
         vertex 29.3103456497192 0 -25.8620698004961
         vertex 25.8620698004961 0 -25.8620698004961
      endloop
   endfacet
   facet normal 0 -1 0
      outer loop
         vertex 29.3103456497192 0 -25.8620698004961
         vertex 29.3103456497192 0 -22.413793951273
         vertex 25.8620698004961 0 -25.8620698004961
      endloop
   endfacet
   facet normal 0 -1 0
      outer loop
         vertex 25.8620698004961 0 -25.8620698004961
         vertex 29.3103456497192 0 -22.413793951273
         vertex 25.8620698004961 0 -22.413793951273
      endloop
   endfacet
   facet normal 0 -1 0
      outer loop
         vertex 29.3103456497192 0 -22.413793951273
         vertex 29.3103456497192 0 -18.9655181020498
         vertex 25.8620698004961 0 -22.413793951273
      endloop
   endfacet
   facet normal 0 -1 0
      outer loop
         vertex 25.8620698004961 0 -22.413793951273
         vertex 29.3103456497192 0 -18.9655181020498
         vertex 25.8620698004961 0 -18.9655181020498
      endloop
   endfacet
   facet normal 0 -1 0
      outer loop
         vertex 29.3103456497192 0 -18.9655181020498
         vertex 29.3103456497192 0 -15.5172413215041
         vertex 25.8620698004961 0 -18.9655181020498
      endloop
   endfacet
   facet normal 0 -1 0
      outer loop
         vertex 25.8620698004961 0 -18.9655181020498
         vertex 29.3103456497192 0 -15.5172413215041
         vertex 25.8620698004961 0 -15.5172413215041
      endloop
   endfacet
   facet normal 0 -1 0
      outer loop
         vertex 29.3103456497192 0 -15.5172413215041
         vertex 29.3103456497192 0 -12.068965472281
         vertex 25.8620698004961 0 -15.5172413215041
      endloop
   endfacet
   facet normal 0 -1 0
      outer loop
         vertex 25.8620698004961 0 -15.5172413215041
         vertex 29.3103456497192 0 -12.068965472281
         vertex 25.8620698004961 0 -12.068965472281
      endloop
   endfacet
   facet normal 0 -1 0
      outer loop
         vertex 29.3103456497192 0 -12.068965472281
         vertex 29.3103456497192 0 -8.62068962305784
         vertex 25.8620698004961 0 -12.068965472281
      endloop
   endfacet
   facet normal 0 -1 0
      outer loop
         vertex 25.8620698004961 0 -12.068965472281
         vertex 29.3103456497192 0 -8.62068962305784
         vertex 25.8620698004961 0 -8.62068962305784
      endloop
   endfacet
   facet normal 0 -1 0
      outer loop
         vertex 29.3103456497192 0 -8.62068962305784
         vertex 29.3103456497192 0 -5.17241377383471
         vertex 25.8620698004961 0 -8.62068962305784
      endloop
   endfacet
   facet normal 0 -1 0
      outer loop
         vertex 25.8620698004961 0 -8.62068962305784
         vertex 29.3103456497192 0 -5.17241377383471
         vertex 25.8620698004961 0 -5.17241377383471
      endloop
   endfacet
   facet normal 0 -1 0
      outer loop
         vertex 29.3103456497192 0 -5.17241377383471
         vertex 29.3103456497192 0 -1.72413792461157
         vertex 25.8620698004961 0 -5.17241377383471
      endloop
   endfacet
   facet normal 0 -1 0
      outer loop
         vertex 25.8620698004961 0 -5.17241377383471
         vertex 29.3103456497192 0 -1.72413792461157
         vertex 25.8620698004961 0 -1.72413792461157
      endloop
   endfacet
   facet normal 0 -1 0
      outer loop
         vertex 29.3103456497192 0 -1.72413792461157
         vertex 29.3103456497192 0 1.72413792461157
         vertex 25.8620698004961 0 -1.72413792461157
      endloop
   endfacet
   facet normal 0 -1 0
      outer loop
         vertex 25.8620698004961 0 -1.72413792461157
         vertex 29.3103456497192 0 1.72413792461157
         vertex 25.8620698004961 0 1.72413792461157
      endloop
   endfacet
   facet normal 0 -1 0
      outer loop
         vertex 29.3103456497192 0 1.72413792461157
         vertex 29.3103456497192 0 5.17241377383471
         vertex 25.8620698004961 0 1.72413792461157
      endloop
   endfacet
   facet normal 0 -1 0
      outer loop
         vertex 25.8620698004961 0 1.72413792461157
         vertex 29.3103456497192 0 5.17241377383471
         vertex 25.8620698004961 0 5.17241377383471
      endloop
   endfacet
   facet normal 0 -1 0
      outer loop
         vertex 29.3103456497192 0 5.17241377383471
         vertex 29.3103456497192 0 8.62068962305784
         vertex 25.8620698004961 0 5.17241377383471
      endloop
   endfacet
   facet normal 0 -1 0
      outer loop
         vertex 25.8620698004961 0 5.17241377383471
         vertex 29.3103456497192 0 8.62068962305784
         vertex 25.8620698004961 0 8.62068962305784
      endloop
   endfacet
   facet normal 0 -1 0
      outer loop
         vertex 29.3103456497192 0 8.62068962305784
         vertex 29.3103456497192 0 12.068965472281
         vertex 25.8620698004961 0 8.62068962305784
      endloop
   endfacet
   facet normal 0 -1 0
      outer loop
         vertex 25.8620698004961 0 8.62068962305784
         vertex 29.3103456497192 0 12.068965472281
         vertex 25.8620698004961 0 12.068965472281
      endloop
   endfacet
   facet normal 0 -1 0
      outer loop
         vertex 29.3103456497192 0 12.068965472281
         vertex 29.3103456497192 0 15.5172413215041
         vertex 25.8620698004961 0 12.068965472281
      endloop
   endfacet
   facet normal 0 -1 0
      outer loop
         vertex 25.8620698004961 0 12.068965472281
         vertex 29.3103456497192 0 15.5172413215041
         vertex 25.8620698004961 0 15.5172413215041
      endloop
   endfacet
   facet normal 0 -1 0
      outer loop
         vertex 29.3103456497192 0 15.5172413215041
         vertex 29.3103456497192 0 18.9655181020498
         vertex 25.8620698004961 0 15.5172413215041
      endloop
   endfacet
   facet normal 0 -1 0
      outer loop
         vertex 25.8620698004961 0 15.5172413215041
         vertex 29.3103456497192 0 18.9655181020498
         vertex 25.8620698004961 0 18.9655181020498
      endloop
   endfacet
   facet normal 0 -1 0
      outer loop
         vertex 29.3103456497192 0 18.9655181020498
         vertex 29.3103456497192 0 22.413793951273
         vertex 25.8620698004961 0 18.9655181020498
      endloop
   endfacet
   facet normal 0 -1 0
      outer loop
         vertex 25.8620698004961 0 18.9655181020498
         vertex 29.3103456497192 0 22.413793951273
         vertex 25.8620698004961 0 22.413793951273
      endloop
   endfacet
   facet normal 0 -1 0
      outer loop
         vertex 29.3103456497192 0 22.413793951273
         vertex 29.3103456497192 0 25.8620698004961
         vertex 25.8620698004961 0 22.413793951273
      endloop
   endfacet
   facet normal 0 -1 0
      outer loop
         vertex 25.8620698004961 0 22.413793951273
         vertex 29.3103456497192 0 25.8620698004961
         vertex 25.8620698004961 0 25.8620698004961
      endloop
   endfacet
   facet normal 0 -1 0
      outer loop
         vertex 29.3103456497192 0 25.8620698004961
         vertex 29.3103456497192 0 29.3103456497192
         vertex 25.8620698004961 0 25.8620698004961
      endloop
   endfacet
   facet normal 0 -1 0
      outer loop
         vertex 25.8620698004961 0 25.8620698004961
         vertex 29.3103456497192 0 29.3103456497192
         vertex 25.8620698004961 0 29.3103456497192
      endloop
   endfacet
   facet normal 0 -1 0
      outer loop
         vertex 29.3103456497192 0 29.3103456497192
         vertex 29.3103456497192 0 32.7586196362972
         vertex 25.8620698004961 0 29.3103456497192
      endloop
   endfacet
   facet normal 0 -1 0
      outer loop
         vertex 25.8620698004961 0 29.3103456497192
         vertex 29.3103456497192 0 32.7586196362972
         vertex 25.8620698004961 0 32.7586196362972
      endloop
   endfacet
   facet normal 0 -1 0
      outer loop
         vertex 29.3103456497192 0 32.7586196362972
         vertex 29.3103456497192 0 36.2068973481655
         vertex 25.8620698004961 0 32.7586196362972
      endloop
   endfacet
   facet normal 0 -1 0
      outer loop
         vertex 25.8620698004961 0 32.7586196362972
         vertex 29.3103456497192 0 36.2068973481655
         vertex 25.8620698004961 0 36.2068973481655
      endloop
   endfacet
   facet normal 0 -1 0
      outer loop
         vertex 29.3103456497192 0 36.2068973481655
         vertex 29.3103456497192 0 39.6551713347435
         vertex 25.8620698004961 0 36.2068973481655
      endloop
   endfacet
   facet normal 0 -1 0
      outer loop
         vertex 25.8620698004961 0 36.2068973481655
         vertex 29.3103456497192 0 39.6551713347435
         vertex 25.8620698004961 0 39.6551713347435
      endloop
   endfacet
   facet normal 0 -1 0
      outer loop
         vertex 32.7586196362972 0 36.2068973481655
         vertex 32.7586196362972 0 32.7586196362972
         vertex 36.6525948047638 0 34.0086370706558
      endloop
   endfacet
   facet normal 0 -1 0
      outer loop
         vertex 36.6525948047638 0 34.0086370706558
         vertex 32.7586196362972 0 32.7586196362972
         vertex 36.2068973481655 0 32.7586196362972
      endloop
   endfacet
   facet normal 0 -1 0
      outer loop
         vertex 36.6525948047638 0 34.0086370706558
         vertex 36.2068973481655 0 32.7586196362972
         vertex 39.8566238582134 0 30.1902201026678
      endloop
   endfacet
   facet normal 0 -1 0
      outer loop
         vertex 39.8566238582134 0 30.1902201026678
         vertex 36.2068973481655 0 32.7586196362972
         vertex 36.2068973481655 0 29.3103456497192
      endloop
   endfacet
   facet normal 0 -1 0
      outer loop
         vertex 39.8566238582134 0 30.1902201026678
         vertex 36.2068973481655 0 29.3103456497192
         vertex 39.6551713347435 0 29.3103456497192
      endloop
   endfacet
   facet normal 0 -1 0
      outer loop
         vertex 39.6551713347435 0 29.3103456497192
         vertex 36.2068973481655 0 29.3103456497192
         vertex 36.2068973481655 0 25.8620698004961
      endloop
   endfacet
   facet normal 0 -1 0
      outer loop
         vertex 39.6551713347435 0 29.3103456497192
         vertex 36.2068973481655 0 25.8620698004961
         vertex 39.6551713347435 0 25.8620698004961
      endloop
   endfacet
   facet normal 0 -1 0
      outer loop
         vertex 39.6551713347435 0 25.8620698004961
         vertex 36.2068973481655 0 25.8620698004961
         vertex 36.2068973481655 0 22.413793951273
      endloop
   endfacet
   facet normal 0 -1 0
      outer loop
         vertex 39.6551713347435 0 25.8620698004961
         vertex 36.2068973481655 0 22.413793951273
         vertex 39.6551713347435 0 22.413793951273
      endloop
   endfacet
   facet normal 0 -1 0
      outer loop
         vertex 39.6551713347435 0 22.413793951273
         vertex 36.2068973481655 0 22.413793951273
         vertex 36.2068973481655 0 18.9655181020498
      endloop
   endfacet
   facet normal 0 -1 0
      outer loop
         vertex 39.6551713347435 0 22.413793951273
         vertex 36.2068973481655 0 18.9655181020498
         vertex 39.6551713347435 0 18.9655181020498
      endloop
   endfacet
   facet normal 0 -1 0
      outer loop
         vertex 39.6551713347435 0 18.9655181020498
         vertex 36.2068973481655 0 18.9655181020498
         vertex 36.2068973481655 0 15.5172413215041
      endloop
   endfacet
   facet normal 0 -1 0
      outer loop
         vertex 39.6551713347435 0 18.9655181020498
         vertex 36.2068973481655 0 15.5172413215041
         vertex 39.6551713347435 0 15.5172413215041
      endloop
   endfacet
   facet normal 0 -1 0
      outer loop
         vertex 39.6551713347435 0 15.5172413215041
         vertex 36.2068973481655 0 15.5172413215041
         vertex 36.2068973481655 0 12.068965472281
      endloop
   endfacet
   facet normal 0 -1 0
      outer loop
         vertex 39.6551713347435 0 15.5172413215041
         vertex 36.2068973481655 0 12.068965472281
         vertex 39.6551713347435 0 12.068965472281
      endloop
   endfacet
   facet normal 0 -1 0
      outer loop
         vertex 39.6551713347435 0 12.068965472281
         vertex 36.2068973481655 0 12.068965472281
         vertex 36.2068973481655 0 8.62068962305784
      endloop
   endfacet
   facet normal 0 -1 0
      outer loop
         vertex 39.6551713347435 0 12.068965472281
         vertex 36.2068973481655 0 8.62068962305784
         vertex 39.6551713347435 0 8.62068962305784
      endloop
   endfacet
   facet normal 0 -1 0
      outer loop
         vertex 39.6551713347435 0 8.62068962305784
         vertex 36.2068973481655 0 8.62068962305784
         vertex 36.2068973481655 0 5.17241377383471
      endloop
   endfacet
   facet normal 0 -1 0
      outer loop
         vertex 39.6551713347435 0 8.62068962305784
         vertex 36.2068973481655 0 5.17241377383471
         vertex 39.6551713347435 0 5.17241377383471
      endloop
   endfacet
   facet normal 0 -1 0
      outer loop
         vertex 39.6551713347435 0 5.17241377383471
         vertex 36.2068973481655 0 5.17241377383471
         vertex 36.2068973481655 0 1.72413792461157
      endloop
   endfacet
   facet normal 0 -1 0
      outer loop
         vertex 39.6551713347435 0 5.17241377383471
         vertex 36.2068973481655 0 1.72413792461157
         vertex 39.6551713347435 0 1.72413792461157
      endloop
   endfacet
   facet normal 0 -1 0
      outer loop
         vertex 39.6551713347435 0 1.72413792461157
         vertex 36.2068973481655 0 1.72413792461157
         vertex 36.2068973481655 0 -1.72413792461157
      endloop
   endfacet
   facet normal 0 -1 0
      outer loop
         vertex 39.6551713347435 0 1.72413792461157
         vertex 36.2068973481655 0 -1.72413792461157
         vertex 39.6551713347435 0 -1.72413792461157
      endloop
   endfacet
   facet normal 0 -1 0
      outer loop
         vertex 39.6551713347435 0 -1.72413792461157
         vertex 36.2068973481655 0 -1.72413792461157
         vertex 36.2068973481655 0 -5.17241377383471
      endloop
   endfacet
   facet normal 0 -1 0
      outer loop
         vertex 39.6551713347435 0 -1.72413792461157
         vertex 36.2068973481655 0 -5.17241377383471
         vertex 39.6551713347435 0 -5.17241377383471
      endloop
   endfacet
   facet normal 0 -1 0
      outer loop
         vertex 39.6551713347435 0 -5.17241377383471
         vertex 36.2068973481655 0 -5.17241377383471
         vertex 36.2068973481655 0 -8.62068962305784
      endloop
   endfacet
   facet normal 0 -1 0
      outer loop
         vertex 39.6551713347435 0 -5.17241377383471
         vertex 36.2068973481655 0 -8.62068962305784
         vertex 39.6551713347435 0 -8.62068962305784
      endloop
   endfacet
   facet normal 0 -1 0
      outer loop
         vertex 39.6551713347435 0 -8.62068962305784
         vertex 36.2068973481655 0 -8.62068962305784
         vertex 36.2068973481655 0 -12.068965472281
      endloop
   endfacet
   facet normal 0 -1 0
      outer loop
         vertex 39.6551713347435 0 -8.62068962305784
         vertex 36.2068973481655 0 -12.068965472281
         vertex 39.6551713347435 0 -12.068965472281
      endloop
   endfacet
   facet normal 0 -1 0
      outer loop
         vertex 39.6551713347435 0 -12.068965472281
         vertex 36.2068973481655 0 -12.068965472281
         vertex 36.2068973481655 0 -15.5172413215041
      endloop
   endfacet
   facet normal 0 -1 0
      outer loop
         vertex 39.6551713347435 0 -12.068965472281
         vertex 36.2068973481655 0 -15.5172413215041
         vertex 39.6551713347435 0 -15.5172413215041
      endloop
   endfacet
   facet normal 0 -1 0
      outer loop
         vertex 39.6551713347435 0 -15.5172413215041
         vertex 36.2068973481655 0 -15.5172413215041
         vertex 36.2068973481655 0 -18.9655181020498
      endloop
   endfacet
   facet normal 0 -1 0
      outer loop
         vertex 39.6551713347435 0 -15.5172413215041
         vertex 36.2068973481655 0 -18.9655181020498
         vertex 39.6551713347435 0 -18.9655181020498
      endloop
   endfacet
   facet normal 0 -1 0
      outer loop
         vertex 39.6551713347435 0 -18.9655181020498
         vertex 36.2068973481655 0 -18.9655181020498
         vertex 36.2068973481655 0 -22.413793951273
      endloop
   endfacet
   facet normal 0 -1 0
      outer loop
         vertex 39.6551713347435 0 -18.9655181020498
         vertex 36.2068973481655 0 -22.413793951273
         vertex 39.6551713347435 0 -22.413793951273
      endloop
   endfacet
   facet normal 0 -1 0
      outer loop
         vertex 39.6551713347435 0 -22.413793951273
         vertex 36.2068973481655 0 -22.413793951273
         vertex 36.2068973481655 0 -25.8620698004961
      endloop
   endfacet
   facet normal 0 -1 0
      outer loop
         vertex 39.6551713347435 0 -22.413793951273
         vertex 36.2068973481655 0 -25.8620698004961
         vertex 39.6551713347435 0 -25.8620698004961
      endloop
   endfacet
   facet normal 0 -1 0
      outer loop
         vertex 39.6551713347435 0 -25.8620698004961
         vertex 36.2068973481655 0 -25.8620698004961
         vertex 36.2068973481655 0 -29.3103456497192
      endloop
   endfacet
   facet normal 0 -1 0
      outer loop
         vertex 39.6551713347435 0 -25.8620698004961
         vertex 36.2068973481655 0 -29.3103456497192
         vertex 39.6551713347435 0 -29.3103456497192
      endloop
   endfacet
   facet normal 0 -1 0
      outer loop
         vertex 39.6551713347435 0 -29.3103456497192
         vertex 36.2068973481655 0 -29.3103456497192
         vertex 39.8566238582134 0 -30.1902201026678
      endloop
   endfacet
   facet normal 0 -1 0
      outer loop
         vertex 39.6551713347435 0 -29.3103456497192
         vertex 39.8566238582134 0 -30.1902201026678
         vertex 42.6645427942276 0 -26.0717608034611
      endloop
   endfacet
   facet normal 0 -1 0
      outer loop
         vertex 36.2068973481655 0 29.3103456497192
         vertex 36.2068973481655 0 32.7586196362972
         vertex 32.7586196362972 0 29.3103456497192
      endloop
   endfacet
   facet normal 0 -1 0
      outer loop
         vertex 32.7586196362972 0 29.3103456497192
         vertex 36.2068973481655 0 32.7586196362972
         vertex 32.7586196362972 0 32.7586196362972
      endloop
   endfacet
   facet normal 0 -1 0
      outer loop
         vertex 36.2068973481655 0 25.8620698004961
         vertex 36.2068973481655 0 29.3103456497192
         vertex 32.7586196362972 0 25.8620698004961
      endloop
   endfacet
   facet normal 0 -1 0
      outer loop
         vertex 32.7586196362972 0 25.8620698004961
         vertex 36.2068973481655 0 29.3103456497192
         vertex 32.7586196362972 0 29.3103456497192
      endloop
   endfacet
   facet normal 0 -1 0
      outer loop
         vertex 36.2068973481655 0 22.413793951273
         vertex 36.2068973481655 0 25.8620698004961
         vertex 32.7586196362972 0 22.413793951273
      endloop
   endfacet
   facet normal 0 -1 0
      outer loop
         vertex 32.7586196362972 0 22.413793951273
         vertex 36.2068973481655 0 25.8620698004961
         vertex 32.7586196362972 0 25.8620698004961
      endloop
   endfacet
   facet normal 0 -1 0
      outer loop
         vertex 36.2068973481655 0 18.9655181020498
         vertex 36.2068973481655 0 22.413793951273
         vertex 32.7586196362972 0 18.9655181020498
      endloop
   endfacet
   facet normal 0 -1 0
      outer loop
         vertex 32.7586196362972 0 18.9655181020498
         vertex 36.2068973481655 0 22.413793951273
         vertex 32.7586196362972 0 22.413793951273
      endloop
   endfacet
   facet normal 0 -1 0
      outer loop
         vertex 36.2068973481655 0 15.5172413215041
         vertex 36.2068973481655 0 18.9655181020498
         vertex 32.7586196362972 0 15.5172413215041
      endloop
   endfacet
   facet normal 0 -1 0
      outer loop
         vertex 32.7586196362972 0 15.5172413215041
         vertex 36.2068973481655 0 18.9655181020498
         vertex 32.7586196362972 0 18.9655181020498
      endloop
   endfacet
   facet normal 0 -1 0
      outer loop
         vertex 36.2068973481655 0 12.068965472281
         vertex 36.2068973481655 0 15.5172413215041
         vertex 32.7586196362972 0 12.068965472281
      endloop
   endfacet
   facet normal 0 -1 0
      outer loop
         vertex 32.7586196362972 0 12.068965472281
         vertex 36.2068973481655 0 15.5172413215041
         vertex 32.7586196362972 0 15.5172413215041
      endloop
   endfacet
   facet normal 0 -1 0
      outer loop
         vertex 36.2068973481655 0 8.62068962305784
         vertex 36.2068973481655 0 12.068965472281
         vertex 32.7586196362972 0 8.62068962305784
      endloop
   endfacet
   facet normal 0 -1 0
      outer loop
         vertex 32.7586196362972 0 8.62068962305784
         vertex 36.2068973481655 0 12.068965472281
         vertex 32.7586196362972 0 12.068965472281
      endloop
   endfacet
   facet normal 0 -1 0
      outer loop
         vertex 36.2068973481655 0 5.17241377383471
         vertex 36.2068973481655 0 8.62068962305784
         vertex 32.7586196362972 0 5.17241377383471
      endloop
   endfacet
   facet normal 0 -1 0
      outer loop
         vertex 32.7586196362972 0 5.17241377383471
         vertex 36.2068973481655 0 8.62068962305784
         vertex 32.7586196362972 0 8.62068962305784
      endloop
   endfacet
   facet normal 0 -1 0
      outer loop
         vertex 36.2068973481655 0 1.72413792461157
         vertex 36.2068973481655 0 5.17241377383471
         vertex 32.7586196362972 0 1.72413792461157
      endloop
   endfacet
   facet normal 0 -1 0
      outer loop
         vertex 32.7586196362972 0 1.72413792461157
         vertex 36.2068973481655 0 5.17241377383471
         vertex 32.7586196362972 0 5.17241377383471
      endloop
   endfacet
   facet normal 0 -1 0
      outer loop
         vertex 36.2068973481655 0 -1.72413792461157
         vertex 36.2068973481655 0 1.72413792461157
         vertex 32.7586196362972 0 -1.72413792461157
      endloop
   endfacet
   facet normal 0 -1 0
      outer loop
         vertex 32.7586196362972 0 -1.72413792461157
         vertex 36.2068973481655 0 1.72413792461157
         vertex 32.7586196362972 0 1.72413792461157
      endloop
   endfacet
   facet normal 0 -1 0
      outer loop
         vertex 36.2068973481655 0 -5.17241377383471
         vertex 36.2068973481655 0 -1.72413792461157
         vertex 32.7586196362972 0 -5.17241377383471
      endloop
   endfacet
   facet normal 0 -1 0
      outer loop
         vertex 32.7586196362972 0 -5.17241377383471
         vertex 36.2068973481655 0 -1.72413792461157
         vertex 32.7586196362972 0 -1.72413792461157
      endloop
   endfacet
   facet normal 0 -1 0
      outer loop
         vertex 36.2068973481655 0 -8.62068962305784
         vertex 36.2068973481655 0 -5.17241377383471
         vertex 32.7586196362972 0 -8.62068962305784
      endloop
   endfacet
   facet normal 0 -1 0
      outer loop
         vertex 32.7586196362972 0 -8.62068962305784
         vertex 36.2068973481655 0 -5.17241377383471
         vertex 32.7586196362972 0 -5.17241377383471
      endloop
   endfacet
   facet normal 0 -1 0
      outer loop
         vertex 36.2068973481655 0 -12.068965472281
         vertex 36.2068973481655 0 -8.62068962305784
         vertex 32.7586196362972 0 -12.068965472281
      endloop
   endfacet
   facet normal 0 -1 0
      outer loop
         vertex 32.7586196362972 0 -12.068965472281
         vertex 36.2068973481655 0 -8.62068962305784
         vertex 32.7586196362972 0 -8.62068962305784
      endloop
   endfacet
   facet normal 0 -1 0
      outer loop
         vertex 36.2068973481655 0 -15.5172413215041
         vertex 36.2068973481655 0 -12.068965472281
         vertex 32.7586196362972 0 -15.5172413215041
      endloop
   endfacet
   facet normal 0 -1 0
      outer loop
         vertex 32.7586196362972 0 -15.5172413215041
         vertex 36.2068973481655 0 -12.068965472281
         vertex 32.7586196362972 0 -12.068965472281
      endloop
   endfacet
   facet normal 0 -1 0
      outer loop
         vertex 36.2068973481655 0 -18.9655181020498
         vertex 36.2068973481655 0 -15.5172413215041
         vertex 32.7586196362972 0 -18.9655181020498
      endloop
   endfacet
   facet normal 0 -1 0
      outer loop
         vertex 32.7586196362972 0 -18.9655181020498
         vertex 36.2068973481655 0 -15.5172413215041
         vertex 32.7586196362972 0 -15.5172413215041
      endloop
   endfacet
   facet normal 0 -1 0
      outer loop
         vertex 36.2068973481655 0 -22.413793951273
         vertex 36.2068973481655 0 -18.9655181020498
         vertex 32.7586196362972 0 -22.413793951273
      endloop
   endfacet
   facet normal 0 -1 0
      outer loop
         vertex 32.7586196362972 0 -22.413793951273
         vertex 36.2068973481655 0 -18.9655181020498
         vertex 32.7586196362972 0 -18.9655181020498
      endloop
   endfacet
   facet normal 0 -1 0
      outer loop
         vertex 36.2068973481655 0 -25.8620698004961
         vertex 36.2068973481655 0 -22.413793951273
         vertex 32.7586196362972 0 -25.8620698004961
      endloop
   endfacet
   facet normal 0 -1 0
      outer loop
         vertex 32.7586196362972 0 -25.8620698004961
         vertex 36.2068973481655 0 -22.413793951273
         vertex 32.7586196362972 0 -22.413793951273
      endloop
   endfacet
   facet normal 0 -1 0
      outer loop
         vertex 36.2068973481655 0 -29.3103456497192
         vertex 36.2068973481655 0 -25.8620698004961
         vertex 32.7586196362972 0 -29.3103456497192
      endloop
   endfacet
   facet normal 0 -1 0
      outer loop
         vertex 32.7586196362972 0 -29.3103456497192
         vertex 36.2068973481655 0 -25.8620698004961
         vertex 32.7586196362972 0 -25.8620698004961
      endloop
   endfacet
   facet normal 0 -1 0
      outer loop
         vertex 32.7586196362972 0 36.2068973481655
         vertex 36.6525948047638 0 34.0086370706558
         vertex 33.0842919647694 0 37.4890603125095
      endloop
   endfacet
   facet normal 0 -1 0
      outer loop
         vertex 36.2068973481655 0 -32.7586196362972
         vertex 32.7586196362972 0 -32.7586196362972
         vertex 36.6525948047638 0 -34.0086370706558
      endloop
   endfacet
   facet normal 0 -1 0
      outer loop
         vertex 39.6551713347435 0 -22.413793951273
         vertex 39.6551713347435 0 -25.8620698004961
         vertex 42.6645427942276 0 -26.0717608034611
      endloop
   endfacet
   facet normal 0 -1 0
      outer loop
         vertex 42.6645427942276 0 -26.0717608034611
         vertex 39.6551713347435 0 -25.8620698004961
         vertex 39.6551713347435 0 -29.3103456497192
      endloop
   endfacet
   facet normal 0 -1 0
      outer loop
         vertex 39.6551713347435 0 -18.9655181020498
         vertex 39.6551713347435 0 -22.413793951273
         vertex 43.1034490466118 0 -18.9655181020498
      endloop
   endfacet
   facet normal 0 -1 0
      outer loop
         vertex 43.1034490466118 0 -18.9655181020498
         vertex 39.6551713347435 0 -22.413793951273
         vertex 43.1034490466118 0 -22.413793951273
      endloop
   endfacet
   facet normal 0 -1 0
      outer loop
         vertex 43.1034490466118 0 -18.9655181020498
         vertex 43.1034490466118 0 -22.413793951273
         vertex 45.0484417378902 0 -21.6941870748997
      endloop
   endfacet
   facet normal 0 -1 0
      outer loop
         vertex 45.0484417378902 0 -21.6941870748997
         vertex 43.1034490466118 0 -22.413793951273
         vertex 42.6645427942276 0 -26.0717608034611
      endloop
   endfacet
   facet normal 0 -1 0
      outer loop
         vertex 39.6551713347435 0 -15.5172413215041
         vertex 39.6551713347435 0 -18.9655181020498
         vertex 43.1034490466118 0 -15.5172413215041
      endloop
   endfacet
   facet normal 0 -1 0
      outer loop
         vertex 43.1034490466118 0 -15.5172413215041
         vertex 39.6551713347435 0 -18.9655181020498
         vertex 43.1034490466118 0 -18.9655181020498
      endloop
   endfacet
   facet normal 0 -1 0
      outer loop
         vertex 43.1034490466118 0 -15.5172413215041
         vertex 43.1034490466118 0 -18.9655181020498
         vertex 46.9846315681934 0 -17.1010065823793
      endloop
   endfacet
   facet normal 0 -1 0
      outer loop
         vertex 46.9846315681934 0 -17.1010065823793
         vertex 43.1034490466118 0 -18.9655181020498
         vertex 45.0484417378902 0 -21.6941870748997
      endloop
   endfacet
   facet normal 0 -1 0
      outer loop
         vertex 39.6551713347435 0 -12.068965472281
         vertex 39.6551713347435 0 -15.5172413215041
         vertex 43.1034490466118 0 -12.068965472281
      endloop
   endfacet
   facet normal 0 -1 0
      outer loop
         vertex 43.1034490466118 0 -12.068965472281
         vertex 39.6551713347435 0 -15.5172413215041
         vertex 43.1034490466118 0 -15.5172413215041
      endloop
   endfacet
   facet normal 0 -1 0
      outer loop
         vertex 43.1034490466118 0 -12.068965472281
         vertex 43.1034490466118 0 -15.5172413215041
         vertex 46.5517230331898 0 -12.068965472281
      endloop
   endfacet
   facet normal 0 -1 0
      outer loop
         vertex 46.5517230331898 0 -12.068965472281
         vertex 43.1034490466118 0 -15.5172413215041
         vertex 46.5517230331898 0 -15.5172413215041
      endloop
   endfacet
   facet normal 0 -1 0
      outer loop
         vertex 46.5517230331898 0 -12.068965472281
         vertex 46.5517230331898 0 -15.5172413215041
         vertex 48.453863710165 0 -12.33786996454
      endloop
   endfacet
   facet normal 0 -1 0
      outer loop
         vertex 48.453863710165 0 -12.33786996454
         vertex 46.5517230331898 0 -15.5172413215041
         vertex 46.9846315681934 0 -17.1010065823793
      endloop
   endfacet
   facet normal 0 -1 0
      outer loop
         vertex 39.6551713347435 0 -8.62068962305784
         vertex 39.6551713347435 0 -12.068965472281
         vertex 43.1034490466118 0 -8.62068962305784
      endloop
   endfacet
   facet normal 0 -1 0
      outer loop
         vertex 43.1034490466118 0 -8.62068962305784
         vertex 39.6551713347435 0 -12.068965472281
         vertex 43.1034490466118 0 -12.068965472281
      endloop
   endfacet
   facet normal 0 -1 0
      outer loop
         vertex 43.1034490466118 0 -8.62068962305784
         vertex 43.1034490466118 0 -12.068965472281
         vertex 46.5517230331898 0 -8.62068962305784
      endloop
   endfacet
   facet normal 0 -1 0
      outer loop
         vertex 46.5517230331898 0 -8.62068962305784
         vertex 43.1034490466118 0 -12.068965472281
         vertex 46.5517230331898 0 -12.068965472281
      endloop
   endfacet
   facet normal 0 -1 0
      outer loop
         vertex 46.5517230331898 0 -8.62068962305784
         vertex 46.5517230331898 0 -12.068965472281
         vertex 48.453863710165 0 -12.33786996454
      endloop
   endfacet
   facet normal 0 -1 0
      outer loop
         vertex 39.6551713347435 0 -5.17241377383471
         vertex 39.6551713347435 0 -8.62068962305784
         vertex 43.1034490466118 0 -5.17241377383471
      endloop
   endfacet
   facet normal 0 -1 0
      outer loop
         vertex 43.1034490466118 0 -5.17241377383471
         vertex 39.6551713347435 0 -8.62068962305784
         vertex 43.1034490466118 0 -8.62068962305784
      endloop
   endfacet
   facet normal 0 -1 0
      outer loop
         vertex 43.1034490466118 0 -5.17241377383471
         vertex 43.1034490466118 0 -8.62068962305784
         vertex 46.5517230331898 0 -5.17241377383471
      endloop
   endfacet
   facet normal 0 -1 0
      outer loop
         vertex 46.5517230331898 0 -5.17241377383471
         vertex 43.1034490466118 0 -8.62068962305784
         vertex 46.5517230331898 0 -8.62068962305784
      endloop
   endfacet
   facet normal 0 -1 0
      outer loop
         vertex 46.5517230331898 0 -5.17241377383471
         vertex 46.5517230331898 0 -8.62068962305784
         vertex 49.4415424764156 0 -7.45211308822036
      endloop
   endfacet
   facet normal 0 -1 0
      outer loop
         vertex 49.4415424764156 0 -7.45211308822036
         vertex 46.5517230331898 0 -8.62068962305784
         vertex 48.453863710165 0 -12.33786996454
      endloop
   endfacet
   facet normal 0 -1 0
      outer loop
         vertex 39.6551713347435 0 -1.72413792461157
         vertex 39.6551713347435 0 -5.17241377383471
         vertex 43.1034490466118 0 -1.72413792461157
      endloop
   endfacet
   facet normal 0 -1 0
      outer loop
         vertex 43.1034490466118 0 -1.72413792461157
         vertex 39.6551713347435 0 -5.17241377383471
         vertex 43.1034490466118 0 -5.17241377383471
      endloop
   endfacet
   facet normal 0 -1 0
      outer loop
         vertex 43.1034490466118 0 -1.72413792461157
         vertex 43.1034490466118 0 -5.17241377383471
         vertex 46.5517230331898 0 -1.72413792461157
      endloop
   endfacet
   facet normal 0 -1 0
      outer loop
         vertex 46.5517230331898 0 -1.72413792461157
         vertex 43.1034490466118 0 -5.17241377383471
         vertex 46.5517230331898 0 -5.17241377383471
      endloop
   endfacet
   facet normal 0 -1 0
      outer loop
         vertex 46.5517230331898 0 -1.72413792461157
         vertex 46.5517230331898 0 -5.17241377383471
         vertex 49.9378442764282 0 -2.49229418113828
      endloop
   endfacet
   facet normal 0 -1 0
      outer loop
         vertex 49.9378442764282 0 -2.49229418113828
         vertex 46.5517230331898 0 -5.17241377383471
         vertex 49.4415424764156 0 -7.45211308822036
      endloop
   endfacet
   facet normal 0 -1 0
      outer loop
         vertex 39.6551713347435 0 1.72413792461157
         vertex 39.6551713347435 0 -1.72413792461157
         vertex 43.1034490466118 0 1.72413792461157
      endloop
   endfacet
   facet normal 0 -1 0
      outer loop
         vertex 43.1034490466118 0 1.72413792461157
         vertex 39.6551713347435 0 -1.72413792461157
         vertex 43.1034490466118 0 -1.72413792461157
      endloop
   endfacet
   facet normal 0 -1 0
      outer loop
         vertex 43.1034490466118 0 1.72413792461157
         vertex 43.1034490466118 0 -1.72413792461157
         vertex 46.5517230331898 0 1.72413792461157
      endloop
   endfacet
   facet normal 0 -1 0
      outer loop
         vertex 46.5517230331898 0 1.72413792461157
         vertex 43.1034490466118 0 -1.72413792461157
         vertex 46.5517230331898 0 -1.72413792461157
      endloop
   endfacet
   facet normal 0 -1 0
      outer loop
         vertex 46.5517230331898 0 1.72413792461157
         vertex 46.5517230331898 0 -1.72413792461157
         vertex 49.9378442764282 0 2.49229418113828
      endloop
   endfacet
   facet normal 0 -1 0
      outer loop
         vertex 49.9378442764282 0 2.49229418113828
         vertex 46.5517230331898 0 -1.72413792461157
         vertex 49.9378442764282 0 -2.49229418113828
      endloop
   endfacet
   facet normal 0 -1 0
      outer loop
         vertex 39.6551713347435 0 5.17241377383471
         vertex 39.6551713347435 0 1.72413792461157
         vertex 43.1034490466118 0 5.17241377383471
      endloop
   endfacet
   facet normal 0 -1 0
      outer loop
         vertex 43.1034490466118 0 5.17241377383471
         vertex 39.6551713347435 0 1.72413792461157
         vertex 43.1034490466118 0 1.72413792461157
      endloop
   endfacet
   facet normal 0 -1 0
      outer loop
         vertex 43.1034490466118 0 5.17241377383471
         vertex 43.1034490466118 0 1.72413792461157
         vertex 46.5517230331898 0 5.17241377383471
      endloop
   endfacet
   facet normal 0 -1 0
      outer loop
         vertex 46.5517230331898 0 5.17241377383471
         vertex 43.1034490466118 0 1.72413792461157
         vertex 46.5517230331898 0 1.72413792461157
      endloop
   endfacet
   facet normal 0 -1 0
      outer loop
         vertex 46.5517230331898 0 5.17241377383471
         vertex 46.5517230331898 0 1.72413792461157
         vertex 49.9378442764282 0 2.49229418113828
      endloop
   endfacet
   facet normal 0 -1 0
      outer loop
         vertex 39.6551713347435 0 8.62068962305784
         vertex 39.6551713347435 0 5.17241377383471
         vertex 43.1034490466118 0 8.62068962305784
      endloop
   endfacet
   facet normal 0 -1 0
      outer loop
         vertex 43.1034490466118 0 8.62068962305784
         vertex 39.6551713347435 0 5.17241377383471
         vertex 43.1034490466118 0 5.17241377383471
      endloop
   endfacet
   facet normal 0 -1 0
      outer loop
         vertex 43.1034490466118 0 8.62068962305784
         vertex 43.1034490466118 0 5.17241377383471
         vertex 46.5517230331898 0 8.62068962305784
      endloop
   endfacet
   facet normal 0 -1 0
      outer loop
         vertex 46.5517230331898 0 8.62068962305784
         vertex 43.1034490466118 0 5.17241377383471
         vertex 46.5517230331898 0 5.17241377383471
      endloop
   endfacet
   facet normal 0 -1 0
      outer loop
         vertex 46.5517230331898 0 8.62068962305784
         vertex 46.5517230331898 0 5.17241377383471
         vertex 49.4415424764156 0 7.45211308822036
      endloop
   endfacet
   facet normal 0 -1 0
      outer loop
         vertex 49.4415424764156 0 7.45211308822036
         vertex 46.5517230331898 0 5.17241377383471
         vertex 49.9378442764282 0 2.49229418113828
      endloop
   endfacet
   facet normal 0 -1 0
      outer loop
         vertex 39.6551713347435 0 12.068965472281
         vertex 39.6551713347435 0 8.62068962305784
         vertex 43.1034490466118 0 12.068965472281
      endloop
   endfacet
   facet normal 0 -1 0
      outer loop
         vertex 43.1034490466118 0 12.068965472281
         vertex 39.6551713347435 0 8.62068962305784
         vertex 43.1034490466118 0 8.62068962305784
      endloop
   endfacet
   facet normal 0 -1 0
      outer loop
         vertex 43.1034490466118 0 12.068965472281
         vertex 43.1034490466118 0 8.62068962305784
         vertex 46.5517230331898 0 12.068965472281
      endloop
   endfacet
   facet normal 0 -1 0
      outer loop
         vertex 46.5517230331898 0 12.068965472281
         vertex 43.1034490466118 0 8.62068962305784
         vertex 46.5517230331898 0 8.62068962305784
      endloop
   endfacet
   facet normal 0 -1 0
      outer loop
         vertex 46.5517230331898 0 12.068965472281
         vertex 46.5517230331898 0 8.62068962305784
         vertex 48.453863710165 0 12.33786996454
      endloop
   endfacet
   facet normal 0 -1 0
      outer loop
         vertex 48.453863710165 0 12.33786996454
         vertex 46.5517230331898 0 8.62068962305784
         vertex 49.4415424764156 0 7.45211308822036
      endloop
   endfacet
   facet normal 0 -1 0
      outer loop
         vertex 39.6551713347435 0 15.5172413215041
         vertex 39.6551713347435 0 12.068965472281
         vertex 43.1034490466118 0 15.5172413215041
      endloop
   endfacet
   facet normal 0 -1 0
      outer loop
         vertex 43.1034490466118 0 15.5172413215041
         vertex 39.6551713347435 0 12.068965472281
         vertex 43.1034490466118 0 12.068965472281
      endloop
   endfacet
   facet normal 0 -1 0
      outer loop
         vertex 43.1034490466118 0 15.5172413215041
         vertex 43.1034490466118 0 12.068965472281
         vertex 46.5517230331898 0 15.5172413215041
      endloop
   endfacet
   facet normal 0 -1 0
      outer loop
         vertex 46.5517230331898 0 15.5172413215041
         vertex 43.1034490466118 0 12.068965472281
         vertex 46.5517230331898 0 12.068965472281
      endloop
   endfacet
   facet normal 0 -1 0
      outer loop
         vertex 46.5517230331898 0 15.5172413215041
         vertex 46.5517230331898 0 12.068965472281
         vertex 48.453863710165 0 12.33786996454
      endloop
   endfacet
   facet normal 0 -1 0
      outer loop
         vertex 39.6551713347435 0 18.9655181020498
         vertex 39.6551713347435 0 15.5172413215041
         vertex 43.1034490466118 0 18.9655181020498
      endloop
   endfacet
   facet normal 0 -1 0
      outer loop
         vertex 43.1034490466118 0 18.9655181020498
         vertex 39.6551713347435 0 15.5172413215041
         vertex 43.1034490466118 0 15.5172413215041
      endloop
   endfacet
   facet normal 0 -1 0
      outer loop
         vertex 43.1034490466118 0 18.9655181020498
         vertex 43.1034490466118 0 15.5172413215041
         vertex 46.9846315681934 0 17.1010065823793
      endloop
   endfacet
   facet normal 0 -1 0
      outer loop
         vertex 46.9846315681934 0 17.1010065823793
         vertex 43.1034490466118 0 15.5172413215041
         vertex 46.5517230331898 0 15.5172413215041
      endloop
   endfacet
   facet normal 0 -1 0
      outer loop
         vertex 46.9846315681934 0 17.1010065823793
         vertex 46.5517230331898 0 15.5172413215041
         vertex 48.453863710165 0 12.33786996454
      endloop
   endfacet
   facet normal 0 -1 0
      outer loop
         vertex 39.6551713347435 0 22.413793951273
         vertex 39.6551713347435 0 18.9655181020498
         vertex 43.1034490466118 0 22.413793951273
      endloop
   endfacet
   facet normal 0 -1 0
      outer loop
         vertex 43.1034490466118 0 22.413793951273
         vertex 39.6551713347435 0 18.9655181020498
         vertex 43.1034490466118 0 18.9655181020498
      endloop
   endfacet
   facet normal 0 -1 0
      outer loop
         vertex 43.1034490466118 0 22.413793951273
         vertex 43.1034490466118 0 18.9655181020498
         vertex 45.0484417378902 0 21.6941870748997
      endloop
   endfacet
   facet normal 0 -1 0
      outer loop
         vertex 45.0484417378902 0 21.6941870748997
         vertex 43.1034490466118 0 18.9655181020498
         vertex 46.9846315681934 0 17.1010065823793
      endloop
   endfacet
   facet normal 0 -1 0
      outer loop
         vertex 39.6551713347435 0 25.8620698004961
         vertex 39.6551713347435 0 22.413793951273
         vertex 42.6645427942276 0 26.0717608034611
      endloop
   endfacet
   facet normal 0 -1 0
      outer loop
         vertex 42.6645427942276 0 26.0717608034611
         vertex 39.6551713347435 0 22.413793951273
         vertex 43.1034490466118 0 22.413793951273
      endloop
   endfacet
   facet normal 0 -1 0
      outer loop
         vertex 42.6645427942276 0 26.0717608034611
         vertex 43.1034490466118 0 22.413793951273
         vertex 45.0484417378902 0 21.6941870748997
      endloop
   endfacet
   facet normal 0 -1 0
      outer loop
         vertex 39.8566238582134 0 30.1902201026678
         vertex 39.6551713347435 0 29.3103456497192
         vertex 42.6645427942276 0 26.0717608034611
      endloop
   endfacet
   facet normal 0 -1 0
      outer loop
         vertex 42.6645427942276 0 26.0717608034611
         vertex 39.6551713347435 0 29.3103456497192
         vertex 39.6551713347435 0 25.8620698004961
      endloop
   endfacet
   facet normal 0 -1 0
      outer loop
         vertex 43.1034490466118 0 -22.413793951273
         vertex 39.6551713347435 0 -22.413793951273
         vertex 42.6645427942276 0 -26.0717608034611
      endloop
   endfacet
   facet normal 0 -1 0
      outer loop
         vertex 46.5517230331898 0 -15.5172413215041
         vertex 43.1034490466118 0 -15.5172413215041
         vertex 46.9846315681934 0 -17.1010065823793
      endloop
   endfacet
   facet normal 0 -1 0
      outer loop
         vertex 32.7586196362972 0 -36.2068973481655
         vertex 29.3103456497192 0 -36.2068973481655
         vertex 33.0842919647694 0 -37.4890603125095
      endloop
   endfacet
   facet normal 0 -1 0
      outer loop
         vertex -46.5517230331898 0 -15.5172413215041
         vertex -47.7786399424076 0 -14.7377587854862
         vertex -46.0738092660904 0 -19.4217395037413
      endloop
   endfacet
   facet normal 0 -1 0
      outer loop
         vertex 15.9243326634169 0 47.3963655531406
         vertex 15.5172413215041 0 46.5517230331898
         vertex 20.5643549561501 0 45.5752909183502
      endloop
   endfacet
endsolid
