solid LIGGGHTS_STL_EXPORT
  facet normal -0 -0 1
    outer loop
      vertex 43.9311 44.4044 200
      vertex 49.9581 43.7617 200
      vertex 47.5363 47.6338 200
    endloop
  endfacet
  facet normal -0 0 1
    outer loop
      vertex 43.9311 44.4044 200
      vertex 47.2215 39.2714 200
      vertex 49.9581 43.7617 200
    endloop
  endfacet
  facet normal -0 0 1
    outer loop
      vertex 47.5363 47.6338 200
      vertex 49.9581 43.7617 200
      vertex 51.8938 48.2494 200
    endloop
  endfacet
  facet normal -0 0 1
    outer loop
      vertex 49.9581 43.7617 200
      vertex 47.2215 39.2714 200
      vertex 52.7573 39.29 200
    endloop
  endfacet
  facet normal -0 0 1
    outer loop
      vertex 22.4914 4.34189 200
      vertex 20 0 200
      vertex 25 0 200
    endloop
  endfacet
  facet normal 0 0 1
    outer loop
      vertex 43.6542 50.0632 200
      vertex 39.1151 47.5657 200
      vertex 43.9311 44.4044 200
    endloop
  endfacet
  facet normal -0 0 1
    outer loop
      vertex 43.9311 44.4044 200
      vertex 41.7648 39.2326 200
      vertex 47.2215 39.2714 200
    endloop
  endfacet
  facet normal -0 0 1
    outer loop
      vertex 38.9811 43.0844 200
      vertex 41.7648 39.2326 200
      vertex 43.9311 44.4044 200
    endloop
  endfacet
  facet normal -0 0 1
    outer loop
      vertex 12.2629 4.51928 200
      vertex 10 0 200
      vertex 15 0 200
    endloop
  endfacet
  facet normal 0 -0 1
    outer loop
      vertex 47.5363 47.6338 200
      vertex 51.8938 48.2494 200
      vertex 48.3033 51.834 200
    endloop
  endfacet
  facet normal -0 0 1
    outer loop
      vertex 37.5 4.33014 200
      vertex 35 0 200
      vertex 40 0 200
    endloop
  endfacet
  facet normal 0 0 1
    outer loop
      vertex 39.1151 47.5657 200
      vertex 34.6945 50.0448 200
      vertex 34.8009 44.991 200
    endloop
  endfacet
  facet normal -0 0 1
    outer loop
      vertex 9.0531 9.56083 200
      vertex 12.2629 4.51928 200
      vertex 14.8092 8.91413 200
    endloop
  endfacet
  facet normal 0 0 1
    outer loop
      vertex 17.2404 13.8797 200
      vertex 12.568 12.9152 200
      vertex 14.8092 8.91413 200
    endloop
  endfacet
  facet normal 0 -0 1
    outer loop
      vertex 0 0 200
      vertex 5 0 200
      vertex 0 5 200
    endloop
  endfacet
  facet normal 0 -0 1
    outer loop
      vertex 0 5 200
      vertex 4.06969 8.23813 200
      vertex 0 10 200
    endloop
  endfacet
  facet normal 0 -0 1
    outer loop
      vertex 38.9811 43.0844 200
      vertex 39.1151 47.5657 200
      vertex 34.8009 44.991 200
    endloop
  endfacet
  facet normal -0 0 1
    outer loop
      vertex 0 40 200
      vertex 4.33012 37.5 200
      vertex 4.33012 42.5 200
    endloop
  endfacet
  facet normal 0 -0 1
    outer loop
      vertex 0 25 200
      vertex 4.33008 27.5001 200
      vertex 0 30 200
    endloop
  endfacet
  facet normal -0 0 1
    outer loop
      vertex 17.4508 4.38177 200
      vertex 20 0 200
      vertex 22.4914 4.34189 200
    endloop
  endfacet
  facet normal -0 0 1
    outer loop
      vertex 0 25 200
      vertex 4.32967 22.5003 200
      vertex 4.33008 27.5001 200
    endloop
  endfacet
  facet normal 0 -0 1
    outer loop
      vertex 0 10 200
      vertex 4.33554 12.5568 200
      vertex 0 15 200
    endloop
  endfacet
  facet normal -0 0 1
    outer loop
      vertex 0 20 200
      vertex 4.328 17.508 200
      vertex 4.32967 22.5003 200
    endloop
  endfacet
  facet normal -0 -0 1
    outer loop
      vertex 0 5 200
      vertex 6.82828 4.50642 200
      vertex 4.06969 8.23813 200
    endloop
  endfacet
  facet normal -0 0 1
    outer loop
      vertex 27.499 4.33139 200
      vertex 30 0 200
      vertex 32.4999 4.33025 200
    endloop
  endfacet
  facet normal 0 0 1
    outer loop
      vertex 14.8092 8.91413 200
      vertex 12.2629 4.51928 200
      vertex 17.4508 4.38177 200
    endloop
  endfacet
  facet normal 0 -0 1
    outer loop
      vertex 47.5363 47.6338 200
      vertex 48.3033 51.834 200
      vertex 43.6542 50.0632 200
    endloop
  endfacet
  facet normal 0 0 1
    outer loop
      vertex 41.7648 39.2326 200
      vertex 38.9811 43.0844 200
      vertex 35.6841 39.4917 200
    endloop
  endfacet
  facet normal -0 0 1
    outer loop
      vertex 27.499 4.33139 200
      vertex 25 0 200
      vertex 30 0 200
    endloop
  endfacet
  facet normal 0 -0 1
    outer loop
      vertex 44.8234 34.7153 200
      vertex 47.2215 39.2714 200
      vertex 41.7648 39.2326 200
    endloop
  endfacet
  facet normal 0 -0 1
    outer loop
      vertex 39.5066 34.7741 200
      vertex 41.7648 39.2326 200
      vertex 35.6841 39.4917 200
    endloop
  endfacet
  facet normal -0 -0 1
    outer loop
      vertex 39.5066 34.7741 200
      vertex 44.8234 34.7153 200
      vertex 41.7648 39.2326 200
    endloop
  endfacet
  facet normal -0 0 1
    outer loop
      vertex 39.5066 34.7741 200
      vertex 42.4059 30.3412 200
      vertex 44.8234 34.7153 200
    endloop
  endfacet
  facet normal 0 0 1
    outer loop
      vertex 44.8234 34.7153 200
      vertex 42.4059 30.3412 200
      vertex 47.4801 30.3208 200
    endloop
  endfacet
  facet normal -0 0 1
    outer loop
      vertex 32.4999 4.33025 200
      vertex 30 0 200
      vertex 35 0 200
    endloop
  endfacet
  facet normal -0 0 1
    outer loop
      vertex 47.2215 39.2714 200
      vertex 49.9951 34.7142 200
      vertex 52.7573 39.29 200
    endloop
  endfacet
  facet normal 0 -0 1
    outer loop
      vertex 43.9311 44.4044 200
      vertex 47.5363 47.6338 200
      vertex 43.6542 50.0632 200
    endloop
  endfacet
  facet normal 0 0 1
    outer loop
      vertex 12.2629 4.51928 200
      vertex 6.82828 4.50642 200
      vertex 10 0 200
    endloop
  endfacet
  facet normal 0 0 1
    outer loop
      vertex 34.8009 44.991 200
      vertex 34.6945 50.0448 200
      vertex 30.3382 47.488 200
    endloop
  endfacet
  facet normal 0 -0 1
    outer loop
      vertex 4.328 17.508 200
      vertex 8.65257 19.9824 200
      vertex 4.32967 22.5003 200
    endloop
  endfacet
  facet normal -0 -0 1
    outer loop
      vertex 44.8234 34.7153 200
      vertex 49.9951 34.7142 200
      vertex 47.2215 39.2714 200
    endloop
  endfacet
  facet normal 0 -0 1
    outer loop
      vertex 30.4428 42.4043 200
      vertex 34.8009 44.991 200
      vertex 30.3382 47.488 200
    endloop
  endfacet
  facet normal -0 0 1
    outer loop
      vertex 34.7878 34.5891 200
      vertex 37.1705 30.4538 200
      vertex 39.5066 34.7741 200
    endloop
  endfacet
  facet normal 0 -0 1
    outer loop
      vertex 30.5762 37.1228 200
      vertex 35.6841 39.4917 200
      vertex 30.4428 42.4043 200
    endloop
  endfacet
  facet normal -0 0 1
    outer loop
      vertex 30.5762 37.1228 200
      vertex 31.2483 31.1714 200
      vertex 34.7878 34.5891 200
    endloop
  endfacet
  facet normal -0 0 1
    outer loop
      vertex 8.66025 45 200
      vertex 8.66025 40 200
      vertex 12.9904 42.5 200
    endloop
  endfacet
  facet normal -0 0 1
    outer loop
      vertex 31.2483 31.1714 200
      vertex 34.7264 26.1012 200
      vertex 37.1705 30.4538 200
    endloop
  endfacet
  facet normal -0 0 1
    outer loop
      vertex 35.6841 39.4917 200
      vertex 34.7878 34.5891 200
      vertex 39.5066 34.7741 200
    endloop
  endfacet
  facet normal 0 0 1
    outer loop
      vertex 39.5066 34.7741 200
      vertex 37.1705 30.4538 200
      vertex 42.4059 30.3412 200
    endloop
  endfacet
  facet normal 0 0 1
    outer loop
      vertex 34.7878 34.5891 200
      vertex 31.2483 31.1714 200
      vertex 37.1705 30.4538 200
    endloop
  endfacet
  facet normal -0 0 1
    outer loop
      vertex 25.9821 49.9996 200
      vertex 25.9901 44.988 200
      vertex 30.3382 47.488 200
    endloop
  endfacet
  facet normal 0 0 1
    outer loop
      vertex 30.3382 47.488 200
      vertex 25.9901 44.988 200
      vertex 30.4428 42.4043 200
    endloop
  endfacet
  facet normal -0 -0 1
    outer loop
      vertex 30.4428 42.4043 200
      vertex 35.6841 39.4917 200
      vertex 34.8009 44.991 200
    endloop
  endfacet
  facet normal -0 0 1
    outer loop
      vertex 44.8234 34.7153 200
      vertex 47.4801 30.3208 200
      vertex 49.9951 34.7142 200
    endloop
  endfacet
  facet normal -0 0 1
    outer loop
      vertex 30.5762 37.1228 200
      vertex 34.7878 34.5891 200
      vertex 35.6841 39.4917 200
    endloop
  endfacet
  facet normal 0 0 1
    outer loop
      vertex 37.1705 30.4538 200
      vertex 34.7264 26.1012 200
      vertex 39.9288 26.0095 200
    endloop
  endfacet
  facet normal -0 -0 1
    outer loop
      vertex 39.9288 26.0095 200
      vertex 44.9918 25.9836 200
      vertex 42.4059 30.3412 200
    endloop
  endfacet
  facet normal -0 0 1
    outer loop
      vertex 49.9951 34.7142 200
      vertex 47.4801 30.3208 200
      vertex 52.513 30.3216 200
    endloop
  endfacet
  facet normal 0 0 1
    outer loop
      vertex 49.9997 25.9811 200
      vertex 47.4801 30.3208 200
      vertex 44.9918 25.9836 200
    endloop
  endfacet
  facet normal -0 0 1
    outer loop
      vertex 26.1266 34.6867 200
      vertex 25.9869 29.5556 200
      vertex 31.2483 31.1714 200
    endloop
  endfacet
  facet normal 0 -0 1
    outer loop
      vertex 8.65257 19.9824 200
      vertex 8.65883 24.9973 200
      vertex 4.32967 22.5003 200
    endloop
  endfacet
  facet normal 0 -0 1
    outer loop
      vertex 37.4661 21.6621 200
      vertex 39.9288 26.0095 200
      vertex 34.7264 26.1012 200
    endloop
  endfacet
  facet normal -0 -0 1
    outer loop
      vertex 37.4661 21.6621 200
      vertex 42.495 21.6525 200
      vertex 39.9288 26.0095 200
    endloop
  endfacet
  facet normal -0 0 1
    outer loop
      vertex 39.9288 26.0095 200
      vertex 42.495 21.6525 200
      vertex 44.9918 25.9836 200
    endloop
  endfacet
  facet normal 0 0 1
    outer loop
      vertex 34.9999 8.66041 200
      vertex 32.4999 4.33025 200
      vertex 37.5 4.33014 200
    endloop
  endfacet
  facet normal -0 0 1
    outer loop
      vertex 42.5 4.33012 200
      vertex 40 0 200
      vertex 45 0 200
    endloop
  endfacet
  facet normal 0 0 1
    outer loop
      vertex 29.6172 25.8985 200
      vertex 25.4585 25.2892 200
      vertex 27.478 21.6044 200
    endloop
  endfacet
  facet normal -0 0 1
    outer loop
      vertex 34.7264 26.1012 200
      vertex 32.4408 21.6494 200
      vertex 37.4661 21.6621 200
    endloop
  endfacet
  facet normal 0 0 1
    outer loop
      vertex 26.1266 34.6867 200
      vertex 26.0141 39.9321 200
      vertex 21.6631 37.4669 200
    endloop
  endfacet
  facet normal 0 0 1
    outer loop
      vertex 47.4801 30.3208 200
      vertex 42.4059 30.3412 200
      vertex 44.9918 25.9836 200
    endloop
  endfacet
  facet normal -0 0 1
    outer loop
      vertex 21.6656 32.4189 200
      vertex 25.9869 29.5556 200
      vertex 26.1266 34.6867 200
    endloop
  endfacet
  facet normal 0 -0 1
    outer loop
      vertex 26.1266 34.6867 200
      vertex 30.5762 37.1228 200
      vertex 26.0141 39.9321 200
    endloop
  endfacet
  facet normal 0 -0 1
    outer loop
      vertex 38.9811 43.0844 200
      vertex 43.9311 44.4044 200
      vertex 39.1151 47.5657 200
    endloop
  endfacet
  facet normal 0 0 1
    outer loop
      vertex 38.9811 43.0844 200
      vertex 34.8009 44.991 200
      vertex 35.6841 39.4917 200
    endloop
  endfacet
  facet normal 0 0 1
    outer loop
      vertex 25.4585 25.2892 200
      vertex 21.6476 27.4312 200
      vertex 22.064 22.0167 200
    endloop
  endfacet
  facet normal 0 0 1
    outer loop
      vertex 30.4428 42.4043 200
      vertex 25.9901 44.988 200
      vertex 26.0141 39.9321 200
    endloop
  endfacet
  facet normal 0 0 1
    outer loop
      vertex 47.4994 21.6508 200
      vertex 44.9918 25.9836 200
      vertex 42.495 21.6525 200
    endloop
  endfacet
  facet normal -0 -0 1
    outer loop
      vertex 47.4994 21.6508 200
      vertex 52.5 21.6506 200
      vertex 49.9997 25.9811 200
    endloop
  endfacet
  facet normal 0 -0 1
    outer loop
      vertex 32.4408 21.6494 200
      vertex 34.7264 26.1012 200
      vertex 29.6172 25.8985 200
    endloop
  endfacet
  facet normal -0 0 1
    outer loop
      vertex 47.4801 30.3208 200
      vertex 49.9997 25.9811 200
      vertex 52.513 30.3216 200
    endloop
  endfacet
  facet normal -0 0 1
    outer loop
      vertex 17.3205 50 200
      vertex 17.3205 44.9999 200
      vertex 21.651 47.4993 200
    endloop
  endfacet
  facet normal 0 0 1
    outer loop
      vertex 8.65103 14.9965 200
      vertex 4.33554 12.5568 200
      vertex 9.0531 9.56083 200
    endloop
  endfacet
  facet normal -0 -0 1
    outer loop
      vertex 26.1266 34.6867 200
      vertex 31.2483 31.1714 200
      vertex 30.5762 37.1228 200
    endloop
  endfacet
  facet normal 0 0 1
    outer loop
      vertex 29.6172 25.8985 200
      vertex 25.9869 29.5556 200
      vertex 25.4585 25.2892 200
    endloop
  endfacet
  facet normal 0 0 1
    outer loop
      vertex 34.7264 26.1012 200
      vertex 31.2483 31.1714 200
      vertex 29.6172 25.8985 200
    endloop
  endfacet
  facet normal -0 0 1
    outer loop
      vertex 0 10 200
      vertex 4.06969 8.23813 200
      vertex 4.33554 12.5568 200
    endloop
  endfacet
  facet normal -0 0 1
    outer loop
      vertex 6.82828 4.50642 200
      vertex 5 0 200
      vertex 10 0 200
    endloop
  endfacet
  facet normal 0 0 1
    outer loop
      vertex 4.33554 12.5568 200
      vertex 4.328 17.508 200
      vertex 0 15 200
    endloop
  endfacet
  facet normal 0 0 1
    outer loop
      vertex 21.651 47.4993 200
      vertex 17.3205 44.9999 200
      vertex 21.6528 42.494 200
    endloop
  endfacet
  facet normal 0 0 1
    outer loop
      vertex 32.4408 21.6494 200
      vertex 29.6172 25.8985 200
      vertex 27.478 21.6044 200
    endloop
  endfacet
  facet normal 0 -0 1
    outer loop
      vertex 34.9957 17.322 200
      vertex 37.4661 21.6621 200
      vertex 32.4408 21.6494 200
    endloop
  endfacet
  facet normal 0 -0 1
    outer loop
      vertex 29.9924 17.3305 200
      vertex 32.4408 21.6494 200
      vertex 27.478 21.6044 200
    endloop
  endfacet
  facet normal 0 0 1
    outer loop
      vertex 42.4059 30.3412 200
      vertex 37.1705 30.4538 200
      vertex 39.9288 26.0095 200
    endloop
  endfacet
  facet normal 0 0 1
    outer loop
      vertex 47.4994 21.6508 200
      vertex 42.495 21.6525 200
      vertex 44.9999 17.3205 200
    endloop
  endfacet
  facet normal 0 0 1
    outer loop
      vertex 50 17.3205 200
      vertex 47.4994 21.6508 200
      vertex 44.9999 17.3205 200
    endloop
  endfacet
  facet normal 0 0 1
    outer loop
      vertex 29.9924 17.3305 200
      vertex 27.478 21.6044 200
      vertex 24.9794 17.4022 200
    endloop
  endfacet
  facet normal 0 0 1
    outer loop
      vertex 32.4408 21.6494 200
      vertex 29.9924 17.3305 200
      vertex 34.9957 17.322 200
    endloop
  endfacet
  facet normal -0 0 1
    outer loop
      vertex 21.6514 52.5008 200
      vertex 21.651 47.4993 200
      vertex 25.9821 49.9996 200
    endloop
  endfacet
  facet normal 0 -0 1
    outer loop
      vertex 47.4994 21.6508 200
      vertex 49.9997 25.9811 200
      vertex 44.9918 25.9836 200
    endloop
  endfacet
  facet normal -0 0 1
    outer loop
      vertex 21.6528 42.494 200
      vertex 21.6631 37.4669 200
      vertex 26.0141 39.9321 200
    endloop
  endfacet
  facet normal -0 0 1
    outer loop
      vertex 0 5 200
      vertex 5 0 200
      vertex 6.82828 4.50642 200
    endloop
  endfacet
  facet normal 0 -0 1
    outer loop
      vertex 0 20 200
      vertex 4.32967 22.5003 200
      vertex 0 25 200
    endloop
  endfacet
  facet normal -0 0 1
    outer loop
      vertex 12.2629 4.51928 200
      vertex 15 0 200
      vertex 17.4508 4.38177 200
    endloop
  endfacet
  facet normal -0 0 1
    outer loop
      vertex 17.4508 4.38177 200
      vertex 15 0 200
      vertex 20 0 200
    endloop
  endfacet
  facet normal 0 -0 1
    outer loop
      vertex 17.3209 39.9988 200
      vertex 21.6528 42.494 200
      vertex 17.3205 44.9999 200
    endloop
  endfacet
  facet normal 0 -0 1
    outer loop
      vertex 0 15 200
      vertex 4.328 17.508 200
      vertex 0 20 200
    endloop
  endfacet
  facet normal 0 -0 1
    outer loop
      vertex 0 30 200
      vertex 4.33012 32.5 200
      vertex 0 35 200
    endloop
  endfacet
  facet normal -0 0 1
    outer loop
      vertex 0 30 200
      vertex 4.33008 27.5001 200
      vertex 4.33012 32.5 200
    endloop
  endfacet
  facet normal 0 -0 1
    outer loop
      vertex 4.33012 32.5 200
      vertex 4.33012 37.5 200
      vertex 0 35 200
    endloop
  endfacet
  facet normal 0 0 1
    outer loop
      vertex 42.5 4.33012 200
      vertex 37.5 4.33014 200
      vertex 40 0 200
    endloop
  endfacet
  facet normal 0 0 1
    outer loop
      vertex 31.2483 31.1714 200
      vertex 25.9869 29.5556 200
      vertex 29.6172 25.8985 200
    endloop
  endfacet
  facet normal -0 -0 1
    outer loop
      vertex 17.3217 34.9942 200
      vertex 21.6656 32.4189 200
      vertex 21.6631 37.4669 200
    endloop
  endfacet
  facet normal -0 0 1
    outer loop
      vertex 37.4661 21.6621 200
      vertex 39.9983 17.3211 200
      vertex 42.495 21.6525 200
    endloop
  endfacet
  facet normal 0 0 1
    outer loop
      vertex 22.064 22.0167 200
      vertex 17.1624 19.7073 200
      vertex 20.6699 17.2477 200
    endloop
  endfacet
  facet normal 0 0 1
    outer loop
      vertex 21.6656 32.4189 200
      vertex 17.3226 29.9851 200
      vertex 21.6476 27.4312 200
    endloop
  endfacet
  facet normal 0 -0 1
    outer loop
      vertex 0 35 200
      vertex 4.33012 37.5 200
      vertex 0 40 200
    endloop
  endfacet
  facet normal 0 0 1
    outer loop
      vertex 27.478 21.6044 200
      vertex 22.064 22.0167 200
      vertex 24.9794 17.4022 200
    endloop
  endfacet
  facet normal -0 0 1
    outer loop
      vertex 17.3226 29.9851 200
      vertex 17.3379 24.9196 200
      vertex 21.6476 27.4312 200
    endloop
  endfacet
  facet normal 0 0 1
    outer loop
      vertex 22.064 22.0167 200
      vertex 17.3379 24.9196 200
      vertex 17.1624 19.7073 200
    endloop
  endfacet
  facet normal 0 0 1
    outer loop
      vertex 25.9821 49.9996 200
      vertex 21.651 47.4993 200
      vertex 25.9901 44.988 200
    endloop
  endfacet
  facet normal -0 0 1
    outer loop
      vertex 47.4994 21.6508 200
      vertex 50 17.3205 200
      vertex 52.5 21.6506 200
    endloop
  endfacet
  facet normal -0 0 1
    outer loop
      vertex 32.4999 4.33025 200
      vertex 35 0 200
      vertex 37.5 4.33014 200
    endloop
  endfacet
  facet normal -0 0 1
    outer loop
      vertex 22.4914 4.34189 200
      vertex 25 0 200
      vertex 27.499 4.33139 200
    endloop
  endfacet
  facet normal -0 0 1
    outer loop
      vertex 0 45 200
      vertex 4.33012 42.5 200
      vertex 4.33012 47.5 200
    endloop
  endfacet
  facet normal 0 0 1
    outer loop
      vertex 12.9655 22.4494 200
      vertex 8.65257 19.9824 200
      vertex 12.9073 17.3214 200
    endloop
  endfacet
  facet normal 0 0 1
    outer loop
      vertex 25.9869 29.5556 200
      vertex 21.6476 27.4312 200
      vertex 25.4585 25.2892 200
    endloop
  endfacet
  facet normal 0 -0 1
    outer loop
      vertex 0 45 200
      vertex 4.33012 47.5 200
      vertex 0 50 200
    endloop
  endfacet
  facet normal 0 -0 1
    outer loop
      vertex 17.3217 34.9942 200
      vertex 21.6631 37.4669 200
      vertex 17.3209 39.9988 200
    endloop
  endfacet
  facet normal 0 -0 1
    outer loop
      vertex 21.6476 27.4312 200
      vertex 25.9869 29.5556 200
      vertex 21.6656 32.4189 200
    endloop
  endfacet
  facet normal 0 0 1
    outer loop
      vertex 30.5762 37.1228 200
      vertex 30.4428 42.4043 200
      vertex 26.0141 39.9321 200
    endloop
  endfacet
  facet normal 0 -0 1
    outer loop
      vertex 0 40 200
      vertex 4.33012 42.5 200
      vertex 0 45 200
    endloop
  endfacet
  facet normal 0 0 1
    outer loop
      vertex 26.0141 39.9321 200
      vertex 25.9901 44.988 200
      vertex 21.6528 42.494 200
    endloop
  endfacet
  facet normal -0 -0 1
    outer loop
      vertex 34.9957 17.322 200
      vertex 39.9983 17.3211 200
      vertex 37.4661 21.6621 200
    endloop
  endfacet
  facet normal -0 0 1
    outer loop
      vertex 17.3217 34.9942 200
      vertex 17.3226 29.9851 200
      vertex 21.6656 32.4189 200
    endloop
  endfacet
  facet normal 0 0 1
    outer loop
      vertex 19.9445 8.78868 200
      vertex 17.2404 13.8797 200
      vertex 14.8092 8.91413 200
    endloop
  endfacet
  facet normal -0 0 1
    outer loop
      vertex 47.5 4.33012 200
      vertex 45 0 200
      vertex 50 0 200
    endloop
  endfacet
  facet normal -0 0 1
    outer loop
      vertex 42.5 4.33012 200
      vertex 45 0 200
      vertex 47.5 4.33012 200
    endloop
  endfacet
  facet normal 0 0 1
    outer loop
      vertex 25.9901 44.988 200
      vertex 21.651 47.4993 200
      vertex 21.6528 42.494 200
    endloop
  endfacet
  facet normal -0 0 1
    outer loop
      vertex 47.5 12.9904 200
      vertex 45 8.66025 200
      vertex 50 8.66025 200
    endloop
  endfacet
  facet normal -0 0 1
    outer loop
      vertex 4.328 17.508 200
      vertex 4.33554 12.5568 200
      vertex 8.65103 14.9965 200
    endloop
  endfacet
  facet normal -0 0 1
    outer loop
      vertex 12.9904 37.5 200
      vertex 12.9902 32.4988 200
      vertex 17.3217 34.9942 200
    endloop
  endfacet
  facet normal 0 0 1
    outer loop
      vertex 24.9794 17.4022 200
      vertex 22.064 22.0167 200
      vertex 20.6699 17.2477 200
    endloop
  endfacet
  facet normal -0 0 1
    outer loop
      vertex 12.9902 32.4988 200
      vertex 12.9883 27.4911 200
      vertex 17.3226 29.9851 200
    endloop
  endfacet
  facet normal 0 -0 1
    outer loop
      vertex 47.5 12.9904 200
      vertex 50 17.3205 200
      vertex 44.9999 17.3205 200
    endloop
  endfacet
  facet normal 0 -0 1
    outer loop
      vertex 47.5 12.9904 200
      vertex 52.5 12.9904 200
      vertex 50 17.3205 200
    endloop
  endfacet
  facet normal -0 -0 1
    outer loop
      vertex 17.3209 39.9988 200
      vertex 21.6631 37.4669 200
      vertex 21.6528 42.494 200
    endloop
  endfacet
  facet normal -0 -0 1
    outer loop
      vertex 12.9904 37.5 200
      vertex 17.3217 34.9942 200
      vertex 17.3209 39.9988 200
    endloop
  endfacet
  facet normal 0 0 1
    outer loop
      vertex 17.3205 44.9999 200
      vertex 12.9904 47.5 200
      vertex 12.9904 42.5 200
    endloop
  endfacet
  facet normal 0 0 1
    outer loop
      vertex 20.6699 17.2477 200
      vertex 17.2404 13.8797 200
      vertex 22.5215 13.0942 200
    endloop
  endfacet
  facet normal 0 -0 1
    outer loop
      vertex 4.06969 8.23813 200
      vertex 9.0531 9.56083 200
      vertex 4.33554 12.5568 200
    endloop
  endfacet
  facet normal -0 0 1
    outer loop
      vertex 17.1624 19.7073 200
      vertex 17.2404 13.8797 200
      vertex 20.6699 17.2477 200
    endloop
  endfacet
  facet normal 0 -0 1
    outer loop
      vertex 32.4986 12.9924 200
      vertex 34.9957 17.322 200
      vertex 29.9924 17.3305 200
    endloop
  endfacet
  facet normal 0 0 1
    outer loop
      vertex 17.3217 34.9942 200
      vertex 12.9902 32.4988 200
      vertex 17.3226 29.9851 200
    endloop
  endfacet
  facet normal 0 0 1
    outer loop
      vertex 29.9924 17.3305 200
      vertex 24.9794 17.4022 200
      vertex 27.4933 13.0135 200
    endloop
  endfacet
  facet normal 0 0 1
    outer loop
      vertex 27.478 21.6044 200
      vertex 25.4585 25.2892 200
      vertex 22.064 22.0167 200
    endloop
  endfacet
  facet normal -0 -0 1
    outer loop
      vertex 12.9073 17.3214 200
      vertex 17.2404 13.8797 200
      vertex 17.1624 19.7073 200
    endloop
  endfacet
  facet normal 0 -0 1
    outer loop
      vertex 21.6656 32.4189 200
      vertex 26.1266 34.6867 200
      vertex 21.6631 37.4669 200
    endloop
  endfacet
  facet normal 0 0 1
    outer loop
      vertex 34.9957 17.322 200
      vertex 32.4986 12.9924 200
      vertex 37.4998 12.9906 200
    endloop
  endfacet
  facet normal 0 0 1
    outer loop
      vertex 17.3226 29.9851 200
      vertex 12.9883 27.4911 200
      vertex 17.3379 24.9196 200
    endloop
  endfacet
  facet normal 0 0 1
    outer loop
      vertex 32.4986 12.9924 200
      vertex 29.9924 17.3305 200
      vertex 27.4933 13.0135 200
    endloop
  endfacet
  facet normal 0 0 1
    outer loop
      vertex 39.9983 17.3211 200
      vertex 37.4998 12.9906 200
      vertex 42.5 12.9904 200
    endloop
  endfacet
  facet normal 0 0 1
    outer loop
      vertex 21.6476 27.4312 200
      vertex 17.3379 24.9196 200
      vertex 22.064 22.0167 200
    endloop
  endfacet
  facet normal 0 0 1
    outer loop
      vertex 24.9794 17.4022 200
      vertex 20.6699 17.2477 200
      vertex 22.5215 13.0942 200
    endloop
  endfacet
  facet normal 0 -0 1
    outer loop
      vertex 42.5 12.9904 200
      vertex 47.5 12.9904 200
      vertex 44.9999 17.3205 200
    endloop
  endfacet
  facet normal 0 -0 1
    outer loop
      vertex 42.5 12.9904 200
      vertex 44.9999 17.3205 200
      vertex 39.9983 17.3211 200
    endloop
  endfacet
  facet normal -0 0 1
    outer loop
      vertex 12.9883 27.4911 200
      vertex 12.9655 22.4494 200
      vertex 17.3379 24.9196 200
    endloop
  endfacet
  facet normal 0 0 1
    outer loop
      vertex 17.3209 39.9988 200
      vertex 12.9904 42.5 200
      vertex 12.9904 37.5 200
    endloop
  endfacet
  facet normal 0 0 1
    outer loop
      vertex 12.9904 47.5 200
      vertex 8.66025 50 200
      vertex 8.66025 45 200
    endloop
  endfacet
  facet normal 0 -0 1
    outer loop
      vertex 12.9904 42.5 200
      vertex 12.9904 47.5 200
      vertex 8.66025 45 200
    endloop
  endfacet
  facet normal -0 0 1
    outer loop
      vertex 22.5215 13.0942 200
      vertex 24.9961 8.67282 200
      vertex 27.4933 13.0135 200
    endloop
  endfacet
  facet normal -0 -0 1
    outer loop
      vertex 39.9983 17.3211 200
      vertex 44.9999 17.3205 200
      vertex 42.495 21.6525 200
    endloop
  endfacet
  facet normal 0 0 1
    outer loop
      vertex 32.4986 12.9924 200
      vertex 29.9993 8.66145 200
      vertex 34.9999 8.66041 200
    endloop
  endfacet
  facet normal 0 0 1
    outer loop
      vertex 22.5215 13.0942 200
      vertex 17.2404 13.8797 200
      vertex 19.9445 8.78868 200
    endloop
  endfacet
  facet normal 0 0 1
    outer loop
      vertex 29.9993 8.66145 200
      vertex 27.499 4.33139 200
      vertex 32.4999 4.33025 200
    endloop
  endfacet
  facet normal -0 0 1
    outer loop
      vertex 19.9445 8.78868 200
      vertex 22.4914 4.34189 200
      vertex 24.9961 8.67282 200
    endloop
  endfacet
  facet normal -0 0 1
    outer loop
      vertex 12.9655 22.4494 200
      vertex 12.9073 17.3214 200
      vertex 17.1624 19.7073 200
    endloop
  endfacet
  facet normal 0 0 1
    outer loop
      vertex 27.4933 13.0135 200
      vertex 24.9961 8.67282 200
      vertex 29.9993 8.66145 200
    endloop
  endfacet
  facet normal -0 -0 1
    outer loop
      vertex 12.9904 47.5 200
      vertex 17.3205 44.9999 200
      vertex 17.3205 50 200
    endloop
  endfacet
  facet normal -0 0 1
    outer loop
      vertex 8.65883 24.9973 200
      vertex 8.65257 19.9824 200
      vertex 12.9655 22.4494 200
    endloop
  endfacet
  facet normal -0 0 1
    outer loop
      vertex 27.4933 13.0135 200
      vertex 29.9993 8.66145 200
      vertex 32.4986 12.9924 200
    endloop
  endfacet
  facet normal 0 0 1
    outer loop
      vertex 37.4998 12.9906 200
      vertex 34.9999 8.66041 200
      vertex 40 8.66026 200
    endloop
  endfacet
  facet normal -0 0 1
    outer loop
      vertex 12.9073 17.3214 200
      vertex 12.568 12.9152 200
      vertex 17.2404 13.8797 200
    endloop
  endfacet
  facet normal -0 0 1
    outer loop
      vertex 8.65883 24.9973 200
      vertex 12.9655 22.4494 200
      vertex 12.9883 27.4911 200
    endloop
  endfacet
  facet normal 0 -0 1
    outer loop
      vertex 8.66022 35 200
      vertex 12.9904 37.5 200
      vertex 8.66025 40 200
    endloop
  endfacet
  facet normal -0 0 1
    outer loop
      vertex 14.8092 8.91413 200
      vertex 17.4508 4.38177 200
      vertex 19.9445 8.78868 200
    endloop
  endfacet
  facet normal 0 0 1
    outer loop
      vertex 19.9445 8.78868 200
      vertex 17.4508 4.38177 200
      vertex 22.4914 4.34189 200
    endloop
  endfacet
  facet normal 0 -0 1
    outer loop
      vertex 8.65883 24.9973 200
      vertex 12.9883 27.4911 200
      vertex 8.66003 29.9996 200
    endloop
  endfacet
  facet normal 0 -0 1
    outer loop
      vertex 12.9902 32.4988 200
      vertex 12.9904 37.5 200
      vertex 8.66022 35 200
    endloop
  endfacet
  facet normal -0 0 1
    outer loop
      vertex 8.65103 14.9965 200
      vertex 9.0531 9.56083 200
      vertex 12.568 12.9152 200
    endloop
  endfacet
  facet normal 0 0 1
    outer loop
      vertex 12.568 12.9152 200
      vertex 9.0531 9.56083 200
      vertex 14.8092 8.91413 200
    endloop
  endfacet
  facet normal -0 0 1
    outer loop
      vertex 32.4986 12.9924 200
      vertex 34.9999 8.66041 200
      vertex 37.4998 12.9906 200
    endloop
  endfacet
  facet normal 0 0 1
    outer loop
      vertex 27.4933 13.0135 200
      vertex 24.9794 17.4022 200
      vertex 22.5215 13.0942 200
    endloop
  endfacet
  facet normal 0 -0 1
    outer loop
      vertex 4.33012 42.5 200
      vertex 8.66025 45 200
      vertex 4.33012 47.5 200
    endloop
  endfacet
  facet normal -0 0 1
    outer loop
      vertex 34.9957 17.322 200
      vertex 37.4998 12.9906 200
      vertex 39.9983 17.3211 200
    endloop
  endfacet
  facet normal 0 0 1
    outer loop
      vertex 17.3205 44.9999 200
      vertex 12.9904 42.5 200
      vertex 17.3209 39.9988 200
    endloop
  endfacet
  facet normal 0 0 1
    outer loop
      vertex 12.9073 17.3214 200
      vertex 8.65257 19.9824 200
      vertex 8.65103 14.9965 200
    endloop
  endfacet
  facet normal -0 0 1
    outer loop
      vertex 8.66003 29.9996 200
      vertex 12.9883 27.4911 200
      vertex 12.9902 32.4988 200
    endloop
  endfacet
  facet normal -0 0 1
    outer loop
      vertex 12.9655 22.4494 200
      vertex 17.1624 19.7073 200
      vertex 17.3379 24.9196 200
    endloop
  endfacet
  facet normal -0 0 1
    outer loop
      vertex 4.33012 42.5 200
      vertex 8.66025 40 200
      vertex 8.66025 45 200
    endloop
  endfacet
  facet normal 0 -0 1
    outer loop
      vertex 4.33012 37.5 200
      vertex 8.66025 40 200
      vertex 4.33012 42.5 200
    endloop
  endfacet
  facet normal -0 0 1
    outer loop
      vertex 40 8.66026 200
      vertex 42.5 4.33012 200
      vertex 45 8.66025 200
    endloop
  endfacet
  facet normal 0 0 1
    outer loop
      vertex 12.9904 42.5 200
      vertex 8.66025 40 200
      vertex 12.9904 37.5 200
    endloop
  endfacet
  facet normal -0 0 1
    outer loop
      vertex 4.33012 32.5 200
      vertex 8.66003 29.9996 200
      vertex 8.66022 35 200
    endloop
  endfacet
  facet normal -0 0 1
    outer loop
      vertex 42.5 12.9904 200
      vertex 45 8.66025 200
      vertex 47.5 12.9904 200
    endloop
  endfacet
  facet normal 0 -0 1
    outer loop
      vertex 8.66003 29.9996 200
      vertex 12.9902 32.4988 200
      vertex 8.66022 35 200
    endloop
  endfacet
  facet normal 0 0 1
    outer loop
      vertex 42.5 12.9904 200
      vertex 40 8.66026 200
      vertex 45 8.66025 200
    endloop
  endfacet
  facet normal -0 0 1
    outer loop
      vertex 45 8.66025 200
      vertex 47.5 4.33012 200
      vertex 50 8.66025 200
    endloop
  endfacet
  facet normal -0 0 1
    outer loop
      vertex 4.33012 37.5 200
      vertex 8.66022 35 200
      vertex 8.66025 40 200
    endloop
  endfacet
  facet normal 0 -0 1
    outer loop
      vertex 4.33012 32.5 200
      vertex 8.66022 35 200
      vertex 4.33012 37.5 200
    endloop
  endfacet
  facet normal 0 0 1
    outer loop
      vertex 40 8.66026 200
      vertex 34.9999 8.66041 200
      vertex 37.5 4.33014 200
    endloop
  endfacet
  facet normal 0 0 1
    outer loop
      vertex 24.9961 8.67282 200
      vertex 22.4914 4.34189 200
      vertex 27.499 4.33139 200
    endloop
  endfacet
  facet normal -0 0 1
    outer loop
      vertex 4.328 17.508 200
      vertex 8.65103 14.9965 200
      vertex 8.65257 19.9824 200
    endloop
  endfacet
  facet normal -0 0 1
    outer loop
      vertex 45 8.66025 200
      vertex 42.5 4.33012 200
      vertex 47.5 4.33012 200
    endloop
  endfacet
  facet normal -0 0 1
    outer loop
      vertex 4.33012 47.5 200
      vertex 8.66025 45 200
      vertex 8.66025 50 200
    endloop
  endfacet
  facet normal 0 0 1
    outer loop
      vertex 42.5 12.9904 200
      vertex 37.4998 12.9906 200
      vertex 40 8.66026 200
    endloop
  endfacet
  facet normal 0 0 1
    outer loop
      vertex 24.9961 8.67282 200
      vertex 22.5215 13.0942 200
      vertex 19.9445 8.78868 200
    endloop
  endfacet
  facet normal 0 0 1
    outer loop
      vertex 29.9993 8.66145 200
      vertex 24.9961 8.67282 200
      vertex 27.499 4.33139 200
    endloop
  endfacet
  facet normal 0 -0 1
    outer loop
      vertex 4.33008 27.5001 200
      vertex 8.66003 29.9996 200
      vertex 4.33012 32.5 200
    endloop
  endfacet
  facet normal -0 0 1
    outer loop
      vertex 4.33008 27.5001 200
      vertex 8.65883 24.9973 200
      vertex 8.66003 29.9996 200
    endloop
  endfacet
  facet normal -0 -0 1
    outer loop
      vertex 37.5 4.33014 200
      vertex 42.5 4.33012 200
      vertex 40 8.66026 200
    endloop
  endfacet
  facet normal 0 -0 1
    outer loop
      vertex 12.568 12.9152 200
      vertex 12.9073 17.3214 200
      vertex 8.65103 14.9965 200
    endloop
  endfacet
  facet normal 0 -0 1
    outer loop
      vertex 4.32967 22.5003 200
      vertex 8.65883 24.9973 200
      vertex 4.33008 27.5001 200
    endloop
  endfacet
  facet normal -0 0 1
    outer loop
      vertex 29.9993 8.66145 200
      vertex 32.4999 4.33025 200
      vertex 34.9999 8.66041 200
    endloop
  endfacet
  facet normal 0 -0 1
    outer loop
      vertex 6.82828 4.50642 200
      vertex 12.2629 4.51928 200
      vertex 9.0531 9.56083 200
    endloop
  endfacet
  facet normal 0 -0 1
    outer loop
      vertex 6.82828 4.50642 200
      vertex 9.0531 9.56083 200
      vertex 4.06969 8.23813 200
    endloop
  endfacet
  facet normal -0 0 1
    outer loop
      vertex 44.4793 56.0044 200
      vertex 48.3033 51.834 200
      vertex 50.2652 56.3554 200
    endloop
  endfacet
  facet normal -0 0 1
    outer loop
      vertex 44.4793 56.0044 200
      vertex 43.6542 50.0632 200
      vertex 48.3033 51.834 200
    endloop
  endfacet
  facet normal -0 0 1
    outer loop
      vertex 39.2391 52.7916 200
      vertex 39.1151 47.5657 200
      vertex 43.6542 50.0632 200
    endloop
  endfacet
  facet normal 0 0 1
    outer loop
      vertex 44.4793 56.0044 200
      vertex 43.1018 60.9872 200
      vertex 39.285 58.2163 200
    endloop
  endfacet
  facet normal 0 -0 1
    outer loop
      vertex 44.4793 56.0044 200
      vertex 47.5847 60.8901 200
      vertex 43.1018 60.9872 200
    endloop
  endfacet
  facet normal 0 0 1
    outer loop
      vertex 50.2652 56.3554 200
      vertex 47.5847 60.8901 200
      vertex 44.4793 56.0044 200
    endloop
  endfacet
  facet normal -0 0 1
    outer loop
      vertex 45.0175 65.2348 200
      vertex 47.5847 60.8901 200
      vertex 50.0563 65.3046 200
    endloop
  endfacet
  facet normal 0 0 1
    outer loop
      vertex 45.0175 65.2348 200
      vertex 43.1018 60.9872 200
      vertex 47.5847 60.8901 200
    endloop
  endfacet
  facet normal 0 -0 1
    outer loop
      vertex 39.2391 52.7916 200
      vertex 39.285 58.2163 200
      vertex 34.7225 55.1489 200
    endloop
  endfacet
  facet normal -0 0 1
    outer loop
      vertex 39.2391 52.7916 200
      vertex 43.6542 50.0632 200
      vertex 44.4793 56.0044 200
    endloop
  endfacet
  facet normal 0 -0 1
    outer loop
      vertex 43.1018 60.9872 200
      vertex 45.0175 65.2348 200
      vertex 39.5699 64.2888 200
    endloop
  endfacet
  facet normal 0 -0 1
    outer loop
      vertex 34.7225 55.1489 200
      vertex 39.285 58.2163 200
      vertex 34.8478 60.4515 200
    endloop
  endfacet
  facet normal 0 -0 1
    outer loop
      vertex 39.285 58.2163 200
      vertex 39.5699 64.2888 200
      vertex 34.8478 60.4515 200
    endloop
  endfacet
  facet normal -0 0 1
    outer loop
      vertex 47.5004 69.677 200
      vertex 45.0175 65.2348 200
      vertex 50.0563 65.3046 200
    endloop
  endfacet
  facet normal 0 -0 1
    outer loop
      vertex 34.8478 60.4515 200
      vertex 39.5699 64.2888 200
      vertex 34.8131 65.2081 200
    endloop
  endfacet
  facet normal 0 -0 1
    outer loop
      vertex 34.8131 65.2081 200
      vertex 37.2927 69.4432 200
      vertex 31.5374 68.8753 200
    endloop
  endfacet
  facet normal 0 0 1
    outer loop
      vertex 22.4997 95.6666 200
      vertex 17.503 95.6619 200
      vertex 19.9888 91.2527 200
    endloop
  endfacet
  facet normal -0 0 1
    outer loop
      vertex 30.3256 52.516 200
      vertex 34.6945 50.0448 200
      vertex 34.7225 55.1489 200
    endloop
  endfacet
  facet normal 0 -0 1
    outer loop
      vertex 39.2391 52.7916 200
      vertex 44.4793 56.0044 200
      vertex 39.285 58.2163 200
    endloop
  endfacet
  facet normal -0 0 1
    outer loop
      vertex 30.3715 57.5885 200
      vertex 34.7225 55.1489 200
      vertex 34.8478 60.4515 200
    endloop
  endfacet
  facet normal 0 -0 1
    outer loop
      vertex 30.3715 57.5885 200
      vertex 34.8478 60.4515 200
      vertex 30.6134 62.8543 200
    endloop
  endfacet
  facet normal 0 -0 1
    outer loop
      vertex 30.6134 62.8543 200
      vertex 34.8131 65.2081 200
      vertex 31.5374 68.8753 200
    endloop
  endfacet
  facet normal 0 0 1
    outer loop
      vertex 39.5699 64.2888 200
      vertex 37.2927 69.4432 200
      vertex 34.8131 65.2081 200
    endloop
  endfacet
  facet normal 0 -0 1
    outer loop
      vertex 34.6945 50.0448 200
      vertex 39.2391 52.7916 200
      vertex 34.7225 55.1489 200
    endloop
  endfacet
  facet normal 0 0 1
    outer loop
      vertex 34.8478 60.4515 200
      vertex 34.8131 65.2081 200
      vertex 30.6134 62.8543 200
    endloop
  endfacet
  facet normal 0 -0 1
    outer loop
      vertex 45.0175 65.2348 200
      vertex 47.5004 69.677 200
      vertex 42.4415 69.5633 200
    endloop
  endfacet
  facet normal 0 -0 1
    outer loop
      vertex 39.5699 64.2888 200
      vertex 42.4415 69.5633 200
      vertex 37.2927 69.4432 200
    endloop
  endfacet
  facet normal 0 0 1
    outer loop
      vertex 45.0175 65.2348 200
      vertex 42.4415 69.5633 200
      vertex 39.5699 64.2888 200
    endloop
  endfacet
  facet normal -0 0 1
    outer loop
      vertex 30.3256 52.516 200
      vertex 30.3382 47.488 200
      vertex 34.6945 50.0448 200
    endloop
  endfacet
  facet normal -0 0 1
    outer loop
      vertex 34.6945 50.0448 200
      vertex 39.1151 47.5657 200
      vertex 39.2391 52.7916 200
    endloop
  endfacet
  facet normal -0 0 1
    outer loop
      vertex 26.2637 65.3312 200
      vertex 26.0563 60.0844 200
      vertex 30.6134 62.8543 200
    endloop
  endfacet
  facet normal 0 0 1
    outer loop
      vertex 30.6134 62.8543 200
      vertex 26.0563 60.0844 200
      vertex 30.3715 57.5885 200
    endloop
  endfacet
  facet normal 0 0 1
    outer loop
      vertex 30.3256 52.516 200
      vertex 25.9821 49.9996 200
      vertex 30.3382 47.488 200
    endloop
  endfacet
  facet normal -0 0 1
    outer loop
      vertex 34.8564 73.9324 200
      vertex 37.2927 69.4432 200
      vertex 39.9774 73.9974 200
    endloop
  endfacet
  facet normal -0 0 1
    outer loop
      vertex 34.8564 73.9324 200
      vertex 31.5374 68.8753 200
      vertex 37.2927 69.4432 200
    endloop
  endfacet
  facet normal 0 -0 1
    outer loop
      vertex 42.4415 69.5633 200
      vertex 47.5004 69.677 200
      vertex 44.9956 74.0124 200
    endloop
  endfacet
  facet normal -0 0 1
    outer loop
      vertex 39.9774 73.9974 200
      vertex 42.4415 69.5633 200
      vertex 44.9956 74.0124 200
    endloop
  endfacet
  facet normal -0 0 1
    outer loop
      vertex 39.9774 73.9974 200
      vertex 37.2927 69.4432 200
      vertex 42.4415 69.5633 200
    endloop
  endfacet
  facet normal -0 0 1
    outer loop
      vertex 26.0563 60.0844 200
      vertex 25.9887 55.0089 200
      vertex 30.3715 57.5885 200
    endloop
  endfacet
  facet normal 0 0 1
    outer loop
      vertex 47.5 78.3493 200
      vertex 42.4994 78.3491 200
      vertex 44.9956 74.0124 200
    endloop
  endfacet
  facet normal 0 0 1
    outer loop
      vertex 44.9956 74.0124 200
      vertex 42.4994 78.3491 200
      vertex 39.9774 73.9974 200
    endloop
  endfacet
  facet normal 0 0 1
    outer loop
      vertex 39.9774 73.9974 200
      vertex 37.4898 78.3465 200
      vertex 34.8564 73.9324 200
    endloop
  endfacet
  facet normal 0 0 1
    outer loop
      vertex 37.4898 78.3465 200
      vertex 32.4691 78.3538 200
      vertex 34.8564 73.9324 200
    endloop
  endfacet
  facet normal 0 0 1
    outer loop
      vertex 34.8564 73.9324 200
      vertex 32.4691 78.3538 200
      vertex 29.7258 74.0807 200
    endloop
  endfacet
  facet normal 0 0 1
    outer loop
      vertex 26.2637 65.3312 200
      vertex 21.6898 62.5452 200
      vertex 26.0563 60.0844 200
    endloop
  endfacet
  facet normal 0 0 1
    outer loop
      vertex 26.0563 60.0844 200
      vertex 21.6898 62.5452 200
      vertex 21.657 57.5067 200
    endloop
  endfacet
  facet normal -0 0 1
    outer loop
      vertex 22.1694 78.0781 200
      vertex 25.3799 74.6094 200
      vertex 27.4844 78.3764 200
    endloop
  endfacet
  facet normal -0 0 1
    outer loop
      vertex 26.0684 70.4389 200
      vertex 26.2637 65.3312 200
      vertex 31.5374 68.8753 200
    endloop
  endfacet
  facet normal 0 0 1
    outer loop
      vertex 43.1018 60.9872 200
      vertex 39.5699 64.2888 200
      vertex 39.285 58.2163 200
    endloop
  endfacet
  facet normal -0 -0 1
    outer loop
      vertex 25.3799 74.6094 200
      vertex 29.7258 74.0807 200
      vertex 27.4844 78.3764 200
    endloop
  endfacet
  facet normal -0 0 1
    outer loop
      vertex 21.662 72.5702 200
      vertex 21.6955 67.5834 200
      vertex 26.0684 70.4389 200
    endloop
  endfacet
  facet normal 0 -0 1
    outer loop
      vertex 26.0684 70.4389 200
      vertex 29.7258 74.0807 200
      vertex 25.3799 74.6094 200
    endloop
  endfacet
  facet normal -0 0 1
    outer loop
      vertex 22.1694 78.0781 200
      vertex 21.662 72.5702 200
      vertex 25.3799 74.6094 200
    endloop
  endfacet
  facet normal 0 0 1
    outer loop
      vertex 25.9887 55.0089 200
      vertex 21.657 57.5067 200
      vertex 21.6514 52.5008 200
    endloop
  endfacet
  facet normal -0 0 1
    outer loop
      vertex 25.9887 55.0089 200
      vertex 30.3256 52.516 200
      vertex 30.3715 57.5885 200
    endloop
  endfacet
  facet normal -0 -0 1
    outer loop
      vertex 26.0684 70.4389 200
      vertex 31.5374 68.8753 200
      vertex 29.7258 74.0807 200
    endloop
  endfacet
  facet normal 0 0 1
    outer loop
      vertex 42.4994 78.3491 200
      vertex 37.4898 78.3465 200
      vertex 39.9774 73.9974 200
    endloop
  endfacet
  facet normal -0 0 1
    outer loop
      vertex 47.5 78.3493 200
      vertex 44.9956 74.0124 200
      vertex 50.0011 74.0182 200
    endloop
  endfacet
  facet normal 0 -0 1
    outer loop
      vertex 25.9821 49.9996 200
      vertex 25.9887 55.0089 200
      vertex 21.6514 52.5008 200
    endloop
  endfacet
  facet normal 0 -0 1
    outer loop
      vertex 29.7258 74.0807 200
      vertex 32.4691 78.3538 200
      vertex 27.4844 78.3764 200
    endloop
  endfacet
  facet normal -0 -0 1
    outer loop
      vertex 21.662 72.5702 200
      vertex 26.0684 70.4389 200
      vertex 25.3799 74.6094 200
    endloop
  endfacet
  facet normal 0 -0 1
    outer loop
      vertex 8.66025 55 200
      vertex 12.9904 57.5 200
      vertex 8.66025 60 200
    endloop
  endfacet
  facet normal -0 -0 1
    outer loop
      vertex 4.53094 93.1748 200
      vertex 9.55138 90.927 200
      vertex 8.23106 95.8975 200
    endloop
  endfacet
  facet normal -0 0 1
    outer loop
      vertex 21.6955 67.5834 200
      vertex 21.6898 62.5452 200
      vertex 26.2637 65.3312 200
    endloop
  endfacet
  facet normal 0 0 1
    outer loop
      vertex 50 82.6795 200
      vertex 45 82.6795 200
      vertex 47.5 78.3493 200
    endloop
  endfacet
  facet normal -0 0 1
    outer loop
      vertex 25.9887 55.0089 200
      vertex 25.9821 49.9996 200
      vertex 30.3256 52.516 200
    endloop
  endfacet
  facet normal 0 -0 1
    outer loop
      vertex 0 55 200
      vertex 4.33012 57.5 200
      vertex 0 60 200
    endloop
  endfacet
  facet normal 0 0 1
    outer loop
      vertex 22.1694 78.0781 200
      vertex 20.7869 82.837 200
      vertex 17.293 80.3827 200
    endloop
  endfacet
  facet normal -0 0 1
    outer loop
      vertex 0 55 200
      vertex 4.33012 52.5 200
      vertex 4.33012 57.5 200
    endloop
  endfacet
  facet normal 0 -0 1
    outer loop
      vertex 17.4105 75.1455 200
      vertex 22.1694 78.0781 200
      vertex 17.293 80.3827 200
    endloop
  endfacet
  facet normal 0 0 1
    outer loop
      vertex 26.0563 60.0844 200
      vertex 21.657 57.5067 200
      vertex 25.9887 55.0089 200
    endloop
  endfacet
  facet normal 0 -0 1
    outer loop
      vertex 22.1694 78.0781 200
      vertex 27.4844 78.3764 200
      vertex 25.0483 82.6594 200
    endloop
  endfacet
  facet normal 0 -0 1
    outer loop
      vertex 27.5 95.6696 200
      vertex 30 100 200
      vertex 25 100 200
    endloop
  endfacet
  facet normal 0 0 1
    outer loop
      vertex 8.23106 95.8975 200
      vertex 5 100 200
      vertex 4.53094 93.1748 200
    endloop
  endfacet
  facet normal 0 0 1
    outer loop
      vertex 21.6955 67.5834 200
      vertex 17.3253 65.0065 200
      vertex 21.6898 62.5452 200
    endloop
  endfacet
  facet normal 0 -0 1
    outer loop
      vertex 4.53094 93.1748 200
      vertex 5 100 200
      vertex 0 95 200
    endloop
  endfacet
  facet normal 0 0 1
    outer loop
      vertex 21.6898 62.5452 200
      vertex 17.3253 65.0065 200
      vertex 17.3226 60.0023 200
    endloop
  endfacet
  facet normal 0 -0 1
    outer loop
      vertex 0 90 200
      vertex 4.53094 93.1748 200
      vertex 0 95 200
    endloop
  endfacet
  facet normal 0 0 1
    outer loop
      vertex 45 82.6795 200
      vertex 39.9999 82.6795 200
      vertex 42.4994 78.3491 200
    endloop
  endfacet
  facet normal 0 -0 1
    outer loop
      vertex 0 95 200
      vertex 5 100 200
      vertex 0 100 200
    endloop
  endfacet
  facet normal -0 -0 1
    outer loop
      vertex 17.337 70.0268 200
      vertex 21.6955 67.5834 200
      vertex 21.662 72.5702 200
    endloop
  endfacet
  facet normal -0 0 1
    outer loop
      vertex 17.337 70.0268 200
      vertex 17.3253 65.0065 200
      vertex 21.6955 67.5834 200
    endloop
  endfacet
  facet normal -0 0 1
    outer loop
      vertex 34.999 82.6797 200
      vertex 37.4898 78.3465 200
      vertex 39.9999 82.6795 200
    endloop
  endfacet
  facet normal -0 0 1
    outer loop
      vertex 20.7869 82.837 200
      vertex 22.1694 78.0781 200
      vertex 25.0483 82.6594 200
    endloop
  endfacet
  facet normal 0 -0 1
    outer loop
      vertex 27.4844 78.3764 200
      vertex 30.0041 82.6777 200
      vertex 25.0483 82.6594 200
    endloop
  endfacet
  facet normal 0 0 1
    outer loop
      vertex 21.657 57.5067 200
      vertex 17.3208 55.0003 200
      vertex 21.6514 52.5008 200
    endloop
  endfacet
  facet normal 0 0 1
    outer loop
      vertex 21.6514 52.5008 200
      vertex 17.3208 55.0003 200
      vertex 17.3205 50 200
    endloop
  endfacet
  facet normal -0 0 1
    outer loop
      vertex 26.2637 65.3312 200
      vertex 30.6134 62.8543 200
      vertex 31.5374 68.8753 200
    endloop
  endfacet
  facet normal -0 0 1
    outer loop
      vertex 45 82.6795 200
      vertex 42.4994 78.3491 200
      vertex 47.5 78.3493 200
    endloop
  endfacet
  facet normal -0 0 1
    outer loop
      vertex 17.4105 75.1455 200
      vertex 17.337 70.0268 200
      vertex 21.662 72.5702 200
    endloop
  endfacet
  facet normal 0 0 1
    outer loop
      vertex 34.999 82.6797 200
      vertex 32.4691 78.3538 200
      vertex 37.4898 78.3465 200
    endloop
  endfacet
  facet normal -0 0 1
    outer loop
      vertex 4.33021 72.5001 200
      vertex 8.66097 70.001 200
      vertex 8.66409 75.0087 200
    endloop
  endfacet
  facet normal 0 0 1
    outer loop
      vertex 26.0684 70.4389 200
      vertex 21.6955 67.5834 200
      vertex 26.2637 65.3312 200
    endloop
  endfacet
  facet normal 0 0 1
    outer loop
      vertex 30.0041 82.6777 200
      vertex 27.4844 78.3764 200
      vertex 32.4691 78.3538 200
    endloop
  endfacet
  facet normal -0 0 1
    outer loop
      vertex 30.0041 82.6777 200
      vertex 32.4691 78.3538 200
      vertex 34.999 82.6797 200
    endloop
  endfacet
  facet normal 0 0 1
    outer loop
      vertex 34.8564 73.9324 200
      vertex 29.7258 74.0807 200
      vertex 31.5374 68.8753 200
    endloop
  endfacet
  facet normal 0 -0 1
    outer loop
      vertex 0 50 200
      vertex 4.33012 52.5 200
      vertex 0 55 200
    endloop
  endfacet
  facet normal -0 0 1
    outer loop
      vertex 44.9956 74.0124 200
      vertex 47.5004 69.677 200
      vertex 50.0011 74.0182 200
    endloop
  endfacet
  facet normal 0 -0 1
    outer loop
      vertex 21.657 57.5067 200
      vertex 21.6898 62.5452 200
      vertex 17.3226 60.0023 200
    endloop
  endfacet
  facet normal -0 -0 1
    outer loop
      vertex 20.7869 82.837 200
      vertex 25.0483 82.6594 200
      vertex 22.5614 86.9372 200
    endloop
  endfacet
  facet normal 0 0 1
    outer loop
      vertex 50 82.6795 200
      vertex 47.5 87.0096 200
      vertex 45 82.6795 200
    endloop
  endfacet
  facet normal 0 -0 1
    outer loop
      vertex 45 82.6795 200
      vertex 47.5 87.0096 200
      vertex 42.5 87.0096 200
    endloop
  endfacet
  facet normal -0 0 1
    outer loop
      vertex 17.3205 50 200
      vertex 21.651 47.4993 200
      vertex 21.6514 52.5008 200
    endloop
  endfacet
  facet normal 0 -0 1
    outer loop
      vertex 17.3226 60.0023 200
      vertex 17.3253 65.0065 200
      vertex 12.9905 62.5001 200
    endloop
  endfacet
  facet normal 0 -0 1
    outer loop
      vertex 4.33272 77.5031 200
      vertex 8.68322 80.0433 200
      vertex 4.36659 82.5373 200
    endloop
  endfacet
  facet normal 0 0 1
    outer loop
      vertex 34.999 82.6797 200
      vertex 32.5004 87.0093 200
      vertex 30.0041 82.6777 200
    endloop
  endfacet
  facet normal 0 -0 1
    outer loop
      vertex 12.9904 52.5 200
      vertex 17.3208 55.0003 200
      vertex 12.9904 57.5 200
    endloop
  endfacet
  facet normal -0 0 1
    outer loop
      vertex 12.9904 52.5 200
      vertex 17.3205 50 200
      vertex 17.3208 55.0003 200
    endloop
  endfacet
  facet normal 0 0 1
    outer loop
      vertex 42.5 87.0096 200
      vertex 37.5 87.0096 200
      vertex 39.9999 82.6795 200
    endloop
  endfacet
  facet normal 0 0 1
    outer loop
      vertex 42.4994 78.3491 200
      vertex 39.9999 82.6795 200
      vertex 37.4898 78.3465 200
    endloop
  endfacet
  facet normal -0 0 1
    outer loop
      vertex 0 75 200
      vertex 4.33021 72.5001 200
      vertex 4.33272 77.5031 200
    endloop
  endfacet
  facet normal -0 0 1
    outer loop
      vertex 17.4105 75.1455 200
      vertex 21.662 72.5702 200
      vertex 22.1694 78.0781 200
    endloop
  endfacet
  facet normal -0 0 1
    outer loop
      vertex 0 50 200
      vertex 4.33012 47.5 200
      vertex 4.33012 52.5 200
    endloop
  endfacet
  facet normal 0 0 1
    outer loop
      vertex 12.9922 67.5023 200
      vertex 8.66029 65 200
      vertex 12.9905 62.5001 200
    endloop
  endfacet
  facet normal 0 -0 1
    outer loop
      vertex 22.4997 95.6666 200
      vertex 27.5 95.6696 200
      vertex 25 100 200
    endloop
  endfacet
  facet normal 0 -0 1
    outer loop
      vertex 12.9904 47.5 200
      vertex 17.3205 50 200
      vertex 12.9904 52.5 200
    endloop
  endfacet
  facet normal -0 0 1
    outer loop
      vertex 27.5087 87.0006 200
      vertex 30.0041 82.6777 200
      vertex 32.5004 87.0093 200
    endloop
  endfacet
  facet normal 0 -0 1
    outer loop
      vertex 12.9904 57.5 200
      vertex 17.3226 60.0023 200
      vertex 12.9905 62.5001 200
    endloop
  endfacet
  facet normal 0 0 1
    outer loop
      vertex 17.293 80.3827 200
      vertex 12.9963 82.7271 200
      vertex 13.0027 77.5772 200
    endloop
  endfacet
  facet normal -0 0 1
    outer loop
      vertex 13.0036 72.5228 200
      vertex 12.9922 67.5023 200
      vertex 17.337 70.0268 200
    endloop
  endfacet
  facet normal 0 -0 1
    outer loop
      vertex 25.0483 82.6594 200
      vertex 27.5087 87.0006 200
      vertex 22.5614 86.9372 200
    endloop
  endfacet
  facet normal 0 0 1
    outer loop
      vertex 14.9881 91.2382 200
      vertex 9.55138 90.927 200
      vertex 12.7993 87.2722 200
    endloop
  endfacet
  facet normal 0 0 1
    outer loop
      vertex 12.7993 87.2722 200
      vertex 9.55138 90.927 200
      vertex 8.81911 85.1727 200
    endloop
  endfacet
  facet normal 0 0 1
    outer loop
      vertex 17.3486 86.1924 200
      vertex 12.7993 87.2722 200
      vertex 12.9963 82.7271 200
    endloop
  endfacet
  facet normal -0 0 1
    outer loop
      vertex 8.66409 75.0087 200
      vertex 8.66097 70.001 200
      vertex 13.0036 72.5228 200
    endloop
  endfacet
  facet normal 0 0 1
    outer loop
      vertex 13.0036 72.5228 200
      vertex 8.66097 70.001 200
      vertex 12.9922 67.5023 200
    endloop
  endfacet
  facet normal -0 0 1
    outer loop
      vertex 19.9888 91.2527 200
      vertex 17.3486 86.1924 200
      vertex 22.5614 86.9372 200
    endloop
  endfacet
  facet normal -0 0 1
    outer loop
      vertex 17.3486 86.1924 200
      vertex 20.7869 82.837 200
      vertex 22.5614 86.9372 200
    endloop
  endfacet
  facet normal 0 0 1
    outer loop
      vertex 17.337 70.0268 200
      vertex 12.9922 67.5023 200
      vertex 17.3253 65.0065 200
    endloop
  endfacet
  facet normal 0 -0 1
    outer loop
      vertex 27.5087 87.0006 200
      vertex 32.5004 87.0093 200
      vertex 30.0002 91.3395 200
    endloop
  endfacet
  facet normal 0 0 1
    outer loop
      vertex 47.5 87.0096 200
      vertex 45 91.3397 200
      vertex 42.5 87.0096 200
    endloop
  endfacet
  facet normal 0 -0 1
    outer loop
      vertex 12.9904 57.5 200
      vertex 12.9905 62.5001 200
      vertex 8.66025 60 200
    endloop
  endfacet
  facet normal 0 -0 1
    outer loop
      vertex 17.3208 55.0003 200
      vertex 17.3226 60.0023 200
      vertex 12.9904 57.5 200
    endloop
  endfacet
  facet normal -0 0 1
    outer loop
      vertex 13.0036 72.5228 200
      vertex 17.337 70.0268 200
      vertex 17.4105 75.1455 200
    endloop
  endfacet
  facet normal 0 0 1
    outer loop
      vertex 50 91.3397 200
      vertex 45 91.3397 200
      vertex 47.5 87.0096 200
    endloop
  endfacet
  facet normal -0 0 1
    outer loop
      vertex 25.0021 91.333 200
      vertex 22.5614 86.9372 200
      vertex 27.5087 87.0006 200
    endloop
  endfacet
  facet normal 0 0 1
    outer loop
      vertex 12.9904 52.5 200
      vertex 8.66025 55 200
      vertex 8.66025 50 200
    endloop
  endfacet
  facet normal 0 -0 1
    outer loop
      vertex 17.3208 55.0003 200
      vertex 21.657 57.5067 200
      vertex 17.3226 60.0023 200
    endloop
  endfacet
  facet normal 0 -0 1
    outer loop
      vertex 12.9904 47.5 200
      vertex 12.9904 52.5 200
      vertex 8.66025 50 200
    endloop
  endfacet
  facet normal 0 -0 1
    outer loop
      vertex 37.5 87.0096 200
      vertex 40 91.3397 200
      vertex 35 91.3397 200
    endloop
  endfacet
  facet normal 0 -0 1
    outer loop
      vertex 32.5004 87.0093 200
      vertex 37.5 87.0096 200
      vertex 35 91.3397 200
    endloop
  endfacet
  facet normal 0 0 1
    outer loop
      vertex 12.7993 87.2722 200
      vertex 8.81911 85.1727 200
      vertex 12.9963 82.7271 200
    endloop
  endfacet
  facet normal 0 0 1
    outer loop
      vertex 14.9881 91.2382 200
      vertex 12.7993 87.2722 200
      vertex 17.3486 86.1924 200
    endloop
  endfacet
  facet normal -0 0 1
    outer loop
      vertex 12.9922 67.5023 200
      vertex 12.9905 62.5001 200
      vertex 17.3253 65.0065 200
    endloop
  endfacet
  facet normal -0 0 1
    outer loop
      vertex 17.3486 86.1924 200
      vertex 17.293 80.3827 200
      vertex 20.7869 82.837 200
    endloop
  endfacet
  facet normal 0 0 1
    outer loop
      vertex 12.9963 82.7271 200
      vertex 8.81911 85.1727 200
      vertex 8.68322 80.0433 200
    endloop
  endfacet
  facet normal 0 0 1
    outer loop
      vertex 37.5 87.0096 200
      vertex 32.5004 87.0093 200
      vertex 34.999 82.6797 200
    endloop
  endfacet
  facet normal 0 0 1
    outer loop
      vertex 19.9888 91.2527 200
      vertex 14.9881 91.2382 200
      vertex 17.3486 86.1924 200
    endloop
  endfacet
  facet normal -0 0 1
    outer loop
      vertex 8.66097 70.001 200
      vertex 8.66029 65 200
      vertex 12.9922 67.5023 200
    endloop
  endfacet
  facet normal 0 0 1
    outer loop
      vertex 17.4105 75.1455 200
      vertex 17.293 80.3827 200
      vertex 13.0027 77.5772 200
    endloop
  endfacet
  facet normal 0 0 1
    outer loop
      vertex 17.3486 86.1924 200
      vertex 12.9963 82.7271 200
      vertex 17.293 80.3827 200
    endloop
  endfacet
  facet normal 0 0 1
    outer loop
      vertex 45 91.3397 200
      vertex 40 91.3397 200
      vertex 42.5 87.0096 200
    endloop
  endfacet
  facet normal -0 0 1
    outer loop
      vertex 30.3715 57.5885 200
      vertex 30.3256 52.516 200
      vertex 34.7225 55.1489 200
    endloop
  endfacet
  facet normal -0 0 1
    outer loop
      vertex 25.0021 91.333 200
      vertex 27.5087 87.0006 200
      vertex 30.0002 91.3395 200
    endloop
  endfacet
  facet normal -0 -0 1
    outer loop
      vertex 39.9999 82.6795 200
      vertex 45 82.6795 200
      vertex 42.5 87.0096 200
    endloop
  endfacet
  facet normal -0 0 1
    outer loop
      vertex 13.0027 77.5772 200
      vertex 13.0036 72.5228 200
      vertex 17.4105 75.1455 200
    endloop
  endfacet
  facet normal -0 0 1
    outer loop
      vertex 27.5087 87.0006 200
      vertex 25.0483 82.6594 200
      vertex 30.0041 82.6777 200
    endloop
  endfacet
  facet normal -0 0 1
    outer loop
      vertex 8.66025 55 200
      vertex 12.9904 52.5 200
      vertex 12.9904 57.5 200
    endloop
  endfacet
  facet normal 0 0 1
    outer loop
      vertex 37.5 87.0096 200
      vertex 34.999 82.6797 200
      vertex 39.9999 82.6795 200
    endloop
  endfacet
  facet normal 0 -0 1
    outer loop
      vertex 8.66025 60 200
      vertex 12.9905 62.5001 200
      vertex 8.66029 65 200
    endloop
  endfacet
  facet normal -0 0 1
    outer loop
      vertex 30.0002 91.3395 200
      vertex 32.5004 87.0093 200
      vertex 35 91.3397 200
    endloop
  endfacet
  facet normal -0 -0 1
    outer loop
      vertex 8.66409 75.0087 200
      vertex 13.0036 72.5228 200
      vertex 13.0027 77.5772 200
    endloop
  endfacet
  facet normal 0 0 1
    outer loop
      vertex 13.0027 77.5772 200
      vertex 12.9963 82.7271 200
      vertex 8.68322 80.0433 200
    endloop
  endfacet
  facet normal 0 0 1
    outer loop
      vertex 17.503 95.6619 200
      vertex 12.529 95.6443 200
      vertex 14.9881 91.2382 200
    endloop
  endfacet
  facet normal -0 0 1
    outer loop
      vertex 27.5 95.6696 200
      vertex 25.0021 91.333 200
      vertex 30.0002 91.3395 200
    endloop
  endfacet
  facet normal -0 0 1
    outer loop
      vertex 37.5 95.6699 200
      vertex 35 91.3397 200
      vertex 40 91.3397 200
    endloop
  endfacet
  facet normal 0 0 1
    outer loop
      vertex 37.5 95.6699 200
      vertex 32.5 95.6699 200
      vertex 35 91.3397 200
    endloop
  endfacet
  facet normal 0 0 1
    outer loop
      vertex 35 91.3397 200
      vertex 32.5 95.6699 200
      vertex 30.0002 91.3395 200
    endloop
  endfacet
  facet normal 0 0 1
    outer loop
      vertex 42.5 87.0096 200
      vertex 40 91.3397 200
      vertex 37.5 87.0096 200
    endloop
  endfacet
  facet normal 0 -0 1
    outer loop
      vertex 8.66025 55 200
      vertex 8.66025 60 200
      vertex 4.33012 57.5 200
    endloop
  endfacet
  facet normal -0 0 1
    outer loop
      vertex 8.68322 80.0433 200
      vertex 8.66409 75.0087 200
      vertex 13.0027 77.5772 200
    endloop
  endfacet
  facet normal -0 0 1
    outer loop
      vertex 19.9888 91.2527 200
      vertex 22.5614 86.9372 200
      vertex 25.0021 91.333 200
    endloop
  endfacet
  facet normal 0 -0 1
    outer loop
      vertex 4.33012 52.5 200
      vertex 8.66025 55 200
      vertex 4.33012 57.5 200
    endloop
  endfacet
  facet normal -0 0 1
    outer loop
      vertex 4.33012 52.5 200
      vertex 8.66025 50 200
      vertex 8.66025 55 200
    endloop
  endfacet
  facet normal 0 0 1
    outer loop
      vertex 45 91.3397 200
      vertex 42.5 95.6699 200
      vertex 40 91.3397 200
    endloop
  endfacet
  facet normal 0 0 1
    outer loop
      vertex 42.5 95.6699 200
      vertex 40 100 200
      vertex 37.5 95.6699 200
    endloop
  endfacet
  facet normal 0 0 1
    outer loop
      vertex 47.5 95.6699 200
      vertex 42.5 95.6699 200
      vertex 45 91.3397 200
    endloop
  endfacet
  facet normal -0 0 1
    outer loop
      vertex 47.5 95.6699 200
      vertex 45 91.3397 200
      vertex 50 91.3397 200
    endloop
  endfacet
  facet normal 0 0 1
    outer loop
      vertex 8.66025 60 200
      vertex 4.33012 62.5 200
      vertex 4.33012 57.5 200
    endloop
  endfacet
  facet normal -0 0 1
    outer loop
      vertex 0 65 200
      vertex 4.33012 62.5 200
      vertex 4.33012 67.5 200
    endloop
  endfacet
  facet normal -0 0 1
    outer loop
      vertex 0 60 200
      vertex 4.33012 57.5 200
      vertex 4.33012 62.5 200
    endloop
  endfacet
  facet normal 0 0 1
    outer loop
      vertex 8.66029 65 200
      vertex 4.33012 62.5 200
      vertex 8.66025 60 200
    endloop
  endfacet
  facet normal 0 -0 1
    outer loop
      vertex 4.33012 47.5 200
      vertex 8.66025 50 200
      vertex 4.33012 52.5 200
    endloop
  endfacet
  facet normal -0 0 1
    outer loop
      vertex 17.503 95.6619 200
      vertex 14.9881 91.2382 200
      vertex 19.9888 91.2527 200
    endloop
  endfacet
  facet normal 0 0 1
    outer loop
      vertex 27.5 95.6696 200
      vertex 22.4997 95.6666 200
      vertex 25.0021 91.333 200
    endloop
  endfacet
  facet normal 0 0 1
    outer loop
      vertex 12.529 95.6443 200
      vertex 8.23106 95.8975 200
      vertex 9.55138 90.927 200
    endloop
  endfacet
  facet normal 0 -0 1
    outer loop
      vertex 8.81911 85.1727 200
      vertex 9.55138 90.927 200
      vertex 4.52089 87.7376 200
    endloop
  endfacet
  facet normal 0 0 1
    outer loop
      vertex 32.5 95.6699 200
      vertex 27.5 95.6696 200
      vertex 30.0002 91.3395 200
    endloop
  endfacet
  facet normal 0 0 1
    outer loop
      vertex 14.9881 91.2382 200
      vertex 12.529 95.6443 200
      vertex 9.55138 90.927 200
    endloop
  endfacet
  facet normal 0 -0 1
    outer loop
      vertex 8.66029 65 200
      vertex 8.66097 70.001 200
      vertex 4.33012 67.5 200
    endloop
  endfacet
  facet normal 0 -0 1
    outer loop
      vertex 32.5 95.6699 200
      vertex 37.5 95.6699 200
      vertex 35 100 200
    endloop
  endfacet
  facet normal 0 -0 1
    outer loop
      vertex 37.5 95.6699 200
      vertex 40 100 200
      vertex 35 100 200
    endloop
  endfacet
  facet normal 0 -0 1
    outer loop
      vertex 4.33012 62.5 200
      vertex 8.66029 65 200
      vertex 4.33012 67.5 200
    endloop
  endfacet
  facet normal 0 -0 1
    outer loop
      vertex 0 75 200
      vertex 4.33272 77.5031 200
      vertex 0 80 200
    endloop
  endfacet
  facet normal 0 -0 1
    outer loop
      vertex 4.36659 82.5373 200
      vertex 8.81911 85.1727 200
      vertex 4.52089 87.7376 200
    endloop
  endfacet
  facet normal 0 -0 1
    outer loop
      vertex 47.5 95.6699 200
      vertex 50 100 200
      vertex 45 100 200
    endloop
  endfacet
  facet normal -0 0 1
    outer loop
      vertex 4.53094 93.1748 200
      vertex 4.52089 87.7376 200
      vertex 9.55138 90.927 200
    endloop
  endfacet
  facet normal 0 -0 1
    outer loop
      vertex 42.5 95.6699 200
      vertex 45 100 200
      vertex 40 100 200
    endloop
  endfacet
  facet normal 0 0 1
    outer loop
      vertex 47.5 95.6699 200
      vertex 45 100 200
      vertex 42.5 95.6699 200
    endloop
  endfacet
  facet normal -0 0 1
    outer loop
      vertex 0 80 200
      vertex 4.33272 77.5031 200
      vertex 4.36659 82.5373 200
    endloop
  endfacet
  facet normal 0 0 1
    outer loop
      vertex 32.5 95.6699 200
      vertex 30 100 200
      vertex 27.5 95.6696 200
    endloop
  endfacet
  facet normal 0 -0 1
    outer loop
      vertex 32.5 95.6699 200
      vertex 35 100 200
      vertex 30 100 200
    endloop
  endfacet
  facet normal -0 0 1
    outer loop
      vertex 22.4997 95.6666 200
      vertex 19.9888 91.2527 200
      vertex 25.0021 91.333 200
    endloop
  endfacet
  facet normal 0 -0 1
    outer loop
      vertex 0 60 200
      vertex 4.33012 62.5 200
      vertex 0 65 200
    endloop
  endfacet
  facet normal 0 -0 1
    outer loop
      vertex 4.33021 72.5001 200
      vertex 8.66409 75.0087 200
      vertex 4.33272 77.5031 200
    endloop
  endfacet
  facet normal 0 -0 1
    outer loop
      vertex 0 65 200
      vertex 4.33012 67.5 200
      vertex 0 70 200
    endloop
  endfacet
  facet normal -0 0 1
    outer loop
      vertex 0 85 200
      vertex 4.36659 82.5373 200
      vertex 4.52089 87.7376 200
    endloop
  endfacet
  facet normal 0 -0 1
    outer loop
      vertex 22.4997 95.6666 200
      vertex 25 100 200
      vertex 20 100 200
    endloop
  endfacet
  facet normal 0 0 1
    outer loop
      vertex 42.5 95.6699 200
      vertex 37.5 95.6699 200
      vertex 40 91.3397 200
    endloop
  endfacet
  facet normal 0 -0 1
    outer loop
      vertex 8.66409 75.0087 200
      vertex 8.68322 80.0433 200
      vertex 4.33272 77.5031 200
    endloop
  endfacet
  facet normal -0 0 1
    outer loop
      vertex 0 70 200
      vertex 4.33012 67.5 200
      vertex 4.33021 72.5001 200
    endloop
  endfacet
  facet normal 0 -0 1
    outer loop
      vertex 0 70 200
      vertex 4.33021 72.5001 200
      vertex 0 75 200
    endloop
  endfacet
  facet normal -0 0 1
    outer loop
      vertex 4.36659 82.5373 200
      vertex 8.68322 80.0433 200
      vertex 8.81911 85.1727 200
    endloop
  endfacet
  facet normal -0 0 1
    outer loop
      vertex 0 90 200
      vertex 4.52089 87.7376 200
      vertex 4.53094 93.1748 200
    endloop
  endfacet
  facet normal 0 0 1
    outer loop
      vertex 8.66097 70.001 200
      vertex 4.33021 72.5001 200
      vertex 4.33012 67.5 200
    endloop
  endfacet
  facet normal 0 -0 1
    outer loop
      vertex 17.503 95.6619 200
      vertex 20 100 200
      vertex 15 100 200
    endloop
  endfacet
  facet normal 0 0 1
    outer loop
      vertex 22.4997 95.6666 200
      vertex 20 100 200
      vertex 17.503 95.6619 200
    endloop
  endfacet
  facet normal 0 -0 1
    outer loop
      vertex 0 80 200
      vertex 4.36659 82.5373 200
      vertex 0 85 200
    endloop
  endfacet
  facet normal 0 0 1
    outer loop
      vertex 12.529 95.6443 200
      vertex 10 100 200
      vertex 8.23106 95.8975 200
    endloop
  endfacet
  facet normal 0 -0 1
    outer loop
      vertex 12.529 95.6443 200
      vertex 15 100 200
      vertex 10 100 200
    endloop
  endfacet
  facet normal 0 0 1
    outer loop
      vertex 17.503 95.6619 200
      vertex 15 100 200
      vertex 12.529 95.6443 200
    endloop
  endfacet
  facet normal 0 -0 1
    outer loop
      vertex 0 85 200
      vertex 4.52089 87.7376 200
      vertex 0 90 200
    endloop
  endfacet
  facet normal 0 -0 1
    outer loop
      vertex 8.23106 95.8975 200
      vertex 10 100 200
      vertex 5 100 200
    endloop
  endfacet
  facet normal 0 0 1
    outer loop
      vertex 100 10 200
      vertex 95.6523 12.531 200
      vertex 95.9285 8.23605 200
    endloop
  endfacet
  facet normal -0 0 1
    outer loop
      vertex 67.5 4.33016 200
      vertex 70 0 200
      vertex 72.5012 4.33114 200
    endloop
  endfacet
  facet normal 0 -0 1
    outer loop
      vertex 100 45 200
      vertex 100 50 200
      vertex 95.6699 47.5 200
    endloop
  endfacet
  facet normal -0 0 1
    outer loop
      vertex 87.7423 4.52101 200
      vertex 85 0 200
      vertex 90 0 200
    endloop
  endfacet
  facet normal -0 0 1
    outer loop
      vertex 51.8938 48.2494 200
      vertex 49.9581 43.7617 200
      vertex 56.0138 44.4682 200
    endloop
  endfacet
  facet normal -0 0 1
    outer loop
      vertex 67.5 4.33016 200
      vertex 65 0 200
      vertex 70 0 200
    endloop
  endfacet
  facet normal 0 0 1
    outer loop
      vertex 77.5082 4.33724 200
      vertex 72.5012 4.33114 200
      vertex 75 0 200
    endloop
  endfacet
  facet normal 0 -0 1
    outer loop
      vertex 100 20 200
      vertex 100 25 200
      vertex 95.6664 22.4997 200
    endloop
  endfacet
  facet normal 0 0 1
    outer loop
      vertex 56.5135 50.0816 200
      vertex 51.8938 48.2494 200
      vertex 56.0138 44.4682 200
    endloop
  endfacet
  facet normal 0 -0 1
    outer loop
      vertex 100 10 200
      vertex 100 15 200
      vertex 95.6523 12.531 200
    endloop
  endfacet
  facet normal 0 0 1
    outer loop
      vertex 60.9223 47.4974 200
      vertex 56.0138 44.4682 200
      vertex 60.96 43.072 200
    endloop
  endfacet
  facet normal -0 -0 1
    outer loop
      vertex 52.7573 39.29 200
      vertex 58.1935 39.2579 200
      vertex 56.0138 44.4682 200
    endloop
  endfacet
  facet normal 0 0 1
    outer loop
      vertex 60.9223 47.4974 200
      vertex 56.5135 50.0816 200
      vertex 56.0138 44.4682 200
    endloop
  endfacet
  facet normal 0 0 1
    outer loop
      vertex 58.1935 39.2579 200
      vertex 52.7573 39.29 200
      vertex 55.1564 34.722 200
    endloop
  endfacet
  facet normal 0 -0 1
    outer loop
      vertex 60.9223 47.4974 200
      vertex 65.3024 49.9924 200
      vertex 60.9212 52.4888 200
    endloop
  endfacet
  facet normal -0 0 1
    outer loop
      vertex 52.7573 39.29 200
      vertex 49.9951 34.7142 200
      vertex 55.1564 34.722 200
    endloop
  endfacet
  facet normal -0 0 1
    outer loop
      vertex 60.96 43.072 200
      vertex 64.2275 39.4912 200
      vertex 65.1767 44.9733 200
    endloop
  endfacet
  facet normal -0 0 1
    outer loop
      vertex 56.0138 44.4682 200
      vertex 58.1935 39.2579 200
      vertex 60.96 43.072 200
    endloop
  endfacet
  facet normal -0 0 1
    outer loop
      vertex 60.9223 47.4974 200
      vertex 60.96 43.072 200
      vertex 65.1767 44.9733 200
    endloop
  endfacet
  facet normal 0 -0 1
    outer loop
      vertex 60.4057 34.7777 200
      vertex 64.2275 39.4912 200
      vertex 58.1935 39.2579 200
    endloop
  endfacet
  facet normal -0 0 1
    outer loop
      vertex 60.9223 47.4974 200
      vertex 65.1767 44.9733 200
      vertex 65.3024 49.9924 200
    endloop
  endfacet
  facet normal -0 0 1
    outer loop
      vertex 65.3024 49.9924 200
      vertex 69.6477 47.4813 200
      vertex 69.6593 52.5074 200
    endloop
  endfacet
  facet normal 0 -0 1
    outer loop
      vertex 62.6401 30.4031 200
      vertex 64.9863 34.5745 200
      vertex 60.4057 34.7777 200
    endloop
  endfacet
  facet normal -0 0 1
    outer loop
      vertex 64.9863 34.5745 200
      vertex 68.4213 31.0878 200
      vertex 69.235 37.0859 200
    endloop
  endfacet
  facet normal -0 0 1
    outer loop
      vertex 64.2275 39.4912 200
      vertex 64.9863 34.5745 200
      vertex 69.235 37.0859 200
    endloop
  endfacet
  facet normal 0 0 1
    outer loop
      vertex 60.4057 34.7777 200
      vertex 58.1935 39.2579 200
      vertex 55.1564 34.722 200
    endloop
  endfacet
  facet normal 0 -0 1
    outer loop
      vertex 50 8.66025 200
      vertex 55 8.66025 200
      vertex 52.5 12.9904 200
    endloop
  endfacet
  facet normal 0 -0 1
    outer loop
      vertex 62.6401 30.4031 200
      vertex 68.4213 31.0878 200
      vertex 64.9863 34.5745 200
    endloop
  endfacet
  facet normal -0 0 1
    outer loop
      vertex 65.1767 44.9733 200
      vertex 64.2275 39.4912 200
      vertex 69.4961 42.3788 200
    endloop
  endfacet
  facet normal -0 0 1
    outer loop
      vertex 72.5012 4.33114 200
      vertex 70 0 200
      vertex 75 0 200
    endloop
  endfacet
  facet normal 0 -0 1
    outer loop
      vertex 100 40 200
      vertex 100 45 200
      vertex 95.6699 42.5 200
    endloop
  endfacet
  facet normal 0 0 1
    outer loop
      vertex 62.5 4.33013 200
      vertex 57.5 4.33012 200
      vertex 60 0 200
    endloop
  endfacet
  facet normal -0 0 1
    outer loop
      vertex 77.5082 4.33724 200
      vertex 75 0 200
      vertex 80 0 200
    endloop
  endfacet
  facet normal -0 0 1
    outer loop
      vertex 100 5 200
      vertex 95 0 200
      vertex 100 0 200
    endloop
  endfacet
  facet normal 0 -0 1
    outer loop
      vertex 52.513 30.3216 200
      vertex 57.5634 30.3388 200
      vertex 55.1564 34.722 200
    endloop
  endfacet
  facet normal -0 0 1
    outer loop
      vertex 57.5 4.33012 200
      vertex 55 0 200
      vertex 60 0 200
    endloop
  endfacet
  facet normal 0 0 1
    outer loop
      vertex 91.2512 14.9899 200
      vertex 86.2129 17.3424 200
      vertex 87.3261 12.8102 200
    endloop
  endfacet
  facet normal -0 0 1
    outer loop
      vertex 55.1564 34.722 200
      vertex 57.5634 30.3388 200
      vertex 60.4057 34.7777 200
    endloop
  endfacet
  facet normal 0 0 1
    outer loop
      vertex 90.9479 9.55724 200
      vertex 85.2013 8.83909 200
      vertex 87.7423 4.52101 200
    endloop
  endfacet
  facet normal 0 -0 1
    outer loop
      vertex 65.1767 44.9733 200
      vertex 69.6477 47.4813 200
      vertex 65.3024 49.9924 200
    endloop
  endfacet
  facet normal 0 -0 1
    outer loop
      vertex 95.6693 27.4999 200
      vertex 100 30 200
      vertex 95.6699 32.5 200
    endloop
  endfacet
  facet normal 0 -0 1
    outer loop
      vertex 58.1935 39.2579 200
      vertex 64.2275 39.4912 200
      vertex 60.96 43.072 200
    endloop
  endfacet
  facet normal -0 0 1
    outer loop
      vertex 69.6477 47.4813 200
      vertex 69.4961 42.3788 200
      vertex 73.9964 44.9806 200
    endloop
  endfacet
  facet normal 0 -0 1
    outer loop
      vertex 91.2512 14.9899 200
      vertex 91.2558 19.9879 200
      vertex 86.2129 17.3424 200
    endloop
  endfacet
  facet normal 0 0 1
    outer loop
      vertex 95.6664 22.4997 200
      vertex 91.3279 25.0018 200
      vertex 91.2558 19.9879 200
    endloop
  endfacet
  facet normal -0 0 1
    outer loop
      vertex 60.4057 34.7777 200
      vertex 57.5634 30.3388 200
      vertex 62.6401 30.4031 200
    endloop
  endfacet
  facet normal -0 0 1
    outer loop
      vertex 69.4961 42.3788 200
      vertex 69.235 37.0859 200
      vertex 73.9244 39.9049 200
    endloop
  endfacet
  facet normal 0 0 1
    outer loop
      vertex 73.9964 44.9806 200
      vertex 69.4961 42.3788 200
      vertex 73.9244 39.9049 200
    endloop
  endfacet
  facet normal 0 -0 1
    outer loop
      vertex 57.5 12.9904 200
      vertex 60.0001 17.3206 200
      vertex 55 17.3205 200
    endloop
  endfacet
  facet normal 0 0 1
    outer loop
      vertex 74.0157 49.999 200
      vertex 69.6477 47.4813 200
      vertex 73.9964 44.9806 200
    endloop
  endfacet
  facet normal 0 0 1
    outer loop
      vertex 57.5634 30.3388 200
      vertex 52.513 30.3216 200
      vertex 55.0036 25.9826 200
    endloop
  endfacet
  facet normal 0 -0 1
    outer loop
      vertex 95.6699 37.5 200
      vertex 100 40 200
      vertex 95.6699 42.5 200
    endloop
  endfacet
  facet normal 0 0 1
    outer loop
      vertex 55.1564 34.722 200
      vertex 49.9951 34.7142 200
      vertex 52.513 30.3216 200
    endloop
  endfacet
  facet normal 0 0 1
    outer loop
      vertex 82.5426 4.37111 200
      vertex 77.5082 4.33724 200
      vertex 80 0 200
    endloop
  endfacet
  facet normal 0 0 1
    outer loop
      vertex 70.2792 25.9354 200
      vertex 68.4213 31.0878 200
      vertex 65.1198 26.0579 200
    endloop
  endfacet
  facet normal -0 0 1
    outer loop
      vertex 64.2275 39.4912 200
      vertex 69.235 37.0859 200
      vertex 69.4961 42.3788 200
    endloop
  endfacet
  facet normal 0 -0 1
    outer loop
      vertex 68.4213 31.0878 200
      vertex 73.7214 34.6615 200
      vertex 69.235 37.0859 200
    endloop
  endfacet
  facet normal 0 -0 1
    outer loop
      vertex 100 30 200
      vertex 100 35 200
      vertex 95.6699 32.5 200
    endloop
  endfacet
  facet normal 0 0 1
    outer loop
      vertex 62.6401 30.4031 200
      vertex 57.5634 30.3388 200
      vertex 60.0129 25.9889 200
    endloop
  endfacet
  facet normal 0 -0 1
    outer loop
      vertex 100 5 200
      vertex 100 10 200
      vertex 95.9285 8.23605 200
    endloop
  endfacet
  facet normal 0 -0 1
    outer loop
      vertex 70.2792 25.9354 200
      vertex 73.9291 29.5752 200
      vertex 68.4213 31.0878 200
    endloop
  endfacet
  facet normal 0 0 1
    outer loop
      vertex 68.4213 31.0878 200
      vertex 62.6401 30.4031 200
      vertex 65.1198 26.0579 200
    endloop
  endfacet
  facet normal -0 0 1
    outer loop
      vertex 52.513 30.3216 200
      vertex 49.9997 25.9811 200
      vertex 55.0036 25.9826 200
    endloop
  endfacet
  facet normal 0 0 1
    outer loop
      vertex 55 8.66025 200
      vertex 50 8.66025 200
      vertex 52.5 4.33012 200
    endloop
  endfacet
  facet normal -0 0 1
    outer loop
      vertex 57.5634 30.3388 200
      vertex 55.0036 25.9826 200
      vertex 60.0129 25.9889 200
    endloop
  endfacet
  facet normal 0 -0 1
    outer loop
      vertex 52.7573 39.29 200
      vertex 56.0138 44.4682 200
      vertex 49.9581 43.7617 200
    endloop
  endfacet
  facet normal -0 0 1
    outer loop
      vertex 73.9291 29.5752 200
      vertex 74.6702 25.5286 200
      vertex 78.4082 27.5453 200
    endloop
  endfacet
  facet normal 0 -0 1
    outer loop
      vertex 62.5 4.33013 200
      vertex 65.0003 8.66046 200
      vertex 60 8.66027 200
    endloop
  endfacet
  facet normal 0 0 1
    outer loop
      vertex 78.3139 32.438 200
      vertex 73.9291 29.5752 200
      vertex 78.4082 27.5453 200
    endloop
  endfacet
  facet normal -0 0 1
    outer loop
      vertex 57.5 12.9904 200
      vertex 55 8.66025 200
      vertex 60 8.66027 200
    endloop
  endfacet
  facet normal 0 0 1
    outer loop
      vertex 78.3139 32.438 200
      vertex 73.7214 34.6615 200
      vertex 73.9291 29.5752 200
    endloop
  endfacet
  facet normal 0 0 1
    outer loop
      vertex 57.5 4.33012 200
      vertex 55 8.66025 200
      vertex 52.5 4.33012 200
    endloop
  endfacet
  facet normal -0 0 1
    outer loop
      vertex 74.6702 25.5286 200
      vertex 72.6047 21.7245 200
      vertex 78.1348 22.2606 200
    endloop
  endfacet
  facet normal 0 0 1
    outer loop
      vertex 78.4082 27.5453 200
      vertex 74.6702 25.5286 200
      vertex 78.1348 22.2606 200
    endloop
  endfacet
  facet normal 0 -0 1
    outer loop
      vertex 95.6664 22.4997 200
      vertex 95.6693 27.4999 200
      vertex 91.3279 25.0018 200
    endloop
  endfacet
  facet normal 0 0 1
    outer loop
      vertex 74.0157 49.999 200
      vertex 69.6593 52.5074 200
      vertex 69.6477 47.4813 200
    endloop
  endfacet
  facet normal 0 0 1
    outer loop
      vertex 100 5 200
      vertex 93.1732 4.50736 200
      vertex 95 0 200
    endloop
  endfacet
  facet normal 0 0 1
    outer loop
      vertex 74.6702 25.5286 200
      vertex 73.9291 29.5752 200
      vertex 70.2792 25.9354 200
    endloop
  endfacet
  facet normal -0 0 1
    outer loop
      vertex 87.7423 4.52101 200
      vertex 90 0 200
      vertex 93.1732 4.50736 200
    endloop
  endfacet
  facet normal 0 0 1
    outer loop
      vertex 78.3395 42.4896 200
      vertex 73.9964 44.9806 200
      vertex 73.9244 39.9049 200
    endloop
  endfacet
  facet normal -0 0 1
    outer loop
      vertex 93.1732 4.50736 200
      vertex 90 0 200
      vertex 95 0 200
    endloop
  endfacet
  facet normal 0 0 1
    outer loop
      vertex 78.3107 37.4571 200
      vertex 73.9244 39.9049 200
      vertex 73.7214 34.6615 200
    endloop
  endfacet
  facet normal 0 -0 1
    outer loop
      vertex 100 15 200
      vertex 100 20 200
      vertex 95.6618 17.505 200
    endloop
  endfacet
  facet normal 0 -0 1
    outer loop
      vertex 95.6618 17.505 200
      vertex 100 20 200
      vertex 95.6664 22.4997 200
    endloop
  endfacet
  facet normal -0 0 1
    outer loop
      vertex 82.5426 4.37111 200
      vertex 80 0 200
      vertex 85 0 200
    endloop
  endfacet
  facet normal -0 -0 1
    outer loop
      vertex 60.4057 34.7777 200
      vertex 64.9863 34.5745 200
      vertex 64.2275 39.4912 200
    endloop
  endfacet
  facet normal 0 0 1
    outer loop
      vertex 73.9244 39.9049 200
      vertex 69.235 37.0859 200
      vertex 73.7214 34.6615 200
    endloop
  endfacet
  facet normal -0 0 1
    outer loop
      vertex 65.1198 26.0579 200
      vertex 62.5061 21.6544 200
      vertex 67.5397 21.6627 200
    endloop
  endfacet
  facet normal -0 0 1
    outer loop
      vertex 82.5426 4.37111 200
      vertex 85 0 200
      vertex 87.7423 4.52101 200
    endloop
  endfacet
  facet normal 0 -0 1
    outer loop
      vertex 95.6699 42.5 200
      vertex 100 45 200
      vertex 95.6699 47.5 200
    endloop
  endfacet
  facet normal 0 -0 1
    outer loop
      vertex 91.2512 14.9899 200
      vertex 95.6618 17.505 200
      vertex 91.2558 19.9879 200
    endloop
  endfacet
  facet normal 0 -0 1
    outer loop
      vertex 78.3107 37.4571 200
      vertex 78.3395 42.4896 200
      vertex 73.9244 39.9049 200
    endloop
  endfacet
  facet normal 0 0 1
    outer loop
      vertex 69.6477 47.4813 200
      vertex 65.1767 44.9733 200
      vertex 69.4961 42.3788 200
    endloop
  endfacet
  facet normal -0 0 1
    outer loop
      vertex 60.0129 25.9889 200
      vertex 57.5005 21.651 200
      vertex 62.5061 21.6544 200
    endloop
  endfacet
  facet normal 0 0 1
    outer loop
      vertex 60.0129 25.9889 200
      vertex 55.0036 25.9826 200
      vertex 57.5005 21.651 200
    endloop
  endfacet
  facet normal -0 0 1
    outer loop
      vertex 49.9997 25.9811 200
      vertex 52.5 21.6506 200
      vertex 55.0036 25.9826 200
    endloop
  endfacet
  facet normal -0 0 1
    outer loop
      vertex 55.0036 25.9826 200
      vertex 52.5 21.6506 200
      vertex 57.5005 21.651 200
    endloop
  endfacet
  facet normal 0 0 1
    outer loop
      vertex 74.6702 25.5286 200
      vertex 70.2792 25.9354 200
      vertex 72.6047 21.7245 200
    endloop
  endfacet
  facet normal -0 0 1
    outer loop
      vertex 52.5 12.9904 200
      vertex 55 8.66025 200
      vertex 57.5 12.9904 200
    endloop
  endfacet
  facet normal -0 0 1
    outer loop
      vertex 70.2792 25.9354 200
      vertex 67.5397 21.6627 200
      vertex 72.6047 21.7245 200
    endloop
  endfacet
  facet normal 0 -0 1
    outer loop
      vertex 70.0346 17.3486 200
      vertex 72.6047 21.7245 200
      vertex 67.5397 21.6627 200
    endloop
  endfacet
  facet normal -0 0 1
    outer loop
      vertex 78.3139 32.438 200
      vertex 78.4082 27.5453 200
      vertex 82.6864 30.0172 200
    endloop
  endfacet
  facet normal 0 0 1
    outer loop
      vertex 82.6864 30.0172 200
      vertex 78.4082 27.5453 200
      vertex 82.6825 25.1025 200
    endloop
  endfacet
  facet normal 0 -0 1
    outer loop
      vertex 55 17.3205 200
      vertex 57.5005 21.651 200
      vertex 52.5 21.6506 200
    endloop
  endfacet
  facet normal 0 -0 1
    outer loop
      vertex 55 17.3205 200
      vertex 60.0001 17.3206 200
      vertex 57.5005 21.651 200
    endloop
  endfacet
  facet normal -0 0 1
    outer loop
      vertex 78.3395 42.4896 200
      vertex 78.3107 37.4571 200
      vertex 82.6776 39.9981 200
    endloop
  endfacet
  facet normal 0 0 1
    outer loop
      vertex 82.6792 44.9998 200
      vertex 78.3395 42.4896 200
      vertex 82.6776 39.9981 200
    endloop
  endfacet
  facet normal -0 0 1
    outer loop
      vertex 62.6401 30.4031 200
      vertex 60.0129 25.9889 200
      vertex 65.1198 26.0579 200
    endloop
  endfacet
  facet normal -0 0 1
    outer loop
      vertex 72.6047 21.7245 200
      vertex 75.1664 17.4348 200
      vertex 78.1348 22.2606 200
    endloop
  endfacet
  facet normal 0 -0 1
    outer loop
      vertex 65.0037 17.3231 200
      vertex 70.0346 17.3486 200
      vertex 67.5397 21.6627 200
    endloop
  endfacet
  facet normal -0 0 1
    outer loop
      vertex 60.0129 25.9889 200
      vertex 62.5061 21.6544 200
      vertex 65.1198 26.0579 200
    endloop
  endfacet
  facet normal -0 0 1
    outer loop
      vertex 57.5005 21.651 200
      vertex 60.0001 17.3206 200
      vertex 62.5061 21.6544 200
    endloop
  endfacet
  facet normal 0 -0 1
    outer loop
      vertex 82.6792 44.9998 200
      vertex 82.6795 50 200
      vertex 78.3484 47.4991 200
    endloop
  endfacet
  facet normal -0 0 1
    outer loop
      vertex 78.3107 37.4571 200
      vertex 78.3139 32.438 200
      vertex 82.6773 34.9981 200
    endloop
  endfacet
  facet normal 0 0 1
    outer loop
      vertex 82.6776 39.9981 200
      vertex 78.3107 37.4571 200
      vertex 82.6773 34.9981 200
    endloop
  endfacet
  facet normal 0 0 1
    outer loop
      vertex 73.9291 29.5752 200
      vertex 73.7214 34.6615 200
      vertex 68.4213 31.0878 200
    endloop
  endfacet
  facet normal -0 0 1
    outer loop
      vertex 65.1198 26.0579 200
      vertex 67.5397 21.6627 200
      vertex 70.2792 25.9354 200
    endloop
  endfacet
  facet normal 0 0 1
    outer loop
      vertex 100 5 200
      vertex 95.9285 8.23605 200
      vertex 93.1732 4.50736 200
    endloop
  endfacet
  facet normal 0 0 1
    outer loop
      vertex 82.6773 34.9981 200
      vertex 78.3139 32.438 200
      vertex 82.6864 30.0172 200
    endloop
  endfacet
  facet normal -0 0 1
    outer loop
      vertex 62.5061 21.6544 200
      vertex 60.0001 17.3206 200
      vertex 65.0037 17.3231 200
    endloop
  endfacet
  facet normal 0 -0 1
    outer loop
      vertex 78.3484 47.4991 200
      vertex 82.6795 50 200
      vertex 78.3493 52.5 200
    endloop
  endfacet
  facet normal -0 0 1
    outer loop
      vertex 52.5 21.6506 200
      vertex 50 17.3205 200
      vertex 55 17.3205 200
    endloop
  endfacet
  facet normal -0 0 1
    outer loop
      vertex 70.0346 17.3486 200
      vertex 72.5281 13.0065 200
      vertex 75.1664 17.4348 200
    endloop
  endfacet
  facet normal 0 -0 1
    outer loop
      vertex 62.5002 12.9906 200
      vertex 65.0037 17.3231 200
      vertex 60.0001 17.3206 200
    endloop
  endfacet
  facet normal 0 -0 1
    outer loop
      vertex 62.5002 12.9906 200
      vertex 67.505 12.994 200
      vertex 65.0037 17.3231 200
    endloop
  endfacet
  facet normal -0 0 1
    outer loop
      vertex 87.0031 27.5161 200
      vertex 91.3279 25.0018 200
      vertex 91.3392 30.0004 200
    endloop
  endfacet
  facet normal -0 0 1
    outer loop
      vertex 82.6795 50 200
      vertex 82.6792 44.9998 200
      vertex 87.0096 47.5 200
    endloop
  endfacet
  facet normal 0 0 1
    outer loop
      vertex 91.3397 35 200
      vertex 87.0099 32.5015 200
      vertex 91.3392 30.0004 200
    endloop
  endfacet
  facet normal 0 0 1
    outer loop
      vertex 95.6664 22.4997 200
      vertex 91.2558 19.9879 200
      vertex 95.6618 17.505 200
    endloop
  endfacet
  facet normal 0 0 1
    outer loop
      vertex 87.7423 4.52101 200
      vertex 85.2013 8.83909 200
      vertex 82.5426 4.37111 200
    endloop
  endfacet
  facet normal 0 0 1
    outer loop
      vertex 87.0096 52.5 200
      vertex 82.6795 50 200
      vertex 87.0096 47.5 200
    endloop
  endfacet
  facet normal 0 0 1
    outer loop
      vertex 80.4078 17.3103 200
      vertex 75.1664 17.4348 200
      vertex 77.5989 13.0083 200
    endloop
  endfacet
  facet normal 0 0 1
    outer loop
      vertex 82.6792 44.9998 200
      vertex 78.3484 47.4991 200
      vertex 78.3395 42.4896 200
    endloop
  endfacet
  facet normal 0 -0 1
    outer loop
      vertex 95.6523 12.531 200
      vertex 95.6618 17.505 200
      vertex 91.2512 14.9899 200
    endloop
  endfacet
  facet normal 0 -0 1
    outer loop
      vertex 57.5 12.9904 200
      vertex 62.5002 12.9906 200
      vertex 60.0001 17.3206 200
    endloop
  endfacet
  facet normal 0 0 1
    outer loop
      vertex 82.8568 20.8049 200
      vertex 78.1348 22.2606 200
      vertex 80.4078 17.3103 200
    endloop
  endfacet
  facet normal 0 -0 1
    outer loop
      vertex 82.6864 30.0172 200
      vertex 87.0099 32.5015 200
      vertex 82.6773 34.9981 200
    endloop
  endfacet
  facet normal 0 0 1
    outer loop
      vertex 100 15 200
      vertex 95.6618 17.505 200
      vertex 95.6523 12.531 200
    endloop
  endfacet
  facet normal -0 -0 1
    outer loop
      vertex 82.6773 34.9981 200
      vertex 87.0099 32.5015 200
      vertex 87.0097 37.5001 200
    endloop
  endfacet
  facet normal -0 0 1
    outer loop
      vertex 82.6825 25.1025 200
      vertex 82.8568 20.8049 200
      vertex 86.9421 22.567 200
    endloop
  endfacet
  facet normal 0 -0 1
    outer loop
      vertex 100 25 200
      vertex 100 30 200
      vertex 95.6693 27.4999 200
    endloop
  endfacet
  facet normal 0 0 1
    outer loop
      vertex 100 25 200
      vertex 95.6693 27.4999 200
      vertex 95.6664 22.4997 200
    endloop
  endfacet
  facet normal 0 0 1
    outer loop
      vertex 87.0031 27.5161 200
      vertex 82.6825 25.1025 200
      vertex 86.9421 22.567 200
    endloop
  endfacet
  facet normal 0 0 1
    outer loop
      vertex 95.9285 8.23605 200
      vertex 95.6523 12.531 200
      vertex 90.9479 9.55724 200
    endloop
  endfacet
  facet normal 0 -0 1
    outer loop
      vertex 100 35 200
      vertex 100 40 200
      vertex 95.6699 37.5 200
    endloop
  endfacet
  facet normal 0 0 1
    outer loop
      vertex 100 35 200
      vertex 95.6699 37.5 200
      vertex 95.6699 32.5 200
    endloop
  endfacet
  facet normal 0 0 1
    outer loop
      vertex 87.0096 47.5 200
      vertex 82.6792 44.9998 200
      vertex 87.0096 42.5 200
    endloop
  endfacet
  facet normal 0 0 1
    outer loop
      vertex 67.5 4.33016 200
      vertex 62.5 4.33013 200
      vertex 65 0 200
    endloop
  endfacet
  facet normal -0 0 1
    outer loop
      vertex 62.5 4.33013 200
      vertex 60 0 200
      vertex 65 0 200
    endloop
  endfacet
  facet normal 0 -0 1
    outer loop
      vertex 82.6776 39.9981 200
      vertex 87.0096 42.5 200
      vertex 82.6792 44.9998 200
    endloop
  endfacet
  facet normal 0 0 1
    outer loop
      vertex 82.7714 13.0066 200
      vertex 80.4078 17.3103 200
      vertex 77.5989 13.0083 200
    endloop
  endfacet
  facet normal 0 0 1
    outer loop
      vertex 95.6523 12.531 200
      vertex 91.2512 14.9899 200
      vertex 90.9479 9.55724 200
    endloop
  endfacet
  facet normal 0 -0 1
    outer loop
      vertex 82.7714 13.0066 200
      vertex 86.2129 17.3424 200
      vertex 80.4078 17.3103 200
    endloop
  endfacet
  facet normal 0 0 1
    outer loop
      vertex 87.0099 32.5015 200
      vertex 82.6864 30.0172 200
      vertex 87.0031 27.5161 200
    endloop
  endfacet
  facet normal 0 0 1
    outer loop
      vertex 82.6825 25.1025 200
      vertex 78.1348 22.2606 200
      vertex 82.8568 20.8049 200
    endloop
  endfacet
  facet normal -0 0 1
    outer loop
      vertex 52.5 4.33012 200
      vertex 55 0 200
      vertex 57.5 4.33012 200
    endloop
  endfacet
  facet normal -0 0 1
    outer loop
      vertex 78.4082 27.5453 200
      vertex 78.1348 22.2606 200
      vertex 82.6825 25.1025 200
    endloop
  endfacet
  facet normal -0 0 1
    outer loop
      vertex 47.5 4.33012 200
      vertex 50 0 200
      vertex 52.5 4.33012 200
    endloop
  endfacet
  facet normal -0 0 1
    outer loop
      vertex 52.5 4.33012 200
      vertex 50 0 200
      vertex 55 0 200
    endloop
  endfacet
  facet normal 0 0 1
    outer loop
      vertex 87.0031 27.5161 200
      vertex 82.6864 30.0172 200
      vertex 82.6825 25.1025 200
    endloop
  endfacet
  facet normal 0 -0 1
    outer loop
      vertex 78.3395 42.4896 200
      vertex 78.3484 47.4991 200
      vertex 73.9964 44.9806 200
    endloop
  endfacet
  facet normal -0 0 1
    outer loop
      vertex 65.0037 17.3231 200
      vertex 67.505 12.994 200
      vertex 70.0346 17.3486 200
    endloop
  endfacet
  facet normal 0 -0 1
    outer loop
      vertex 73.9964 44.9806 200
      vertex 78.3484 47.4991 200
      vertex 74.0157 49.999 200
    endloop
  endfacet
  facet normal 0 0 1
    outer loop
      vertex 78.3107 37.4571 200
      vertex 73.7214 34.6615 200
      vertex 78.3139 32.438 200
    endloop
  endfacet
  facet normal 0 0 1
    outer loop
      vertex 78.3493 52.5 200
      vertex 74.0157 49.999 200
      vertex 78.3484 47.4991 200
    endloop
  endfacet
  facet normal 0 -0 1
    outer loop
      vertex 65.0037 17.3231 200
      vertex 67.5397 21.6627 200
      vertex 62.5061 21.6544 200
    endloop
  endfacet
  facet normal 0 0 1
    outer loop
      vertex 91.3397 45 200
      vertex 87.0096 47.5 200
      vertex 87.0096 42.5 200
    endloop
  endfacet
  facet normal -0 0 1
    outer loop
      vertex 50 8.66025 200
      vertex 47.5 4.33012 200
      vertex 52.5 4.33012 200
    endloop
  endfacet
  facet normal 0 -0 1
    outer loop
      vertex 65.0003 8.66046 200
      vertex 70.0018 8.6614 200
      vertex 67.505 12.994 200
    endloop
  endfacet
  facet normal -0 0 1
    outer loop
      vertex 67.505 12.994 200
      vertex 70.0018 8.6614 200
      vertex 72.5281 13.0065 200
    endloop
  endfacet
  facet normal 0 0 1
    outer loop
      vertex 87.0097 37.5001 200
      vertex 82.6776 39.9981 200
      vertex 82.6773 34.9981 200
    endloop
  endfacet
  facet normal -0 0 1
    outer loop
      vertex 91.3397 45 200
      vertex 91.3397 40 200
      vertex 95.6699 42.5 200
    endloop
  endfacet
  facet normal -0 0 1
    outer loop
      vertex 86.9421 22.567 200
      vertex 86.2129 17.3424 200
      vertex 91.2558 19.9879 200
    endloop
  endfacet
  facet normal -0 0 1
    outer loop
      vertex 87.0096 42.5 200
      vertex 87.0097 37.5001 200
      vertex 91.3397 40 200
    endloop
  endfacet
  facet normal 0 -0 1
    outer loop
      vertex 67.505 12.994 200
      vertex 72.5281 13.0065 200
      vertex 70.0346 17.3486 200
    endloop
  endfacet
  facet normal 0 -0 1
    outer loop
      vertex 60 8.66027 200
      vertex 62.5002 12.9906 200
      vertex 57.5 12.9904 200
    endloop
  endfacet
  facet normal 0 -0 1
    outer loop
      vertex 60 8.66027 200
      vertex 65.0003 8.66046 200
      vertex 62.5002 12.9906 200
    endloop
  endfacet
  facet normal -0 0 1
    outer loop
      vertex 91.3397 40 200
      vertex 95.6699 37.5 200
      vertex 95.6699 42.5 200
    endloop
  endfacet
  facet normal 0 -0 1
    outer loop
      vertex 86.2129 17.3424 200
      vertex 86.9421 22.567 200
      vertex 82.8568 20.8049 200
    endloop
  endfacet
  facet normal 0 0 1
    outer loop
      vertex 91.3397 45 200
      vertex 87.0096 42.5 200
      vertex 91.3397 40 200
    endloop
  endfacet
  facet normal 0 -0 1
    outer loop
      vertex 70.0018 8.6614 200
      vertex 75.0145 8.66692 200
      vertex 72.5281 13.0065 200
    endloop
  endfacet
  facet normal -0 0 1
    outer loop
      vertex 55 17.3205 200
      vertex 52.5 12.9904 200
      vertex 57.5 12.9904 200
    endloop
  endfacet
  facet normal 0 0 1
    outer loop
      vertex 91.3397 35 200
      vertex 87.0097 37.5001 200
      vertex 87.0099 32.5015 200
    endloop
  endfacet
  facet normal -0 0 1
    outer loop
      vertex 72.5281 13.0065 200
      vertex 75.0145 8.66692 200
      vertex 77.5989 13.0083 200
    endloop
  endfacet
  facet normal 0 0 1
    outer loop
      vertex 91.3279 25.0018 200
      vertex 86.9421 22.567 200
      vertex 91.2558 19.9879 200
    endloop
  endfacet
  facet normal 0 0 1
    outer loop
      vertex 87.0097 37.5001 200
      vertex 87.0096 42.5 200
      vertex 82.6776 39.9981 200
    endloop
  endfacet
  facet normal 0 0 1
    outer loop
      vertex 78.1348 22.2606 200
      vertex 75.1664 17.4348 200
      vertex 80.4078 17.3103 200
    endloop
  endfacet
  facet normal 0 -0 1
    outer loop
      vertex 65.0003 8.66046 200
      vertex 67.505 12.994 200
      vertex 62.5002 12.9906 200
    endloop
  endfacet
  facet normal 0 -0 1
    outer loop
      vertex 80.4078 17.3103 200
      vertex 86.2129 17.3424 200
      vertex 82.8568 20.8049 200
    endloop
  endfacet
  facet normal -0 -0 1
    outer loop
      vertex 82.7714 13.0066 200
      vertex 87.3261 12.8102 200
      vertex 86.2129 17.3424 200
    endloop
  endfacet
  facet normal 0 -0 1
    outer loop
      vertex 50 8.66025 200
      vertex 52.5 12.9904 200
      vertex 47.5 12.9904 200
    endloop
  endfacet
  facet normal -0 0 1
    outer loop
      vertex 87.0099 32.5015 200
      vertex 87.0031 27.5161 200
      vertex 91.3392 30.0004 200
    endloop
  endfacet
  facet normal 0 0 1
    outer loop
      vertex 90.9479 9.55724 200
      vertex 87.3261 12.8102 200
      vertex 85.2013 8.83909 200
    endloop
  endfacet
  facet normal 0 -0 1
    outer loop
      vertex 90.9479 9.55724 200
      vertex 91.2512 14.9899 200
      vertex 87.3261 12.8102 200
    endloop
  endfacet
  facet normal 0 -0 1
    outer loop
      vertex 91.3397 45 200
      vertex 91.3397 50 200
      vertex 87.0096 47.5 200
    endloop
  endfacet
  facet normal 0 -0 1
    outer loop
      vertex 75.0145 8.66692 200
      vertex 80.0639 8.69441 200
      vertex 77.5989 13.0083 200
    endloop
  endfacet
  facet normal 0 0 1
    outer loop
      vertex 91.3397 40 200
      vertex 87.0097 37.5001 200
      vertex 91.3397 35 200
    endloop
  endfacet
  facet normal 0 0 1
    outer loop
      vertex 87.3261 12.8102 200
      vertex 82.7714 13.0066 200
      vertex 85.2013 8.83909 200
    endloop
  endfacet
  facet normal 0 -0 1
    outer loop
      vertex 91.3397 45 200
      vertex 95.6699 47.5 200
      vertex 91.3397 50 200
    endloop
  endfacet
  facet normal 0 -0 1
    outer loop
      vertex 62.5 4.33013 200
      vertex 67.5 4.33016 200
      vertex 65.0003 8.66046 200
    endloop
  endfacet
  facet normal -0 0 1
    outer loop
      vertex 65.0003 8.66046 200
      vertex 67.5 4.33016 200
      vertex 70.0018 8.6614 200
    endloop
  endfacet
  facet normal 0 0 1
    outer loop
      vertex 75.0145 8.66692 200
      vertex 70.0018 8.6614 200
      vertex 72.5012 4.33114 200
    endloop
  endfacet
  facet normal -0 0 1
    outer loop
      vertex 91.3392 30.0004 200
      vertex 91.3279 25.0018 200
      vertex 95.6693 27.4999 200
    endloop
  endfacet
  facet normal -0 0 1
    outer loop
      vertex 75.0145 8.66692 200
      vertex 72.5012 4.33114 200
      vertex 77.5082 4.33724 200
    endloop
  endfacet
  facet normal 0 0 1
    outer loop
      vertex 95.6699 37.5 200
      vertex 91.3397 35 200
      vertex 95.6699 32.5 200
    endloop
  endfacet
  facet normal 0 -0 1
    outer loop
      vertex 70.0346 17.3486 200
      vertex 75.1664 17.4348 200
      vertex 72.6047 21.7245 200
    endloop
  endfacet
  facet normal 0 0 1
    outer loop
      vertex 95.6699 32.5 200
      vertex 91.3392 30.0004 200
      vertex 95.6693 27.4999 200
    endloop
  endfacet
  facet normal 0 0 1
    outer loop
      vertex 80.0639 8.69441 200
      vertex 75.0145 8.66692 200
      vertex 77.5082 4.33724 200
    endloop
  endfacet
  facet normal 0 -0 1
    outer loop
      vertex 86.9421 22.567 200
      vertex 91.3279 25.0018 200
      vertex 87.0031 27.5161 200
    endloop
  endfacet
  facet normal 0 -0 1
    outer loop
      vertex 57.5 4.33012 200
      vertex 60 8.66027 200
      vertex 55 8.66025 200
    endloop
  endfacet
  facet normal 0 -0 1
    outer loop
      vertex 91.3397 35 200
      vertex 95.6699 37.5 200
      vertex 91.3397 40 200
    endloop
  endfacet
  facet normal 0 -0 1
    outer loop
      vertex 72.5281 13.0065 200
      vertex 77.5989 13.0083 200
      vertex 75.1664 17.4348 200
    endloop
  endfacet
  facet normal -0 0 1
    outer loop
      vertex 70.0018 8.6614 200
      vertex 67.5 4.33016 200
      vertex 72.5012 4.33114 200
    endloop
  endfacet
  facet normal -0 0 1
    outer loop
      vertex 50 17.3205 200
      vertex 52.5 12.9904 200
      vertex 55 17.3205 200
    endloop
  endfacet
  facet normal 0 -0 1
    outer loop
      vertex 57.5 4.33012 200
      vertex 62.5 4.33013 200
      vertex 60 8.66027 200
    endloop
  endfacet
  facet normal -0 0 1
    outer loop
      vertex 82.7714 13.0066 200
      vertex 80.0639 8.69441 200
      vertex 85.2013 8.83909 200
    endloop
  endfacet
  facet normal -0 0 1
    outer loop
      vertex 80.0639 8.69441 200
      vertex 77.5082 4.33724 200
      vertex 82.5426 4.37111 200
    endloop
  endfacet
  facet normal -0 0 1
    outer loop
      vertex 91.3397 45 200
      vertex 95.6699 42.5 200
      vertex 95.6699 47.5 200
    endloop
  endfacet
  facet normal -0 0 1
    outer loop
      vertex 77.5989 13.0083 200
      vertex 80.0639 8.69441 200
      vertex 82.7714 13.0066 200
    endloop
  endfacet
  facet normal 0 0 1
    outer loop
      vertex 85.2013 8.83909 200
      vertex 80.0639 8.69441 200
      vertex 82.5426 4.37111 200
    endloop
  endfacet
  facet normal 0 0 1
    outer loop
      vertex 95.6699 32.5 200
      vertex 91.3397 35 200
      vertex 91.3392 30.0004 200
    endloop
  endfacet
  facet normal 0 0 1
    outer loop
      vertex 95.9285 8.23605 200
      vertex 90.9479 9.55724 200
      vertex 93.1732 4.50736 200
    endloop
  endfacet
  facet normal 0 0 1
    outer loop
      vertex 93.1732 4.50736 200
      vertex 90.9479 9.55724 200
      vertex 87.7423 4.52101 200
    endloop
  endfacet
  facet normal 0 -0 1
    outer loop
      vertex 48.3033 51.834 200
      vertex 52.5827 52.4179 200
      vertex 50.2652 56.3554 200
    endloop
  endfacet
  facet normal 0 0 1
    outer loop
      vertex 56.1222 55.6081 200
      vertex 50.2652 56.3554 200
      vertex 52.5827 52.4179 200
    endloop
  endfacet
  facet normal 0 -0 1
    outer loop
      vertex 51.8938 48.2494 200
      vertex 56.5135 50.0816 200
      vertex 52.5827 52.4179 200
    endloop
  endfacet
  facet normal 0 -0 1
    outer loop
      vertex 51.8938 48.2494 200
      vertex 52.5827 52.4179 200
      vertex 48.3033 51.834 200
    endloop
  endfacet
  facet normal -0 0 1
    outer loop
      vertex 56.1222 55.6081 200
      vertex 56.5135 50.0816 200
      vertex 60.9212 52.4888 200
    endloop
  endfacet
  facet normal -0 0 1
    outer loop
      vertex 47.5847 60.8901 200
      vertex 50.2652 56.3554 200
      vertex 52.8419 60.7473 200
    endloop
  endfacet
  facet normal -0 -0 1
    outer loop
      vertex 56.5135 50.0816 200
      vertex 60.9223 47.4974 200
      vertex 60.9212 52.4888 200
    endloop
  endfacet
  facet normal -0 -0 1
    outer loop
      vertex 60.9212 52.4888 200
      vertex 65.3024 49.9924 200
      vertex 65.1942 55.003 200
    endloop
  endfacet
  facet normal -0 0 1
    outer loop
      vertex 58.2187 60.7272 200
      vertex 56.1222 55.6081 200
      vertex 60.9871 56.9116 200
    endloop
  endfacet
  facet normal 0 0 1
    outer loop
      vertex 58.2187 60.7272 200
      vertex 52.8419 60.7473 200
      vertex 56.1222 55.6081 200
    endloop
  endfacet
  facet normal -0 0 1
    outer loop
      vertex 50.0563 65.3046 200
      vertex 52.8419 60.7473 200
      vertex 55.1547 65.2759 200
    endloop
  endfacet
  facet normal 0 0 1
    outer loop
      vertex 95.6696 72.5006 200
      vertex 91.3402 75.0084 200
      vertex 91.3398 70.0011 200
    endloop
  endfacet
  facet normal -0 0 1
    outer loop
      vertex 56.1222 55.6081 200
      vertex 60.9212 52.4888 200
      vertex 60.9871 56.9116 200
    endloop
  endfacet
  facet normal 0 0 1
    outer loop
      vertex 56.1222 55.6081 200
      vertex 52.8419 60.7473 200
      vertex 50.2652 56.3554 200
    endloop
  endfacet
  facet normal -0 -0 1
    outer loop
      vertex 52.8419 60.7473 200
      vertex 58.2187 60.7272 200
      vertex 55.1547 65.2759 200
    endloop
  endfacet
  facet normal 0 0 1
    outer loop
      vertex 60.4622 65.1433 200
      vertex 55.1547 65.2759 200
      vertex 58.2187 60.7272 200
    endloop
  endfacet
  facet normal -0 -0 1
    outer loop
      vertex 60.9871 56.9116 200
      vertex 65.1942 55.003 200
      vertex 64.2916 60.4329 200
    endloop
  endfacet
  facet normal 0 0 1
    outer loop
      vertex 55.1547 65.2759 200
      vertex 52.5184 69.6758 200
      vertex 50.0563 65.3046 200
    endloop
  endfacet
  facet normal -0 0 1
    outer loop
      vertex 47.5004 69.677 200
      vertex 50.0563 65.3046 200
      vertex 52.5184 69.6758 200
    endloop
  endfacet
  facet normal 0 0 1
    outer loop
      vertex 50.0563 65.3046 200
      vertex 47.5847 60.8901 200
      vertex 52.8419 60.7473 200
    endloop
  endfacet
  facet normal 0 -0 1
    outer loop
      vertex 60.9212 52.4888 200
      vertex 65.1942 55.003 200
      vertex 60.9871 56.9116 200
    endloop
  endfacet
  facet normal 0 0 1
    outer loop
      vertex 56.1222 55.6081 200
      vertex 52.5827 52.4179 200
      vertex 56.5135 50.0816 200
    endloop
  endfacet
  facet normal 0 0 1
    outer loop
      vertex 68.8844 68.4567 200
      vertex 62.8601 69.3829 200
      vertex 65.234 65.1742 200
    endloop
  endfacet
  facet normal 0 0 1
    outer loop
      vertex 65.234 65.1742 200
      vertex 62.8601 69.3829 200
      vertex 60.4622 65.1433 200
    endloop
  endfacet
  facet normal 0 0 1
    outer loop
      vertex 69.4476 62.7051 200
      vertex 64.2916 60.4329 200
      vertex 69.5572 57.5615 200
    endloop
  endfacet
  facet normal -0 -0 1
    outer loop
      vertex 65.1942 55.003 200
      vertex 69.6593 52.5074 200
      vertex 69.5572 57.5615 200
    endloop
  endfacet
  facet normal 0 0 1
    outer loop
      vertex 68.8844 68.4567 200
      vertex 65.234 65.1742 200
      vertex 69.4476 62.7051 200
    endloop
  endfacet
  facet normal -0 0 1
    outer loop
      vertex 82.5062 95.654 200
      vertex 85.0759 91.2106 200
      vertex 87.4865 95.6367 200
    endloop
  endfacet
  facet normal 0 0 1
    outer loop
      vertex 60.4622 65.1433 200
      vertex 58.2187 60.7272 200
      vertex 64.2916 60.4329 200
    endloop
  endfacet
  facet normal 0 0 1
    outer loop
      vertex 62.8601 69.3829 200
      vertex 57.59 69.6272 200
      vertex 60.4622 65.1433 200
    endloop
  endfacet
  facet normal 0 0 1
    outer loop
      vertex 60.4622 65.1433 200
      vertex 57.59 69.6272 200
      vertex 55.1547 65.2759 200
    endloop
  endfacet
  facet normal -0 0 1
    outer loop
      vertex 65.234 65.1742 200
      vertex 64.2916 60.4329 200
      vertex 69.4476 62.7051 200
    endloop
  endfacet
  facet normal -0 0 1
    outer loop
      vertex 58.2187 60.7272 200
      vertex 60.9871 56.9116 200
      vertex 64.2916 60.4329 200
    endloop
  endfacet
  facet normal 0 0 1
    outer loop
      vertex 65.234 65.1742 200
      vertex 60.4622 65.1433 200
      vertex 64.2916 60.4329 200
    endloop
  endfacet
  facet normal 0 -0 1
    outer loop
      vertex 65.3024 49.9924 200
      vertex 69.6593 52.5074 200
      vertex 65.1942 55.003 200
    endloop
  endfacet
  facet normal -0 0 1
    outer loop
      vertex 64.2916 60.4329 200
      vertex 65.1942 55.003 200
      vertex 69.5572 57.5615 200
    endloop
  endfacet
  facet normal 0 -0 1
    outer loop
      vertex 73.9371 65.1407 200
      vertex 74.1004 70.2621 200
      vertex 68.8844 68.4567 200
    endloop
  endfacet
  facet normal -0 -0 1
    outer loop
      vertex 52.5184 69.6758 200
      vertex 57.59 69.6272 200
      vertex 55.0092 74.0112 200
    endloop
  endfacet
  facet normal 0 0 1
    outer loop
      vertex 57.59 69.6272 200
      vertex 52.5184 69.6758 200
      vertex 55.1547 65.2759 200
    endloop
  endfacet
  facet normal 0 0 1
    outer loop
      vertex 73.9371 65.1407 200
      vertex 68.8844 68.4567 200
      vertex 69.4476 62.7051 200
    endloop
  endfacet
  facet normal 0 0 1
    outer loop
      vertex 73.9972 60.0226 200
      vertex 73.9371 65.1407 200
      vertex 69.4476 62.7051 200
    endloop
  endfacet
  facet normal 0 0 1
    outer loop
      vertex 62.5 95.6699 200
      vertex 57.5 95.6699 200
      vertex 60 91.3397 200
    endloop
  endfacet
  facet normal 0 0 1
    outer loop
      vertex 72.5003 95.669 200
      vertex 70 100 200
      vertex 67.5001 95.6697 200
    endloop
  endfacet
  facet normal 0 0 1
    outer loop
      vertex 73.9972 60.0226 200
      vertex 69.4476 62.7051 200
      vertex 69.5572 57.5615 200
    endloop
  endfacet
  facet normal -0 -0 1
    outer loop
      vertex 47.5004 69.677 200
      vertex 52.5184 69.6758 200
      vertex 50.0011 74.0182 200
    endloop
  endfacet
  facet normal -0 -0 1
    outer loop
      vertex 69.5572 57.5615 200
      vertex 74.013 55.0033 200
      vertex 73.9972 60.0226 200
    endloop
  endfacet
  facet normal 0 0 1
    outer loop
      vertex 85 100 200
      vertex 82.5062 95.654 200
      vertex 87.4865 95.6367 200
    endloop
  endfacet
  facet normal -0 0 1
    outer loop
      vertex 95.6696 72.5006 200
      vertex 100 70 200
      vertex 100 75 200
    endloop
  endfacet
  facet normal 0 -0 1
    outer loop
      vertex 57.59 69.6272 200
      vertex 60.0847 73.9432 200
      vertex 55.0092 74.0112 200
    endloop
  endfacet
  facet normal 0 -0 1
    outer loop
      vertex 95.4954 87.7284 200
      vertex 100 90 200
      vertex 95.4785 93.1696 200
    endloop
  endfacet
  facet normal -0 -0 1
    outer loop
      vertex 85.0759 91.2106 200
      vertex 90.5045 90.8983 200
      vertex 87.4865 95.6367 200
    endloop
  endfacet
  facet normal -0 0 1
    outer loop
      vertex 65.3339 73.7336 200
      vertex 68.8844 68.4567 200
      vertex 70.4536 73.9204 200
    endloop
  endfacet
  facet normal -0 0 1
    outer loop
      vertex 95 100 200
      vertex 100 95 200
      vertex 100 100 200
    endloop
  endfacet
  facet normal 0 -0 1
    outer loop
      vertex 68.8844 68.4567 200
      vertex 74.1004 70.2621 200
      vertex 70.4536 73.9204 200
    endloop
  endfacet
  facet normal 0 0 1
    outer loop
      vertex 95 100 200
      vertex 91.7794 95.8918 200
      vertex 95.4785 93.1696 200
    endloop
  endfacet
  facet normal 0 0 1
    outer loop
      vertex 80 100 200
      vertex 75 100 200
      vertex 77.5021 95.6647 200
    endloop
  endfacet
  facet normal -0 0 1
    outer loop
      vertex 95.4954 87.7284 200
      vertex 95.6366 82.5423 200
      vertex 100 85 200
    endloop
  endfacet
  facet normal 0 0 1
    outer loop
      vertex 78.3473 62.5099 200
      vertex 73.9371 65.1407 200
      vertex 73.9972 60.0226 200
    endloop
  endfacet
  facet normal 0 -0 1
    outer loop
      vertex 87.3358 87.2156 200
      vertex 90.5045 90.8983 200
      vertex 85.0759 91.2106 200
    endloop
  endfacet
  facet normal 0 0 1
    outer loop
      vertex 55.0092 74.0112 200
      vertex 52.5004 78.349 200
      vertex 50.0011 74.0182 200
    endloop
  endfacet
  facet normal 0 -0 1
    outer loop
      vertex 50.0011 74.0182 200
      vertex 52.5004 78.349 200
      vertex 47.5 78.3493 200
    endloop
  endfacet
  facet normal -0 -0 1
    outer loop
      vertex 69.6593 52.5074 200
      vertex 74.0157 49.999 200
      vertex 74.013 55.0033 200
    endloop
  endfacet
  facet normal -0 -0 1
    outer loop
      vertex 60.0847 73.9432 200
      vertex 65.3339 73.7336 200
      vertex 62.5392 78.3132 200
    endloop
  endfacet
  facet normal 0 0 1
    outer loop
      vertex 78.3493 52.5 200
      vertex 74.013 55.0033 200
      vertex 74.0157 49.999 200
    endloop
  endfacet
  facet normal 0 0 1
    outer loop
      vertex 68.8844 68.4567 200
      vertex 65.3339 73.7336 200
      vertex 62.8601 69.3829 200
    endloop
  endfacet
  facet normal 0 0 1
    outer loop
      vertex 78.3668 72.5405 200
      vertex 74.5666 74.631 200
      vertex 74.1004 70.2621 200
    endloop
  endfacet
  facet normal -0 0 1
    outer loop
      vertex 57.509 78.3409 200
      vertex 60.0847 73.9432 200
      vertex 62.5392 78.3132 200
    endloop
  endfacet
  facet normal -0 0 1
    outer loop
      vertex 52.5004 78.349 200
      vertex 55.0092 74.0112 200
      vertex 57.509 78.3409 200
    endloop
  endfacet
  facet normal -0 0 1
    outer loop
      vertex 50.0011 74.0182 200
      vertex 52.5184 69.6758 200
      vertex 55.0092 74.0112 200
    endloop
  endfacet
  facet normal 0 -0 1
    outer loop
      vertex 78.3473 62.5099 200
      vertex 78.3569 67.5319 200
      vertex 73.9371 65.1407 200
    endloop
  endfacet
  facet normal -0 0 1
    outer loop
      vertex 67.5001 95.6697 200
      vertex 70.0008 91.3366 200
      vertex 72.5003 95.669 200
    endloop
  endfacet
  facet normal -0 0 1
    outer loop
      vertex 74.1004 70.2621 200
      vertex 73.9371 65.1407 200
      vertex 78.3569 67.5319 200
    endloop
  endfacet
  facet normal -0 -0 1
    outer loop
      vertex 74.013 55.0033 200
      vertex 78.3493 52.5 200
      vertex 78.349 57.5013 200
    endloop
  endfacet
  facet normal -0 -0 1
    outer loop
      vertex 74.5666 74.631 200
      vertex 78.3668 72.5405 200
      vertex 77.9351 77.977 200
    endloop
  endfacet
  facet normal 0 0 1
    outer loop
      vertex 50 82.6795 200
      vertex 47.5 78.3493 200
      vertex 52.5004 78.349 200
    endloop
  endfacet
  facet normal -0 0 1
    outer loop
      vertex 78.349 57.5013 200
      vertex 78.3493 52.5 200
      vertex 82.6795 55 200
    endloop
  endfacet
  facet normal 0 0 1
    outer loop
      vertex 82.6796 60.0003 200
      vertex 78.349 57.5013 200
      vertex 82.6795 55 200
    endloop
  endfacet
  facet normal 0 -0 1
    outer loop
      vertex 62.8601 69.3829 200
      vertex 65.3339 73.7336 200
      vertex 60.0847 73.9432 200
    endloop
  endfacet
  facet normal -0 -0 1
    outer loop
      vertex 57.59 69.6272 200
      vertex 62.8601 69.3829 200
      vertex 60.0847 73.9432 200
    endloop
  endfacet
  facet normal 0 0 1
    outer loop
      vertex 82.6801 65.0013 200
      vertex 78.3473 62.5099 200
      vertex 82.6796 60.0003 200
    endloop
  endfacet
  facet normal 0 0 1
    outer loop
      vertex 82.6801 65.0013 200
      vertex 78.3569 67.5319 200
      vertex 78.3473 62.5099 200
    endloop
  endfacet
  facet normal 0 0 1
    outer loop
      vertex 57.509 78.3409 200
      vertex 55.0092 74.0112 200
      vertex 60.0847 73.9432 200
    endloop
  endfacet
  facet normal 0 0 1
    outer loop
      vertex 78.3668 72.5405 200
      vertex 74.1004 70.2621 200
      vertex 78.3569 67.5319 200
    endloop
  endfacet
  facet normal -0 0 1
    outer loop
      vertex 72.5295 78.3619 200
      vertex 74.5666 74.631 200
      vertex 77.9351 77.977 200
    endloop
  endfacet
  facet normal -0 0 1
    outer loop
      vertex 67.578 78.3045 200
      vertex 70.4536 73.9204 200
      vertex 72.5295 78.3619 200
    endloop
  endfacet
  facet normal 0 0 1
    outer loop
      vertex 67.578 78.3045 200
      vertex 62.5392 78.3132 200
      vertex 65.3339 73.7336 200
    endloop
  endfacet
  facet normal 0 0 1
    outer loop
      vertex 78.349 57.5013 200
      vertex 73.9972 60.0226 200
      vertex 74.013 55.0033 200
    endloop
  endfacet
  facet normal 0 0 1
    outer loop
      vertex 78.349 57.5013 200
      vertex 78.3473 62.5099 200
      vertex 73.9972 60.0226 200
    endloop
  endfacet
  facet normal 0 -0 1
    outer loop
      vertex 62.5392 78.3132 200
      vertex 65.0052 82.6744 200
      vertex 60.0016 82.6778 200
    endloop
  endfacet
  facet normal 0 -0 1
    outer loop
      vertex 70.4536 73.9204 200
      vertex 74.5666 74.631 200
      vertex 72.5295 78.3619 200
    endloop
  endfacet
  facet normal 0 -0 1
    outer loop
      vertex 57.509 78.3409 200
      vertex 60.0016 82.6778 200
      vertex 55.0004 82.6791 200
    endloop
  endfacet
  facet normal 0 -0 1
    outer loop
      vertex 82.6801 65.0013 200
      vertex 82.6816 70.0086 200
      vertex 78.3569 67.5319 200
    endloop
  endfacet
  facet normal 0 0 1
    outer loop
      vertex 90 100 200
      vertex 85 100 200
      vertex 87.4865 95.6367 200
    endloop
  endfacet
  facet normal 0 0 1
    outer loop
      vertex 85 100 200
      vertex 80 100 200
      vertex 82.5062 95.654 200
    endloop
  endfacet
  facet normal -0 0 1
    outer loop
      vertex 95 100 200
      vertex 95.4785 93.1696 200
      vertex 100 95 200
    endloop
  endfacet
  facet normal -0 0 1
    outer loop
      vertex 95.6699 62.5 200
      vertex 100 60 200
      vertex 100 65 200
    endloop
  endfacet
  facet normal -0 -0 1
    outer loop
      vertex 72.5295 78.3619 200
      vertex 77.9351 77.977 200
      vertex 74.9947 82.5939 200
    endloop
  endfacet
  facet normal 0 0 1
    outer loop
      vertex 67.5001 95.6697 200
      vertex 65 100 200
      vertex 62.5 95.6699 200
    endloop
  endfacet
  facet normal 0 0 1
    outer loop
      vertex 60.0016 82.6778 200
      vertex 57.5 87.0096 200
      vertex 55.0004 82.6791 200
    endloop
  endfacet
  facet normal -0 0 1
    outer loop
      vertex 70.0008 91.3366 200
      vertex 72.5027 86.9816 200
      vertex 75.003 91.3238 200
    endloop
  endfacet
  facet normal 0 0 1
    outer loop
      vertex 87.0096 62.5 200
      vertex 82.6796 60.0003 200
      vertex 87.0096 57.5 200
    endloop
  endfacet
  facet normal -0 0 1
    outer loop
      vertex 70.4536 73.9204 200
      vertex 74.1004 70.2621 200
      vertex 74.5666 74.631 200
    endloop
  endfacet
  facet normal 0 0 1
    outer loop
      vertex 87.0096 57.5 200
      vertex 82.6795 55 200
      vertex 87.0096 52.5 200
    endloop
  endfacet
  facet normal 0 -0 1
    outer loop
      vertex 77.9351 77.977 200
      vertex 82.8354 80.2994 200
      vertex 79.326 82.7541 200
    endloop
  endfacet
  facet normal 0 0 1
    outer loop
      vertex 87.0096 57.5 200
      vertex 82.6796 60.0003 200
      vertex 82.6795 55 200
    endloop
  endfacet
  facet normal -0 0 1
    outer loop
      vertex 77.4787 86.8792 200
      vertex 74.9947 82.5939 200
      vertex 79.326 82.7541 200
    endloop
  endfacet
  facet normal 0 0 1
    outer loop
      vertex 77.4787 86.8792 200
      vertex 72.5027 86.9816 200
      vertex 74.9947 82.5939 200
    endloop
  endfacet
  facet normal 0 -0 1
    outer loop
      vertex 82.6816 70.0086 200
      vertex 87.0118 72.5096 200
      vertex 82.6664 75.0941 200
    endloop
  endfacet
  facet normal -0 0 1
    outer loop
      vertex 82.6664 75.0941 200
      vertex 87.0118 72.5096 200
      vertex 87.0364 77.5659 200
    endloop
  endfacet
  facet normal -0 0 1
    outer loop
      vertex 82.8354 80.2994 200
      vertex 82.6664 75.0941 200
      vertex 87.0364 77.5659 200
    endloop
  endfacet
  facet normal 0 0 1
    outer loop
      vertex 82.6816 70.0086 200
      vertex 82.6664 75.0941 200
      vertex 78.3668 72.5405 200
    endloop
  endfacet
  facet normal -0 0 1
    outer loop
      vertex 95.6699 52.5 200
      vertex 100 50 200
      vertex 100 55 200
    endloop
  endfacet
  facet normal 0 -0 1
    outer loop
      vertex 55.0004 82.6791 200
      vertex 57.5 87.0096 200
      vertex 52.5 87.0096 200
    endloop
  endfacet
  facet normal -0 0 1
    outer loop
      vertex 70.0058 82.667 200
      vertex 67.578 78.3045 200
      vertex 72.5295 78.3619 200
    endloop
  endfacet
  facet normal -0 0 1
    outer loop
      vertex 82.6795 55 200
      vertex 82.6795 50 200
      vertex 87.0096 52.5 200
    endloop
  endfacet
  facet normal 0 0 1
    outer loop
      vertex 82.6796 60.0003 200
      vertex 78.3473 62.5099 200
      vertex 78.349 57.5013 200
    endloop
  endfacet
  facet normal -0 0 1
    outer loop
      vertex 95.6366 82.5423 200
      vertex 100 80 200
      vertex 100 85 200
    endloop
  endfacet
  facet normal -0 0 1
    outer loop
      vertex 70.0058 82.667 200
      vertex 72.5295 78.3619 200
      vertex 74.9947 82.5939 200
    endloop
  endfacet
  facet normal 0 -0 1
    outer loop
      vertex 78.3569 67.5319 200
      vertex 82.6816 70.0086 200
      vertex 78.3668 72.5405 200
    endloop
  endfacet
  facet normal 0 0 1
    outer loop
      vertex 82.5062 95.654 200
      vertex 80 100 200
      vertex 77.5021 95.6647 200
    endloop
  endfacet
  facet normal -0 0 1
    outer loop
      vertex 95.6672 77.5043 200
      vertex 95.6696 72.5006 200
      vertex 100 75 200
    endloop
  endfacet
  facet normal -0 -0 1
    outer loop
      vertex 52.5004 78.349 200
      vertex 57.509 78.3409 200
      vertex 55.0004 82.6791 200
    endloop
  endfacet
  facet normal 0 0 1
    outer loop
      vertex 74.9947 82.5939 200
      vertex 72.5027 86.9816 200
      vertex 70.0058 82.667 200
    endloop
  endfacet
  facet normal 0 0 1
    outer loop
      vertex 87.0096 62.5 200
      vertex 82.6801 65.0013 200
      vertex 82.6796 60.0003 200
    endloop
  endfacet
  facet normal 0 0 1
    outer loop
      vertex 65.0052 82.6744 200
      vertex 62.5392 78.3132 200
      vertex 67.578 78.3045 200
    endloop
  endfacet
  facet normal -0 -0 1
    outer loop
      vertex 79.326 82.7541 200
      vertex 82.8354 80.2994 200
      vertex 82.7399 86.1532 200
    endloop
  endfacet
  facet normal -0 0 1
    outer loop
      vertex 77.4787 86.8792 200
      vertex 79.326 82.7541 200
      vertex 82.7399 86.1532 200
    endloop
  endfacet
  facet normal 0 0 1
    outer loop
      vertex 87.01 67.5011 200
      vertex 82.6816 70.0086 200
      vertex 82.6801 65.0013 200
    endloop
  endfacet
  facet normal 0 -0 1
    outer loop
      vertex 87.01 67.5011 200
      vertex 87.0118 72.5096 200
      vertex 82.6816 70.0086 200
    endloop
  endfacet
  facet normal -0 0 1
    outer loop
      vertex 82.6801 65.0013 200
      vertex 87.0096 62.5 200
      vertex 87.01 67.5011 200
    endloop
  endfacet
  facet normal 0 0 1
    outer loop
      vertex 62.5001 87.0094 200
      vertex 60.0016 82.6778 200
      vertex 65.0052 82.6744 200
    endloop
  endfacet
  facet normal 0 -0 1
    outer loop
      vertex 82.6795 50 200
      vertex 82.6795 55 200
      vertex 78.3493 52.5 200
    endloop
  endfacet
  facet normal -0 0 1
    outer loop
      vertex 95.6699 57.5 200
      vertex 100 55 200
      vertex 100 60 200
    endloop
  endfacet
  facet normal -0 -0 1
    outer loop
      vertex 50 82.6795 200
      vertex 55.0004 82.6791 200
      vertex 52.5 87.0096 200
    endloop
  endfacet
  facet normal -0 0 1
    outer loop
      vertex 62.5001 87.0094 200
      vertex 65.0052 82.6744 200
      vertex 67.5007 87.0057 200
    endloop
  endfacet
  facet normal -0 0 1
    outer loop
      vertex 65.0052 82.6744 200
      vertex 67.578 78.3045 200
      vertex 70.0058 82.667 200
    endloop
  endfacet
  facet normal -0 0 1
    outer loop
      vertex 69.5572 57.5615 200
      vertex 69.6593 52.5074 200
      vertex 74.013 55.0033 200
    endloop
  endfacet
  facet normal 0 -0 1
    outer loop
      vertex 60.0016 82.6778 200
      vertex 62.5001 87.0094 200
      vertex 57.5 87.0096 200
    endloop
  endfacet
  facet normal -0 0 1
    outer loop
      vertex 55 91.3397 200
      vertex 57.5 87.0096 200
      vertex 60 91.3397 200
    endloop
  endfacet
  facet normal -0 -0 1
    outer loop
      vertex 57.5 87.0096 200
      vertex 62.5001 87.0094 200
      vertex 60 91.3397 200
    endloop
  endfacet
  facet normal -0 0 1
    outer loop
      vertex 65.0001 91.3393 200
      vertex 67.5007 87.0057 200
      vertex 70.0008 91.3366 200
    endloop
  endfacet
  facet normal 0 0 1
    outer loop
      vertex 65.0001 91.3393 200
      vertex 62.5001 87.0094 200
      vertex 67.5007 87.0057 200
    endloop
  endfacet
  facet normal -0 0 1
    outer loop
      vertex 52.5 95.6699 200
      vertex 50 91.3397 200
      vertex 55 91.3397 200
    endloop
  endfacet
  facet normal 0 -0 1
    outer loop
      vertex 87.0096 62.5 200
      vertex 91.3397 65 200
      vertex 87.01 67.5011 200
    endloop
  endfacet
  facet normal -0 0 1
    outer loop
      vertex 87.01 67.5011 200
      vertex 91.3397 65 200
      vertex 91.3398 70.0011 200
    endloop
  endfacet
  facet normal -0 0 1
    outer loop
      vertex 87.0096 57.5 200
      vertex 87.0096 52.5 200
      vertex 91.3397 55 200
    endloop
  endfacet
  facet normal -0 -0 1
    outer loop
      vertex 72.5027 86.9816 200
      vertex 77.4787 86.8792 200
      vertex 75.003 91.3238 200
    endloop
  endfacet
  facet normal -0 0 1
    outer loop
      vertex 50 91.3397 200
      vertex 52.5 87.0096 200
      vertex 55 91.3397 200
    endloop
  endfacet
  facet normal -0 0 1
    outer loop
      vertex 87.3358 87.2156 200
      vertex 87.0697 82.7137 200
      vertex 91.2422 85.146 200
    endloop
  endfacet
  facet normal -0 0 1
    outer loop
      vertex 82.7399 86.1532 200
      vertex 87.0697 82.7137 200
      vertex 87.3358 87.2156 200
    endloop
  endfacet
  facet normal -0 0 1
    outer loop
      vertex 95.6366 82.5423 200
      vertex 95.6672 77.5043 200
      vertex 100 80 200
    endloop
  endfacet
  facet normal -0 -0 1
    outer loop
      vertex 65.0052 82.6744 200
      vertex 70.0058 82.667 200
      vertex 67.5007 87.0057 200
    endloop
  endfacet
  facet normal 0 -0 1
    outer loop
      vertex 95.6699 47.5 200
      vertex 100 50 200
      vertex 95.6699 52.5 200
    endloop
  endfacet
  facet normal 0 0 1
    outer loop
      vertex 65 100 200
      vertex 60 100 200
      vertex 62.5 95.6699 200
    endloop
  endfacet
  facet normal -0 0 1
    outer loop
      vertex 95.6698 67.5001 200
      vertex 100 65 200
      vertex 100 70 200
    endloop
  endfacet
  facet normal -0 0 1
    outer loop
      vertex 85.0759 91.2106 200
      vertex 82.7399 86.1532 200
      vertex 87.3358 87.2156 200
    endloop
  endfacet
  facet normal 0 0 1
    outer loop
      vertex 75 100 200
      vertex 70 100 200
      vertex 72.5003 95.669 200
    endloop
  endfacet
  facet normal 0 -0 1
    outer loop
      vertex 50 82.6795 200
      vertex 52.5 87.0096 200
      vertex 47.5 87.0096 200
    endloop
  endfacet
  facet normal 0 0 1
    outer loop
      vertex 80.0359 91.2297 200
      vertex 75.003 91.3238 200
      vertex 77.4787 86.8792 200
    endloop
  endfacet
  facet normal -0 0 1
    outer loop
      vertex 95.4954 87.7284 200
      vertex 100 85 200
      vertex 100 90 200
    endloop
  endfacet
  facet normal 0 0 1
    outer loop
      vertex 75 100 200
      vertex 72.5003 95.669 200
      vertex 77.5021 95.6647 200
    endloop
  endfacet
  facet normal -0 0 1
    outer loop
      vertex 95.4785 93.1696 200
      vertex 100 90 200
      vertex 100 95 200
    endloop
  endfacet
  facet normal 0 -0 1
    outer loop
      vertex 95.6699 52.5 200
      vertex 100 55 200
      vertex 95.6699 57.5 200
    endloop
  endfacet
  facet normal -0 0 1
    outer loop
      vertex 95.6672 77.5043 200
      vertex 100 75 200
      vertex 100 80 200
    endloop
  endfacet
  facet normal 0 0 1
    outer loop
      vertex 95 100 200
      vertex 90 100 200
      vertex 91.7794 95.8918 200
    endloop
  endfacet
  facet normal 0 0 1
    outer loop
      vertex 77.5021 95.6647 200
      vertex 75.003 91.3238 200
      vertex 80.0359 91.2297 200
    endloop
  endfacet
  facet normal 0 0 1
    outer loop
      vertex 91.7794 95.8918 200
      vertex 90 100 200
      vertex 87.4865 95.6367 200
    endloop
  endfacet
  facet normal -0 0 1
    outer loop
      vertex 87.0096 52.5 200
      vertex 91.3397 50 200
      vertex 91.3397 55 200
    endloop
  endfacet
  facet normal -0 0 1
    outer loop
      vertex 47.5 95.6699 200
      vertex 50 91.3397 200
      vertex 52.5 95.6699 200
    endloop
  endfacet
  facet normal 0 0 1
    outer loop
      vertex 70 100 200
      vertex 65 100 200
      vertex 67.5001 95.6697 200
    endloop
  endfacet
  facet normal -0 0 1
    outer loop
      vertex 95.6696 72.5006 200
      vertex 95.6698 67.5001 200
      vertex 100 70 200
    endloop
  endfacet
  facet normal 0 -0 1
    outer loop
      vertex 82.6664 75.0941 200
      vertex 82.8354 80.2994 200
      vertex 77.9351 77.977 200
    endloop
  endfacet
  facet normal 0 0 1
    outer loop
      vertex 85.0759 91.2106 200
      vertex 80.0359 91.2297 200
      vertex 82.7399 86.1532 200
    endloop
  endfacet
  facet normal 0 -0 1
    outer loop
      vertex 82.8354 80.2994 200
      vertex 87.0697 82.7137 200
      vertex 82.7399 86.1532 200
    endloop
  endfacet
  facet normal 0 0 1
    outer loop
      vertex 70.0008 91.3366 200
      vertex 67.5007 87.0057 200
      vertex 72.5027 86.9816 200
    endloop
  endfacet
  facet normal 0 0 1
    outer loop
      vertex 62.5392 78.3132 200
      vertex 60.0016 82.6778 200
      vertex 57.509 78.3409 200
    endloop
  endfacet
  facet normal 0 -0 1
    outer loop
      vertex 95.6699 62.5 200
      vertex 100 65 200
      vertex 95.6698 67.5001 200
    endloop
  endfacet
  facet normal 0 -0 1
    outer loop
      vertex 87.01 67.5011 200
      vertex 91.3398 70.0011 200
      vertex 87.0118 72.5096 200
    endloop
  endfacet
  facet normal -0 0 1
    outer loop
      vertex 95.6699 62.5 200
      vertex 95.6699 57.5 200
      vertex 100 60 200
    endloop
  endfacet
  facet normal -0 0 1
    outer loop
      vertex 74.9947 82.5939 200
      vertex 77.9351 77.977 200
      vertex 79.326 82.7541 200
    endloop
  endfacet
  facet normal 0 -0 1
    outer loop
      vertex 87.0364 77.5659 200
      vertex 87.0697 82.7137 200
      vertex 82.8354 80.2994 200
    endloop
  endfacet
  facet normal 0 0 1
    outer loop
      vertex 55 100 200
      vertex 50 100 200
      vertex 52.5 95.6699 200
    endloop
  endfacet
  facet normal -0 0 1
    outer loop
      vertex 87.0096 62.5 200
      vertex 87.0096 57.5 200
      vertex 91.3397 60 200
    endloop
  endfacet
  facet normal -0 0 1
    outer loop
      vertex 55 100 200
      vertex 52.5 95.6699 200
      vertex 57.5 95.6699 200
    endloop
  endfacet
  facet normal -0 0 1
    outer loop
      vertex 67.5007 87.0057 200
      vertex 70.0058 82.667 200
      vertex 72.5027 86.9816 200
    endloop
  endfacet
  facet normal 0 0 1
    outer loop
      vertex 82.6664 75.0941 200
      vertex 77.9351 77.977 200
      vertex 78.3668 72.5405 200
    endloop
  endfacet
  facet normal 0 0 1
    outer loop
      vertex 60 100 200
      vertex 55 100 200
      vertex 57.5 95.6699 200
    endloop
  endfacet
  facet normal -0 0 1
    outer loop
      vertex 60 100 200
      vertex 57.5 95.6699 200
      vertex 62.5 95.6699 200
    endloop
  endfacet
  facet normal 0 0 1
    outer loop
      vertex 55 91.3397 200
      vertex 52.5 87.0096 200
      vertex 57.5 87.0096 200
    endloop
  endfacet
  facet normal -0 0 1
    outer loop
      vertex 60 91.3397 200
      vertex 62.5001 87.0094 200
      vertex 65.0001 91.3393 200
    endloop
  endfacet
  facet normal 0 0 1
    outer loop
      vertex 91.2422 85.146 200
      vertex 90.5045 90.8983 200
      vertex 87.3358 87.2156 200
    endloop
  endfacet
  facet normal 0 -0 1
    outer loop
      vertex 91.3397 55 200
      vertex 95.6699 57.5 200
      vertex 91.3397 60 200
    endloop
  endfacet
  facet normal -0 0 1
    outer loop
      vertex 50 91.3397 200
      vertex 47.5 87.0096 200
      vertex 52.5 87.0096 200
    endloop
  endfacet
  facet normal -0 -0 1
    outer loop
      vertex 87.0364 77.5659 200
      vertex 91.3402 75.0084 200
      vertex 91.3324 80.0413 200
    endloop
  endfacet
  facet normal 0 -0 1
    outer loop
      vertex 91.3397 65 200
      vertex 95.6698 67.5001 200
      vertex 91.3398 70.0011 200
    endloop
  endfacet
  facet normal -0 0 1
    outer loop
      vertex 91.3397 60 200
      vertex 95.6699 57.5 200
      vertex 95.6699 62.5 200
    endloop
  endfacet
  facet normal 0 0 1
    outer loop
      vertex 52.5 95.6699 200
      vertex 50 100 200
      vertex 47.5 95.6699 200
    endloop
  endfacet
  facet normal -0 0 1
    outer loop
      vertex 87.0096 57.5 200
      vertex 91.3397 55 200
      vertex 91.3397 60 200
    endloop
  endfacet
  facet normal 0 -0 1
    outer loop
      vertex 91.3397 50 200
      vertex 95.6699 52.5 200
      vertex 91.3397 55 200
    endloop
  endfacet
  facet normal 0 -0 1
    outer loop
      vertex 55 91.3397 200
      vertex 60 91.3397 200
      vertex 57.5 95.6699 200
    endloop
  endfacet
  facet normal -0 0 1
    outer loop
      vertex 52.5 95.6699 200
      vertex 55 91.3397 200
      vertex 57.5 95.6699 200
    endloop
  endfacet
  facet normal -0 -0 1
    outer loop
      vertex 91.3398 70.0011 200
      vertex 95.6698 67.5001 200
      vertex 95.6696 72.5006 200
    endloop
  endfacet
  facet normal 0 0 1
    outer loop
      vertex 95.6366 82.5423 200
      vertex 91.2422 85.146 200
      vertex 91.3324 80.0413 200
    endloop
  endfacet
  facet normal 0 0 1
    outer loop
      vertex 95.6366 82.5423 200
      vertex 95.4954 87.7284 200
      vertex 91.2422 85.146 200
    endloop
  endfacet
  facet normal -0 0 1
    outer loop
      vertex 62.5 95.6699 200
      vertex 65.0001 91.3393 200
      vertex 67.5001 95.6697 200
    endloop
  endfacet
  facet normal -0 0 1
    outer loop
      vertex 67.578 78.3045 200
      vertex 65.3339 73.7336 200
      vertex 70.4536 73.9204 200
    endloop
  endfacet
  facet normal 0 0 1
    outer loop
      vertex 80.0359 91.2297 200
      vertex 77.4787 86.8792 200
      vertex 82.7399 86.1532 200
    endloop
  endfacet
  facet normal -0 0 1
    outer loop
      vertex 87.0118 72.5096 200
      vertex 91.3398 70.0011 200
      vertex 91.3402 75.0084 200
    endloop
  endfacet
  facet normal 0 -0 1
    outer loop
      vertex 91.2422 85.146 200
      vertex 95.4954 87.7284 200
      vertex 90.5045 90.8983 200
    endloop
  endfacet
  facet normal 0 0 1
    outer loop
      vertex 91.2422 85.146 200
      vertex 87.0697 82.7137 200
      vertex 91.3324 80.0413 200
    endloop
  endfacet
  facet normal 0 0 1
    outer loop
      vertex 95.6696 72.5006 200
      vertex 95.6672 77.5043 200
      vertex 91.3402 75.0084 200
    endloop
  endfacet
  facet normal 0 -0 1
    outer loop
      vertex 87.0096 47.5 200
      vertex 91.3397 50 200
      vertex 87.0096 52.5 200
    endloop
  endfacet
  facet normal 0 -0 1
    outer loop
      vertex 52.5004 78.349 200
      vertex 55.0004 82.6791 200
      vertex 50 82.6795 200
    endloop
  endfacet
  facet normal -0 -0 1
    outer loop
      vertex 91.3324 80.0413 200
      vertex 95.6672 77.5043 200
      vertex 95.6366 82.5423 200
    endloop
  endfacet
  facet normal -0 -0 1
    outer loop
      vertex 70.0008 91.3366 200
      vertex 75.003 91.3238 200
      vertex 72.5003 95.669 200
    endloop
  endfacet
  facet normal -0 0 1
    outer loop
      vertex 91.3397 50 200
      vertex 95.6699 47.5 200
      vertex 95.6699 52.5 200
    endloop
  endfacet
  facet normal -0 -0 1
    outer loop
      vertex 91.3397 65 200
      vertex 95.6699 62.5 200
      vertex 95.6698 67.5001 200
    endloop
  endfacet
  facet normal -0 0 1
    outer loop
      vertex 87.0697 82.7137 200
      vertex 87.0364 77.5659 200
      vertex 91.3324 80.0413 200
    endloop
  endfacet
  facet normal -0 0 1
    outer loop
      vertex 77.5021 95.6647 200
      vertex 80.0359 91.2297 200
      vertex 82.5062 95.654 200
    endloop
  endfacet
  facet normal 0 0 1
    outer loop
      vertex 77.5021 95.6647 200
      vertex 72.5003 95.669 200
      vertex 75.003 91.3238 200
    endloop
  endfacet
  facet normal 0 -0 1
    outer loop
      vertex 91.3402 75.0084 200
      vertex 95.6672 77.5043 200
      vertex 91.3324 80.0413 200
    endloop
  endfacet
  facet normal -0 0 1
    outer loop
      vertex 91.3397 65 200
      vertex 91.3397 60 200
      vertex 95.6699 62.5 200
    endloop
  endfacet
  facet normal 0 0 1
    outer loop
      vertex 67.5001 95.6697 200
      vertex 65.0001 91.3393 200
      vertex 70.0008 91.3366 200
    endloop
  endfacet
  facet normal 0 0 1
    outer loop
      vertex 62.5 95.6699 200
      vertex 60 91.3397 200
      vertex 65.0001 91.3393 200
    endloop
  endfacet
  facet normal -0 0 1
    outer loop
      vertex 87.0096 62.5 200
      vertex 91.3397 60 200
      vertex 91.3397 65 200
    endloop
  endfacet
  facet normal -0 -0 1
    outer loop
      vertex 80.0359 91.2297 200
      vertex 85.0759 91.2106 200
      vertex 82.5062 95.654 200
    endloop
  endfacet
  facet normal -0 0 1
    outer loop
      vertex 91.3397 55 200
      vertex 95.6699 52.5 200
      vertex 95.6699 57.5 200
    endloop
  endfacet
  facet normal 0 -0 1
    outer loop
      vertex 90.5045 90.8983 200
      vertex 95.4785 93.1696 200
      vertex 91.7794 95.8918 200
    endloop
  endfacet
  facet normal -0 0 1
    outer loop
      vertex 87.4865 95.6367 200
      vertex 90.5045 90.8983 200
      vertex 91.7794 95.8918 200
    endloop
  endfacet
  facet normal -0 0 1
    outer loop
      vertex 87.0364 77.5659 200
      vertex 87.0118 72.5096 200
      vertex 91.3402 75.0084 200
    endloop
  endfacet
  facet normal -0 -0 1
    outer loop
      vertex 90.5045 90.8983 200
      vertex 95.4954 87.7284 200
      vertex 95.4785 93.1696 200
    endloop
  endfacet
endsolid LIGGGHTS_STL_EXPORT
