solid LIGGGHTS_STL_EXPORT
  facet normal -0 -0 1
    outer loop
      vertex 43.9311 44.4044 -4.39225e-09
      vertex 49.9581 43.7617 -4.39225e-09
      vertex 47.5363 47.6338 -4.39225e-09
    endloop
  endfacet
  facet normal 0 -0 1
    outer loop
      vertex 0 0 -4.39225e-09
      vertex 5 0 -4.39225e-09
      vertex 0 5 -4.39225e-09
    endloop
  endfacet
  facet normal 0 -0 1
    outer loop
      vertex 0 5 -4.39225e-09
      vertex 4.06969 8.23813 -4.39225e-09
      vertex 0 10 -4.39225e-09
    endloop
  endfacet
  facet normal 0 -0 1
    outer loop
      vertex 38.9811 43.0844 -4.39225e-09
      vertex 39.1151 47.5657 -4.39225e-09
      vertex 34.8009 44.991 -4.39225e-09
    endloop
  endfacet
  facet normal -0 0 1
    outer loop
      vertex 0 40 -4.39225e-09
      vertex 4.33012 37.5 -4.39225e-09
      vertex 4.33012 42.5 -4.39225e-09
    endloop
  endfacet
  facet normal 0 -0 1
    outer loop
      vertex 0 25 -4.39225e-09
      vertex 4.33008 27.5001 -4.39225e-09
      vertex 0 30 -4.39225e-09
    endloop
  endfacet
  facet normal -0 0 1
    outer loop
      vertex 27.499 4.33139 -4.39225e-09
      vertex 30 0 -4.39225e-09
      vertex 32.4999 4.33025 -4.39225e-09
    endloop
  endfacet
  facet normal 0 0 1
    outer loop
      vertex 14.8092 8.91413 -4.39225e-09
      vertex 12.2629 4.51928 -4.39225e-09
      vertex 17.4508 4.38177 -4.39225e-09
    endloop
  endfacet
  facet normal 0 -0 1
    outer loop
      vertex 6.82828 4.50642 -4.39225e-09
      vertex 9.0531 9.56083 -4.39225e-09
      vertex 4.06969 8.23813 -4.39225e-09
    endloop
  endfacet
  facet normal -0 0 1
    outer loop
      vertex 17.4508 4.38177 -4.39225e-09
      vertex 20 0 -4.39225e-09
      vertex 22.4914 4.34189 -4.39225e-09
    endloop
  endfacet
  facet normal -0 0 1
    outer loop
      vertex 0 25 -4.39225e-09
      vertex 4.32967 22.5003 -4.39225e-09
      vertex 4.33008 27.5001 -4.39225e-09
    endloop
  endfacet
  facet normal 0 -0 1
    outer loop
      vertex 0 10 -4.39225e-09
      vertex 4.33554 12.5568 -4.39225e-09
      vertex 0 15 -4.39225e-09
    endloop
  endfacet
  facet normal -0 0 1
    outer loop
      vertex 0 20 -4.39225e-09
      vertex 4.328 17.508 -4.39225e-09
      vertex 4.32967 22.5003 -4.39225e-09
    endloop
  endfacet
  facet normal -0 -0 1
    outer loop
      vertex 0 5 -4.39225e-09
      vertex 6.82828 4.50642 -4.39225e-09
      vertex 4.06969 8.23813 -4.39225e-09
    endloop
  endfacet
  facet normal 0 0 1
    outer loop
      vertex 41.7648 39.2326 -4.39225e-09
      vertex 38.9811 43.0844 -4.39225e-09
      vertex 35.6841 39.4917 -4.39225e-09
    endloop
  endfacet
  facet normal -0 0 1
    outer loop
      vertex 27.499 4.33139 -4.39225e-09
      vertex 25 0 -4.39225e-09
      vertex 30 0 -4.39225e-09
    endloop
  endfacet
  facet normal -0 0 1
    outer loop
      vertex 43.9311 44.4044 -4.39225e-09
      vertex 47.2215 39.2714 -4.39225e-09
      vertex 49.9581 43.7617 -4.39225e-09
    endloop
  endfacet
  facet normal 0 -0 1
    outer loop
      vertex 44.8234 34.7153 -4.39225e-09
      vertex 47.2215 39.2714 -4.39225e-09
      vertex 41.7648 39.2326 -4.39225e-09
    endloop
  endfacet
  facet normal 0 -0 1
    outer loop
      vertex 39.5066 34.7741 -4.39225e-09
      vertex 41.7648 39.2326 -4.39225e-09
      vertex 35.6841 39.4917 -4.39225e-09
    endloop
  endfacet
  facet normal -0 -0 1
    outer loop
      vertex 39.5066 34.7741 -4.39225e-09
      vertex 44.8234 34.7153 -4.39225e-09
      vertex 41.7648 39.2326 -4.39225e-09
    endloop
  endfacet
  facet normal 0 -0 1
    outer loop
      vertex 60 8.66027 -4.39225e-09
      vertex 62.5002 12.9906 -4.39225e-09
      vertex 57.5 12.9904 -4.39225e-09
    endloop
  endfacet
  facet normal -0 0 1
    outer loop
      vertex 60.0129 25.9889 -4.39225e-09
      vertex 57.5005 21.651 -4.39225e-09
      vertex 62.5061 21.6544 -4.39225e-09
    endloop
  endfacet
  facet normal 0 0 1
    outer loop
      vertex 60.9223 47.4974 -4.39225e-09
      vertex 56.0138 44.4682 -4.39225e-09
      vertex 60.96 43.072 -4.39225e-09
    endloop
  endfacet
  facet normal -0 0 1
    outer loop
      vertex 58.2187 60.7272 -4.39225e-09
      vertex 56.1222 55.6081 -4.39225e-09
      vertex 60.9871 56.9116 -4.39225e-09
    endloop
  endfacet
  facet normal 0 0 1
    outer loop
      vertex 62.5 4.33013 -4.39225e-09
      vertex 57.5 4.33012 -4.39225e-09
      vertex 60 0 -4.39225e-09
    endloop
  endfacet
  facet normal -0 0 1
    outer loop
      vertex 57.5005 21.651 -4.39225e-09
      vertex 60.0001 17.3206 -4.39225e-09
      vertex 62.5061 21.6544 -4.39225e-09
    endloop
  endfacet
  facet normal 0 -0 1
    outer loop
      vertex 57.5 12.9904 -4.39225e-09
      vertex 62.5002 12.9906 -4.39225e-09
      vertex 60.0001 17.3206 -4.39225e-09
    endloop
  endfacet
  facet normal 0 0 1
    outer loop
      vertex 43.6542 50.0632 -4.39225e-09
      vertex 39.1151 47.5657 -4.39225e-09
      vertex 43.9311 44.4044 -4.39225e-09
    endloop
  endfacet
  facet normal 0 0 1
    outer loop
      vertex 24.9961 8.67282 -4.39225e-09
      vertex 22.5215 13.0942 -4.39225e-09
      vertex 19.9445 8.78868 -4.39225e-09
    endloop
  endfacet
  facet normal 0 0 1
    outer loop
      vertex 60.4622 65.1433 -4.39225e-09
      vertex 55.1547 65.2759 -4.39225e-09
      vertex 58.2187 60.7272 -4.39225e-09
    endloop
  endfacet
  facet normal -0 0 1
    outer loop
      vertex 43.9311 44.4044 -4.39225e-09
      vertex 41.7648 39.2326 -4.39225e-09
      vertex 47.2215 39.2714 -4.39225e-09
    endloop
  endfacet
  facet normal -0 0 1
    outer loop
      vertex 38.9811 43.0844 -4.39225e-09
      vertex 41.7648 39.2326 -4.39225e-09
      vertex 43.9311 44.4044 -4.39225e-09
    endloop
  endfacet
  facet normal 0 0 1
    outer loop
      vertex 29.9993 8.66145 -4.39225e-09
      vertex 24.9961 8.67282 -4.39225e-09
      vertex 27.499 4.33139 -4.39225e-09
    endloop
  endfacet
  facet normal -0 0 1
    outer loop
      vertex 12.2629 4.51928 -4.39225e-09
      vertex 10 0 -4.39225e-09
      vertex 15 0 -4.39225e-09
    endloop
  endfacet
  facet normal -0 0 1
    outer loop
      vertex 55.1564 34.722 -4.39225e-09
      vertex 57.5634 30.3388 -4.39225e-09
      vertex 60.4057 34.7777 -4.39225e-09
    endloop
  endfacet
  facet normal 0 0 1
    outer loop
      vertex 60.4622 65.1433 -4.39225e-09
      vertex 57.59 69.6272 -4.39225e-09
      vertex 55.1547 65.2759 -4.39225e-09
    endloop
  endfacet
  facet normal 0 0 1
    outer loop
      vertex 60.9223 47.4974 -4.39225e-09
      vertex 56.5135 50.0816 -4.39225e-09
      vertex 56.0138 44.4682 -4.39225e-09
    endloop
  endfacet
  facet normal 0 -0 1
    outer loop
      vertex 57.5 4.33012 -4.39225e-09
      vertex 62.5 4.33013 -4.39225e-09
      vertex 60 8.66027 -4.39225e-09
    endloop
  endfacet
  facet normal 0 0 1
    outer loop
      vertex 42.5 12.9904 -4.39225e-09
      vertex 37.4998 12.9906 -4.39225e-09
      vertex 40 8.66026 -4.39225e-09
    endloop
  endfacet
  facet normal -0 0 1
    outer loop
      vertex 37.5 4.33014 -4.39225e-09
      vertex 35 0 -4.39225e-09
      vertex 40 0 -4.39225e-09
    endloop
  endfacet
  facet normal 0 0 1
    outer loop
      vertex 60.0129 25.9889 -4.39225e-09
      vertex 55.0036 25.9826 -4.39225e-09
      vertex 57.5005 21.651 -4.39225e-09
    endloop
  endfacet
  facet normal -0 0 1
    outer loop
      vertex 57.5 12.9904 -4.39225e-09
      vertex 55 8.66025 -4.39225e-09
      vertex 60 8.66027 -4.39225e-09
    endloop
  endfacet
  facet normal -0 0 1
    outer loop
      vertex 57.5634 30.3388 -4.39225e-09
      vertex 55.0036 25.9826 -4.39225e-09
      vertex 60.0129 25.9889 -4.39225e-09
    endloop
  endfacet
  facet normal -0 0 1
    outer loop
      vertex 22.4914 4.34189 -4.39225e-09
      vertex 20 0 -4.39225e-09
      vertex 25 0 -4.39225e-09
    endloop
  endfacet
  facet normal -0 0 1
    outer loop
      vertex 57.5 4.33012 -4.39225e-09
      vertex 55 0 -4.39225e-09
      vertex 60 0 -4.39225e-09
    endloop
  endfacet
  facet normal 0 -0 1
    outer loop
      vertex 57.5 12.9904 -4.39225e-09
      vertex 60.0001 17.3206 -4.39225e-09
      vertex 55 17.3205 -4.39225e-09
    endloop
  endfacet
  facet normal 0 -0 1
    outer loop
      vertex 57.5 4.33012 -4.39225e-09
      vertex 60 8.66027 -4.39225e-09
      vertex 55 8.66025 -4.39225e-09
    endloop
  endfacet
  facet normal 0 -0 1
    outer loop
      vertex 55 17.3205 -4.39225e-09
      vertex 60.0001 17.3206 -4.39225e-09
      vertex 57.5005 21.651 -4.39225e-09
    endloop
  endfacet
  facet normal -0 0 1
    outer loop
      vertex 56.0138 44.4682 -4.39225e-09
      vertex 58.1935 39.2579 -4.39225e-09
      vertex 60.96 43.072 -4.39225e-09
    endloop
  endfacet
  facet normal 0 0 1
    outer loop
      vertex 39.1151 47.5657 -4.39225e-09
      vertex 34.6945 50.0448 -4.39225e-09
      vertex 34.8009 44.991 -4.39225e-09
    endloop
  endfacet
  facet normal -0 0 1
    outer loop
      vertex 9.0531 9.56083 -4.39225e-09
      vertex 12.2629 4.51928 -4.39225e-09
      vertex 14.8092 8.91413 -4.39225e-09
    endloop
  endfacet
  facet normal 0 0 1
    outer loop
      vertex 60.4057 34.7777 -4.39225e-09
      vertex 58.1935 39.2579 -4.39225e-09
      vertex 55.1564 34.722 -4.39225e-09
    endloop
  endfacet
  facet normal 0 0 1
    outer loop
      vertex 17.2404 13.8797 -4.39225e-09
      vertex 12.568 12.9152 -4.39225e-09
      vertex 14.8092 8.91413 -4.39225e-09
    endloop
  endfacet
  facet normal -0 -0 1
    outer loop
      vertex 56.5135 50.0816 -4.39225e-09
      vertex 60.9223 47.4974 -4.39225e-09
      vertex 60.9212 52.4888 -4.39225e-09
    endloop
  endfacet
  facet normal -0 0 1
    outer loop
      vertex 52.5 4.33012 -4.39225e-09
      vertex 55 0 -4.39225e-09
      vertex 57.5 4.33012 -4.39225e-09
    endloop
  endfacet
  facet normal -0 0 1
    outer loop
      vertex 55 17.3205 -4.39225e-09
      vertex 52.5 12.9904 -4.39225e-09
      vertex 57.5 12.9904 -4.39225e-09
    endloop
  endfacet
  facet normal 0 0 1
    outer loop
      vertex 56.5135 50.0816 -4.39225e-09
      vertex 51.8938 48.2494 -4.39225e-09
      vertex 56.0138 44.4682 -4.39225e-09
    endloop
  endfacet
  facet normal 0 0 1
    outer loop
      vertex 58.1935 39.2579 -4.39225e-09
      vertex 52.7573 39.29 -4.39225e-09
      vertex 55.1564 34.722 -4.39225e-09
    endloop
  endfacet
  facet normal 0 -0 1
    outer loop
      vertex 55 17.3205 -4.39225e-09
      vertex 57.5005 21.651 -4.39225e-09
      vertex 52.5 21.6506 -4.39225e-09
    endloop
  endfacet
  facet normal 0 -0 1
    outer loop
      vertex 34.8131 65.2081 -4.39225e-09
      vertex 37.2927 69.4432 -4.39225e-09
      vertex 31.5374 68.8753 -4.39225e-09
    endloop
  endfacet
  facet normal -0 0 1
    outer loop
      vertex 8.66097 70.001 -4.39225e-09
      vertex 8.66029 65 -4.39225e-09
      vertex 12.9922 67.5023 -4.39225e-09
    endloop
  endfacet
  facet normal 0 0 1
    outer loop
      vertex 17.337 70.0268 -4.39225e-09
      vertex 12.9922 67.5023 -4.39225e-09
      vertex 17.3253 65.0065 -4.39225e-09
    endloop
  endfacet
  facet normal -0 0 1
    outer loop
      vertex 52.5 12.9904 -4.39225e-09
      vertex 55 8.66025 -4.39225e-09
      vertex 57.5 12.9904 -4.39225e-09
    endloop
  endfacet
  facet normal -0 0 1
    outer loop
      vertex 55.0036 25.9826 -4.39225e-09
      vertex 52.5 21.6506 -4.39225e-09
      vertex 57.5005 21.651 -4.39225e-09
    endloop
  endfacet
  facet normal 0 0 1
    outer loop
      vertex 57.5 4.33012 -4.39225e-09
      vertex 55 8.66025 -4.39225e-09
      vertex 52.5 4.33012 -4.39225e-09
    endloop
  endfacet
  facet normal 0 0 1
    outer loop
      vertex 57.5634 30.3388 -4.39225e-09
      vertex 52.513 30.3216 -4.39225e-09
      vertex 55.0036 25.9826 -4.39225e-09
    endloop
  endfacet
  facet normal -0 0 1
    outer loop
      vertex 47.5004 69.677 -4.39225e-09
      vertex 50.0563 65.3046 -4.39225e-09
      vertex 52.5184 69.6758 -4.39225e-09
    endloop
  endfacet
  facet normal 0 -0 1
    outer loop
      vertex 39.5699 64.2888 -4.39225e-09
      vertex 42.4415 69.5633 -4.39225e-09
      vertex 37.2927 69.4432 -4.39225e-09
    endloop
  endfacet
  facet normal 0 0 1
    outer loop
      vertex 57.59 69.6272 -4.39225e-09
      vertex 52.5184 69.6758 -4.39225e-09
      vertex 55.1547 65.2759 -4.39225e-09
    endloop
  endfacet
  facet normal 0 -0 1
    outer loop
      vertex 30.6134 62.8543 -4.39225e-09
      vertex 34.8131 65.2081 -4.39225e-09
      vertex 31.5374 68.8753 -4.39225e-09
    endloop
  endfacet
  facet normal -0 0 1
    outer loop
      vertex 26.2637 65.3312 -4.39225e-09
      vertex 30.6134 62.8543 -4.39225e-09
      vertex 31.5374 68.8753 -4.39225e-09
    endloop
  endfacet
  facet normal 0 0 1
    outer loop
      vertex 56.1222 55.6081 -4.39225e-09
      vertex 52.5827 52.4179 -4.39225e-09
      vertex 56.5135 50.0816 -4.39225e-09
    endloop
  endfacet
  facet normal 0 0 1
    outer loop
      vertex 50.0563 65.3046 -4.39225e-09
      vertex 47.5847 60.8901 -4.39225e-09
      vertex 52.8419 60.7473 -4.39225e-09
    endloop
  endfacet
  facet normal -0 0 1
    outer loop
      vertex 45.0175 65.2348 -4.39225e-09
      vertex 47.5847 60.8901 -4.39225e-09
      vertex 50.0563 65.3046 -4.39225e-09
    endloop
  endfacet
  facet normal 0 0 1
    outer loop
      vertex 39.5699 64.2888 -4.39225e-09
      vertex 37.2927 69.4432 -4.39225e-09
      vertex 34.8131 65.2081 -4.39225e-09
    endloop
  endfacet
  facet normal 0 -0 1
    outer loop
      vertex 43.1018 60.9872 -4.39225e-09
      vertex 45.0175 65.2348 -4.39225e-09
      vertex 39.5699 64.2888 -4.39225e-09
    endloop
  endfacet
  facet normal 0 -0 1
    outer loop
      vertex 34.8478 60.4515 -4.39225e-09
      vertex 39.5699 64.2888 -4.39225e-09
      vertex 34.8131 65.2081 -4.39225e-09
    endloop
  endfacet
  facet normal 0 0 1
    outer loop
      vertex 45.0175 65.2348 -4.39225e-09
      vertex 43.1018 60.9872 -4.39225e-09
      vertex 47.5847 60.8901 -4.39225e-09
    endloop
  endfacet
  facet normal 0 0 1
    outer loop
      vertex 34.8478 60.4515 -4.39225e-09
      vertex 34.8131 65.2081 -4.39225e-09
      vertex 30.6134 62.8543 -4.39225e-09
    endloop
  endfacet
  facet normal -0 0 1
    outer loop
      vertex 26.2637 65.3312 -4.39225e-09
      vertex 26.0563 60.0844 -4.39225e-09
      vertex 30.6134 62.8543 -4.39225e-09
    endloop
  endfacet
  facet normal 0 0 1
    outer loop
      vertex 26.2637 65.3312 -4.39225e-09
      vertex 21.6898 62.5452 -4.39225e-09
      vertex 26.0563 60.0844 -4.39225e-09
    endloop
  endfacet
  facet normal 0 -0 1
    outer loop
      vertex 0 60 -4.39225e-09
      vertex 4.33012 62.5 -4.39225e-09
      vertex 0 65 -4.39225e-09
    endloop
  endfacet
  facet normal -0 0 1
    outer loop
      vertex 50.0563 65.3046 -4.39225e-09
      vertex 52.8419 60.7473 -4.39225e-09
      vertex 55.1547 65.2759 -4.39225e-09
    endloop
  endfacet
  facet normal 0 0 1
    outer loop
      vertex 21.6955 67.5834 -4.39225e-09
      vertex 17.3253 65.0065 -4.39225e-09
      vertex 21.6898 62.5452 -4.39225e-09
    endloop
  endfacet
  facet normal 0 0 1
    outer loop
      vertex 21.6898 62.5452 -4.39225e-09
      vertex 17.3253 65.0065 -4.39225e-09
      vertex 17.3226 60.0023 -4.39225e-09
    endloop
  endfacet
  facet normal -0 0 1
    outer loop
      vertex 21.6955 67.5834 -4.39225e-09
      vertex 21.6898 62.5452 -4.39225e-09
      vertex 26.2637 65.3312 -4.39225e-09
    endloop
  endfacet
  facet normal 0 -0 1
    outer loop
      vertex 4.33012 62.5 -4.39225e-09
      vertex 8.66029 65 -4.39225e-09
      vertex 4.33012 67.5 -4.39225e-09
    endloop
  endfacet
  facet normal 0 -0 1
    outer loop
      vertex 17.3226 60.0023 -4.39225e-09
      vertex 17.3253 65.0065 -4.39225e-09
      vertex 12.9905 62.5001 -4.39225e-09
    endloop
  endfacet
  facet normal 0 0 1
    outer loop
      vertex 12.9922 67.5023 -4.39225e-09
      vertex 8.66029 65 -4.39225e-09
      vertex 12.9905 62.5001 -4.39225e-09
    endloop
  endfacet
  facet normal -0 0 1
    outer loop
      vertex 12.9922 67.5023 -4.39225e-09
      vertex 12.9905 62.5001 -4.39225e-09
      vertex 17.3253 65.0065 -4.39225e-09
    endloop
  endfacet
  facet normal 0 -0 1
    outer loop
      vertex 8.66025 60 -4.39225e-09
      vertex 12.9905 62.5001 -4.39225e-09
      vertex 8.66029 65 -4.39225e-09
    endloop
  endfacet
  facet normal -0 0 1
    outer loop
      vertex 0 65 -4.39225e-09
      vertex 4.33012 62.5 -4.39225e-09
      vertex 4.33012 67.5 -4.39225e-09
    endloop
  endfacet
  facet normal 0 0 1
    outer loop
      vertex 8.66029 65 -4.39225e-09
      vertex 4.33012 62.5 -4.39225e-09
      vertex 8.66025 60 -4.39225e-09
    endloop
  endfacet
  facet normal 0 -0 1
    outer loop
      vertex 52.513 30.3216 -4.39225e-09
      vertex 57.5634 30.3388 -4.39225e-09
      vertex 55.1564 34.722 -4.39225e-09
    endloop
  endfacet
  facet normal -0 -0 1
    outer loop
      vertex 52.8419 60.7473 -4.39225e-09
      vertex 58.2187 60.7272 -4.39225e-09
      vertex 55.1547 65.2759 -4.39225e-09
    endloop
  endfacet
  facet normal -0 -0 1
    outer loop
      vertex 52.7573 39.29 -4.39225e-09
      vertex 58.1935 39.2579 -4.39225e-09
      vertex 56.0138 44.4682 -4.39225e-09
    endloop
  endfacet
  facet normal -0 0 1
    outer loop
      vertex 0 60 -4.39225e-09
      vertex 4.33012 57.5 -4.39225e-09
      vertex 4.33012 62.5 -4.39225e-09
    endloop
  endfacet
  facet normal 0 -0 1
    outer loop
      vertex 21.657 57.5067 -4.39225e-09
      vertex 21.6898 62.5452 -4.39225e-09
      vertex 17.3226 60.0023 -4.39225e-09
    endloop
  endfacet
  facet normal 0 0 1
    outer loop
      vertex 26.0563 60.0844 -4.39225e-09
      vertex 21.6898 62.5452 -4.39225e-09
      vertex 21.657 57.5067 -4.39225e-09
    endloop
  endfacet
  facet normal -0 0 1
    outer loop
      vertex 30.3715 57.5885 -4.39225e-09
      vertex 34.7225 55.1489 -4.39225e-09
      vertex 34.8478 60.4515 -4.39225e-09
    endloop
  endfacet
  facet normal 0 0 1
    outer loop
      vertex 50.2652 56.3554 -4.39225e-09
      vertex 47.5847 60.8901 -4.39225e-09
      vertex 44.4793 56.0044 -4.39225e-09
    endloop
  endfacet
  facet normal 0 -0 1
    outer loop
      vertex 34.7225 55.1489 -4.39225e-09
      vertex 39.285 58.2163 -4.39225e-09
      vertex 34.8478 60.4515 -4.39225e-09
    endloop
  endfacet
  facet normal 0 0 1
    outer loop
      vertex 56.1222 55.6081 -4.39225e-09
      vertex 52.8419 60.7473 -4.39225e-09
      vertex 50.2652 56.3554 -4.39225e-09
    endloop
  endfacet
  facet normal -0 0 1
    outer loop
      vertex 26.0563 60.0844 -4.39225e-09
      vertex 25.9887 55.0089 -4.39225e-09
      vertex 30.3715 57.5885 -4.39225e-09
    endloop
  endfacet
  facet normal 0 -0 1
    outer loop
      vertex 8.66025 55 -4.39225e-09
      vertex 8.66025 60 -4.39225e-09
      vertex 4.33012 57.5 -4.39225e-09
    endloop
  endfacet
  facet normal 0 -0 1
    outer loop
      vertex 17.3208 55.0003 -4.39225e-09
      vertex 17.3226 60.0023 -4.39225e-09
      vertex 12.9904 57.5 -4.39225e-09
    endloop
  endfacet
  facet normal 0 -0 1
    outer loop
      vertex 0 55 -4.39225e-09
      vertex 4.33012 57.5 -4.39225e-09
      vertex 0 60 -4.39225e-09
    endloop
  endfacet
  facet normal 0 -0 1
    outer loop
      vertex 8.66025 55 -4.39225e-09
      vertex 12.9904 57.5 -4.39225e-09
      vertex 8.66025 60 -4.39225e-09
    endloop
  endfacet
  facet normal 0 -0 1
    outer loop
      vertex 17.3208 55.0003 -4.39225e-09
      vertex 21.657 57.5067 -4.39225e-09
      vertex 17.3226 60.0023 -4.39225e-09
    endloop
  endfacet
  facet normal 0 0 1
    outer loop
      vertex 26.0563 60.0844 -4.39225e-09
      vertex 21.657 57.5067 -4.39225e-09
      vertex 25.9887 55.0089 -4.39225e-09
    endloop
  endfacet
  facet normal 0 0 1
    outer loop
      vertex 30.6134 62.8543 -4.39225e-09
      vertex 26.0563 60.0844 -4.39225e-09
      vertex 30.3715 57.5885 -4.39225e-09
    endloop
  endfacet
  facet normal 0 -0 1
    outer loop
      vertex 44.4793 56.0044 -4.39225e-09
      vertex 47.5847 60.8901 -4.39225e-09
      vertex 43.1018 60.9872 -4.39225e-09
    endloop
  endfacet
  facet normal -0 0 1
    outer loop
      vertex 47.5847 60.8901 -4.39225e-09
      vertex 50.2652 56.3554 -4.39225e-09
      vertex 52.8419 60.7473 -4.39225e-09
    endloop
  endfacet
  facet normal 0 -0 1
    outer loop
      vertex 39.285 58.2163 -4.39225e-09
      vertex 39.5699 64.2888 -4.39225e-09
      vertex 34.8478 60.4515 -4.39225e-09
    endloop
  endfacet
  facet normal 0 -0 1
    outer loop
      vertex 30.3715 57.5885 -4.39225e-09
      vertex 34.8478 60.4515 -4.39225e-09
      vertex 30.6134 62.8543 -4.39225e-09
    endloop
  endfacet
  facet normal 0 -0 1
    outer loop
      vertex 12.9904 57.5 -4.39225e-09
      vertex 17.3226 60.0023 -4.39225e-09
      vertex 12.9905 62.5001 -4.39225e-09
    endloop
  endfacet
  facet normal 0 -0 1
    outer loop
      vertex 12.9904 57.5 -4.39225e-09
      vertex 12.9905 62.5001 -4.39225e-09
      vertex 8.66025 60 -4.39225e-09
    endloop
  endfacet
  facet normal 0 0 1
    outer loop
      vertex 8.66025 60 -4.39225e-09
      vertex 4.33012 62.5 -4.39225e-09
      vertex 4.33012 57.5 -4.39225e-09
    endloop
  endfacet
  facet normal 0 -0 1
    outer loop
      vertex 39.2391 52.7916 -4.39225e-09
      vertex 44.4793 56.0044 -4.39225e-09
      vertex 39.285 58.2163 -4.39225e-09
    endloop
  endfacet
  facet normal 0 -0 1
    outer loop
      vertex 39.2391 52.7916 -4.39225e-09
      vertex 39.285 58.2163 -4.39225e-09
      vertex 34.7225 55.1489 -4.39225e-09
    endloop
  endfacet
  facet normal -0 0 1
    outer loop
      vertex 30.3715 57.5885 -4.39225e-09
      vertex 30.3256 52.516 -4.39225e-09
      vertex 34.7225 55.1489 -4.39225e-09
    endloop
  endfacet
  facet normal -0 0 1
    outer loop
      vertex 25.9887 55.0089 -4.39225e-09
      vertex 30.3256 52.516 -4.39225e-09
      vertex 30.3715 57.5885 -4.39225e-09
    endloop
  endfacet
  facet normal 0 0 1
    outer loop
      vertex 25.9887 55.0089 -4.39225e-09
      vertex 21.657 57.5067 -4.39225e-09
      vertex 21.6514 52.5008 -4.39225e-09
    endloop
  endfacet
  facet normal 0 0 1
    outer loop
      vertex 21.657 57.5067 -4.39225e-09
      vertex 17.3208 55.0003 -4.39225e-09
      vertex 21.6514 52.5008 -4.39225e-09
    endloop
  endfacet
  facet normal 0 -0 1
    outer loop
      vertex 4.33012 52.5 -4.39225e-09
      vertex 8.66025 55 -4.39225e-09
      vertex 4.33012 57.5 -4.39225e-09
    endloop
  endfacet
  facet normal -0 0 1
    outer loop
      vertex 8.66025 55 -4.39225e-09
      vertex 12.9904 52.5 -4.39225e-09
      vertex 12.9904 57.5 -4.39225e-09
    endloop
  endfacet
  facet normal 0 -0 1
    outer loop
      vertex 12.9904 52.5 -4.39225e-09
      vertex 17.3208 55.0003 -4.39225e-09
      vertex 12.9904 57.5 -4.39225e-09
    endloop
  endfacet
  facet normal -0 0 1
    outer loop
      vertex 0 55 -4.39225e-09
      vertex 4.33012 52.5 -4.39225e-09
      vertex 4.33012 57.5 -4.39225e-09
    endloop
  endfacet
  facet normal 0 0 1
    outer loop
      vertex 56.1222 55.6081 -4.39225e-09
      vertex 50.2652 56.3554 -4.39225e-09
      vertex 52.5827 52.4179 -4.39225e-09
    endloop
  endfacet
  facet normal -0 0 1
    outer loop
      vertex 44.4793 56.0044 -4.39225e-09
      vertex 48.3033 51.834 -4.39225e-09
      vertex 50.2652 56.3554 -4.39225e-09
    endloop
  endfacet
  facet normal 0 -0 1
    outer loop
      vertex 48.3033 51.834 -4.39225e-09
      vertex 52.5827 52.4179 -4.39225e-09
      vertex 50.2652 56.3554 -4.39225e-09
    endloop
  endfacet
  facet normal -0 0 1
    outer loop
      vertex 39.2391 52.7916 -4.39225e-09
      vertex 43.6542 50.0632 -4.39225e-09
      vertex 44.4793 56.0044 -4.39225e-09
    endloop
  endfacet
  facet normal 0 -0 1
    outer loop
      vertex 0 65 -4.39225e-09
      vertex 4.33012 67.5 -4.39225e-09
      vertex 0 70 -4.39225e-09
    endloop
  endfacet
  facet normal 0 -0 1
    outer loop
      vertex 34.6945 50.0448 -4.39225e-09
      vertex 39.2391 52.7916 -4.39225e-09
      vertex 34.7225 55.1489 -4.39225e-09
    endloop
  endfacet
  facet normal -0 0 1
    outer loop
      vertex 44.4793 56.0044 -4.39225e-09
      vertex 43.6542 50.0632 -4.39225e-09
      vertex 48.3033 51.834 -4.39225e-09
    endloop
  endfacet
  facet normal -0 0 1
    outer loop
      vertex 30.3256 52.516 -4.39225e-09
      vertex 34.6945 50.0448 -4.39225e-09
      vertex 34.7225 55.1489 -4.39225e-09
    endloop
  endfacet
  facet normal 0 -0 1
    outer loop
      vertex 25.9821 49.9996 -4.39225e-09
      vertex 25.9887 55.0089 -4.39225e-09
      vertex 21.6514 52.5008 -4.39225e-09
    endloop
  endfacet
  facet normal -0 0 1
    outer loop
      vertex 4.33012 52.5 -4.39225e-09
      vertex 8.66025 50 -4.39225e-09
      vertex 8.66025 55 -4.39225e-09
    endloop
  endfacet
  facet normal 0 0 1
    outer loop
      vertex 12.9904 52.5 -4.39225e-09
      vertex 8.66025 55 -4.39225e-09
      vertex 8.66025 50 -4.39225e-09
    endloop
  endfacet
  facet normal -0 0 1
    outer loop
      vertex 12.9904 52.5 -4.39225e-09
      vertex 17.3205 50 -4.39225e-09
      vertex 17.3208 55.0003 -4.39225e-09
    endloop
  endfacet
  facet normal 0 -0 1
    outer loop
      vertex 0 50 -4.39225e-09
      vertex 4.33012 52.5 -4.39225e-09
      vertex 0 55 -4.39225e-09
    endloop
  endfacet
  facet normal 0 0 1
    outer loop
      vertex 21.6514 52.5008 -4.39225e-09
      vertex 17.3208 55.0003 -4.39225e-09
      vertex 17.3205 50 -4.39225e-09
    endloop
  endfacet
  facet normal -0 0 1
    outer loop
      vertex 25.9887 55.0089 -4.39225e-09
      vertex 25.9821 49.9996 -4.39225e-09
      vertex 30.3256 52.516 -4.39225e-09
    endloop
  endfacet
  facet normal 0 0 1
    outer loop
      vertex 44.4793 56.0044 -4.39225e-09
      vertex 43.1018 60.9872 -4.39225e-09
      vertex 39.285 58.2163 -4.39225e-09
    endloop
  endfacet
  facet normal 0 0 1
    outer loop
      vertex 43.1018 60.9872 -4.39225e-09
      vertex 39.5699 64.2888 -4.39225e-09
      vertex 39.285 58.2163 -4.39225e-09
    endloop
  endfacet
  facet normal 0 0 1
    outer loop
      vertex 58.2187 60.7272 -4.39225e-09
      vertex 52.8419 60.7473 -4.39225e-09
      vertex 56.1222 55.6081 -4.39225e-09
    endloop
  endfacet
  facet normal 0 0 1
    outer loop
      vertex 26.0684 70.4389 -4.39225e-09
      vertex 21.6955 67.5834 -4.39225e-09
      vertex 26.2637 65.3312 -4.39225e-09
    endloop
  endfacet
  facet normal -0 0 1
    outer loop
      vertex 47.5004 69.677 -4.39225e-09
      vertex 45.0175 65.2348 -4.39225e-09
      vertex 50.0563 65.3046 -4.39225e-09
    endloop
  endfacet
  facet normal 0 0 1
    outer loop
      vertex 45.0175 65.2348 -4.39225e-09
      vertex 42.4415 69.5633 -4.39225e-09
      vertex 39.5699 64.2888 -4.39225e-09
    endloop
  endfacet
  facet normal -0 0 1
    outer loop
      vertex 17.337 70.0268 -4.39225e-09
      vertex 17.3253 65.0065 -4.39225e-09
      vertex 21.6955 67.5834 -4.39225e-09
    endloop
  endfacet
  facet normal -0 0 1
    outer loop
      vertex 26.0684 70.4389 -4.39225e-09
      vertex 26.2637 65.3312 -4.39225e-09
      vertex 31.5374 68.8753 -4.39225e-09
    endloop
  endfacet
  facet normal 0 -0 1
    outer loop
      vertex 8.66029 65 -4.39225e-09
      vertex 8.66097 70.001 -4.39225e-09
      vertex 4.33012 67.5 -4.39225e-09
    endloop
  endfacet
  facet normal 0 -0 1
    outer loop
      vertex 45.0175 65.2348 -4.39225e-09
      vertex 47.5004 69.677 -4.39225e-09
      vertex 42.4415 69.5633 -4.39225e-09
    endloop
  endfacet
  facet normal 0 0 1
    outer loop
      vertex 55.1547 65.2759 -4.39225e-09
      vertex 52.5184 69.6758 -4.39225e-09
      vertex 50.0563 65.3046 -4.39225e-09
    endloop
  endfacet
  facet normal 0 -0 1
    outer loop
      vertex 51.8938 48.2494 -4.39225e-09
      vertex 52.5827 52.4179 -4.39225e-09
      vertex 48.3033 51.834 -4.39225e-09
    endloop
  endfacet
  facet normal 0 -0 1
    outer loop
      vertex 51.8938 48.2494 -4.39225e-09
      vertex 56.5135 50.0816 -4.39225e-09
      vertex 52.5827 52.4179 -4.39225e-09
    endloop
  endfacet
  facet normal 0 -0 1
    outer loop
      vertex 52.7573 39.29 -4.39225e-09
      vertex 56.0138 44.4682 -4.39225e-09
      vertex 49.9581 43.7617 -4.39225e-09
    endloop
  endfacet
  facet normal 0 -0 1
    outer loop
      vertex 4.33012 47.5 -4.39225e-09
      vertex 8.66025 50 -4.39225e-09
      vertex 4.33012 52.5 -4.39225e-09
    endloop
  endfacet
  facet normal 0 -0 1
    outer loop
      vertex 12.9904 47.5 -4.39225e-09
      vertex 12.9904 52.5 -4.39225e-09
      vertex 8.66025 50 -4.39225e-09
    endloop
  endfacet
  facet normal -0 0 1
    outer loop
      vertex 17.3205 50 -4.39225e-09
      vertex 21.651 47.4993 -4.39225e-09
      vertex 21.6514 52.5008 -4.39225e-09
    endloop
  endfacet
  facet normal -0 0 1
    outer loop
      vertex 0 50 -4.39225e-09
      vertex 4.33012 47.5 -4.39225e-09
      vertex 4.33012 52.5 -4.39225e-09
    endloop
  endfacet
  facet normal 0 -0 1
    outer loop
      vertex 12.9904 47.5 -4.39225e-09
      vertex 17.3205 50 -4.39225e-09
      vertex 12.9904 52.5 -4.39225e-09
    endloop
  endfacet
  facet normal -0 0 1
    outer loop
      vertex 21.6514 52.5008 -4.39225e-09
      vertex 21.651 47.4993 -4.39225e-09
      vertex 25.9821 49.9996 -4.39225e-09
    endloop
  endfacet
  facet normal 0 0 1
    outer loop
      vertex 30.3256 52.516 -4.39225e-09
      vertex 25.9821 49.9996 -4.39225e-09
      vertex 30.3382 47.488 -4.39225e-09
    endloop
  endfacet
  facet normal -0 0 1
    outer loop
      vertex 30.3256 52.516 -4.39225e-09
      vertex 30.3382 47.488 -4.39225e-09
      vertex 34.6945 50.0448 -4.39225e-09
    endloop
  endfacet
  facet normal -0 0 1
    outer loop
      vertex 34.6945 50.0448 -4.39225e-09
      vertex 39.1151 47.5657 -4.39225e-09
      vertex 39.2391 52.7916 -4.39225e-09
    endloop
  endfacet
  facet normal -0 0 1
    outer loop
      vertex 39.2391 52.7916 -4.39225e-09
      vertex 39.1151 47.5657 -4.39225e-09
      vertex 43.6542 50.0632 -4.39225e-09
    endloop
  endfacet
  facet normal 0 -0 1
    outer loop
      vertex 47.5363 47.6338 -4.39225e-09
      vertex 48.3033 51.834 -4.39225e-09
      vertex 43.6542 50.0632 -4.39225e-09
    endloop
  endfacet
  facet normal 0 0 1
    outer loop
      vertex 55.1564 34.722 -4.39225e-09
      vertex 49.9951 34.7142 -4.39225e-09
      vertex 52.513 30.3216 -4.39225e-09
    endloop
  endfacet
  facet normal -0 0 1
    outer loop
      vertex 52.7573 39.29 -4.39225e-09
      vertex 49.9951 34.7142 -4.39225e-09
      vertex 55.1564 34.722 -4.39225e-09
    endloop
  endfacet
  facet normal 0 -0 1
    outer loop
      vertex 50 8.66025 -4.39225e-09
      vertex 55 8.66025 -4.39225e-09
      vertex 52.5 12.9904 -4.39225e-09
    endloop
  endfacet
  facet normal -0 0 1
    outer loop
      vertex 52.5 21.6506 -4.39225e-09
      vertex 50 17.3205 -4.39225e-09
      vertex 55 17.3205 -4.39225e-09
    endloop
  endfacet
  facet normal -0 0 1
    outer loop
      vertex 49.9997 25.9811 -4.39225e-09
      vertex 52.5 21.6506 -4.39225e-09
      vertex 55.0036 25.9826 -4.39225e-09
    endloop
  endfacet
  facet normal 0 0 1
    outer loop
      vertex 55 8.66025 -4.39225e-09
      vertex 50 8.66025 -4.39225e-09
      vertex 52.5 4.33012 -4.39225e-09
    endloop
  endfacet
  facet normal -0 0 1
    outer loop
      vertex 52.5 4.33012 -4.39225e-09
      vertex 50 0 -4.39225e-09
      vertex 55 0 -4.39225e-09
    endloop
  endfacet
  facet normal -0 0 1
    outer loop
      vertex 50 17.3205 -4.39225e-09
      vertex 52.5 12.9904 -4.39225e-09
      vertex 55 17.3205 -4.39225e-09
    endloop
  endfacet
  facet normal -0 0 1
    outer loop
      vertex 52.513 30.3216 -4.39225e-09
      vertex 49.9997 25.9811 -4.39225e-09
      vertex 55.0036 25.9826 -4.39225e-09
    endloop
  endfacet
  facet normal -0 0 1
    outer loop
      vertex 51.8938 48.2494 -4.39225e-09
      vertex 49.9581 43.7617 -4.39225e-09
      vertex 56.0138 44.4682 -4.39225e-09
    endloop
  endfacet
  facet normal -0 0 1
    outer loop
      vertex 50 8.66025 -4.39225e-09
      vertex 47.5 4.33012 -4.39225e-09
      vertex 52.5 4.33012 -4.39225e-09
    endloop
  endfacet
  facet normal -0 -0 1
    outer loop
      vertex 47.4994 21.6508 -4.39225e-09
      vertex 52.5 21.6506 -4.39225e-09
      vertex 49.9997 25.9811 -4.39225e-09
    endloop
  endfacet
  facet normal -0 0 1
    outer loop
      vertex 47.4801 30.3208 -4.39225e-09
      vertex 49.9997 25.9811 -4.39225e-09
      vertex 52.513 30.3216 -4.39225e-09
    endloop
  endfacet
  facet normal 0 -0 1
    outer loop
      vertex 50 8.66025 -4.39225e-09
      vertex 52.5 12.9904 -4.39225e-09
      vertex 47.5 12.9904 -4.39225e-09
    endloop
  endfacet
  facet normal -0 0 1
    outer loop
      vertex 47.4994 21.6508 -4.39225e-09
      vertex 50 17.3205 -4.39225e-09
      vertex 52.5 21.6506 -4.39225e-09
    endloop
  endfacet
  facet normal 0 -0 1
    outer loop
      vertex 47.5 12.9904 -4.39225e-09
      vertex 52.5 12.9904 -4.39225e-09
      vertex 50 17.3205 -4.39225e-09
    endloop
  endfacet
  facet normal -0 0 1
    outer loop
      vertex 47.2215 39.2714 -4.39225e-09
      vertex 49.9951 34.7142 -4.39225e-09
      vertex 52.7573 39.29 -4.39225e-09
    endloop
  endfacet
  facet normal -0 0 1
    outer loop
      vertex 49.9951 34.7142 -4.39225e-09
      vertex 47.4801 30.3208 -4.39225e-09
      vertex 52.513 30.3216 -4.39225e-09
    endloop
  endfacet
  facet normal -0 0 1
    outer loop
      vertex 49.9581 43.7617 -4.39225e-09
      vertex 47.2215 39.2714 -4.39225e-09
      vertex 52.7573 39.29 -4.39225e-09
    endloop
  endfacet
  facet normal -0 0 1
    outer loop
      vertex 47.5363 47.6338 -4.39225e-09
      vertex 49.9581 43.7617 -4.39225e-09
      vertex 51.8938 48.2494 -4.39225e-09
    endloop
  endfacet
  facet normal 0 -0 1
    outer loop
      vertex 47.5363 47.6338 -4.39225e-09
      vertex 51.8938 48.2494 -4.39225e-09
      vertex 48.3033 51.834 -4.39225e-09
    endloop
  endfacet
  facet normal -0 0 1
    outer loop
      vertex 47.5 4.33012 -4.39225e-09
      vertex 50 0 -4.39225e-09
      vertex 52.5 4.33012 -4.39225e-09
    endloop
  endfacet
  facet normal -0 0 1
    outer loop
      vertex 4.33012 47.5 -4.39225e-09
      vertex 8.66025 45 -4.39225e-09
      vertex 8.66025 50 -4.39225e-09
    endloop
  endfacet
  facet normal -0 0 1
    outer loop
      vertex 45 8.66025 -4.39225e-09
      vertex 42.5 4.33012 -4.39225e-09
      vertex 47.5 4.33012 -4.39225e-09
    endloop
  endfacet
  facet normal -0 0 1
    outer loop
      vertex 4.328 17.508 -4.39225e-09
      vertex 8.65103 14.9965 -4.39225e-09
      vertex 8.65257 19.9824 -4.39225e-09
    endloop
  endfacet
  facet normal 0 0 1
    outer loop
      vertex 24.9961 8.67282 -4.39225e-09
      vertex 22.4914 4.34189 -4.39225e-09
      vertex 27.499 4.33139 -4.39225e-09
    endloop
  endfacet
  facet normal 0 0 1
    outer loop
      vertex 40 8.66026 -4.39225e-09
      vertex 34.9999 8.66041 -4.39225e-09
      vertex 37.5 4.33014 -4.39225e-09
    endloop
  endfacet
  facet normal 0 -0 1
    outer loop
      vertex 4.33012 32.5 -4.39225e-09
      vertex 8.66022 35 -4.39225e-09
      vertex 4.33012 37.5 -4.39225e-09
    endloop
  endfacet
  facet normal -0 0 1
    outer loop
      vertex 4.33012 37.5 -4.39225e-09
      vertex 8.66022 35 -4.39225e-09
      vertex 8.66025 40 -4.39225e-09
    endloop
  endfacet
  facet normal -0 0 1
    outer loop
      vertex 45 8.66025 -4.39225e-09
      vertex 47.5 4.33012 -4.39225e-09
      vertex 50 8.66025 -4.39225e-09
    endloop
  endfacet
  facet normal 0 0 1
    outer loop
      vertex 42.5 12.9904 -4.39225e-09
      vertex 40 8.66026 -4.39225e-09
      vertex 45 8.66025 -4.39225e-09
    endloop
  endfacet
  facet normal 0 -0 1
    outer loop
      vertex 8.66003 29.9996 -4.39225e-09
      vertex 12.9902 32.4988 -4.39225e-09
      vertex 8.66022 35 -4.39225e-09
    endloop
  endfacet
  facet normal -0 0 1
    outer loop
      vertex 42.5 12.9904 -4.39225e-09
      vertex 45 8.66025 -4.39225e-09
      vertex 47.5 12.9904 -4.39225e-09
    endloop
  endfacet
  facet normal -0 0 1
    outer loop
      vertex 4.33012 32.5 -4.39225e-09
      vertex 8.66003 29.9996 -4.39225e-09
      vertex 8.66022 35 -4.39225e-09
    endloop
  endfacet
  facet normal 0 0 1
    outer loop
      vertex 12.9904 42.5 -4.39225e-09
      vertex 8.66025 40 -4.39225e-09
      vertex 12.9904 37.5 -4.39225e-09
    endloop
  endfacet
  facet normal -0 0 1
    outer loop
      vertex 40 8.66026 -4.39225e-09
      vertex 42.5 4.33012 -4.39225e-09
      vertex 45 8.66025 -4.39225e-09
    endloop
  endfacet
  facet normal 0 -0 1
    outer loop
      vertex 4.33012 37.5 -4.39225e-09
      vertex 8.66025 40 -4.39225e-09
      vertex 4.33012 42.5 -4.39225e-09
    endloop
  endfacet
  facet normal -0 0 1
    outer loop
      vertex 4.33012 42.5 -4.39225e-09
      vertex 8.66025 40 -4.39225e-09
      vertex 8.66025 45 -4.39225e-09
    endloop
  endfacet
  facet normal -0 0 1
    outer loop
      vertex 12.9655 22.4494 -4.39225e-09
      vertex 17.1624 19.7073 -4.39225e-09
      vertex 17.3379 24.9196 -4.39225e-09
    endloop
  endfacet
  facet normal -0 0 1
    outer loop
      vertex 8.66003 29.9996 -4.39225e-09
      vertex 12.9883 27.4911 -4.39225e-09
      vertex 12.9902 32.4988 -4.39225e-09
    endloop
  endfacet
  facet normal 0 0 1
    outer loop
      vertex 12.9073 17.3214 -4.39225e-09
      vertex 8.65257 19.9824 -4.39225e-09
      vertex 8.65103 14.9965 -4.39225e-09
    endloop
  endfacet
  facet normal 0 0 1
    outer loop
      vertex 17.3205 44.9999 -4.39225e-09
      vertex 12.9904 42.5 -4.39225e-09
      vertex 17.3209 39.9988 -4.39225e-09
    endloop
  endfacet
  facet normal -0 0 1
    outer loop
      vertex 34.9957 17.322 -4.39225e-09
      vertex 37.4998 12.9906 -4.39225e-09
      vertex 39.9983 17.3211 -4.39225e-09
    endloop
  endfacet
  facet normal 0 -0 1
    outer loop
      vertex 4.33012 42.5 -4.39225e-09
      vertex 8.66025 45 -4.39225e-09
      vertex 4.33012 47.5 -4.39225e-09
    endloop
  endfacet
  facet normal 0 0 1
    outer loop
      vertex 27.4933 13.0135 -4.39225e-09
      vertex 24.9794 17.4022 -4.39225e-09
      vertex 22.5215 13.0942 -4.39225e-09
    endloop
  endfacet
  facet normal -0 0 1
    outer loop
      vertex 32.4986 12.9924 -4.39225e-09
      vertex 34.9999 8.66041 -4.39225e-09
      vertex 37.4998 12.9906 -4.39225e-09
    endloop
  endfacet
  facet normal 0 0 1
    outer loop
      vertex 12.568 12.9152 -4.39225e-09
      vertex 9.0531 9.56083 -4.39225e-09
      vertex 14.8092 8.91413 -4.39225e-09
    endloop
  endfacet
  facet normal -0 0 1
    outer loop
      vertex 8.65103 14.9965 -4.39225e-09
      vertex 9.0531 9.56083 -4.39225e-09
      vertex 12.568 12.9152 -4.39225e-09
    endloop
  endfacet
  facet normal 0 -0 1
    outer loop
      vertex 12.9902 32.4988 -4.39225e-09
      vertex 12.9904 37.5 -4.39225e-09
      vertex 8.66022 35 -4.39225e-09
    endloop
  endfacet
  facet normal 0 -0 1
    outer loop
      vertex 8.65883 24.9973 -4.39225e-09
      vertex 12.9883 27.4911 -4.39225e-09
      vertex 8.66003 29.9996 -4.39225e-09
    endloop
  endfacet
  facet normal 0 0 1
    outer loop
      vertex 19.9445 8.78868 -4.39225e-09
      vertex 17.4508 4.38177 -4.39225e-09
      vertex 22.4914 4.34189 -4.39225e-09
    endloop
  endfacet
  facet normal -0 0 1
    outer loop
      vertex 14.8092 8.91413 -4.39225e-09
      vertex 17.4508 4.38177 -4.39225e-09
      vertex 19.9445 8.78868 -4.39225e-09
    endloop
  endfacet
  facet normal 0 -0 1
    outer loop
      vertex 8.66022 35 -4.39225e-09
      vertex 12.9904 37.5 -4.39225e-09
      vertex 8.66025 40 -4.39225e-09
    endloop
  endfacet
  facet normal -0 0 1
    outer loop
      vertex 8.65883 24.9973 -4.39225e-09
      vertex 12.9655 22.4494 -4.39225e-09
      vertex 12.9883 27.4911 -4.39225e-09
    endloop
  endfacet
  facet normal -0 0 1
    outer loop
      vertex 12.9073 17.3214 -4.39225e-09
      vertex 12.568 12.9152 -4.39225e-09
      vertex 17.2404 13.8797 -4.39225e-09
    endloop
  endfacet
  facet normal 0 0 1
    outer loop
      vertex 37.4998 12.9906 -4.39225e-09
      vertex 34.9999 8.66041 -4.39225e-09
      vertex 40 8.66026 -4.39225e-09
    endloop
  endfacet
  facet normal -0 0 1
    outer loop
      vertex 27.4933 13.0135 -4.39225e-09
      vertex 29.9993 8.66145 -4.39225e-09
      vertex 32.4986 12.9924 -4.39225e-09
    endloop
  endfacet
  facet normal -0 0 1
    outer loop
      vertex 8.65883 24.9973 -4.39225e-09
      vertex 8.65257 19.9824 -4.39225e-09
      vertex 12.9655 22.4494 -4.39225e-09
    endloop
  endfacet
  facet normal -0 -0 1
    outer loop
      vertex 12.9904 47.5 -4.39225e-09
      vertex 17.3205 44.9999 -4.39225e-09
      vertex 17.3205 50 -4.39225e-09
    endloop
  endfacet
  facet normal 0 0 1
    outer loop
      vertex 27.4933 13.0135 -4.39225e-09
      vertex 24.9961 8.67282 -4.39225e-09
      vertex 29.9993 8.66145 -4.39225e-09
    endloop
  endfacet
  facet normal -0 0 1
    outer loop
      vertex 12.9655 22.4494 -4.39225e-09
      vertex 12.9073 17.3214 -4.39225e-09
      vertex 17.1624 19.7073 -4.39225e-09
    endloop
  endfacet
  facet normal -0 0 1
    outer loop
      vertex 19.9445 8.78868 -4.39225e-09
      vertex 22.4914 4.34189 -4.39225e-09
      vertex 24.9961 8.67282 -4.39225e-09
    endloop
  endfacet
  facet normal 0 0 1
    outer loop
      vertex 29.9993 8.66145 -4.39225e-09
      vertex 27.499 4.33139 -4.39225e-09
      vertex 32.4999 4.33025 -4.39225e-09
    endloop
  endfacet
  facet normal 0 0 1
    outer loop
      vertex 22.5215 13.0942 -4.39225e-09
      vertex 17.2404 13.8797 -4.39225e-09
      vertex 19.9445 8.78868 -4.39225e-09
    endloop
  endfacet
  facet normal 0 0 1
    outer loop
      vertex 32.4986 12.9924 -4.39225e-09
      vertex 29.9993 8.66145 -4.39225e-09
      vertex 34.9999 8.66041 -4.39225e-09
    endloop
  endfacet
  facet normal -0 -0 1
    outer loop
      vertex 39.9983 17.3211 -4.39225e-09
      vertex 44.9999 17.3205 -4.39225e-09
      vertex 42.495 21.6525 -4.39225e-09
    endloop
  endfacet
  facet normal -0 0 1
    outer loop
      vertex 22.5215 13.0942 -4.39225e-09
      vertex 24.9961 8.67282 -4.39225e-09
      vertex 27.4933 13.0135 -4.39225e-09
    endloop
  endfacet
  facet normal 0 -0 1
    outer loop
      vertex 12.9904 42.5 -4.39225e-09
      vertex 12.9904 47.5 -4.39225e-09
      vertex 8.66025 45 -4.39225e-09
    endloop
  endfacet
  facet normal 0 0 1
    outer loop
      vertex 12.9904 47.5 -4.39225e-09
      vertex 8.66025 50 -4.39225e-09
      vertex 8.66025 45 -4.39225e-09
    endloop
  endfacet
  facet normal 0 0 1
    outer loop
      vertex 17.3209 39.9988 -4.39225e-09
      vertex 12.9904 42.5 -4.39225e-09
      vertex 12.9904 37.5 -4.39225e-09
    endloop
  endfacet
  facet normal -0 0 1
    outer loop
      vertex 12.9883 27.4911 -4.39225e-09
      vertex 12.9655 22.4494 -4.39225e-09
      vertex 17.3379 24.9196 -4.39225e-09
    endloop
  endfacet
  facet normal 0 -0 1
    outer loop
      vertex 42.5 12.9904 -4.39225e-09
      vertex 44.9999 17.3205 -4.39225e-09
      vertex 39.9983 17.3211 -4.39225e-09
    endloop
  endfacet
  facet normal 0 -0 1
    outer loop
      vertex 42.5 12.9904 -4.39225e-09
      vertex 47.5 12.9904 -4.39225e-09
      vertex 44.9999 17.3205 -4.39225e-09
    endloop
  endfacet
  facet normal 0 0 1
    outer loop
      vertex 24.9794 17.4022 -4.39225e-09
      vertex 20.6699 17.2477 -4.39225e-09
      vertex 22.5215 13.0942 -4.39225e-09
    endloop
  endfacet
  facet normal 0 0 1
    outer loop
      vertex 21.6476 27.4312 -4.39225e-09
      vertex 17.3379 24.9196 -4.39225e-09
      vertex 22.064 22.0167 -4.39225e-09
    endloop
  endfacet
  facet normal 0 0 1
    outer loop
      vertex 39.9983 17.3211 -4.39225e-09
      vertex 37.4998 12.9906 -4.39225e-09
      vertex 42.5 12.9904 -4.39225e-09
    endloop
  endfacet
  facet normal 0 0 1
    outer loop
      vertex 32.4986 12.9924 -4.39225e-09
      vertex 29.9924 17.3305 -4.39225e-09
      vertex 27.4933 13.0135 -4.39225e-09
    endloop
  endfacet
  facet normal 0 0 1
    outer loop
      vertex 17.3226 29.9851 -4.39225e-09
      vertex 12.9883 27.4911 -4.39225e-09
      vertex 17.3379 24.9196 -4.39225e-09
    endloop
  endfacet
  facet normal 0 0 1
    outer loop
      vertex 34.9957 17.322 -4.39225e-09
      vertex 32.4986 12.9924 -4.39225e-09
      vertex 37.4998 12.9906 -4.39225e-09
    endloop
  endfacet
  facet normal 0 -0 1
    outer loop
      vertex 21.6656 32.4189 -4.39225e-09
      vertex 26.1266 34.6867 -4.39225e-09
      vertex 21.6631 37.4669 -4.39225e-09
    endloop
  endfacet
  facet normal -0 -0 1
    outer loop
      vertex 12.9073 17.3214 -4.39225e-09
      vertex 17.2404 13.8797 -4.39225e-09
      vertex 17.1624 19.7073 -4.39225e-09
    endloop
  endfacet
  facet normal 0 0 1
    outer loop
      vertex 27.478 21.6044 -4.39225e-09
      vertex 25.4585 25.2892 -4.39225e-09
      vertex 22.064 22.0167 -4.39225e-09
    endloop
  endfacet
  facet normal 0 0 1
    outer loop
      vertex 29.9924 17.3305 -4.39225e-09
      vertex 24.9794 17.4022 -4.39225e-09
      vertex 27.4933 13.0135 -4.39225e-09
    endloop
  endfacet
  facet normal 0 0 1
    outer loop
      vertex 17.3217 34.9942 -4.39225e-09
      vertex 12.9902 32.4988 -4.39225e-09
      vertex 17.3226 29.9851 -4.39225e-09
    endloop
  endfacet
  facet normal 0 -0 1
    outer loop
      vertex 32.4986 12.9924 -4.39225e-09
      vertex 34.9957 17.322 -4.39225e-09
      vertex 29.9924 17.3305 -4.39225e-09
    endloop
  endfacet
  facet normal -0 0 1
    outer loop
      vertex 17.1624 19.7073 -4.39225e-09
      vertex 17.2404 13.8797 -4.39225e-09
      vertex 20.6699 17.2477 -4.39225e-09
    endloop
  endfacet
  facet normal 0 -0 1
    outer loop
      vertex 4.06969 8.23813 -4.39225e-09
      vertex 9.0531 9.56083 -4.39225e-09
      vertex 4.33554 12.5568 -4.39225e-09
    endloop
  endfacet
  facet normal 0 0 1
    outer loop
      vertex 20.6699 17.2477 -4.39225e-09
      vertex 17.2404 13.8797 -4.39225e-09
      vertex 22.5215 13.0942 -4.39225e-09
    endloop
  endfacet
  facet normal 0 0 1
    outer loop
      vertex 17.3205 44.9999 -4.39225e-09
      vertex 12.9904 47.5 -4.39225e-09
      vertex 12.9904 42.5 -4.39225e-09
    endloop
  endfacet
  facet normal -0 -0 1
    outer loop
      vertex 12.9904 37.5 -4.39225e-09
      vertex 17.3217 34.9942 -4.39225e-09
      vertex 17.3209 39.9988 -4.39225e-09
    endloop
  endfacet
  facet normal -0 -0 1
    outer loop
      vertex 17.3209 39.9988 -4.39225e-09
      vertex 21.6631 37.4669 -4.39225e-09
      vertex 21.6528 42.494 -4.39225e-09
    endloop
  endfacet
  facet normal -0 -0 1
    outer loop
      vertex 37.5 4.33014 -4.39225e-09
      vertex 42.5 4.33012 -4.39225e-09
      vertex 40 8.66026 -4.39225e-09
    endloop
  endfacet
  facet normal 0 -0 1
    outer loop
      vertex 47.5 12.9904 -4.39225e-09
      vertex 50 17.3205 -4.39225e-09
      vertex 44.9999 17.3205 -4.39225e-09
    endloop
  endfacet
  facet normal -0 0 1
    outer loop
      vertex 12.9902 32.4988 -4.39225e-09
      vertex 12.9883 27.4911 -4.39225e-09
      vertex 17.3226 29.9851 -4.39225e-09
    endloop
  endfacet
  facet normal 0 0 1
    outer loop
      vertex 24.9794 17.4022 -4.39225e-09
      vertex 22.064 22.0167 -4.39225e-09
      vertex 20.6699 17.2477 -4.39225e-09
    endloop
  endfacet
  facet normal -0 0 1
    outer loop
      vertex 12.9904 37.5 -4.39225e-09
      vertex 12.9902 32.4988 -4.39225e-09
      vertex 17.3217 34.9942 -4.39225e-09
    endloop
  endfacet
  facet normal -0 0 1
    outer loop
      vertex 4.328 17.508 -4.39225e-09
      vertex 4.33554 12.5568 -4.39225e-09
      vertex 8.65103 14.9965 -4.39225e-09
    endloop
  endfacet
  facet normal -0 0 1
    outer loop
      vertex 47.5 12.9904 -4.39225e-09
      vertex 45 8.66025 -4.39225e-09
      vertex 50 8.66025 -4.39225e-09
    endloop
  endfacet
  facet normal 0 0 1
    outer loop
      vertex 25.9901 44.988 -4.39225e-09
      vertex 21.651 47.4993 -4.39225e-09
      vertex 21.6528 42.494 -4.39225e-09
    endloop
  endfacet
  facet normal -0 0 1
    outer loop
      vertex 42.5 4.33012 -4.39225e-09
      vertex 45 0 -4.39225e-09
      vertex 47.5 4.33012 -4.39225e-09
    endloop
  endfacet
  facet normal -0 0 1
    outer loop
      vertex 47.5 4.33012 -4.39225e-09
      vertex 45 0 -4.39225e-09
      vertex 50 0 -4.39225e-09
    endloop
  endfacet
  facet normal 0 0 1
    outer loop
      vertex 19.9445 8.78868 -4.39225e-09
      vertex 17.2404 13.8797 -4.39225e-09
      vertex 14.8092 8.91413 -4.39225e-09
    endloop
  endfacet
  facet normal -0 0 1
    outer loop
      vertex 17.3217 34.9942 -4.39225e-09
      vertex 17.3226 29.9851 -4.39225e-09
      vertex 21.6656 32.4189 -4.39225e-09
    endloop
  endfacet
  facet normal -0 -0 1
    outer loop
      vertex 34.9957 17.322 -4.39225e-09
      vertex 39.9983 17.3211 -4.39225e-09
      vertex 37.4661 21.6621 -4.39225e-09
    endloop
  endfacet
  facet normal 0 0 1
    outer loop
      vertex 26.0141 39.9321 -4.39225e-09
      vertex 25.9901 44.988 -4.39225e-09
      vertex 21.6528 42.494 -4.39225e-09
    endloop
  endfacet
  facet normal 0 -0 1
    outer loop
      vertex 0 40 -4.39225e-09
      vertex 4.33012 42.5 -4.39225e-09
      vertex 0 45 -4.39225e-09
    endloop
  endfacet
  facet normal 0 0 1
    outer loop
      vertex 30.5762 37.1228 -4.39225e-09
      vertex 30.4428 42.4043 -4.39225e-09
      vertex 26.0141 39.9321 -4.39225e-09
    endloop
  endfacet
  facet normal 0 -0 1
    outer loop
      vertex 21.6476 27.4312 -4.39225e-09
      vertex 25.9869 29.5556 -4.39225e-09
      vertex 21.6656 32.4189 -4.39225e-09
    endloop
  endfacet
  facet normal 0 -0 1
    outer loop
      vertex 17.3217 34.9942 -4.39225e-09
      vertex 21.6631 37.4669 -4.39225e-09
      vertex 17.3209 39.9988 -4.39225e-09
    endloop
  endfacet
  facet normal 0 -0 1
    outer loop
      vertex 0 45 -4.39225e-09
      vertex 4.33012 47.5 -4.39225e-09
      vertex 0 50 -4.39225e-09
    endloop
  endfacet
  facet normal 0 0 1
    outer loop
      vertex 25.9869 29.5556 -4.39225e-09
      vertex 21.6476 27.4312 -4.39225e-09
      vertex 25.4585 25.2892 -4.39225e-09
    endloop
  endfacet
  facet normal 0 0 1
    outer loop
      vertex 12.9655 22.4494 -4.39225e-09
      vertex 8.65257 19.9824 -4.39225e-09
      vertex 12.9073 17.3214 -4.39225e-09
    endloop
  endfacet
  facet normal -0 0 1
    outer loop
      vertex 0 45 -4.39225e-09
      vertex 4.33012 42.5 -4.39225e-09
      vertex 4.33012 47.5 -4.39225e-09
    endloop
  endfacet
  facet normal -0 0 1
    outer loop
      vertex 22.4914 4.34189 -4.39225e-09
      vertex 25 0 -4.39225e-09
      vertex 27.499 4.33139 -4.39225e-09
    endloop
  endfacet
  facet normal -0 0 1
    outer loop
      vertex 32.4999 4.33025 -4.39225e-09
      vertex 35 0 -4.39225e-09
      vertex 37.5 4.33014 -4.39225e-09
    endloop
  endfacet
  facet normal 0 -0 1
    outer loop
      vertex 12.568 12.9152 -4.39225e-09
      vertex 12.9073 17.3214 -4.39225e-09
      vertex 8.65103 14.9965 -4.39225e-09
    endloop
  endfacet
  facet normal 0 0 1
    outer loop
      vertex 25.9821 49.9996 -4.39225e-09
      vertex 21.651 47.4993 -4.39225e-09
      vertex 25.9901 44.988 -4.39225e-09
    endloop
  endfacet
  facet normal 0 0 1
    outer loop
      vertex 22.064 22.0167 -4.39225e-09
      vertex 17.3379 24.9196 -4.39225e-09
      vertex 17.1624 19.7073 -4.39225e-09
    endloop
  endfacet
  facet normal -0 0 1
    outer loop
      vertex 17.3226 29.9851 -4.39225e-09
      vertex 17.3379 24.9196 -4.39225e-09
      vertex 21.6476 27.4312 -4.39225e-09
    endloop
  endfacet
  facet normal 0 0 1
    outer loop
      vertex 27.478 21.6044 -4.39225e-09
      vertex 22.064 22.0167 -4.39225e-09
      vertex 24.9794 17.4022 -4.39225e-09
    endloop
  endfacet
  facet normal 0 -0 1
    outer loop
      vertex 0 35 -4.39225e-09
      vertex 4.33012 37.5 -4.39225e-09
      vertex 0 40 -4.39225e-09
    endloop
  endfacet
  facet normal 0 0 1
    outer loop
      vertex 21.6656 32.4189 -4.39225e-09
      vertex 17.3226 29.9851 -4.39225e-09
      vertex 21.6476 27.4312 -4.39225e-09
    endloop
  endfacet
  facet normal 0 0 1
    outer loop
      vertex 22.064 22.0167 -4.39225e-09
      vertex 17.1624 19.7073 -4.39225e-09
      vertex 20.6699 17.2477 -4.39225e-09
    endloop
  endfacet
  facet normal -0 0 1
    outer loop
      vertex 37.4661 21.6621 -4.39225e-09
      vertex 39.9983 17.3211 -4.39225e-09
      vertex 42.495 21.6525 -4.39225e-09
    endloop
  endfacet
  facet normal -0 -0 1
    outer loop
      vertex 17.3217 34.9942 -4.39225e-09
      vertex 21.6656 32.4189 -4.39225e-09
      vertex 21.6631 37.4669 -4.39225e-09
    endloop
  endfacet
  facet normal 0 0 1
    outer loop
      vertex 31.2483 31.1714 -4.39225e-09
      vertex 25.9869 29.5556 -4.39225e-09
      vertex 29.6172 25.8985 -4.39225e-09
    endloop
  endfacet
  facet normal 0 0 1
    outer loop
      vertex 42.5 4.33012 -4.39225e-09
      vertex 37.5 4.33014 -4.39225e-09
      vertex 40 0 -4.39225e-09
    endloop
  endfacet
  facet normal 0 -0 1
    outer loop
      vertex 4.33012 32.5 -4.39225e-09
      vertex 4.33012 37.5 -4.39225e-09
      vertex 0 35 -4.39225e-09
    endloop
  endfacet
  facet normal -0 0 1
    outer loop
      vertex 0 30 -4.39225e-09
      vertex 4.33008 27.5001 -4.39225e-09
      vertex 4.33012 32.5 -4.39225e-09
    endloop
  endfacet
  facet normal 0 -0 1
    outer loop
      vertex 0 30 -4.39225e-09
      vertex 4.33012 32.5 -4.39225e-09
      vertex 0 35 -4.39225e-09
    endloop
  endfacet
  facet normal 0 -0 1
    outer loop
      vertex 0 15 -4.39225e-09
      vertex 4.328 17.508 -4.39225e-09
      vertex 0 20 -4.39225e-09
    endloop
  endfacet
  facet normal 0 -0 1
    outer loop
      vertex 17.3209 39.9988 -4.39225e-09
      vertex 21.6528 42.494 -4.39225e-09
      vertex 17.3205 44.9999 -4.39225e-09
    endloop
  endfacet
  facet normal -0 0 1
    outer loop
      vertex 17.4508 4.38177 -4.39225e-09
      vertex 15 0 -4.39225e-09
      vertex 20 0 -4.39225e-09
    endloop
  endfacet
  facet normal -0 0 1
    outer loop
      vertex 12.2629 4.51928 -4.39225e-09
      vertex 15 0 -4.39225e-09
      vertex 17.4508 4.38177 -4.39225e-09
    endloop
  endfacet
  facet normal 0 -0 1
    outer loop
      vertex 0 20 -4.39225e-09
      vertex 4.32967 22.5003 -4.39225e-09
      vertex 0 25 -4.39225e-09
    endloop
  endfacet
  facet normal -0 0 1
    outer loop
      vertex 0 5 -4.39225e-09
      vertex 5 0 -4.39225e-09
      vertex 6.82828 4.50642 -4.39225e-09
    endloop
  endfacet
  facet normal -0 0 1
    outer loop
      vertex 21.6528 42.494 -4.39225e-09
      vertex 21.6631 37.4669 -4.39225e-09
      vertex 26.0141 39.9321 -4.39225e-09
    endloop
  endfacet
  facet normal 0 -0 1
    outer loop
      vertex 47.4994 21.6508 -4.39225e-09
      vertex 49.9997 25.9811 -4.39225e-09
      vertex 44.9918 25.9836 -4.39225e-09
    endloop
  endfacet
  facet normal 0 -0 1
    outer loop
      vertex 4.32967 22.5003 -4.39225e-09
      vertex 8.65883 24.9973 -4.39225e-09
      vertex 4.33008 27.5001 -4.39225e-09
    endloop
  endfacet
  facet normal 0 0 1
    outer loop
      vertex 32.4408 21.6494 -4.39225e-09
      vertex 29.9924 17.3305 -4.39225e-09
      vertex 34.9957 17.322 -4.39225e-09
    endloop
  endfacet
  facet normal 0 0 1
    outer loop
      vertex 29.9924 17.3305 -4.39225e-09
      vertex 27.478 21.6044 -4.39225e-09
      vertex 24.9794 17.4022 -4.39225e-09
    endloop
  endfacet
  facet normal 0 0 1
    outer loop
      vertex 50 17.3205 -4.39225e-09
      vertex 47.4994 21.6508 -4.39225e-09
      vertex 44.9999 17.3205 -4.39225e-09
    endloop
  endfacet
  facet normal 0 0 1
    outer loop
      vertex 47.4994 21.6508 -4.39225e-09
      vertex 42.495 21.6525 -4.39225e-09
      vertex 44.9999 17.3205 -4.39225e-09
    endloop
  endfacet
  facet normal 0 0 1
    outer loop
      vertex 42.4059 30.3412 -4.39225e-09
      vertex 37.1705 30.4538 -4.39225e-09
      vertex 39.9288 26.0095 -4.39225e-09
    endloop
  endfacet
  facet normal 0 -0 1
    outer loop
      vertex 29.9924 17.3305 -4.39225e-09
      vertex 32.4408 21.6494 -4.39225e-09
      vertex 27.478 21.6044 -4.39225e-09
    endloop
  endfacet
  facet normal 0 -0 1
    outer loop
      vertex 34.9957 17.322 -4.39225e-09
      vertex 37.4661 21.6621 -4.39225e-09
      vertex 32.4408 21.6494 -4.39225e-09
    endloop
  endfacet
  facet normal 0 0 1
    outer loop
      vertex 32.4408 21.6494 -4.39225e-09
      vertex 29.6172 25.8985 -4.39225e-09
      vertex 27.478 21.6044 -4.39225e-09
    endloop
  endfacet
  facet normal 0 0 1
    outer loop
      vertex 21.651 47.4993 -4.39225e-09
      vertex 17.3205 44.9999 -4.39225e-09
      vertex 21.6528 42.494 -4.39225e-09
    endloop
  endfacet
  facet normal 0 0 1
    outer loop
      vertex 4.33554 12.5568 -4.39225e-09
      vertex 4.328 17.508 -4.39225e-09
      vertex 0 15 -4.39225e-09
    endloop
  endfacet
  facet normal -0 0 1
    outer loop
      vertex 6.82828 4.50642 -4.39225e-09
      vertex 5 0 -4.39225e-09
      vertex 10 0 -4.39225e-09
    endloop
  endfacet
  facet normal -0 0 1
    outer loop
      vertex 0 10 -4.39225e-09
      vertex 4.06969 8.23813 -4.39225e-09
      vertex 4.33554 12.5568 -4.39225e-09
    endloop
  endfacet
  facet normal 0 0 1
    outer loop
      vertex 34.7264 26.1012 -4.39225e-09
      vertex 31.2483 31.1714 -4.39225e-09
      vertex 29.6172 25.8985 -4.39225e-09
    endloop
  endfacet
  facet normal 0 0 1
    outer loop
      vertex 29.6172 25.8985 -4.39225e-09
      vertex 25.9869 29.5556 -4.39225e-09
      vertex 25.4585 25.2892 -4.39225e-09
    endloop
  endfacet
  facet normal -0 -0 1
    outer loop
      vertex 26.1266 34.6867 -4.39225e-09
      vertex 31.2483 31.1714 -4.39225e-09
      vertex 30.5762 37.1228 -4.39225e-09
    endloop
  endfacet
  facet normal 0 0 1
    outer loop
      vertex 8.65103 14.9965 -4.39225e-09
      vertex 4.33554 12.5568 -4.39225e-09
      vertex 9.0531 9.56083 -4.39225e-09
    endloop
  endfacet
  facet normal -0 0 1
    outer loop
      vertex 17.3205 50 -4.39225e-09
      vertex 17.3205 44.9999 -4.39225e-09
      vertex 21.651 47.4993 -4.39225e-09
    endloop
  endfacet
  facet normal -0 0 1
    outer loop
      vertex 29.9993 8.66145 -4.39225e-09
      vertex 32.4999 4.33025 -4.39225e-09
      vertex 34.9999 8.66041 -4.39225e-09
    endloop
  endfacet
  facet normal 0 -0 1
    outer loop
      vertex 32.4408 21.6494 -4.39225e-09
      vertex 34.7264 26.1012 -4.39225e-09
      vertex 29.6172 25.8985 -4.39225e-09
    endloop
  endfacet
  facet normal 0 -0 1
    outer loop
      vertex 6.82828 4.50642 -4.39225e-09
      vertex 12.2629 4.51928 -4.39225e-09
      vertex 9.0531 9.56083 -4.39225e-09
    endloop
  endfacet
  facet normal 0 0 1
    outer loop
      vertex 47.4994 21.6508 -4.39225e-09
      vertex 44.9918 25.9836 -4.39225e-09
      vertex 42.495 21.6525 -4.39225e-09
    endloop
  endfacet
  facet normal 0 0 1
    outer loop
      vertex 30.4428 42.4043 -4.39225e-09
      vertex 25.9901 44.988 -4.39225e-09
      vertex 26.0141 39.9321 -4.39225e-09
    endloop
  endfacet
  facet normal 0 0 1
    outer loop
      vertex 25.4585 25.2892 -4.39225e-09
      vertex 21.6476 27.4312 -4.39225e-09
      vertex 22.064 22.0167 -4.39225e-09
    endloop
  endfacet
  facet normal 0 0 1
    outer loop
      vertex 38.9811 43.0844 -4.39225e-09
      vertex 34.8009 44.991 -4.39225e-09
      vertex 35.6841 39.4917 -4.39225e-09
    endloop
  endfacet
  facet normal 0 -0 1
    outer loop
      vertex 38.9811 43.0844 -4.39225e-09
      vertex 43.9311 44.4044 -4.39225e-09
      vertex 39.1151 47.5657 -4.39225e-09
    endloop
  endfacet
  facet normal 0 -0 1
    outer loop
      vertex 26.1266 34.6867 -4.39225e-09
      vertex 30.5762 37.1228 -4.39225e-09
      vertex 26.0141 39.9321 -4.39225e-09
    endloop
  endfacet
  facet normal -0 0 1
    outer loop
      vertex 21.6656 32.4189 -4.39225e-09
      vertex 25.9869 29.5556 -4.39225e-09
      vertex 26.1266 34.6867 -4.39225e-09
    endloop
  endfacet
  facet normal 0 0 1
    outer loop
      vertex 47.4801 30.3208 -4.39225e-09
      vertex 42.4059 30.3412 -4.39225e-09
      vertex 44.9918 25.9836 -4.39225e-09
    endloop
  endfacet
  facet normal 0 0 1
    outer loop
      vertex 26.1266 34.6867 -4.39225e-09
      vertex 26.0141 39.9321 -4.39225e-09
      vertex 21.6631 37.4669 -4.39225e-09
    endloop
  endfacet
  facet normal -0 0 1
    outer loop
      vertex 34.7264 26.1012 -4.39225e-09
      vertex 32.4408 21.6494 -4.39225e-09
      vertex 37.4661 21.6621 -4.39225e-09
    endloop
  endfacet
  facet normal 0 0 1
    outer loop
      vertex 29.6172 25.8985 -4.39225e-09
      vertex 25.4585 25.2892 -4.39225e-09
      vertex 27.478 21.6044 -4.39225e-09
    endloop
  endfacet
  facet normal -0 0 1
    outer loop
      vertex 42.5 4.33012 -4.39225e-09
      vertex 40 0 -4.39225e-09
      vertex 45 0 -4.39225e-09
    endloop
  endfacet
  facet normal 0 0 1
    outer loop
      vertex 34.9999 8.66041 -4.39225e-09
      vertex 32.4999 4.33025 -4.39225e-09
      vertex 37.5 4.33014 -4.39225e-09
    endloop
  endfacet
  facet normal -0 0 1
    outer loop
      vertex 39.9288 26.0095 -4.39225e-09
      vertex 42.495 21.6525 -4.39225e-09
      vertex 44.9918 25.9836 -4.39225e-09
    endloop
  endfacet
  facet normal -0 -0 1
    outer loop
      vertex 37.4661 21.6621 -4.39225e-09
      vertex 42.495 21.6525 -4.39225e-09
      vertex 39.9288 26.0095 -4.39225e-09
    endloop
  endfacet
  facet normal 0 -0 1
    outer loop
      vertex 37.4661 21.6621 -4.39225e-09
      vertex 39.9288 26.0095 -4.39225e-09
      vertex 34.7264 26.1012 -4.39225e-09
    endloop
  endfacet
  facet normal 0 -0 1
    outer loop
      vertex 8.65257 19.9824 -4.39225e-09
      vertex 8.65883 24.9973 -4.39225e-09
      vertex 4.32967 22.5003 -4.39225e-09
    endloop
  endfacet
  facet normal -0 0 1
    outer loop
      vertex 26.1266 34.6867 -4.39225e-09
      vertex 25.9869 29.5556 -4.39225e-09
      vertex 31.2483 31.1714 -4.39225e-09
    endloop
  endfacet
  facet normal 0 0 1
    outer loop
      vertex 49.9997 25.9811 -4.39225e-09
      vertex 47.4801 30.3208 -4.39225e-09
      vertex 44.9918 25.9836 -4.39225e-09
    endloop
  endfacet
  facet normal 0 -0 1
    outer loop
      vertex 4.33008 27.5001 -4.39225e-09
      vertex 8.66003 29.9996 -4.39225e-09
      vertex 4.33012 32.5 -4.39225e-09
    endloop
  endfacet
  facet normal -0 -0 1
    outer loop
      vertex 39.9288 26.0095 -4.39225e-09
      vertex 44.9918 25.9836 -4.39225e-09
      vertex 42.4059 30.3412 -4.39225e-09
    endloop
  endfacet
  facet normal 0 0 1
    outer loop
      vertex 37.1705 30.4538 -4.39225e-09
      vertex 34.7264 26.1012 -4.39225e-09
      vertex 39.9288 26.0095 -4.39225e-09
    endloop
  endfacet
  facet normal -0 0 1
    outer loop
      vertex 30.5762 37.1228 -4.39225e-09
      vertex 34.7878 34.5891 -4.39225e-09
      vertex 35.6841 39.4917 -4.39225e-09
    endloop
  endfacet
  facet normal -0 0 1
    outer loop
      vertex 44.8234 34.7153 -4.39225e-09
      vertex 47.4801 30.3208 -4.39225e-09
      vertex 49.9951 34.7142 -4.39225e-09
    endloop
  endfacet
  facet normal -0 -0 1
    outer loop
      vertex 30.4428 42.4043 -4.39225e-09
      vertex 35.6841 39.4917 -4.39225e-09
      vertex 34.8009 44.991 -4.39225e-09
    endloop
  endfacet
  facet normal 0 0 1
    outer loop
      vertex 30.3382 47.488 -4.39225e-09
      vertex 25.9901 44.988 -4.39225e-09
      vertex 30.4428 42.4043 -4.39225e-09
    endloop
  endfacet
  facet normal -0 0 1
    outer loop
      vertex 25.9821 49.9996 -4.39225e-09
      vertex 25.9901 44.988 -4.39225e-09
      vertex 30.3382 47.488 -4.39225e-09
    endloop
  endfacet
  facet normal 0 0 1
    outer loop
      vertex 34.7878 34.5891 -4.39225e-09
      vertex 31.2483 31.1714 -4.39225e-09
      vertex 37.1705 30.4538 -4.39225e-09
    endloop
  endfacet
  facet normal 0 0 1
    outer loop
      vertex 39.5066 34.7741 -4.39225e-09
      vertex 37.1705 30.4538 -4.39225e-09
      vertex 42.4059 30.3412 -4.39225e-09
    endloop
  endfacet
  facet normal -0 0 1
    outer loop
      vertex 35.6841 39.4917 -4.39225e-09
      vertex 34.7878 34.5891 -4.39225e-09
      vertex 39.5066 34.7741 -4.39225e-09
    endloop
  endfacet
  facet normal -0 0 1
    outer loop
      vertex 31.2483 31.1714 -4.39225e-09
      vertex 34.7264 26.1012 -4.39225e-09
      vertex 37.1705 30.4538 -4.39225e-09
    endloop
  endfacet
  facet normal -0 0 1
    outer loop
      vertex 8.66025 45 -4.39225e-09
      vertex 8.66025 40 -4.39225e-09
      vertex 12.9904 42.5 -4.39225e-09
    endloop
  endfacet
  facet normal -0 0 1
    outer loop
      vertex 30.5762 37.1228 -4.39225e-09
      vertex 31.2483 31.1714 -4.39225e-09
      vertex 34.7878 34.5891 -4.39225e-09
    endloop
  endfacet
  facet normal 0 -0 1
    outer loop
      vertex 30.5762 37.1228 -4.39225e-09
      vertex 35.6841 39.4917 -4.39225e-09
      vertex 30.4428 42.4043 -4.39225e-09
    endloop
  endfacet
  facet normal -0 0 1
    outer loop
      vertex 34.7878 34.5891 -4.39225e-09
      vertex 37.1705 30.4538 -4.39225e-09
      vertex 39.5066 34.7741 -4.39225e-09
    endloop
  endfacet
  facet normal 0 -0 1
    outer loop
      vertex 30.4428 42.4043 -4.39225e-09
      vertex 34.8009 44.991 -4.39225e-09
      vertex 30.3382 47.488 -4.39225e-09
    endloop
  endfacet
  facet normal -0 -0 1
    outer loop
      vertex 44.8234 34.7153 -4.39225e-09
      vertex 49.9951 34.7142 -4.39225e-09
      vertex 47.2215 39.2714 -4.39225e-09
    endloop
  endfacet
  facet normal 0 -0 1
    outer loop
      vertex 4.328 17.508 -4.39225e-09
      vertex 8.65257 19.9824 -4.39225e-09
      vertex 4.32967 22.5003 -4.39225e-09
    endloop
  endfacet
  facet normal 0 0 1
    outer loop
      vertex 34.8009 44.991 -4.39225e-09
      vertex 34.6945 50.0448 -4.39225e-09
      vertex 30.3382 47.488 -4.39225e-09
    endloop
  endfacet
  facet normal 0 0 1
    outer loop
      vertex 12.2629 4.51928 -4.39225e-09
      vertex 6.82828 4.50642 -4.39225e-09
      vertex 10 0 -4.39225e-09
    endloop
  endfacet
  facet normal 0 -0 1
    outer loop
      vertex 43.9311 44.4044 -4.39225e-09
      vertex 47.5363 47.6338 -4.39225e-09
      vertex 43.6542 50.0632 -4.39225e-09
    endloop
  endfacet
  facet normal -0 0 1
    outer loop
      vertex 4.33008 27.5001 -4.39225e-09
      vertex 8.65883 24.9973 -4.39225e-09
      vertex 8.66003 29.9996 -4.39225e-09
    endloop
  endfacet
  facet normal -0 0 1
    outer loop
      vertex 32.4999 4.33025 -4.39225e-09
      vertex 30 0 -4.39225e-09
      vertex 35 0 -4.39225e-09
    endloop
  endfacet
  facet normal 0 0 1
    outer loop
      vertex 44.8234 34.7153 -4.39225e-09
      vertex 42.4059 30.3412 -4.39225e-09
      vertex 47.4801 30.3208 -4.39225e-09
    endloop
  endfacet
  facet normal -0 0 1
    outer loop
      vertex 39.5066 34.7741 -4.39225e-09
      vertex 42.4059 30.3412 -4.39225e-09
      vertex 44.8234 34.7153 -4.39225e-09
    endloop
  endfacet
  facet normal -0 0 1
    outer loop
      vertex 56.1222 55.6081 -4.39225e-09
      vertex 56.5135 50.0816 -4.39225e-09
      vertex 60.9212 52.4888 -4.39225e-09
    endloop
  endfacet
  facet normal -0 0 1
    outer loop
      vertex 56.1222 55.6081 -4.39225e-09
      vertex 60.9212 52.4888 -4.39225e-09
      vertex 60.9871 56.9116 -4.39225e-09
    endloop
  endfacet
  facet normal -0 0 1
    outer loop
      vertex 34.8564 73.9324 -4.39225e-09
      vertex 31.5374 68.8753 -4.39225e-09
      vertex 37.2927 69.4432 -4.39225e-09
    endloop
  endfacet
  facet normal 0 0 1
    outer loop
      vertex 60.4622 65.1433 -4.39225e-09
      vertex 58.2187 60.7272 -4.39225e-09
      vertex 64.2916 60.4329 -4.39225e-09
    endloop
  endfacet
  facet normal 0 -0 1
    outer loop
      vertex 60.4057 34.7777 -4.39225e-09
      vertex 64.2275 39.4912 -4.39225e-09
      vertex 58.1935 39.2579 -4.39225e-09
    endloop
  endfacet
  facet normal 0 0 1
    outer loop
      vertex 62.8601 69.3829 -4.39225e-09
      vertex 57.59 69.6272 -4.39225e-09
      vertex 60.4622 65.1433 -4.39225e-09
    endloop
  endfacet
  facet normal 0 0 1
    outer loop
      vertex 62.6401 30.4031 -4.39225e-09
      vertex 57.5634 30.3388 -4.39225e-09
      vertex 60.0129 25.9889 -4.39225e-09
    endloop
  endfacet
  facet normal -0 0 1
    outer loop
      vertex 60.4057 34.7777 -4.39225e-09
      vertex 57.5634 30.3388 -4.39225e-09
      vertex 62.6401 30.4031 -4.39225e-09
    endloop
  endfacet
  facet normal 0 0 1
    outer loop
      vertex 13.0036 72.5228 -4.39225e-09
      vertex 8.66097 70.001 -4.39225e-09
      vertex 12.9922 67.5023 -4.39225e-09
    endloop
  endfacet
  facet normal 0 -0 1
    outer loop
      vertex 58.1935 39.2579 -4.39225e-09
      vertex 64.2275 39.4912 -4.39225e-09
      vertex 60.96 43.072 -4.39225e-09
    endloop
  endfacet
  facet normal -0 0 1
    outer loop
      vertex 58.2187 60.7272 -4.39225e-09
      vertex 60.9871 56.9116 -4.39225e-09
      vertex 64.2916 60.4329 -4.39225e-09
    endloop
  endfacet
  facet normal -0 -0 1
    outer loop
      vertex 57.59 69.6272 -4.39225e-09
      vertex 62.8601 69.3829 -4.39225e-09
      vertex 60.0847 73.9432 -4.39225e-09
    endloop
  endfacet
  facet normal -0 0 1
    outer loop
      vertex 21.662 72.5702 -4.39225e-09
      vertex 21.6955 67.5834 -4.39225e-09
      vertex 26.0684 70.4389 -4.39225e-09
    endloop
  endfacet
  facet normal -0 0 1
    outer loop
      vertex 39.9774 73.9974 -4.39225e-09
      vertex 37.2927 69.4432 -4.39225e-09
      vertex 42.4415 69.5633 -4.39225e-09
    endloop
  endfacet
  facet normal 0 0 1
    outer loop
      vertex 8.66097 70.001 -4.39225e-09
      vertex 4.33021 72.5001 -4.39225e-09
      vertex 4.33012 67.5 -4.39225e-09
    endloop
  endfacet
  facet normal -0 0 1
    outer loop
      vertex 13.0036 72.5228 -4.39225e-09
      vertex 12.9922 67.5023 -4.39225e-09
      vertex 17.337 70.0268 -4.39225e-09
    endloop
  endfacet
  facet normal -0 0 1
    outer loop
      vertex 0 70 -4.39225e-09
      vertex 4.33012 67.5 -4.39225e-09
      vertex 4.33021 72.5001 -4.39225e-09
    endloop
  endfacet
  facet normal -0 -0 1
    outer loop
      vertex 17.337 70.0268 -4.39225e-09
      vertex 21.6955 67.5834 -4.39225e-09
      vertex 21.662 72.5702 -4.39225e-09
    endloop
  endfacet
  facet normal -0 0 1
    outer loop
      vertex 62.5061 21.6544 -4.39225e-09
      vertex 60.0001 17.3206 -4.39225e-09
      vertex 65.0037 17.3231 -4.39225e-09
    endloop
  endfacet
  facet normal 0 -0 1
    outer loop
      vertex 60 8.66027 -4.39225e-09
      vertex 65.0003 8.66046 -4.39225e-09
      vertex 62.5002 12.9906 -4.39225e-09
    endloop
  endfacet
  facet normal -0 0 1
    outer loop
      vertex 60.0129 25.9889 -4.39225e-09
      vertex 62.5061 21.6544 -4.39225e-09
      vertex 65.1198 26.0579 -4.39225e-09
    endloop
  endfacet
  facet normal 0 -0 1
    outer loop
      vertex 62.5002 12.9906 -4.39225e-09
      vertex 65.0037 17.3231 -4.39225e-09
      vertex 60.0001 17.3206 -4.39225e-09
    endloop
  endfacet
  facet normal -0 0 1
    outer loop
      vertex 62.5 4.33013 -4.39225e-09
      vertex 60 0 -4.39225e-09
      vertex 65 0 -4.39225e-09
    endloop
  endfacet
  facet normal 0 -0 1
    outer loop
      vertex 60.9212 52.4888 -4.39225e-09
      vertex 65.1942 55.003 -4.39225e-09
      vertex 60.9871 56.9116 -4.39225e-09
    endloop
  endfacet
  facet normal 0 -0 1
    outer loop
      vertex 62.5 4.33013 -4.39225e-09
      vertex 65.0003 8.66046 -4.39225e-09
      vertex 60 8.66027 -4.39225e-09
    endloop
  endfacet
  facet normal -0 0 1
    outer loop
      vertex 62.6401 30.4031 -4.39225e-09
      vertex 60.0129 25.9889 -4.39225e-09
      vertex 65.1198 26.0579 -4.39225e-09
    endloop
  endfacet
  facet normal 0 -0 1
    outer loop
      vertex 60.9223 47.4974 -4.39225e-09
      vertex 65.3024 49.9924 -4.39225e-09
      vertex 60.9212 52.4888 -4.39225e-09
    endloop
  endfacet
  facet normal -0 0 1
    outer loop
      vertex 60.9223 47.4974 -4.39225e-09
      vertex 60.96 43.072 -4.39225e-09
      vertex 65.1767 44.9733 -4.39225e-09
    endloop
  endfacet
  facet normal 0 -0 1
    outer loop
      vertex 42.4415 69.5633 -4.39225e-09
      vertex 47.5004 69.677 -4.39225e-09
      vertex 44.9956 74.0124 -4.39225e-09
    endloop
  endfacet
  facet normal -0 0 1
    outer loop
      vertex 34.8564 73.9324 -4.39225e-09
      vertex 37.2927 69.4432 -4.39225e-09
      vertex 39.9774 73.9974 -4.39225e-09
    endloop
  endfacet
  facet normal -0 0 1
    outer loop
      vertex 8.66409 75.0087 -4.39225e-09
      vertex 8.66097 70.001 -4.39225e-09
      vertex 13.0036 72.5228 -4.39225e-09
    endloop
  endfacet
  facet normal -0 0 1
    outer loop
      vertex 50.0011 74.0182 -4.39225e-09
      vertex 52.5184 69.6758 -4.39225e-09
      vertex 55.0092 74.0112 -4.39225e-09
    endloop
  endfacet
  facet normal -0 0 1
    outer loop
      vertex 4.33021 72.5001 -4.39225e-09
      vertex 8.66097 70.001 -4.39225e-09
      vertex 8.66409 75.0087 -4.39225e-09
    endloop
  endfacet
  facet normal 0 -0 1
    outer loop
      vertex 0 70 -4.39225e-09
      vertex 4.33021 72.5001 -4.39225e-09
      vertex 0 75 -4.39225e-09
    endloop
  endfacet
  facet normal -0 -0 1
    outer loop
      vertex 47.5004 69.677 -4.39225e-09
      vertex 52.5184 69.6758 -4.39225e-09
      vertex 50.0011 74.0182 -4.39225e-09
    endloop
  endfacet
  facet normal -0 -0 1
    outer loop
      vertex 52.5184 69.6758 -4.39225e-09
      vertex 57.59 69.6272 -4.39225e-09
      vertex 55.0092 74.0112 -4.39225e-09
    endloop
  endfacet
  facet normal -0 -0 1
    outer loop
      vertex 26.0684 70.4389 -4.39225e-09
      vertex 31.5374 68.8753 -4.39225e-09
      vertex 29.7258 74.0807 -4.39225e-09
    endloop
  endfacet
  facet normal 0 0 1
    outer loop
      vertex 34.8564 73.9324 -4.39225e-09
      vertex 29.7258 74.0807 -4.39225e-09
      vertex 31.5374 68.8753 -4.39225e-09
    endloop
  endfacet
  facet normal 0 -0 1
    outer loop
      vertex 26.0684 70.4389 -4.39225e-09
      vertex 29.7258 74.0807 -4.39225e-09
      vertex 25.3799 74.6094 -4.39225e-09
    endloop
  endfacet
  facet normal -0 0 1
    outer loop
      vertex 44.9956 74.0124 -4.39225e-09
      vertex 47.5004 69.677 -4.39225e-09
      vertex 50.0011 74.0182 -4.39225e-09
    endloop
  endfacet
  facet normal -0 0 1
    outer loop
      vertex 17.4105 75.1455 -4.39225e-09
      vertex 17.337 70.0268 -4.39225e-09
      vertex 21.662 72.5702 -4.39225e-09
    endloop
  endfacet
  facet normal -0 0 1
    outer loop
      vertex 39.9774 73.9974 -4.39225e-09
      vertex 42.4415 69.5633 -4.39225e-09
      vertex 44.9956 74.0124 -4.39225e-09
    endloop
  endfacet
  facet normal 0 -0 1
    outer loop
      vertex 57.59 69.6272 -4.39225e-09
      vertex 60.0847 73.9432 -4.39225e-09
      vertex 55.0092 74.0112 -4.39225e-09
    endloop
  endfacet
  facet normal -0 0 1
    outer loop
      vertex 13.0036 72.5228 -4.39225e-09
      vertex 17.337 70.0268 -4.39225e-09
      vertex 17.4105 75.1455 -4.39225e-09
    endloop
  endfacet
  facet normal -0 -0 1
    outer loop
      vertex 21.662 72.5702 -4.39225e-09
      vertex 26.0684 70.4389 -4.39225e-09
      vertex 25.3799 74.6094 -4.39225e-09
    endloop
  endfacet
  facet normal -0 -0 1
    outer loop
      vertex 52.5004 78.349 -4.39225e-09
      vertex 57.509 78.3409 -4.39225e-09
      vertex 55.0004 82.6791 -4.39225e-09
    endloop
  endfacet
  facet normal 0 0 1
    outer loop
      vertex 27.5 95.6696 -4.39225e-09
      vertex 22.4997 95.6666 -4.39225e-09
      vertex 25.0021 91.333 -4.39225e-09
    endloop
  endfacet
  facet normal 0 0 1
    outer loop
      vertex 52.5 95.6699 -4.39225e-09
      vertex 50 100 -4.39225e-09
      vertex 47.5 95.6699 -4.39225e-09
    endloop
  endfacet
  facet normal 0 0 1
    outer loop
      vertex 17.3486 86.1924 -4.39225e-09
      vertex 12.9963 82.7271 -4.39225e-09
      vertex 17.293 80.3827 -4.39225e-09
    endloop
  endfacet
  facet normal -0 0 1
    outer loop
      vertex 17.503 95.6619 -4.39225e-09
      vertex 14.9881 91.2382 -4.39225e-09
      vertex 19.9888 91.2527 -4.39225e-09
    endloop
  endfacet
  facet normal 0 -0 1
    outer loop
      vertex 12.529 95.6443 -4.39225e-09
      vertex 15 100 -4.39225e-09
      vertex 10 100 -4.39225e-09
    endloop
  endfacet
  facet normal 0 -0 1
    outer loop
      vertex 50 82.6795 -4.39225e-09
      vertex 52.5 87.0096 -4.39225e-09
      vertex 47.5 87.0096 -4.39225e-09
    endloop
  endfacet
  facet normal 0 0 1
    outer loop
      vertex 47.5 95.6699 -4.39225e-09
      vertex 45 100 -4.39225e-09
      vertex 42.5 95.6699 -4.39225e-09
    endloop
  endfacet
  facet normal 0 0 1
    outer loop
      vertex 22.4997 95.6666 -4.39225e-09
      vertex 17.503 95.6619 -4.39225e-09
      vertex 19.9888 91.2527 -4.39225e-09
    endloop
  endfacet
  facet normal -0 0 1
    outer loop
      vertex 0 85 -4.39225e-09
      vertex 4.36659 82.5373 -4.39225e-09
      vertex 4.52089 87.7376 -4.39225e-09
    endloop
  endfacet
  facet normal 0 -0 1
    outer loop
      vertex 8.23106 95.8975 -4.39225e-09
      vertex 10 100 -4.39225e-09
      vertex 5 100 -4.39225e-09
    endloop
  endfacet
  facet normal 0 -0 1
    outer loop
      vertex 0 85 -4.39225e-09
      vertex 4.52089 87.7376 -4.39225e-09
      vertex 0 90 -4.39225e-09
    endloop
  endfacet
  facet normal 0 -0 1
    outer loop
      vertex 22.4997 95.6666 -4.39225e-09
      vertex 25 100 -4.39225e-09
      vertex 20 100 -4.39225e-09
    endloop
  endfacet
  facet normal 0 0 1
    outer loop
      vertex 60 100 -4.39225e-09
      vertex 55 100 -4.39225e-09
      vertex 57.5 95.6699 -4.39225e-09
    endloop
  endfacet
  facet normal 0 0 1
    outer loop
      vertex 42.5 95.6699 -4.39225e-09
      vertex 37.5 95.6699 -4.39225e-09
      vertex 40 91.3397 -4.39225e-09
    endloop
  endfacet
  facet normal 0 0 1
    outer loop
      vertex 12.529 95.6443 -4.39225e-09
      vertex 8.23106 95.8975 -4.39225e-09
      vertex 9.55138 90.927 -4.39225e-09
    endloop
  endfacet
  facet normal -0 0 1
    outer loop
      vertex 4.36659 82.5373 -4.39225e-09
      vertex 8.68322 80.0433 -4.39225e-09
      vertex 8.81911 85.1727 -4.39225e-09
    endloop
  endfacet
  facet normal -0 0 1
    outer loop
      vertex 52.5 95.6699 -4.39225e-09
      vertex 55 91.3397 -4.39225e-09
      vertex 57.5 95.6699 -4.39225e-09
    endloop
  endfacet
  facet normal 0 -0 1
    outer loop
      vertex 8.81911 85.1727 -4.39225e-09
      vertex 9.55138 90.927 -4.39225e-09
      vertex 4.52089 87.7376 -4.39225e-09
    endloop
  endfacet
  facet normal -0 0 1
    outer loop
      vertex 55 100 -4.39225e-09
      vertex 52.5 95.6699 -4.39225e-09
      vertex 57.5 95.6699 -4.39225e-09
    endloop
  endfacet
  facet normal 0 0 1
    outer loop
      vertex 42.5 87.0096 -4.39225e-09
      vertex 40 91.3397 -4.39225e-09
      vertex 37.5 87.0096 -4.39225e-09
    endloop
  endfacet
  facet normal 0 0 1
    outer loop
      vertex 35 91.3397 -4.39225e-09
      vertex 32.5 95.6699 -4.39225e-09
      vertex 30.0002 91.3395 -4.39225e-09
    endloop
  endfacet
  facet normal 0 -0 1
    outer loop
      vertex 0 75 -4.39225e-09
      vertex 4.33272 77.5031 -4.39225e-09
      vertex 0 80 -4.39225e-09
    endloop
  endfacet
  facet normal 0 0 1
    outer loop
      vertex 62.5 95.6699 -4.39225e-09
      vertex 57.5 95.6699 -4.39225e-09
      vertex 60 91.3397 -4.39225e-09
    endloop
  endfacet
  facet normal -0 -0 1
    outer loop
      vertex 57.5 87.0096 -4.39225e-09
      vertex 62.5001 87.0094 -4.39225e-09
      vertex 60 91.3397 -4.39225e-09
    endloop
  endfacet
  facet normal 0 0 1
    outer loop
      vertex 47.5 78.3493 -4.39225e-09
      vertex 42.4994 78.3491 -4.39225e-09
      vertex 44.9956 74.0124 -4.39225e-09
    endloop
  endfacet
  facet normal 0 -0 1
    outer loop
      vertex 17.4105 75.1455 -4.39225e-09
      vertex 22.1694 78.0781 -4.39225e-09
      vertex 17.293 80.3827 -4.39225e-09
    endloop
  endfacet
  facet normal 0 0 1
    outer loop
      vertex 55 100 -4.39225e-09
      vertex 50 100 -4.39225e-09
      vertex 52.5 95.6699 -4.39225e-09
    endloop
  endfacet
  facet normal 0 0 1
    outer loop
      vertex 12.529 95.6443 -4.39225e-09
      vertex 10 100 -4.39225e-09
      vertex 8.23106 95.8975 -4.39225e-09
    endloop
  endfacet
  facet normal 0 -0 1
    outer loop
      vertex 0 80 -4.39225e-09
      vertex 4.36659 82.5373 -4.39225e-09
      vertex 0 85 -4.39225e-09
    endloop
  endfacet
  facet normal 0 0 1
    outer loop
      vertex 17.503 95.6619 -4.39225e-09
      vertex 15 100 -4.39225e-09
      vertex 12.529 95.6443 -4.39225e-09
    endloop
  endfacet
  facet normal -0 0 1
    outer loop
      vertex 19.9888 91.2527 -4.39225e-09
      vertex 22.5614 86.9372 -4.39225e-09
      vertex 25.0021 91.333 -4.39225e-09
    endloop
  endfacet
  facet normal 0 -0 1
    outer loop
      vertex 22.4997 95.6666 -4.39225e-09
      vertex 27.5 95.6696 -4.39225e-09
      vertex 25 100 -4.39225e-09
    endloop
  endfacet
  facet normal -0 0 1
    outer loop
      vertex 30.0002 91.3395 -4.39225e-09
      vertex 32.5004 87.0093 -4.39225e-09
      vertex 35 91.3397 -4.39225e-09
    endloop
  endfacet
  facet normal -0 0 1
    outer loop
      vertex 50 91.3397 -4.39225e-09
      vertex 47.5 87.0096 -4.39225e-09
      vertex 52.5 87.0096 -4.39225e-09
    endloop
  endfacet
  facet normal 0 0 1
    outer loop
      vertex 12.7993 87.2722 -4.39225e-09
      vertex 9.55138 90.927 -4.39225e-09
      vertex 8.81911 85.1727 -4.39225e-09
    endloop
  endfacet
  facet normal 0 0 1
    outer loop
      vertex 17.3486 86.1924 -4.39225e-09
      vertex 12.7993 87.2722 -4.39225e-09
      vertex 12.9963 82.7271 -4.39225e-09
    endloop
  endfacet
  facet normal 0 0 1
    outer loop
      vertex 42.4994 78.3491 -4.39225e-09
      vertex 39.9999 82.6795 -4.39225e-09
      vertex 37.4898 78.3465 -4.39225e-09
    endloop
  endfacet
  facet normal 0 0 1
    outer loop
      vertex 42.5 87.0096 -4.39225e-09
      vertex 37.5 87.0096 -4.39225e-09
      vertex 39.9999 82.6795 -4.39225e-09
    endloop
  endfacet
  facet normal -0 0 1
    outer loop
      vertex 0 80 -4.39225e-09
      vertex 4.33272 77.5031 -4.39225e-09
      vertex 4.36659 82.5373 -4.39225e-09
    endloop
  endfacet
  facet normal 0 -0 1
    outer loop
      vertex 52.5004 78.349 -4.39225e-09
      vertex 55.0004 82.6791 -4.39225e-09
      vertex 50 82.6795 -4.39225e-09
    endloop
  endfacet
  facet normal 0 0 1
    outer loop
      vertex 34.999 82.6797 -4.39225e-09
      vertex 32.5004 87.0093 -4.39225e-09
      vertex 30.0041 82.6777 -4.39225e-09
    endloop
  endfacet
  facet normal 0 -0 1
    outer loop
      vertex 4.33272 77.5031 -4.39225e-09
      vertex 8.68322 80.0433 -4.39225e-09
      vertex 4.36659 82.5373 -4.39225e-09
    endloop
  endfacet
  facet normal 0 -0 1
    outer loop
      vertex 32.5 95.6699 -4.39225e-09
      vertex 37.5 95.6699 -4.39225e-09
      vertex 35 100 -4.39225e-09
    endloop
  endfacet
  facet normal 0 0 1
    outer loop
      vertex 12.9963 82.7271 -4.39225e-09
      vertex 8.81911 85.1727 -4.39225e-09
      vertex 8.68322 80.0433 -4.39225e-09
    endloop
  endfacet
  facet normal 0 -0 1
    outer loop
      vertex 45 82.6795 -4.39225e-09
      vertex 47.5 87.0096 -4.39225e-09
      vertex 42.5 87.0096 -4.39225e-09
    endloop
  endfacet
  facet normal 0 0 1
    outer loop
      vertex 50 82.6795 -4.39225e-09
      vertex 47.5 87.0096 -4.39225e-09
      vertex 45 82.6795 -4.39225e-09
    endloop
  endfacet
  facet normal -0 -0 1
    outer loop
      vertex 20.7869 82.837 -4.39225e-09
      vertex 25.0483 82.6594 -4.39225e-09
      vertex 22.5614 86.9372 -4.39225e-09
    endloop
  endfacet
  facet normal -0 -0 1
    outer loop
      vertex 39.9999 82.6795 -4.39225e-09
      vertex 45 82.6795 -4.39225e-09
      vertex 42.5 87.0096 -4.39225e-09
    endloop
  endfacet
  facet normal -0 0 1
    outer loop
      vertex 55 91.3397 -4.39225e-09
      vertex 57.5 87.0096 -4.39225e-09
      vertex 60 91.3397 -4.39225e-09
    endloop
  endfacet
  facet normal 0 -0 1
    outer loop
      vertex 17.503 95.6619 -4.39225e-09
      vertex 20 100 -4.39225e-09
      vertex 15 100 -4.39225e-09
    endloop
  endfacet
  facet normal 0 -0 1
    outer loop
      vertex 37.5 87.0096 -4.39225e-09
      vertex 40 91.3397 -4.39225e-09
      vertex 35 91.3397 -4.39225e-09
    endloop
  endfacet
  facet normal -0 0 1
    outer loop
      vertex 30.0041 82.6777 -4.39225e-09
      vertex 32.4691 78.3538 -4.39225e-09
      vertex 34.999 82.6797 -4.39225e-09
    endloop
  endfacet
  facet normal 0 0 1
    outer loop
      vertex 30.0041 82.6777 -4.39225e-09
      vertex 27.4844 78.3764 -4.39225e-09
      vertex 32.4691 78.3538 -4.39225e-09
    endloop
  endfacet
  facet normal -0 0 1
    outer loop
      vertex 19.9888 91.2527 -4.39225e-09
      vertex 17.3486 86.1924 -4.39225e-09
      vertex 22.5614 86.9372 -4.39225e-09
    endloop
  endfacet
  facet normal -0 0 1
    outer loop
      vertex 27.5087 87.0006 -4.39225e-09
      vertex 25.0483 82.6594 -4.39225e-09
      vertex 30.0041 82.6777 -4.39225e-09
    endloop
  endfacet
  facet normal 0 0 1
    outer loop
      vertex 34.999 82.6797 -4.39225e-09
      vertex 32.4691 78.3538 -4.39225e-09
      vertex 37.4898 78.3465 -4.39225e-09
    endloop
  endfacet
  facet normal 0 0 1
    outer loop
      vertex 19.9888 91.2527 -4.39225e-09
      vertex 14.9881 91.2382 -4.39225e-09
      vertex 17.3486 86.1924 -4.39225e-09
    endloop
  endfacet
  facet normal -0 0 1
    outer loop
      vertex 45 82.6795 -4.39225e-09
      vertex 42.4994 78.3491 -4.39225e-09
      vertex 47.5 78.3493 -4.39225e-09
    endloop
  endfacet
  facet normal 0 -0 1
    outer loop
      vertex 37.5 95.6699 -4.39225e-09
      vertex 40 100 -4.39225e-09
      vertex 35 100 -4.39225e-09
    endloop
  endfacet
  facet normal 0 0 1
    outer loop
      vertex 13.0027 77.5772 -4.39225e-09
      vertex 12.9963 82.7271 -4.39225e-09
      vertex 8.68322 80.0433 -4.39225e-09
    endloop
  endfacet
  facet normal -0 0 1
    outer loop
      vertex 52.5 95.6699 -4.39225e-09
      vertex 50 91.3397 -4.39225e-09
      vertex 55 91.3397 -4.39225e-09
    endloop
  endfacet
  facet normal 0 -0 1
    outer loop
      vertex 27.4844 78.3764 -4.39225e-09
      vertex 30.0041 82.6777 -4.39225e-09
      vertex 25.0483 82.6594 -4.39225e-09
    endloop
  endfacet
  facet normal -0 0 1
    outer loop
      vertex 20.7869 82.837 -4.39225e-09
      vertex 22.1694 78.0781 -4.39225e-09
      vertex 25.0483 82.6594 -4.39225e-09
    endloop
  endfacet
  facet normal -0 0 1
    outer loop
      vertex 34.999 82.6797 -4.39225e-09
      vertex 37.4898 78.3465 -4.39225e-09
      vertex 39.9999 82.6795 -4.39225e-09
    endloop
  endfacet
  facet normal 0 0 1
    outer loop
      vertex 17.503 95.6619 -4.39225e-09
      vertex 12.529 95.6443 -4.39225e-09
      vertex 14.9881 91.2382 -4.39225e-09
    endloop
  endfacet
  facet normal 0 -0 1
    outer loop
      vertex 55.0004 82.6791 -4.39225e-09
      vertex 57.5 87.0096 -4.39225e-09
      vertex 52.5 87.0096 -4.39225e-09
    endloop
  endfacet
  facet normal 0 -0 1
    outer loop
      vertex 0 95 -4.39225e-09
      vertex 5 100 -4.39225e-09
      vertex 0 100 -4.39225e-09
    endloop
  endfacet
  facet normal 0 0 1
    outer loop
      vertex 45 82.6795 -4.39225e-09
      vertex 39.9999 82.6795 -4.39225e-09
      vertex 42.4994 78.3491 -4.39225e-09
    endloop
  endfacet
  facet normal 0 -0 1
    outer loop
      vertex 0 90 -4.39225e-09
      vertex 4.53094 93.1748 -4.39225e-09
      vertex 0 95 -4.39225e-09
    endloop
  endfacet
  facet normal 0 -0 1
    outer loop
      vertex 55 91.3397 -4.39225e-09
      vertex 60 91.3397 -4.39225e-09
      vertex 57.5 95.6699 -4.39225e-09
    endloop
  endfacet
  facet normal 0 -0 1
    outer loop
      vertex 4.53094 93.1748 -4.39225e-09
      vertex 5 100 -4.39225e-09
      vertex 0 95 -4.39225e-09
    endloop
  endfacet
  facet normal 0 -0 1
    outer loop
      vertex 4.36659 82.5373 -4.39225e-09
      vertex 8.81911 85.1727 -4.39225e-09
      vertex 4.52089 87.7376 -4.39225e-09
    endloop
  endfacet
  facet normal 0 0 1
    outer loop
      vertex 8.23106 95.8975 -4.39225e-09
      vertex 5 100 -4.39225e-09
      vertex 4.53094 93.1748 -4.39225e-09
    endloop
  endfacet
  facet normal 0 -0 1
    outer loop
      vertex 27.5 95.6696 -4.39225e-09
      vertex 30 100 -4.39225e-09
      vertex 25 100 -4.39225e-09
    endloop
  endfacet
  facet normal 0 -0 1
    outer loop
      vertex 22.1694 78.0781 -4.39225e-09
      vertex 27.4844 78.3764 -4.39225e-09
      vertex 25.0483 82.6594 -4.39225e-09
    endloop
  endfacet
  facet normal 0 -0 1
    outer loop
      vertex 32.5 95.6699 -4.39225e-09
      vertex 35 100 -4.39225e-09
      vertex 30 100 -4.39225e-09
    endloop
  endfacet
  facet normal 0 -0 1
    outer loop
      vertex 57.509 78.3409 -4.39225e-09
      vertex 60.0016 82.6778 -4.39225e-09
      vertex 55.0004 82.6791 -4.39225e-09
    endloop
  endfacet
  facet normal 0 0 1
    outer loop
      vertex 32.5 95.6699 -4.39225e-09
      vertex 27.5 95.6696 -4.39225e-09
      vertex 30.0002 91.3395 -4.39225e-09
    endloop
  endfacet
  facet normal 0 0 1
    outer loop
      vertex 22.1694 78.0781 -4.39225e-09
      vertex 20.7869 82.837 -4.39225e-09
      vertex 17.293 80.3827 -4.39225e-09
    endloop
  endfacet
  facet normal -0 0 1
    outer loop
      vertex 22.4997 95.6666 -4.39225e-09
      vertex 19.9888 91.2527 -4.39225e-09
      vertex 25.0021 91.333 -4.39225e-09
    endloop
  endfacet
  facet normal 0 0 1
    outer loop
      vertex 55 91.3397 -4.39225e-09
      vertex 52.5 87.0096 -4.39225e-09
      vertex 57.5 87.0096 -4.39225e-09
    endloop
  endfacet
  facet normal 0 0 1
    outer loop
      vertex 50 82.6795 -4.39225e-09
      vertex 45 82.6795 -4.39225e-09
      vertex 47.5 78.3493 -4.39225e-09
    endloop
  endfacet
  facet normal 0 -0 1
    outer loop
      vertex 47.5 95.6699 -4.39225e-09
      vertex 50 100 -4.39225e-09
      vertex 45 100 -4.39225e-09
    endloop
  endfacet
  facet normal -0 -0 1
    outer loop
      vertex 4.53094 93.1748 -4.39225e-09
      vertex 9.55138 90.927 -4.39225e-09
      vertex 8.23106 95.8975 -4.39225e-09
    endloop
  endfacet
  facet normal -0 0 1
    outer loop
      vertex 27.5 95.6696 -4.39225e-09
      vertex 25.0021 91.333 -4.39225e-09
      vertex 30.0002 91.3395 -4.39225e-09
    endloop
  endfacet
  facet normal 0 0 1
    outer loop
      vertex 45 91.3397 -4.39225e-09
      vertex 40 91.3397 -4.39225e-09
      vertex 42.5 87.0096 -4.39225e-09
    endloop
  endfacet
  facet normal -0 0 1
    outer loop
      vertex 27.5087 87.0006 -4.39225e-09
      vertex 30.0041 82.6777 -4.39225e-09
      vertex 32.5004 87.0093 -4.39225e-09
    endloop
  endfacet
  facet normal -0 0 1
    outer loop
      vertex 4.53094 93.1748 -4.39225e-09
      vertex 4.52089 87.7376 -4.39225e-09
      vertex 9.55138 90.927 -4.39225e-09
    endloop
  endfacet
  facet normal 0 -0 1
    outer loop
      vertex 27.5087 87.0006 -4.39225e-09
      vertex 32.5004 87.0093 -4.39225e-09
      vertex 30.0002 91.3395 -4.39225e-09
    endloop
  endfacet
  facet normal 0 0 1
    outer loop
      vertex 17.293 80.3827 -4.39225e-09
      vertex 12.9963 82.7271 -4.39225e-09
      vertex 13.0027 77.5772 -4.39225e-09
    endloop
  endfacet
  facet normal 0 0 1
    outer loop
      vertex 37.5 87.0096 -4.39225e-09
      vertex 32.5004 87.0093 -4.39225e-09
      vertex 34.999 82.6797 -4.39225e-09
    endloop
  endfacet
  facet normal 0 0 1
    outer loop
      vertex 45 91.3397 -4.39225e-09
      vertex 42.5 95.6699 -4.39225e-09
      vertex 40 91.3397 -4.39225e-09
    endloop
  endfacet
  facet normal -0 0 1
    outer loop
      vertex 50 91.3397 -4.39225e-09
      vertex 52.5 87.0096 -4.39225e-09
      vertex 55 91.3397 -4.39225e-09
    endloop
  endfacet
  facet normal 0 0 1
    outer loop
      vertex 12.7993 87.2722 -4.39225e-09
      vertex 8.81911 85.1727 -4.39225e-09
      vertex 12.9963 82.7271 -4.39225e-09
    endloop
  endfacet
  facet normal 0 0 1
    outer loop
      vertex 50 91.3397 -4.39225e-09
      vertex 45 91.3397 -4.39225e-09
      vertex 47.5 87.0096 -4.39225e-09
    endloop
  endfacet
  facet normal -0 0 1
    outer loop
      vertex 47.5 95.6699 -4.39225e-09
      vertex 50 91.3397 -4.39225e-09
      vertex 52.5 95.6699 -4.39225e-09
    endloop
  endfacet
  facet normal -0 0 1
    outer loop
      vertex 17.3486 86.1924 -4.39225e-09
      vertex 20.7869 82.837 -4.39225e-09
      vertex 22.5614 86.9372 -4.39225e-09
    endloop
  endfacet
  facet normal 0 -0 1
    outer loop
      vertex 42.5 95.6699 -4.39225e-09
      vertex 45 100 -4.39225e-09
      vertex 40 100 -4.39225e-09
    endloop
  endfacet
  facet normal -0 0 1
    outer loop
      vertex 37.5 95.6699 -4.39225e-09
      vertex 35 91.3397 -4.39225e-09
      vertex 40 91.3397 -4.39225e-09
    endloop
  endfacet
  facet normal 0 0 1
    outer loop
      vertex 50 82.6795 -4.39225e-09
      vertex 47.5 78.3493 -4.39225e-09
      vertex 52.5004 78.349 -4.39225e-09
    endloop
  endfacet
  facet normal 0 0 1
    outer loop
      vertex 14.9881 91.2382 -4.39225e-09
      vertex 12.7993 87.2722 -4.39225e-09
      vertex 17.3486 86.1924 -4.39225e-09
    endloop
  endfacet
  facet normal 0 0 1
    outer loop
      vertex 42.5 95.6699 -4.39225e-09
      vertex 40 100 -4.39225e-09
      vertex 37.5 95.6699 -4.39225e-09
    endloop
  endfacet
  facet normal 0 0 1
    outer loop
      vertex 47.5 87.0096 -4.39225e-09
      vertex 45 91.3397 -4.39225e-09
      vertex 42.5 87.0096 -4.39225e-09
    endloop
  endfacet
  facet normal 0 0 1
    outer loop
      vertex 14.9881 91.2382 -4.39225e-09
      vertex 9.55138 90.927 -4.39225e-09
      vertex 12.7993 87.2722 -4.39225e-09
    endloop
  endfacet
  facet normal 0 0 1
    outer loop
      vertex 32.5 95.6699 -4.39225e-09
      vertex 30 100 -4.39225e-09
      vertex 27.5 95.6696 -4.39225e-09
    endloop
  endfacet
  facet normal -0 0 1
    outer loop
      vertex 25.0021 91.333 -4.39225e-09
      vertex 22.5614 86.9372 -4.39225e-09
      vertex 27.5087 87.0006 -4.39225e-09
    endloop
  endfacet
  facet normal 0 -0 1
    outer loop
      vertex 32.5004 87.0093 -4.39225e-09
      vertex 37.5 87.0096 -4.39225e-09
      vertex 35 91.3397 -4.39225e-09
    endloop
  endfacet
  facet normal 0 0 1
    outer loop
      vertex 37.5 87.0096 -4.39225e-09
      vertex 34.999 82.6797 -4.39225e-09
      vertex 39.9999 82.6795 -4.39225e-09
    endloop
  endfacet
  facet normal 0 0 1
    outer loop
      vertex 14.9881 91.2382 -4.39225e-09
      vertex 12.529 95.6443 -4.39225e-09
      vertex 9.55138 90.927 -4.39225e-09
    endloop
  endfacet
  facet normal -0 0 1
    outer loop
      vertex 25.0021 91.333 -4.39225e-09
      vertex 27.5087 87.0006 -4.39225e-09
      vertex 30.0002 91.3395 -4.39225e-09
    endloop
  endfacet
  facet normal -0 0 1
    outer loop
      vertex 17.3486 86.1924 -4.39225e-09
      vertex 17.293 80.3827 -4.39225e-09
      vertex 20.7869 82.837 -4.39225e-09
    endloop
  endfacet
  facet normal 0 -0 1
    outer loop
      vertex 25.0483 82.6594 -4.39225e-09
      vertex 27.5087 87.0006 -4.39225e-09
      vertex 22.5614 86.9372 -4.39225e-09
    endloop
  endfacet
  facet normal -0 -0 1
    outer loop
      vertex 50 82.6795 -4.39225e-09
      vertex 55.0004 82.6791 -4.39225e-09
      vertex 52.5 87.0096 -4.39225e-09
    endloop
  endfacet
  facet normal 0 0 1
    outer loop
      vertex 37.5 95.6699 -4.39225e-09
      vertex 32.5 95.6699 -4.39225e-09
      vertex 35 91.3397 -4.39225e-09
    endloop
  endfacet
  facet normal 0 0 1
    outer loop
      vertex 60.0016 82.6778 -4.39225e-09
      vertex 57.5 87.0096 -4.39225e-09
      vertex 55.0004 82.6791 -4.39225e-09
    endloop
  endfacet
  facet normal 0 0 1
    outer loop
      vertex 47.5 95.6699 -4.39225e-09
      vertex 42.5 95.6699 -4.39225e-09
      vertex 45 91.3397 -4.39225e-09
    endloop
  endfacet
  facet normal -0 0 1
    outer loop
      vertex 47.5 95.6699 -4.39225e-09
      vertex 45 91.3397 -4.39225e-09
      vertex 50 91.3397 -4.39225e-09
    endloop
  endfacet
  facet normal 0 0 1
    outer loop
      vertex 22.4997 95.6666 -4.39225e-09
      vertex 20 100 -4.39225e-09
      vertex 17.503 95.6619 -4.39225e-09
    endloop
  endfacet
  facet normal -0 0 1
    outer loop
      vertex 0 90 -4.39225e-09
      vertex 4.52089 87.7376 -4.39225e-09
      vertex 4.53094 93.1748 -4.39225e-09
    endloop
  endfacet
  facet normal 0 -0 1
    outer loop
      vertex 60.0016 82.6778 -4.39225e-09
      vertex 62.5001 87.0094 -4.39225e-09
      vertex 57.5 87.0096 -4.39225e-09
    endloop
  endfacet
  facet normal 0 0 1
    outer loop
      vertex 17.4105 75.1455 -4.39225e-09
      vertex 17.293 80.3827 -4.39225e-09
      vertex 13.0027 77.5772 -4.39225e-09
    endloop
  endfacet
  facet normal 0 0 1
    outer loop
      vertex 62.5392 78.3132 -4.39225e-09
      vertex 60.0016 82.6778 -4.39225e-09
      vertex 57.509 78.3409 -4.39225e-09
    endloop
  endfacet
  facet normal -0 0 1
    outer loop
      vertex 8.68322 80.0433 -4.39225e-09
      vertex 8.66409 75.0087 -4.39225e-09
      vertex 13.0027 77.5772 -4.39225e-09
    endloop
  endfacet
  facet normal 0 -0 1
    outer loop
      vertex 8.66409 75.0087 -4.39225e-09
      vertex 8.68322 80.0433 -4.39225e-09
      vertex 4.33272 77.5031 -4.39225e-09
    endloop
  endfacet
  facet normal -0 0 1
    outer loop
      vertex 60 100 -4.39225e-09
      vertex 57.5 95.6699 -4.39225e-09
      vertex 62.5 95.6699 -4.39225e-09
    endloop
  endfacet
  facet normal 0 0 1
    outer loop
      vertex 37.4898 78.3465 -4.39225e-09
      vertex 32.4691 78.3538 -4.39225e-09
      vertex 34.8564 73.9324 -4.39225e-09
    endloop
  endfacet
  facet normal 0 0 1
    outer loop
      vertex 42.4994 78.3491 -4.39225e-09
      vertex 37.4898 78.3465 -4.39225e-09
      vertex 39.9774 73.9974 -4.39225e-09
    endloop
  endfacet
  facet normal -0 0 1
    outer loop
      vertex 52.5004 78.349 -4.39225e-09
      vertex 55.0092 74.0112 -4.39225e-09
      vertex 57.509 78.3409 -4.39225e-09
    endloop
  endfacet
  facet normal 0 -0 1
    outer loop
      vertex 29.7258 74.0807 -4.39225e-09
      vertex 32.4691 78.3538 -4.39225e-09
      vertex 27.4844 78.3764 -4.39225e-09
    endloop
  endfacet
  facet normal -0 0 1
    outer loop
      vertex 22.1694 78.0781 -4.39225e-09
      vertex 25.3799 74.6094 -4.39225e-09
      vertex 27.4844 78.3764 -4.39225e-09
    endloop
  endfacet
  facet normal 0 -0 1
    outer loop
      vertex 50.0011 74.0182 -4.39225e-09
      vertex 52.5004 78.349 -4.39225e-09
      vertex 47.5 78.3493 -4.39225e-09
    endloop
  endfacet
  facet normal -0 0 1
    outer loop
      vertex 13.0027 77.5772 -4.39225e-09
      vertex 13.0036 72.5228 -4.39225e-09
      vertex 17.4105 75.1455 -4.39225e-09
    endloop
  endfacet
  facet normal -0 0 1
    outer loop
      vertex 47.5 78.3493 -4.39225e-09
      vertex 44.9956 74.0124 -4.39225e-09
      vertex 50.0011 74.0182 -4.39225e-09
    endloop
  endfacet
  facet normal 0 0 1
    outer loop
      vertex 44.9956 74.0124 -4.39225e-09
      vertex 42.4994 78.3491 -4.39225e-09
      vertex 39.9774 73.9974 -4.39225e-09
    endloop
  endfacet
  facet normal -0 -0 1
    outer loop
      vertex 8.66409 75.0087 -4.39225e-09
      vertex 13.0036 72.5228 -4.39225e-09
      vertex 13.0027 77.5772 -4.39225e-09
    endloop
  endfacet
  facet normal 0 0 1
    outer loop
      vertex 55.0092 74.0112 -4.39225e-09
      vertex 52.5004 78.349 -4.39225e-09
      vertex 50.0011 74.0182 -4.39225e-09
    endloop
  endfacet
  facet normal -0 0 1
    outer loop
      vertex 17.4105 75.1455 -4.39225e-09
      vertex 21.662 72.5702 -4.39225e-09
      vertex 22.1694 78.0781 -4.39225e-09
    endloop
  endfacet
  facet normal -0 -0 1
    outer loop
      vertex 25.3799 74.6094 -4.39225e-09
      vertex 29.7258 74.0807 -4.39225e-09
      vertex 27.4844 78.3764 -4.39225e-09
    endloop
  endfacet
  facet normal -0 0 1
    outer loop
      vertex 0 75 -4.39225e-09
      vertex 4.33021 72.5001 -4.39225e-09
      vertex 4.33272 77.5031 -4.39225e-09
    endloop
  endfacet
  facet normal 0 0 1
    outer loop
      vertex 39.9774 73.9974 -4.39225e-09
      vertex 37.4898 78.3465 -4.39225e-09
      vertex 34.8564 73.9324 -4.39225e-09
    endloop
  endfacet
  facet normal 0 0 1
    outer loop
      vertex 34.8564 73.9324 -4.39225e-09
      vertex 32.4691 78.3538 -4.39225e-09
      vertex 29.7258 74.0807 -4.39225e-09
    endloop
  endfacet
  facet normal -0 0 1
    outer loop
      vertex 22.1694 78.0781 -4.39225e-09
      vertex 21.662 72.5702 -4.39225e-09
      vertex 25.3799 74.6094 -4.39225e-09
    endloop
  endfacet
  facet normal -0 0 1
    outer loop
      vertex 57.509 78.3409 -4.39225e-09
      vertex 60.0847 73.9432 -4.39225e-09
      vertex 62.5392 78.3132 -4.39225e-09
    endloop
  endfacet
  facet normal 0 -0 1
    outer loop
      vertex 4.33021 72.5001 -4.39225e-09
      vertex 8.66409 75.0087 -4.39225e-09
      vertex 4.33272 77.5031 -4.39225e-09
    endloop
  endfacet
  facet normal 0 0 1
    outer loop
      vertex 57.509 78.3409 -4.39225e-09
      vertex 55.0092 74.0112 -4.39225e-09
      vertex 60.0847 73.9432 -4.39225e-09
    endloop
  endfacet
  facet normal 0 0 1
    outer loop
      vertex 65 100 -4.39225e-09
      vertex 60 100 -4.39225e-09
      vertex 62.5 95.6699 -4.39225e-09
    endloop
  endfacet
  facet normal 0 -0 1
    outer loop
      vertex 62.5392 78.3132 -4.39225e-09
      vertex 65.0052 82.6744 -4.39225e-09
      vertex 60.0016 82.6778 -4.39225e-09
    endloop
  endfacet
  facet normal -0 0 1
    outer loop
      vertex 60 91.3397 -4.39225e-09
      vertex 62.5001 87.0094 -4.39225e-09
      vertex 65.0001 91.3393 -4.39225e-09
    endloop
  endfacet
  facet normal 0 0 1
    outer loop
      vertex 62.5001 87.0094 -4.39225e-09
      vertex 60.0016 82.6778 -4.39225e-09
      vertex 65.0052 82.6744 -4.39225e-09
    endloop
  endfacet
  facet normal 0 0 1
    outer loop
      vertex 62.5 95.6699 -4.39225e-09
      vertex 60 91.3397 -4.39225e-09
      vertex 65.0001 91.3393 -4.39225e-09
    endloop
  endfacet
  facet normal 0 0 1
    outer loop
      vertex 100 10 -4.39225e-09
      vertex 95.6523 12.531 -4.39225e-09
      vertex 95.9285 8.23605 -4.39225e-09
    endloop
  endfacet
  facet normal -0 0 1
    outer loop
      vertex 87.0096 57.5 -4.39225e-09
      vertex 91.3397 55 -4.39225e-09
      vertex 91.3397 60 -4.39225e-09
    endloop
  endfacet
  facet normal 0 -0 1
    outer loop
      vertex 91.3397 55 -4.39225e-09
      vertex 95.6699 57.5 -4.39225e-09
      vertex 91.3397 60 -4.39225e-09
    endloop
  endfacet
  facet normal 0 0 1
    outer loop
      vertex 87.0096 57.5 -4.39225e-09
      vertex 82.6796 60.0003 -4.39225e-09
      vertex 82.6795 55 -4.39225e-09
    endloop
  endfacet
  facet normal -0 0 1
    outer loop
      vertex 67.5 4.33016 -4.39225e-09
      vertex 65 0 -4.39225e-09
      vertex 70 0 -4.39225e-09
    endloop
  endfacet
  facet normal -0 0 1
    outer loop
      vertex 64.2275 39.4912 -4.39225e-09
      vertex 64.9863 34.5745 -4.39225e-09
      vertex 69.235 37.0859 -4.39225e-09
    endloop
  endfacet
  facet normal -0 -0 1
    outer loop
      vertex 91.3397 65 -4.39225e-09
      vertex 95.6699 62.5 -4.39225e-09
      vertex 95.6698 67.5001 -4.39225e-09
    endloop
  endfacet
  facet normal -0 0 1
    outer loop
      vertex 82.7714 13.0066 -4.39225e-09
      vertex 80.0639 8.69441 -4.39225e-09
      vertex 85.2013 8.83909 -4.39225e-09
    endloop
  endfacet
  facet normal 0 -0 1
    outer loop
      vertex 65.3024 49.9924 -4.39225e-09
      vertex 69.6593 52.5074 -4.39225e-09
      vertex 65.1942 55.003 -4.39225e-09
    endloop
  endfacet
  facet normal 0 0 1
    outer loop
      vertex 78.349 57.5013 -4.39225e-09
      vertex 73.9972 60.0226 -4.39225e-09
      vertex 74.013 55.0033 -4.39225e-09
    endloop
  endfacet
  facet normal -0 0 1
    outer loop
      vertex 70.0018 8.6614 -4.39225e-09
      vertex 67.5 4.33016 -4.39225e-09
      vertex 72.5012 4.33114 -4.39225e-09
    endloop
  endfacet
  facet normal 0 -0 1
    outer loop
      vertex 87.0096 62.5 -4.39225e-09
      vertex 91.3397 65 -4.39225e-09
      vertex 87.01 67.5011 -4.39225e-09
    endloop
  endfacet
  facet normal 0 -0 1
    outer loop
      vertex 62.5002 12.9906 -4.39225e-09
      vertex 67.505 12.994 -4.39225e-09
      vertex 65.0037 17.3231 -4.39225e-09
    endloop
  endfacet
  facet normal 0 -0 1
    outer loop
      vertex 65.0003 8.66046 -4.39225e-09
      vertex 67.505 12.994 -4.39225e-09
      vertex 62.5002 12.9906 -4.39225e-09
    endloop
  endfacet
  facet normal 0 -0 1
    outer loop
      vertex 62.5 4.33013 -4.39225e-09
      vertex 67.5 4.33016 -4.39225e-09
      vertex 65.0003 8.66046 -4.39225e-09
    endloop
  endfacet
  facet normal -0 0 1
    outer loop
      vertex 65.0003 8.66046 -4.39225e-09
      vertex 67.5 4.33016 -4.39225e-09
      vertex 70.0018 8.6614 -4.39225e-09
    endloop
  endfacet
  facet normal 0 0 1
    outer loop
      vertex 91.2512 14.9899 -4.39225e-09
      vertex 86.2129 17.3424 -4.39225e-09
      vertex 87.3261 12.8102 -4.39225e-09
    endloop
  endfacet
  facet normal -0 0 1
    outer loop
      vertex 69.5572 57.5615 -4.39225e-09
      vertex 69.6593 52.5074 -4.39225e-09
      vertex 74.013 55.0033 -4.39225e-09
    endloop
  endfacet
  facet normal 0 0 1
    outer loop
      vertex 77.5082 4.33724 -4.39225e-09
      vertex 72.5012 4.33114 -4.39225e-09
      vertex 75 0 -4.39225e-09
    endloop
  endfacet
  facet normal 0 0 1
    outer loop
      vertex 67.5 4.33016 -4.39225e-09
      vertex 62.5 4.33013 -4.39225e-09
      vertex 65 0 -4.39225e-09
    endloop
  endfacet
  facet normal -0 0 1
    outer loop
      vertex 67.5 4.33016 -4.39225e-09
      vertex 70 0 -4.39225e-09
      vertex 72.5012 4.33114 -4.39225e-09
    endloop
  endfacet
  facet normal 0 -0 1
    outer loop
      vertex 100 45 -4.39225e-09
      vertex 100 50 -4.39225e-09
      vertex 95.6699 47.5 -4.39225e-09
    endloop
  endfacet
  facet normal -0 0 1
    outer loop
      vertex 65.1767 44.9733 -4.39225e-09
      vertex 64.2275 39.4912 -4.39225e-09
      vertex 69.4961 42.3788 -4.39225e-09
    endloop
  endfacet
  facet normal 0 -0 1
    outer loop
      vertex 100 20 -4.39225e-09
      vertex 100 25 -4.39225e-09
      vertex 95.6664 22.4997 -4.39225e-09
    endloop
  endfacet
  facet normal 0 0 1
    outer loop
      vertex 74.0157 49.999 -4.39225e-09
      vertex 69.6593 52.5074 -4.39225e-09
      vertex 69.6477 47.4813 -4.39225e-09
    endloop
  endfacet
  facet normal 0 0 1
    outer loop
      vertex 90.9479 9.55724 -4.39225e-09
      vertex 85.2013 8.83909 -4.39225e-09
      vertex 87.7423 4.52101 -4.39225e-09
    endloop
  endfacet
  facet normal 0 -0 1
    outer loop
      vertex 65.1767 44.9733 -4.39225e-09
      vertex 69.6477 47.4813 -4.39225e-09
      vertex 65.3024 49.9924 -4.39225e-09
    endloop
  endfacet
  facet normal -0 0 1
    outer loop
      vertex 72.5012 4.33114 -4.39225e-09
      vertex 70 0 -4.39225e-09
      vertex 75 0 -4.39225e-09
    endloop
  endfacet
  facet normal 0 -0 1
    outer loop
      vertex 100 10 -4.39225e-09
      vertex 100 15 -4.39225e-09
      vertex 95.6523 12.531 -4.39225e-09
    endloop
  endfacet
  facet normal 0 0 1
    outer loop
      vertex 69.4476 62.7051 -4.39225e-09
      vertex 64.2916 60.4329 -4.39225e-09
      vertex 69.5572 57.5615 -4.39225e-09
    endloop
  endfacet
  facet normal -0 0 1
    outer loop
      vertex 91.3392 30.0004 -4.39225e-09
      vertex 91.3279 25.0018 -4.39225e-09
      vertex 95.6693 27.4999 -4.39225e-09
    endloop
  endfacet
  facet normal -0 -0 1
    outer loop
      vertex 65.1942 55.003 -4.39225e-09
      vertex 69.6593 52.5074 -4.39225e-09
      vertex 69.5572 57.5615 -4.39225e-09
    endloop
  endfacet
  facet normal -0 0 1
    outer loop
      vertex 65.3024 49.9924 -4.39225e-09
      vertex 69.6477 47.4813 -4.39225e-09
      vertex 69.6593 52.5074 -4.39225e-09
    endloop
  endfacet
  facet normal -0 0 1
    outer loop
      vertex 64.9863 34.5745 -4.39225e-09
      vertex 68.4213 31.0878 -4.39225e-09
      vertex 69.235 37.0859 -4.39225e-09
    endloop
  endfacet
  facet normal 0 -0 1
    outer loop
      vertex 91.3397 65 -4.39225e-09
      vertex 95.6698 67.5001 -4.39225e-09
      vertex 91.3398 70.0011 -4.39225e-09
    endloop
  endfacet
  facet normal -0 0 1
    outer loop
      vertex 74.1004 70.2621 -4.39225e-09
      vertex 73.9371 65.1407 -4.39225e-09
      vertex 78.3569 67.5319 -4.39225e-09
    endloop
  endfacet
  facet normal 0 0 1
    outer loop
      vertex 87.01 67.5011 -4.39225e-09
      vertex 82.6816 70.0086 -4.39225e-09
      vertex 82.6801 65.0013 -4.39225e-09
    endloop
  endfacet
  facet normal -0 0 1
    outer loop
      vertex 80.0639 8.69441 -4.39225e-09
      vertex 77.5082 4.33724 -4.39225e-09
      vertex 82.5426 4.37111 -4.39225e-09
    endloop
  endfacet
  facet normal 0 0 1
    outer loop
      vertex 68.8844 68.4567 -4.39225e-09
      vertex 62.8601 69.3829 -4.39225e-09
      vertex 65.234 65.1742 -4.39225e-09
    endloop
  endfacet
  facet normal 0 -0 1
    outer loop
      vertex 82.6801 65.0013 -4.39225e-09
      vertex 82.6816 70.0086 -4.39225e-09
      vertex 78.3569 67.5319 -4.39225e-09
    endloop
  endfacet
  facet normal 0 -0 1
    outer loop
      vertex 73.9371 65.1407 -4.39225e-09
      vertex 74.1004 70.2621 -4.39225e-09
      vertex 68.8844 68.4567 -4.39225e-09
    endloop
  endfacet
  facet normal 0 -0 1
    outer loop
      vertex 100 40 -4.39225e-09
      vertex 100 45 -4.39225e-09
      vertex 95.6699 42.5 -4.39225e-09
    endloop
  endfacet
  facet normal -0 0 1
    outer loop
      vertex 87.7423 4.52101 -4.39225e-09
      vertex 85 0 -4.39225e-09
      vertex 90 0 -4.39225e-09
    endloop
  endfacet
  facet normal 0 0 1
    outer loop
      vertex 95.6699 32.5 -4.39225e-09
      vertex 91.3392 30.0004 -4.39225e-09
      vertex 95.6693 27.4999 -4.39225e-09
    endloop
  endfacet
  facet normal 0 -0 1
    outer loop
      vertex 70.0346 17.3486 -4.39225e-09
      vertex 75.1664 17.4348 -4.39225e-09
      vertex 72.6047 21.7245 -4.39225e-09
    endloop
  endfacet
  facet normal 0 0 1
    outer loop
      vertex 75.0145 8.66692 -4.39225e-09
      vertex 70.0018 8.6614 -4.39225e-09
      vertex 72.5012 4.33114 -4.39225e-09
    endloop
  endfacet
  facet normal -0 0 1
    outer loop
      vertex 95.6698 67.5001 -4.39225e-09
      vertex 100 65 -4.39225e-09
      vertex 100 70 -4.39225e-09
    endloop
  endfacet
  facet normal -0 0 1
    outer loop
      vertex 95.6699 62.5 -4.39225e-09
      vertex 95.6699 57.5 -4.39225e-09
      vertex 100 60 -4.39225e-09
    endloop
  endfacet
  facet normal -0 0 1
    outer loop
      vertex 77.5082 4.33724 -4.39225e-09
      vertex 75 0 -4.39225e-09
      vertex 80 0 -4.39225e-09
    endloop
  endfacet
  facet normal -0 0 1
    outer loop
      vertex 100 5 -4.39225e-09
      vertex 95 0 -4.39225e-09
      vertex 100 0 -4.39225e-09
    endloop
  endfacet
  facet normal 0 0 1
    outer loop
      vertex 78.349 57.5013 -4.39225e-09
      vertex 78.3473 62.5099 -4.39225e-09
      vertex 73.9972 60.0226 -4.39225e-09
    endloop
  endfacet
  facet normal 0 -0 1
    outer loop
      vertex 65.0037 17.3231 -4.39225e-09
      vertex 67.5397 21.6627 -4.39225e-09
      vertex 62.5061 21.6544 -4.39225e-09
    endloop
  endfacet
  facet normal -0 0 1
    outer loop
      vertex 65.1198 26.0579 -4.39225e-09
      vertex 62.5061 21.6544 -4.39225e-09
      vertex 67.5397 21.6627 -4.39225e-09
    endloop
  endfacet
  facet normal 0 -0 1
    outer loop
      vertex 62.6401 30.4031 -4.39225e-09
      vertex 68.4213 31.0878 -4.39225e-09
      vertex 64.9863 34.5745 -4.39225e-09
    endloop
  endfacet
  facet normal 0 0 1
    outer loop
      vertex 68.4213 31.0878 -4.39225e-09
      vertex 62.6401 30.4031 -4.39225e-09
      vertex 65.1198 26.0579 -4.39225e-09
    endloop
  endfacet
  facet normal -0 0 1
    outer loop
      vertex 87.01 67.5011 -4.39225e-09
      vertex 91.3397 65 -4.39225e-09
      vertex 91.3398 70.0011 -4.39225e-09
    endloop
  endfacet
  facet normal 0 0 1
    outer loop
      vertex 68.8844 68.4567 -4.39225e-09
      vertex 65.234 65.1742 -4.39225e-09
      vertex 69.4476 62.7051 -4.39225e-09
    endloop
  endfacet
  facet normal 0 0 1
    outer loop
      vertex 73.9371 65.1407 -4.39225e-09
      vertex 68.8844 68.4567 -4.39225e-09
      vertex 69.4476 62.7051 -4.39225e-09
    endloop
  endfacet
  facet normal -0 0 1
    outer loop
      vertex 91.3397 65 -4.39225e-09
      vertex 91.3397 60 -4.39225e-09
      vertex 95.6699 62.5 -4.39225e-09
    endloop
  endfacet
  facet normal -0 0 1
    outer loop
      vertex 95.6699 62.5 -4.39225e-09
      vertex 100 60 -4.39225e-09
      vertex 100 65 -4.39225e-09
    endloop
  endfacet
  facet normal 0 -0 1
    outer loop
      vertex 95.6699 62.5 -4.39225e-09
      vertex 100 65 -4.39225e-09
      vertex 95.6698 67.5001 -4.39225e-09
    endloop
  endfacet
  facet normal 0 0 1
    outer loop
      vertex 82.6801 65.0013 -4.39225e-09
      vertex 78.3569 67.5319 -4.39225e-09
      vertex 78.3473 62.5099 -4.39225e-09
    endloop
  endfacet
  facet normal 0 0 1
    outer loop
      vertex 87.0096 62.5 -4.39225e-09
      vertex 82.6801 65.0013 -4.39225e-09
      vertex 82.6796 60.0003 -4.39225e-09
    endloop
  endfacet
  facet normal 0 -0 1
    outer loop
      vertex 78.3473 62.5099 -4.39225e-09
      vertex 78.3569 67.5319 -4.39225e-09
      vertex 73.9371 65.1407 -4.39225e-09
    endloop
  endfacet
  facet normal 0 0 1
    outer loop
      vertex 87.3261 12.8102 -4.39225e-09
      vertex 82.7714 13.0066 -4.39225e-09
      vertex 85.2013 8.83909 -4.39225e-09
    endloop
  endfacet
  facet normal 0 0 1
    outer loop
      vertex 91.3397 40 -4.39225e-09
      vertex 87.0097 37.5001 -4.39225e-09
      vertex 91.3397 35 -4.39225e-09
    endloop
  endfacet
  facet normal 0 -0 1
    outer loop
      vertex 75.0145 8.66692 -4.39225e-09
      vertex 80.0639 8.69441 -4.39225e-09
      vertex 77.5989 13.0083 -4.39225e-09
    endloop
  endfacet
  facet normal 0 -0 1
    outer loop
      vertex 91.3397 45 -4.39225e-09
      vertex 91.3397 50 -4.39225e-09
      vertex 87.0096 47.5 -4.39225e-09
    endloop
  endfacet
  facet normal 0 -0 1
    outer loop
      vertex 90.9479 9.55724 -4.39225e-09
      vertex 91.2512 14.9899 -4.39225e-09
      vertex 87.3261 12.8102 -4.39225e-09
    endloop
  endfacet
  facet normal 0 0 1
    outer loop
      vertex 90.9479 9.55724 -4.39225e-09
      vertex 87.3261 12.8102 -4.39225e-09
      vertex 85.2013 8.83909 -4.39225e-09
    endloop
  endfacet
  facet normal -0 0 1
    outer loop
      vertex 87.0099 32.5015 -4.39225e-09
      vertex 87.0031 27.5161 -4.39225e-09
      vertex 91.3392 30.0004 -4.39225e-09
    endloop
  endfacet
  facet normal 0 0 1
    outer loop
      vertex 95.6699 32.5 -4.39225e-09
      vertex 91.3397 35 -4.39225e-09
      vertex 91.3392 30.0004 -4.39225e-09
    endloop
  endfacet
  facet normal -0 -0 1
    outer loop
      vertex 82.7714 13.0066 -4.39225e-09
      vertex 87.3261 12.8102 -4.39225e-09
      vertex 86.2129 17.3424 -4.39225e-09
    endloop
  endfacet
  facet normal 0 -0 1
    outer loop
      vertex 80.4078 17.3103 -4.39225e-09
      vertex 86.2129 17.3424 -4.39225e-09
      vertex 82.8568 20.8049 -4.39225e-09
    endloop
  endfacet
  facet normal 0 0 1
    outer loop
      vertex 78.3473 62.5099 -4.39225e-09
      vertex 73.9371 65.1407 -4.39225e-09
      vertex 73.9972 60.0226 -4.39225e-09
    endloop
  endfacet
  facet normal 0 0 1
    outer loop
      vertex 78.1348 22.2606 -4.39225e-09
      vertex 75.1664 17.4348 -4.39225e-09
      vertex 80.4078 17.3103 -4.39225e-09
    endloop
  endfacet
  facet normal 0 0 1
    outer loop
      vertex 87.0097 37.5001 -4.39225e-09
      vertex 87.0096 42.5 -4.39225e-09
      vertex 82.6776 39.9981 -4.39225e-09
    endloop
  endfacet
  facet normal 0 0 1
    outer loop
      vertex 91.3279 25.0018 -4.39225e-09
      vertex 86.9421 22.567 -4.39225e-09
      vertex 91.2558 19.9879 -4.39225e-09
    endloop
  endfacet
  facet normal -0 0 1
    outer loop
      vertex 72.5281 13.0065 -4.39225e-09
      vertex 75.0145 8.66692 -4.39225e-09
      vertex 77.5989 13.0083 -4.39225e-09
    endloop
  endfacet
  facet normal 0 0 1
    outer loop
      vertex 91.3397 35 -4.39225e-09
      vertex 87.0097 37.5001 -4.39225e-09
      vertex 87.0099 32.5015 -4.39225e-09
    endloop
  endfacet
  facet normal 0 -0 1
    outer loop
      vertex 87.0096 47.5 -4.39225e-09
      vertex 91.3397 50 -4.39225e-09
      vertex 87.0096 52.5 -4.39225e-09
    endloop
  endfacet
  facet normal 0 -0 1
    outer loop
      vertex 70.0018 8.6614 -4.39225e-09
      vertex 75.0145 8.66692 -4.39225e-09
      vertex 72.5281 13.0065 -4.39225e-09
    endloop
  endfacet
  facet normal 0 0 1
    outer loop
      vertex 91.3397 45 -4.39225e-09
      vertex 87.0096 42.5 -4.39225e-09
      vertex 91.3397 40 -4.39225e-09
    endloop
  endfacet
  facet normal 0 -0 1
    outer loop
      vertex 86.2129 17.3424 -4.39225e-09
      vertex 86.9421 22.567 -4.39225e-09
      vertex 82.8568 20.8049 -4.39225e-09
    endloop
  endfacet
  facet normal -0 0 1
    outer loop
      vertex 91.3397 40 -4.39225e-09
      vertex 95.6699 37.5 -4.39225e-09
      vertex 95.6699 42.5 -4.39225e-09
    endloop
  endfacet
  facet normal 0 -0 1
    outer loop
      vertex 95.6699 52.5 -4.39225e-09
      vertex 100 55 -4.39225e-09
      vertex 95.6699 57.5 -4.39225e-09
    endloop
  endfacet
  facet normal -0 0 1
    outer loop
      vertex 64.2916 60.4329 -4.39225e-09
      vertex 65.1942 55.003 -4.39225e-09
      vertex 69.5572 57.5615 -4.39225e-09
    endloop
  endfacet
  facet normal 0 -0 1
    outer loop
      vertex 67.505 12.994 -4.39225e-09
      vertex 72.5281 13.0065 -4.39225e-09
      vertex 70.0346 17.3486 -4.39225e-09
    endloop
  endfacet
  facet normal -0 0 1
    outer loop
      vertex 87.0096 42.5 -4.39225e-09
      vertex 87.0097 37.5001 -4.39225e-09
      vertex 91.3397 40 -4.39225e-09
    endloop
  endfacet
  facet normal -0 0 1
    outer loop
      vertex 86.9421 22.567 -4.39225e-09
      vertex 86.2129 17.3424 -4.39225e-09
      vertex 91.2558 19.9879 -4.39225e-09
    endloop
  endfacet
  facet normal -0 0 1
    outer loop
      vertex 91.3397 45 -4.39225e-09
      vertex 91.3397 40 -4.39225e-09
      vertex 95.6699 42.5 -4.39225e-09
    endloop
  endfacet
  facet normal 0 0 1
    outer loop
      vertex 87.0097 37.5001 -4.39225e-09
      vertex 82.6776 39.9981 -4.39225e-09
      vertex 82.6773 34.9981 -4.39225e-09
    endloop
  endfacet
  facet normal -0 0 1
    outer loop
      vertex 67.505 12.994 -4.39225e-09
      vertex 70.0018 8.6614 -4.39225e-09
      vertex 72.5281 13.0065 -4.39225e-09
    endloop
  endfacet
  facet normal 0 -0 1
    outer loop
      vertex 65.0003 8.66046 -4.39225e-09
      vertex 70.0018 8.6614 -4.39225e-09
      vertex 67.505 12.994 -4.39225e-09
    endloop
  endfacet
  facet normal 0 0 1
    outer loop
      vertex 95.9285 8.23605 -4.39225e-09
      vertex 90.9479 9.55724 -4.39225e-09
      vertex 93.1732 4.50736 -4.39225e-09
    endloop
  endfacet
  facet normal 0 0 1
    outer loop
      vertex 91.3397 45 -4.39225e-09
      vertex 87.0096 47.5 -4.39225e-09
      vertex 87.0096 42.5 -4.39225e-09
    endloop
  endfacet
  facet normal -0 0 1
    outer loop
      vertex 87.0096 62.5 -4.39225e-09
      vertex 91.3397 60 -4.39225e-09
      vertex 91.3397 65 -4.39225e-09
    endloop
  endfacet
  facet normal -0 0 1
    outer loop
      vertex 91.3397 45 -4.39225e-09
      vertex 95.6699 42.5 -4.39225e-09
      vertex 95.6699 47.5 -4.39225e-09
    endloop
  endfacet
  facet normal 0 0 1
    outer loop
      vertex 78.3107 37.4571 -4.39225e-09
      vertex 73.7214 34.6615 -4.39225e-09
      vertex 78.3139 32.438 -4.39225e-09
    endloop
  endfacet
  facet normal 0 -0 1
    outer loop
      vertex 73.9964 44.9806 -4.39225e-09
      vertex 78.3484 47.4991 -4.39225e-09
      vertex 74.0157 49.999 -4.39225e-09
    endloop
  endfacet
  facet normal -0 0 1
    outer loop
      vertex 65.0037 17.3231 -4.39225e-09
      vertex 67.505 12.994 -4.39225e-09
      vertex 70.0346 17.3486 -4.39225e-09
    endloop
  endfacet
  facet normal 0 -0 1
    outer loop
      vertex 78.3395 42.4896 -4.39225e-09
      vertex 78.3484 47.4991 -4.39225e-09
      vertex 73.9964 44.9806 -4.39225e-09
    endloop
  endfacet
  facet normal 0 0 1
    outer loop
      vertex 87.0031 27.5161 -4.39225e-09
      vertex 82.6864 30.0172 -4.39225e-09
      vertex 82.6825 25.1025 -4.39225e-09
    endloop
  endfacet
  facet normal 0 0 1
    outer loop
      vertex 80.0639 8.69441 -4.39225e-09
      vertex 75.0145 8.66692 -4.39225e-09
      vertex 77.5082 4.33724 -4.39225e-09
    endloop
  endfacet
  facet normal 0 0 1
    outer loop
      vertex 93.1732 4.50736 -4.39225e-09
      vertex 90.9479 9.55724 -4.39225e-09
      vertex 87.7423 4.52101 -4.39225e-09
    endloop
  endfacet
  facet normal -0 0 1
    outer loop
      vertex 78.4082 27.5453 -4.39225e-09
      vertex 78.1348 22.2606 -4.39225e-09
      vertex 82.6825 25.1025 -4.39225e-09
    endloop
  endfacet
  facet normal 0 -0 1
    outer loop
      vertex 78.3484 47.4991 -4.39225e-09
      vertex 82.6795 50 -4.39225e-09
      vertex 78.3493 52.5 -4.39225e-09
    endloop
  endfacet
  facet normal 0 0 1
    outer loop
      vertex 82.6825 25.1025 -4.39225e-09
      vertex 78.1348 22.2606 -4.39225e-09
      vertex 82.8568 20.8049 -4.39225e-09
    endloop
  endfacet
  facet normal 0 0 1
    outer loop
      vertex 87.0099 32.5015 -4.39225e-09
      vertex 82.6864 30.0172 -4.39225e-09
      vertex 87.0031 27.5161 -4.39225e-09
    endloop
  endfacet
  facet normal 0 -0 1
    outer loop
      vertex 82.7714 13.0066 -4.39225e-09
      vertex 86.2129 17.3424 -4.39225e-09
      vertex 80.4078 17.3103 -4.39225e-09
    endloop
  endfacet
  facet normal 0 0 1
    outer loop
      vertex 95.6523 12.531 -4.39225e-09
      vertex 91.2512 14.9899 -4.39225e-09
      vertex 90.9479 9.55724 -4.39225e-09
    endloop
  endfacet
  facet normal 0 0 1
    outer loop
      vertex 82.7714 13.0066 -4.39225e-09
      vertex 80.4078 17.3103 -4.39225e-09
      vertex 77.5989 13.0083 -4.39225e-09
    endloop
  endfacet
  facet normal 0 -0 1
    outer loop
      vertex 82.6776 39.9981 -4.39225e-09
      vertex 87.0096 42.5 -4.39225e-09
      vertex 82.6792 44.9998 -4.39225e-09
    endloop
  endfacet
  facet normal -0 0 1
    outer loop
      vertex 87.0096 57.5 -4.39225e-09
      vertex 87.0096 52.5 -4.39225e-09
      vertex 91.3397 55 -4.39225e-09
    endloop
  endfacet
  facet normal 0 0 1
    outer loop
      vertex 82.6801 65.0013 -4.39225e-09
      vertex 78.3473 62.5099 -4.39225e-09
      vertex 82.6796 60.0003 -4.39225e-09
    endloop
  endfacet
  facet normal 0 0 1
    outer loop
      vertex 87.0096 47.5 -4.39225e-09
      vertex 82.6792 44.9998 -4.39225e-09
      vertex 87.0096 42.5 -4.39225e-09
    endloop
  endfacet
  facet normal 0 0 1
    outer loop
      vertex 100 35 -4.39225e-09
      vertex 95.6699 37.5 -4.39225e-09
      vertex 95.6699 32.5 -4.39225e-09
    endloop
  endfacet
  facet normal 0 -0 1
    outer loop
      vertex 100 35 -4.39225e-09
      vertex 100 40 -4.39225e-09
      vertex 95.6699 37.5 -4.39225e-09
    endloop
  endfacet
  facet normal 0 0 1
    outer loop
      vertex 95.9285 8.23605 -4.39225e-09
      vertex 95.6523 12.531 -4.39225e-09
      vertex 90.9479 9.55724 -4.39225e-09
    endloop
  endfacet
  facet normal 0 0 1
    outer loop
      vertex 87.0031 27.5161 -4.39225e-09
      vertex 82.6825 25.1025 -4.39225e-09
      vertex 86.9421 22.567 -4.39225e-09
    endloop
  endfacet
  facet normal 0 0 1
    outer loop
      vertex 100 25 -4.39225e-09
      vertex 95.6693 27.4999 -4.39225e-09
      vertex 95.6664 22.4997 -4.39225e-09
    endloop
  endfacet
  facet normal 0 -0 1
    outer loop
      vertex 100 25 -4.39225e-09
      vertex 100 30 -4.39225e-09
      vertex 95.6693 27.4999 -4.39225e-09
    endloop
  endfacet
  facet normal -0 0 1
    outer loop
      vertex 82.6825 25.1025 -4.39225e-09
      vertex 82.8568 20.8049 -4.39225e-09
      vertex 86.9421 22.567 -4.39225e-09
    endloop
  endfacet
  facet normal -0 -0 1
    outer loop
      vertex 82.6773 34.9981 -4.39225e-09
      vertex 87.0099 32.5015 -4.39225e-09
      vertex 87.0097 37.5001 -4.39225e-09
    endloop
  endfacet
  facet normal 0 0 1
    outer loop
      vertex 100 15 -4.39225e-09
      vertex 95.6618 17.505 -4.39225e-09
      vertex 95.6523 12.531 -4.39225e-09
    endloop
  endfacet
  facet normal 0 -0 1
    outer loop
      vertex 82.6864 30.0172 -4.39225e-09
      vertex 87.0099 32.5015 -4.39225e-09
      vertex 82.6773 34.9981 -4.39225e-09
    endloop
  endfacet
  facet normal 0 0 1
    outer loop
      vertex 82.8568 20.8049 -4.39225e-09
      vertex 78.1348 22.2606 -4.39225e-09
      vertex 80.4078 17.3103 -4.39225e-09
    endloop
  endfacet
  facet normal -0 0 1
    outer loop
      vertex 87.0096 62.5 -4.39225e-09
      vertex 87.0096 57.5 -4.39225e-09
      vertex 91.3397 60 -4.39225e-09
    endloop
  endfacet
  facet normal 0 -0 1
    outer loop
      vertex 95.6523 12.531 -4.39225e-09
      vertex 95.6618 17.505 -4.39225e-09
      vertex 91.2512 14.9899 -4.39225e-09
    endloop
  endfacet
  facet normal 0 0 1
    outer loop
      vertex 82.6792 44.9998 -4.39225e-09
      vertex 78.3484 47.4991 -4.39225e-09
      vertex 78.3395 42.4896 -4.39225e-09
    endloop
  endfacet
  facet normal 0 0 1
    outer loop
      vertex 80.4078 17.3103 -4.39225e-09
      vertex 75.1664 17.4348 -4.39225e-09
      vertex 77.5989 13.0083 -4.39225e-09
    endloop
  endfacet
  facet normal -0 0 1
    outer loop
      vertex 77.5989 13.0083 -4.39225e-09
      vertex 80.0639 8.69441 -4.39225e-09
      vertex 82.7714 13.0066 -4.39225e-09
    endloop
  endfacet
  facet normal 0 0 1
    outer loop
      vertex 87.7423 4.52101 -4.39225e-09
      vertex 85.2013 8.83909 -4.39225e-09
      vertex 82.5426 4.37111 -4.39225e-09
    endloop
  endfacet
  facet normal 0 0 1
    outer loop
      vertex 95.6664 22.4997 -4.39225e-09
      vertex 91.2558 19.9879 -4.39225e-09
      vertex 95.6618 17.505 -4.39225e-09
    endloop
  endfacet
  facet normal 0 0 1
    outer loop
      vertex 91.3397 35 -4.39225e-09
      vertex 87.0099 32.5015 -4.39225e-09
      vertex 91.3392 30.0004 -4.39225e-09
    endloop
  endfacet
  facet normal -0 0 1
    outer loop
      vertex 82.6795 50 -4.39225e-09
      vertex 82.6792 44.9998 -4.39225e-09
      vertex 87.0096 47.5 -4.39225e-09
    endloop
  endfacet
  facet normal -0 0 1
    outer loop
      vertex 87.0031 27.5161 -4.39225e-09
      vertex 91.3279 25.0018 -4.39225e-09
      vertex 91.3392 30.0004 -4.39225e-09
    endloop
  endfacet
  facet normal 0 0 1
    outer loop
      vertex 73.9972 60.0226 -4.39225e-09
      vertex 73.9371 65.1407 -4.39225e-09
      vertex 69.4476 62.7051 -4.39225e-09
    endloop
  endfacet
  facet normal 0 0 1
    outer loop
      vertex 87.0096 57.5 -4.39225e-09
      vertex 82.6795 55 -4.39225e-09
      vertex 87.0096 52.5 -4.39225e-09
    endloop
  endfacet
  facet normal -0 0 1
    outer loop
      vertex 70.0346 17.3486 -4.39225e-09
      vertex 72.5281 13.0065 -4.39225e-09
      vertex 75.1664 17.4348 -4.39225e-09
    endloop
  endfacet
  facet normal 0 -0 1
    outer loop
      vertex 86.9421 22.567 -4.39225e-09
      vertex 91.3279 25.0018 -4.39225e-09
      vertex 87.0031 27.5161 -4.39225e-09
    endloop
  endfacet
  facet normal 0 0 1
    outer loop
      vertex 85.2013 8.83909 -4.39225e-09
      vertex 80.0639 8.69441 -4.39225e-09
      vertex 82.5426 4.37111 -4.39225e-09
    endloop
  endfacet
  facet normal -0 0 1
    outer loop
      vertex 78.349 57.5013 -4.39225e-09
      vertex 78.3493 52.5 -4.39225e-09
      vertex 82.6795 55 -4.39225e-09
    endloop
  endfacet
  facet normal 0 0 1
    outer loop
      vertex 82.6773 34.9981 -4.39225e-09
      vertex 78.3139 32.438 -4.39225e-09
      vertex 82.6864 30.0172 -4.39225e-09
    endloop
  endfacet
  facet normal 0 0 1
    outer loop
      vertex 100 5 -4.39225e-09
      vertex 95.9285 8.23605 -4.39225e-09
      vertex 93.1732 4.50736 -4.39225e-09
    endloop
  endfacet
  facet normal -0 0 1
    outer loop
      vertex 65.1198 26.0579 -4.39225e-09
      vertex 67.5397 21.6627 -4.39225e-09
      vertex 70.2792 25.9354 -4.39225e-09
    endloop
  endfacet
  facet normal 0 0 1
    outer loop
      vertex 73.9291 29.5752 -4.39225e-09
      vertex 73.7214 34.6615 -4.39225e-09
      vertex 68.4213 31.0878 -4.39225e-09
    endloop
  endfacet
  facet normal 0 0 1
    outer loop
      vertex 82.6776 39.9981 -4.39225e-09
      vertex 78.3107 37.4571 -4.39225e-09
      vertex 82.6773 34.9981 -4.39225e-09
    endloop
  endfacet
  facet normal -0 0 1
    outer loop
      vertex 78.3107 37.4571 -4.39225e-09
      vertex 78.3139 32.438 -4.39225e-09
      vertex 82.6773 34.9981 -4.39225e-09
    endloop
  endfacet
  facet normal 0 -0 1
    outer loop
      vertex 82.6792 44.9998 -4.39225e-09
      vertex 82.6795 50 -4.39225e-09
      vertex 78.3484 47.4991 -4.39225e-09
    endloop
  endfacet
  facet normal -0 0 1
    outer loop
      vertex 91.3397 60 -4.39225e-09
      vertex 95.6699 57.5 -4.39225e-09
      vertex 95.6699 62.5 -4.39225e-09
    endloop
  endfacet
  facet normal 0 0 1
    outer loop
      vertex 78.3493 52.5 -4.39225e-09
      vertex 74.013 55.0033 -4.39225e-09
      vertex 74.0157 49.999 -4.39225e-09
    endloop
  endfacet
  facet normal 0 -0 1
    outer loop
      vertex 65.0037 17.3231 -4.39225e-09
      vertex 70.0346 17.3486 -4.39225e-09
      vertex 67.5397 21.6627 -4.39225e-09
    endloop
  endfacet
  facet normal -0 0 1
    outer loop
      vertex 72.6047 21.7245 -4.39225e-09
      vertex 75.1664 17.4348 -4.39225e-09
      vertex 78.1348 22.2606 -4.39225e-09
    endloop
  endfacet
  facet normal -0 -0 1
    outer loop
      vertex 69.6593 52.5074 -4.39225e-09
      vertex 74.0157 49.999 -4.39225e-09
      vertex 74.013 55.0033 -4.39225e-09
    endloop
  endfacet
  facet normal 0 0 1
    outer loop
      vertex 82.6792 44.9998 -4.39225e-09
      vertex 78.3395 42.4896 -4.39225e-09
      vertex 82.6776 39.9981 -4.39225e-09
    endloop
  endfacet
  facet normal -0 0 1
    outer loop
      vertex 78.3395 42.4896 -4.39225e-09
      vertex 78.3107 37.4571 -4.39225e-09
      vertex 82.6776 39.9981 -4.39225e-09
    endloop
  endfacet
  facet normal -0 0 1
    outer loop
      vertex 82.6795 55 -4.39225e-09
      vertex 82.6795 50 -4.39225e-09
      vertex 87.0096 52.5 -4.39225e-09
    endloop
  endfacet
  facet normal 0 -0 1
    outer loop
      vertex 95.6699 47.5 -4.39225e-09
      vertex 100 50 -4.39225e-09
      vertex 95.6699 52.5 -4.39225e-09
    endloop
  endfacet
  facet normal 0 0 1
    outer loop
      vertex 82.6864 30.0172 -4.39225e-09
      vertex 78.4082 27.5453 -4.39225e-09
      vertex 82.6825 25.1025 -4.39225e-09
    endloop
  endfacet
  facet normal -0 0 1
    outer loop
      vertex 78.3139 32.438 -4.39225e-09
      vertex 78.4082 27.5453 -4.39225e-09
      vertex 82.6864 30.0172 -4.39225e-09
    endloop
  endfacet
  facet normal 0 -0 1
    outer loop
      vertex 70.0346 17.3486 -4.39225e-09
      vertex 72.6047 21.7245 -4.39225e-09
      vertex 67.5397 21.6627 -4.39225e-09
    endloop
  endfacet
  facet normal -0 0 1
    outer loop
      vertex 70.2792 25.9354 -4.39225e-09
      vertex 67.5397 21.6627 -4.39225e-09
      vertex 72.6047 21.7245 -4.39225e-09
    endloop
  endfacet
  facet normal 0 0 1
    outer loop
      vertex 87.0096 52.5 -4.39225e-09
      vertex 82.6795 50 -4.39225e-09
      vertex 87.0096 47.5 -4.39225e-09
    endloop
  endfacet
  facet normal 0 0 1
    outer loop
      vertex 74.6702 25.5286 -4.39225e-09
      vertex 70.2792 25.9354 -4.39225e-09
      vertex 72.6047 21.7245 -4.39225e-09
    endloop
  endfacet
  facet normal 0 0 1
    outer loop
      vertex 78.3493 52.5 -4.39225e-09
      vertex 74.0157 49.999 -4.39225e-09
      vertex 78.3484 47.4991 -4.39225e-09
    endloop
  endfacet
  facet normal 0 -0 1
    outer loop
      vertex 82.6795 50 -4.39225e-09
      vertex 82.6795 55 -4.39225e-09
      vertex 78.3493 52.5 -4.39225e-09
    endloop
  endfacet
  facet normal -0 0 1
    outer loop
      vertex 87.0096 52.5 -4.39225e-09
      vertex 91.3397 50 -4.39225e-09
      vertex 91.3397 55 -4.39225e-09
    endloop
  endfacet
  facet normal 0 0 1
    outer loop
      vertex 87.0096 62.5 -4.39225e-09
      vertex 82.6796 60.0003 -4.39225e-09
      vertex 87.0096 57.5 -4.39225e-09
    endloop
  endfacet
  facet normal 0 0 1
    outer loop
      vertex 69.6477 47.4813 -4.39225e-09
      vertex 65.1767 44.9733 -4.39225e-09
      vertex 69.4961 42.3788 -4.39225e-09
    endloop
  endfacet
  facet normal 0 -0 1
    outer loop
      vertex 78.3107 37.4571 -4.39225e-09
      vertex 78.3395 42.4896 -4.39225e-09
      vertex 73.9244 39.9049 -4.39225e-09
    endloop
  endfacet
  facet normal 0 -0 1
    outer loop
      vertex 91.2512 14.9899 -4.39225e-09
      vertex 95.6618 17.505 -4.39225e-09
      vertex 91.2558 19.9879 -4.39225e-09
    endloop
  endfacet
  facet normal 0 -0 1
    outer loop
      vertex 95.6699 42.5 -4.39225e-09
      vertex 100 45 -4.39225e-09
      vertex 95.6699 47.5 -4.39225e-09
    endloop
  endfacet
  facet normal -0 0 1
    outer loop
      vertex 82.5426 4.37111 -4.39225e-09
      vertex 85 0 -4.39225e-09
      vertex 87.7423 4.52101 -4.39225e-09
    endloop
  endfacet
  facet normal -0 0 1
    outer loop
      vertex 82.6801 65.0013 -4.39225e-09
      vertex 87.0096 62.5 -4.39225e-09
      vertex 87.01 67.5011 -4.39225e-09
    endloop
  endfacet
  facet normal 0 0 1
    outer loop
      vertex 73.9244 39.9049 -4.39225e-09
      vertex 69.235 37.0859 -4.39225e-09
      vertex 73.7214 34.6615 -4.39225e-09
    endloop
  endfacet
  facet normal 0 -0 1
    outer loop
      vertex 91.3397 45 -4.39225e-09
      vertex 95.6699 47.5 -4.39225e-09
      vertex 91.3397 50 -4.39225e-09
    endloop
  endfacet
  facet normal -0 0 1
    outer loop
      vertex 82.5426 4.37111 -4.39225e-09
      vertex 80 0 -4.39225e-09
      vertex 85 0 -4.39225e-09
    endloop
  endfacet
  facet normal 0 -0 1
    outer loop
      vertex 95.6618 17.505 -4.39225e-09
      vertex 100 20 -4.39225e-09
      vertex 95.6664 22.4997 -4.39225e-09
    endloop
  endfacet
  facet normal 0 -0 1
    outer loop
      vertex 100 15 -4.39225e-09
      vertex 100 20 -4.39225e-09
      vertex 95.6618 17.505 -4.39225e-09
    endloop
  endfacet
  facet normal 0 0 1
    outer loop
      vertex 78.3107 37.4571 -4.39225e-09
      vertex 73.9244 39.9049 -4.39225e-09
      vertex 73.7214 34.6615 -4.39225e-09
    endloop
  endfacet
  facet normal -0 0 1
    outer loop
      vertex 93.1732 4.50736 -4.39225e-09
      vertex 90 0 -4.39225e-09
      vertex 95 0 -4.39225e-09
    endloop
  endfacet
  facet normal 0 0 1
    outer loop
      vertex 78.3395 42.4896 -4.39225e-09
      vertex 73.9964 44.9806 -4.39225e-09
      vertex 73.9244 39.9049 -4.39225e-09
    endloop
  endfacet
  facet normal -0 0 1
    outer loop
      vertex 87.7423 4.52101 -4.39225e-09
      vertex 90 0 -4.39225e-09
      vertex 93.1732 4.50736 -4.39225e-09
    endloop
  endfacet
  facet normal 0 0 1
    outer loop
      vertex 74.6702 25.5286 -4.39225e-09
      vertex 73.9291 29.5752 -4.39225e-09
      vertex 70.2792 25.9354 -4.39225e-09
    endloop
  endfacet
  facet normal 0 0 1
    outer loop
      vertex 100 5 -4.39225e-09
      vertex 93.1732 4.50736 -4.39225e-09
      vertex 95 0 -4.39225e-09
    endloop
  endfacet
  facet normal 0 0 1
    outer loop
      vertex 82.6796 60.0003 -4.39225e-09
      vertex 78.3473 62.5099 -4.39225e-09
      vertex 78.349 57.5013 -4.39225e-09
    endloop
  endfacet
  facet normal 0 -0 1
    outer loop
      vertex 95.6664 22.4997 -4.39225e-09
      vertex 95.6693 27.4999 -4.39225e-09
      vertex 91.3279 25.0018 -4.39225e-09
    endloop
  endfacet
  facet normal 0 0 1
    outer loop
      vertex 78.4082 27.5453 -4.39225e-09
      vertex 74.6702 25.5286 -4.39225e-09
      vertex 78.1348 22.2606 -4.39225e-09
    endloop
  endfacet
  facet normal -0 0 1
    outer loop
      vertex 74.6702 25.5286 -4.39225e-09
      vertex 72.6047 21.7245 -4.39225e-09
      vertex 78.1348 22.2606 -4.39225e-09
    endloop
  endfacet
  facet normal -0 0 1
    outer loop
      vertex 91.3397 55 -4.39225e-09
      vertex 95.6699 52.5 -4.39225e-09
      vertex 95.6699 57.5 -4.39225e-09
    endloop
  endfacet
  facet normal 0 0 1
    outer loop
      vertex 78.3139 32.438 -4.39225e-09
      vertex 73.7214 34.6615 -4.39225e-09
      vertex 73.9291 29.5752 -4.39225e-09
    endloop
  endfacet
  facet normal 0 -0 1
    outer loop
      vertex 91.3397 50 -4.39225e-09
      vertex 95.6699 52.5 -4.39225e-09
      vertex 91.3397 55 -4.39225e-09
    endloop
  endfacet
  facet normal 0 0 1
    outer loop
      vertex 78.3139 32.438 -4.39225e-09
      vertex 73.9291 29.5752 -4.39225e-09
      vertex 78.4082 27.5453 -4.39225e-09
    endloop
  endfacet
  facet normal -0 -0 1
    outer loop
      vertex 74.013 55.0033 -4.39225e-09
      vertex 78.3493 52.5 -4.39225e-09
      vertex 78.349 57.5013 -4.39225e-09
    endloop
  endfacet
  facet normal -0 0 1
    outer loop
      vertex 73.9291 29.5752 -4.39225e-09
      vertex 74.6702 25.5286 -4.39225e-09
      vertex 78.4082 27.5453 -4.39225e-09
    endloop
  endfacet
  facet normal -0 0 1
    outer loop
      vertex 75.0145 8.66692 -4.39225e-09
      vertex 72.5012 4.33114 -4.39225e-09
      vertex 77.5082 4.33724 -4.39225e-09
    endloop
  endfacet
  facet normal -0 0 1
    outer loop
      vertex 95.6699 52.5 -4.39225e-09
      vertex 100 50 -4.39225e-09
      vertex 100 55 -4.39225e-09
    endloop
  endfacet
  facet normal 0 -0 1
    outer loop
      vertex 91.3397 35 -4.39225e-09
      vertex 95.6699 37.5 -4.39225e-09
      vertex 91.3397 40 -4.39225e-09
    endloop
  endfacet
  facet normal 0 -0 1
    outer loop
      vertex 72.5281 13.0065 -4.39225e-09
      vertex 77.5989 13.0083 -4.39225e-09
      vertex 75.1664 17.4348 -4.39225e-09
    endloop
  endfacet
  facet normal -0 0 1
    outer loop
      vertex 65.234 65.1742 -4.39225e-09
      vertex 64.2916 60.4329 -4.39225e-09
      vertex 69.4476 62.7051 -4.39225e-09
    endloop
  endfacet
  facet normal 0 -0 1
    outer loop
      vertex 70.2792 25.9354 -4.39225e-09
      vertex 73.9291 29.5752 -4.39225e-09
      vertex 68.4213 31.0878 -4.39225e-09
    endloop
  endfacet
  facet normal 0 -0 1
    outer loop
      vertex 100 5 -4.39225e-09
      vertex 100 10 -4.39225e-09
      vertex 95.9285 8.23605 -4.39225e-09
    endloop
  endfacet
  facet normal -0 -0 1
    outer loop
      vertex 69.5572 57.5615 -4.39225e-09
      vertex 74.013 55.0033 -4.39225e-09
      vertex 73.9972 60.0226 -4.39225e-09
    endloop
  endfacet
  facet normal 0 -0 1
    outer loop
      vertex 100 30 -4.39225e-09
      vertex 100 35 -4.39225e-09
      vertex 95.6699 32.5 -4.39225e-09
    endloop
  endfacet
  facet normal 0 -0 1
    outer loop
      vertex 68.4213 31.0878 -4.39225e-09
      vertex 73.7214 34.6615 -4.39225e-09
      vertex 69.235 37.0859 -4.39225e-09
    endloop
  endfacet
  facet normal -0 0 1
    outer loop
      vertex 64.2275 39.4912 -4.39225e-09
      vertex 69.235 37.0859 -4.39225e-09
      vertex 69.4961 42.3788 -4.39225e-09
    endloop
  endfacet
  facet normal 0 0 1
    outer loop
      vertex 70.2792 25.9354 -4.39225e-09
      vertex 68.4213 31.0878 -4.39225e-09
      vertex 65.1198 26.0579 -4.39225e-09
    endloop
  endfacet
  facet normal 0 0 1
    outer loop
      vertex 82.5426 4.37111 -4.39225e-09
      vertex 77.5082 4.33724 -4.39225e-09
      vertex 80 0 -4.39225e-09
    endloop
  endfacet
  facet normal 0 0 1
    outer loop
      vertex 95.6699 37.5 -4.39225e-09
      vertex 91.3397 35 -4.39225e-09
      vertex 95.6699 32.5 -4.39225e-09
    endloop
  endfacet
  facet normal 0 -0 1
    outer loop
      vertex 95.6699 37.5 -4.39225e-09
      vertex 100 40 -4.39225e-09
      vertex 95.6699 42.5 -4.39225e-09
    endloop
  endfacet
  facet normal -0 0 1
    outer loop
      vertex 91.3397 50 -4.39225e-09
      vertex 95.6699 47.5 -4.39225e-09
      vertex 95.6699 52.5 -4.39225e-09
    endloop
  endfacet
  facet normal 0 0 1
    outer loop
      vertex 74.0157 49.999 -4.39225e-09
      vertex 69.6477 47.4813 -4.39225e-09
      vertex 73.9964 44.9806 -4.39225e-09
    endloop
  endfacet
  facet normal 0 0 1
    outer loop
      vertex 73.9972 60.0226 -4.39225e-09
      vertex 69.4476 62.7051 -4.39225e-09
      vertex 69.5572 57.5615 -4.39225e-09
    endloop
  endfacet
  facet normal 0 0 1
    outer loop
      vertex 73.9964 44.9806 -4.39225e-09
      vertex 69.4961 42.3788 -4.39225e-09
      vertex 73.9244 39.9049 -4.39225e-09
    endloop
  endfacet
  facet normal -0 0 1
    outer loop
      vertex 69.4961 42.3788 -4.39225e-09
      vertex 69.235 37.0859 -4.39225e-09
      vertex 73.9244 39.9049 -4.39225e-09
    endloop
  endfacet
  facet normal -0 0 1
    outer loop
      vertex 95.6699 57.5 -4.39225e-09
      vertex 100 55 -4.39225e-09
      vertex 100 60 -4.39225e-09
    endloop
  endfacet
  facet normal 0 0 1
    outer loop
      vertex 95.6664 22.4997 -4.39225e-09
      vertex 91.3279 25.0018 -4.39225e-09
      vertex 91.2558 19.9879 -4.39225e-09
    endloop
  endfacet
  facet normal 0 -0 1
    outer loop
      vertex 91.2512 14.9899 -4.39225e-09
      vertex 91.2558 19.9879 -4.39225e-09
      vertex 86.2129 17.3424 -4.39225e-09
    endloop
  endfacet
  facet normal -0 0 1
    outer loop
      vertex 69.6477 47.4813 -4.39225e-09
      vertex 69.4961 42.3788 -4.39225e-09
      vertex 73.9964 44.9806 -4.39225e-09
    endloop
  endfacet
  facet normal 0 0 1
    outer loop
      vertex 82.6796 60.0003 -4.39225e-09
      vertex 78.349 57.5013 -4.39225e-09
      vertex 82.6795 55 -4.39225e-09
    endloop
  endfacet
  facet normal 0 -0 1
    outer loop
      vertex 95.6693 27.4999 -4.39225e-09
      vertex 100 30 -4.39225e-09
      vertex 95.6699 32.5 -4.39225e-09
    endloop
  endfacet
  facet normal -0 0 1
    outer loop
      vertex 60.9223 47.4974 -4.39225e-09
      vertex 65.1767 44.9733 -4.39225e-09
      vertex 65.3024 49.9924 -4.39225e-09
    endloop
  endfacet
  facet normal -0 0 1
    outer loop
      vertex 60.96 43.072 -4.39225e-09
      vertex 64.2275 39.4912 -4.39225e-09
      vertex 65.1767 44.9733 -4.39225e-09
    endloop
  endfacet
  facet normal 0 0 1
    outer loop
      vertex 65.234 65.1742 -4.39225e-09
      vertex 60.4622 65.1433 -4.39225e-09
      vertex 64.2916 60.4329 -4.39225e-09
    endloop
  endfacet
  facet normal -0 -0 1
    outer loop
      vertex 60.9212 52.4888 -4.39225e-09
      vertex 65.3024 49.9924 -4.39225e-09
      vertex 65.1942 55.003 -4.39225e-09
    endloop
  endfacet
  facet normal 0 0 1
    outer loop
      vertex 65.234 65.1742 -4.39225e-09
      vertex 62.8601 69.3829 -4.39225e-09
      vertex 60.4622 65.1433 -4.39225e-09
    endloop
  endfacet
  facet normal 0 0 1
    outer loop
      vertex 68.8844 68.4567 -4.39225e-09
      vertex 65.3339 73.7336 -4.39225e-09
      vertex 62.8601 69.3829 -4.39225e-09
    endloop
  endfacet
  facet normal 0 -0 1
    outer loop
      vertex 68.8844 68.4567 -4.39225e-09
      vertex 74.1004 70.2621 -4.39225e-09
      vertex 70.4536 73.9204 -4.39225e-09
    endloop
  endfacet
  facet normal -0 -0 1
    outer loop
      vertex 60.4057 34.7777 -4.39225e-09
      vertex 64.9863 34.5745 -4.39225e-09
      vertex 64.2275 39.4912 -4.39225e-09
    endloop
  endfacet
  facet normal -0 -0 1
    outer loop
      vertex 91.3398 70.0011 -4.39225e-09
      vertex 95.6698 67.5001 -4.39225e-09
      vertex 95.6696 72.5006 -4.39225e-09
    endloop
  endfacet
  facet normal -0 -0 1
    outer loop
      vertex 60.9871 56.9116 -4.39225e-09
      vertex 65.1942 55.003 -4.39225e-09
      vertex 64.2916 60.4329 -4.39225e-09
    endloop
  endfacet
  facet normal 0 -0 1
    outer loop
      vertex 78.3569 67.5319 -4.39225e-09
      vertex 82.6816 70.0086 -4.39225e-09
      vertex 78.3668 72.5405 -4.39225e-09
    endloop
  endfacet
  facet normal 0 0 1
    outer loop
      vertex 78.3668 72.5405 -4.39225e-09
      vertex 74.1004 70.2621 -4.39225e-09
      vertex 78.3569 67.5319 -4.39225e-09
    endloop
  endfacet
  facet normal 0 -0 1
    outer loop
      vertex 87.01 67.5011 -4.39225e-09
      vertex 87.0118 72.5096 -4.39225e-09
      vertex 82.6816 70.0086 -4.39225e-09
    endloop
  endfacet
  facet normal -0 0 1
    outer loop
      vertex 95.6696 72.5006 -4.39225e-09
      vertex 95.6698 67.5001 -4.39225e-09
      vertex 100 70 -4.39225e-09
    endloop
  endfacet
  facet normal 0 -0 1
    outer loop
      vertex 87.01 67.5011 -4.39225e-09
      vertex 91.3398 70.0011 -4.39225e-09
      vertex 87.0118 72.5096 -4.39225e-09
    endloop
  endfacet
  facet normal 0 -0 1
    outer loop
      vertex 62.6401 30.4031 -4.39225e-09
      vertex 64.9863 34.5745 -4.39225e-09
      vertex 60.4057 34.7777 -4.39225e-09
    endloop
  endfacet
  facet normal 0 -0 1
    outer loop
      vertex 62.8601 69.3829 -4.39225e-09
      vertex 65.3339 73.7336 -4.39225e-09
      vertex 60.0847 73.9432 -4.39225e-09
    endloop
  endfacet
  facet normal -0 0 1
    outer loop
      vertex 87.0118 72.5096 -4.39225e-09
      vertex 91.3398 70.0011 -4.39225e-09
      vertex 91.3402 75.0084 -4.39225e-09
    endloop
  endfacet
  facet normal 0 0 1
    outer loop
      vertex 95.6696 72.5006 -4.39225e-09
      vertex 91.3402 75.0084 -4.39225e-09
      vertex 91.3398 70.0011 -4.39225e-09
    endloop
  endfacet
  facet normal -0 0 1
    outer loop
      vertex 95.6696 72.5006 -4.39225e-09
      vertex 100 70 -4.39225e-09
      vertex 100 75 -4.39225e-09
    endloop
  endfacet
  facet normal -0 0 1
    outer loop
      vertex 65.3339 73.7336 -4.39225e-09
      vertex 68.8844 68.4567 -4.39225e-09
      vertex 70.4536 73.9204 -4.39225e-09
    endloop
  endfacet
  facet normal 0 0 1
    outer loop
      vertex 78.3668 72.5405 -4.39225e-09
      vertex 74.5666 74.631 -4.39225e-09
      vertex 74.1004 70.2621 -4.39225e-09
    endloop
  endfacet
  facet normal 0 -0 1
    outer loop
      vertex 82.6816 70.0086 -4.39225e-09
      vertex 87.0118 72.5096 -4.39225e-09
      vertex 82.6664 75.0941 -4.39225e-09
    endloop
  endfacet
  facet normal 0 0 1
    outer loop
      vertex 82.6816 70.0086 -4.39225e-09
      vertex 82.6664 75.0941 -4.39225e-09
      vertex 78.3668 72.5405 -4.39225e-09
    endloop
  endfacet
  facet normal -0 0 1
    outer loop
      vertex 70.4536 73.9204 -4.39225e-09
      vertex 74.1004 70.2621 -4.39225e-09
      vertex 74.5666 74.631 -4.39225e-09
    endloop
  endfacet
  facet normal -0 -0 1
    outer loop
      vertex 90.5045 90.8983 -4.39225e-09
      vertex 95.4954 87.7284 -4.39225e-09
      vertex 95.4785 93.1696 -4.39225e-09
    endloop
  endfacet
  facet normal 0 -0 1
    outer loop
      vertex 82.8354 80.2994 -4.39225e-09
      vertex 87.0697 82.7137 -4.39225e-09
      vertex 82.7399 86.1532 -4.39225e-09
    endloop
  endfacet
  facet normal 0 0 1
    outer loop
      vertex 90 100 -4.39225e-09
      vertex 85 100 -4.39225e-09
      vertex 87.4865 95.6367 -4.39225e-09
    endloop
  endfacet
  facet normal -0 0 1
    outer loop
      vertex 67.5007 87.0057 -4.39225e-09
      vertex 70.0058 82.667 -4.39225e-09
      vertex 72.5027 86.9816 -4.39225e-09
    endloop
  endfacet
  facet normal -0 0 1
    outer loop
      vertex 70.0008 91.3366 -4.39225e-09
      vertex 72.5027 86.9816 -4.39225e-09
      vertex 75.003 91.3238 -4.39225e-09
    endloop
  endfacet
  facet normal -0 -0 1
    outer loop
      vertex 72.5295 78.3619 -4.39225e-09
      vertex 77.9351 77.977 -4.39225e-09
      vertex 74.9947 82.5939 -4.39225e-09
    endloop
  endfacet
  facet normal -0 0 1
    outer loop
      vertex 67.5001 95.6697 -4.39225e-09
      vertex 70.0008 91.3366 -4.39225e-09
      vertex 72.5003 95.669 -4.39225e-09
    endloop
  endfacet
  facet normal -0 0 1
    outer loop
      vertex 62.5 95.6699 -4.39225e-09
      vertex 65.0001 91.3393 -4.39225e-09
      vertex 67.5001 95.6697 -4.39225e-09
    endloop
  endfacet
  facet normal -0 0 1
    outer loop
      vertex 77.4787 86.8792 -4.39225e-09
      vertex 74.9947 82.5939 -4.39225e-09
      vertex 79.326 82.7541 -4.39225e-09
    endloop
  endfacet
  facet normal 0 0 1
    outer loop
      vertex 85.0759 91.2106 -4.39225e-09
      vertex 80.0359 91.2297 -4.39225e-09
      vertex 82.7399 86.1532 -4.39225e-09
    endloop
  endfacet
  facet normal -0 0 1
    outer loop
      vertex 85.0759 91.2106 -4.39225e-09
      vertex 82.7399 86.1532 -4.39225e-09
      vertex 87.3358 87.2156 -4.39225e-09
    endloop
  endfacet
  facet normal 0 0 1
    outer loop
      vertex 80.0359 91.2297 -4.39225e-09
      vertex 75.003 91.3238 -4.39225e-09
      vertex 77.4787 86.8792 -4.39225e-09
    endloop
  endfacet
  facet normal 0 0 1
    outer loop
      vertex 95.6366 82.5423 -4.39225e-09
      vertex 95.4954 87.7284 -4.39225e-09
      vertex 91.2422 85.146 -4.39225e-09
    endloop
  endfacet
  facet normal 0 0 1
    outer loop
      vertex 67.578 78.3045 -4.39225e-09
      vertex 62.5392 78.3132 -4.39225e-09
      vertex 65.3339 73.7336 -4.39225e-09
    endloop
  endfacet
  facet normal -0 0 1
    outer loop
      vertex 62.5001 87.0094 -4.39225e-09
      vertex 65.0052 82.6744 -4.39225e-09
      vertex 67.5007 87.0057 -4.39225e-09
    endloop
  endfacet
  facet normal 0 0 1
    outer loop
      vertex 67.5001 95.6697 -4.39225e-09
      vertex 65 100 -4.39225e-09
      vertex 62.5 95.6699 -4.39225e-09
    endloop
  endfacet
  facet normal -0 -0 1
    outer loop
      vertex 87.0364 77.5659 -4.39225e-09
      vertex 91.3402 75.0084 -4.39225e-09
      vertex 91.3324 80.0413 -4.39225e-09
    endloop
  endfacet
  facet normal 0 -0 1
    outer loop
      vertex 82.6664 75.0941 -4.39225e-09
      vertex 82.8354 80.2994 -4.39225e-09
      vertex 77.9351 77.977 -4.39225e-09
    endloop
  endfacet
  facet normal 0 0 1
    outer loop
      vertex 80.0359 91.2297 -4.39225e-09
      vertex 77.4787 86.8792 -4.39225e-09
      vertex 82.7399 86.1532 -4.39225e-09
    endloop
  endfacet
  facet normal -0 0 1
    outer loop
      vertex 67.578 78.3045 -4.39225e-09
      vertex 70.4536 73.9204 -4.39225e-09
      vertex 72.5295 78.3619 -4.39225e-09
    endloop
  endfacet
  facet normal -0 -0 1
    outer loop
      vertex 65.0052 82.6744 -4.39225e-09
      vertex 70.0058 82.667 -4.39225e-09
      vertex 67.5007 87.0057 -4.39225e-09
    endloop
  endfacet
  facet normal -0 0 1
    outer loop
      vertex 87.4865 95.6367 -4.39225e-09
      vertex 90.5045 90.8983 -4.39225e-09
      vertex 91.7794 95.8918 -4.39225e-09
    endloop
  endfacet
  facet normal -0 -0 1
    outer loop
      vertex 70.0008 91.3366 -4.39225e-09
      vertex 75.003 91.3238 -4.39225e-09
      vertex 72.5003 95.669 -4.39225e-09
    endloop
  endfacet
  facet normal 0 0 1
    outer loop
      vertex 77.4787 86.8792 -4.39225e-09
      vertex 72.5027 86.9816 -4.39225e-09
      vertex 74.9947 82.5939 -4.39225e-09
    endloop
  endfacet
  facet normal -0 0 1
    outer loop
      vertex 77.5021 95.6647 -4.39225e-09
      vertex 80.0359 91.2297 -4.39225e-09
      vertex 82.5062 95.654 -4.39225e-09
    endloop
  endfacet
  facet normal 0 0 1
    outer loop
      vertex 95.6366 82.5423 -4.39225e-09
      vertex 91.2422 85.146 -4.39225e-09
      vertex 91.3324 80.0413 -4.39225e-09
    endloop
  endfacet
  facet normal 0 0 1
    outer loop
      vertex 75 100 -4.39225e-09
      vertex 72.5003 95.669 -4.39225e-09
      vertex 77.5021 95.6647 -4.39225e-09
    endloop
  endfacet
  facet normal -0 0 1
    outer loop
      vertex 74.9947 82.5939 -4.39225e-09
      vertex 77.9351 77.977 -4.39225e-09
      vertex 79.326 82.7541 -4.39225e-09
    endloop
  endfacet
  facet normal -0 0 1
    outer loop
      vertex 72.5295 78.3619 -4.39225e-09
      vertex 74.5666 74.631 -4.39225e-09
      vertex 77.9351 77.977 -4.39225e-09
    endloop
  endfacet
  facet normal -0 0 1
    outer loop
      vertex 95 100 -4.39225e-09
      vertex 95.4785 93.1696 -4.39225e-09
      vertex 100 95 -4.39225e-09
    endloop
  endfacet
  facet normal -0 0 1
    outer loop
      vertex 95.4954 87.7284 -4.39225e-09
      vertex 100 85 -4.39225e-09
      vertex 100 90 -4.39225e-09
    endloop
  endfacet
  facet normal 0 0 1
    outer loop
      vertex 91.2422 85.146 -4.39225e-09
      vertex 90.5045 90.8983 -4.39225e-09
      vertex 87.3358 87.2156 -4.39225e-09
    endloop
  endfacet
  facet normal 0 0 1
    outer loop
      vertex 65.0001 91.3393 -4.39225e-09
      vertex 62.5001 87.0094 -4.39225e-09
      vertex 67.5007 87.0057 -4.39225e-09
    endloop
  endfacet
  facet normal -0 -0 1
    outer loop
      vertex 91.3324 80.0413 -4.39225e-09
      vertex 95.6672 77.5043 -4.39225e-09
      vertex 95.6366 82.5423 -4.39225e-09
    endloop
  endfacet
  facet normal 0 -0 1
    outer loop
      vertex 87.3358 87.2156 -4.39225e-09
      vertex 90.5045 90.8983 -4.39225e-09
      vertex 85.0759 91.2106 -4.39225e-09
    endloop
  endfacet
  facet normal -0 0 1
    outer loop
      vertex 70.0058 82.667 -4.39225e-09
      vertex 67.578 78.3045 -4.39225e-09
      vertex 72.5295 78.3619 -4.39225e-09
    endloop
  endfacet
  facet normal -0 0 1
    outer loop
      vertex 95.4954 87.7284 -4.39225e-09
      vertex 95.6366 82.5423 -4.39225e-09
      vertex 100 85 -4.39225e-09
    endloop
  endfacet
  facet normal 0 0 1
    outer loop
      vertex 80 100 -4.39225e-09
      vertex 75 100 -4.39225e-09
      vertex 77.5021 95.6647 -4.39225e-09
    endloop
  endfacet
  facet normal 0 0 1
    outer loop
      vertex 95 100 -4.39225e-09
      vertex 91.7794 95.8918 -4.39225e-09
      vertex 95.4785 93.1696 -4.39225e-09
    endloop
  endfacet
  facet normal -0 0 1
    outer loop
      vertex 95.4785 93.1696 -4.39225e-09
      vertex 100 90 -4.39225e-09
      vertex 100 95 -4.39225e-09
    endloop
  endfacet
  facet normal -0 0 1
    outer loop
      vertex 95 100 -4.39225e-09
      vertex 100 95 -4.39225e-09
      vertex 100 100 -4.39225e-09
    endloop
  endfacet
  facet normal -0 0 1
    outer loop
      vertex 82.7399 86.1532 -4.39225e-09
      vertex 87.0697 82.7137 -4.39225e-09
      vertex 87.3358 87.2156 -4.39225e-09
    endloop
  endfacet
  facet normal -0 -0 1
    outer loop
      vertex 85.0759 91.2106 -4.39225e-09
      vertex 90.5045 90.8983 -4.39225e-09
      vertex 87.4865 95.6367 -4.39225e-09
    endloop
  endfacet
  facet normal 0 -0 1
    outer loop
      vertex 95.4954 87.7284 -4.39225e-09
      vertex 100 90 -4.39225e-09
      vertex 95.4785 93.1696 -4.39225e-09
    endloop
  endfacet
  facet normal 0 0 1
    outer loop
      vertex 77.5021 95.6647 -4.39225e-09
      vertex 75.003 91.3238 -4.39225e-09
      vertex 80.0359 91.2297 -4.39225e-09
    endloop
  endfacet
  facet normal 0 0 1
    outer loop
      vertex 91.2422 85.146 -4.39225e-09
      vertex 87.0697 82.7137 -4.39225e-09
      vertex 91.3324 80.0413 -4.39225e-09
    endloop
  endfacet
  facet normal 0 0 1
    outer loop
      vertex 85 100 -4.39225e-09
      vertex 82.5062 95.654 -4.39225e-09
      vertex 87.4865 95.6367 -4.39225e-09
    endloop
  endfacet
  facet normal 0 0 1
    outer loop
      vertex 75 100 -4.39225e-09
      vertex 70 100 -4.39225e-09
      vertex 72.5003 95.669 -4.39225e-09
    endloop
  endfacet
  facet normal -0 -0 1
    outer loop
      vertex 80.0359 91.2297 -4.39225e-09
      vertex 85.0759 91.2106 -4.39225e-09
      vertex 82.5062 95.654 -4.39225e-09
    endloop
  endfacet
  facet normal 0 0 1
    outer loop
      vertex 70 100 -4.39225e-09
      vertex 65 100 -4.39225e-09
      vertex 67.5001 95.6697 -4.39225e-09
    endloop
  endfacet
  facet normal 0 0 1
    outer loop
      vertex 72.5003 95.669 -4.39225e-09
      vertex 70 100 -4.39225e-09
      vertex 67.5001 95.6697 -4.39225e-09
    endloop
  endfacet
  facet normal 0 0 1
    outer loop
      vertex 67.5001 95.6697 -4.39225e-09
      vertex 65.0001 91.3393 -4.39225e-09
      vertex 70.0008 91.3366 -4.39225e-09
    endloop
  endfacet
  facet normal -0 0 1
    outer loop
      vertex 65.0001 91.3393 -4.39225e-09
      vertex 67.5007 87.0057 -4.39225e-09
      vertex 70.0008 91.3366 -4.39225e-09
    endloop
  endfacet
  facet normal -0 0 1
    outer loop
      vertex 87.3358 87.2156 -4.39225e-09
      vertex 87.0697 82.7137 -4.39225e-09
      vertex 91.2422 85.146 -4.39225e-09
    endloop
  endfacet
  facet normal 0 0 1
    outer loop
      vertex 65.0052 82.6744 -4.39225e-09
      vertex 62.5392 78.3132 -4.39225e-09
      vertex 67.578 78.3045 -4.39225e-09
    endloop
  endfacet
  facet normal 0 0 1
    outer loop
      vertex 77.5021 95.6647 -4.39225e-09
      vertex 72.5003 95.669 -4.39225e-09
      vertex 75.003 91.3238 -4.39225e-09
    endloop
  endfacet
  facet normal -0 -0 1
    outer loop
      vertex 79.326 82.7541 -4.39225e-09
      vertex 82.8354 80.2994 -4.39225e-09
      vertex 82.7399 86.1532 -4.39225e-09
    endloop
  endfacet
  facet normal 0 -0 1
    outer loop
      vertex 87.0364 77.5659 -4.39225e-09
      vertex 87.0697 82.7137 -4.39225e-09
      vertex 82.8354 80.2994 -4.39225e-09
    endloop
  endfacet
  facet normal -0 0 1
    outer loop
      vertex 95.6366 82.5423 -4.39225e-09
      vertex 100 80 -4.39225e-09
      vertex 100 85 -4.39225e-09
    endloop
  endfacet
  facet normal -0 0 1
    outer loop
      vertex 77.4787 86.8792 -4.39225e-09
      vertex 79.326 82.7541 -4.39225e-09
      vertex 82.7399 86.1532 -4.39225e-09
    endloop
  endfacet
  facet normal 0 -0 1
    outer loop
      vertex 91.2422 85.146 -4.39225e-09
      vertex 95.4954 87.7284 -4.39225e-09
      vertex 90.5045 90.8983 -4.39225e-09
    endloop
  endfacet
  facet normal -0 0 1
    outer loop
      vertex 70.0058 82.667 -4.39225e-09
      vertex 72.5295 78.3619 -4.39225e-09
      vertex 74.9947 82.5939 -4.39225e-09
    endloop
  endfacet
  facet normal 0 0 1
    outer loop
      vertex 95 100 -4.39225e-09
      vertex 90 100 -4.39225e-09
      vertex 91.7794 95.8918 -4.39225e-09
    endloop
  endfacet
  facet normal 0 0 1
    outer loop
      vertex 91.7794 95.8918 -4.39225e-09
      vertex 90 100 -4.39225e-09
      vertex 87.4865 95.6367 -4.39225e-09
    endloop
  endfacet
  facet normal -0 0 1
    outer loop
      vertex 65.0052 82.6744 -4.39225e-09
      vertex 67.578 78.3045 -4.39225e-09
      vertex 70.0058 82.667 -4.39225e-09
    endloop
  endfacet
  facet normal -0 0 1
    outer loop
      vertex 82.5062 95.654 -4.39225e-09
      vertex 85.0759 91.2106 -4.39225e-09
      vertex 87.4865 95.6367 -4.39225e-09
    endloop
  endfacet
  facet normal 0 0 1
    outer loop
      vertex 82.5062 95.654 -4.39225e-09
      vertex 80 100 -4.39225e-09
      vertex 77.5021 95.6647 -4.39225e-09
    endloop
  endfacet
  facet normal -0 -0 1
    outer loop
      vertex 72.5027 86.9816 -4.39225e-09
      vertex 77.4787 86.8792 -4.39225e-09
      vertex 75.003 91.3238 -4.39225e-09
    endloop
  endfacet
  facet normal 0 0 1
    outer loop
      vertex 85 100 -4.39225e-09
      vertex 80 100 -4.39225e-09
      vertex 82.5062 95.654 -4.39225e-09
    endloop
  endfacet
  facet normal 0 0 1
    outer loop
      vertex 74.9947 82.5939 -4.39225e-09
      vertex 72.5027 86.9816 -4.39225e-09
      vertex 70.0058 82.667 -4.39225e-09
    endloop
  endfacet
  facet normal 0 -0 1
    outer loop
      vertex 77.9351 77.977 -4.39225e-09
      vertex 82.8354 80.2994 -4.39225e-09
      vertex 79.326 82.7541 -4.39225e-09
    endloop
  endfacet
  facet normal -0 0 1
    outer loop
      vertex 95.6366 82.5423 -4.39225e-09
      vertex 95.6672 77.5043 -4.39225e-09
      vertex 100 80 -4.39225e-09
    endloop
  endfacet
  facet normal -0 0 1
    outer loop
      vertex 87.0697 82.7137 -4.39225e-09
      vertex 87.0364 77.5659 -4.39225e-09
      vertex 91.3324 80.0413 -4.39225e-09
    endloop
  endfacet
  facet normal 0 0 1
    outer loop
      vertex 70.0008 91.3366 -4.39225e-09
      vertex 67.5007 87.0057 -4.39225e-09
      vertex 72.5027 86.9816 -4.39225e-09
    endloop
  endfacet
  facet normal 0 -0 1
    outer loop
      vertex 90.5045 90.8983 -4.39225e-09
      vertex 95.4785 93.1696 -4.39225e-09
      vertex 91.7794 95.8918 -4.39225e-09
    endloop
  endfacet
  facet normal -0 0 1
    outer loop
      vertex 95.6672 77.5043 -4.39225e-09
      vertex 100 75 -4.39225e-09
      vertex 100 80 -4.39225e-09
    endloop
  endfacet
  facet normal -0 0 1
    outer loop
      vertex 82.8354 80.2994 -4.39225e-09
      vertex 82.6664 75.0941 -4.39225e-09
      vertex 87.0364 77.5659 -4.39225e-09
    endloop
  endfacet
  facet normal 0 -0 1
    outer loop
      vertex 91.3402 75.0084 -4.39225e-09
      vertex 95.6672 77.5043 -4.39225e-09
      vertex 91.3324 80.0413 -4.39225e-09
    endloop
  endfacet
  facet normal -0 -0 1
    outer loop
      vertex 74.5666 74.631 -4.39225e-09
      vertex 78.3668 72.5405 -4.39225e-09
      vertex 77.9351 77.977 -4.39225e-09
    endloop
  endfacet
  facet normal -0 0 1
    outer loop
      vertex 67.578 78.3045 -4.39225e-09
      vertex 65.3339 73.7336 -4.39225e-09
      vertex 70.4536 73.9204 -4.39225e-09
    endloop
  endfacet
  facet normal 0 -0 1
    outer loop
      vertex 70.4536 73.9204 -4.39225e-09
      vertex 74.5666 74.631 -4.39225e-09
      vertex 72.5295 78.3619 -4.39225e-09
    endloop
  endfacet
  facet normal -0 0 1
    outer loop
      vertex 87.0364 77.5659 -4.39225e-09
      vertex 87.0118 72.5096 -4.39225e-09
      vertex 91.3402 75.0084 -4.39225e-09
    endloop
  endfacet
  facet normal -0 0 1
    outer loop
      vertex 82.6664 75.0941 -4.39225e-09
      vertex 87.0118 72.5096 -4.39225e-09
      vertex 87.0364 77.5659 -4.39225e-09
    endloop
  endfacet
  facet normal -0 -0 1
    outer loop
      vertex 60.0847 73.9432 -4.39225e-09
      vertex 65.3339 73.7336 -4.39225e-09
      vertex 62.5392 78.3132 -4.39225e-09
    endloop
  endfacet
  facet normal 0 0 1
    outer loop
      vertex 82.6664 75.0941 -4.39225e-09
      vertex 77.9351 77.977 -4.39225e-09
      vertex 78.3668 72.5405 -4.39225e-09
    endloop
  endfacet
  facet normal 0 0 1
    outer loop
      vertex 95.6696 72.5006 -4.39225e-09
      vertex 95.6672 77.5043 -4.39225e-09
      vertex 91.3402 75.0084 -4.39225e-09
    endloop
  endfacet
  facet normal -0 0 1
    outer loop
      vertex 95.6672 77.5043 -4.39225e-09
      vertex 95.6696 72.5006 -4.39225e-09
      vertex 100 75 -4.39225e-09
    endloop
  endfacet
endsolid LIGGGHTS_STL_EXPORT
